<?xml version='1.0' encoding='utf-8'?>
<COLLADA xmlns="http://www.collada.org/2005/11/COLLADASchema" version="1.4.1">
  <asset>
    <created>2026-09-08T00:00:00Z</created>
    <modified>2026-09-08T00:00:00Z</modified>
    <unit name="meter" meter="1" />
    <up_axis>Z_UP</up_axis>
  </asset>
  <library_images />
  <library_effects>
    <effect id="e0">
      <profile_COMMON>
        <technique sid="common">
          <phong>
            <ambient>
              <color>0.1755 0.18 0.1485 1</color>
            </ambient>
            <diffuse>
              <color>0.39 0.4 0.33 1</color>
            </diffuse>
            <specular>
              <color>0.02 0.02 0.02 1</color>
            </specular>
            <shininess>
              <float>8</float>
            </shininess>
          </phong>
        </technique>
      </profile_COMMON>
    </effect>
    <effect id="e1">
      <profile_COMMON>
        <technique sid="common">
          <phong>
            <ambient>
              <color>0.045 0.09 0.06075 1</color>
            </ambient>
            <diffuse>
              <color>0.1 0.2 0.135 1</color>
            </diffuse>
            <specular>
              <color>0.02 0.02 0.02 1</color>
            </specular>
            <shininess>
              <float>8</float>
            </shininess>
          </phong>
        </technique>
      </profile_COMMON>
    </effect>
    <effect id="e2">
      <profile_COMMON>
        <technique sid="common">
          <phong>
            <ambient>
              <color>0.0765 0.1215 0.0765 1</color>
            </ambient>
            <diffuse>
              <color>0.17 0.27 0.17 1</color>
            </diffuse>
            <specular>
              <color>0.02 0.02 0.02 1</color>
            </specular>
            <shininess>
              <float>8</float>
            </shininess>
          </phong>
        </technique>
      </profile_COMMON>
    </effect>
    <effect id="e3">
      <profile_COMMON>
        <technique sid="common">
          <phong>
            <ambient>
              <color>0.099 0.1395 0.09225 1</color>
            </ambient>
            <diffuse>
              <color>0.22 0.31 0.205 1</color>
            </diffuse>
            <specular>
              <color>0.02 0.02 0.02 1</color>
            </specular>
            <shininess>
              <float>8</float>
            </shininess>
          </phong>
        </technique>
      </profile_COMMON>
    </effect>
    <effect id="e4">
      <profile_COMMON>
        <technique sid="common">
          <phong>
            <ambient>
              <color>0.054 0.1035 0.09 1</color>
            </ambient>
            <diffuse>
              <color>0.12 0.23 0.2 1</color>
            </diffuse>
            <specular>
              <color>0.02 0.02 0.02 1</color>
            </specular>
            <shininess>
              <float>8</float>
            </shininess>
          </phong>
        </technique>
      </profile_COMMON>
    </effect>
    <effect id="e5">
      <profile_COMMON>
        <technique sid="common">
          <phong>
            <ambient>
              <color>0.126 0.1485 0.0855 1</color>
            </ambient>
            <diffuse>
              <color>0.28 0.33 0.19 1</color>
            </diffuse>
            <specular>
              <color>0.02 0.02 0.02 1</color>
            </specular>
            <shininess>
              <float>8</float>
            </shininess>
          </phong>
        </technique>
      </profile_COMMON>
    </effect>
  </library_effects>
  <library_materials>
    <material id="m0" name="m0">
      <instance_effect url="#e0" />
    </material>
    <material id="m1" name="m1">
      <instance_effect url="#e1" />
    </material>
    <material id="m2" name="m2">
      <instance_effect url="#e2" />
    </material>
    <material id="m3" name="m3">
      <instance_effect url="#e3" />
    </material>
    <material id="m4" name="m4">
      <instance_effect url="#e4" />
    </material>
    <material id="m5" name="m5">
      <instance_effect url="#e5" />
    </material>
  </library_materials>
  <library_geometries>
    <geometry id="geometry" name="forest_24_27">
      <mesh>
        <source id="positions">
          <float_array id="positions-array" count="1620">45.84741 70.60271 -1.502584 45.74854 70.67782 -1.506097 45.75711 70.54018 -1.505095 45.72269 70.6073 0.4961738 45.7078 70.64578 0.4956252 45.6841 70.60919 0.495056 45.76803 70.60245 -0.5044511 45.74319 70.64236 -0.5147365 45.71457 70.60545 -0.4948375 46.05146 71.19034 0.7274345 46.04632 71.20235 0.7238753 46.03971 71.19274 0.7288742 46.04594 71.19526 1.125705 46.04593 71.19523 1.089094 46.04587 71.19525 1.13255 46.61016 70.86573 0.7799046 46.27148 71.589 0.863254 45.39294 70.99751 0.798637 46.04586 71.1953 0.3868151 46.04551 71.1939 0.3231389 46.04637 71.19502 0.2715293 45.76412 70.5993 -0.5076102 45.73476 70.64465 -0.5101735 45.72617 70.59356 -0.519276 45.24869 70.38648 0.899225 45.23902 70.39528 0.8976124 45.23584 70.38596 0.8954612 45.22969 70.38835 1.320997 45.23987 70.39497 1.098883 45.25451 70.38672 1.172563 45.1986 69.75186 0.8133203 44.90268 70.43428 0.5602119 45.24197 70.38871 0.6074853 45.24236 70.38872 0.5307363 45.24473 70.39157 0.5372477 45.76341 70.62775 -0.3391307 45.72117 70.62445 -0.3088535 45.7473 70.59069 -0.3367791 46.5871 70.32501 0.5946165 46.57726 70.32594 0.6021154 46.57885 70.31483 0.5980629 46.58122 70.32204 0.9296707 46.58102 70.32187 0.9091989 45.95294 70.39624 0.6784324 46.28792 69.80848 0.5855251 46.97938 69.85137 0.6453439 46.58097 70.32201 0.8948158 47.00796 70.73679 0.6723229 46.59913 70.76666 0.2824523 46.58113 70.32191 0.3309382 46.58117 70.32187 0.2941211 46.58136 70.32181 0.3081265 45.76827 70.62948 -0.1285894 45.71454 70.61973 -0.1344327 45.75011 70.59219 -0.1156774 45.61067 70.93476 0.477661 45.60629 70.94451 0.4726098 45.59744 70.93551 0.4748957 45.57713 70.93416 0.7831747 45.03135 71.1164 0.4844403 45.63922 70.94362 0.6599307 45.91349 70.94319 0.4366253 45.61359 70.89819 0.2190049 45.60474 70.93816 0.242548 45.60478 70.93841 0.1668229 45.77007 70.62296 -0.27315 45.72992 70.64042 -0.2691855 45.72511 70.596 -0.2890286 45.61203 69.9626 0.938138 45.6062 69.97236 0.9418488 45.59844 69.96339 0.9372496 45.60519 69.96611 1.198725 45.60539 69.96533 1.238604 45.60555 69.966 1.201503 46.20208 70.01546 1.017817 45.45422 70.49071 1.001967 45.21728 69.7591 0.8157738 45.60493 69.96791 0.5933292 45.60639 69.96553 0.6477199 45.6055 69.96597 0.7008936 45.76072 70.63549 -0.5809642 45.71468 70.6198 -0.5625486 45.74037 70.58861 -0.5650414 46.22366 70.89948 0.5954866 46.21228 70.9 0.599153 46.21753 70.88822 0.5997107 46.21793 70.89575 0.9161852 46.21793 70.8958 0.9632113 45.64107 71.09416 0.5961094 46.21807 70.89586 0.9562594 46.5139 70.41245 0.5987214 46.65573 71.46403 0.5065015 46.21816 70.89576 0.2210071 46.21791 70.8958 0.1819127 46.21791 70.8958 0.2625631 45.7553 70.59237 -0.07689395 45.74571 70.64445 -0.08582904 45.71664 70.61955 -0.09765908 45.32827 70.69284 0.624809 45.32013 70.69659 0.6205839 45.31939 70.68349 0.6212922 45.32243 70.69001 0.9148114 45.29506 70.69515 0.9192528 45.31159 70.71299 0.4760449 45.00975 70.88336 0.5639676 45.3309 70.67879 0.6853983 45.32188 70.68839 0.301464 45.32246 70.69008 0.3004881 45.7596 70.59665 -0.3794035 45.75204 70.64327 -0.360941 45.71359 70.60906 -0.3618624 46.28681 69.95596 1.159022 46.27784 69.96515 1.164793 46.27629 69.95405 1.161379 46.28749 69.92351 1.460404 46.2807 69.95867 1.527652 46.28149 69.96 1.484762 46.20607 70.48499 1.074565 46.27832 69.94654 0.8386322 46.7239 69.65667 1.160236 46.28149 69.96009 0.8279101 46.28127 69.96032 0.8526778 45.77018 70.61258 0.01930582 45.72018 70.63301 0.008715644 45.72499 70.59924 0.03377353 45.85094 71.43378 0.9076084 45.84535 71.44299 0.9011874 45.83756 71.43632 0.906958 45.83607 71.42005 1.041114 45.65458 71.58359 1.159449 45.8439 71.43748 1.34438 45.84505 71.43764 1.414852 46.12289 71.54336 0.8759995 45.84448 71.43661 0.4253249 45.84548 71.43917 0.4449613 48.00188 70.8872 -1.289044 47.9873 70.77081 -1.293344 48.09574 70.843 -1.292118 48.05718 70.78308 1.157613 48.03278 70.75268 1.156941 48.07392 70.75064 1.156244 48.0314 70.81677 0.5292141 48.02382 70.77813 0.5589373 48.06773 70.79746 0.535411 48.16722 71.22057 1.3232 48.15841 71.21346 1.330327 48.17031 71.21101 1.329526 48.22 71.21075 1.880238 48.14922 71.21864 1.827361 48.1652 71.21506 1.747393 48.18276 70.6812 1.482525 48.168 71.21868 0.8114213 48.17776 71.22155 1.125463 47.99195 71.15724 1.202783 48.02338 70.81553 -0.08281734 48.02974 70.77584 -0.0950814 48.06231 70.78795 -0.05810014 47.3604 70.4746 0.8785873 47.36381 70.46248 0.8762726 47.36927 70.46706 0.8837174 47.32361 70.48713 0.9466015 47.36388 70.46869 1.213713 47.36394 70.46875 1.288344 47.236 69.85878 1.046578 46.82327 70.73346 0.9620583 47.39777 70.47264 0.5615396 47.37991 70.47239 0.4717728 47.36338 70.46866 0.5047101 48.03061 70.81857 0.1341404 48.03491 70.76696 0.12641 48.06545 70.7927 0.1129962 48.54678 70.69965 1.425872 48.54067 70.68843 1.427907 48.55107 70.68863 1.422397 48.55183 70.69344 1.906318 48.54611 70.69233 1.778226 48.54533 70.69485 1.889791 48.77481 70.24991 1.39489 48.86944 71.05283 1.515606 48.55036 70.68767 0.9806913 48.54612 70.69246 1.054641 48.00093 70.64947 1.289937 48.54608 70.69233 1.08231 48.02633 70.81551 -0.2144614 48.03692 70.76892 -0.1932901 48.06715 70.79233 -0.1948559 47.74168 71.26448 1.39801 47.74099 71.25264 1.40249 47.75026 71.26138 1.401389 47.7441 71.25864 1.790054 47.74514 71.25914 1.864116 47.74432 71.259 1.807695 48.00014 70.74767 1.434158 47.83282 71.72199 1.298277 47.16321 71.33773 1.229422 47.74409 71.2587 0.9470444 47.7437 71.25996 0.9321293 47.74406 71.25856 1.027102 48.04832 70.81998 -0.2291808 48.0139 70.79853 -0.2398662 48.05091 70.77028 -0.2478425 47.9409 70.32768 1.463007 47.94515 70.31672 1.459195 47.95228 70.3268 1.463544 47.94612 70.32046 2.028892 47.94631 70.32338 2.057618 47.89387 70.42286 2.118603 47.9436 70.31651 1.045091 48.29136 70.52941 1.359646 47.541 70.24494 1.221911 47.94235 70.31885 0.8830675 47.94631 70.32538 0.9176152 48.01908 70.81409 -0.1030506 48.03857 70.77033 -0.09221696 48.06497 70.7973 -0.1223325 48.65358 71.32505 1.270436 48.65262 71.31455 1.276519 48.66177 71.31487 1.270761 48.65615 71.31893 1.612357 48.94215 70.87755 1.260911 48.65627 71.3189 1.711447 48.66021 71.3232 1.760508 49.00312 71.90469 1.312123 48.63316 71.28315 1.241346 48.66285 71.32038 0.7057936 48.66071 71.32562 0.7543476 48.04583 70.82198 0.02313775 48.01792 70.78085 0.007043199 48.05992 70.77994 0.03607074 47.23441 70.8908 1.616612 47.22951 70.88073 1.613998 47.23996 70.87987 1.621285 47.23473 70.88382 2.067861 47.57441 70.52694 1.698154 47.23583 70.88353 2.160843 47.23369 70.88346 2.150765 46.76142 71.02096 1.524463 47.41158 71.32159 1.497192 47.23877 70.88215 1.105118 47.23473 70.88385 1.180211 47.2338 70.88345 1.092254 48.04088 70.82171 -0.1570201 48.02456 70.77267 -0.1662789 48.06708 70.7922 -0.1723301 48.42697 70.39389 1.807472 48.43834 70.38874 1.802958 48.43759 70.39879 1.805964 48.45201 70.37443 2.270878 48.43325 70.39394 2.211935 48.43571 70.38752 1.907076 48.82493 70.08833 1.809195 48.38626 70.72458 1.719454 48.43151 70.39621 1.371812 48.43359 70.39328 1.433985 48.44034 70.38955 1.387631 48.04119 70.82101 0.05986646 48.0158 70.78484 0.07342038 48.06386 70.77717 0.07726763 48.01835 71.17825 1.408269 48.0194 71.16923 1.411795 48.03051 71.17462 1.409867 48.02361 71.17434 1.821756 48.02314 71.17287 1.963923 48.39161 70.75596 1.193022 48.02398 71.17446 1.883303 47.65639 71.01665 1.633396 48.0939 71.74508 1.486524 47.98591 71.16138 0.9448435 48.02385 71.17432 0.8867499 48.02365 71.17431 0.9375129 46.38573 70.08167 -1.392209 46.36291 70.15155 -1.394819 46.3207 70.08166 -1.394075 46.32657 70.12593 0.09297748 46.33228 70.14968 0.09256981 46.30841 70.13986 0.09214686 46.3411 70.10785 -0.4728432 46.35192 70.13631 -0.4851162 46.32267 70.12746 -0.4839295 46.26808 70.46438 0.4566658 46.26619 70.4709 0.4533948 46.2616 70.46451 0.4559449 46.29185 70.48537 0.7025664 46.26274 70.46452 0.7286923 46.26606 70.47229 0.7002041 46.00935 70.3876 0.3956234 46.26632 70.47078 0.1751873 46.26508 70.46706 0.2040708 46.26793 70.46529 0.2073311 46.35467 70.11622 -0.3073046 46.33557 70.13207 -0.291196 46.3265 70.12384 -0.3228533 46.12322 69.67586 -0.08015992 46.11868 69.68032 -0.07456676 46.11676 69.67809 -0.08253709 46.12044 69.67803 0.2362071 46.1156 69.67729 0.2517155 46.11969 69.67641 0.219788 45.80519 69.60381 -0.00327406 46.37623 69.50986 -0.05132339 46.10437 69.98963 -0.06703255 46.31987 69.84396 -0.2445985 46.04891 69.61204 -0.3612803 46.12 69.67804 -0.3739065 46.11957 69.67811 -0.336115 46.1195 69.67803 -0.3607484 46.35034 70.12018 -0.5039019 46.33672 70.14041 -0.4935671 46.33046 70.11692 -0.4747233 46.89151 70.29473 0.009661398 46.88696 70.29826 0.01448551 46.88781 70.29088 0.0165211 46.88878 70.29455 0.2416067 46.88882 70.29458 0.2242042 46.88873 70.29457 0.276865 46.8654 69.85855 0.07012999 46.69363 70.42065 0.04877115 47.16412 70.28649 -0.005697623 46.8896 70.29582 -0.252147 46.87249 70.31145 -0.2683713 46.88889 70.29442 -0.2008457 46.34384 70.11065 -0.5337213 46.34769 70.13798 -0.5423294 46.32577 70.12368 -0.5602033 45.82697 70.34104 0.04446986 45.82156 70.34242 0.03770496 45.82294 70.33635 0.04216006 45.81774 70.34384 0.2603492 45.8237 70.33857 0.4002009 45.82057 70.34752 0.1752088 46.00735 70.12501 0.03456804 45.82348 70.34089 -0.3066853 45.76232 70.38302 -0.2910257 45.82422 70.34032 -0.2838454 46.35421 70.12114 -0.4012866 46.33586 70.13871 -0.3820107 46.3273 70.11148 -0.3991899 46.57116 69.62175 0.4693497 46.57455 69.6263 0.471556 46.56723 69.62699 0.4745552 46.57047 69.62515 0.6655732 46.56859 69.62319 0.7083748 46.5644 69.61402 0.34515 46.57408 69.63358 0.742454 46.3168 69.82907 0.4348489 46.56815 69.62498 0.3844517 46.57851 69.63026 0.3325143 46.35488 70.12786 -0.4778448 46.32636 70.13518 -0.4760387 46.329 70.11098 -0.4655415 46.47735 70.46755 0.5053981 46.47345 70.47443 0.5029809 46.47022 70.46937 0.5058552 46.47421 70.47039 0.8195824 46.39583 70.44468 0.712384 46.47474 70.47005 0.8797 46.31232 70.7967 0.4584658 46.76575 70.24274 0.4645813 46.47718 70.47206 0.1528619 46.47105 70.46606 0.156812 46.47419 70.46998 0.2063134 46.35442 70.11791 -0.630706 46.33213 70.14099 -0.6352413 46.32982 70.11197 -0.6459119 45.85433 69.82745 0.5183401 45.85267 69.83534 0.5199967 45.8487 69.83012 0.516175 45.61586 70.00449 0.6546745 45.85205 69.83099 0.7776871 45.8576 69.83311 0.6904591 45.8523 69.83146 0.7957391 45.87184 69.51326 0.487416 45.82462 69.83535 0.2524698 45.87606 69.82973 0.2830724 45.85223 69.83134 0.3094116 46.35153 70.13141 -0.4722856 46.32559 70.12719 -0.450213 46.33641 70.10709 -0.464401 46.80153 69.99991 0.2031634 46.80166 70.00777 0.2048536 46.79723 70.00175 0.2074077 46.80048 70.00373 0.4826409 46.80307 70.00737 0.4920711 46.48722 70.11536 0.3486627 46.80017 70.00355 0.5073334 46.55394 70.27814 0.04462044 47.21671 69.97208 0.1536942 46.80286 69.65668 0.1801301 46.80037 70.00361 -0.06801762 46.80016 70.00341 -0.1047502 46.80048 70.00367 -0.1117157 46.34309 70.10776 -0.6918819 46.35072 70.13579 -0.7027468 46.3233 70.12895 -0.7080923 46.0556 70.55692 0.478113 46.04977 70.56133 0.4742027 46.04836 70.55472 0.476879 46.05132 70.55771 0.7230125 46.05134 70.55773 0.7213932 46.04571 70.55511 0.8051787 46.17815 70.45412 0.7432559 46.04386 70.75223 0.4543499 46.05808 70.56036 0.2533031 46.05169 70.55767 0.1866731 45.99719 70.49135 0.3844867 40.75987 71.33996 -2.134408 40.76782 71.22112 -2.137796 40.86198 71.31402 -2.13683 40.83511 71.24684 -0.2064316 40.81666 71.21183 -0.2069608 40.85806 71.21773 -0.2075099 40.78948 71.25336 -1.163544 40.83192 71.23197 -1.168223 40.83752 71.27351 -1.172856 41.11979 71.43485 0.4157334 41.11331 71.42369 0.4177575 41.12546 71.42472 0.4157501 41.11881 71.42747 0.7291535 41.11919 71.42785 0.6747341 41.11901 71.42812 0.7245903 40.60724 71.37648 0.4192662 41.41734 70.96224 0.3567271 41.36921 71.90382 0.4436044 41.1194 71.42772 0.0836397 41.11931 71.43002 0.1153604 41.11935 71.42772 0.1531564 40.79582 71.26301 -0.950507 40.81884 71.22633 -0.9286783 40.83419 71.27636 -0.9301827 40.05132 71.53363 0.1018767 40.05021 71.52062 0.1039861 40.0584 71.52852 0.1072601 40.10971 71.48324 0.1130703 40.0528 71.5267 0.363125 40.05242 71.52798 0.406778 40.40258 71.67862 0.1636204 40.04094 71.46644 -0.1904646 40.08455 71.51701 -0.09462826 40.05266 71.52659 -0.1870375 40.82991 71.27778 -1.109493 40.79102 71.24246 -1.115484 40.82997 71.23489 -1.128419 41.05771 70.82569 -0.3069689 41.05526 70.81377 -0.3116849 41.06531 70.82016 -0.3112931 41.05861 70.81945 -0.01370334 41.05862 70.81946 -0.03880204 40.81498 71.22785 -0.1521862 41.05941 70.81098 -0.5362387 41.06244 70.81733 -0.02833298 40.67188 70.84167 -0.3224822 41.06758 70.82029 -0.4996376 41.05861 70.81945 -0.6280507 40.81587 71.27205 -0.8762978 40.8006 71.24368 -0.8381171 40.84369 71.2496 -0.8559693 41.01455 72.20633 -0.2190994 41.00617 72.2015 -0.2111085 41.01835 72.19928 -0.2114923 41.01341 72.20289 0.1734263 41.53158 71.8412 -0.2701329 41.01295 72.20239 0.1158458 40.48613 72.26492 -0.2314279 41.01338 72.20171 0.1722936 41.25117 72.83203 -0.2449673 41.01292 72.20259 -0.5456486 41.01162 72.19991 -0.588286 41.01285 72.20254 -0.598498 40.7937 71.26785 -1.1841 40.80707 71.2316 -1.18763 40.84071 71.26042 -1.165583 40.35895 70.99047 -0.3225591 40.36153 70.97832 -0.3246295 40.36769 70.98811 -0.3193708 40.36276 70.98475 -0.1054522 40.36283 70.98377 -0.02501671 40.28472 71.24615 -0.3304732 39.91773 70.70538 -0.2775725 40.36142 70.98039 0.01162859 40.3637 70.97878 -0.6375836 40.81743 71.03537 -0.434062 40.36276 70.98475 -0.5593578 40.36274 70.98473 -0.5588407 40.8024 71.27622 -0.6902886 40.79992 71.23423 -0.6907812 40.83892 71.25951 -0.7132808 41.18771 71.23404 -0.1924794 41.18209 71.2258 -0.1894513 41.19125 71.22172 -0.1952147 41.18648 71.22202 0.08693016 41.19494 71.22773 0.0269859 41.18347 71.22908 0.09409418 41.49812 71.62377 -0.34587 41.17928 71.22743 -0.459858 41.18774 71.22695 -0.4739471 41.15041 71.25002 -0.4521723 40.79359 71.26486 -0.6083717 40.81725 71.22709 -0.5888148 40.83794 71.27379 -0.5991032 40.50797 71.63101 0.294368 40.51442 71.62193 0.2992653 40.52053 71.63162 0.2976422 40.51221 71.62969 0.7360711 40.51794 71.62602 0.7315148 40.26839 72.14325 0.2754074 40.51412 71.63323 0.7385331 40.5151 71.62975 -0.1188709 40.47611 71.10292 0.233481 40.52106 71.62851 0.1345053 40.51436 71.62824 -0.0661526 40.82046 71.27866 -1.059943 40.79066 71.24308 -1.081955 40.84016 71.24284 -1.079873 40.75051 70.4246 0.1135358 40.74548 70.41591 0.1082573 40.75786 70.41531 0.1084727 40.75143 70.4186 0.4098639 40.75057 70.4204 0.4537339 40.75238 70.41998 0.470467 40.35112 70.78943 0.02660163 41.32366 70.67518 0.05636561 40.79836 69.90749 0.09339398 40.75244 70.41898 -0.2399553 40.75094 70.41884 -0.2142193 40.75141 70.41862 -0.145945 40.7911 71.25092 -1.037842 40.8401 71.24147 -1.050092 40.82753 71.27685 -1.059028 41.09459 71.57985 -0.3403608 41.09136 71.5687 -0.3352182 41.10173 71.57328 -0.3402228 41.09522 71.57349 -0.02167702 41.09522 71.57346 -0.01416505 41.09111 71.53716 -0.01422551 41.51512 71.51554 -0.2931051 40.84469 71.98965 -0.2618778 40.72942 71.18578 -0.474415 41.09837 71.57366 -0.7100689 41.09441 71.57944 -0.7273449 41.09518 71.57351 -0.6308855</float_array>
          <technique_common>
            <accessor source="#positions-array" count="540" stride="3">
              <param name="X" type="float" />
              <param name="Y" type="float" />
              <param name="Z" type="float" />
            </accessor>
          </technique_common>
        </source>
        <source id="normals">
          <float_array id="normals-array" count="1872">0.9307413 0.36117 0.05724414 -0.9974638 -0.06238844 -0.03425998 0.5681844 -0.8220537 0.03734074 0.8966087 0.2824235 -0.3410716 -0.8060113 0.587918 -0.06854322 -0.1242717 -0.8812775 0.4559677 -0.2891814 0.9572733 -0.001415236 -0.5900373 -0.1857494 -0.7857182 0.1010463 0.8629449 0.4950917 -0.7313217 -0.4056396 0.5482929 0.5015416 -0.7847341 0.3642092 0.864968 -0.5018016 0.00504162 0.7730115 0.5209554 0.3620203 0.601105 0.7233296 0.3398045 -0.9330694 0.2090432 -0.2927156 0.07477212 -0.9900315 -0.1193597 0.8947283 0.2509666 -0.369428 -0.4944303 -0.8692167 0.0009878854 -0.06407384 -0.9974098 -0.03268314 -0.9967662 0.07875629 0.01595777 -0.1235851 -0.9923217 0.004940217 0.1267821 0.9908942 0.04533282 -0.1330137 -0.9911139 -0.0008194867 0.1318255 0.3944624 0.9094072 -0.9468598 0.1825571 0.2648195 0.09146927 0.9681176 0.2331989 -0.7403489 -0.3212889 0.5904718 -0.6024598 -0.7311269 0.3201495 0.4941801 -0.6098784 -0.6195437 0.1209088 0.9926212 -0.009177 0.04205858 0.5155546 -0.8558239 -0.7641306 -0.6450525 -0.00342331 -0.493767 0.04240451 -0.8685597 -0.1179139 -0.9930226 0.001569034 0.3594909 0.3421125 -0.8681736 0.1925785 -0.6103921 -0.7683326 0.2839854 -0.8863474 -0.3657055 -0.1057051 0.535845 0.8376733 0.9990767 -0.04071602 -0.01371123 0.9991744 -0.03934386 0.01013138 -0.6956454 0.5744444 -0.4313828 -0.6697645 -0.7040265 0.23614 -0.2192143 -0.9581664 -0.1840171 0.3353051 0.9413289 -0.03834712 -0.09839856 0.9927065 -0.06965347 0.4909505 0.7281222 0.4783363 -0.0182978 0.9998273 0.003234415 0.389855 0.7889034 0.4750205 -0.7913071 0.5659546 0.2313621 0.5687359 -0.751089 -0.3352684 0.4857236 -0.8738921 -0.01962533 -0.2383343 -0.4044967 -0.8829378 0.9652611 0.2347537 -0.1147245 -0.1854875 0.939507 -0.2879602 -0.3045661 0.876877 0.3719222 -0.3898704 -0.5899269 0.7070978 -0.9579776 -0.2865358 0.01327536 -0.3486507 0.9341678 -0.07598171 -0.8282553 -0.3484673 0.4388207 0.8596699 -0.4532884 -0.2355787 0.3270629 0.9449954 -0.003671763 0.5233151 0.6680057 -0.5290649 -0.8595951 -0.5105454 -0.02096791 0.1926047 -0.6959595 -0.6917686 -0.3243642 -0.9459314 0.001285703 0.3251902 0.9456486 0 0.8513117 0.5246388 0.00474807 0.3518707 0.9249499 0.1437177 -0.5144488 0.7749562 -0.3671312 0.223941 0.9240858 0.309703 -0.6878789 -0.7237559 -0.05477239 -0.5026353 -0.862844 -0.05346053 -0.8954575 -0.445037 0.009900291 0.6932915 0.1655509 0.7013842 0.9444126 0.2415144 -0.2230596 -0.5862366 0.6458542 0.4890797 -0.3430353 -0.9022581 -0.2612607 0.2356883 0.8707986 -0.4314636 -0.7084321 -0.4949196 -0.5031685 0.9881168 0.1530475 0.01419861 0.5332172 0.845653 0.02345988 -0.6868932 -0.3643757 0.6288148 -0.1366807 0.6341936 0.7609972 -0.8122649 -0.3220759 0.4863052 0.4020786 0.6492366 -0.6456195 -0.747917 0.5403641 -0.3855214 -0.9878368 -0.02690831 0.1531482 -0.166293 -0.7010273 0.6934749 -0.2703887 -0.9088154 -0.3177178 0.6794875 0.733114 0.02899364 -0.3853644 0.9225575 0.01954354 0.6041721 0.7964602 0.02504468 -0.8392413 0.5436947 -0.00837879 -0.04975208 -0.9982287 0.03262202 0.8239457 0.4127548 -0.3882615 -0.8335783 0.5507385 -0.04282924 0.02578886 -0.9044898 0.4257149 0.07489655 0.7800833 -0.6211767 0.8677909 -0.4969295 0.0002318784 -0.8681028 0.4963821 -0.00149788 0.4896029 -0.665691 -0.5631559 0.4858904 0.8736023 0.02701197 -0.8642285 0.5030584 -0.006430384 -0.8967303 0.3643576 -0.2512338 0.1744535 -0.9810336 -0.08449279 -0.9701649 0.1783651 -0.1642129 0.1951188 0.9714496 0.1349607 0.6534837 -0.3272278 -0.6825548 -0.6901178 0.00022651 0.723697 0.4646742 0.126289 0.8764296 0.8686682 -0.4953924 0.001391303 -0.6298059 0.04578238 0.7754022 0.5878996 0.06411179 0.8063893 0.9072868 0.4198001 0.02446521 -0.1050113 0.8689517 -0.4836275 -0.1475101 -0.8711655 0.4683071 0.8772659 -0.296599 0.3774037 -0.2812264 -0.9591791 0.02978412 -0.4466532 -0.525439 0.7241649 0.006634058 -0.9999269 0.01011288 0.861322 0.3903492 0.3251951 -0.9914798 0.1245443 -0.03816539 -0.02175602 -0.8875838 -0.4601322 0.07721763 -0.9968577 -0.01766988 0.7161598 -0.05486497 -0.6957765 0.6049827 -0.3747305 0.7025475 -0.4659529 0.884619 0.01835748 0.4737252 -0.8805407 0.01525162 -0.02300974 0.9773729 -0.2102685 -0.6792727 -0.5939508 0.431058 0.8248562 -0.5262861 -0.2064831 0.8525995 0.5225645 -0.0006511804 -0.7416512 0.04131019 -0.6695125 -0.6725123 0.1541788 0.7238481 0.2835553 -0.5958312 0.7513864 0.5284051 0.6785052 0.5103124 0.8444857 0.237839 0.4798713 -0.8741664 0.0231461 -0.4850746 -0.4912822 -0.8486673 -0.1959736 0.5612676 -0.6998721 0.4417666 0.5427969 0.8396008 -0.02102324 0.5349481 0.8448415 0.008563263 -0.4708006 -0.878098 0.08538553 0.7306083 0.6809009 0.05084758 -0.934778 0.02154269 0.3545786 0.0745552 -0.9112517 -0.4050455 -0.5829174 -0.8117363 -0.03593783 0.9905133 0.1370857 -0.00953488 -0.5669012 -0.8237818 0.002554826 0.8884913 0.2938676 -0.3524556 0.3971996 -0.6916054 0.6032532 -0.4107208 0.9111634 -0.03301024 0.6181562 0.7859662 -0.01183654 0.6461635 0.7608062 -0.06038756 0.04245907 -0.9770271 0.2088427 0.1838016 -0.9759026 0.1176054 -0.7796056 0.6247087 0.04420641 0.5541396 -0.8320035 -0.02644579 0.4265946 0.9039835 0.02882515 -0.7130525 0.6666623 -0.2170655 0.5251799 -0.7806788 0.3387134 0.9621164 0.1702519 -0.2129467 0.4764846 0.7480475 -0.4619386 0.9058763 0.2117661 -0.3668013 -0.6858814 -0.7271753 0.02797841 -0.9278774 -0.1799991 0.3265638 -0.2873003 0.9576086 0.02107752 -0.8290807 0.03946244 -0.5577346 0.5421894 -0.8322947 0.1153959 0.2784169 0.8285406 0.4858029 -0.9740896 0.2218091 -0.0441608 0.5748608 0.1944546 -0.7948097 -0.2821843 -0.9591863 -0.01826737 -0.08855825 -0.995862 0.02040352 0.266871 0.9365924 -0.2271002 -0.926801 -0.1300807 0.3523051 0.5498954 -0.791459 -0.2668477 0.8592396 0.4248995 -0.2848994 -0.7515464 0.6593716 -0.02017673 0.2928126 -0.9360911 -0.1949211 -0.8369632 0.176522 -0.5180084 0.4684593 -0.8049008 -0.3642536 0.4556085 0.7612037 -0.4615081 -0.07665565 0.9970472 0.004558664 0.5880246 -0.737321 0.3325431 0.3961166 0.9002374 -0.1807326 -0.9804524 0.1965801 0.008330035 -0.9289466 -0.2027267 -0.3097743 0.4565864 -0.6964311 -0.5536358 -0.9864919 0.1589726 0.03951408 0.13986 0.9900707 0.01411087 0.8936372 0.4487889 0.001091024 -0.5619812 0.8031094 0.1979708 -0.9386828 -0.3198664 -0.1286863 0.997519 0.02777205 0.0646876 -0.8642264 -0.1639673 -0.4756337 0.6415457 0.6639345 -0.3842006 -0.5207487 0.8537075 -0.002086771 -0.1765061 0.9842934 -0.003493058 0.3460556 -0.9368964 0.04970636 0.3196663 -0.9303038 0.1798563 -0.1683772 0.9856001 0.01554467 -0.5516628 0.8327838 0.04625168 -0.9086203 0.2685096 0.3198621 0.6963122 -0.7170296 -0.03190401 0.1578506 0.8994452 -0.407531 -0.8241753 -0.5649989 0.03887689 -0.8532846 0.5209373 0.02301526 0.8590907 -0.511808 0.003962677 -0.8834056 0.02912539 0.4677033 0.8125234 -0.5746647 0.09780695 -0.6905119 0.6165406 -0.3782472 -0.09294854 -0.9955379 0.01627514 0.8242473 0.3996138 0.4011548 0.3457408 -0.7931846 -0.5013198 -0.8647905 -0.2822321 -0.4153101 0.540798 0.8090439 -0.2301859 -0.8845175 -0.06439912 0.4620406 0.4664808 0.8516624 0.2388865 -0.8934923 -0.3224779 0.3125371 -0.437869 -0.8952425 -0.08253294 0.3739979 -0.8923767 -0.2525656 0.9797485 0.121187 -0.1593946 -0.7889148 -0.4919999 0.3681705 0.9898272 0.1421703 -0.005455614 0.5922759 0.8056911 0.008432521 -0.9940954 -0.1035541 0.03241597 -0.1728731 -0.9465491 0.2723226 0.5542807 -0.4712458 -0.686076 0.3981018 -0.9173049 -0.008158942 -0.7677504 -0.6404173 -0.02061557 0.03805806 0.8864663 -0.4612256 0.8414062 -0.4429514 0.3095638 0.511019 0.7586904 0.4040401 -0.7499136 -0.6615281 -0.003197937 -0.7792746 -0.3819688 0.4968208 0.3561371 -0.6701854 0.6511665 0.4633018 0.7513091 0.4699853 -0.9921527 0.1235285 0.01933022 -0.04973792 -0.9987414 -0.006466268 0.8888749 0.4574575 0.02518086 -0.9735567 0.2243093 0.04327413 -0.1411135 -0.851431 0.5051259 -0.9778808 0.06627729 -0.1983847 -0.1046406 -0.9944749 -0.008373028 0.939505 0.2245689 -0.2586486 0.3305806 -0.9437296 0.009532857 -0.801901 -0.113904 -0.5864986 0.3831718 -0.9230108 -0.03507794 0.3544222 0.7741031 0.5245467 -0.4415745 -0.8972125 0.004654436 -0.4402349 -0.897882 0.001072424 -0.4417502 -0.8971352 -0.002267076 0.6383174 0.3666048 0.6768691 0.3510751 -0.9336819 0.07060056 -0.7898909 0.4955429 0.3612611 -0.01081076 -0.9983701 -0.05603727 0.535504 0.833303 -0.1372648 0.7343536 -0.6782345 -0.02688329 -0.866555 0.02720534 0.4983396 0.6842199 -0.7241629 0.08620397 0.268799 -0.8412396 0.4691087 0.2947366 0.7321484 0.6140758 0.09709905 -0.994031 0.04973995 -0.9851124 -0.00777469 -0.1717356 -0.9598243 -0.2628104 -0.09832612 0.6686115 -0.6670027 0.3287342 0.5381846 0.831535 -0.1375025 0.979551 -0.2008088 -0.01247686 0.8900892 0.4555698 -0.01404907 0.5786503 0.6496698 -0.4930446 -0.9217206 -0.1062636 0.3730137 0.286247 -0.6284126 0.7232982 0.3214575 0.6833818 0.6554803 -0.6211417 -0.747014 -0.2369664 0.8316675 -0.547279 -0.09388736 0.06036843 0.957405 0.2823673 -0.6194708 0.7813712 -0.07559755 0.295951 -0.9441954 0.1445962 -0.8400421 -0.2556455 0.478513 0.2089076 -0.9373045 0.2789587 0.6858375 0.5355346 -0.4927774 0.8389033 0.5442798 -0.0008708029 -0.8059492 0.07711084 -0.586941 0.7944404 0.6009705 -0.08774398 0.8595517 -0.5110206 -0.005361655 0.7905242 0.6063665 0.08597167 -0.7739039 0.4829166 -0.4097125 -0.04797844 -0.9981212 0.03810625 0.75893 0.5405307 0.3631141 0.62331 0.7698456 -0.1371952 0.9215193 -0.3881419 -0.01216968 -0.270286 -0.9627505 -0.007541814 0.9102481 -0.4099435 0.05826466 0.3239919 -0.6372456 0.6992477 -0.2733569 -0.9618853 0.007253489 -0.9336016 0.26498 0.2411922 0.7458362 0.6660903 -0.00722305 -0.3718821 0.8891363 0.2667214 0.7635879 -0.5000136 -0.4085585 0.9890071 0.1477886 0.004853593 0.6096255 0.7926886 0.001200612 -0.7742214 -0.5720089 -0.2709002 0.6107636 0.7917669 0.008543221 0.9895859 0.01834516 0.1427695 -0.9863462 -0.1627262 0.02532492 -0.8348971 0.5283843 -0.1541329 0.4576484 -0.8488421 0.2646225 0.8997037 0.4239491 -0.1039252 0.3063423 0.9214471 -0.2389343 0.992065 -0.1255923 -0.005794319 -0.9081061 -0.1582901 -0.3876695 0.9714349 -0.2328762 0.04563895 -0.8558552 0.5164943 -0.02730391 -0.0006624827 -0.9995568 0.02976036 0.9426849 -0.2800244 0.1814705 -0.8310068 0.5042635 -0.2348319 -0.7645054 -0.6209658 0.1730114 -0.05752405 -0.9336282 0.353595 -0.4748665 0.8651202 0.1614584 0.4523684 -0.8918269 0.002776315 -0.9987865 -0.008132722 0.04857254 -0.2146913 0.9698038 0.1157075 0.7522234 -0.05674407 0.6564602 -0.8696584 0.4775374 0.1251092 0.1321398 -0.5178452 -0.8452073 -0.1898814 0.9804602 -0.05140945 -0.8952193 -0.3336499 -0.2953984 0.6009505 -0.5601995 -0.5701184 -0.7804603 -0.4562469 -0.4274582 0.1090622 0.8896877 -0.4433524 -0.5947896 0.3250058 0.7352527 0.1163803 -0.693947 0.7105584 0.6825793 -0.7303622 0.02562405 0.9991758 0.03898421 0.01131328 0.424142 0.62189 -0.6582981 -0.6774971 0.122656 0.7252263 0.2480021 -0.9668375 0.06099385 -0.6076883 0.2934197 -0.7379836 0.7982307 0.2226524 -0.5596907 0.8739652 0.2820992 0.3957333 -0.6260146 -0.7750364 -0.08616377 -0.4992783 0.4767082 0.7235126 -0.241556 -0.9418927 0.2334284 0.009294269 0.9995795 0.02746592 -0.1813965 0.8642787 -0.469167 -0.744539 -0.4965606 -0.4461943 -0.7703754 -0.6374228 -0.01462908 -0.2033252 -0.9778818 -0.04905092 0.7415837 0.6703207 -0.02690267 -0.7646659 -0.6444144 0.004015494 -0.7074476 -0.7067448 0.00544933 0.8118971 -0.3956647 -0.4292697 0.7652862 0.6234233 0.1602509 0.6821832 0.7226586 -0.1113137 -0.5900325 -0.8049396 -0.06272134 0.6307589 0.7759713 0.003428251 -0.6049322 -0.796277 -8.373667e-05 0.949306 -0.3143389 -0.003017792 0.6414304 0.7397935 0.2031566 0.8769853 0.4098545 -0.2508308 0.2123127 0.9130318 -0.3482762 -0.854462 0.5170259 -0.05078193 0.8982223 0.4395066 -0.005536281 0.8131152 -0.2011118 -0.5462579 -0.7586012 -0.6230453 -0.1906275 0.936279 0.3225125 0.1391667 0.577585 0.8138182 0.06399606 0.6061268 0.669886 0.4287925 -0.7396346 0.6598602 -0.1323828 0.2971926 -0.9484138 -0.1103983 -0.5737084 -0.8179971 -0.04170549 -0.8777485 0.191626 0.4391322 0.8369297 0.1026145 -0.5376049 -0.00441325 0.9832042 0.1824554 -0.5636223 0.6371105 0.5257567 -0.6834915 -0.6291306 0.3701811 -0.4801748 0.574511 -0.6628494 -0.176178 0.9333644 -0.3127175 -0.3489463 -0.8751144 -0.335278 0.816758 0.4146318 0.4012316 -0.7425198 -0.6697772 0.007928801 0.7447078 0.6673852 0.002688157 -0.1561734 0.9154393 -0.3709187 -0.7523227 -0.6559524 0.06113073 0.2045645 -0.8959595 0.3942206 -0.6313266 -0.7754093 -0.01292553 0.9842553 -0.1518214 -0.09050814 -0.950223 -0.2561994 0.1773083 0.956572 -0.22177 0.1891776 0.9501757 0.3110753 0.01995767 -0.3806405 0.924699 -0.006676234 -0.6091449 -0.7926327 0.025998 0.9618868 0.2732808 -0.009564438 -0.2847131 0.8944267 -0.3448759 0.4900544 -0.8538167 -0.1756237 -0.3036318 0.9524879 -0.02396909 0.3102189 -0.9506608 0.002875134 0.05280595 0.8954659 0.4419869 0.6633444 0.03985057 0.7472524 -0.8836188 0.4607218 0.08338598 0.2829822 -0.55296 -0.7836813 0.4583773 0.8821495 -0.1081784 -0.7292363 -0.4306357 -0.5317587 0.7282283 -0.4845976 0.4846119 0.1721721 0.9751185 0.1396446 0.313562 -0.6119013 0.7261237 0.6829044 -0.7305076 0.00051603 -0.6693033 0.7377753 0.08786714 0.1802697 0.8669781 -0.4645985 -0.6366565 0.5786395 0.5097498 0.4805951 -0.8494898 -0.217705 -0.5426611 -0.8399517 -0.0001285673 -0.9985254 0.05425843 -0.001733846 0.03075949 0.9995254 0.001690613 -0.2934909 -0.9085994 -0.2971703 -0.9318594 0.2264518 0.2834741 0.760682 0.09507219 0.6421247 0.3098796 0.9492694 -0.05349958 -0.4843147 -0.8694654 -0.09731026 0.4086558 -0.6614444 0.6288813 0.752034 0.6590846 -0.007236033 -0.5658934 -0.8244403 0.007927089 0.5315047 0.8114433 0.2430279 0.2624624 0.8579408 0.4416459 -0.9443297 0.0984819 0.3139152 -0.8323916 -0.5489748 -0.07583514 0.2502832 -0.8115944 -0.5278947 -0.8817022 0.4718031 -0.001738873 -0.7598332 0.6499782 -0.01348212 -0.9866612 -0.03936611 0.1579555 -0.2080052 -0.9074571 0.3650418 0.5990454 -0.7769099 0.1937926 0.3068553 0.908846 -0.2825575 -0.7515308 -0.6124469 0.2451739 0.5293563 0.8419923 0.1040712 -0.6656076 -0.7394644 0.100792 0.6952159 -0.2729233 0.6649719 0.9025497 0.1014645 0.4184602 -0.9219141 0.1960126 -0.3341457 -0.2939976 -0.8938534 -0.3385138 -0.9979645 -0.004028533 -0.06364396 0.6015773 0.7982811 -0.02918999 0.6635818 0.5266906 -0.531278 -0.9988557 -0.01581875 -0.04513314 0.8824873 0.3546996 0.308876 -0.1103981 -0.9938821 0.003249291 -0.5817743 -0.8123821 0.03967376 0.696622 0.3825856 0.6069151 -0.3267584 -0.942013 0.07642305 0.6317094 -0.5649362 -0.5308392 -0.999912 0.004147957 -0.0126025 -0.1975296 -0.941307 -0.2737211 0.5230327 0.5869906 -0.6179634 -0.0782978 -0.8716332 -0.4838646 0.7630055 0.4138784 0.4965151 -0.397208 0.5807639 0.7105906 0.05035533 0.9979378 0.03980463 -0.4193035 -0.7034812 0.5738456 0.946364 -0.1456014 0.2884362 0.6454216 0.7561035 -0.1083442 -0.9605141 0.1011306 -0.2592011 -0.6247188 -0.7779445 -0.06729616 -0.4931355 -0.7097119 -0.5031166 -0.9883506 -0.1348561 -0.07054762 0.5390649 0.8213252 -0.1866386 -0.3831518 0.8787929 0.2844604 -0.9787656 -0.1783668 0.1010106 -0.8836075 0.4647549 0.05692707 0.7020841 -0.7112785 -0.03406982 0.2468357 0.9683456 0.03713353 -0.848987 0.5149812 0.118387 -0.42636 -0.8859034 0.1827354 0.8552439 0.477868 -0.2004995 -0.8733003 -0.4755028 -0.1060364 0.2824428 0.6577695 -0.6982588 0.434597 -0.6564262 0.616628 -0.7517105 -0.09858849 0.6520826 0.8728229 -0.4865699 0.03781476 -0.6948274 -0.6358852 -0.3359537 0.4607618 -0.7020235 0.5430115 -0.4126462 0.9103906 -0.03020117 0.4220448 -0.9053636 0.04684993 0.6087724 -0.7396983 -0.2867798 -0.6194955 0.5955969 0.5113606 -0.2947054 -0.8800136 -0.3724577 0.4772372 -0.7204874 -0.5031327 0.5912176 0.1317974 -0.7956703 0.336326 -0.4815183 0.8093361 -0.04947111 -0.9987252 0.01002882 0.1278709 0.9876994 0.08999404 -0.7332052 0.4886039 -0.4729444 0.3807344 -0.5661646 0.7310944 0.9213861 0.08751729 -0.3786666 -0.6613599 -0.1686039 -0.7308733 0.4379843 -0.6066938 -0.6633946 0.3465772 0.8838194 -0.314241 0.3940129 -0.5133347 0.7623918 0.9362457 -0.3512862 -0.006485705 0.2978693 0.9150633 0.2719064 -0.8263341 -0.2558635 -0.501703 0.1168056 0.9245185 0.3627973 0.08481931 -0.9957439 -0.03605193 -0.3873287 -0.6651606 -0.6383869 0.5516028 -0.4434548 -0.7064575 0.5345996 -0.8450378 -0.01069739 0.5518855 -0.8320742 -0.05545132 -0.3727062 0.8872246 -0.2718871 0.7118664 -0.4286885 0.5563024 -0.2685721 0.8977843 0.3490735 -0.1253984 -0.6744855 0.7275606 -0.9556134 -0.2944337 0.01057764 -0.6051675 0.6032257 0.5195103 0.7887973 0.3406608 -0.5116142 0.3202251 0.9321675 -0.1688774 0.9046702 0.4243706 -0.03849007 -0.4838989 0.8749951 0.01501537 0.740244 -0.6686396 -0.07042668 -0.7824039 0.6222785 0.02477247 -0.8365062 -0.5462598 -0.04309911 0.7858321 -0.4194544 0.4544512 0.0476286 0.9334207 -0.3556083 -0.8983723 -0.4391864 -0.006525758 0.9403615 0.1988806 -0.2759833 -0.9964292 0.08429377 -0.004847516 0.9194689 0.1692856 0.3548512 -0.9977665 0.06567122 -0.01221547 -0.8145092 0.4910952 0.3088693 -0.0301219 -0.8202576 -0.5712006 0.8972463 0.3307648 0.2924786 0.6932315 0.7202003 -0.0272344 -0.6878375 -0.7256818 0.01629695 0.9813612 0.1629719 -0.1018352 -0.6482148 0.4126831 -0.6399299 -0.07559084 -0.7989358 -0.5966469 0.8162762 0.381058 -0.4341519 -0.09940219 -0.6498807 0.753508 0.717547 0.4066951 0.5654427 0.6934244 0.7191493 0.04457445 -0.9960646 -0.08838289 0.006622675 0.9952484 0.09670874 0.01131797 -0.9045217 0.3641875 0.2218287 0.4811657 -0.8487348 0.2193828 0.8825769 0.2071066 -0.4220957 -0.5501504 -0.1075229 -0.8281144 0.6390746 -0.07113034 -0.7658486 -0.5191653 -0.7599085 0.3911604 -0.2296639 0.905901 0.355806 -0.4292037 0.7307553 0.5308304 0.6147745 -0.282814 0.736253 -0.9974158 -0.06739078 0.02490559 0.1410941 -0.9899611 -0.008332232 0.7854975 0.618014 0.03244093 0.1007145 -0.9896969 0.1017674 0.9752984 -0.1495818 -0.1625372 -0.3906917 0.9202078 -0.02403374 -0.7636606 0.02050663 -0.6452921 0.8450802 0.5345524 0.009652388 0.448016 -0.6175188 -0.6464922 -0.09693863 0.9952732 -0.005852036 -0.06815562 0.9958324 0.06060299 0.3406444 0.5511781 0.761685 0.8421078 0.5393089 0.0004997333 -0.8189321 -0.0229896 -0.5734297 0.7567169 -0.2137301 0.617818 0.4935044 0.8546541 0.1613063 -0.14308 0.9294011 -0.3402083 0.7052777 0.708309 0.0296939 -0.5049445 0.8236723 -0.2580601 0.8859845 -0.4286044 -0.1770019 -0.5673359 0.7928958 0.2223653 -0.9621816 0.1755806 0.208274 -0.9385852 0.05893014 0.3399779 0.9684942 0.1016403 -0.2273503 0.6533772 0.7236864 0.2222079 -0.829054 -0.5416467 -0.1388825 0.8587163 0.5124509 0.0005976878 0.1208151 -0.9631964 -0.2401174 -0.8546856 -0.5189935 -0.01258418 0.07187559 0.9973301 -0.01290344 -0.7438281 0.6683595 -0.003914211 -0.941191 0.3016463 -0.1522135 -0.07096491 -0.535619 0.8414727 0.7084664 0.2990186 -0.6392677 0.5392775 0.5763049 -0.614046 -0.5742432 -0.8186663 -0.005508281 -0.9344454 0.3560789 0.004421112 0.360141 0.8543567 0.374664 -0.6047402 -0.1907827 0.7732343 -0.1168639 -0.9931473 0.001090593 -0.8739875 -0.1043307 -0.4746166 0.6145558 -0.7840432 0.08716365 0.7625314 -0.603964 0.2318907 0.02471012 0.9478858 0.3176507 0.08938241 -0.993025 0.07688983 0.9682985 0.2445672 0.05084141 -0.7943162 0.03987012 0.6061948 -0.2882153 -0.9355875 0.2039801 0.3780722 -0.8685364 -0.3204776 -0.8495536 0.50411 -0.1553444 0.6161875 0.7875994 -0.0003258812 -0.6489463 0.6402548 -0.4110262 0.2233237 -0.4532131 0.8629742 -0.8111253 -0.5846351 -0.01666027 0.8604449 -0.2887947 0.4198002 -0.09946605 0.9107249 -0.4008575 -0.8924643 -0.4505494 -0.02264392 -0.1258525 0.6893245 -0.7134374 0.8404796 -0.08148579 -0.535681 -0.8954719 -0.4447175 0.01888079 -0.995269 0.09134245 0.03310983 -0.8963948 0.3792075 0.2295169 0.02012129 -0.821113 -0.5704109 0.816128 0.4429983 0.3710627 -0.5588682 0.4169859 0.7167909 -0.06477964 -0.8985462 0.4340717 0.5954406 0.6368391 -0.4897819 -0.6152667 0.7818232 -0.1009916 0.1389303 0.990296 0.00350887 -0.4829979 -0.643918 -0.5933655 -0.2542166 0.8546247 -0.4527588 0.7614127 0.06144381 -0.645349 0.8657248 0.499951 0.02386447 0.7328002 -0.6798563 0.02827071</float_array>
          <technique_common>
            <accessor source="#normals-array" count="624" stride="3">
              <param name="X" type="float" />
              <param name="Y" type="float" />
              <param name="Z" type="float" />
            </accessor>
          </technique_common>
        </source>
        <source id="uv">
          <float_array id="uv-array" count="3744">28.24108 -0.6010336 28.25831 0.1982501 28.24292 0.1984695 28.21607 -0.6020382 28.24368 0.1980224 28.27113 -0.6024388 18.33896 -0.6010336 18.28908 0.1984695 18.30284 -0.6020382 28.24098 -0.2017805 28.48094 0.2895501 28.47614 0.2909738 28.24218 -0.197935 28.48094 0.2895501 28.25694 -0.2058946 18.28583 -0.197935 18.42058 0.2909738 18.41589 0.2915497 18.41837 0.4502822 18.15717 0.3194548 18.41835 0.4530199 18.41837 28.4781 18.50859 28.6356 18.64406 28.34629 18.15717 0.3194548 18.64406 0.3119619 18.41821 0.1292556 28.6356 0.3453016 28.47801 0.1086117 28.34629 0.3119619 18.15717 0.3194548 18.41821 0.1292556 18.50859 0.3453016 28.6356 0.3453016 28.47812 0.154726 28.47801 0.1086117 28.25786 -0.2040694 28.15459 0.35969 28.23972 -0.2030441 18.2939 -0.2040694 18.09561 0.359045 18.09948 0.35969 28.23742 -0.2077104 28.15439 0.3581845 28.25786 -0.2040694 18.29047 -0.2077104 18.09948 0.35969 18.09434 0.3581845 28.15534 0.5283989 27.90075 0.3253281 28.17371 0.2240848 18.09595 0.4395533 18.09789 0.2148991 18.10181 0.4690253 18.09188 0.5283989 17.96107 0.2240848 18.09595 0.4395533 28.15469 0.4690253 28.15663 0.2148991 27.90075 0.3253281 18.09595 0.4395533 17.96107 0.2240848 18.09789 0.2148991 17.96107 0.2240848 18.09679 0.2429941 18.09789 0.2148991 17.96107 0.2240848 18.09694 0.2122945 18.09679 0.2429941 18.07944 27.90075 18.09694 28.15549 17.96107 28.17371 27.90075 0.3253281 28.15663 0.2148991 28.15549 0.2122945 18.28847 -0.1235414 18.63484 0.2378466 18.30536 -0.1356523 28.24978 -0.1235414 28.12593 0.2392252 28.13038 0.2408461 18.29892 -0.1347116 18.63154 0.2392252 18.28847 -0.1235414 18.29892 28.23627 18.63484 28.13 18.63154 28.12593 18.63241 0.3636796 18.38118 0.2713729 18.63249 0.3718683 18.63241 28.12875 18.79175 27.94055 18.51517 27.92339 28.1288 0.3579263 27.94055 0.2581376 28.12875 0.3636796 18.63239 28.1288 18.80319 28.29472 18.79175 27.94055 18.63249 0.3718683 18.38118 0.2713729 18.63239 0.3579263 18.63241 28.12875 18.51517 27.92339 18.38118 28.1585 18.63239 28.1288 18.38118 28.1585 18.80319 28.29472 18.38118 0.2713729 18.63965 0.1129809 18.80319 0.2689291 18.79175 27.94055 18.63247 28.12875 18.51517 27.92339 28.30666 0.1129809 28.12873 0.1232506 28.12875 0.1176484 28.30666 0.1129809 28.12876 0.1323753 28.12873 0.1232506 28.24789 -0.05377306 28.3742 0.1899583 28.3778 0.1890439 18.30004 -0.04627096 18.23898 0.1899583 18.28582 -0.05377306 18.25569 0.2639723 18.23085 0.3132699 18.01254 0.1937761 18.23085 0.3132699 18.24544 0.08760197 18.01254 0.1937761 18.23085 0.3132699 18.3654 0.1746501 18.24544 0.08760197 18.01254 0.1937761 18.24544 0.08760197 18.24191 0.06672918 18.3654 0.1746501 18.24191 0.06672918 18.2419 0.09701918 18.29197 -0.1076742 18.24248 0.3767395 18.30803 -0.10926 28.25617 -0.1076742 27.98536 0.3748998 27.98894 0.3767395 18.30803 -0.10926 18.24481 0.3752552 18.29004 -0.1156114 18.24208 0.4794902 18.24216 0.4954417 18.08691 0.3263095 18.24222 27.9864 18.18169 28.19628 18.48083 28.00618 27.98644 0.4794902 28.19628 0.4007867 27.9864 0.4806013 18.24216 0.4954417 18.48083 0.4071269 18.08691 0.3263095 18.48083 0.4071269 18.24256 0.2590879 18.08691 0.3263095 18.18169 28.19628 18.24256 27.98621 18.48083 28.00618 27.98716 0.2373317 27.98621 0.2590879 28.19628 0.4007867 18.28587 -0.2250194 18.48491 0.2396612 18.30429 -0.2323857 28.24792 -0.2250194 28.35529 0.2398843 28.36 0.2396612 28.25419 -0.2323857 28.35529 0.2398843 28.23545 -0.2260166 18.48717 0.3664741 18.25643 0.2384438 18.48723 0.3825038 18.48717 0.3664741 18.60556 0.2394886 18.25643 0.2384438 28.35832 0.3852845 28.35834 0.3825038 28.16498 0.2394886 18.25643 0.2384438 18.66229 0.2026006 18.48723 0.3825038 18.25643 0.2384438 18.48716 0.0727651 18.48726 0.08840285 18.25643 0.2384438 18.48716 0.1050253 18.48716 0.0727651 28.16498 0.2394886 28.35831 0.08840285 28.35832 0.1050253 18.29828 -0.03433162 18.12805 0.2482335 18.13131 0.2499236 18.28666 -0.03906363 18.12805 0.2482335 18.29828 -0.03433162 18.12897 0.3659246 18.0039 0.2255871 18.11802 0.3677011 18.11802 0.3677011 18.12463 0.190418 18.13236 0.2741593 18.11802 0.3677011 18.0039 0.2255871 18.12463 0.190418 28.27152 0.2741593 28.28519 0.190418 28.27536 0.1205856 18.0039 28.35335 18.12875 28.27536 18.12899 28.27603 28.25731 -0.1443764 27.98238 0.4636087 28.23866 -0.1517614 18.28544 -0.144745 18.51114 0.4659172 18.30082 -0.1443764 18.30384 -0.1517614 18.51051 0.4645518 18.28544 -0.144745 18.51228 0.6110606 18.68956 0.4640945 18.515 0.5841615 27.984 0.593905 28.194 0.4298258 27.86267 0.4640945 27.9694 0.5841615 28.194 0.4298258 27.984 0.593905 18.68956 0.4640945 18.51133 0.3354529 18.515 0.5841615 28.194 0.4298258 27.98413 0.3410711 27.86267 0.4640945 18.68956 27.86267 18.51259 27.98404 18.51133 27.97862 27.97862 0.3354529 27.98413 0.3410711 28.194 0.4298258 18.28807 0.003486258 18.33814 0.360475 18.30807 0.007722328 28.2532 0.003486258 28.57453 0.3627832 28.57719 0.360475 28.2397 0.01350941 28.57453 0.3627832 28.2532 0.003486258 18.29 0.01350941 18.34038 0.3630433 18.33502 0.3627832 18.33802 0.5659409 18.26183 0.4637798 18.44915 0.3503998 18.33443 0.4164457 18.33779 0.17013 18.26183 0.4637798 18.44915 0.3503998 18.33779 0.17013 18.33443 0.4164457 18.33896 -0.6010336 18.29942 -0.6024388 18.28312 0.1982501 28.27113 -0.6024388 28.24368 0.1980224 28.25831 0.1982501 18.30284 -0.6020382 18.28908 0.1984695 18.27364 0.1980224 28.24098 -0.2017805 28.25694 -0.2058946 28.48094 0.2895501 28.24218 -0.197935 28.4771 0.2915497 28.48094 0.2895501 18.28583 -0.197935 18.30721 -0.2017805 18.42058 0.2909738 18.41837 0.4502822 18.64406 0.3119619 18.15717 0.3194548 28.4781 0.4502822 28.47809 0.4356375 28.6356 0.3453016 28.47809 0.4356375 28.4781 0.4530199 28.6356 0.3453016 18.41835 0.4530199 18.15717 0.3194548 18.50859 0.3453016 18.41821 0.1292556 18.64406 0.3119619 18.41855 0.1086117 28.6356 0.3453016 28.47756 0.1292556 28.47812 0.154726 28.25786 -0.2040694 28.15439 0.3581845 28.15811 0.359045 18.29047 -0.2077104 18.30565 -0.2030441 18.09948 0.35969 28.15469 0.4690253 27.90075 0.3253281 28.15534 0.5283989 18.28847 -0.1235414 18.63091 0.2408461 18.63484 0.2378466 18.29892 28.23627 18.30536 28.2511 18.63484 28.13 18.80319 28.29472 18.63965 28.30666 18.79175 27.94055 18.38118 28.1585 18.51517 27.92339 18.63965 28.30666 27.92339 0.23421 28.12875 0.1176484 28.12876 0.1323753 18.79175 27.94055 18.63965 28.30666 18.63247 28.12875 18.63965 28.30666 18.51517 27.92339 18.63245 28.12876 28.25179 -0.05143575 28.3778 0.1890439 28.3739 0.1910644 18.30731 -0.05143575 18.28582 -0.05377306 18.24252 0.1890439 18.30004 -0.04627096 18.24427 0.1910644 18.23898 0.1899583 28.23688 -0.04627096 28.25179 -0.05143575 28.3739 0.1910644 18.25569 0.2639723 18.01254 0.1937761 18.24191 0.06672918 18.24544 28.35928 18.3654 28.37727 18.2419 28.37527 18.3654 0.1746501 18.25569 0.2639723 18.24191 0.06672918 28.24919 -0.10926 27.98894 0.3767395 27.98504 0.3752552 28.25617 -0.1076742 28.2384 -0.1156114 27.98536 0.3748998 18.29004 -0.1156114 18.24481 0.3752552 18.23937 0.3748998 18.24216 0.4954417 18.24222 0.4806013 18.48083 0.4071269 27.98644 0.4794902 27.90364 0.3263095 28.19628 0.4007867 18.18169 28.19628 18.08691 27.90364 18.24197 27.98716 18.24197 0.2373317 18.08691 0.3263095 18.2422 0.2803574 18.08691 0.3263095 18.24256 0.2590879 18.2422 0.2803574 18.30429 -0.2323857 18.48491 0.2396612 18.48946 0.2381946 28.24792 -0.2250194 28.23545 -0.2260166 28.35529 0.2398843 28.25419 -0.2323857 28.35979 0.2381946 28.35529 0.2398843 28.3583 0.3664741 28.35832 0.3852845 28.16498 0.2394886 28.16498 0.2394886 28.35834 0.3825038 28.58561 0.2026006 18.60556 28.16498 18.66229 28.58561 18.48726 28.35831 18.66229 28.58561 18.25643 28.43766 18.48726 28.35831 18.25643 0.2384438 18.60556 0.2394886 18.48716 0.1050253 28.23695 -0.03075758 28.25778 -0.03433162 28.27713 0.2499236 28.24782 -0.03906363 28.2734 0.2485169 28.27864 0.2482335 18.28666 -0.03906363 18.30212 -0.03075758 18.12776 0.2485169 18.30212 -0.03075758 18.13131 0.2499236 18.12776 0.2485169 18.12897 0.3659246 18.13236 0.2741593 18.0039 0.2255871 18.0039 0.2255871 18.13236 0.2741593 18.12875 0.1205856 18.12463 0.190418 18.0039 0.2255871 18.12899 0.1201953 28.25731 -0.1443764 27.98606 0.4659172 27.98238 0.4636087 28.24362 -0.144745 27.98162 0.4645518 27.98606 0.4659172 18.30384 -0.1517614 18.51472 0.4636087 18.51051 0.4645518 18.51228 0.6110606 18.5126 0.593905 18.68956 0.4640945 27.9694 0.5841615 27.97862 0.3354529 28.194 0.4298258 18.68956 0.4640945 18.51251 0.3410711 18.51259 0.331164 28.24503 0.007722328 28.57719 0.360475 28.57351 0.3630433 18.29 0.01350941 18.30807 0.007722328 18.34038 0.3630433 18.33443 0.4164457 18.33802 0.5659409 18.44915 0.3503998 18.33802 0.5659409 18.33756 0.5377521 18.26183 0.4637798 18.33756 0.5377521 18.33443 0.4164457 18.26183 0.4637798 18.44915 0.3503998 18.26183 0.4637798 18.33819 0.1779845 18.44915 0.3503998 18.33819 0.1779845 18.33779 0.17013 28.35488 -0.5156176 28.30107 0.4627764 28.31323 0.463045 19.2383 -0.5168473 19.22957 0.4624977 19.19492 -0.5173377 19.20075 -0.5156176 19.22287 0.463045 19.2383 -0.5168473 28.32671 0.2116856 28.48538 0.5321309 28.48823 0.5292799 19.22709 0.2141644 19.26813 0.5318106 19.20953 0.2235749 28.31898 0.2141644 28.48823 0.5292799 28.48441 0.5318106 19.21256 0.2116856 19.26689 0.5292799 19.22709 0.2141644 28.48602 0.6989571 28.4843 0.7520951 28.27248 0.5930099 19.288 0.7520951 19.27111 0.4501853 19.2672 0.3245685 28.4843 0.7520951 28.4629 0.481113 28.27248 0.5930099 19.288 0.7520951 19.2672 0.3245685 19.19678 0.481113 28.31034 -0.03803256 28.18984 0.3514349 28.32621 -0.03312694 19.22492 -0.02324006 18.94771 0.3534869 18.94553 0.350509 19.20935 -0.03312694 18.94416 0.3514349 19.22492 -0.02324006 28.1875 0.5153377 28.18906 0.2246159 27.94351 0.4186311 18.94558 28.1875 18.8944 27.94351 18.72931 28.29338 18.92945 0.3786406 18.95911 0.2246159 18.94558 0.5153377 18.92945 0.3786406 18.95197 0.1887091 18.95911 0.2246159 18.72931 0.3848233 18.95911 0.2246159 18.94535 0.201884 28.30678 0.05056399 28.27537 0.5711627 28.32743 0.05365617 19.22618 0.04519847 19.42043 0.568959 19.21397 0.05056399 28.31708 0.04519847 28.27986 0.5703488 28.27545 0.568959 28.27794 0.7559163 28.42113 0.6062423 28.27693 0.7112905 19.41813 0.7559163 19.42073 0.7625274 19.20037 0.5159747 28.42113 0.6062423 28.09996 0.557956 28.27738 0.7625274 19.20037 0.5159747 19.54778 0.6062423 19.41813 0.7559163 19.42073 0.7625274 19.50992 0.557956 19.20037 0.5159747 19.20037 0.5159747 19.41843 0.4329238 19.41845 0.4218563 19.22686 -0.07794236 19.0964 0.560996 19.21477 -0.07731602 19.21053 -0.08578455 19.09667 0.559204 19.1001 0.5605557 28.50346 0.7160215 28.5036 0.7230781 28.6888 0.519311 28.50365 0.7456463 28.6888 0.519311 28.29907 0.5736632 19.09773 0.7230781 18.86528 0.4917688 19.13313 0.519311 28.6888 0.519311 28.50399 0.3728517 28.50348 0.3788178 18.86528 0.4917688 19.09762 0.4108407 19.09748 0.3728517 28.29907 0.5736632 28.50348 0.3788178 28.50342 0.4108407 19.20556 -0.09594646 19.17636 0.585203 19.21933 -0.0916723 28.31941 -0.09594646 28.12669 0.5836781 28.13107 0.585203 28.32799 -0.0916723 28.13072 0.5854176 28.30811 -0.09913702 28.16914 0.8474413 28.21176 0.5438583 28.12935 0.8230472 19.17845 0.8115569 19.0164 0.4887644 19.15755 0.8474413 19.31654 0.5438583 19.17744 0.4180362 19.17845 0.8115569 19.17845 0.8115569 19.17744 0.4180362 19.0164 0.4887644 19.15755 0.8474413 19.0164 0.4887644 19.31654 0.5438583 19.0164 0.4887644 19.17852 0.3670461 19.31654 0.5438583 19.17744 0.4180362 19.17694 0.353227 19.0164 0.4887644 19.17852 0.3670461 19.17744 0.4180362 19.31654 0.5438583 28.32564 -0.04122023 28.52582 0.5106076 28.53002 0.5081744 19.22599 -0.04893299 19.46471 0.5083043 19.21543 -0.03688678 19.20763 -0.04122023 19.46143 0.5081744 19.22599 -0.04893299 28.52757 0.6449428 28.35102 0.5043643 28.52928 0.7042034 28.52928 0.7042034 28.76188 0.5248492 28.52756 0.6845788 28.76188 0.5248492 28.51326 0.4965386 28.53025 0.301739 28.76188 0.5248492 28.52815 0.2823174 28.35102 0.5043643 28.76188 0.5248492 28.53025 0.301739 28.52815 0.2823174 28.31234 0.00281728 28.35632 0.6466449 28.32879 0.009255099 19.20717 0.00281728 18.89598 0.6485139 18.8918 0.645599 28.32879 0.009255099 28.35195 0.6485139 28.31197 0.01442829 18.89389 0.8271444 18.70457 0.6097852 18.96463 0.5988769 28.35341 0.8643373 28.52864 0.5988769 28.21078 0.6792617 19.02977 0.6792617 18.70457 0.6097852 18.89348 0.8603061 28.52864 0.5988769 28.35286 0.4420471 28.21078 0.6792617 19.02977 0.6792617 18.89352 0.4369014 18.70457 0.6097852 28.35286 0.4420471 28.35338 0.4369014 28.21078 0.6792617 19.20983 -0.06651155 19.37534 0.7211831 19.37079 0.7229888 19.22683 -0.06893204 19.37534 0.7211831 19.20983 -0.06651155 28.31688 -0.06893204 28.15952 0.7223857 28.1555 0.7211831 28.28983 0.6877816 28.15582 0.5550525 28.03533 0.723678 28.15501 0.7628303 28.15848 0.5487248 28.28983 0.6877816 19.37428 0.7628303 19.37614 0.5550525 19.3726 0.5487248 28.31394 0.02936815 28.46769 0.5647179 28.4713 0.5633077 19.22554 0.03090705 19.20776 0.5647179 19.20632 0.02936815 19.20944 28.46974 19.06256 28.40666 19.23756 28.69803 19.20944 0.7287024 19.20926 0.7855692 19.06256 0.6533585 28.46978 0.7533213 28.30238 0.477209 28.46915 0.7855692 19.35664 0.477209 19.06256 0.6533585 19.20926 0.7855692 28.40666 0.6533585 28.46455 0.3779374 28.69803 0.5946097 19.06256 0.6533585 19.35664 0.477209 19.19436 0.3779374 28.30238 0.477209 28.46973 0.3750052 28.46973 0.3547 28.69803 0.5946097 28.46973 0.3750052 28.30238 0.477209 19.23756 0.5946097 19.19436 0.3779374 19.20946 0.3750052 19.35664 0.477209 19.20954 0.3547 19.19436 0.3779374 28.35488 -0.5156176 28.30832 -0.5173377 28.30107 0.4627764 19.19492 -0.5173377 19.22957 0.4624977 19.21311 0.4627764 28.3372 -0.5168473 28.31323 0.463045 28.30026 0.4624977 28.32671 0.2116856 28.31125 0.2235749 28.48538 0.5321309 19.20953 0.2235749 19.26813 0.5318106 19.26336 0.5321309 28.48602 0.6989571 28.27248 0.5930099 28.48746 0.7309443 19.25969 0.7309443 19.27111 0.4501853 19.288 0.7520951 28.48746 0.7309443 28.27248 0.5930099 28.4629 0.481113 19.27111 0.4501853 19.25969 0.7309443 19.19678 0.481113 28.31034 -0.03803256 28.18499 0.350509 28.18984 0.3514349 19.2119 -0.03803256 19.22492 -0.02324006 18.94553 0.350509 19.22492 -0.02324006 18.94416 0.3514349 18.94771 0.3534869 18.94555 0.4854853 18.72931 0.3848233 18.92945 0.3786406 18.94555 0.4854853 18.94558 0.5153377 18.72931 0.3848233 18.92945 0.3786406 18.72931 0.3848233 18.94535 0.201884 18.72931 28.29338 18.8944 27.94351 18.95911 28.18906 18.92945 0.3786406 18.94535 0.201884 18.95197 0.1887091 28.32743 0.05365617 28.27537 0.5711627 28.27986 0.5703488 19.21397 0.05056399 19.42043 0.568959 19.41627 0.5711627 19.22618 0.04519847 19.21224 0.05365617 19.41871 0.5703488 28.27693 0.7112905 28.42113 0.6062423 28.27738 0.7625274 28.09996 0.557956 28.42113 0.6062423 28.27507 0.3922765 19.54778 0.6062423 19.41845 0.4218563 19.42014 0.3922765 19.54778 0.6062423 19.20037 0.5159747 19.41845 0.4218563 19.20037 0.5159747 19.50992 0.557956 19.42014 0.3922765 19.20037 0.5159747 19.42014 0.3922765 19.41843 0.4329238 28.3262 -0.08578455 28.50106 0.560996 28.50579 0.559204 28.3262 -0.08578455 28.30757 -0.07731602 28.50106 0.560996 28.31693 -0.07794236 28.50455 0.5605557 28.50106 0.560996 19.22686 -0.07794236 19.21053 -0.08578455 19.1001 0.5605557 28.50346 0.7160215 28.6888 0.519311 28.50365 0.7456463 28.5036 0.7230781 28.50365 0.7456463 28.29907 0.5736632 19.09773 0.7230781 19.20005 0.5736632 18.86528 0.4917688 28.29907 0.5736632 28.6888 0.519311 28.50348 0.3788178 19.13313 28.6888 18.86528 28.53509 19.09748 28.50399 18.86528 0.4917688 19.20005 0.5736632 19.09762 0.4108407 19.20556 -0.09594646 19.22037 -0.09913702 19.17806 0.5836781 28.30811 -0.09913702 28.13072 0.5854176 28.12669 0.5836781 19.21933 -0.0916723 19.17636 0.585203 19.18091 0.5854176 19.17852 0.8230472 19.31654 0.5438583 19.17845 0.8115569 19.0164 0.4887644 19.17694 0.353227 19.17852 0.3670461 28.32564 -0.04122023 28.30813 -0.03688678 28.52582 0.5106076 19.21543 -0.03688678 19.46471 0.5083043 19.46105 0.5106076 28.31892 -0.04893299 28.53002 0.5081744 28.52595 0.5083043 28.52757 0.6449428 28.52756 0.6845788 28.35102 0.5043643 28.35102 0.5043643 28.52756 0.6845788 28.76188 0.5248492 28.52928 0.7042034 28.35102 0.5043643 28.51326 0.4965386 28.52928 0.7042034 28.51326 0.4965386 28.76188 0.5248492 28.35102 0.5043643 28.52815 0.2823174 28.51326 0.4965386 28.31234 0.00281728 28.35229 0.645599 28.35632 0.6466449 19.20717 0.00281728 19.22397 0.01442829 18.89598 0.6485139 28.32879 0.009255099 28.35632 0.6466449 28.35195 0.6485139 18.89348 0.8603061 18.89433 0.8643373 19.02977 0.6792617 28.35353 0.8271444 28.52864 0.5988769 28.35341 0.8643373 18.89389 0.8271444 18.89348 0.8603061 18.70457 0.6097852 28.35286 0.4420471 28.52864 0.5988769 28.35354 0.4720842 18.96463 28.52864 18.70457 28.40838 18.89389 28.35354 18.70457 0.6097852 18.89352 0.4369014 18.89389 0.4720842 28.32869 -0.06280804 28.30907 -0.06651155 28.15756 0.7229888 28.31688 -0.06893204 28.32869 -0.06280804 28.15952 0.7223857 19.21635 -0.06280804 19.37079 0.7229888 19.37504 0.7223857 28.15757 0.8847738 28.28983 0.6877816 28.14977 0.9083511 28.15757 0.8847738 28.15501 0.7628303 28.28983 0.6877816 19.37428 0.7628303 19.38081 0.9083511 19.52997 0.723678 28.14977 0.9083511 28.28983 0.6877816 28.03533 0.723678 19.37428 0.7628303 19.52997 0.723678 19.37614 0.5550525 28.15582 0.5550525 28.28983 0.6877816 28.15731 0.5735939 28.28983 0.6877816 28.15848 0.5487248 28.15731 0.5735939 28.3284 0.02394658 28.31394 0.02936815 28.4713 0.5633077 19.22554 0.03090705 19.2122 0.563947 19.20776 0.5647179 28.31087 0.03090705 28.3284 0.02394658 28.46985 0.563947 19.21648 0.02394658 19.20734 0.5633077 19.2122 0.563947 28.46978 0.7533213 28.46974 0.7287024 28.69803 0.5946097 28.30238 0.477209 28.46978 0.7533213 28.69803 0.5946097 28.03267 -0.5568834 28.05987 0.03702792 28.05037 0.03719099 28.03266 -0.5576299 28.05594 0.03685874 28.06062 -0.5579276 18.55429 -0.5568834 18.53063 0.03719099 18.52828 -0.5576299 28.05452 -0.1940465 28.18575 0.1826663 28.04314 -0.1891373 28.05098 -0.1935718 28.1858 0.1823779 28.18836 0.1813579 28.04314 -0.1891373 28.1858 0.1823779 28.05098 -0.1935718 18.53644 -0.1891373 18.50723 0.1826663 18.50464 0.1823779 18.51674 0.2810266 18.40374 0.1582494 18.5051 0.2914769 18.50642 0.2800817 18.50653 0.07007491 18.51674 0.2810266 28.19415 0.2810266 28.18831 0.07007491 28.18611 0.08293244 18.40374 0.1582494 18.50603 0.08162833 18.50653 0.07007491 28.04649 -0.1229218 27.87213 -0.02982671 27.87034 -0.03206397 28.04954 -0.1291413 27.87213 -0.02982671 28.05283 -0.1164784 18.5306 28.04954 18.44929 27.87034 18.4467 27.87123 18.44788 0.0879152 18.32208 -0.001309624 18.44624 0.1006862 27.87121 0.09448285 27.87092 0.1006862 27.99585 -0.02681302 27.87092 0.1006862 27.84152 -0.001309624 27.99585 -0.02681302 27.87121 0.09448285 27.99585 -0.02681302 27.80394 -0.02052935 18.44788 0.0879152 18.55049 -0.02052935 18.32208 -0.001309624 18.52795 27.93758 18.41956 27.84482 18.55049 27.80394 18.52795 27.93758 18.44175 27.99585 18.448 27.87121 18.41956 -0.1445121 18.448 -0.1495626 18.4478 -0.1442994 27.99585 -0.02681302 27.87124 -0.134446 27.87121 -0.1495626 18.53469 28.05616 18.7566 28.11789 18.54014 28.04807 18.53218 28.04677 18.75512 28.11635 18.75479 28.1193 18.54014 -0.2015608 18.75512 0.006608441 18.53218 -0.1898893 18.75553 28.11783 18.86565 28.1146 18.74616 27.94342 27.94342 0.028052 28.16826 0.01950846 28.11783 0.110746 28.16826 0.01950846 27.94342 0.028052 28.12458 -0.1073485 18.67745 0.01950846 18.74899 -0.1073485 18.75584 -0.1008588 18.86565 28.1146 18.75556 28.11777 18.74616 27.94342 18.67745 0.01950846 18.75584 -0.1008588 18.86565 -0.002279049 18.86565 -0.002279049 18.75584 -0.1008588 18.75556 -0.08033829 18.53031 -0.2240813 18.32862 0.01508198 18.53908 -0.2169317 28.04947 -0.2240813 28.13454 0.01686403 28.13697 0.01508198 28.13543 0.1600804 28.13901 0.07008352 28.05 0.01382722 18.32709 0.1041397 18.30493 -0.1164103 18.32823 0.07008352 28.13754 0.1041397 28.05 0.01382722 28.15321 -0.1164103 28.05 0.01382722 28.13901 0.07008352 28.13613 -0.1135382 28.13636 -0.1226741 28.13613 -0.1135382 28.13901 0.07008352 28.04846 -0.1605147 27.85052 0.1886224 27.8487 0.1877399 28.05549 -0.1528043 27.85052 0.1886224 28.04846 -0.1605147 18.62819 0.2662293 18.52672 0.1739396 18.62963 0.2969816 18.62819 0.2662293 18.62744 0.2833499 18.52672 0.1739396 18.62744 0.2833499 18.62726 0.1537807 18.52672 0.1739396 18.52672 0.1739396 18.6314 0.1330057 18.62963 0.2969816 27.84928 0.2833499 27.84561 0.13806 27.84999 0.1537807 18.52672 0.1739396 18.62726 0.1537807 18.6314 0.1330057 28.05115 -0.1911379 28.18977 0.2011924 28.18702 0.2021592 18.53054 -0.1904155 18.58938 0.2011924 18.54195 -0.1911379 28.05407 -0.1904155 28.18775 0.2023421 28.18977 0.2011924 28.18816 0.327833 28.31868 0.1833863 28.18802 0.35188 28.17787 0.2849536 28.31868 0.1833863 28.18816 0.327833 28.18802 0.35188 28.31868 0.1833863 28.0971 0.1858325 28.17787 0.2849536 28.18643 0.0627248 28.31868 0.1833863 18.7063 0.1858325 18.59087 0.06114478 18.58968 0.08252537 18.53285 -0.2540965 18.34107 0.2079987 18.54177 -0.2522824 28.05639 -0.2540965 27.93205 0.20647 27.93414 0.2079987 18.54177 -0.2522824 18.34173 0.207336 18.53193 -0.2583648 18.24634 0.2618698 18.34304 0.2761836 18.34092 0.3182956 27.8053 0.1949664 27.93254 0.1237646 27.93414 0.1009879 28.05256 -0.1889143 28.00311 0.08194144 27.99997 0.08126538 18.53024 -0.1800852 18.72066 0.08194144 18.54061 -0.1889143 18.53024 -0.1800852 18.71889 0.08296307 18.72066 0.08194144 28.04284 -0.1857604 28.0007 0.08296307 28.05088 -0.1800852 18.72019 28.00149 18.88668 27.98883 18.72114 27.86267 18.72019 0.1930563 18.72123 0.1968285 18.88668 0.06147769 18.62157 0.01784818 18.88668 0.06147769 18.72123 0.1968285 28.04614 0.1394651 27.86267 0.07205205 28.11126 0.01784818 28.11126 0.01784818 28.00136 -0.04190008 28.00144 -0.02720705 28.11126 0.01784818 28.00144 -0.02720705 28.00147 -0.04468627 18.52932 -0.2832369 18.41991 0.1896811 18.54029 -0.2810987 28.0431 -0.2767528 28.22189 0.1907516 28.05158 -0.2832369 18.53724 -0.2767528 18.42224 0.1912452 18.41934 0.1907516 18.42053 0.2885573 18.47126 0.2973024 18.42053 0.289205 28.22204 0.3220715 28.19654 0.1537947 28.30089 0.18174 28.30089 0.18174 28.22414 0.1013213 28.18165 0.2973024 28.30089 0.18174 28.19654 0.1537947 28.22307 0.07466924 28.03267 -0.5568834 28.06062 -0.5579276 28.05987 0.03702792 18.54516 -0.5579276 18.52336 0.03685874 18.53291 0.03702792 18.52828 -0.5576299 18.53063 0.03719099 18.52336 0.03685874 28.05452 -0.1940465 28.18836 0.1813579 28.18575 0.1826663 18.54077 -0.1940465 18.52907 -0.1935718 18.50648 0.1813579 18.5051 0.2914769 18.40374 0.1582494 18.50642 0.2800817 18.51674 0.2810266 18.50717 0.08293244 18.40374 0.1582494 18.50642 0.2800817 18.40374 0.1582494 18.50653 0.07007491 18.40374 0.1582494 18.50717 0.08293244 18.50603 0.08162833 18.54187 28.04649 18.53423 28.05283 18.44747 27.87213 28.04954 -0.1291413 27.87123 -0.03301484 27.87213 -0.02982671 18.5306 28.04954 18.54187 28.04649 18.44929 27.87034 18.44788 0.0879152 18.44818 0.09448285 18.55049 -0.02052935 27.99585 -0.02681302 27.93758 -0.09783942 27.80394 -0.02052935 27.84152 -0.001309624 27.84482 -0.1445121 27.99585 -0.02681302 18.32208 -0.001309624 18.55049 -0.02052935 18.41956 -0.1445121 18.44175 27.99585 18.41956 27.84482 18.44783 27.87124 18.41956 -0.1445121 18.4478 -0.1442994 18.44783 -0.134446 18.41956 -0.1445121 18.52795 -0.09783942 18.448 -0.1495626 18.53469 -0.1974268 18.75479 0.005794205 18.7566 0.003864559 28.05616 -0.1974268 28.04677 -0.1898893 28.1193 0.005794205 18.54014 -0.2015608 18.7566 0.003864559 18.75512 0.006608441 18.75551 0.09664268 18.75549 0.110746 18.67745 0.01950846 28.11783 0.110746 28.11783 0.08968167 27.94342 0.028052 18.75553 0.08968167 18.75551 0.09664268 18.86565 -0.002279049 18.75551 0.09664268 18.67745 0.01950846 18.86565 -0.002279049 27.94342 0.028052 28.11777 -0.08033829 28.12458 -0.1073485 28.04426 -0.2134885 28.05519 -0.2169317 28.13641 0.01778794 18.53908 -0.2169317 18.32862 0.01508198 18.33079 0.01778794 18.53031 -0.2240813 18.53754 -0.2134885 18.32918 0.01686403 18.53754 -0.2134885 18.33079 0.01778794 18.32918 0.01686403 28.13543 0.1600804 28.05 0.01382722 28.13754 0.1041397 18.32823 0.07008352 18.30493 -0.1164103 18.32939 -0.1226741 18.30493 -0.1164103 18.40294 0.01382722 18.32969 -0.1135382 18.53434 -0.1528043 18.62689 0.1898221 18.62982 0.1886224 28.05549 -0.1528043 28.04459 -0.159676 27.8508 0.1898221 28.04459 -0.159676 27.8487 0.1877399 27.8508 0.1898221 18.53092 -0.159676 18.54168 -0.1605147 18.62846 0.1877399 27.84928 0.2833499 27.85343 0.2969816 27.84561 0.13806 27.84561 0.13806 27.85343 0.2969816 27.8521 0.1330057 28.05407 -0.1904155 28.04439 -0.1862166 28.18775 0.2023421 18.5316 -0.1862166 18.59094 0.2021592 18.58809 0.2023421 18.5316 -0.1862166 18.54195 -0.1911379 18.59094 0.2021592 18.5899 0.35188 18.7063 0.1858325 18.55833 0.2849536 28.31868 0.1833863 28.18882 0.06114478 28.0971 0.1858325 18.55833 0.2849536 18.7063 0.1858325 18.58842 0.0627248 18.58842 0.0627248 18.7063 0.1858325 18.58968 0.08252537 28.18882 0.06114478 28.31868 0.1833863 28.18643 0.0627248 28.04716 -0.2522824 27.93414 0.2079987 27.93098 0.207336 28.05639 -0.2540965 28.04479 -0.2583648 27.93205 0.20647 18.53193 -0.2583648 18.34173 0.207336 18.33948 0.20647 27.93325 0.2761836 27.8053 0.1949664 27.9324 0.3110748 18.34092 0.3182956 18.34082 0.3110748 18.24634 0.2618698 27.9324 0.3110748 27.8053 0.1949664 28.00179 0.2618698 27.8053 0.1949664 27.93325 0.2761836 27.93189 0.1132289 28.00179 0.2618698 27.8053 0.1949664 27.93414 0.1009879 18.34304 0.2761836 18.32985 0.1009879 18.35042 0.1132289 18.34304 0.2761836 18.24634 0.2618698 18.32985 0.1009879 27.8053 0.1949664 27.93189 0.1132289 27.93254 0.1237646 18.53457 -0.1857604 18.72061 0.08126538 18.71889 0.08296307 28.04284 -0.1857604 28.05256 -0.1889143 27.99997 0.08126538 28.00142 0.2029334 28.00149 0.1930563 27.86267 0.07205205 18.72123 0.1968285 18.72007 0.2029334 18.59489 0.1394651 18.72007 28.00142 18.72114 27.86267 18.59489 28.04614 18.59489 0.1394651 18.62157 0.01784818 18.72123 0.1968285 28.11126 0.01784818 27.86267 0.07205205 28.00136 -0.04190008 18.72114 27.86267 18.88668 27.98883 18.72007 28.00136 18.88668 0.06147769 18.72019 -0.04468627 18.72007 -0.04190008 18.88668 0.06147769 18.62157 0.01784818 18.72019 -0.04468627 28.0431 -0.2767528 28.05432 -0.2810987 28.22277 0.1912452 18.54029 -0.2810987 18.41991 0.1896811 18.42224 0.1912452 28.05158 -0.2832369 28.22189 0.1907516 28.22453 0.1896811 18.42053 0.289205 18.47126 0.2973024 18.41829 0.3220715 18.42053 0.2885573 18.41754 0.18174 18.47126 0.2973024 28.22309 0.2885573 28.22204 0.3220715 28.30089 0.18174 18.47126 0.2973024 18.39888 0.1537947 18.41829 0.3220715 18.47126 0.2973024 18.42323 0.1013213 18.39888 0.1537947 28.22414 0.1013213 28.30089 0.18174 28.22307 0.07466924 28.53598 -0.853763 28.48473 -0.08278433 28.49874 -0.08257265 16.34479 -0.8547321 16.34322 -0.08300395 16.30713 -0.8551185 16.30395 -0.853763 16.33404 -0.08257265 16.34479 -0.8547321 28.50134 -0.4654177 28.56948 0.167103 28.57394 0.1662934 16.33277 -0.4672893 16.44532 0.167103 16.31579 -0.4654177 28.5094 -0.4691426 28.57394 0.1662934 28.56989 0.1663 28.57125 0.2898361 28.3849 0.1426908 28.57099 0.2916614 16.56694 28.3849 16.2429 28.55059 16.44768 28.57114 16.2429 0.1677065 16.44772 0.04614417 16.54768 0.1774418 28.76153 0.1774418 28.57109 0.03345588 28.3849 0.1426908 28.76153 0.1774418 28.57201 0.04614417 28.57109 0.03345588 28.49053 -0.3714713 28.60825 0.04159445 28.50521 -0.3802028 16.32753 -0.3714713 16.02336 0.04290403 16.02008 0.04159445 16.02112 0.14525 16.02097 0.1627112 16.16103 0.06544817 16.02097 0.1627112 16.03382 -0.0378513 16.16103 0.06544817 16.16103 0.06544817 16.03382 -0.0378513 16.02106 -0.07481501 28.49698 -0.4461937 28.33028 -0.1227876 28.51111 -0.4437974 16.33199 -0.4513677 16.4221 -0.124674 16.31641 -0.4461937 16.33199 -0.4513677 16.42613 -0.1245172 16.4221 -0.124674 16.42345 28.32778 16.26875 28.33667 16.32599 28.49114 16.32599 28.49114 16.26875 28.33667 16.42703 28.32812 16.26875 -0.1289929 16.42344 -0.2512203 16.42703 -0.199855 16.26875 -0.1289929 16.42376 -0.2144955 16.42344 -0.2512203 28.50882 -0.3505191 28.8806 -0.0844434 28.88253 -0.08763975 16.33748 28.49984 16.40734 28.87971 16.32024 28.49747 28.49984 -0.3423877 28.88253 -0.08763975 28.87971 -0.08459692 16.40518 28.88096 16.50047 29.13281 16.61263 28.73648 16.19445 28.90597 16.50047 29.13281 16.40537 28.88115 16.40535 0.06891743 16.61263 -0.1080532 16.19445 -0.09257116 16.50047 29.13281 16.19445 28.90597 16.40517 28.88104 29.13281 -0.09798693 28.88104 -0.2182594 28.87996 -0.2353144 16.19445 -0.09257116 16.40465 -0.2353144 16.40514 -0.2393992 28.49264 -0.4750518 28.39133 -0.1298518 28.50714 -0.47364 16.33628 -0.4662332 16.14358 -0.1290237 16.14708 -0.1277483 16.1451 -0.04218088 16.32697 -0.1736248 16.14457 0.004651435 16.1451 -0.04218088 16.11389 -0.1321893 16.32697 -0.1736248 16.1451 28.3939 15.96709 28.28215 16.11389 28.49846 16.1451 -0.04218088 16.14513 -0.01000668 15.96709 -0.111029 16.14513 -0.01000668 16.14457 0.004651435 15.96709 -0.111029 16.14457 0.004651435 16.32697 -0.1736248 15.96709 -0.111029 28.28215 -0.111029 28.39151 -0.2550334 28.49846 -0.1321893 16.32697 -0.1736248 16.14548 -0.2550334 15.96709 -0.111029 16.11389 28.49846 16.14511 28.3939 16.32697 28.41415 28.49846 -0.1321893 28.39151 -0.2550334 28.39389 -0.2235363 28.51049 -0.2761154 28.49032 -0.07578052 28.49362 -0.07699175 28.5038 -0.2853123 28.49362 -0.07699175 28.48869 -0.07808587 16.32096 -0.2761154 16.47508 -0.07699175 16.33557 -0.2853123 28.48881 0.03477206 28.50001 -0.1808689 28.49163 0.03763767 16.47459 0.03477206 16.47798 0.01079436 16.47171 -0.1839432 28.49163 0.03763767 28.50001 -0.1808689 28.64951 -0.138348 28.49109 0.01079436 28.64951 -0.138348 28.49097 -0.1839432 28.49084 -0.2355259 28.6524 0.1177472 28.50594 -0.2433487 28.49084 -0.2355259 28.65265 0.1190569 28.64877 0.1197061 16.33518 -0.2396413 16.20319 0.1177472 16.20821 0.1190569 28.8573 0.110163 28.65141 0.0538021 28.65041 0.2926059 28.65187 0.2944285 28.44117 0.0933924 28.8573 0.110163 28.65141 0.0538021 28.44117 0.0933924 28.65041 0.2926059 28.8573 0.110163 28.44117 0.0933924 28.6519 -0.04754838 28.44117 0.0933924 28.6513 -0.02646104 28.6519 -0.04754838 28.49723 -0.4327822 28.16984 0.04541433 28.51146 -0.4239774 16.31626 -0.4327822 16.30314 0.04338906 16.29819 0.04330293 28.51146 -0.4239774 28.16612 0.04338906 28.49714 -0.4319493 16.30057 0.1639456 16.14045 0.01064065 16.30095 0.1881868 16.30057 0.1639456 16.30023 0.1814936 16.14045 0.01064065 28.16816 0.1814936 28.16799 0.1881868 27.963 0.03735759 28.16799 0.1881868 28.27007 0.02254624 27.963 0.03735759 16.14045 0.01064065 16.52946 0.02254624 16.30095 0.1881868 27.963 0.03735759 28.31577 0.01064065 28.16816 0.1814936 16.52946 28.27007 16.14045 28.31577 16.30098 28.16759 27.963 0.03735759 28.16754 -0.0856877 28.31577 0.01064065 16.14045 0.01064065 16.30037 -0.0856877 16.30098 -0.09598212 27.963 0.03735759 28.16745 -0.058378 28.16754 -0.0856877 27.963 0.03735759 28.16759 -0.09598212 28.16745 -0.058378 28.50037 -0.4151369 28.62748 -0.1340873 28.63194 -0.1361443 16.33604 -0.4200367 16.44069 -0.1360891 16.43655 -0.1340873 28.51074 -0.4236112 28.62931 -0.1360891 28.49659 -0.4200367 16.43809 28.6294 16.60605 28.60622 16.43644 28.61486 16.43809 28.62938 16.43644 28.61486 16.33788 28.79586 16.33788 -0.1047511 16.43777 -0.290938 16.60605 -0.117242 16.43777 -0.290938 16.43935 -0.2840275 16.60605 -0.117242 16.60605 -0.117242 16.43935 -0.2840275 16.29177 -0.189766 16.29177 28.47431 16.43807 28.6294 16.33788 28.79586 28.53598 -0.853763 28.48845 -0.8551185 28.48473 -0.08278433 16.30713 -0.8551185 16.34322 -0.08300395 16.32666 -0.08278433 28.52561 -0.8547321 28.49874 -0.08257265 28.48709 -0.08300395 16.33277 -0.4672893 16.45018 0.1663 16.44532 0.167103 28.49279 -0.4672893 28.5094 -0.4691426 28.56989 0.1663 16.33501 -0.4691426 16.31579 -0.4654177 16.44792 0.1662934 28.57125 0.2898361 28.76153 0.1774418 28.3849 0.1426908 28.57114 0.2698937 28.57099 0.2916614 28.3849 0.1426908 16.4476 28.57125 16.2429 28.55059 16.54768 28.76153 16.4476 0.2898361 16.44768 0.2698937 16.2429 0.1677065 16.44772 0.04614417 16.2429 0.1677065 16.44774 0.06126255 16.2429 28.55059 16.56694 28.3849 16.44774 28.57109 28.3849 0.1426908 28.57109 0.03345588 28.57109 0.06126255 28.50521 -0.3802028 28.60825 0.04159445 28.61345 0.04075067 28.49053 -0.3714713 28.51054 -0.3720731 28.61141 0.04290403 16.33368 -0.3720731 16.02053 0.04075067 16.02336 0.04290403 16.33368 -0.3720731 16.31833 -0.3802028 16.02053 0.04075067 16.02097 0.1627112 16.04389 0.04522812 16.03382 -0.0378513 16.04389 0.04522812 16.02112 0.14525 16.16103 0.06544817 28.6068 -0.0378513 28.5933 0.04522812 28.58658 -0.07618582 16.04389 0.04522812 16.16103 0.06544817 16.02106 -0.07481501 28.58658 -0.07618582 28.5933 0.04522812 28.61063 -0.07481501 28.49698 -0.4461937 28.32551 -0.124674 28.33028 -0.1227876 28.49396 -0.4513677 28.51111 -0.4437974 28.32806 -0.1245172 16.33197 -0.4437974 16.42309 -0.1227876 16.42613 -0.1245172 28.32778 -0.005481338 28.49114 -0.06087449 28.32693 -0.01133319 28.32778 -0.005481338 28.32778 -0.01552081 28.49114 -0.06087449 16.42345 -0.01552081 16.42498 -0.01133319 16.26875 -0.1289929 28.49114 -0.06087449 28.32812 -0.199855 28.32693 -0.01133319 16.42498 -0.01133319 16.42376 -0.2144955 16.26875 -0.1289929 28.32693 -0.01133319 28.32812 -0.199855 28.32439 -0.2144955 28.50882 -0.3505191 28.49747 -0.3352468 28.8806 -0.0844434 16.32024 28.49747 16.40734 28.87971 16.40247 28.8806 28.49984 -0.3423877 28.50882 -0.3505191 28.88253 -0.08763975 16.40535 28.88069 16.19445 28.90597 16.40537 28.88115 16.40535 0.06891743 16.40518 0.04633831 16.61263 -0.1080532 28.88096 0.04633831 28.88115 0.06937053 29.13281 -0.09798693 16.61263 -0.1080532 16.40465 -0.2353144 16.19445 -0.09257116 16.61263 28.73648 16.50047 29.13281 16.40465 28.87996 16.19445 -0.09257116 16.40514 -0.2393992 16.40517 -0.2182594 28.50714 -0.47364 28.39133 -0.1298518 28.39619 -0.1290237 16.32283 -0.4750518 16.33628 -0.4662332 16.14461 -0.1298518 28.50417 -0.4662332 28.39525 -0.1277483 28.39133 -0.1298518 16.33628 -0.4662332 16.31748 -0.47364 16.14358 -0.1290237 16.14548 -0.2550334 16.32697 -0.1736248 16.14511 -0.2237431 28.49846 -0.1321893 28.39389 -0.2235363 28.3939 -0.2237431 28.51049 -0.2761154 28.49369 -0.2763125 28.49032 -0.07578052 16.31997 -0.2763125 16.4765 -0.07808587 16.47284 -0.07578052 16.31997 -0.2763125 16.33557 -0.2853123 16.4765 -0.07808587 28.49163 0.03763767 28.64951 -0.138348 28.49109 0.01079436 16.47459 0.03477206 16.47171 -0.1839432 16.46016 -0.1808689 28.49097 -0.1839432 28.64951 -0.138348 28.49078 -0.1895788 16.59925 28.64951 16.46016 28.50001 16.4751 28.49078 28.49084 -0.2355259 28.64877 0.1197061 28.6524 0.1177472 28.49084 -0.2355259 28.50951 -0.2396413 28.65265 0.1190569 16.33518 -0.2396413 16.31743 -0.2433487 16.20319 0.1177472 28.65329 0.2954132 28.8573 0.110163 28.65041 0.2926059 16.20488 28.65187 16.20718 28.65041 16.19044 28.44117 28.65187 0.2944285 28.8573 0.110163 28.65329 0.2954132 28.8573 0.110163 28.6519 -0.04754838 28.65141 0.0538021 28.44117 0.0933924 28.65141 0.0538021 28.6513 -0.02646104 28.49723 -0.4327822 28.16636 0.04330293 28.16984 0.04541433 16.31626 -0.4327822 16.33606 -0.4319493 16.30314 0.04338906 28.51146 -0.4239774 28.16984 0.04541433 28.16612 0.04338906 16.52946 28.27007 16.30098 28.16759 16.31934 27.963 16.31644 -0.4151369 16.33604 -0.4200367 16.43655 -0.1340873 16.33101 -0.4236112 16.43784 -0.1361443 16.44069 -0.1360891 16.33101 -0.4236112 16.31644 -0.4151369 16.43784 -0.1361443 16.43809 -0.008670807 16.43809 -0.005666018 16.60605 -0.117242 16.43809 -0.005666018 16.33788 -0.1047511 16.60605 -0.117242 16.29177 -0.189766 16.43644 -0.005690203 16.60605 -0.117242 28.79586 -0.1047511 28.61486 -0.005690203 28.47431 -0.189766 28.63178 -0.290938 28.79586 -0.1047511 28.6294 -0.2523542 28.47431 -0.189766 28.62946 -0.2840275 28.6294 -0.2523542</float_array>
          <technique_common>
            <accessor source="#uv-array" count="1872" stride="2">
              <param name="S" type="float" />
              <param name="T" type="float" />
            </accessor>
          </technique_common>
        </source>
        <vertices id="vertices">
          <input semantic="POSITION" source="#positions" />
        </vertices>
        <triangles count="240" material="m0">
          <input semantic="VERTEX" source="#vertices" offset="0" />
          <input semantic="NORMAL" source="#normals" offset="1" />
          <input semantic="TEXCOORD" source="#uv" offset="2" set="0" />
          <p>0 0 0 4 0 1 3 0 2 2 1 3 5 1 4 1 1 5 0 2 6 3 2 7 2 2 8 6 3 9 10 3 10 9 3 11 8 4 12 10 4 13 7 4 14 8 5 15 9 5 16 11 5 17 22 12 36 24 12 37 21 12 38 22 13 39 25 13 40 24 13 41 23 14 42 26 14 43 22 14 44 23 15 45 24 15 46 26 15 47 36 25 75 38 25 76 35 25 77 36 26 78 40 26 79 39 26 80 37 27 81 40 27 82 36 27 83 37 28 84 38 28 85 40 28 86 53 40 120 57 40 121 56 40 122 54 41 123 57 41 124 53 41 125 66 47 141 69 47 142 65 47 143 66 48 144 70 48 145 69 48 146 65 49 147 68 49 148 67 49 149 81 57 171 84 57 172 80 57 173 81 58 174 85 58 175 84 58 176 80 59 177 85 59 178 82 59 179 96 67 201 99 67 202 98 67 203 97 68 204 99 68 205 96 68 206 109 74 222 111 74 223 108 74 224 110 75 225 112 75 226 109 75 227 108 76 228 113 76 229 110 76 230 123 84 252 126 84 253 122 84 254 123 85 255 127 85 256 126 85 257 124 86 258 127 86 259 123 86 260 124 87 261 125 87 262 127 87 263 0 91 273 1 91 274 4 91 275 1 92 276 5 92 277 4 92 278 2 93 279 3 93 280 5 93 281 6 94 282 7 94 283 10 94 284 8 95 285 11 95 286 10 95 287 8 96 288 6 96 289 9 96 290 22 103 309 26 103 310 25 103 311 23 104 312 21 104 313 24 104 314 36 106 318 39 106 319 38 106 320 37 107 321 35 107 322 38 107 323 52 113 339 56 113 340 55 113 341 52 114 342 53 114 343 56 114 344 54 115 345 55 115 346 57 115 347 54 116 348 52 116 349 55 116 350 65 120 360 69 120 361 68 120 362 66 121 363 67 121 364 70 121 365 67 122 366 68 122 367 70 122 368 80 128 384 84 128 385 83 128 386 81 129 387 82 129 388 85 129 389 80 130 390 83 130 391 85 130 392 95 136 408 96 136 409 98 136 410 97 137 411 100 137 412 99 137 413 97 138 414 95 138 415 100 138 416 95 139 417 98 139 418 100 139 419 109 143 429 112 143 430 111 143 431 110 144 432 113 144 433 112 144 434 108 145 435 111 145 436 113 145 437 122 149 447 126 149 448 125 149 449 124 150 450 122 150 451 125 150 452 135 156 468 139 156 469 138 156 470 137 157 471 140 157 472 136 157 473 135 158 474 138 158 475 137 158 476 141 159 477 145 159 478 144 159 479 143 160 480 146 160 481 142 160 482 143 161 483 144 161 484 146 161 485 141 162 486 144 162 487 143 162 488 155 167 501 157 167 502 154 167 503 156 168 504 159 168 505 158 168 506 154 169 507 157 169 508 156 169 509 169 175 525 172 175 526 168 175 527 170 176 528 173 176 529 169 176 530 170 177 531 171 177 532 173 177 533 185 184 552 187 184 553 184 184 554 183 185 555 186 185 556 188 185 557 199 192 576 201 192 577 198 192 578 199 193 579 202 193 580 201 193 581 198 194 582 203 194 583 200 194 584 212 203 609 216 203 610 215 203 611 214 204 612 217 204 613 213 204 614 212 205 615 215 205 616 214 205 617 227 211 633 229 211 634 226 211 635 227 212 636 231 212 637 230 212 638 226 213 639 231 213 640 228 213 641 242 220 660 245 220 661 244 220 662 243 221 663 245 221 664 242 221 665 243 222 666 246 222 667 245 222 668 256 226 678 259 226 679 258 226 680 257 227 681 259 227 682 256 227 683 135 238 714 136 238 715 139 238 716 136 239 717 140 239 718 139 239 719 137 240 720 138 240 721 140 240 722 141 241 723 142 241 724 145 241 725 142 242 726 146 242 727 145 242 728 155 247 741 158 247 742 157 247 743 155 248 744 156 248 745 158 248 746 156 249 747 157 249 748 159 249 749 168 255 765 172 255 766 171 255 767 169 256 768 173 256 769 172 256 770 170 257 771 168 257 772 171 257 773 183 264 792 187 264 793 186 264 794 183 265 795 184 265 796 187 265 797 185 266 798 188 266 799 187 266 800 185 267 801 183 267 802 188 267 803 199 274 822 200 274 823 202 274 824 200 275 825 203 275 826 202 275 827 198 276 828 201 276 829 203 276 830 212 279 837 213 279 838 216 279 839 213 280 840 217 280 841 216 280 842 214 281 843 215 281 844 217 281 845 227 287 861 230 287 862 229 287 863 227 288 864 228 288 865 231 288 866 226 289 867 229 289 868 231 289 869 241 296 888 242 296 889 244 296 890 243 297 891 241 297 892 246 297 893 241 298 894 244 298 895 246 298 896 255 306 918 256 306 919 258 306 920 257 307 921 260 307 922 259 307 923 257 308 924 255 308 925 260 308 926 255 309 927 258 309 928 260 309 929 270 312 936 274 312 937 273 312 938 272 313 939 275 313 940 271 313 941 270 314 942 273 314 943 272 314 944 277 315 945 279 315 946 276 315 947 278 316 948 281 316 949 280 316 950 276 317 951 281 317 952 278 317 953 276 318 954 279 318 955 281 318 956 289 323 969 293 323 970 292 323 971 291 324 972 293 324 973 290 324 974 291 325 975 292 325 976 294 325 977 307 335 1005 309 335 1006 306 335 1007 308 336 1008 311 336 1009 310 336 1010 306 337 1011 311 337 1012 308 337 1013 323 345 1035 325 345 1036 322 345 1037 323 346 1038 326 346 1039 325 346 1040 334 352 1056 338 352 1057 337 352 1058 335 353 1059 338 353 1060 334 353 1061 347 360 1080 351 360 1081 350 360 1082 348 361 1083 351 361 1084 347 361 1085 348 362 1086 352 362 1087 351 362 1088 362 368 1104 365 368 1105 361 368 1106 362 369 1107 366 369 1108 365 369 1109 361 370 1110 364 370 1111 363 370 1112 375 373 1119 379 373 1120 378 373 1121 376 374 1122 379 374 1123 375 374 1124 376 375 1125 380 375 1126 379 375 1127 377 376 1128 380 376 1129 376 376 1130 393 383 1149 395 383 1150 392 383 1151 391 384 1152 396 384 1153 393 384 1154 391 385 1155 394 385 1156 396 385 1157 270 390 1170 271 390 1171 274 390 1172 271 391 1173 275 391 1174 274 391 1175 272 392 1176 273 392 1177 275 392 1178 277 393 1179 280 393 1180 279 393 1181 277 394 1182 278 394 1183 280 394 1184 289 399 1197 290 399 1198 293 399 1199 291 400 1200 294 400 1201 293 400 1202 291 401 1203 289 401 1204 292 401 1205 307 409 1227 310 409 1228 309 409 1229 307 410 1230 308 410 1231 310 410 1232 306 411 1233 309 411 1234 311 411 1235 321 417 1251 322 417 1252 324 417 1253 322 418 1254 325 418 1255 324 418 1256 323 419 1257 321 419 1258 326 419 1259 321 420 1260 324 420 1261 326 420 1262 335 424 1272 339 424 1273 338 424 1274 335 425 1275 336 425 1276 339 425 1277 336 426 1278 337 426 1279 339 426 1280 336 427 1281 334 427 1282 337 427 1283 348 430 1290 349 430 1291 352 430 1292 349 431 1293 350 431 1294 352 431 1295 349 432 1296 347 432 1297 350 432 1298 361 438 1314 365 438 1315 364 438 1316 362 439 1317 363 439 1318 366 439 1319 363 440 1320 364 440 1321 366 440 1322 377 449 1347 378 449 1348 380 449 1349 377 450 1350 375 450 1351 378 450 1352 391 459 1377 392 459 1378 394 459 1379 392 460 1380 395 460 1381 394 460 1382 393 461 1383 396 461 1384 395 461 1385 405 468 1404 409 468 1405 408 468 1406 407 469 1407 410 469 1408 406 469 1409 405 470 1410 408 470 1411 407 470 1412 411 471 1413 415 471 1414 414 471 1415 412 472 1416 415 472 1417 411 472 1418 413 473 1419 414 473 1420 416 473 1421 427 479 1437 430 479 1438 426 479 1439 427 480 1440 431 480 1441 430 480 1442 440 484 1452 442 484 1453 439 484 1454 441 485 1455 443 485 1456 440 485 1457 441 486 1458 444 486 1459 443 486 1460 453 491 1473 457 491 1474 456 491 1475 455 492 1476 458 492 1477 454 492 1478 455 493 1479 456 493 1480 458 493 1481 469 500 1500 472 500 1501 468 500 1502 470 501 1503 471 501 1504 473 501 1505 483 512 1536 487 512 1537 486 512 1538 485 513 1539 486 513 1540 488 513 1541 483 514 1542 486 514 1543 485 514 1544 497 519 1557 499 519 1558 496 519 1559 497 520 1560 501 520 1561 500 520 1562 498 521 1563 499 521 1564 501 521 1565 511 527 1581 513 527 1582 510 527 1583 511 528 1584 515 528 1585 514 528 1586 510 529 1587 515 529 1588 512 529 1589 525 541 1623 529 541 1624 528 541 1625 526 542 1626 530 542 1627 529 542 1628 527 543 1629 530 543 1630 526 543 1631 405 550 1650 406 550 1651 409 550 1652 406 551 1653 410 551 1654 409 551 1655 407 552 1656 408 552 1657 410 552 1658 412 553 1659 416 553 1660 415 553 1661 412 554 1662 413 554 1663 416 554 1664 413 555 1665 411 555 1666 414 555 1667 426 563 1689 430 563 1690 429 563 1691 427 564 1692 428 564 1693 431 564 1694 428 565 1695 429 565 1696 431 565 1697 428 566 1698 426 566 1699 429 566 1700 440 572 1716 443 572 1717 442 572 1718 441 573 1719 439 573 1720 444 573 1721 439 574 1722 442 574 1723 444 574 1724 453 581 1743 454 581 1744 457 581 1745 454 582 1746 458 582 1747 457 582 1748 455 583 1749 453 583 1750 456 583 1751 468 590 1770 472 590 1771 471 590 1772 469 591 1773 470 591 1774 472 591 1775 470 592 1776 473 592 1777 472 592 1778 470 593 1779 468 593 1780 471 593 1781 483 596 1788 484 596 1789 487 596 1790 484 597 1791 488 597 1792 487 597 1793 484 598 1794 485 598 1795 488 598 1796 497 603 1809 500 603 1810 499 603 1811 497 604 1812 498 604 1813 501 604 1814 498 605 1815 496 605 1816 499 605 1817 511 611 1833 514 611 1834 513 611 1835 511 612 1836 512 612 1837 515 612 1838 510 613 1839 513 613 1840 515 613 1841 525 615 1845 526 615 1846 529 615 1847 527 616 1848 528 616 1849 530 616 1850 527 617 1851 525 617 1852 528 617 1853</p>
        </triangles>
        <triangles count="30" material="m4">
          <input semantic="VERTEX" source="#vertices" offset="0" />
          <input semantic="NORMAL" source="#normals" offset="1" />
          <input semantic="TEXCOORD" source="#uv" offset="2" set="0" />
          <p>12 6 18 17 6 19 14 6 20 12 7 21 16 7 22 15 7 23 17 8 24 15 8 25 19 8 26 16 9 27 20 9 28 15 9 29 17 10 30 19 10 31 16 10 32 16 11 33 18 11 34 20 11 35 60 42 126 58 42 127 59 42 128 58 43 129 62 43 130 59 43 131 58 44 132 61 44 133 62 44 134 59 45 135 62 45 136 64 45 137 61 46 138 64 46 139 63 46 140 12 97 291 15 97 292 17 97 293 12 98 294 13 98 295 16 98 296 13 99 297 14 99 298 16 99 299 14 100 300 17 100 301 16 100 302 19 101 303 15 101 304 20 101 305 16 102 306 19 102 307 18 102 308 60 117 351 59 117 352 64 117 353 62 118 354 61 118 355 63 118 356 61 119 357 60 119 358 64 119 359 446 487 1461 450 487 1462 447 487 1463 447 488 1464 450 488 1465 451 488 1466 450 489 1467 452 489 1468 451 489 1469 450 490 1470 448 490 1471 452 490 1472 445 575 1725 447 575 1726 449 575 1727 445 576 1728 446 576 1729 447 576 1730 446 577 1731 449 577 1732 450 577 1733 447 578 1734 451 578 1735 449 578 1736 449 579 1737 448 579 1738 450 579 1739 449 580 1740 451 580 1741 448 580 1742</p>
        </triangles>
        <triangles count="76" material="m2">
          <input semantic="VERTEX" source="#vertices" offset="0" />
          <input semantic="NORMAL" source="#normals" offset="1" />
          <input semantic="TEXCOORD" source="#uv" offset="2" set="0" />
          <p>27 16 48 30 16 49 31 16 50 28 17 51 34 17 52 29 17 53 27 18 54 31 18 55 28 18 56 29 19 57 34 19 58 30 19 59 28 20 60 31 20 61 34 20 62 31 21 63 32 21 64 34 21 65 31 22 66 33 22 67 32 22 68 30 23 69 33 23 70 31 23 71 30 24 72 34 24 73 33 24 74 101 69 207 104 69 208 102 69 209 102 70 210 103 70 211 105 70 212 102 71 213 104 71 214 103 71 215 105 72 216 103 72 217 106 72 218 104 73 219 106 73 220 107 73 221 29 105 315 30 105 316 27 105 317 101 140 420 105 140 421 104 140 422 104 141 423 105 141 424 106 141 425 103 142 426 104 142 427 107 142 428 176 178 534 178 178 535 175 178 536 176 179 537 174 179 538 181 179 539 178 180 540 177 180 541 174 180 542 181 181 543 178 181 544 176 181 545 174 182 546 177 182 547 181 182 548 181 183 549 182 183 550 180 183 551 175 258 774 178 258 775 174 258 776 177 259 777 178 259 778 179 259 779 178 260 780 180 260 781 179 260 782 178 261 783 181 261 784 180 261 785 181 262 786 177 262 787 179 262 788 181 263 789 179 263 790 182 263 791 297 326 978 298 326 979 296 326 980 295 327 981 296 327 982 300 327 983 296 328 984 298 328 985 300 328 986 295 329 987 300 329 988 299 329 989 297 330 990 299 330 991 298 330 992 301 331 993 302 331 994 299 331 995 301 332 996 300 332 997 303 332 998 302 333 999 303 333 1000 305 333 1001 300 334 1002 304 334 1003 303 334 1004 340 354 1062 344 354 1063 343 354 1064 340 355 1065 341 355 1066 344 355 1067 341 356 1068 345 356 1069 344 356 1070 344 357 1071 346 357 1072 343 357 1073 341 358 1074 342 358 1075 345 358 1076 344 359 1077 345 359 1078 346 359 1079 398 386 1158 400 386 1159 397 386 1160 399 387 1161 404 387 1162 401 387 1163 401 388 1164 402 388 1165 400 388 1166 401 389 1167 404 389 1168 403 389 1169 297 402 1206 295 402 1207 299 402 1208 300 403 1209 301 403 1210 299 403 1211 298 404 1212 302 404 1213 300 404 1214 298 405 1215 299 405 1216 302 405 1217 300 406 1218 302 406 1219 304 406 1220 302 407 1221 305 407 1222 304 407 1223 302 408 1224 301 408 1225 303 408 1226 341 428 1284 343 428 1285 342 428 1286 342 429 1287 343 429 1288 346 429 1289 397 462 1386 400 462 1387 399 462 1388 398 463 1389 401 463 1390 400 463 1391 398 464 1392 399 464 1393 401 464 1394 400 465 1395 404 465 1396 399 465 1397 400 466 1398 402 466 1399 404 466 1400 402 467 1401 401 467 1402 403 467 1403 461 494 1482 464 494 1483 460 494 1484 462 495 1485 464 495 1486 459 495 1487 463 496 1488 460 496 1489 462 496 1490 464 497 1491 462 497 1492 465 497 1493 464 498 1494 465 498 1495 466 498 1496 462 499 1497 466 499 1498 467 499 1499 463 584 1752 462 584 1753 459 584 1754 463 585 1755 461 585 1756 460 585 1757 461 586 1758 459 586 1759 464 586 1760 460 587 1761 466 587 1762 462 587 1763 460 588 1764 464 588 1765 466 588 1766 462 589 1767 467 589 1768 465 589 1769</p>
        </triangles>
        <triangles count="104" material="m5">
          <input semantic="VERTEX" source="#vertices" offset="0" />
          <input semantic="NORMAL" source="#normals" offset="1" />
          <input semantic="TEXCOORD" source="#uv" offset="2" set="0" />
          <p>42 29 87 43 29 88 41 29 89 42 30 90 45 30 91 44 30 92 46 31 93 45 31 94 42 31 95 46 32 96 47 32 97 45 32 98 41 33 99 43 33 100 46 33 101 42 34 102 44 34 103 43 34 104 46 35 105 43 35 106 47 35 107 43 36 108 48 36 109 47 36 110 45 37 111 50 37 112 44 37 113 48 38 114 51 38 115 50 38 116 48 39 117 49 39 118 51 39 119 71 50 150 72 50 151 76 50 152 73 51 153 75 51 154 74 51 155 71 52 156 75 52 157 73 52 158 72 53 159 74 53 160 76 53 161 74 54 162 78 54 163 76 54 164 75 55 165 78 55 166 74 55 167 77 56 168 78 56 169 75 56 170 131 88 264 129 88 265 132 88 266 128 89 267 133 89 268 129 89 269 132 90 270 133 90 271 128 90 272 47 108 324 48 108 325 45 108 326 43 109 327 44 109 328 48 109 329 44 110 330 50 110 331 49 110 332 45 111 333 48 111 334 50 111 335 48 112 336 44 112 337 49 112 338 72 123 369 73 123 370 74 123 371 71 124 372 76 124 373 75 124 374 75 125 375 76 125 376 77 125 377 77 126 378 76 126 379 79 126 380 76 127 381 78 127 382 79 127 383 128 151 453 131 151 454 132 151 455 131 152 456 130 152 457 129 152 458 130 153 459 128 153 460 129 153 461 132 154 462 129 154 463 134 154 464 132 155 465 134 155 466 133 155 467 206 195 585 208 195 586 205 195 587 204 196 588 209 196 589 206 196 590 208 197 591 207 197 592 204 197 593 204 198 594 207 198 595 209 198 596 206 199 597 209 199 598 208 199 599 209 200 600 211 200 601 208 200 602 207 201 603 210 201 604 209 201 605 211 202 606 207 202 607 208 202 608 261 228 684 265 228 685 266 228 686 261 229 687 262 229 688 265 229 689 264 230 690 263 230 691 262 230 692 263 231 693 265 231 694 262 231 695 265 232 696 267 232 697 266 232 698 265 233 699 263 233 700 267 233 701 263 234 702 269 234 703 268 234 704 266 235 705 269 235 706 263 235 707 266 236 708 267 236 709 269 236 710 263 237 711 268 237 712 267 237 713 205 277 831 208 277 832 204 277 833 209 278 834 210 278 835 211 278 836 264 310 930 261 310 931 266 310 932 263 311 933 264 311 934 266 311 935 313 338 1014 317 338 1015 315 338 1016 315 339 1017 316 339 1018 314 339 1019 316 340 1020 315 340 1021 319 340 1022 316 341 1023 319 341 1024 318 341 1025 317 342 1026 320 342 1027 315 342 1028 316 343 1029 318 343 1030 317 343 1031 317 344 1032 318 344 1033 320 344 1034 312 412 1236 314 412 1237 316 412 1238 314 413 1239 313 413 1240 315 413 1241 313 414 1242 312 414 1243 317 414 1244 312 415 1245 316 415 1246 317 415 1247 315 416 1248 320 416 1249 319 416 1250 419 474 1422 421 474 1423 417 474 1424 421 475 1425 420 475 1426 418 475 1427 420 476 1428 424 476 1429 422 476 1430 422 477 1431 423 477 1432 421 477 1433 422 478 1434 424 478 1435 423 478 1436 474 502 1506 480 502 1507 478 502 1508 474 503 1509 476 503 1510 480 503 1511 474 504 1512 477 504 1513 476 504 1514 474 505 1515 475 505 1516 477 505 1517 475 506 1518 478 506 1519 477 506 1520 478 507 1521 480 507 1522 477 507 1523 477 508 1524 479 508 1525 476 508 1526 480 509 1527 479 509 1528 477 509 1529 476 510 1530 481 510 1531 480 510 1532 476 511 1533 479 511 1534 482 511 1535 504 522 1566 508 522 1567 503 522 1568 502 523 1569 507 523 1570 504 523 1571 508 524 1572 507 524 1573 503 524 1574 504 525 1575 507 525 1576 506 525 1577 507 526 1578 509 526 1579 506 526 1580 419 556 1668 422 556 1669 421 556 1670 418 557 1671 417 557 1672 421 557 1673 419 558 1674 420 558 1675 422 558 1676 419 559 1677 418 559 1678 420 559 1679 424 560 1680 420 560 1681 425 560 1682 420 561 1683 421 561 1684 425 561 1685 421 562 1686 423 562 1687 425 562 1688 479 594 1782 480 594 1783 481 594 1784 476 595 1785 482 595 1786 481 595 1787 505 606 1818 504 606 1819 503 606 1820 502 607 1821 503 607 1822 507 607 1823 502 608 1824 504 608 1825 505 608 1826 504 609 1827 506 609 1828 508 609 1829 507 610 1830 508 610 1831 509 610 1832</p>
        </triangles>
        <triangles count="94" material="m3">
          <input semantic="VERTEX" source="#vertices" offset="0" />
          <input semantic="NORMAL" source="#normals" offset="1" />
          <input semantic="TEXCOORD" source="#uv" offset="2" set="0" />
          <p>86 60 180 88 60 181 89 60 182 86 61 183 90 61 184 88 61 185 87 62 186 89 62 187 90 62 188 88 63 189 91 63 190 89 63 191 88 64 192 93 64 193 92 64 194 88 65 195 94 65 196 93 65 197 90 66 198 92 66 199 94 66 200 86 131 393 87 131 394 90 131 395 90 132 396 89 132 397 91 132 398 90 133 399 91 133 400 92 133 401 91 134 402 88 134 403 92 134 404 88 135 405 90 135 406 94 135 407 149 163 489 147 163 490 150 163 491 147 164 492 152 164 493 151 164 494 147 165 495 153 165 496 150 165 497 147 166 498 151 166 499 153 166 500 189 186 558 191 186 559 193 186 560 190 187 561 193 187 562 192 187 563 191 188 564 194 188 565 193 188 566 193 189 567 196 189 568 195 189 569 194 190 570 197 190 571 196 190 572 192 191 573 195 191 574 197 191 575 218 206 618 219 206 619 221 206 620 221 207 621 222 207 622 220 207 623 222 208 624 223 208 625 225 208 626 222 209 627 224 209 628 219 209 629 222 210 630 225 210 631 224 210 632 251 223 669 254 223 670 250 223 671 249 224 672 252 224 673 251 224 674 249 225 675 254 225 676 252 225 677 149 243 729 150 243 730 148 243 731 148 244 732 152 244 733 147 244 734 148 245 735 150 245 736 153 245 737 152 246 738 148 246 739 153 246 740 189 268 804 193 268 805 190 268 806 191 269 807 190 269 808 192 269 809 191 270 810 192 270 811 194 270 812 192 271 813 193 271 814 195 271 815 193 272 816 194 272 817 196 272 818 194 273 819 192 273 820 197 273 821 218 282 846 220 282 847 219 282 848 219 283 849 220 283 850 222 283 851 221 284 852 219 284 853 223 284 854 221 285 855 223 285 856 222 285 857 219 286 858 224 286 859 223 286 860 248 299 897 251 299 898 247 299 899 248 300 900 249 300 901 251 300 902 249 301 903 247 301 904 250 301 905 247 302 906 251 302 907 250 302 908 249 303 909 250 303 910 254 303 911 254 304 912 251 304 913 253 304 914 251 305 915 252 305 916 253 305 917 282 319 957 285 319 958 283 319 959 284 320 960 286 320 961 282 320 962 282 321 963 286 321 964 288 321 965 285 322 966 287 322 967 286 322 968 328 347 1041 329 347 1042 330 347 1043 327 348 1044 332 348 1045 329 348 1046 327 349 1047 330 349 1048 332 349 1049 330 350 1050 329 350 1051 333 350 1052 331 351 1053 333 351 1054 329 351 1055 367 371 1113 369 371 1114 370 371 1115 371 372 1116 374 372 1117 372 372 1118 283 395 1185 285 395 1186 284 395 1187 282 396 1188 288 396 1189 285 396 1190 284 397 1191 285 397 1192 286 397 1193 285 398 1194 288 398 1195 287 398 1196 328 421 1263 330 421 1264 327 421 1265 329 422 1266 332 422 1267 331 422 1268 332 423 1269 330 423 1270 333 423 1271 369 441 1323 371 441 1324 368 441 1325 370 442 1326 368 442 1327 367 442 1328 368 443 1329 371 443 1330 367 443 1331 371 444 1332 369 444 1333 373 444 1334 367 445 1335 371 445 1336 372 445 1337 369 446 1338 372 446 1339 373 446 1340 369 447 1341 367 447 1342 372 447 1343 371 448 1344 373 448 1345 374 448 1346 433 481 1443 434 481 1444 435 481 1445 434 482 1446 437 482 1447 435 482 1448 435 483 1449 437 483 1450 438 483 1451 489 515 1545 495 515 1546 491 515 1547 489 516 1548 490 516 1549 493 516 1550 491 517 1551 495 517 1552 492 517 1553 490 518 1554 492 518 1555 493 518 1556 434 567 1701 432 567 1702 437 567 1703 432 568 1704 433 568 1705 435 568 1706 437 569 1707 432 569 1708 436 569 1709 432 570 1710 435 570 1711 438 570 1712 436 571 1713 432 571 1714 438 571 1715 491 599 1797 492 599 1798 490 599 1799 489 600 1800 493 600 1801 495 600 1802 493 601 1803 492 601 1804 494 601 1805 492 602 1806 495 602 1807 494 602 1808</p>
        </triangles>
        <triangles count="80" material="m1">
          <input semantic="VERTEX" source="#vertices" offset="0" />
          <input semantic="NORMAL" source="#normals" offset="1" />
          <input semantic="TEXCOORD" source="#uv" offset="2" set="0" />
          <p>115 77 231 119 77 232 114 77 233 116 78 234 117 78 235 119 78 236 114 79 237 117 79 238 116 79 239 119 80 240 118 80 241 114 80 242 117 81 243 121 81 244 119 81 245 119 82 246 120 82 247 118 82 248 118 83 249 121 83 250 117 83 251 115 146 438 116 146 439 119 146 440 114 147 441 118 147 442 117 147 443 119 148 444 121 148 445 120 148 446 162 170 510 165 170 511 163 170 512 162 171 513 163 171 514 164 171 515 160 172 516 165 172 517 162 172 518 160 173 519 166 173 520 165 173 521 164 174 522 165 174 523 167 174 524 232 214 642 236 214 643 237 214 644 234 215 645 237 215 646 233 215 647 233 216 648 236 216 649 235 216 650 237 217 651 238 217 652 233 217 653 233 218 654 240 218 655 236 218 656 238 219 657 240 219 658 233 219 659 161 250 750 164 250 751 160 250 752 161 251 753 162 251 754 164 251 755 160 252 756 164 252 757 167 252 758 164 253 759 163 253 760 165 253 761 160 254 762 167 254 763 166 254 764 235 290 870 234 290 871 233 290 872 232 291 873 237 291 874 234 291 875 232 292 876 235 292 877 236 292 878 238 293 879 237 293 880 239 293 881 237 294 882 236 294 883 239 294 884 236 295 885 240 295 886 239 295 887 353 363 1089 356 363 1090 355 363 1091 354 364 1092 356 364 1093 353 364 1094 355 365 1095 356 365 1096 357 365 1097 354 366 1098 359 366 1099 356 366 1100 357 367 1101 358 367 1102 360 367 1103 381 377 1131 386 377 1132 387 377 1133 381 378 1134 382 378 1135 386 378 1136 385 379 1137 386 379 1138 382 379 1139 383 380 1140 387 380 1141 385 380 1142 385 381 1143 389 381 1144 388 381 1145 385 382 1146 388 382 1147 390 382 1148 355 433 1299 357 433 1300 354 433 1301 356 434 1302 358 434 1303 357 434 1304 354 435 1305 357 435 1306 359 435 1307 359 436 1308 357 436 1309 360 436 1310 358 437 1311 356 437 1312 359 437 1313 384 451 1353 381 451 1354 387 451 1355 382 452 1356 384 452 1357 383 452 1358 384 453 1359 387 453 1360 383 453 1361 383 454 1362 385 454 1363 382 454 1364 385 455 1365 387 455 1366 389 455 1367 387 456 1368 386 456 1369 389 456 1370 386 457 1371 390 457 1372 389 457 1373 386 458 1374 385 458 1375 390 458 1376 516 530 1590 519 530 1591 518 530 1592 516 531 1593 517 531 1594 519 531 1595 517 532 1596 518 532 1597 521 532 1598 518 533 1599 520 533 1600 521 533 1601 519 534 1602 520 534 1603 518 534 1604 521 535 1605 519 535 1606 517 535 1607 520 536 1608 519 536 1609 522 536 1610 521 537 1611 523 537 1612 519 537 1613 519 538 1614 523 538 1615 522 538 1616 521 539 1617 524 539 1618 523 539 1619 521 540 1620 522 540 1621 524 540 1622 531 544 1632 534 544 1633 533 544 1634 532 545 1635 533 545 1636 535 545 1637 535 546 1638 538 546 1639 534 546 1640 538 547 1641 537 547 1642 534 547 1643 534 548 1644 537 548 1645 536 548 1646 536 549 1647 539 549 1648 535 549 1649 520 614 1842 522 614 1843 521 614 1844 531 618 1854 532 618 1855 534 618 1856 532 619 1857 535 619 1858 534 619 1859 536 620 1860 533 620 1861 534 620 1862 535 621 1863 533 621 1864 536 621 1865 538 622 1866 535 622 1867 539 622 1868 536 623 1869 537 623 1870 539 623 1871</p>
        </triangles>
      </mesh>
    </geometry>
  </library_geometries>
  <library_visual_scenes>
    <visual_scene id="Scene">
      <node id="Node" type="NODE">
        <instance_geometry url="#geometry">
          <bind_material>
            <technique_common>
              <instance_material symbol="m0" target="#m0">
                <bind_vertex_input semantic="UVSET0" input_semantic="TEXCOORD" input_set="0" />
              </instance_material>
              <instance_material symbol="m1" target="#m1">
                <bind_vertex_input semantic="UVSET0" input_semantic="TEXCOORD" input_set="0" />
              </instance_material>
              <instance_material symbol="m2" target="#m2">
                <bind_vertex_input semantic="UVSET0" input_semantic="TEXCOORD" input_set="0" />
              </instance_material>
              <instance_material symbol="m3" target="#m3">
                <bind_vertex_input semantic="UVSET0" input_semantic="TEXCOORD" input_set="0" />
              </instance_material>
              <instance_material symbol="m4" target="#m4">
                <bind_vertex_input semantic="UVSET0" input_semantic="TEXCOORD" input_set="0" />
              </instance_material>
              <instance_material symbol="m5" target="#m5">
                <bind_vertex_input semantic="UVSET0" input_semantic="TEXCOORD" input_set="0" />
              </instance_material>
            </technique_common>
          </bind_material>
        </instance_geometry>
      </node>
    </visual_scene>
  </library_visual_scenes>
  <scene>
    <instance_visual_scene url="#Scene" />
  </scene>
</COLLADA>