<?xml version='1.0' encoding='utf-8'?>
<COLLADA xmlns="http://www.collada.org/2005/11/COLLADASchema" version="1.4.1">
  <asset>
    <created>2026-09-15T00:00:00Z</created>
    <modified>2026-09-15T00:00:00Z</modified>
    <unit name="meter" meter="1" />
    <up_axis>Z_UP</up_axis>
  </asset>
  <library_images />
  <library_effects>
    <effect id="e0">
      <profile_COMMON>
        <technique sid="common">
          <phong>
            <ambient>
              <color>0.1755 0.18 0.1485 1</color>
            </ambient>
            <diffuse>
              <color>0.39 0.4 0.33 1</color>
            </diffuse>
            <specular>
              <color>0.02 0.02 0.02 1</color>
            </specular>
            <shininess>
              <float>8</float>
            </shininess>
          </phong>
        </technique>
      </profile_COMMON>
    </effect>
    <effect id="e1">
      <profile_COMMON>
        <technique sid="common">
          <phong>
            <ambient>
              <color>0.045 0.09 0.06075 1</color>
            </ambient>
            <diffuse>
              <color>0.1 0.2 0.135 1</color>
            </diffuse>
            <specular>
              <color>0.02 0.02 0.02 1</color>
            </specular>
            <shininess>
              <float>8</float>
            </shininess>
          </phong>
        </technique>
      </profile_COMMON>
    </effect>
    <effect id="e2">
      <profile_COMMON>
        <technique sid="common">
          <phong>
            <ambient>
              <color>0.0765 0.1215 0.0765 1</color>
            </ambient>
            <diffuse>
              <color>0.17 0.27 0.17 1</color>
            </diffuse>
            <specular>
              <color>0.02 0.02 0.02 1</color>
            </specular>
            <shininess>
              <float>8</float>
            </shininess>
          </phong>
        </technique>
      </profile_COMMON>
    </effect>
    <effect id="e3">
      <profile_COMMON>
        <technique sid="common">
          <phong>
            <ambient>
              <color>0.099 0.1395 0.09225 1</color>
            </ambient>
            <diffuse>
              <color>0.22 0.31 0.205 1</color>
            </diffuse>
            <specular>
              <color>0.02 0.02 0.02 1</color>
            </specular>
            <shininess>
              <float>8</float>
            </shininess>
          </phong>
        </technique>
      </profile_COMMON>
    </effect>
    <effect id="e4">
      <profile_COMMON>
        <technique sid="common">
          <phong>
            <ambient>
              <color>0.054 0.1035 0.09 1</color>
            </ambient>
            <diffuse>
              <color>0.12 0.23 0.2 1</color>
            </diffuse>
            <specular>
              <color>0.02 0.02 0.02 1</color>
            </specular>
            <shininess>
              <float>8</float>
            </shininess>
          </phong>
        </technique>
      </profile_COMMON>
    </effect>
    <effect id="e5">
      <profile_COMMON>
        <technique sid="common">
          <phong>
            <ambient>
              <color>0.126 0.1485 0.0855 1</color>
            </ambient>
            <diffuse>
              <color>0.28 0.33 0.19 1</color>
            </diffuse>
            <specular>
              <color>0.02 0.02 0.02 1</color>
            </specular>
            <shininess>
              <float>8</float>
            </shininess>
          </phong>
        </technique>
      </profile_COMMON>
    </effect>
  </library_effects>
  <library_materials>
    <material id="m0" name="m0">
      <instance_effect url="#e0" />
    </material>
    <material id="m1" name="m1">
      <instance_effect url="#e1" />
    </material>
    <material id="m2" name="m2">
      <instance_effect url="#e2" />
    </material>
    <material id="m3" name="m3">
      <instance_effect url="#e3" />
    </material>
    <material id="m4" name="m4">
      <instance_effect url="#e4" />
    </material>
    <material id="m5" name="m5">
      <instance_effect url="#e5" />
    </material>
  </library_materials>
  <library_geometries>
    <geometry id="geometry" name="forest_18_23">
      <mesh>
        <source id="positions">
          <float_array id="positions-array" count="7695">-14.33882 33.12621 3.188117 -14.35447 33.21144 3.182707 -14.41478 33.13644 3.18425 -14.40096 33.18723 5.756153 -14.39054 33.21408 5.755753 -14.41997 33.20636 5.755339 -14.38683 33.16382 5.093412 -14.36971 33.19536 5.067977 -14.40527 33.18963 5.070436 -14.41596 33.59179 6.112691 -14.41714 33.5997 6.109484 -14.42352 33.59296 6.111984 -14.38489 33.61257 6.353757 -14.42217 33.5928 6.379369 -14.41708 33.60134 6.351441 -14.73028 33.54285 6.052849 -14.41701 33.59955 5.836746 -14.41904 33.59539 5.865062 -14.416 33.59287 5.868258 -14.36966 33.17146 5.363741 -14.38947 33.19298 5.379532 -14.40136 33.1848 5.348498 -14.70938 32.69353 5.586419 -14.71399 32.69946 5.591903 -14.71658 32.69715 5.584089 -14.71229 32.69651 5.896567 -14.71807 32.69641 5.91177 -14.71343 32.69473 5.88047 -15.09223 32.65946 5.661794 -14.43999 32.45977 5.614689 -14.68198 33.06302 5.599289 -14.4532 32.85891 5.425214 -14.80624 32.63069 5.310826 -14.71281 32.69658 5.298448 -14.7133 32.69674 5.335497 -14.71339 32.69666 5.311348 -14.37409 33.17677 5.029045 -14.38681 33.20254 5.050463 -14.39783 33.17609 5.089515 -13.71446 33.29541 5.674475 -13.71921 33.30025 5.679204 -13.71939 33.29149 5.6812 -13.71768 33.29563 5.90186 -13.71761 33.29566 5.8848 -13.71772 33.29566 5.936425 -13.81367 32.79002 5.733755 -13.92576 33.47367 5.712816 -13.39732 33.24285 5.659418 -13.71651 33.29698 5.417814 -13.73404 33.31794 5.401908 -13.71757 33.29546 5.468106 -14.38319 33.16665 4.967248 -14.37438 33.19798 4.949408 -14.40225 33.18472 4.912366 -14.95065 33.5172 5.708599 -14.95676 33.51967 5.701967 -14.9561 33.51236 5.706335 -14.961 33.52193 5.920234 -14.95486 33.51483 6.057336 -14.95711 33.52579 5.836768 -14.77398 33.23644 5.698892 -14.95475 33.51757 5.364348 -15.01956 33.57643 5.3797 -14.95398 33.5168 5.386739 -14.36943 33.17728 5.241706 -14.38809 33.2007 5.281653 -14.40237 33.17024 5.246051 -14.19467 32.55976 6.125125 -14.19 32.56454 6.127288 -14.19844 32.56651 6.130229 -14.19494 32.56384 6.317491 -14.19745 32.56185 6.359451 -14.20379 32.5518 6.003368 -14.18939 32.57312 6.39286 -14.45913 32.842 6.091303 -14.19768 32.56401 6.041897 -14.18474 32.56854 5.99098 -14.36758 33.18503 5.083046 -14.39975 33.19807 5.086789 -14.40047 33.16938 5.108544 -14.17101 33.56253 6.160465 -14.17449 33.57118 6.158096 -14.17906 33.56578 6.160913 -14.17423 33.56634 6.468472 -14.26984 33.54865 6.363381 -14.17366 33.56586 6.527408 -14.31194 33.97301 6.114456 -13.86954 33.25449 6.120451 -14.1705 33.56782 5.81486 -14.17861 33.56178 5.818732 -14.17432 33.56586 5.867261 -14.36968 33.17347 4.766256 -14.39209 33.20394 4.756857 -14.39935 33.17041 4.734744 -14.9996 32.91296 6.173153 -15.00029 32.92244 6.174777 -15.00575 32.91697 6.17103 -15.25027 33.15733 6.306807 -15.00171 32.91746 6.427401 -14.99489 32.91906 6.341888 -15.00133 32.91797 6.445098 -15.02864 32.54319 6.142837 -15.03307 32.92687 5.91251 -14.97385 32.9122 5.94251 -15.00144 32.91784 5.968332 -14.37093 33.18969 5.094567 -14.40189 33.18886 5.14031 -14.39242 33.16367 5.110907 -13.866 32.96521 5.864173 -13.86462 32.97437 5.86583 -13.87073 32.96803 5.868333 -13.86662 32.96983 6.138155 -13.86303 32.97368 6.1474 -14.21497 33.14957 6.006811 -13.86702 32.96967 6.162362 -14.11139 33.32922 5.708747 -13.38541 32.8673 5.815676 -13.91852 32.56407 5.841592 -13.86677 32.96971 5.598323 -13.86705 32.96951 5.562313 -13.86664 32.96976 5.555484 -14.38452 33.1634 4.639475 -14.3712 33.19495 4.616959 -14.4043 33.19127 4.605881 -14.64958 33.73335 6.133716 -14.65569 33.73943 6.129883 -14.65839 33.73193 6.132507 -14.65445 33.73495 6.373801 -14.65444 33.73497 6.372214 -14.66142 33.7328 6.454352 -14.52263 33.59397 6.393647 -14.63253 33.96335 6.110421 -14.64615 33.73699 5.913327 -14.65403 33.73485 5.848006 -14.72814 33.66597 6.041931 -15.77789 36.31916 6.952715 -15.76452 36.264 6.948947 -15.72783 36.31527 6.950021 -15.735 36.28154 8.815625 -15.74083 36.2636 8.815331 -15.72187 36.26973 8.815027 -15.75409 36.28499 8.335233 -15.73889 36.27457 8.300376 -15.74128 36.29652 8.320894 -15.33223 36.1135 8.948566 -15.32902 36.11033 8.944544 -15.3274 36.1156 8.945032 -15.32571 36.12324 8.887035 -15.32956 36.11319 9.095656 -15.47723 36.29006 8.885783 -15.33507 36.11637 9.134082 -15.30114 35.90372 8.921199 -15.3292 36.11267 8.789175 -15.32954 36.1132 8.80154 -15.32957 36.11319 8.785003 -15.74636 36.29529 8.164367 -15.75566 36.27641 8.178523 -15.73135 36.28036 8.186269 -15.83204 36.45832 8.751089 -15.82679 36.45575 8.753583 -15.82766 36.46077 8.750937 -15.82864 36.45783 8.966372 -15.82988 36.46016 8.992932 -15.82881 36.45789 8.952103 -15.73559 36.22198 8.747447 -15.82965 36.46251 8.605493 -16.05738 36.41514 8.720377 -15.58603 36.51557 8.660104 -15.82881 36.45788 8.536016 -15.82881 36.45788 8.536046 -15.75694 36.28299 8.179648 -15.73987 36.27269 8.174381 -15.74047 36.2938 8.20359 -15.84429 36.03427 8.761833 -15.84226 36.03022 8.759545 -15.83816 36.03294 8.762539 -15.84116 36.03265 8.944424 -15.84129 36.03271 8.91674 -15.56156 36.07372 8.767772 -15.84178 36.03303 8.948167 -15.8309 35.81757 8.738765 -15.8162 36.31472 8.746408 -16.08803 36.03827 8.68977 -15.84129 36.03272 8.598652 -15.84208 36.03327 8.612722 -15.84151 36.03261 8.586158 -15.75602 36.28955 8.435864 -15.74014 36.27039 8.431646 -15.73668 36.29219 8.41385 -15.42991 36.48071 9.159241 -15.42588 36.47702 9.158323 -15.42474 36.48238 9.155996 -15.42685 36.4801 9.300798 -15.42685 36.48011 9.306585 -15.42697 36.4792 9.33448 -15.42584 36.19513 9.135953 -15.68928 36.56375 9.216841 -15.21106 36.67864 9.214739 -15.17637 36.40946 9.068255 -15.4266 36.48276 8.992525 -15.42739 36.47978 8.976178 -15.42685 36.48009 9.008912 -15.7459 36.29704 8.016067 -15.75312 36.27316 8.014733 -15.7334 36.28141 8.035984 -16.14339 36.38746 9.012281 -16.14156 36.382 9.014208 -16.13935 36.38776 9.014659 -16.14135 36.38532 9.200703 -15.87498 36.43359 9.008777 -16.14138 36.38535 9.193818 -16.14203 36.38455 9.249639 -16.24266 36.61479 9.050928 -16.34647 36.19753 8.952448 -16.14138 36.38531 8.811932 -16.14134 36.38564 8.813291 -16.14136 36.38532 8.838555 -15.75124 36.2911 8.248835 -15.74969 36.27299 8.219912 -15.73237 36.28315 8.21756 -15.54852 35.99788 8.809875 -15.55266 35.99329 8.808525 -15.54811 35.99335 8.806262 -15.54516 35.99396 9.051655 -15.54984 35.99517 8.982855 -15.55534 35.99602 9.023507 -15.38764 35.81965 8.822343 -15.62572 36.18863 8.82346 -15.54865 35.99471 8.591858 -15.6018 35.78867 8.652911 -15.55382 36.00409 8.601724 -15.74519 36.29603 8.349526 -15.7551 36.27562 8.371356 -15.73208 36.27982 8.365031 -15.72761 36.49981 8.911484 -15.72899 36.49502 8.913995 -15.72318 36.49581 8.91335 -15.7271 36.49885 9.017866 -15.73272 36.48716 8.899575 -15.72661 36.49234 8.855438 -15.73034 36.50294 8.854123 -15.7534 36.29337 7.96411 -15.74653 36.27216 7.954376 -15.73521 36.29081 7.981426 -16.02728 36.07563 8.843063 -16.0284 36.07042 8.840392 -16.02324 36.07191 8.843734 -16.02631 36.07259 8.966509 -16.02631 36.07259 9.013221 -15.794 36.11858 8.859386 -16.2021 36.2025 8.864638 -16.02801 36.07144 9.009354 -16.02087 35.77501 8.820133 -16.02627 36.07262 8.698583 -16.02804 36.07397 8.667665 -16.02633 36.07258 8.697922 -15.75214 36.28423 8.344573 -15.74173 36.27116 8.313936 -15.73969 36.29595 8.310165 -15.32215 36.27196 8.765839 -15.31889 36.26911 8.761102 -15.31896 36.27462 8.761415 -15.31774 36.27185 8.973591 -15.32346 36.27154 8.899792 -15.32026 36.26948 8.921394 -15.00997 36.2165 8.757051 -15.37635 36.51984 8.73893 -15.32359 36.27223 8.611524 -15.319 36.2707 8.583595 -15.31449 36.26965 8.566439 -13.91711 35.94781 5.400368 -14.01612 35.99897 5.392482 -13.9873 35.87859 5.39473 -14.02809 35.93263 9.535481 -14.0472 35.96435 9.534835 -14.0625 35.92834 9.534165 -13.98725 35.93533 7.640912 -14.01538 35.96679 7.617824 -14.03498 35.92974 7.662492 -13.82735 36.49886 9.807738 -13.83375 36.50869 9.803548 -13.83811 36.49917 9.809433 -13.833 36.50236 10.27661 -13.833 36.50233 10.23351 -13.83306 36.50234 10.28467 -13.28328 36.29805 9.86951 -13.69433 36.88529 9.967635 -14.37986 36.22677 9.891563 -13.83307 36.50239 9.406736 -13.83316 36.5011 9.331771 -13.83258 36.50222 9.271013 -13.99022 35.93195 7.63382 -14.02318 35.96752 7.628067 -14.02289 35.92101 7.607634 -14.41312 35.66425 10.00998 -14.42303 35.67054 10.00808 -14.42441 35.66181 10.00555 -14.43021 35.66297 10.50652 -14.42223 35.67039 10.24504 -14.40801 35.66536 10.33178 -14.3595 35.0954 9.908849 -14.72643 35.65313 9.610871 -14.41941 35.66518 9.666525 -14.41907 35.66525 9.57617 -14.41741 35.66814 9.583836 -13.99524 35.95699 8.012012 -14.03208 35.94755 8.079977 -14.00376 35.92173 8.017291 -13.22024 35.8164 9.651375 -13.22908 35.8157 9.660203 -13.22596 35.80612 9.655432 -13.22498 35.81286 10.04583 -13.22513 35.81268 10.02172 -13.79194 35.78154 9.750049 -13.40508 35.31353 9.640672 -12.80032 35.45814 9.711095 -13.2252 35.8128 10.00479 -12.91166 36.24542 9.742857 -13.27774 36.20875 9.283872 -13.22504 35.81274 9.340953 -13.225 35.81271 9.297609 -13.22483 35.81269 9.314097 -13.99121 35.95927 8.484622 -14.03721 35.94236 8.471505 -14.00152 35.9235 8.513606 -14.17766 36.20487 9.513686 -14.18303 36.21282 9.507739 -14.18947 36.2035 9.510431 -14.20722 36.19917 9.87336 -14.7179 36.2761 9.521667 -14.15378 36.21712 9.728268 -13.91121 36.25905 9.465376 -14.16943 36.17299 9.209177 -14.18343 36.20697 9.236893 -14.18343 36.20719 9.147745 -13.98861 35.95379 8.160122 -14.02681 35.96302 8.169021 -14.02421 35.92301 8.124478 -14.02647 35.34552 10.05579 -14.03313 35.35325 10.06016 -14.0386 35.34412 10.05475 -14.03305 35.34757 10.36258 -14.03275 35.34691 10.40952 -14.03272 35.34752 10.36585 -13.51291 35.4833 10.1496 -14.24748 35.78812 10.13094 -14.3441 35.10469 9.911738 -14.03356 35.34912 9.649859 -14.0319 35.34725 9.713892 -14.03276 35.3475 9.776492 -13.99881 35.96341 7.46916 -14.0371 35.94244 7.510498 -14.00957 35.91883 7.504903 -13.63023 36.26826 9.652399 -13.64037 36.26697 9.656716 -13.6339 36.25736 9.657372 -13.63472 36.26408 10.02995 -13.63472 36.26412 10.08531 -14.17537 36.35051 9.653132 -13.63461 36.2642 10.07713 -13.29845 35.88242 9.656208 -13.3353 36.83409 9.547639 -13.63451 36.26412 9.211534 -13.63474 36.26412 9.165509 -13.63474 36.26412 9.260457 -13.99695 35.92446 8.600665 -14.01347 35.96903 8.580608 -14.03533 35.94252 8.554052 -14.39002 35.9474 9.68692 -14.3978 35.94946 9.681946 -14.39644 35.93777 9.682779 -14.39476 35.944 10.02833 -14.41975 35.94433 10.03356 -14.40789 35.96264 9.511783 -14.70105 36.06672 9.615293 -14.38554 35.93539 9.75825 -14.39499 35.94248 9.306254 -14.39474 35.94407 9.305105 -13.99381 35.9289 7.92161 -14.00769 35.96896 7.963054 -14.03641 35.93278 7.960986 -13.42882 35.44376 10.31583 -13.43816 35.4505 10.32263 -13.43782 35.44045 10.31861 -13.4232 35.41518 10.67064 -13.43464 35.44521 10.74981 -13.43414 35.44651 10.69932 -13.58182 35.89906 10.21641 -13.43486 35.43413 9.938648 -12.99617 35.24657 10.31726 -13.43416 35.44659 9.926025 -13.43438 35.44676 9.955184 -13.98692 35.94462 8.816608 -14.03427 35.95497 8.792835 -14.02481 35.92586 8.849084 -14.04221 36.68317 10.01985 -14.04857 36.69045 10.01229 -14.05443 36.68335 10.01909 -14.05324 36.66874 10.17703 -14.23894 36.78534 10.31634 -14.04901 36.68536 10.53405 -14.04802 36.68567 10.61702 -13.81867 36.82201 9.98264 -14.04835 36.68468 9.452072 -14.04787 36.68709 9.475189 -12.99737 34.70411 3.566356 -12.91333 34.69657 3.560009 -12.96797 34.77271 3.561818 -12.92392 34.7465 6.70443 -12.90145 34.72973 6.703935 -12.90102 34.75935 6.703422 -12.9379 34.72129 5.895209 -12.91596 34.73769 5.836492 -12.948 34.74482 5.871055 -12.49492 35.23315 6.928369 -12.48893 35.23615 6.921594 -12.49556 35.24095 6.922416 -12.5055 35.24698 6.82472 -12.49321 35.23675 7.176143 -12.81273 35.11341 6.822612 -12.50031 35.23052 7.240871 -12.18477 35.17666 6.88227 -12.49231 35.23702 6.659875 -12.49321 35.23678 6.680704 -12.49321 35.23674 6.652847 -12.94871 34.73708 5.607385 -12.92656 34.71496 5.63123 -12.92051 34.75108 5.64428 -13.21912 34.69439 6.59572 -13.213 34.70055 6.599921 -13.22048 34.70172 6.595463 -13.2168 34.69893 6.958363 -13.22067 34.6983 7.003103 -13.21697 34.69873 6.934328 -12.84036 34.7172 6.589584 -13.22388 34.69974 6.350463 -13.26602 34.35657 6.543984 -13.18216 35.06802 6.442455 -13.21696 34.69872 6.233428 -13.21696 34.69872 6.233479 -12.93644 34.71631 5.633126 -12.91379 34.73543 5.624254 -12.94378 34.74467 5.673456 -12.62809 34.47451 6.613817 -12.62141 34.47543 6.609964 -12.62328 34.4825 6.615007 -12.62431 34.47814 6.921392 -12.62446 34.47799 6.874758 -12.54851 34.89133 6.623822 -12.62513 34.47745 6.927697 -12.31666 34.38981 6.574959 -13.00942 34.64806 6.587834 -12.75018 34.13333 6.492428 -12.62446 34.47799 6.338938 -12.62562 34.47714 6.362639 -12.62442 34.47763 6.317893 -12.94524 34.72075 6.064722 -12.91068 34.73394 6.057617 -12.93971 34.74923 6.027639 -13.05847 35.27112 7.283251 -13.05136 35.27503 7.281705 -13.05836 35.27919 7.277785 -13.05616 35.27514 7.521705 -13.05617 35.27514 7.531452 -13.05495 35.27454 7.578442 -12.65455 35.14039 7.244023 -13.29931 34.94572 7.380279 -13.2325 35.67375 7.376739 -12.83703 35.59396 7.129986 -13.05979 35.27676 7.002419 -13.05597 35.27423 6.974881 -13.05614 35.27512 7.030023 -12.95095 34.73857 5.357574 -12.92077 34.71699 5.355326 -12.92297 34.74869 5.391124 -13.26815 34.22227 7.035697 -13.2596 34.22223 7.038944 -13.26666 34.22809 7.039704 -13.26417 34.22411 7.353094 -13.20483 34.62213 7.029794 -13.26423 34.22409 7.341496 -13.2634 34.2228 7.435526 -13.63559 34.19117 7.100798 -13.09786 33.84566 6.934908 -13.26417 34.22407 6.698208 -13.26461 34.22428 6.700498 -13.26418 34.22411 6.743055 -12.94513 34.72821 5.749671 -12.9189 34.72174 5.700951 -12.92492 34.75097 5.69699 -12.43552 34.87344 6.694744 -12.43104 34.86542 6.692469 -12.42896 34.87185 6.688658 -12.4284 34.8763 7.102022 -12.43234 34.87029 6.986129 -12.43618 34.86295 7.054608 -12.10777 35.01473 6.715746 -12.74091 34.85592 6.717629 -12.43113 34.87175 6.327494 -12.16651 34.69847 6.430337 -12.4468 34.86895 6.344113 -12.94918 34.73909 5.919286 -12.92519 34.71538 5.956058 -12.9201 34.74979 5.945405 -13.22763 34.86121 6.865904 -13.22154 34.85698 6.870135 -13.21987 34.86553 6.869049 -13.22602 34.86146 7.045105 -13.21226 34.84797 6.845844 -13.21663 34.85904 6.771495 -13.23333 34.85886 6.76928 -12.94936 34.72625 5.270053 -12.91622 34.7258 5.253656 -12.93706 34.75064 5.299221 -12.77375 34.23669 6.750649 -12.76694 34.23262 6.74615 -12.76658 34.2406 6.75178 -12.76901 34.23661 6.958594 -12.76901 34.23661 7.037281 -12.72273 34.58558 6.778145 -13.03586 34.05124 6.786993 -12.7682 34.23366 7.030767 -12.34753 34.10207 6.712024 -12.76902 34.23668 6.507272 -12.77177 34.23483 6.455192 -12.769 34.23657 6.506159 -12.93589 34.72366 5.910943 -12.91253 34.73207 5.859333 -12.94644 34.74679 5.852982 -12.71315 35.32305 6.620565 -12.70758 35.32627 6.612586 -12.71538 35.32881 6.613113 -12.7109 35.3292 6.970524 -12.71318 35.32101 6.846209 -12.70876 35.32453 6.882598 -12.48591 35.73597 6.605762 -13.08796 35.36521 6.575237 -12.71422 35.32116 6.360621 -12.70987 35.32689 6.313575 -12.70624 35.33273 6.284676 -10.33735 30.27614 4.011641 -10.33439 30.39762 4.004838 -10.43868 30.31197 4.006777 -10.40514 30.37773 7.35406 -10.38315 30.41159 7.353534 -10.42576 30.40944 7.352989 -10.35939 30.36687 5.960627 -10.40052 30.39254 5.951233 -10.41006 30.35086 5.941932 -10.71184 30.21314 7.972476 -10.70421 30.22388 7.974488 -10.71665 30.22396 7.972492 -10.71016 30.22055 8.284007 -10.71058 30.2202 8.229916 -10.71042 30.2199 8.279471 -10.18566 30.22486 7.975987 -10.97028 30.72095 7.913825 -11.00879 29.75981 8.000179 -10.71078 30.22035 7.642383 -10.7109 30.218 7.673913 -10.71073 30.22034 7.711481 -10.36672 30.35765 6.388294 -10.3867 30.39706 6.432114 -10.40695 30.34765 6.429094 -9.635418 30.01359 7.66051 -9.633081 30.02671 7.662607 -9.642135 30.01943 7.665861 -9.690066 30.0702 7.671637 -9.636275 30.02077 7.920184 -9.636012 30.01944 7.963574 -10.00577 29.89888 7.721882 -9.618634 30.08089 7.369931 -9.667636 30.03356 7.46519 -9.636123 30.02087 7.373338 -10.40274 30.34582 6.069132 -10.35994 30.37809 6.057105 -10.39881 30.3894 6.031139 -10.59222 30.8263 7.254129 -10.58861 30.83818 7.249441 -10.59943 30.83262 7.249831 -10.59254 30.83272 7.545627 -10.59256 30.83271 7.52068 -10.38293 30.39516 7.407979 -10.59257 30.84141 7.026241 -10.59625 30.83523 7.531086 -10.20169 30.77425 7.238709 -10.60174 30.8327 7.062621 -10.59254 30.83273 6.934982 -10.38794 30.35033 6.537267 -10.36979 30.37774 6.613914 -10.41412 30.37572 6.578076 -10.67653 29.41952 7.341469 -10.66757 29.42366 7.349412 -10.67973 29.42704 7.34903 -10.67506 29.42292 7.731629 -11.16795 29.8385 7.290743 -10.67454 29.42338 7.674395 -10.14508 29.31094 7.329215 -10.67491 29.42411 7.730503 -10.97503 28.80577 7.315757 -10.67453 29.42317 7.016888 -10.67296 29.42578 6.974507 -10.67445 29.42322 6.964357 -10.36502 30.35254 5.919361 -10.37523 30.39062 5.912275 -10.41209 30.36446 5.956534 -9.897554 30.59401 7.238633 -9.899042 30.6066 7.236575 -9.906213 30.59721 7.241802 -9.900891 30.60018 7.454431 -9.900871 30.60117 7.534382 -9.845869 30.32734 7.230766 -9.422793 30.8427 7.283348 -9.899122 30.60448 7.570806 -9.901296 30.60633 6.925507 -10.36754 30.59095 7.127802 -9.900895 30.60018 7.003261 -9.900871 30.6002 7.003775 -10.37464 30.34485 6.873119 -10.36822 30.38728 6.87263 -10.41019 30.36522 6.850266 -10.7622 30.42347 7.367928 -10.75573 30.43133 7.370938 -10.76466 30.43632 7.36521 -10.75984 30.43557 7.645654 -10.76897 30.43055 7.586071 -10.75744 30.42811 7.652775 -11.11377 30.05631 7.215462 -10.75303 30.42941 7.102161 -10.76158 30.43068 7.088157 -10.72579 30.40377 7.109801 -10.36463 30.35557 6.954543 -10.38516 30.39614 6.973982 -10.41052 30.35062 6.963755 -10.10842 29.95704 7.851842 -10.11413 29.96686 7.85671 -10.12124 29.95759 7.855096 -10.11261 29.95878 8.290883 -10.11809 29.96304 8.286354 -9.91256 29.41435 7.832995 -10.11488 29.95535 8.29333 -10.11555 29.95898 7.441093 -10.02703 30.49063 7.791322 -10.12149 29.96079 7.692942 -10.11465 29.96045 7.493494 -10.39321 30.34405 6.168603 -10.35963 30.37743 6.124414 -10.4099 30.38226 6.128594 -10.24286 31.2053 7.672099 -10.23694 31.21366 7.666853 -10.24946 31.21542 7.667067 -10.24323 31.21148 7.966642 -10.24253 31.20957 8.010247 -10.24432 31.21016 8.02688 -9.870935 30.79755 7.585689 -10.84845 31.00391 7.615274 -10.24346 31.73514 7.652079 -10.2443 31.21119 7.320739 -10.24276 31.21119 7.34632 -10.24322 31.21146 7.414182 -10.36081 30.3695 6.21297 -10.40971 30.38365 6.18838 -10.40022 30.34654 6.17044 -10.6997 30.06347 7.220938 -10.69538 30.07451 7.22605 -10.70634 30.07081 7.221075 -10.69975 30.07 7.537701 -10.69974 30.07003 7.545168 -10.69219 30.10653 7.545108 -11.12099 30.16785 7.267909 -10.48383 29.62391 7.298948 -10.29209 30.42997 7.087692 -10.70296 30.07012 6.853458 -10.69948 30.06388 6.836286 -10.6997 30.06997 6.932165 -12.72298 31.7564 3.575302 -12.67581 31.67292 3.568078 -12.63984 31.77315 3.570138 -12.63594 31.71503 7.124714 -12.63713 31.68319 7.124155 -12.60914 31.7019 7.123576 -12.67132 31.70387 5.644986 -12.63308 31.70313 5.635011 -12.64348 31.73522 5.625134 -12.49483 31.95065 7.781427 -12.49565 31.94029 7.783564 -12.4872 31.94527 7.781445 -12.49298 31.94494 8.112251 -12.49283 31.94535 8.05481 -12.49306 31.94549 8.107435 -12.84647 31.72973 7.785156 -12.11426 31.71132 7.719144 -12.4772 32.37788 7.810846 -12.49264 31.94533 7.430893 -12.4935 31.94697 7.464375 -12.49267 31.94532 7.504269 -12.67009 31.71308 6.099138 -12.64061 31.69448 6.145673 -12.64689 31.73614 6.142466 -13.30466 31.65011 7.450142 -13.30093 31.64028 7.452369 -13.29774 31.64888 7.455825 -13.24473 31.63389 7.461957 -13.30117 31.6456 7.725897 -13.30189 31.6464 7.771974 -13.10025 31.87771 7.515315 -13.28879 31.59774 7.141568 -13.27475 31.64963 7.242726 -13.30123 31.64547 7.145185 -12.65049 31.73567 5.760212 -12.66641 31.69649 5.74744 -12.63551 31.70457 5.719866 -12.32768 31.48694 7.018594 -12.32531 31.47743 7.013616 -12.32023 31.48557 7.01403 -12.32486 31.48272 7.328144 -12.32485 31.48273 7.301652 -12.64393 31.69424 7.181972 -12.32132 31.47685 6.776593 -12.32133 31.48252 7.312702 -12.61325 31.36413 7.002219 -12.31863 31.48646 6.815226 -12.32485 31.48272 6.679683 -12.65869 31.72663 6.257337 -12.65988 31.70072 6.338731 -12.63068 31.72002 6.300674 -12.83997 32.47387 7.111343 -12.84436 32.46744 7.119777 -12.83476 32.47007 7.119372 -12.83959 32.47097 7.525665 -12.33755 32.389 7.057475 -12.83976 32.47045 7.464887 -13.24387 32.3323 7.09833 -12.83921 32.47011 7.524469 -12.88622 33.01038 7.084038 -12.83985 32.47058 6.766661 -12.83986 32.46818 6.721656 -12.83989 32.47052 6.710877 -12.67331 31.71585 5.601165 -12.65098 31.6942 5.593641 -12.63661 31.72684 5.64064 -12.89219 31.3631 7.002138 -12.88608 31.35517 6.999953 -12.88503 31.36443 7.005503 -12.88743 31.36027 7.231301 -12.88704 31.35959 7.316203 -13.03513 31.52279 6.993784 -13.11308 31.0025 7.049623 -12.88689 31.35664 7.354883 -12.88467 31.35627 6.66962 -12.57511 31.5554 6.884444 -12.88743 31.36027 6.75219 -12.88744 31.36025 6.752736 -12.66991 31.72495 6.613989 -12.65709 31.69362 6.613469 -12.63759 31.72555 6.58972 -12.37559 31.82857 7.139441 -12.3768 31.82064 7.142637 -12.36873 31.82087 7.136554 -12.3723 31.81943 7.434366 -12.36814 31.82651 7.371093 -12.37694 31.8235 7.441928 -12.28609 32.21955 6.977533 -12.3794 31.82084 6.857215 -12.3731 31.82344 6.842344 -12.40823 31.82718 6.865328 -12.67235 31.71364 6.700454 -12.64202 31.69447 6.721097 -12.64327 31.73557 6.710238 -13.00718 31.87987 7.653322 -12.99934 31.87552 7.658492 -12.99828 31.88468 7.656778 -13.00365 31.88038 8.119553 -12.99821 31.87972 8.114744 -13.3595 32.16815 7.633309 -13.00349 31.88362 8.122152 -13.00157 31.88144 7.217137 -12.84634 31.48552 7.589054 -12.99682 31.88261 7.484583 -13.00158 31.88008 7.272782 -12.65766 31.73302 5.865842 -12.66689 31.69681 5.818917 -12.63088 31.71389 5.823356 -12.41089 31.08884 7.462449 -12.41151 31.08078 7.456877 -12.40233 31.08465 7.457104 -12.40814 31.08481 7.775232 -12.40939 31.08581 7.821538 -12.40793 31.08614 7.8392 -12.82783 31.21447 7.370687 -12.08224 31.47036 7.402104 -12.19603 30.73023 7.441188 -12.40753 31.08543 7.089329 -12.40858 31.08481 7.116494 -12.40816 31.08481 7.188559 -12.6693 31.70266 5.912957 -12.63045 31.71287 5.886844 -12.6519 31.73416 5.867793 -12.56364 32.0471 6.983348 -12.56209 32.03788 6.988776 -12.55617 32.04482 6.983494 -12.56096 32.0427 7.319728 -12.56096 32.04268 7.327657 -12.55129 32.0149 7.327593 -12.23605 32.14692 7.033228 -12.88776 32.25744 7.066189 -12.69137 31.6339 6.84185 -12.55874 32.04392 6.59311 -12.56362 32.04674 6.574875 -12.561 32.0427 6.676691 -14.88617 34.49305 3.09006 -14.84976 34.39979 3.083941 -14.79775 34.49807 3.085685 -14.80231 34.43742 5.989292 -14.80826 34.40468 5.988836 -14.77656 34.41988 5.988364 -14.83434 34.45139 5.484332 -14.82686 34.42456 5.456872 -14.79918 34.44801 5.4815 -14.83514 33.824 6.007846 -14.82857 33.81844 6.002417 -14.82574 33.82565 6.009657 -14.82975 33.82258 6.25264 -14.82885 33.82191 6.261928 -14.93985 33.79798 6.027614 -14.89329 34.17595 6.05108 -14.82944 33.82239 5.771027 -14.8299 33.82294 5.782843 -14.82048 33.8205 5.940343 -14.84306 34.4444 5.365995 -14.81008 34.41908 5.366226 -14.80375 34.45323 5.331826 -14.5991 34.73789 6.008849 -14.60068 34.72935 6.012957 -14.59085 34.73156 6.00889 -14.5968 34.73286 6.269257 -14.59555 34.72957 6.316859 -14.59662 34.73322 6.323977 -14.04935 34.79514 6.083263 -15.12055 34.71183 6.120287 -14.58732 35.28171 5.972193 -14.59548 34.73327 5.694491 -14.59686 34.73321 5.729701 -14.59263 34.33845 5.597567 -14.82542 34.46229 4.651448 -14.83873 34.43005 4.638655 -14.80198 34.42541 4.668875 -15.31175 34.41239 6.137788 -15.31198 34.40265 6.13744 -15.30314 34.40652 6.141065 -15.30762 34.40624 6.475032 -15.30536 34.41348 6.480172 -15.30888 34.40726 6.409578 -15.8074 34.3861 6.146431 -15.13305 34.85764 6.090484 -15.31693 34.13345 6.011645 -15.30889 34.40724 5.893605 -15.30907 34.40715 5.878177 -14.83667 34.45327 5.488626 -14.81879 34.41603 5.479204 -14.8049 34.45718 5.482616 -14.58423 34.26274 6.490922 -14.57645 34.25748 6.488513 -14.57447 34.26763 6.489648 -14.57839 34.26272 6.740165 -14.56998 34.2628 6.80835 -14.87601 34.32943 6.70416 -14.57857 34.26227 6.78775 -14.38281 33.95889 6.406229 -14.40101 34.70048 6.391451 -14.57837 34.26272 6.173731 -14.5841 34.26875 6.217579 -14.5788 34.26245 6.196701 -14.84043 34.44067 5.469493 -14.80505 34.43247 5.49596 -14.80681 34.4508 5.464966 -14.99052 35.20077 5.870143 -14.98711 35.19659 5.878368 -14.98051 35.20154 5.872536 -14.98283 35.20333 6.166084 -14.9861 35.19965 6.173701 -14.98605 35.19964 6.250705 -14.94068 34.88354 6.180637 -15.45841 35.43476 5.858279 -14.64571 35.46721 5.578007 -15.00138 34.7429 5.664124 -14.98585 35.19959 5.548512 -14.98604 35.19969 5.561629 -14.98612 35.19972 5.587883 -14.84306 34.44484 4.733651 -14.81005 34.41949 4.730318 -14.80368 34.45245 4.769004 -15.18251 33.90813 6.045218 -15.17758 33.90183 6.043747 -15.17249 33.9092 6.049071 -15.17697 33.90669 6.369213 -15.17958 33.93008 6.263575 -15.17874 33.90714 6.368284 -15.25302 33.46924 5.997499 -14.72083 33.91815 6.066353 -15.17674 33.90656 5.745062 -15.17702 33.90693 5.737836 -15.17322 33.9119 5.781686 -14.84226 34.44266 5.130321 -14.81017 34.41815 5.110454 -14.80444 34.45589 5.094857 -14.3891 34.5861 6.236791 -14.37988 34.58473 6.233324 -14.38177 34.59338 6.232887 -14.38424 34.58826 6.496289 -14.38429 34.58826 6.497178 -13.89899 34.58379 6.305689 -14.38901 34.58097 6.575785 -14.39099 34.57683 6.048846 -14.38927 35.00907 6.232242 -14.65563 34.59116 6.124152 -14.38385 34.58883 5.925134 -14.83909 34.44058 4.837247 -14.81499 34.41724 4.876009 -14.80466 34.45958 4.863964 -15.37579 34.72008 6.096525 -15.36798 34.71489 6.101887 -15.36702 34.72436 6.099905 -15.36754 34.71982 6.409242 -15.37037 34.71972 6.329075 -15.37813 35.06788 6.105096 -15.28342 34.41055 6.072099 -15.37652 34.71768 6.231883 -15.36923 34.71962 5.835867 -15.37625 34.71855 5.802838 -15.37042 34.71969 5.884787 -14.81958 34.45409 5.343207 -14.83726 34.42627 5.286617 -14.8 34.43712 5.279847 -14.61554 33.86724 5.783571 -14.61336 33.86126 5.775104 -14.60712 33.86629 5.778618 -14.60943 33.86222 6.076262 -14.61346 33.86398 6.103376 -14.28103 34.06751 5.746312 -14.64433 33.95315 6.176858 -14.67811 33.52234 5.674151 -14.61233 33.86479 5.478867 -14.61935 33.86989 5.459726 -14.6127 33.86494 5.458135 -16.0825 33.95318 2.772965 -16.14341 33.94306 2.768719 -16.09072 33.89918 2.76993 -16.12673 33.90965 4.808793 -16.14573 33.9174 4.808476 -16.14059 33.89633 4.808146 -16.12127 33.93297 4.368445 -16.13347 33.91143 4.394524 -16.11022 33.91454 4.377289 -15.97152 34.12363 4.963221 -15.97733 34.12283 4.965291 -15.97193 34.11859 4.965405 -16.06791 33.88826 4.92154 -15.97417 34.12203 5.199332 -15.8748 34.0845 5.007436 -15.98602 34.1254 5.034791 -16.18672 34.24857 4.97692 -15.9736 34.12396 4.696855 -15.97426 34.12199 4.73286 -15.97396 34.12141 4.765149 -16.11658 33.93251 3.972069 -16.13651 33.92488 3.961385 -16.12132 33.90549 3.967251 -16.32913 33.88748 5.160341 -16.33204 33.88293 5.159443 -16.32534 33.88263 5.161041 -16.32859 33.88392 5.309696 -16.32839 33.88393 5.34088 -16.32858 33.88408 5.34752 -16.10728 34.09868 5.136532 -16.33291 33.55269 5.132716 -16.60898 33.90493 5.160804 -16.32864 33.88396 5.013129 -16.32859 33.88394 4.978591 -16.32857 33.88402 4.994943 -16.11899 33.93251 4.58435 -16.13201 33.90846 4.585149 -16.11927 33.91385 4.567425 -15.81599 33.7619 4.766855 -15.82017 33.7581 4.770763 -15.81815 33.75608 4.765219 -15.81808 33.75875 4.941386 -15.81809 33.75855 4.968612 -15.81628 33.76069 5.004188 -15.52639 33.68286 4.79891 -15.93955 33.54562 4.850154 -15.8285 33.73687 4.524456 -15.75343 33.92554 4.707557 -15.81858 33.75586 4.508561 -16.11264 33.9285 4.511841 -16.13439 33.92809 4.509416 -16.12092 33.90701 4.521356 -16.18563 34.18332 5.097225 -16.19047 34.17992 5.09832 -16.18431 34.17769 5.100157 -16.18683 34.18025 5.349999 -16.17909 34.18273 5.378717 -16.18883 34.17955 5.3917 -16.02693 33.96777 5.031969 -16.16151 34.39892 5.026243 -16.37813 34.01115 5.007223 -16.1868 34.18022 4.856631 -16.18666 34.18035 4.846621 -16.18681 34.18029 4.834685 -16.10907 33.92172 4.245026 -16.1352 33.92837 4.238044 -16.12657 33.90823 4.216293 -16.2881 33.54997 4.988541 -16.29368 33.5522 4.98835 -16.29224 33.54637 4.985033 -16.28983 33.54532 5.178987 -16.2914 33.54949 5.157869 -16.11698 33.67719 5.064154 -16.29142 33.5495 5.172609 -16.23478 33.4758 4.966678 -16.45336 33.73612 4.96518 -16.29207 33.54957 4.793706 -16.27893 33.53327 4.979736 -16.12184 33.9323 4.194821 -16.13346 33.92039 4.232819 -16.11578 33.90639 4.206027 -15.79417 34.05944 4.6679 -15.79813 34.06082 4.671578 -15.79546 34.0545 4.671557 -15.79605 34.0579 4.833886 -15.79584 34.05791 4.836986 -15.79597 34.05809 4.8263 -16.06785 34.02471 4.7587 -15.68451 33.80859 4.738289 -15.62913 34.33878 4.690073 -15.80324 34.05792 4.515707 -15.79582 34.05782 4.489825 -15.79605 34.0579 4.538987 -16.11633 33.93327 3.822517 -16.134 33.91812 3.798695 -16.12069 33.90713 3.835422 -16.5861 34.10952 4.673956 -16.58987 34.11142 4.669461 -16.59066 34.10526 4.67116 -16.58892 34.10842 4.868175 -16.59565 34.13669 4.6906 -16.59223 34.11053 4.898855 -16.6492 34.11388 4.560597 -16.49916 33.89777 4.668109 -16.58899 34.10937 4.459588 -16.58884 34.10867 4.483653 -16.10953 33.92428 4.091755 -16.13206 33.92957 4.106194 -16.12916 33.9057 4.086423 -15.98518 33.69412 4.960865 -15.9916 33.69338 4.962023 -15.98964 33.68916 4.960018 -15.98833 33.69232 5.143027 -15.98841 33.69236 5.155316 -15.98931 33.69196 5.197863 -15.9593 33.83804 5.141679 -16.04077 33.43325 4.862548 -15.77222 33.5567 4.964126 -15.98822 33.69232 4.734307 -15.98007 33.69448 4.789778 -16.09875 33.70829 4.86169 -16.10976 33.92192 3.860819 -16.13195 33.93117 3.858562 -16.12806 33.9061 3.879843 -16.00345 34.30514 5.170167 -16.01002 34.30682 5.170298 -16.00824 34.30142 5.172369 -16.00723 34.30451 5.385098 -16.01011 34.30746 5.300424 -16.00702 34.30437 5.411997 -16.08861 34.05329 5.1702 -15.69791 34.25281 5.194689 -16.00895 34.30504 4.918377 -16.0052 34.30533 4.94356 -16.0072 34.30451 5.002495 -16.4663 30.59776 2.505016 -16.3937 30.49601 2.497651 -16.36082 30.63088 2.499751 -16.34779 30.55608 6.367335 -16.34496 30.51464 6.366732 -16.31125 30.54273 6.366106 -16.38992 30.57429 4.597751 -16.37796 30.5285 4.576186 -16.33942 30.55543 4.617907 -16.83805 30.09383 6.621632 -16.8367 30.08075 6.617718 -16.82747 30.08801 6.623215 -16.83421 30.08745 7.059574 -16.83419 30.08748 7.019315 -16.83414 30.08744 7.0671 -17.27814 30.57283 6.679328 -17.16867 29.77634 6.77098 -16.14738 30.08243 6.699926 -16.83415 30.08738 6.247083 -16.8334 30.08863 6.177064 -16.83455 30.0878 6.120314 -16.38522 30.57614 4.591128 -16.37055 30.52378 4.585753 -16.34702 30.57033 4.566669 -15.82614 30.62672 6.810534 -15.81947 30.61538 6.808761 -15.81363 30.62338 6.806395 -15.80843 30.61925 7.274318 -15.82019 30.61593 7.03008 -15.83181 30.62823 7.111099 -15.58836 31.22182 6.716072 -15.50779 30.47738 6.437752 -15.82034 30.62257 6.489734 -15.82072 30.62268 6.40534 -15.82385 30.62065 6.4125 -16.39303 30.54858 4.94437 -16.35144 30.53914 5.007851 -16.36648 30.5794 4.949301 -17.0944 31.08574 6.475584 -17.08523 31.0819 6.483829 -17.08343 31.09306 6.479373 -17.08786 31.08684 6.844012 -17.08762 31.08694 6.821501 -16.50606 30.82777 6.567748 -16.65245 31.49289 6.465587 -17.32998 31.65827 6.531364 -17.08761 31.08679 6.805686 -17.62203 30.81564 6.56103 -17.23794 30.66477 6.132325 -17.08774 31.08693 6.185641 -17.08776 31.08698 6.145156 -17.08793 31.08709 6.160556 -16.39822 30.54838 5.385802 -16.34366 30.54169 5.37355 -16.36962 30.5788 5.412874 -16.33794 30.20782 6.346978 -16.33665 30.19713 6.341424 -16.32545 30.20314 6.343938 -16.30552 30.19837 6.682924 -15.83531 29.8601 6.354433 -16.36804 30.20782 6.547404 -16.63156 30.2902 6.301855 -16.32982 30.24384 6.062558 -16.33326 30.20277 6.088446 -16.33337 30.20255 6.005178 -16.39801 30.55518 5.082709 -16.36463 30.5264 5.091021 -16.34673 30.56766 5.049417 -16.04876 31.14278 6.853323 -16.04607 31.13165 6.857404 -16.03593 31.13795 6.852346 -16.04324 31.13735 7.139867 -16.0432 31.13817 7.183718 -16.04355 31.13757 7.142922 -16.63179 31.26827 6.940939 -16.05486 30.58794 6.92351 -15.60848 31.22044 6.71877 -16.04353 31.13555 6.474168 -16.04422 31.13827 6.533977 -16.04349 31.13758 6.592447 -16.39276 30.54035 4.43733 -16.34382 30.54167 4.475941 -16.35919 30.57932 4.470715 -16.91667 30.42489 6.47654 -16.90589 30.42099 6.480572 -16.90742 30.43388 6.481185 -16.91005 30.42676 6.829184 -16.91007 30.42672 6.880894 -16.4148 30.06366 6.477225 -16.91022 30.4267 6.87325 -17.05017 30.97981 6.480097 -17.50072 30.01128 6.378691 -16.91028 30.42682 6.064759 -16.91005 30.42671 6.021771 -16.91005 30.42671 6.110455 -16.37467 30.58017 5.494189 -16.38101 30.52724 5.475455 -16.34563 30.5425 5.450652 -15.99418 30.356 6.508784 -15.98747 30.34996 6.504138 -15.98285 30.36232 6.504916 -15.98772 30.35697 6.827673 -15.96294 30.34385 6.832557 -15.98416 30.33164 6.345201 -15.74491 30.07766 6.441882 -15.99251 30.37029 6.575408 -15.98671 30.35836 6.15323 -15.98777 30.35691 6.152157 -16.38008 30.57735 4.859932 -16.38675 30.53027 4.898642 -16.33956 30.55167 4.89671 -16.69545 31.35078 7.096209 -16.68958 31.33927 7.102555 -16.68477 31.34948 7.098801 -16.68642 31.38218 7.427611 -16.69039 31.34635 7.501557 -16.69155 31.34531 7.454396 -16.77592 30.81809 7.003339 -16.68448 31.3573 6.743906 -17.02621 31.7691 7.097544 -16.69157 31.34522 6.732115 -16.69143 31.34494 6.75935 -16.39501 30.5652 5.695886 -16.35305 30.53062 5.673682 -16.34758 30.56451 5.72622 -16.71803 29.79989 6.819752 -16.71541 29.78937 6.812692 -16.70592 29.79346 6.819037 -16.69963 29.80864 6.966557 -16.57403 29.5972 7.096679 -16.71236 29.79423 7.300031 -16.71351 29.79442 7.377522 -17.01219 29.77581 6.784995 -16.71267 29.79524 6.289429 -16.71438 29.79308 6.311021 -15.71782 35.83581 5.12353 -15.80499 35.92629 5.114779 -15.81783 35.78734 5.117274 -15.8418 35.8598 9.270054 -15.85071 35.90059 9.269402 -15.8801 35.86769 9.268725 -15.79796 35.85906 8.547852 -15.81956 35.88654 8.508579 -15.84031 35.84602 8.543802 -16.09973 36.58622 9.29659 -16.11002 36.5895 9.288825 -16.10983 36.57977 9.299179 -16.10666 36.58527 9.646697 -16.10803 36.58561 9.659981 -15.99099 36.66688 9.324862 -15.86256 36.20657 9.358424 -16.10711 36.58533 8.957888 -16.10632 36.58492 8.974787 -16.11841 36.5832 9.200046 -15.79123 35.87137 8.378605 -15.84166 35.88479 8.378935 -15.8325 35.84218 8.329736 -15.93224 35.41369 9.298024 -15.93452 35.42434 9.303899 -15.94484 35.41704 9.298083 -15.93732 35.41841 9.670463 -15.94035 35.42162 9.738544 -15.93736 35.4179 9.748725 -16.54143 35.08214 9.404453 -15.34076 35.69547 9.457404 -15.6835 34.77805 9.245598 -15.93865 35.41729 8.848425 -15.93708 35.41804 8.898783 -16.13244 35.87328 8.709802 -15.80303 35.84214 7.35665 -15.80317 35.8859 7.338354 -15.84798 35.87355 7.381574 -15.26374 36.13458 9.482434 -15.26818 36.14598 9.481937 -15.27656 36.13723 9.487121 -15.2715 36.13972 9.964766 -15.27063 36.13024 9.972116 -15.26955 36.13914 9.871153 -14.70227 36.40418 9.494796 -15.25593 35.5326 9.414779 -15.39233 36.46021 9.302022 -15.26954 36.13917 9.1332 -15.26938 36.13936 9.111135 -15.79436 35.85802 8.553994 -15.83303 35.89253 8.540519 -15.82927 35.83815 8.545399 -16.1787 35.95693 9.987492 -16.19026 35.95927 9.984046 -16.18765 35.94656 9.985669 -16.18549 35.95414 10.34396 -16.19518 35.94998 10.44148 -15.80853 36.02046 10.29247 -16.18549 35.95475 10.41202 -16.55863 36.21172 9.866363 -16.17975 35.36145 9.845227 -16.1855 35.95412 9.53384 -16.17595 35.94991 9.596553 -16.18514 35.95465 9.566693 -15.79608 35.87443 8.52663 -15.84101 35.86685 8.564483 -15.83014 35.84646 8.520155 -15.25548 35.06634 9.099645 -15.26145 35.06954 9.111408 -15.26671 35.06063 9.103067 -15.26316 35.05968 9.522904 -15.26114 35.0655 9.533798 -15.26121 35.0655 9.64393 -15.46627 35.40978 9.543718 -14.60059 35.02104 9.082677 -15.52636 34.59134 8.681828 -15.46382 35.60198 8.804993 -15.26146 35.06546 8.639644 -15.2612 35.06543 8.658403 -15.26109 35.06544 8.695953 -15.79102 35.87087 7.474218 -15.84149 35.88431 7.469451 -15.83296 35.84305 7.524781 -15.65674 36.65636 9.350039 -15.6655 36.66129 9.347935 -15.66784 36.65029 9.35555 -15.66387 36.65535 9.813421 -15.64955 36.62953 9.662336 -15.66159 36.65569 9.812092 -15.78683 37.19879 9.281791 -16.18672 36.42201 9.380268 -15.6642 36.6554 8.920752 -15.66369 36.6551 8.910417 -15.6657 36.64751 8.973132 -15.793 35.873 8.041541 -15.84199 35.88591 8.013127 -15.83042 35.83943 7.99082 -16.24873 35.4882 9.624029 -16.26007 35.48535 9.619071 -16.2537 35.47624 9.618447 -16.25331 35.48336 9.995168 -16.25326 35.48338 9.996438 -16.81759 35.25442 9.722568 -16.2513 35.4941 10.10886 -16.25102 35.49985 9.355229 -16.04447 34.99832 9.617525 -15.93754 35.61094 9.462933 -16.25349 35.48251 9.178293 -15.79767 35.87388 7.622382 -15.83685 35.88929 7.67782 -15.82839 35.83526 7.660593 -15.04111 35.80905 9.42342 -15.05265 35.8113 9.431088 -15.0492 35.79987 9.428254 -15.05079 35.80538 9.870672 -15.04756 35.80685 9.756016 -14.87059 35.40729 9.435678 -15.29745 36.12305 9.388485 -15.04142 35.81218 9.61701 -15.04893 35.80643 9.050623 -15.04131 35.81105 9.003384 -15.04752 35.80692 9.120588 -15.81375 35.84882 8.346013 -15.80669 35.88958 8.265078 -15.84463 35.85904 8.255395 -16.33325 36.43018 8.975828 -16.33867 36.43605 8.963719 -16.34347 36.42722 8.968744 -16.34275 36.43305 9.394439 -16.33724 36.43295 9.433218 -16.62413 36.03679 8.922539 -16.25846 36.34456 9.538313 -16.42718 36.8599 8.819335 -16.33816 36.43147 8.540036 -16.32756 36.42895 8.51266 -16.33766 36.43148 8.510385 -18.55342 30.53234 2.037136 -18.56672 30.43247 2.030887 -18.47309 30.49374 2.032669 -18.50662 30.44254 4.997926 -18.52778 30.41659 4.997461 -18.49247 30.41456 4.996978 -18.52803 30.47043 4.482244 -18.5345 30.44315 4.454201 -18.49871 30.45034 4.479353 -18.83396 29.91817 5.016874 -18.83089 29.91007 5.011329 -18.82488 29.91505 5.018723 -18.82991 29.9143 5.266865 -18.82944 29.91327 5.276351 -18.93885 29.94619 5.037061 -18.71396 30.25648 5.061026 -18.82973 29.91398 4.775027 -18.82986 29.91468 4.787094 -18.82275 29.90795 4.947937 -18.53911 30.46851 4.361394 -18.52238 30.43015 4.36163 -18.5002 30.45716 4.3265 -18.18144 30.60834 5.017898 -18.18698 30.60159 5.022093 -18.17725 30.59876 5.01794 -18.18187 30.60279 5.283835 -18.18237 30.59929 5.332448 -18.18152 30.60303 5.339717 -17.66934 30.39133 5.093892 -18.65345 30.83908 5.131702 -17.9065 31.08165 4.980464 -18.1805 30.60252 4.696866 -18.18175 30.60313 4.732823 -18.37007 30.25335 4.597883 -18.51488 30.47569 3.631676 -18.54228 30.45377 3.618612 -18.51217 30.4318 3.649473 -18.96754 30.66833 5.149574 -18.97249 30.65986 5.14922 -18.96281 30.65897 5.152921 -18.9669 30.6609 5.493979 -18.96138 30.66618 5.499228 -18.96751 30.66241 5.427136 -19.41693 30.8863 5.158402 -18.59352 30.97359 5.101266 -19.10781 30.42514 5.020753 -18.96753 30.6624 4.900207 -18.96772 30.66241 4.884451 -18.52917 30.47321 4.48663 -18.53154 30.43171 4.477008 -18.49928 30.4612 4.480492 -18.3995 30.18258 5.510207 -18.3952 30.17415 5.507747 -18.38853 30.18213 5.508905 -18.39436 30.17971 5.764742 -18.38692 30.17569 5.834375 -18.62408 30.38327 5.727972 -18.39474 30.1794 5.813337 -18.3699 29.81693 5.423716 -18.02515 30.47902 5.408623 -18.39435 30.1797 5.186281 -18.39647 30.1878 5.23106 -18.39486 30.17967 5.209739 -18.53861 30.46394 4.467091 -18.51144 30.43951 4.494119 -18.50407 30.45651 4.462467 -18.30104 31.20651 4.876247 -18.30007 31.20116 4.884647 -18.29185 31.20231 4.878691 -18.29302 31.20501 5.178471 -18.29769 31.20337 5.18625 -18.29765 31.20333 5.264889 -18.41147 30.90282 5.193334 -18.59935 31.64024 4.864131 -17.86768 31.27345 4.577908 -18.53335 30.80846 4.665854 -18.2975 31.20319 4.547787 -18.29761 31.20337 4.561182 -18.29767 31.20344 4.587994 -18.5389 30.46889 3.715625 -18.52216 30.43051 3.712221 -18.50051 30.45644 3.751729 -19.09902 30.16128 5.055039 -19.09774 30.15332 5.053537 -19.08967 30.15734 5.058974 -19.09483 30.15731 5.385913 -19.08576 30.17918 5.278032 -19.09618 30.15857 5.384964 -19.37465 29.80897 5.006307 -18.68747 29.94549 5.076624 -19.0947 30.15708 4.74851 -19.09476 30.15754 4.741131 -19.089 30.16007 4.785912 -18.53926 30.46659 4.120717 -18.52292 30.42939 4.100428 -18.49951 30.45984 4.0845 -18.0703 30.37248 5.250679 -18.06285 30.36678 5.247139 -18.06031 30.37532 5.246693 -18.06498 30.37202 5.515688 -18.06501 30.37204 5.516595 -17.63971 30.132 5.32104 -18.07272 30.36792 5.596872 -18.07647 30.36523 5.058745 -17.86468 30.74513 5.246035 -18.30262 30.5066 5.13565 -18.06435 30.37233 4.932405 -18.53748 30.46322 3.82142 -18.52761 30.43093 3.861005 -18.49791 30.4632 3.848704 -18.87426 30.97052 5.107436 -18.86991 30.96215 5.112912 -18.86445 30.97002 5.110888 -18.86712 30.96627 5.426792 -18.86966 30.96757 5.344924 -18.70711 31.27802 5.116189 -18.94348 30.65293 5.082491 -18.87607 30.96876 5.245667 -18.86871 30.96692 4.841243 -18.87541 30.9694 4.807513 -18.86973 30.96756 4.891202 -18.51372 30.46562 4.338123 -18.54283 30.44972 4.280332 -18.50473 30.44114 4.273418 -18.61949 29.84943 4.787837 -18.62048 29.84309 4.779191 -18.61254 29.84449 4.782779 -18.61655 29.84203 5.086742 -18.61924 29.84554 5.114432 -18.2274 29.8631 4.749786 -18.60306 29.9391 5.189475 -18.8424 29.57605 4.676094 -18.61785 29.8457 4.476663 -18.62156 29.85362 4.457116 -18.61811 29.84601 4.455491 -15.65003 31.12033 2.761741 -15.57375 31.07735 2.755327 -15.59295 31.17267 2.757156 -15.56247 31.12909 6.051298 -15.54837 31.10364 6.050785 -15.53532 31.13147 6.050253 -15.59352 31.13179 4.822128 -15.57458 31.10089 4.813308 -15.55631 31.12912 4.799827 -15.27142 31.16745 6.654326 -15.26707 31.15949 6.653338 -15.2632 31.1682 6.651749 -15.26711 31.16499 6.946212 -15.26651 31.16572 7.028679 -15.36162 31.08579 6.852488 -15.57836 31.48268 6.751266 -14.86132 31.33238 6.514491 -15.26712 31.16579 6.277556 -15.54242 31.09567 6.358674 -15.26695 31.16481 6.327402 -15.59324 31.12081 5.009923 -15.56772 31.10416 5.05074 -15.5701 31.14095 5.020902 -16.04329 31.43125 6.497665 -16.04052 31.42293 6.502421 -16.03569 31.43066 6.502252 -16.03762 31.42708 6.831003 -15.91706 31.77677 6.483573 -16.04277 31.43062 6.704631 -15.79057 31.17754 6.447066 -16.03803 31.42429 6.189573 -16.04096 31.42927 6.226234 -16.04631 31.41094 6.467779 -15.59212 31.1301 5.113095 -15.57523 31.10069 5.082199 -15.55815 31.13289 5.110958 -15.5323 30.8026 6.305912 -15.52766 30.79548 6.302025 -15.52274 30.802 6.304908 -15.52765 30.80016 6.622517 -15.52762 30.8001 6.612953 -15.27389 30.8039 6.574304 -15.52785 30.79991 6.664716 -15.62453 30.37508 6.287199 -15.60322 31.18683 6.060346 -15.83186 30.99418 6.393566 -15.52213 30.80504 5.944174 -15.52759 30.80011 6.022566 -15.52768 30.80007 5.947832 -15.58105 31.10607 4.946036 -15.55586 31.12112 4.900946 -15.5815 31.13843 4.89516 -15.25679 31.72672 6.34816 -15.25116 31.72001 6.351175 -15.24894 31.72736 6.344231 -15.25222 31.72464 6.597898 -15.2521 31.72459 6.627033 -14.95394 32.01807 6.450988 -15.25222 31.72465 6.613794 -15.27752 31.6331 6.670339 -15.19578 32.11951 6.283585 -15.04756 31.33585 6.264074 -15.2711 31.72478 6.130265 -15.25227 31.72468 6.025117 -15.25222 31.72464 6.010504 -15.58969 31.1109 4.796076 -15.55725 31.11023 4.83453 -15.57872 31.14151 4.819934 -15.91878 31.02363 6.030987 -15.91684 31.01613 6.030832 -15.91037 31.02055 6.035535 -15.92377 31.02416 6.103808 -15.91291 31.01039 6.378365 -15.91463 31.02007 6.324348 -15.39361 30.96648 6.005373 -15.94221 31.33995 6.001592 -15.91495 31.02275 5.70892 -15.91484 31.02057 5.765186 -15.91601 31.00842 5.969699 -15.58497 31.1303 5.60426 -15.5816 31.10147 5.562931 -15.55894 31.1314 5.545371 -15.28192 30.9692 5.982012 -15.27543 30.96948 5.974458 -15.27627 30.97669 5.979754 -15.2779 30.97176 6.232155 -15.27607 30.97211 6.306161 -14.92656 31.15106 5.960371 -15.27763 30.9711 6.294589 -15.28621 30.98503 5.955268 -15.28688 31.00599 5.886026 -15.20797 30.91721 5.92322 -15.59246 31.11122 4.386944 -15.55654 31.11063 4.400744 -15.57683 31.14077 4.371177 -15.71629 31.39355 6.046321 -15.71476 31.38696 6.049081 -15.70706 31.39214 6.048581 -15.71119 31.39001 6.454845 -15.71489 31.38939 6.378054 -15.45884 31.62057 5.957384 -15.71389 31.39412 6.424383 -15.60621 31.09404 5.851637 -15.71668 31.39343 5.733838 -15.71228 31.39116 5.680062 -15.71208 31.39113 5.673969 -15.58377 31.1044 4.80643 -15.55531 31.11363 4.825518 -15.58602 31.13731 4.834409 -15.71519 30.80165 6.233263 -15.70835 30.80768 6.237364 -15.71578 30.80986 6.236887 -15.71367 30.80279 6.600377 -15.71299 30.80575 6.50043 -15.71291 30.80603 6.559019 -15.98096 31.09088 6.25396 -15.37019 30.94586 6.215877 -15.86644 30.46108 6.166353 -15.71394 30.8059 5.885581 -15.71296 30.80585 5.936851 -15.71304 30.80611 5.949607 -15.59299 31.10993 5.468426 -15.55762 31.11116 5.448486 -15.57307 31.14156 5.447185 -15.37836 31.24128 6.580537 -15.3745 31.23368 6.580708 -15.36951 31.24159 6.577998 -15.37403 31.23884 6.889429 -15.36979 31.23964 6.972416 -15.36266 31.35141 6.882726 -15.3125 30.90704 6.763353 -15.70775 31.25627 6.395037 -15.36957 31.24557 6.137933 -15.36488 31.20645 6.191251 -15.3742 31.239 6.165524 -11.26675 30.80849 3.840775 -11.38387 30.78615 3.832307 -11.28011 30.70388 3.834721 -11.35013 30.72241 7.85286 -11.38716 30.73649 7.852229 -11.37626 30.69607 7.851575 -11.3268 30.75687 7.154074 -11.35984 30.75395 7.116073 -11.33841 30.71645 7.150155 -12.06119 30.89424 7.878536 -12.06914 30.88776 7.871022 -12.06131 30.88287 7.881041 -12.06403 30.88824 8.217291 -12.06501 30.88732 8.230145 -12.06889 31.02249 7.905891 -11.63647 30.88579 7.938365 -12.06432 30.88791 7.550815 -12.06358 30.88833 7.567167 -12.06849 30.87783 7.785122 -11.33309 30.7686 6.990313 -11.36992 30.73549 6.990633 -11.3313 30.72066 6.943029 -11.04252 30.41915 7.879924 -11.05217 30.42285 7.885608 -11.05172 30.41086 7.87998 -11.04891 30.41755 8.240287 -11.05303 30.41681 8.306161 -11.04852 30.41726 8.316012 -11.09503 29.76304 7.982901 -10.95964 31.03535 8.034136 -10.40836 30.2871 7.829197 -11.04871 30.41592 7.444901 -11.04849 30.41755 7.493626 -11.5116 30.49844 7.310773 -11.31599 30.74406 6.001492 -11.35083 30.76665 5.983789 -11.36426 30.72463 6.025608 -11.26865 31.32432 8.058354 -11.28001 31.32671 8.057874 -11.2774 31.31551 8.062889 -11.27675 31.32082 8.525048 -11.26877 31.3166 8.53216 -11.27528 31.32207 8.43447 -11.19166 31.91036 8.070316 -10.78621 31.01827 7.992893 -11.59412 31.39104 7.883792 -11.27531 31.32209 7.720443 -11.27537 31.32232 7.699093 -11.3241 30.75919 7.160016 -11.37159 30.74636 7.146978 -11.32642 30.72114 7.1517 -11.60206 30.50506 8.547037 -11.60992 30.49709 8.543704 -11.59847 30.49257 8.545274 -11.60337 30.49822 8.891951 -11.6051 30.48836 8.986308 -11.46054 30.83219 8.842125 -11.60386 30.49853 8.957801 -12.00162 30.3353 8.429836 -11.12939 30.19536 8.409384 -11.60336 30.4982 8.108094 -11.59506 30.5036 8.168773 -11.60359 30.49876 8.139881 -11.33804 30.76633 7.133539 -11.35532 30.7267 7.170165 -11.33348 30.72476 7.127274 -10.41545 30.77678 7.687976 -10.42109 30.7737 7.699358 -10.41673 30.76489 7.691287 -10.41413 30.76723 8.097512 -10.41772 30.77185 8.108053 -10.41774 30.77179 8.214614 -10.79771 30.78741 8.117652 -10.03975 31.27372 7.671558 -10.17847 30.31513 7.283705 -10.94918 30.88906 7.402878 -10.41785 30.77157 7.242889 -10.41769 30.77177 7.26104 -10.41764 30.77185 7.297373 -11.33258 30.7685 6.115249 -11.36944 30.73537 6.110637 -11.33223 30.72075 6.164172 -11.88715 31.28266 7.930252 -11.89561 31.27825 7.928216 -11.88808 31.27069 7.935585 -11.89005 31.27647 8.37861 -11.8621 31.27445 8.232424 -11.88913 31.27845 8.377325 -12.3857 31.46064 7.864216 -11.97582 30.73993 7.959501 -11.89025 31.27623 7.514883 -11.88976 31.27648 7.504883 -11.88476 31.27095 7.565565 -11.3353 30.76805 6.664177 -11.37097 30.7358 6.636685 -11.32803 30.72088 6.615101 -11.2659 30.20628 8.195359 -11.26951 30.19579 8.190561 -11.25897 30.19612 8.189957 -11.26443 30.20013 8.554464 -11.26441 30.20018 8.555694 -11.37518 29.63295 8.290703 -11.27192 30.20729 8.664475 -11.27634 30.21051 7.935273 -10.77065 30.1145 8.189065 -11.20202 30.51724 8.039485 -11.26385 30.19954 7.764074 -11.33843 30.76479 6.258609 -11.371 30.74165 6.312249 -11.32367 30.72034 6.295581 -10.89448 31.33239 8.001253 -10.90225 31.32438 8.008673 -10.89137 31.32119 8.005931 -10.89658 31.32279 8.434004 -10.89607 31.32612 8.323067 -10.48675 31.2595 8.013114 -11.27697 31.29155 7.967452 -10.89712 31.33377 8.188567 -10.89644 31.32482 7.640543 -10.89616 31.33327 7.594836 -10.89611 31.32619 7.70824 -11.32685 30.73901 6.958778 -11.35558 30.76576 6.880467 -11.35099 30.71977 6.871098 -12.05832 30.62772 7.568174 -12.0658 30.62646 7.556457 -12.06127 30.61807 7.561319 -12.06553 30.62166 7.973212 -12.06259 30.62599 8.010734 -11.89658 30.19251 7.516613 -11.95148 30.64275 8.112422 -12.44853 30.77598 7.416754 -12.06189 30.62449 7.146511 -12.05439 30.63161 7.120022 -12.06164 30.62489 7.117821 -18.68048 30.44492 1.992031 -18.74273 30.44069 1.987359 -18.69401 30.39141 1.988691 -18.72922 30.40545 4.210026 -18.74757 30.4151 4.209681 -18.74446 30.39342 4.209323 -18.71131 30.41365 3.637621 -18.73248 30.42848 3.615653 -18.73128 30.40256 3.617777 -19.01988 30.42782 4.517965 -19.02563 30.42763 4.515196 -19.02133 30.42251 4.517355 -19.0322 30.45175 4.726172 -19.02111 30.42346 4.748293 -19.02681 30.42781 4.724172 -19.01059 30.19894 4.46628 -19.02551 30.4277 4.279634 -19.02271 30.42591 4.30409 -19.02066 30.42788 4.306851 -18.71537 30.42656 3.871102 -18.73239 30.41414 3.884741 -18.72751 30.40497 3.857937 -18.40124 30.1444 4.063428 -18.40586 30.14159 4.068164 -18.40442 30.13955 4.061415 -18.40361 30.14256 4.3313 -18.40401 30.13843 4.344431 -18.40243 30.14161 4.317398 -18.4082 29.86771 4.128529 -18.21196 30.31801 4.087845 -18.66335 30.19424 4.074543 -18.4986 30.34122 3.924196 -18.36421 30.06996 3.8254 -18.40371 30.1422 3.814709 -18.40386 30.14186 3.846708 -18.40381 30.14179 3.825851 -18.71953 30.42382 3.582028 -18.73902 30.41683 3.600527 -18.72099 30.40678 3.634256 -18.75044 30.90545 4.139481 -18.75429 30.90245 4.143566 -18.74804 30.90161 4.145289 -18.75086 30.90317 4.335872 -18.75088 30.90321 4.321137 -18.75089 30.90314 4.365726 -18.39698 30.79312 4.190681 -18.89527 30.76887 4.172596 -18.68689 31.12804 4.126476 -18.75174 30.90411 3.917805 -18.76816 30.89328 3.904067 -18.75073 30.90323 3.961242 -18.71304 30.41649 3.528654 -18.73473 30.42535 3.513246 -18.72753 30.40433 3.481253 -19.01026 30.03918 4.168954 -19.01253 30.03502 4.163226 -19.00725 30.03489 4.166998 -19.0145 30.03217 4.351742 -19.00892 30.03598 4.470156 -19.01694 30.03526 4.279652 -18.79494 30.14261 4.16057 -19.01087 30.03628 3.871626 -19.05827 29.99473 3.884886 -19.01025 30.03677 3.890965 -18.71952 30.4272 3.765701 -18.7378 30.41576 3.800204 -18.71718 30.40305 3.769454 -18.26343 30.5017 4.528705 -18.26647 30.50543 4.530573 -18.26856 30.49956 4.533112 -18.26637 30.50184 4.69485 -18.26515 30.49989 4.73109 -18.25848 30.49453 4.423543 -18.27255 30.50657 4.759946 -18.48699 30.33559 4.499493 -18.26671 30.4999 4.456821 -18.2689 30.50952 4.412845 -18.72491 30.42915 3.628668 -18.73688 30.40721 3.631901 -18.71641 30.40435 3.65069 -18.97891 30.60067 4.559227 -18.98537 30.59889 4.557181 -18.98189 30.59518 4.559615 -18.98189 30.59868 4.825251 -18.97706 30.52884 4.734485 -18.98151 30.59905 4.876154 -19.28411 30.53343 4.519489 -18.73386 30.79115 4.524667 -18.98265 30.60147 4.260731 -18.97899 30.59518 4.264075 -18.98156 30.59858 4.305989 -18.71681 30.4267 3.355059 -18.74045 30.41316 3.346941 -18.71705 30.40523 3.327842 -18.58198 29.95472 4.570186 -18.58881 29.95501 4.571588 -18.58535 29.95065 4.568352 -18.77731 29.79538 4.685622 -18.58537 29.95358 4.789778 -18.58596 29.9586 4.715921 -18.5857 29.95389 4.805063 -18.31981 29.90369 4.544002 -18.59466 29.93192 4.34507 -18.57933 29.97308 4.370982 -18.58562 29.95381 4.393283 -18.72852 30.42714 3.638619 -18.73046 30.40492 3.678127 -18.71167 30.40963 3.652732 -18.5266 30.77002 4.303322 -18.53304 30.77175 4.304753 -18.52901 30.76686 4.306915 -18.52996 30.76995 4.539959 -18.53242 30.77284 4.547943 -18.68706 30.53544 4.426518 -18.52988 30.76965 4.560866 -18.80711 30.62424 4.169081 -18.41723 31.10583 4.261436 -18.24392 30.69962 4.283819 -18.52989 30.76983 4.073709 -18.52976 30.76962 4.042607 -18.52991 30.76993 4.03671 -18.71082 30.41527 3.245559 -18.7323 30.42738 3.226112 -18.73238 30.40339 3.216544 -19.14027 30.27226 4.536125 -19.14512 30.26839 4.532814 -19.13997 30.26584 4.53508 -19.14182 30.26891 4.743484 -19.14183 30.26892 4.742113 -19.14084 30.26375 4.813055 -19.03016 30.35168 4.760625 -19.30343 30.30328 4.516004 -19.14259 30.27502 4.345776 -19.14171 30.2692 4.289359 -19.09849 30.21055 4.45685 -10.95237 35.92311 4.058454 -10.91024 35.81081 4.049533 -10.84638 35.92772 4.052076 -10.85281 35.85514 8.335762 -10.86045 35.81602 8.335095 -10.82223 35.83372 8.334403 -10.89932 35.8568 7.410584 -10.85368 35.84163 7.465376 -10.86832 35.88477 7.429165 -11.3189 36.07068 8.660217 -11.3152 36.05991 8.664566 -11.30914 36.07178 8.664807 -10.83413 35.97529 8.572646 -11.31487 36.06623 9.156291 -11.28063 36.26971 8.753115 -11.31683 36.04237 8.810588 -11.47628 35.61362 8.689 -11.31876 36.06659 8.100578 -11.31474 36.06606 8.176226 -11.31377 36.06685 8.244065 -10.9002 35.8659 6.577791 -10.87817 35.83079 6.555343 -10.84692 35.86702 6.567669 -10.73461 35.47769 9.07437 -10.72483 35.47385 9.072483 -10.72678 35.48674 9.075842 -10.72802 35.48006 9.388168 -10.72811 35.48044 9.453686 -10.72833 35.48002 9.467637 -11.2204 35.82128 9.024347 -10.09508 35.59613 9.016331 -10.66285 34.93775 9.075344 -10.72808 35.47995 8.765077 -10.72806 35.48006 8.69251 -10.72822 35.48006 8.726867 -10.89928 35.86133 7.864204 -10.84856 35.84552 7.865883 -10.86362 35.86778 7.828644 -10.68782 36.50287 8.24765 -10.67901 36.49633 8.25586 -10.67591 36.50093 8.244212 -10.68102 36.50006 8.614342 -10.68064 36.50013 8.671544 -10.6854 36.50277 8.746291 -10.64584 37.08449 8.314998 -10.22922 36.34851 8.422663 -10.63541 36.4884 7.738366 -11.02318 36.5607 8.123065 -10.67533 36.5002 7.704969 -10.89403 35.87493 7.711861 -10.88509 35.83363 7.706766 -10.84996 35.86721 7.731851 -11.35233 35.64019 8.941762 -11.34403 35.63223 8.944064 -11.3421 35.64481 8.947922 -11.34603 35.63904 9.472846 -11.35365 35.65286 9.533182 -11.34394 35.63551 9.560459 -11.00104 36.02356 8.80466 -11.77232 35.60524 8.792628 -10.95194 35.33788 8.752668 -11.34599 35.63912 8.436272 -11.34628 35.63934 8.415239 -11.34611 35.63906 8.390163 -10.88245 35.88427 7.151279 -10.88533 35.83198 7.136608 -10.85017 35.85599 7.09091 -10.10671 35.68254 8.713416 -10.10887 35.67107 8.713015 -10.0983 35.67601 8.706045 -10.0972 35.68099 9.113547 -10.10455 35.67645 9.069178 -10.41341 35.96096 8.87228 -10.10456 35.67639 9.100146 -9.985345 35.81201 8.667482 -10.39949 35.29771 8.664333 -10.10446 35.67512 8.304064 -10.07832 35.70629 8.694916 -10.89783 35.85597 7.045798 -10.87076 35.83829 7.125632 -10.85071 35.87724 7.06934 -11.26311 36.4328 8.039745 -11.26426 36.42473 8.047472 -11.25322 36.43219 8.047426 -11.25948 36.42979 8.388483 -11.25957 36.43017 8.394997 -11.25985 36.42987 8.372544 -11.09421 35.92419 8.230516 -10.82614 36.73594 8.187633 -11.85746 36.64252 8.08633 -11.2568 36.41608 7.719985 -11.2594 36.43025 7.665606 -11.25947 36.42979 7.768895 -10.90174 35.8661 6.26358 -10.86624 35.83811 6.21353 -10.85029 35.8676 6.290694 -11.06138 34.90458 8.052467 -11.06359 34.89668 8.043023 -11.05155 34.89749 8.046593 -11.05822 34.89961 8.460525 -11.10958 34.87618 8.087438 -11.06101 34.89252 8.524983 -11.04602 34.78267 7.814299 -10.69041 35.14976 8.040184 -11.06001 34.89913 7.602077 -11.05873 34.89968 7.652637 -10.88716 35.88243 6.829252 -10.88878 35.83752 6.85959 -10.84437 35.85199 6.818052 -10.49513 36.20582 8.655267 -10.49132 36.19386 8.657701 -10.484 36.19918 8.653489 -10.49051 36.20048 9.037994 -10.49056 36.20033 9.063813 -10.48947 36.19875 9.153205 -10.77916 36.20113 9.035161 -9.977059 36.19775 8.448703 -10.31313 36.66328 8.66212 -10.49055 36.2007 8.179266 -10.49774 36.21542 8.295811 -10.47953 35.98405 8.446899 -10.88256 35.88289 6.344053 -10.89186 35.83712 6.339311 -10.84555 35.85395 6.384023 -11.65288 35.94171 9.095015 -11.65361 35.92854 9.095291 -11.64399 35.93396 9.099641 -11.65026 35.93474 9.546588 -11.6548 35.92814 9.368687 -11.65007 35.93519 9.603103 -11.14091 35.8739 9.095085 -11.66781 36.5437 9.146536 -11.65064 35.93126 8.566 -11.65259 35.9383 8.61891 -11.65027 35.93479 8.742734 -16.09702 30.27477 2.54356 -16.11765 30.15891 2.535812 -16.00526 30.22562 2.538021 -16.047 30.16759 6.33115 -16.07302 30.13839 6.330548 -16.03191 30.13421 6.329923 -16.07108 30.20268 5.767733 -16.08068 30.16435 5.794382 -16.03568 30.18145 5.773289 -15.91409 30.60024 6.479615 -15.92329 30.59357 6.486005 -15.91149 30.5905 6.485287 -15.86172 30.58767 6.979051 -15.93222 30.59924 6.931642 -15.9164 30.59482 6.859943 -15.92645 30.059 6.622465 -15.91341 30.5983 6.020758 -15.90348 30.60068 6.302326 -16.09298 30.54586 6.37165 -16.07919 30.20185 4.716961 -16.07487 30.16175 4.694863 -16.04161 30.1722 4.761497 -16.76113 29.89458 6.080978 -16.75833 29.88225 6.078903 -16.75263 29.88656 6.085578 -16.79734 29.90903 6.141959 -16.75794 29.88847 6.38145 -16.75788 29.88853 6.448364 -16.91766 29.28398 6.231597 -17.28591 30.18175 6.155818 -16.72378 29.89068 5.796716 -16.74169 29.89135 5.716231 -16.75845 29.88847 5.745763 -16.07179 30.20452 5.107879 -16.07015 30.15258 5.09395 -16.03822 30.17679 5.069781 -15.56076 30.05863 6.57167 -15.56746 30.04771 6.573494 -15.55702 30.04737 6.568555 -15.55602 30.05216 7.002435 -15.56181 30.05134 6.887588 -15.56246 30.05391 6.987616 -15.35556 29.5962 6.543892 -15.21917 30.3958 6.652125 -15.55779 30.04645 6.172524 -15.56179 30.05147 6.238827 -16.11028 30.03662 6.449791 -15.56184 30.05134 6.263634 -16.07624 30.20167 4.479762 -16.06804 30.15444 4.517909 -16.03653 30.17633 4.515088 -16.3382 30.66627 6.546689 -16.3395 30.65444 6.550706 -16.32976 30.66272 6.549719 -16.33608 30.6603 6.898193 -16.33501 30.66073 6.964596 -16.33584 30.66064 6.91401 -16.10599 30.13505 6.579099 -16.22319 31.11996 6.45727 -16.91402 30.76961 6.395534 -16.33608 30.66035 6.142357 -16.33641 30.66164 6.128984 -16.33612 30.66021 6.214136 -16.05397 30.20502 4.453241 -16.08957 30.1853 4.433988 -16.05394 30.15509 4.419616 -16.18709 29.7173 6.604965 -16.1834 29.7061 6.601547 -16.17573 29.71584 6.605446 -16.18223 29.7098 7.112334 -16.18189 29.71272 7.138089 -16.22928 29.81511 7.192768 -16.18496 29.70598 6.230264 -15.8255 29.90128 6.512292 -16.59207 29.65511 6.3888 -16.18609 29.70839 6.084995 -16.18179 29.71473 6.11597 -16.08357 30.20063 4.680504 -16.06631 30.15577 4.700025 -16.03846 30.18143 4.645762 -15.42136 30.67974 6.432307 -15.42287 30.66927 6.437761 -15.41369 30.66912 6.432598 -15.41911 30.67347 6.738871 -15.1554 30.21642 6.423767 -15.41899 30.67344 6.827715 -15.41482 30.67754 6.871703 -15.04112 31.24243 6.469684 -15.44399 30.63882 6.406226 -15.41232 30.67458 5.926053 -15.41419 30.67994 5.969586 -16.05636 30.20715 4.907873 -16.08646 30.16738 4.878873 -16.04442 30.16429 4.931176 -16.86582 30.31812 6.742686 -16.87125 30.30828 6.740342 -16.86082 30.30688 6.746876 -16.86586 30.31111 7.147273 -16.54398 29.93593 6.815796 -16.86477 30.31076 7.23064 -16.86691 30.3108 7.221604 -17.333 30.47302 6.660066 -16.66599 30.74059 6.635615 -16.8619 30.30923 6.284084 -16.86586 30.31114 6.351412 -16.86681 30.31079 6.27255 -16.06134 30.20714 4.583261 -16.08022 30.15884 4.566579 -16.03661 30.17621 4.555675 -15.69664 29.75848 6.91381 -15.6855 29.75273 6.909762 -15.68574 29.76284 6.912458 -15.67255 29.73768 7.329296 -15.69034 29.7582 7.276448 -15.68821 29.75164 7.003114 -15.31371 29.43171 6.915355 -15.7203 30.09193 6.834893 -15.69197 29.76057 6.5232 -15.69004 29.75753 6.578944 -15.68346 29.75344 6.537384 -16.06106 30.20641 4.974051 -16.08837 30.17149 4.998473 -16.04061 30.16132 5.005405 -16.06545 30.56554 6.555887 -16.06486 30.55645 6.559048 -16.05345 30.56128 6.55732 -16.06038 30.56135 6.926617 -16.06093 30.55991 7.054083 -15.71332 30.12309 6.362899 -16.06 30.56145 6.9818 -16.43649 30.42236 6.757735 -15.9604 31.12958 6.62605 -16.09882 30.55032 6.140383 -16.06013 30.56132 6.088297 -16.06034 30.56132 6.133811 -18.16751 34.90766 2.411087 -18.26299 34.88404 2.404157 -18.17385 34.82088 2.406133 -18.23236 34.83303 5.837602 -18.2635 34.84298 5.837062 -18.25272 34.81017 5.836502 -18.22653 34.86613 4.954 -18.24448 34.83971 4.889887 -18.20645 34.84403 4.927626 -18.5203 34.13366 6.082126 -18.52577 34.12808 6.074727 -18.51663 34.12531 6.075625 -18.50338 34.12244 5.968949 -18.52082 34.12905 6.352674 -18.21551 34.38639 5.966647 -18.51536 34.13861 6.423352 -18.8836 34.07809 6.031789 -18.52171 34.12841 5.788952 -18.52081 34.12901 5.811696 -18.52082 34.12906 5.781278 -18.20861 34.85283 4.639721 -18.24142 34.86879 4.665758 -18.23438 34.82668 4.680007 -17.92679 35.00262 5.7189 -17.93119 34.9935 5.723487 -17.9225 34.99505 5.718619 -17.92762 34.99673 6.114876 -17.92359 34.99889 6.163728 -17.92751 34.99702 6.088631 -18.33559 34.83357 5.7122 -17.9195 34.99852 5.4511 -18.00344 35.39278 5.662409 -17.82557 34.57676 5.551548 -17.92752 34.99702 5.323307 -17.92752 34.99702 5.323363 -18.23002 34.87106 4.667828 -18.24773 34.84138 4.65814 -18.21116 34.8426 4.711865 -18.66175 35.02041 5.738661 -18.66876 35.01687 5.734453 -18.66402 35.00978 5.73996 -18.66454 35.01498 6.074507 -18.66443 35.0152 6.023586 -18.59111 34.53077 5.749585 -18.66389 35.01606 6.081391 -19.03718 34.99546 5.696231 -18.17552 34.97401 5.710289 -18.65681 35.44284 5.606114 -18.66443 35.0152 5.438516 -18.66348 35.01658 5.464395 -18.66461 35.01559 5.415536 -18.21864 34.86951 5.139095 -18.25171 34.84184 5.131337 -18.21392 34.83602 5.098603 -17.88474 34.30592 6.469626 -17.89109 34.29891 6.467939 -17.8818 34.29698 6.463658 -17.88577 34.30061 6.729998 -17.88575 34.30061 6.740642 -17.88732 34.30081 6.79195 -18.3796 34.29655 6.426793 -17.74292 34.75607 6.575573 -17.53995 33.92826 6.571708 -18.00615 33.86596 6.302274 -17.88114 34.3002 6.162982 -17.88632 34.30154 6.132912 -17.88579 34.30062 6.193123 -18.20558 34.85203 4.366948 -18.24703 34.86436 4.364494 -18.23257 34.83025 4.403582 -18.05211 35.54161 6.199318 -18.06155 35.5384 6.202863 -18.05155 35.53462 6.203693 -18.0558 35.53807 6.545889 -17.96999 35.07683 6.192873 -18.05575 35.53812 6.533225 -18.05715 35.53923 6.635899 -17.65895 35.71548 6.270404 -18.38289 35.89201 6.089265 -18.05582 35.53811 5.830809 -18.05525 35.53805 5.833309 -18.0558 35.53808 5.879778 -18.21592 34.86125 4.795085 -18.24729 34.85841 4.741887 -18.22955 34.82849 4.737562 -18.72243 34.50756 5.827026 -18.73042 34.51469 5.824542 -18.73027 34.50682 5.820381 -18.72919 34.5017 6.27174 -18.72714 34.50982 6.145194 -18.7257 34.51937 6.219968 -19.02999 34.22732 5.849959 -18.39249 34.6429 5.852014 -18.72791 34.50776 5.42602 -19.08541 34.5982 5.538316 -18.7117 34.51679 5.444167 -18.20732 34.85079 4.98029 -18.24278 34.86781 5.020443 -18.23532 34.82795 5.00881 -17.85403 34.82198 6.013919 -17.86235 34.82433 6.018538 -17.86094 34.81427 6.017352 -17.85571 34.82109 6.209591 -17.876 34.83074 5.992014 -17.86698 34.8202 5.910832 -17.84864 34.82674 5.908414 -18.21201 34.86501 4.271382 -18.2487 34.85292 4.253478 -18.2163 34.83346 4.303232 -18.59156 35.33788 5.88807 -18.60061 35.33978 5.883157 -18.59797 35.33084 5.889305 -18.59682 35.33617 6.115128 -18.59682 35.33617 6.201048 -18.51524 34.93396 5.918093 -18.37312 35.64187 5.927754 -18.59883 35.33911 6.193935 -19.11248 35.32432 5.845895 -18.59677 35.33609 5.622323 -18.59444 35.33918 5.565455 -18.59684 35.3362 5.621107 -18.22784 34.86274 4.97118 -18.25039 34.8446 4.914828 -18.20742 34.84127 4.907892 -18.24561 34.11748 5.746028 -18.25054 34.11182 5.737316 -18.24097 34.11198 5.737892 -18.24576 34.10985 6.128155 -18.24636 34.11975 5.992414 -18.24989 34.11419 6.032147 -18.3392 33.57604 5.729866 -17.81648 34.21341 5.696535 -18.24516 34.11998 5.462192 -18.24777 34.11201 5.410821 -18.24955 34.10419 5.379266 -12.65738 31.38161 3.55599 -12.67583 31.30496 3.551373 -12.59799 31.34506 3.552689 -12.62823 31.30793 5.92395 -12.6468 31.28945 5.923581 -12.61948 31.285 5.923198 -12.63354 31.33549 5.039143 -12.65564 31.31148 5.032793 -12.62669 31.3026 5.023089 -12.52335 31.0653 6.358035 -12.52918 31.05957 6.357324 -12.52068 31.05836 6.35618 -12.52442 31.06096 6.568147 -12.52364 31.06062 6.62751 -12.61628 31.12331 6.50068 -12.32591 31.40875 6.427816 -12.27953 30.75072 6.257376 -12.52373 31.06116 6.08682 -12.65224 31.28234 6.145213 -12.52453 31.06078 6.122702 -12.64298 31.33254 5.174325 -12.65111 31.30634 5.203707 -12.61984 31.31746 5.182228 -12.48492 31.79876 6.245264 -12.49144 31.79431 6.248687 -12.48356 31.79204 6.248566 -12.48713 31.79282 6.485215 -12.15458 31.7745 6.23512 -12.48533 31.79816 6.394246 -12.64243 31.51742 6.20884 -12.48965 31.7925 6.023486 -12.48605 31.79626 6.049876 -12.50325 31.79638 6.223751 -12.63466 31.33386 5.248593 -12.65597 31.31199 5.226352 -12.62388 31.30512 5.247054 -12.90357 31.20141 6.107232 -12.9086 31.19564 6.104434 -12.90174 31.19298 6.106509 -12.90454 31.19679 6.335137 -12.90459 31.19675 6.328253 -12.83882 30.97792 6.300432 -12.90481 31.1969 6.365514 -13.29656 31.17603 6.093762 -12.58826 31.35744 5.930463 -12.81141 31.50803 6.170329 -12.89895 31.19321 5.846838 -12.90458 31.19672 5.903268 -12.90463 31.19679 5.849471 -12.65274 31.31836 5.128336 -12.6335 31.30025 5.095879 -12.62483 31.32672 5.091714 -12.03537 31.19032 6.137644 -12.03979 31.1838 6.139814 -12.03288 31.18369 6.134816 -12.03604 31.18586 6.317416 -12.03605 31.18574 6.338389 -11.70846 30.99977 6.211664 -12.03603 31.18586 6.328859 -12.12155 31.18523 6.369562 -11.68015 31.2342 6.09116 -12.32238 30.91288 6.077115 -12.04057 31.20225 5.980794 -12.03602 31.18591 5.905104 -12.03604 31.18586 5.894585 -12.65069 31.32703 5.020389 -12.64328 31.29876 5.04807 -12.62147 31.32506 5.037563 -12.8073 31.59057 5.90933 -12.81332 31.58704 5.909218 -12.8079 31.58252 5.912603 -12.80807 31.59502 5.961749 -12.81732 31.58222 6.159386 -12.80936 31.5861 6.120503 -12.72749 31.12165 5.890892 -12.5391 31.68874 5.88817 -12.80712 31.58703 5.677493 -12.80898 31.5864 5.717995 -12.81979 31.58442 5.865212 -12.63272 31.32772 5.602154 -12.65686 31.31769 5.572403 -12.62536 31.30545 5.559763 -12.69763 31.02558 5.874075 -12.69579 31.02003 5.868638 -12.68976 31.02253 5.87245 -12.69443 31.02273 6.054139 -12.69367 31.02123 6.107411 -12.45263 30.76258 5.858497 -12.69494 31.02233 6.099081 -12.68499 31.03319 5.854824 -12.667 31.03893 5.80498 -12.72446 30.94873 5.831754 -12.65109 31.32951 4.725879 -12.64276 31.29825 4.735813 -12.62165 31.32325 4.714529 -12.43706 31.50626 5.920367 -12.44238 31.50332 5.922355 -12.436 31.49792 5.921995 -12.43886 31.50098 6.21444 -12.44032 31.50403 6.159163 -12.17705 31.33919 5.856347 -12.43598 31.50433 6.192512 -12.66936 31.33719 5.780226 -12.43726 31.50658 5.695429 -12.43814 31.50221 5.656719 -12.43812 31.50203 5.652333 -12.65486 31.3203 5.027843 -12.63986 31.29792 5.041583 -12.62691 31.33035 5.047983 -12.94943 31.35958 6.054936 -12.94252 31.35514 6.057888 -12.94246 31.36211 6.057545 -12.94807 31.35855 6.3192 -12.94534 31.35868 6.247254 -12.94508 31.35868 6.289429 -12.76436 31.66098 6.069835 -12.73958 31.09628 6.042421 -13.28163 31.40673 6.006772 -12.94544 31.35955 5.80466 -12.94524 31.35868 5.841566 -12.94503 31.35882 5.850748 -12.65234 31.32965 5.504375 -12.64257 31.29932 5.490021 -12.62004 31.32018 5.489085 -12.48573 31.17609 6.304919 -12.49136 31.17088 6.305042 -12.48329 31.16851 6.303091 -12.48679 31.17175 6.527272 -12.48504 31.16827 6.587009 -12.38649 31.18962 6.522447 -12.759 31.03676 6.436517 -12.55386 31.46507 6.171388 -12.47986 31.16954 5.986314 -12.51258 31.15584 6.024694 -12.48669 31.17193 6.006175 -18.17774 31.42628 2.205183 -18.20109 31.35144 2.199899 -18.12122 31.38611 2.201405 -18.15367 31.35125 4.708882 -18.17332 31.33414 4.708489 -18.1465 31.32793 4.70808 -18.16642 31.37546 4.272812 -18.17497 31.3554 4.249098 -18.14658 31.3562 4.270367 -18.4737 30.99221 4.724905 -18.47241 30.9856 4.720216 -18.46714 30.98862 4.726469 -18.4711 30.98871 4.936302 -18.47088 30.98786 4.944323 -18.55045 31.02751 4.741976 -18.33716 31.23586 4.762241 -18.471 30.98844 4.520395 -18.47102 30.989 4.530598 -18.46645 30.9829 4.666611 -18.17517 31.37545 4.170619 -18.16739 31.34383 4.170819 -18.14682 31.36163 4.141112 -17.88249 31.43561 4.725771 -17.88763 31.43117 4.729319 -17.88053 31.42771 4.725806 -17.88354 31.43141 4.950652 -17.88439 31.42879 4.99176 -17.88325 31.43155 4.997907 -17.51833 31.2018 4.790033 -18.21409 31.67466 4.822006 -17.60936 31.76239 4.694116 -17.88253 31.43102 4.4543 -17.88341 31.43166 4.484706 -18.07385 31.1882 4.370598 -18.15565 31.37776 3.553556 -18.17954 31.36456 3.542508 -18.15934 31.34375 3.568605 -18.47742 31.58506 4.837119 -18.48233 31.57922 4.836819 -18.47503 31.57726 4.839949 -18.47791 31.57928 5.128354 -18.47298 31.5826 5.132793 -18.47818 31.58052 5.07183 -18.79336 31.81135 4.844583 -18.15043 31.76993 4.796268 -18.61699 31.41702 4.728185 -18.47819 31.58051 4.626249 -18.47834 31.58054 4.612926 -18.16693 31.37774 4.27652 -18.17421 31.34623 4.268384 -18.14559 31.3646 4.271331 -18.10574 31.1378 5.142076 -18.10355 31.13078 5.139996 -18.09738 31.13602 5.140976 -18.10217 31.13493 5.357316 -18.09699 31.13087 5.416199 -18.25155 31.32126 5.326223 -18.10251 31.13474 5.398409 -18.13115 30.85351 5.068938 -17.77965 31.31588 5.056176 -18.10216 31.13492 4.868158 -18.10272 31.14141 4.906025 -18.10256 31.13496 4.887995 -18.17539 31.37188 4.259998 -18.15777 31.34957 4.282854 -18.14988 31.36163 4.256088 -17.89549 31.91006 4.605988 -17.89545 31.90583 4.613091 -17.88899 31.90563 4.608054 -17.88954 31.90786 4.861555 -17.89333 31.90721 4.868133 -17.89331 31.90718 4.934631 -18.02014 31.69171 4.874123 -18.06718 32.28193 4.595743 -17.55436 31.90437 4.353707 -18.12602 31.63539 4.428076 -17.89321 31.90705 4.328236 -17.89328 31.9072 4.339563 -17.89331 31.90726 4.362236 -18.17496 31.37571 3.624544 -18.16718 31.34407 3.621666 -18.14716 31.36112 3.655074 -18.64497 31.21352 4.757178 -18.64504 31.20725 4.755908 -18.63832 31.20927 4.760506 -18.64229 31.20993 5.036971 -18.63245 31.22551 4.945745 -18.64315 31.21107 5.036169 -18.9027 30.97962 4.715969 -18.35777 30.99389 4.77543 -18.64221 31.20973 4.497971 -18.6422 31.2101 4.491731 -18.63744 31.21128 4.529599 -18.17554 31.37399 3.967098 -18.1679 31.34332 3.949941 -18.14594 31.36359 3.936472 -17.8283 31.24011 4.922615 -17.82334 31.23477 4.919621 -17.82026 31.24098 4.919244 -17.82427 31.23906 5.146711 -17.8243 31.23908 5.147478 -17.52974 30.99904 4.982114 -17.83075 31.23693 5.215362 -17.83398 31.23537 4.760312 -17.62158 31.49883 4.918688 -17.9888 31.37354 4.825344 -17.82376 31.23921 4.653477 -18.17462 31.37117 3.714007 -18.17129 31.34512 3.74748 -18.14427 31.36595 3.737079 -18.36612 31.80452 4.801486 -18.36389 31.79753 4.806116 -18.35867 31.80285 4.804405 -18.36121 31.80033 5.071539 -18.36298 31.80165 5.00231 -18.19748 32.01834 4.808887 -18.461 31.57008 4.780392 -18.36774 31.80341 4.918377 -18.36234 31.80103 4.576388 -18.36715 31.80381 4.547865 -18.36304 31.80165 4.618634 -18.15608 31.36989 4.15094 -18.1805 31.36153 4.102071 -18.15241 31.34994 4.096224 -18.31828 30.91127 4.531227 -18.31987 30.90655 4.523915 -18.3136 30.90657 4.526949 -18.317 30.90522 4.783987 -18.3186 30.90826 4.807402 -18.0158 30.87016 4.499051 -18.29387 30.97788 4.870859 -18.52519 30.73097 4.436735 -18.31751 30.9082 4.268093 -18.31931 30.91476 4.251563 -18.31766 30.90847 4.250189</float_array>
          <technique_common>
            <accessor source="#positions-array" count="2565" stride="3">
              <param name="X" type="float" />
              <param name="Y" type="float" />
              <param name="Z" type="float" />
            </accessor>
          </technique_common>
        </source>
        <source id="normals">
          <float_array id="normals-array" count="8892">0.9319972 -0.3611259 0.0311326 -0.7793356 0.6263305 -0.01860592 -0.1344446 -0.9907134 0.02028703 0.9176863 -0.3562813 0.1758283 -0.7478584 0.6145471 -0.2510769 -0.8664204 -0.4705454 0.1670411 -0.1760011 -0.9094151 0.3768126 -0.3529413 0.9155222 0.1930068 0.329119 -0.9442825 0.003338011 -0.9903928 0.1253599 0.05836901 -0.0829064 0.9868575 0.1387042 0.6758559 -0.1435919 0.7229109 -0.7952665 0.5874362 0.1498992 0.05377715 -0.4623512 -0.8850646 -0.05710815 0.996455 -0.06177418 -0.9141773 -0.2070266 -0.3484535 0.4866419 -0.5939348 -0.6406412 -0.8024101 -0.3344972 -0.4942162 0.217657 0.831483 -0.5111373 -0.4901655 0.3605047 0.7935831 0.0204121 -0.6354238 0.7718937 0.57876 -0.814916 0.03080376 0.9953939 -0.09490025 0.01360177 0.4369837 0.6925869 -0.5739064 -0.6637766 0.1790509 0.7261827 0.1326695 -0.990311 0.04102413 -0.5050658 0.3337104 -0.795956 0.7689175 0.1067657 -0.6303705 0.8738528 0.1573672 0.4600183 -0.7227857 -0.6832891 -0.1034252 -0.3881879 0.4855037 0.7833239 -0.3609157 -0.8904153 0.2773092 0.1427783 0.9892038 0.03301724 0.04243243 0.9301344 -0.3647596 -0.8316374 -0.3378625 -0.4407132 -0.8486138 -0.5287204 -0.01758797 -0.3320148 -0.9414307 -0.05894325 0.8243848 0.5651052 -0.03234036 -0.8439275 -0.5364356 0.004827885 -0.7955505 -0.6058518 0.006551786 0.7251611 -0.488719 -0.4850722 0.8769377 0.4596519 0.1403583 0.7705206 0.6232854 -0.1334662 -0.6917116 -0.7182327 -0.07534503 0.7288051 0.6847088 0.004121841 -0.7059258 -0.7082858 -0.0001006782 0.8987773 -0.4383906 -0.003628342 0.7278853 0.641559 0.2420435 0.9165699 0.2945629 -0.27043 0.3118023 0.8750178 -0.3703015 -0.7761278 0.6281227 -0.05556521 0.9488968 0.3155163 -0.006656327 0.7318112 -0.2893429 -0.6170357 -0.8283848 -0.5119427 -0.2273617 0.9668199 0.193654 0.1666054 0.6805476 0.72866 0.07687354 0.6697036 0.6190796 0.4101677 -0.6543953 0.7443799 -0.1329109 0.1983033 -0.9758226 -0.09190224 -0.6776225 -0.7336998 -0.05012387 -0.8101748 0.2948114 0.5066586 0.8324332 -0.02534086 -0.5535457 0.189995 0.9708209 0.1463167 -0.4779502 0.6806881 0.5551822 -0.7020744 -0.6365883 0.3191346 -0.364957 0.5793543 -0.7288038 -0.04880363 0.9285232 -0.3680529 -0.4516013 -0.8008175 -0.3933797 0.8354022 0.2914813 0.4659848 -0.8253612 -0.5645246 0.009532835 0.8272201 0.5618687 0.003232023 0.008352844 0.9413884 -0.3372213 -0.8419591 -0.5372088 0.05011639 0.09866799 -0.923826 0.3698786 -0.7292674 -0.6840523 -0.01554002 0.9533966 -0.2814895 -0.1086216 -0.9691744 -0.1260263 0.2117035 0.9111158 -0.3448851 0.2256597 0.9833055 0.1814532 0.0135992 -0.2536909 0.9672747 -0.004549564 -0.7094541 -0.7045287 0.01772509 0.989707 0.1427345 -0.0103402 -0.1727392 0.9155217 -0.3632922 0.3690203 -0.9054511 -0.2097195 -0.173588 0.9843967 -0.02881481 0.180382 -0.9835906 0.003456821 0.1649788 0.8443926 0.5096893 0.593039 -0.04399225 0.803971 -0.8128595 0.5737937 0.1001006 0.1830134 -0.5190852 -0.8348992 0.5706764 0.8108633 -0.1297271 -0.7353002 -0.3103413 -0.602513 0.6250409 -0.5495391 0.5543742 0.2996507 0.9392884 0.1671726 0.2060426 -0.5834013 0.785614 0.5791473 -0.8152226 0.0006204324 -0.5637282 0.8191996 0.105463 0.3386471 0.8063544 -0.4848821 -0.4843827 0.7816889 0.392856 0.3890076 -0.8910798 -0.233773 -0.6500504 -0.7598911 -0.0001545789 -0.9823154 0.1872221 -0.002084634 0.1640676 0.986447 0.002032654 -0.4044104 -0.8447643 -0.3504647 -0.8776611 0.3428765 0.3348832 0.8122299 0.09911599 0.5748552 0.4263371 0.9028293 -0.05599933 -0.5776342 -0.8135214 -0.06724341 0.3674375 -0.7000731 0.6122804 0.8333628 0.5526579 -0.008699915 -0.6709918 -0.7414035 0.009530751 0.6269878 0.7236689 0.2884262 0.3588758 0.7843437 0.5059774 -0.9508429 0.1053064 0.2912188 -0.8967454 -0.433475 -0.08914679 0.09567731 -0.8068661 -0.5829348 -0.8107365 0.5854075 -0.00209068 -0.6661217 0.7456669 -0.01620914 -0.9782039 0.1405241 0.1528731 -0.325452 -0.8602459 0.3925021 0.5378514 -0.8214237 0.1896813 0.4181945 0.8447874 -0.3338378 -0.8157883 -0.4998625 0.2909071 0.6356058 0.7618555 0.1248259 -0.7567532 -0.6424214 0.1209107 0.5963911 -0.332139 0.7307539 0.9129248 -0.003429999 0.4081135 -0.8720847 0.3866343 -0.2999702 -0.4322701 -0.8389761 -0.3305475 -0.9886584 0.1292665 -0.07645136 0.7027355 0.7105854 -0.035089 0.68615 0.408361 -0.6020295 -0.9915592 0.1177644 -0.05423983 0.9029823 0.2287636 0.3637171 -0.2422371 -0.9702092 0.003906675 -0.684888 -0.7270865 0.0476838 0.6872489 0.2651214 0.6763133 -0.454647 -0.8866911 0.08411314 0.4712603 -0.7142051 -0.5175179 -0.9903523 0.1377417 -0.01515169 -0.3163243 -0.8917012 -0.3237405 0.5516967 0.4731491 -0.6868484 -0.1846925 -0.8120441 -0.5536 0.7702711 0.292543 0.5666577 -0.2855345 0.5679843 0.7719222 0.1832109 0.9819089 0.04784096 -0.4758455 -0.598711 0.6442951 0.9428927 -0.2191502 0.2508517 0.7331538 0.6720637 -0.1039998 -0.9364374 0.251266 -0.2448476 -0.7223564 -0.6867807 -0.08082991 -0.5531997 -0.6042723 -0.5734328 -0.996403 -0.001553849 -0.08472682 0.6390568 0.7362209 -0.2226776 -0.2576622 0.9059297 0.3360083 -0.9915719 -0.04585291 0.1211718 -0.9508936 0.3082384 0.02811577 0.8132988 -0.5816036 -0.01680332 0.07855731 0.9967412 0.01832126 -0.4568962 -0.8870506 0.06623486 0.8041213 -0.195343 -0.5614535 0.7966861 0.4566492 -0.3959327 -0.1381004 0.9230128 0.3591319 -0.7392728 -0.6718312 -0.0460292 -0.7368337 -0.6742392 -0.04977473 -0.992242 -0.1174098 -0.04087363 0.8911516 0.3840426 -0.2415782 0.7869468 0.4016307 0.4684097 -0.9381841 0.3461337 0.001435182 0.972699 0.2244637 -0.05893028 -0.9304017 0.2948326 -0.2177761 0.05777548 -0.9510021 0.3037385 0.9711203 0.2185025 0.09582275 0.4560665 0.6791324 -0.575137 -0.7837488 0.2273035 -0.5779887 0.2008217 -0.9796104 -0.005838351 -0.2828878 0.40303 0.8703685 -0.1838084 0.9829621 0 -0.9337232 -0.357779 0.01245781 -0.7114032 0.6785043 0.1831321 -0.9139059 -0.3052878 -0.2675357 0.1427595 0.8870938 0.4389583 -0.4142388 -0.5048251 -0.757336 -0.9992485 -0.03563486 -0.01525361 0.6256574 -0.4909963 -0.6061976 0.5987908 0.5735479 -0.5590102 0.3327112 0.5566348 0.7612233 -0.9991724 -0.03631566 0.0183227 0.9909319 -0.119914 0.06061817 -0.6354496 -0.6260838 0.4519103 0.8992359 -0.3204973 -0.2977521 -0.2758458 0.9526167 -0.1281815 -0.2934582 -0.9554241 -0.03235977 -0.700765 0.4067813 -0.5860524 0.6915894 0.3563986 0.6282389 -0.3798682 -0.4794639 0.7910844 0.2324929 0.9592891 0.1603478 -0.9998619 0.003658852 0.01621383 -0.8803832 0.2872902 -0.3773456 0.6397666 0.7461474 0.1842898 -0.01803415 0.9950717 -0.09750445 0.1750285 -0.9845521 -0.004702925 -0.3780499 -0.6038775 -0.7017194 -0.4048441 0.8732948 -0.2710303 0.7163559 -0.3240657 0.6179123 -0.4470265 0.7950457 0.409963 0.001964458 -0.9718174 0.2357269 0.6752284 -0.7376087 -0.0001396625 -0.7077438 0.4880376 0.5108013 -0.9315591 -0.3285702 0.1556894 -0.1729193 -0.9107876 -0.3749198 0.7170609 0.6960518 -0.03654536 0.9399931 -0.01071947 -0.341025 -0.7715862 -0.6295416 -0.09128024 0.2727926 0.8246137 -0.4955768 -0.8292146 -0.534558 -0.1632512 0.9687121 0.1441066 -0.2020649 -0.8274867 -0.5344589 0.172103 -0.4468295 -0.7535371 0.4822086 0.914454 -0.1112269 0.3891048 -0.9321779 0.3486843 -0.09728139 0.163653 -0.9173003 0.3630121 0.8479549 0.4883463 -0.2061321 -0.9438124 -0.3303178 0.0104048 0.9754696 -0.2187375 -0.02475972 -0.927301 0.308058 -0.2126338 0.777596 -0.6203938 0.1022543 -0.07124396 0.9731488 0.2188736 0.1856743 -0.9824262 -0.01907527 -0.1941813 0.9809657 0 0.7459255 0.4722163 -0.4696881 0.7428656 0.3728333 -0.556009 -0.2308321 0.9713941 0.05576855 -0.1772661 -0.8885566 0.4231357 0.7586107 0.2594 0.59768 -0.5825104 0.2982523 0.7561265 -0.3043709 -0.9091687 0.2842017 0.7166167 -0.1621068 -0.678367 -0.3010586 0.8972 0.3231035 0.1414259 0.988597 -0.05171806 -0.5115135 -0.6512819 -0.5605228 0.9780519 0.2083613 6.242474e-05 0.1718657 0.9850963 0.006882645 0.1853971 0.982387 -0.02331531 0.9755144 0.1097972 0.1905681 -0.9715881 -0.2363594 0.0122817 0.3076115 -0.9515032 -0.004108693 0.6687933 0.743276 0.01600745 -0.5799063 -0.797671 0.165619 -0.2834408 0.8551345 0.434058 -0.9931396 -0.1023462 0.05655994 -0.7369995 -0.6686823 0.09846659 -0.9890218 -0.1462341 -0.02124834 -0.5053701 -0.8395641 0.1993317 0.7577521 0.6478927 -0.077761 -0.4740437 0.8280697 -0.2993044 -0.1260971 0.9903033 -0.05829988 0.927317 0.3741694 -0.008962613 -0.345809 0.9331758 -0.09797465 0.2140626 -0.9768027 -0.005813671 0.2356824 -0.9694875 0.06743689 0.3666027 0.6970534 0.6162135 -0.5605773 -0.7257384 -0.3988193 0.6374944 -0.7448222 -0.1970808 0.9853911 -0.1277796 0.1125907 -0.2268622 0.964549 -0.1348288 0.9986372 0.05198996 -0.004552493 -0.491569 0.5894806 -0.6409934 -0.5090451 0.4523354 0.7323017 -0.4347643 -0.3873034 0.8130043 0.2613427 -0.4336447 0.8623528 -0.01268797 -0.9996232 0.024339 -0.5497439 -0.7102467 0.4396945 0.8870361 -0.3682781 -0.278457 -0.3550663 0.9308844 -0.08591965 0.6732303 -0.73923 -0.01731747 0.1159705 -0.498446 -0.8591289 -0.3040992 -0.9526394 0.001351725 0.4834402 0.5027495 -0.7166091 -0.5174601 0.3566106 -0.7778586 0.2000789 -0.82311 0.5314681 -0.1424484 -0.9724933 0.1842969 -0.1011625 0.4048026 0.908791 -0.8699424 -0.3951403 -0.2950668 0.2040895 -0.9614992 0.1840293 0.8487978 -0.356135 0.3907816 0.1690277 -0.9855219 -0.01327527 -0.910896 -0.4123084 -0.01644108 0.8452337 -0.08579951 -0.5274642 -0.3003792 -0.747369 0.5926313 -0.6725826 0.7399697 0.008797336 0.3859267 -0.774088 -0.5018449 0.9549032 0.2328142 -0.1842756 0.617327 0.76642 0.1775045 -0.6094418 0.3656637 0.7034705 -0.9666372 0.2502475 -0.0546688 0.2602811 -0.8997836 0.3502045 0.7058057 0.6586081 -0.2609095 -0.9316965 -0.1503704 -0.3306515 0.3391871 -0.9348458 -0.104955 0.5916106 0.71194 0.3783362 -0.1785241 -0.8356805 -0.5193912 -0.5454786 0.4415734 -0.7123665 0.5962983 0.8027568 0.003140201 -0.9948595 0.02229395 0.09878071 -0.3315643 -0.8912493 0.3094185 0.731704 0.04735448 -0.6799756 -0.2132175 0.9457433 0.2451691 0.9841494 0.1598031 -0.07689595 0.5317048 0.8469278 0.001796908 0.1796965 0.9836392 -0.0127681 -0.5048566 -0.5710899 0.6472837 0.8561103 0.5161944 0.02487128 -0.9723498 -0.2330554 -0.01486485 0.7013831 -0.7126002 0.01620742 0.8579146 0.4782806 -0.1876971 -0.8994266 0.4358007 -0.03330794 0.01228677 -0.966785 0.2552956 -0.4494323 0.8933138 -0.001078961 -0.6379404 -0.330293 -0.695657 -0.05151355 0.9157397 0.3984559 -0.6959883 -0.5618721 0.4471019 0.6472041 -0.7067475 0.2857181 0.9383572 -0.3456457 0.003843697 0.7018976 0.6830714 0.2018743 0.4997479 0.8452046 0.1894235 -0.9853788 0.06340909 -0.1581392 0.2353692 -0.9697025 -0.06540953 0.8633009 0.4130103 -0.2900585 -0.3376521 -0.9412707 0.0007531531 0.1083591 -0.9937994 -0.02492287 -0.99552 -0.09376526 0.01216667 0.04883496 -0.9987998 0.003766387 -0.04545953 0.9983676 0.03457607 0.03933886 -0.9992257 -0.0006247679 0.07675278 0.5086589 0.8575401 -0.9786231 0.01733256 0.2049301 -0.0519289 0.9926098 0.1096772 -0.8105537 -0.4504449 0.3743021 -0.4562992 -0.8762555 0.1548138 0.7321476 -0.5604033 -0.3871795 -0.05152362 0.9986473 -0.006996569 -0.05667704 0.6186494 -0.7836202 -0.641873 -0.7668065 -0.002609901 -0.5969157 -0.05211648 -0.8006095 0.05454204 -0.9985108 0.001196215 0.3569961 0.4820901 -0.8000893 0.339588 -0.6548861 -0.6751327 0.4447551 -0.8484374 -0.2869614 -0.2335312 0.6065444 0.7599783 0.9912429 0.1316366 -0.0104538 0.9910856 0.1330028 0.007724182 -0.8292841 0.5010448 -0.247471 -0.5711436 -0.8119737 0.1203897 -0.05160946 -0.9886209 -0.141298 0.1685512 0.985259 -0.02924443 -0.2678524 0.9619924 -0.05315708 0.3769937 0.8430852 0.3835143 -0.1898963 0.9818011 0.002465893 0.2889685 0.9108635 0.2946607 -0.8835832 0.4465339 0.1410256 0.7442323 -0.6401638 -0.1905483 0.6287661 -0.7774505 -0.01496335 -0.2013577 -0.5354541 -0.8202097 0.9130581 0.3982869 -0.08770675 -0.3503645 0.909568 -0.2234518 -0.4644193 0.8360447 0.2921368 -0.3178901 -0.728954 0.6062771 -0.894495 -0.4469635 0.01012136 -0.5095492 0.8596965 -0.0358002 -0.8145515 -0.5321008 0.2310293 0.940981 -0.3186417 -0.1141149 0.15975 0.9871535 -0.002799321 0.4264682 0.7961335 -0.4292975 -0.7591066 -0.65077 -0.01598718 0.3459753 -0.7296879 -0.5897937 -0.1569302 -0.9876092 0.000980206 0.1577924 0.9874723 0 0.7484575 0.6631729 0.003619894 0.2024234 0.9753395 0.08796388 -0.6402466 0.7388205 -0.2103058 0.06303594 0.9684749 0.2410039 -0.5535734 -0.8317515 -0.04178412 -0.3470381 -0.9369639 -0.04078213 -0.8056427 -0.5923537 0.007548028 0.7345306 0.3167713 0.6001006 0.89186 0.4354862 -0.1222192 -0.7533006 0.5803823 0.3093456 -0.2218281 -0.964239 -0.1450362 0.0859048 0.9355573 -0.3425682 -0.6481303 -0.6444518 -0.4057203 0.9471392 0.3206402 0.01082533 0.3799559 0.9248316 0.01788762 -0.6722013 -0.5222191 0.5248167 -0.279965 0.6908329 0.6666104 -0.7846768 -0.4813673 0.3905994 0.4065664 0.7844444 -0.4683489 -0.8540178 0.4410024 -0.2759901 -0.9832649 -0.1632742 0.08081888 -0.04584975 -0.8390749 0.5420803 -0.1125429 -0.9623261 -0.2475126 0.5434462 0.8391528 0.02210832 -0.5382588 0.8426479 0.01490098 0.4583304 0.8887155 0.01086502 -0.9202545 0.3913035 -0.003634667 0.1230408 -0.9923006 0.01416059 0.7998379 0.5636793 -0.2062159 -0.9143331 0.4042871 -0.0233854 0.2155915 -0.9488042 0.2308483 -0.06587092 0.8533234 -0.5172043 0.9402955 -0.3403591 0.0001767816 -0.9405092 0.3397664 -0.001141968 0.6408153 -0.6138314 -0.4610497 0.3285354 0.944267 0.02059683 -0.9378478 0.3470121 -0.004902488 -0.9711987 0.1935132 -0.1390169 0.348272 -0.9363833 -0.04350903 -0.9920013 0.008989638 -0.1259072 0.003336795 0.9966707 0.08146409 0.860644 -0.2723928 -0.4302257 -0.7694824 -0.1340126 0.6244497 0.5294342 0.2480376 0.811281 0.9408959 -0.3386942 0.001060715 -0.726362 -0.07302087 0.6834224 0.6659958 0.1925063 0.7206878 0.8234839 0.567171 0.01383369 -0.2605297 0.9245817 -0.2779802 0.03558668 -0.9603631 0.2764713 0.9722591 -0.1151034 0.2036259 -0.112178 -0.9934286 0.02271131 -0.3958373 -0.6728507 0.6249679 0.1784267 -0.983923 0.007710119 0.7955362 0.5721316 0.1994685 -0.9988995 -0.04235211 -0.0201502 0.1335767 -0.9495429 -0.2837703 0.2474443 -0.9688084 -0.0134722 0.8006814 0.07734304 -0.5940769 0.7414489 -0.2977005 0.601355 -0.6111262 0.7914094 0.01399654 0.6180686 -0.7860382 0.01162824 -0.1709762 0.9793512 -0.1078814 -0.607434 -0.7616035 0.2257964 0.9264816 -0.3611059 -0.1059927 0.7500792 0.6613478 -0.0004964529 -0.8185239 -0.09630251 -0.566343 -0.7798512 0.04106228 0.6246166 0.4368803 -0.6159325 0.6555629 0.4279104 0.8043633 0.41218 0.8444985 0.4462153 0.296166 -0.943964 -0.1318835 -0.3025538 -0.3161301 -0.9428754 -0.1051082 0.7390475 -0.6125378 0.2803681 0.3904257 0.9204949 -0.01602937 0.3817626 0.9242374 0.006528637 -0.313326 -0.947405 0.06519661 0.5995149 0.7997621 0.03102357 -0.9678599 -0.1210064 0.2204649 0.2648223 -0.9310183 -0.2511454 -0.4348205 -0.9001 -0.02740618 0.952222 0.3053203 -0.007269428 -0.4168549 -0.908971 0.001947774 0.8430168 0.474825 -0.2527131 0.6631593 -0.6239273 0.4134422 -0.5613641 0.827186 -0.02517241 0.4738608 0.8805535 -0.009024314 0.5061489 0.8612145 -0.04607406 0.2117205 -0.964029 0.1606936 0.3498379 -0.9324846 0.08992186 -0.5976059 -0.801406 0.02481311 0.8122033 0.583186 -0.01482866 -0.9186178 0.3948163 0.01616832 0.6934304 -0.7181467 0.05847778 0.4597942 0.7243646 -0.5136976 -0.1794472 0.9172439 -0.3556155 -0.9318081 0.1683626 0.3215396 0.3986178 -0.9162168 -0.04062829 0.4016988 -0.9147173 -0.04393608 -0.2078281 -0.9774999 -0.03607587 -0.0776909 0.9736133 -0.2145721 -0.1305484 0.8963145 0.4237657 -0.6293521 -0.7771192 0.001266486 0.1001741 0.9936089 -0.0520234 -0.5813303 -0.7903993 -0.1931943 0.9286252 -0.2536036 0.2708144 0.10538 0.990823 0.08464544 -0.5157096 0.6753598 -0.5271932 -0.4854714 -0.6952707 -0.5300153 0.9921755 -0.124745 -0.005152111 -0.5179777 -0.1516025 0.8418526 -0.9898764 0.1419322 0 0.03863357 -0.999193 0.01099367 -0.8744304 -0.4572305 0.1622091 -0.004739366 -0.9712583 -0.2379806 -0.8116075 0.4296067 0.395893 0.3690832 -0.5934703 -0.7152416 -0.2874839 -0.9576909 -0.01346099 0.6949114 0.4534384 -0.5581145 -0.3634062 0.7787893 -0.5112956 -0.4499726 0.5290695 0.7194512 -0.2868181 -0.9578486 0.01616959 0.4322716 0.9001541 0.05351466 0.3976692 -0.8217653 0.4081189 0.5984549 0.7559305 -0.2653691 -0.992534 0.0451071 -0.1133208 0.810471 -0.5850821 -0.02855939 -0.6350678 -0.5542838 -0.5380133 -0.1205465 0.8054231 0.5803122 0.3575823 -0.5535917 0.7521111 -0.8360166 0.5300373 0.1419042 -0.3248913 -0.9456431 0.01430842 -0.5640071 -0.7532634 -0.3383641 -0.5027763 0.8488628 0.1632422 -0.9490519 0.3031193 -0.08613408 0.988562 -0.1507576 -0.004150137 0.4770339 -0.5848897 -0.6560051 -0.9649588 -0.1034697 -0.2411402 0.5613834 0.6000664 0.5698851 -0.9136993 -0.1709313 0.3686952 0.9265813 -0.3124686 0.2093095 0.9155183 0.4022762 -0.0001232461 -0.7104598 -0.5287845 0.4643638 0.0117015 -0.9903966 0.1377591 0.8197068 -0.463794 -0.3361188 -0.428663 0.9028885 -0.03225446 0.31642 0.8982881 -0.3048882 0.3484132 -0.9338671 -0.0806252 -0.7127913 0.5382238 -0.4497151 0.2403341 -0.9598763 -0.1444887 0.1757416 0.9680028 -0.1791244 0.2408767 -0.9585201 0.1523735 0.585155 -0.6831527 0.4369164 0.4061462 0.844427 0.3492683 -0.6304969 -0.7714199 -0.08593662 0.9349524 -0.1419955 0.3251174 -0.19074 0.9644769 -0.1827638 0.009386126 -0.9999138 0.009181892 0.5207388 0.8534364 -0.02185085 -0.5927713 -0.7829799 -0.1885858 0.8384026 0.5375126 0.09033958 -0.9494444 0.2466783 0.1941783 0.9900086 -0.1399987 -0.01683377 -0.9913204 0.1314681 0 -0.2126203 0.8798769 -0.4249815 -0.1183615 0.8529785 -0.5083485 -0.9943809 0.09371796 0.04923026 0.8004257 -0.4627531 0.3810227 -0.001841822 0.8354296 0.5495944 -0.5025381 -0.4876004 0.7139337 0.7699805 -0.5857363 0.2530673 0.4050425 0.6610273 -0.6316514 -0.9574811 0.003375367 0.2884761 -0.8909255 0.451849 -0.04565245 0.4688732 -0.7191746 -0.5127823 0.1171041 0.9931196 5.508712e-05 -0.8775664 0.4794166 0.006073666 -0.8706988 0.491386 -0.02057598 0.2104683 0.9629089 0.1688478 -0.08851559 -0.9960158 0.01083825 0.999887 -0.01458748 -0.003625749 -0.4888474 0.8722549 0.01412628 0.5706495 -0.8080028 0.1465971 -0.9202477 0.006636103 0.3912801 -0.222421 -0.9736714 0.04992936 0.3966992 -0.913818 0.08698584 -0.1794691 -0.9835849 -0.01875167 0.6353443 -0.7517459 0.17668 -0.3701638 0.9264252 -0.06866665 -0.9459268 -0.1845281 -0.2667804 -0.9786441 0.1990151 -0.05146646 -0.05621323 0.9983875 -0.007909186 -0.9958678 -0.02750345 -0.08655033 0.9937731 -0.1113042 -0.005130331 0.9942929 -0.0885245 0.05954009 -0.5665291 0.5968439 0.5681744 0.5161788 -0.7779325 -0.3583023 0.9141557 0.3658015 -0.1746674 0.438378 0.8932666 0.09949607 -0.9882704 0.09543661 -0.1192206 0.2717936 0.9623472 -0.004017386 -0.7511726 -0.2894536 -0.5932591 -0.6305569 -0.3585629 0.6883536 0.2456606 -0.580304 0.7764651 0.5411631 0.1182359 0.8325639 0.942549 -0.3333768 0.02147952 0.5067854 -0.7654329 0.3965867 0.6393875 0.727838 -0.2478616 -0.9964298 -0.03700702 -0.07588236 0.9164417 0.3998763 -0.01528242 0.5567604 -0.05511757 -0.8288425 0.8043198 -0.5941955 0.001192838 -0.3405913 0.6579 -0.6716883 -0.5415827 -0.4033271 -0.7375741 0.87141 -0.07760319 0.4843784 0.8783912 -0.4491979 0.1632486 -0.459986 0.03798083 0.8871135 0.09543806 -0.9600834 -0.2629286 0.9797502 -0.1162645 0.1630098 0.6206644 0.701211 0.350826 0.9875682 -0.1567543 -0.01171508 0.09760907 -0.9951191 -0.01450897 0.3643487 0.7977345 -0.480489 0.6363672 -0.5463446 0.5445589 -0.9169114 -0.3990153 0.007763333 0.8819895 0.1199946 -0.4557366 0.08683446 0.9827593 -0.1632296 -0.5291413 0.8338472 0.1571889 -0.574535 -0.4869826 0.6578431 -0.5478829 -0.8351619 -0.0482588 0.9486564 -0.04337231 0.3133208 -0.3997838 0.8867644 -0.2319951 -0.1590511 -0.9420474 -0.2953803 0.9954761 0.02069216 -0.09273131 -0.4918233 0.8018716 0.3392814 0.7568732 -0.4513663 -0.4726642 -0.6299041 -0.3975622 -0.667207 -0.5684622 0.8227047 0.002771094 -0.3412884 -0.9358992 0.08726394 0.7452955 -0.6069313 0.2759873 0.2009293 0.7473511 -0.6333197 -0.9705629 0.1028056 0.2178043 0.1651531 0.9839277 -0.06790176 -0.6310527 0.7757383 0.001585694 -0.8736805 0.4863697 -0.01126749 0.3973525 -0.6946249 0.5996726 0.8383661 -0.5440746 0.03354216 -0.6347243 0.7724786 -0.02004832 -0.3341985 -0.9422492 0.02185922 0.8029361 -0.5883312 0.0957081 0.4995411 0.8538704 0.1461645 -0.9017525 -0.4010625 -0.1612183 0.9126693 0.3939473 -0.108813 -0.3367503 -0.6212779 -0.7075401 -0.3693228 0.6862902 0.6265832 0.7490764 0.02944832 0.6618288 -0.824898 0.5639475 0.03881328 0.7233757 0.643903 -0.2492317 -0.4310548 0.7565749 0.4917176 0.3280907 -0.9441374 -0.03099907 -0.3378959 0.9399543 0.04808604 -0.537759 0.7902818 -0.2937175 0.6227842 -0.6853215 0.3774577 0.4229471 0.869689 -0.2544736 -0.4351818 0.8207428 -0.3701326 -0.5908184 -0.07617492 -0.8032004 -0.2861394 0.5013988 0.8165314 0.1401388 0.9900784 0.01029402 -0.2171635 -0.9717565 0.092354 0.6697026 -0.59341 -0.4465008 -0.5080823 0.6243938 0.593283 -0.9317051 -0.0330773 -0.3617063 0.6645136 0.1062183 -0.7396887 -0.3765505 0.6365664 -0.6730476 -0.4244361 -0.846382 -0.321701 -0.3404096 0.5387304 0.7706431 -0.9003977 0.4350169 -0.006657211 -0.379146 -0.8824165 0.2785488 0.916137 0.1790945 -0.3586337 -0.2473512 -0.931675 0.266081 0.00613432 0.9992963 -0.03700403 0.4414499 0.6204204 -0.6482288 -0.5022924 0.4853575 -0.7156329 -0.4554913 0.8901725 -0.01098025 -0.4738474 0.8787659 -0.05691304 0.2898587 -0.9156447 -0.278526 -0.6644206 0.4876554 0.5663369 0.1851658 -0.9155131 0.3571405 0.1836624 0.6511072 0.7364289 0.9784367 0.2062612 0.01085731 0.5438513 -0.6510957 0.5294338 -0.8108546 -0.2656192 -0.5214991 -0.4034061 -0.8984772 -0.1732113 -0.9394934 -0.3402815 -0.03950637 0.4022741 -0.9153896 0.01541236 -0.6762445 0.7331228 -0.07227951 0.7225258 -0.6908762 0.02542716 0.8826962 0.4678575 -0.04423666 -0.7403211 0.4865318 0.463909 -0.1319161 -0.922096 -0.3637817 0.9346059 0.355622 -0.00669832 -0.9526146 -0.1122639 -0.2827051 0.9846254 -0.1746084 -0.004975703 -0.9279324 -0.08463648 0.3630125 0.9876484 -0.1561842 -0.01253846 0.8185562 -0.5299202 0.2216988 0.1142449 0.8695233 -0.480497 -0.9573874 -0.20013 0.2082241 -0.7558713 -0.6541232 -0.02795394 0.7510081 0.6600811 0.01672771 -0.9918435 -0.07298235 -0.1044992 0.601413 -0.4648787 -0.6497616 0.1465803 0.7813265 -0.6066656 -0.8433141 -0.3036752 -0.443399 0.15577 0.6286483 0.7619298 -0.7452183 -0.3368456 0.5754865 -0.7559426 -0.6530372 0.04575078 0.9999735 -0.002614915 0.006797802 -0.999916 -0.005750637 0.01161723 0.8886383 -0.426185 0.1693764 -0.381816 0.9092498 0.165775 -0.9484669 -0.09674926 -0.3017452 0.5476788 0.05599943 -0.8348126 -0.6202789 0.1270037 -0.7740311 0.5837669 0.7066267 0.3998686 0.1457904 -0.9199249 0.3639827 0.3582378 -0.7610525 0.5408001 -0.578154 0.3327798 0.7449802 0.9996156 -0.02353612 0.01465387 -0.05048082 0.998713 -0.004902419 -0.838541 -0.5445036 0.01909891 -0.006643702 0.9966033 0.08208376 -0.9599087 0.2486613 -0.1293943 0.3075839 -0.951335 -0.01880947 0.7503021 -0.08891984 -0.6550878 -0.890211 -0.4554406 0.009907663 -0.3856749 0.6484999 -0.6562794 0.005977335 -0.9999641 -0.006006787 -0.02273492 -0.9978048 0.06219951 -0.3834672 -0.5100289 0.7699503 -0.887686 -0.460449 0.0005129487 0.8563917 -0.07086363 -0.5114408 -0.7794264 0.2853627 0.5577298 -0.5802758 -0.8011868 0.1462183 -0.01572466 -0.9674431 -0.2525998 -0.7667825 -0.641183 0.03047843 0.4271431 -0.8646586 -0.2644131 -0.8426039 0.5070161 -0.1815304 0.4921858 -0.8401159 0.227944 0.9411213 -0.2620957 0.2135337 0.9488165 -0.1873424 0.2542639 -0.9881626 -0.04014664 -0.1480639 -0.704815 -0.6894872 0.1668627 0.8744472 0.4637252 -0.1424816 -0.9017818 -0.4321912 0.0006134936 -0.03262291 0.9686985 -0.2460873 0.8983592 0.4390716 -0.01291691 -0.1623231 -0.9866488 -0.01324461 0.6799288 -0.7332671 -0.00401772 0.9284921 -0.3600094 -0.09108075 0.135466 0.5780463 0.8046809 -0.8704731 -0.1382555 -0.4724003 -0.5836113 -0.5196224 -0.6240115 0.6463505 0.7630197 -0.005653942 0.8981694 -0.4396261 0.004538026 -0.4347522 -0.8149842 0.3831336 0.6098971 0.1328549 0.781265 0.2067448 0.9783943 0.001119436 0.9379498 0.05490426 -0.342397 -0.5337596 0.8438913 0.05429708 -0.7348848 0.6564441 0.1703687 -0.082678 -0.9746932 0.2076957 0.00134274 0.9968808 0.07891055 -0.9864666 -0.1554372 0.05218229 0.779753 -0.1108941 0.6161881 0.371734 0.9044743 0.2091413 -0.2966611 0.8968694 -0.3280511 0.799644 -0.5789449 -0.1593494 -0.6852946 -0.7282659 -0.0003344991 0.5853543 -0.6935138 -0.4199987 -0.1776496 0.4625142 0.8686318 0.8609497 0.5084025 -0.01710072 -0.8267039 0.3641724 0.4288813 0.01611801 -0.9120788 -0.4096979 0.9297446 0.3674707 -0.02324241 0.06177232 -0.6885885 -0.7225164 -0.8232731 0.1564244 -0.5456673 0.932213 0.3613909 0.0193799 0.9828004 -0.181517 0.03398441 0.8541375 -0.482622 0.193714 0.04440458 0.8765213 -0.4793106 -0.8588645 -0.4026728 0.3165539 0.5116132 -0.4598199 0.725822 0.1155548 0.9427986 0.3126945 -0.6934831 -0.6211313 -0.3650713 0.554204 -0.8297915 -0.06560468 -0.2284602 -0.9735466 0.003601661 0.5345644 0.591743 -0.6033913 0.1744448 -0.869448 -0.4622003 -0.755461 0.008002706 -0.6551447 -0.90761 -0.4190991 0.02449517 -0.6678865 0.7436972 0.02901766 -0.9990052 0.03697497 0.02492835 0.9411996 -0.3375224 -0.01489739 -0.1965031 0.9803687 0.0162433 -0.9930827 0.09332202 0.07125816 0.009259783 -0.9939849 0.1091247 0.5716627 0.8115935 -0.1204899 -0.5828939 -0.8084945 -0.08106413 -0.03365099 0.8016299 -0.5968727 0.7370204 -0.4402358 0.5128288 -0.7003544 -0.4567995 0.5484869 0.9977236 -0.06095394 0.02884828 -0.2947635 -0.9369317 -0.1878123 0.802849 -0.4535861 0.3869019 -0.7661239 0.6422799 -0.0230375 0.7726301 -0.6338493 0.03574679 0.8842667 -0.4105262 -0.2225773 -0.9158623 0.2778127 0.2898556 0.08430998 -0.9777905 -0.1918792 0.8201499 -0.4967678 -0.2838589 0.5551119 0.4369775 -0.7077439 0.6004199 -0.3386596 0.7244347 0.3876074 -0.9217928 0.007648711 -0.3126794 0.9473673 0.06875116 -0.9213841 0.1737774 -0.3476388 0.8242011 -0.300006 0.4803008 0.8068047 0.521865 -0.2769894 -0.5938019 -0.4972754 -0.6325476 0.7278006 -0.3956823 -0.5601266 -0.07152135 0.9669404 -0.244767 0.6636537 -0.3359565 0.6683539 0.9960664 0.08847144 -0.004946406 -0.1294759 0.9689477 0.2106569 -0.7154541 -0.6424793 -0.2744919 -0.2699219 0.9416882 0.2009116 0.5075118 -0.8612058 -0.0275027 -0.067343 -0.8424377 -0.5345686 0.7747999 -0.1810851 -0.6057172 0.8476593 -0.5304782 -0.008158623 0.8581647 -0.5116274 -0.04231751 -0.7313437 0.648666 -0.210639 0.8866589 -0.08403729 0.4547237 -0.6473537 0.7115135 0.2732797 0.2026798 -0.7506346 0.6288629 -0.7340999 -0.6789935 0.008067275 -0.8564094 0.2993354 0.4206677 0.5973448 0.6871774 -0.4134809 -0.1153981 0.9848323 -0.1295709 0.6321225 0.7743119 -0.02936379 -0.8149341 0.5794405 0.0114521 0.9576881 -0.2827411 -0.05376715 -0.9747641 0.2224363 0.0188953 -0.5179296 -0.854791 -0.03288258 0.9310897 -0.03983508 0.3626087 -0.3709454 0.8858543 -0.2786786 -0.6198429 -0.7847101 -0.004976951 0.774117 0.5958043 -0.213916 -0.9347776 -0.3552143 -0.003697004 0.776382 0.5656129 0.2780523 -0.9279487 -0.3725914 -0.009316493 -0.9853955 0.03536922 0.1665676 0.3675049 -0.8501647 -0.3770414 0.726244 0.6694473 0.1562367 0.3133399 0.9494138 -0.02077362 -0.3060734 -0.9519268 0.01242959 0.8159567 0.5728494 -0.07783427 -0.8381284 0.1005416 -0.5361271 0.3009026 -0.8161902 -0.4932455 0.5949195 0.725984 -0.3449897 0.2194509 -0.720221 0.6581208 0.5059321 0.7275649 0.463338 0.3140507 0.9487969 0.03400911 -0.8597264 -0.5107299 0.005050869 0.8554026 0.5178917 0.008631949 -0.9877991 -0.0906035 0.1266644 0.7991138 -0.5882659 0.1239372 0.7806166 0.58158 -0.2289156 -0.5322227 -0.3967188 -0.7478992 0.6986562 0.2445454 -0.6723668 -0.1438653 -0.9403304 0.308353 -0.6155975 0.7370798 0.2788422 -0.7486797 0.5036663 0.4310441 0.7694665 0.01260373 0.6385628 -0.8701844 -0.4926059 0.01088845 0.5556583 -0.8314028 -0.003642552 0.4405177 0.8976317 0.01419179 0.5177252 -0.8533638 0.06108107 0.9551319 0.2800181 -0.09650343 -0.7521078 0.6588919 -0.01397668 -0.7673597 -0.3433209 -0.5415624 0.5305346 0.8476313 0.007361627 0.7388173 -0.3994195 -0.5427827 -0.5180995 0.8553087 -0.004463122 -0.4927682 0.8689304 0.04625479 0.07880007 0.7403963 0.6675356 0.5257862 0.8506166 0.0003811246 -0.8210778 -0.4028188 -0.4044357 0.8789784 0.1669442 0.4466841 0.08753319 0.9901621 0.1091652 -0.4898345 0.8507648 -0.1904245 0.329358 0.9439334 0.02265041 -0.823207 0.5314936 -0.1996114 0.9907201 -0.003002978 -0.135885 -0.8635653 0.4742227 0.1713701 -0.9520811 -0.2604701 0.1603026 -0.9240446 -0.3307362 0.1917163 0.8317371 0.5440502 -0.1105568 0.2528994 0.9594148 0.1247606 -0.5150888 -0.8505136 -0.1063495 0.5523819 0.8335911 0.0004558303 0.5321972 -0.8260761 -0.1853763 -0.5459348 -0.8377727 -0.009597716 -0.3668104 0.9302437 -0.009841231 -0.959807 0.2806449 -0.002985206 -0.9835243 -0.1675805 -0.06779975 0.2139172 -0.6713678 0.7095807 0.7128582 0.5957779 -0.3699756 0.2579911 0.8204003 -0.5102782 -0.1634117 -0.986549 -0.00420095 -0.9965129 -0.08337127 0.003371802 -0.04643464 0.954517 0.2945185 -0.534235 -0.5008311 0.6810001 0.32443 -0.9459093 0.0008317491 -0.7982116 -0.5427245 -0.2613585 0.8916693 -0.4508837 0.04036979 0.9739208 -0.187732 0.1274162 -0.4332363 0.8877064 0.1558324 0.5109432 -0.857607 0.05871305 0.7675134 0.6398579 0.03879549 -0.7971736 -0.3345864 0.5025596 0.1463243 -0.9767085 0.1569386 0.7326084 -0.6331387 -0.2498407 -0.9890432 0.0872597 -0.1190769 0.2146682 0.976687 -0.0002485353 -0.8942867 0.3074306 -0.3251734 0.4790242 -0.3759504 0.7932195 -0.4782678 -0.8781221 -0.01270679 0.9358381 0.1163771 0.3326611 -0.5009158 0.8055341 -0.3165411 -0.6096593 -0.7924754 -0.01727137 -0.4641338 0.6390851 -0.6133107 0.8453294 0.3094233 -0.4355174 -0.6148749 -0.7884931 0.01440062 -0.9369923 -0.3484359 0.0252572 -0.9891157 -0.0240789 0.145156 0.4344867 -0.8184392 -0.3760035 0.5430109 0.8044995 0.2406652 -0.7722947 0.1513134 0.6169807 0.3931536 -0.8882447 0.2375957 0.2853028 0.9167082 -0.2797291 -0.9022671 0.4284081 -0.04879181 -0.3033036 0.9528902 0.002676068 -0.1697753 -0.8549939 -0.490063 -0.6264838 0.6907258 -0.3611315 0.7261172 0.4235575 -0.5416206 0.5641766 0.8254535 0.01820253 0.9549971 -0.2958303 0.0215644 -0.9834971 0.1780962 0.03186314 0.8838326 -0.4674155 -0.01904284 -0.05559127 0.9982377 0.02076334 -0.763291 -0.4310091 -0.4812672 0.775468 -0.423597 -0.468204 0.122659 0.6391111 0.7592705 0.5270617 0.8497684 0.009983404 -0.1939927 0.9809257 -0.01230996 -0.9808432 -0.1932292 -0.02467904 0.9087911 -0.1364251 0.3943183 0.3386845 -0.9392087 0.05638979 -0.9746759 -0.216769 0.05493699 -0.9327731 0.2810995 0.2256487 0.331579 -0.8879819 0.318659 0.9307476 -0.3302886 -0.1569021 -0.4104476 0.8782964 -0.2452105 0.9990607 -0.03266872 -0.02846971 -0.2877581 -0.5040413 -0.8143326 -0.2962053 0.8385922 -0.4571931 -0.5063562 -0.3835379 0.7723354 0.5710828 -0.3402138 0.7470737 -0.8504964 0.4555133 -0.2629895 0.3598793 -0.9264179 0.1106201 0.7526057 0.603257 0.2639424 0.05114023 -0.998554 -0.01657315 -0.9439796 0.3269561 -0.04474631 0.4293506 -0.6839935 -0.589755 0.2890034 0.8224409 -0.4899673 -0.9571873 0.2574528 -0.1323277 -0.9175458 0.1952725 0.346379 -0.044889 0.9989796 -0.004974604 0.954365 -0.1572944 -0.2538619 -0.08199116 0.9758547 0.2024478 0.7846466 0.6122315 -0.09747968 0.0864809 -0.7044256 -0.7044896 0.3198839 0.8146922 -0.4836848 0.7136167 -0.5001685 0.4904922 0.6864203 0.6474795 0.3310551 0.8264602 0.5615383 0.04047405 0.8788408 -0.4435239 0.1758561 -0.9249495 -0.3033534 0.2290091 0.7197739 -0.1658647 0.6741027 0.1651558 0.4998086 -0.8502441 -0.8325313 -0.1341922 -0.5374794 0.7743839 0.5815183 -0.2493312 -0.898193 0.4393754 -0.01409284 -0.1254102 -0.8763185 -0.4651217 0.617495 -0.7864384 0.01465209 0.617911 -0.786243 0.002816857 0.5379435 0.1212553 0.8342146 0.9994565 -0.03224047 0.006869136 -0.7637819 -0.5036028 -0.4037592 0.9346397 -0.3315336 0.1285853 -0.4012128 0.8790556 0.2574674 0.4972887 0.5099535 -0.7018913 0.9899942 -0.1359684 -0.03773801 0.9855571 -0.1682323 0.01936754 -0.080216 -0.9810669 0.1762757 0.9125036 -0.2667877 -0.310099 -0.3248859 0.9457315 0.006409157 -0.9965147 -0.05256974 -0.06476769 -0.01004926 0.9999189 -0.007822088 0.05177517 0.9986264 -0.008043498 0.5074108 -0.5041629 0.6988234 -0.6157174 -0.7829665 -0.08863156 0.8981698 -0.09721201 0.4287667 -0.3076501 0.892038 -0.3310886 0.9986373 -0.01364829 -0.05037213 0.9447435 0.3209887 -0.06652781 -0.9758566 -0.1486369 0.1600345 0.9999882 0.004821938 0.0006276542 0.9586413 0.2836929 0.02291591 -0.9333162 -0.3588288 0.01275633 0.6594909 -0.3557644 -0.662196 0.8859425 0.436449 0.1569014 -0.7636401 0.3244925 -0.5581742 -0.7288637 0.5791987 -0.3650843 0.9893987 -0.136246 0.05027253 -0.7113719 0.4462691 0.5429492 -0.5309246 0.8472782 0.01545234 -0.2751232 -0.6084592 0.7443686 -0.931149 -0.3643731 0.01391856 0.4322674 -0.9017335 -0.004656417 0.5632057 0.8261176 0.01814123 -0.9814468 -0.122098 -0.1478317 0.9634955 -0.1959347 -0.1824444 -0.2519165 0.6202078 0.7428865 0.9037721 -0.08528465 -0.4194312 -0.1710868 0.9850512 0.02008531 -0.5296162 -0.6850898 0.5001587 0.5418119 0.7036775 -0.4596497 -0.9998134 0.01903789 0.003261367 0.1335409 0.8895274 -0.43693 0.329017 -0.5137591 -0.7923379 0.1473685 0.869181 -0.4720243 0.5851897 -0.2517415 0.7708303 -0.5526007 -0.2024593 0.8084817 0.9986315 -0.03468099 0.03914643 -0.9532336 0.03343896 -0.3003791 -0.08791182 -0.9950677 -0.0459538 0.5017376 0.8433336 0.1924782 0.004111917 0.9961204 -0.08790427 0.4227617 -0.516222 0.7448405 0.4117456 0.3505659 0.8411713 -0.8795569 -0.4563042 0.1347821 -0.5590746 -0.8291077 0.003997647 0.9200703 -0.2886503 -0.2648614 -0.4029918 0.8751315 0.2678478 0.2530884 0.9586207 -0.1303559 -0.844937 -0.5348017 -0.008278433 -0.914796 -0.03047921 -0.4027647 -0.7692112 -0.006146018 0.6389651 0.8328338 0.5530757 0.02225212 -0.596292 -0.4683602 0.6519775 0.9791451 0.1942561 0.05949296 -0.2430113 0.4143245 -0.8770865 -0.119413 -0.8733781 -0.4721771 0.576346 0.06492816 -0.8146224 0.9898385 0.1421948 -0.0006190765 -0.9902331 -0.1324928 -0.04340663 0.3160588 -0.3699565 0.8736355 -0.273266 0.2447895 0.9302708 -0.5758785 -0.6927221 -0.434166 0.8214488 -0.5702594 0.005102892 -0.2212006 0.921317 0.3197583 -0.1163398 -0.970335 -0.2119315 -0.4430676 0.6239829 -0.6436897 -0.009834378 -0.9992461 0.03755593 -0.508838 0.49522 0.7041598 -0.06324964 0.9965467 0.05379774 -0.06032533 -0.9912249 0.1176181 0.9762645 -0.2070226 -0.06363397 -0.4572323 -0.8386488 0.2959846 0.9144908 0.1815711 -0.3615779 -0.6477955 0.7428305 0.1690084 0.008485921 0.9999622 -0.001874903 -0.3203229 -0.5074314 -0.7999416 -0.04606551 -0.9945127 -0.09392767 0.7921394 -0.3817148 -0.4762446 -0.06247019 0.9937268 0.09276075 -0.5371373 -0.502191 0.6777077 -0.5355936 -0.8436757 -0.03675317 0.909729 -0.00574804 0.4151627 -0.2604183 0.9131264 -0.31366 0.9543856 0.2966381 -0.03396861 -0.9833491 -0.1356104 -0.1209723 0.9571679 0.2895311 0.001178757 -0.9596883 -0.1868342 0.2099794 -0.9706434 -0.2294236 0.07222352 -0.940091 -0.07778129 0.3319322 0.04795845 -0.6423254 -0.7649301 0.4452486 0.6313004 0.6349909 0.4766167 0.6514462 -0.5903003 -0.9136891 0.3736775 -0.159804 0.4237009 -0.8979512 0.1190009 -0.8255089 0.3907877 0.40721 0.3770491 0.9257704 0.02798583 -0.639593 -0.7685318 -0.01672462 0.9883094 -0.1513671 0.01823577 -0.5669113 -0.7098496 0.4180014 0.3060175 -0.919416 0.2470376 0.9723258 -0.1549018 -0.1748942 -0.5272694 -0.8494477 0.02062929 0.7690047 0.3370722 -0.543152 -0.5197558 -0.8541745 -0.01548866 0.7849368 0.1671417 0.5966053 -0.9237944 0.382578 0.01542696 0.9253403 -0.379026 -0.009202917 -0.7419202 0.5937604 0.3114532 0.7662643 0.6221205 0.16064 -0.3453132 0.9381213 -0.02621367 0.9667982 -0.1980904 0.1614355 0.07698651 0.997023 -0.00427201 0.4505902 0.4161327 -0.7898114 0.9999332 -0.009597297 -0.006441887 -0.7133963 0.6998111 -0.03647043 0.2858935 -0.8053669 -0.5192775 0.6953336 -0.7186815 0.002829691 0.07643667 0.9970682 0.003528213 -0.4042651 0.2482611 0.8803046 -0.1959371 -0.8900313 -0.4116466 0.558156 0.02557533 -0.8293418 -0.2885393 0.5859042 -0.7572723 0.2124602 0.9746926 -0.06953449 0.885711 -0.4592923 -0.06757669 0.9052768 -0.4202935 0.06186457 -0.5885283 0.721585 -0.3646226 -0.4088188 -0.843046 0.3494863 0.9384748 -0.261802 0.2252216 0.140684 0.8795619 -0.4545095 0.9934856 -0.1139519 -0.001164573 0.3106956 0.8181324 0.4838673 -0.9631971 -0.09541513 -0.2512912 0.7437637 -0.6521491 -0.146687 -0.8432036 -0.5358587 -0.04316457 -0.6722875 0.6018532 -0.4310479 -0.3766631 -0.8154165 -0.4395689 -0.8588976 0.302279 0.4134275 -0.299887 -0.7730667 0.5589595 0.7580995 0.652129 0.003588253 -0.1382917 -0.912319 0.385421 0.7834908 -0.4889041 -0.3835556 0.1926796 0.4252833 -0.8843126 -0.6518924 -0.0008719244 -0.758311 0.8554702 -0.5175168 -0.018631 0.1273935 -0.9915913 -0.02274838 0.2647652 -0.5438456 -0.7963236 0.9117832 0.4106575 0.003440019 0.7617425 -0.6091622 0.2206123 -0.8870748 -0.01342055 -0.4614306 -0.5001854 -0.8625054 -0.0768046 0.8797372 0.08440227 0.4679089 -0.941941 -0.326347 -0.07902331 -0.9277505 -0.372419 -0.02414768 0.1276566 -0.984519 0.1201089 -0.06032731 0.9596266 0.2747316 -0.9735316 -0.2037542 0.1035394 0.73827 -0.6176657 -0.2710103 -0.5917158 0.1104842 -0.7985397 -0.1415108 0.794157 -0.5910071 -0.6913617 -0.653796 0.3075219 -0.6169873 -0.7776145 0.1210057 0.3932394 0.8733196 -0.2875338 -0.9920981 -0.06094644 0.1096676 0.6507132 -0.7408925 0.1662846 0.9605131 -0.2750096 -0.04224076 -0.1712544 -0.9852206 0.003520484 0.9547636 -0.2973275 0.004784058 -0.3879947 0.6839495 0.6177971 0.0330456 -0.9994333 0.006415457 -0.946736 0.3212788 0.02169958 -0.1646018 0.9862843 0.01222401 -0.9714745 -0.2371088 -0.004089424 0.6923104 -0.7214239 0.01593273 -0.217647 0.9440438 -0.2478128 -0.8494278 0.5263767 0.03741626 0.8704014 0.3609434 -0.334845 -0.5458228 0.7227059 -0.4239972 -0.3469752 -0.9378332 -0.00878006 0.5576286 0.8282088 0.0558618 -0.8264767 0.5509761 -0.1155925 -0.7567811 -0.6371949 -0.1458254 -0.03828303 -0.9989371 -0.02567392 -0.7935606 0.3315021 -0.5102627 0.9999224 -0.01237809 0.001428644 -0.728554 0.2967585 0.6173682 0.3097614 -0.7250557 0.6150952 0.4624323 0.2957804 0.835865 -0.009940258 0.7222049 0.6916077 -0.4939393 -0.8591198 0.1339298 0.6360471 0.5131261 -0.5763208 0.8694433 -0.4940199 -0.003558072 -0.8705538 0.4919753 0.009813009 -0.5341716 -0.6858047 -0.4943001 -0.9043804 0.422446 -0.06029501 -0.2309195 0.862992 0.4493562 -0.6894888 -0.423978 0.5872374 0.02697923 0.9177856 -0.3961588 -0.8665856 -0.4833378 0.1241533 0.9714342 0.2366164 0.01811826 -0.8319525 -0.5526749 -0.04904594 0.5862646 0.7781994 -0.2251655 -0.405459 -0.7700621 -0.4925518 -0.9290107 -0.2929886 -0.2260461 0.8567268 -0.4679584 -0.2168736 -0.8590927 -0.2623247 0.4394832 0.02642703 0.6480424 0.7611456 0.7915733 0.6107978 0.01838086 -0.994476 0.1042303 0.01239103 0.7628815 -0.4489886 0.4652108 0.1006479 0.8807225 0.4628151 -0.9563577 -0.1241135 -0.2645293 0.7221931 -0.6723833 -0.1622894 -0.5913849 0.8063875 -0.001755481 0.08231394 -0.7080851 -0.701313 0.7581583 0.6520674 0.002023906 0.7937058 0.6082658 0.006617999 0.0574698 0.9534468 -0.2960346 -0.5061983 0.8549508 0.1132358 -0.7085345 -0.3015149 0.6380186 0.8271841 -0.04882972 -0.5598054 -0.8460667 0.5303513 0.05383849 0.5518213 -0.6592044 0.5108256 0.4283961 0.7066886 0.5630879 -0.8465174 0.1352435 0.5148956 -0.93841 -0.1881426 0.2898087 0.4124678 0.9101296 0.03917234 -0.2912296 0.8902892 -0.3501007 0.4545693 -0.7748366 0.439312 0.6019842 -0.7910029 -0.1092217 0.8443236 0.5180043 -0.1370736 -0.9265071 -0.3758592 0.01773087 0.6190272 0.6494607 0.4415951 0.9183819 0.3956518 0.005854184 0.3407197 0.9197566 0.1948279 -0.8999126 -0.4345815 0.03600287 0.6994166 -0.6597733 -0.2748011 -0.5404237 -0.8412574 -0.0151052 -0.9807212 0.1953094 -0.006334568 -0.9807901 0.1941237 -0.01914858 0.9015214 -0.303747 -0.3082158 0.9351743 0.1961912 -0.2948865 0.1164829 -0.9219969 0.3692606 -0.4919991 0.4643522 0.7364197 0.7553548 0.161194 0.6351815 0.2311017 0.9294355 -0.2876486 -0.9537399 -0.2511591 0.1652249 0.726045 -0.6736158 0.1382038 0.9535499 -0.3010973 -0.009107171 -0.3226896 0.7088768 -0.6271883 -0.1796804 -0.9834731 -0.02226185 0.9563197 -0.2909403 0.02839801 -0.997212 -0.06838497 0.02986187 0.9714502 -0.2365713 -0.01784916 -0.2986587 0.9541615 0.01946108 -0.9740895 -0.03357836 -0.2236561 0.6011013 -0.7981719 -0.03998707 0.4243899 0.8535473 0.3022421 -0.007989046 -0.9999672 -0.001295639 0.6520167 0.002364611 -0.7582009 -0.359843 -0.8103004 0.4625216 0.8394452 0.1745888 0.5146364 -0.2486985 0.9080381 0.3370694 -0.6770434 0.7359286 0.004615577 -0.9280143 -0.2847178 0.2402608 -0.8239977 -0.5197074 0.2256813 0.8430906 -0.5035193 -0.188856 0.2330953 0.9692827 -0.07847098 -0.9393316 0.02620818 -0.3420077 0.7301491 0.6832872 0.000904402 0.3572684 0.9335223 -0.0299238 0.928488 -0.3710749 0.01460952 0.4125574 0.9109204 0.004522742 -0.4152549 -0.9087576 0.04150871 0.4212018 0.9069666 -0.0007502344 -0.2610713 -0.3627071 0.8945867 0.8548659 -0.4579851 0.2438319 -0.4059025 -0.9044276 0.131354 0.8993718 0.02978801 0.4361686 0.8017905 0.5682728 0.1849267 -0.3830474 0.8065629 -0.4502566 -0.4100926 -0.9120052 -0.008401536 -0.2057732 -0.5110897 -0.8345326 0.9211592 0.3891733 -0.003134019 0.4898083 -0.1996398 -0.8486647 0.4073491 0.9132714 0.00143644 -0.4747383 -0.2347786 -0.848235 -0.002863206 0.6730083 -0.7396294 -0.008190504 0.9409362 -0.3384848 -0.0617191 -0.5768179 0.8145378 -0.9419807 0.3354323 -0.01255284 -0.9424748 0.3341486 0.009275238 0.5023031 -0.8134555 -0.2932265 0.8760529 0.4601791 0.1441057 0.4950969 0.8522569 -0.16893 -0.5996707 -0.7994762 -0.0351107 -0.20077 -0.9775592 -0.06379232 -0.6979943 -0.5600536 0.4462556 -0.2792959 -0.9602005 0.002961092 -0.6604013 -0.6658063 0.3472351 0.5797102 -0.7971874 0.1686071 -0.3669375 0.902124 -0.2270003 -0.2044513 0.9787118 -0.01796741 0.3719132 0.3375402 -0.8647237 -0.9924975 0.06240124 -0.1051415 -0.1024262 -0.9586787 -0.265413 0.03091364 -0.9383251 0.3443694 0.5709965 0.4669128 0.6752447 0.9998686 -0.01072459 0.01215367 0.06082757 -0.9972226 -0.04297746 0.9564206 0.1003434 0.2742093 -0.6897269 0.7110602 -0.136639 -0.5928176 -0.8053297 -0.003361477 -0.7143804 -0.4938892 -0.4957157 0.9724308 0.2323999 -0.01919665 0.02358201 0.7514556 -0.6593621 0.5905178 0.8070238 0.001177052 -0.5912225 -0.8065085 0 -0.9686711 -0.2483091 0.004346832 -0.6243245 -0.7740151 0.1054487 0.2300744 -0.9404852 -0.2501069 -0.4919701 -0.8223794 0.285758 0.8719155 0.4870808 -0.0501559 0.7362631 0.6749224 -0.04895405 0.987206 0.1591921 0.009063716 -0.7413143 0.04971338 0.6693143 -0.9890475 0.01966823 -0.1462814 0.3969246 -0.8426513 0.3638539 0.6346441 0.7531094 -0.1733585 -0.4909903 -0.7733388 -0.4010929 0.8408173 0.2678851 -0.470387 -0.9890295 0.1471452 0.01299894 -0.7602276 -0.6493017 0.02147831 0.7897846 0.1489153 0.5950331 -0.06063231 -0.6787806 0.7318338 0.8884288 0.0677744 0.4539834 -0.6873162 -0.4891349 -0.5369762 0.5493041 -0.7694196 -0.3259732 0.9479824 -0.3032129 0.09690923 0.3987714 0.6826139 0.6123884 0.5323251 0.7941159 -0.2932745 -0.8665272 -0.4984234 0.02654527 0.09416662 -0.9953957 0.01789253 -0.8135006 -0.5814178 0.0130466 0.6400926 -0.7682854 -0.004364571 0.3435557 0.9389784 0.01700358 -0.9599832 -0.1350695 -0.2453336 0.6288226 -0.7770417 -0.02807829 0.2385772 0.931668 0.2739995 -0.3129982 -0.7463823 -0.5873207 -0.6811838 0.7321124 0.0002122831 0.6816443 -0.7316824 -0.001371299 -0.2771556 0.8018685 -0.5293314 -0.7233384 -0.6900507 0.02473079 0.675965 -0.7369102 -0.005886979 0.7724296 -0.6129611 -0.1662261 0.1176053 0.9916862 -0.05222472 0.8754131 -0.4592949 -0.1506651 -0.4573334 -0.8839144 0.09768064 -0.6166225 0.6107858 -0.4967065 0.6887933 -0.2143443 0.6925462 -0.5142496 0.01851641 0.8574407 -0.6824779 0.7309051 0.001273729 0.6187124 -0.2427746 0.7471649 -0.6136276 0.1197559 0.7804612 -0.9915525 -0.1286382 0.01661108 -0.1871611 -0.9258645 -0.3282463 0.4000952 0.8563332 0.326523 -0.8051195 0.5413588 0.2423082 0.5532959 0.8325383 0.02726911 0.6089025 0.3859254 0.6930363 0.2904657 0.9568406 0.009258351 -0.9605851 -0.1445513 0.2374473 0.9079707 -0.4183345 -0.02419461 0.3092215 0.8900882 -0.3348508 0.2221553 0.9748771 -0.01617706 -0.6954025 0.2759975 -0.6635064 -0.4863226 0.5602608 0.6705208 0.1823863 -0.9830833 0.01680661 -0.1910174 0.9814873 0.01396302 -0.2942551 -0.9469517 -0.1292144 0.8783045 0.3958331 0.2681369 -0.6577905 0.742423 -0.1269635 -0.9692834 -0.2459456 -0.0005961511 0.7226779 -0.2695487 -0.6364591 0.6234662 -0.3625615 0.6927041 -0.09853216 0.6852047 0.721655 -0.7213537 -0.501776 0.477357 -0.9370768 -0.01122021 0.3489429 0.8823798 -0.3074771 -0.3561793 0.7100026 0.6928515 -0.1259091 -0.3714722 0.867448 0.3309717 -0.7675728 -0.6406727 -0.01924731 -0.7616103 -0.6479879 0.007839651 0.7106398 0.6991947 0.07821603 -0.8983299 -0.4377399 0.03724584 0.9066597 -0.3306893 0.2619403 0.1868632 0.9362681 -0.297463 0.7976704 0.6021953 -0.03290446 -0.9865713 0.1630977 -0.00872918 0.7858683 0.6183894 0.002338926 -0.9534493 -0.03704681 -0.299269 -0.2942403 0.8271961 0.4787162 0.1217701 -0.9920981 -0.03022333 -0.8235979 -0.5670706 -0.01083639 -0.8431146 -0.5348828 -0.05530076 0.250341 0.9489543 0.1918725 0.1142773 0.9875842 0.1077876 0.9764859 0.2137607 0.02795965 -0.9956495 0.09166727 -0.01670868 0.4351489 -0.9001742 0.01821844 0.5538669 0.7105542 -0.4339864 -0.9017721 0.09531396 -0.4215713 0.1422756 -0.6841527 0.715327 -0.1598237 -0.9871067 0.008759435 0.5562434 -0.8309492 -0.01080081 0.8312104 0.555536 -0.02165465 -0.9077797 -0.2275901 0.3523334 -0.6740101 0.7370622 0.04949392 0.8166919 0.575056 0.04821789 0.9748803 0.09973369 0.1991523 -0.6552108 0.7004701 0.282914 -0.9889994 -0.05311145 -0.138056 0.7216013 -0.6575367 -0.2166496 -0.9349112 -0.3540013 -0.02498135 0.07804407 0.6256639 -0.7761789 0.6107378 -0.676724 -0.4111496 0.344491 0.5908005 0.7295757 -0.7048224 0.1012128 0.7021263 0.9679945 -0.09424668 -0.2326033 -0.6893827 0.7178474 0.09719386 -0.4665649 -0.85312 0.2334597 -0.4311536 0.9021613 -0.01454157 0.9973565 0.06113869 -0.03926899 -0.6874254 0.4862048 -0.5394917 0.05085499 -0.8954309 -0.4422864 0.9845822 0.130627 -0.1163377 0.9350971 0.1749552 0.3081949 0.4255342 -0.9049318 -0.004364677 -0.948543 -0.2234008 -0.2244065 0.4530339 -0.8734466 0.1784694 -0.4894718 -0.8678055 -0.08562134 -0.3726047 0.655611 -0.6567648 0.01844743 -0.8996169 -0.4362902 -0.8756616 0.1927579 0.4427879 -0.3896546 -0.8727063 0.294199 -0.5471297 -0.836294 0.0355182 -0.9853272 0.07178363 0.1548464 0.7417043 0.6395377 0.2021541 -0.7695787 -0.1306506 0.6250433 0.0434928 -0.5748969 -0.8170691 0.742036 0.4595154 -0.4880862 -0.4948244 -0.8405937 -0.2203428 0.9981062 -0.06025875 -0.01236519 -0.2268843 0.8793495 -0.4186501 -0.8724252 0.4885786 0.01285591 -0.8727134 0.4882266 0.002471483 -0.4910143 -0.3478425 0.798693 -0.9350299 -0.3545177 0.00602694 0.5213165 0.7732013 -0.361094 -0.9921545 -0.05340965 0.1130347 0.7138242 -0.6622944 0.2276427 -0.2793053 -0.7030155 -0.6540319 -0.9663302 -0.255165 -0.03311636 -0.9745229 -0.2236431 0.01699361 -0.3042476 0.939862 0.1552185 -0.9555713 -0.1057427 -0.2751398 0.6635366 -0.7481227 0.005623353 0.9001354 0.4318841 -0.05685395 0.3937353 -0.9191983 -0.006863066 0.336166 -0.9417763 -0.007057333 -0.7029376 0.2869229 0.6508103 0.2675892 0.9603842 -0.0778348 -0.8854422 -0.2611812 0.3844172 0.6350413 -0.7142489 -0.2942295 -0.9273909 -0.3714723 -0.04420889 -0.7490873 -0.6598922 -0.05840056 0.846192 0.5139324 0.1408283 -0.9212656 -0.3889336 0.0005506973 -0.7759217 -0.6305087 0.02010739 0.7236212 0.6901066 0.01119248 -0.7863232 0.07894139 -0.6127512 -0.6518813 -0.7456484 0.1380554 0.8611567 -0.006164413 -0.5083022 0.9095929 -0.2584328 -0.325351 -0.9660099 -0.254712 0.04412142 0.8578924 -0.1434024 0.493413 0.8159024 -0.5780306 0.01355809 0.02144413 0.7145932 0.6992115 0.7194914 0.694394 0.01221227 -0.7457457 0.6662181 -0.004085502 -0.2022886 -0.9791966 0.01591753 0.8612273 0.4913032 -0.1300334 -0.9684838 -0.1903086 -0.1606916 0.5041216 -0.5091097 0.6976165 -0.8851987 -0.2743725 -0.37569 0.5366996 -0.8435893 0.01762346 0.2322838 0.8612214 0.452042 -0.2354039 -0.8795603 -0.4134714 0.9302792 0.3668412 0.002861492 0.2237065 -0.8923212 -0.3920693 -0.5419452 0.3759911 -0.7516157 0.2034338 -0.8819427 -0.4251963 -0.6856071 0.007956622 0.7279283 0.4690001 0.4332885 0.7696103 -0.9353665 -0.3520077 0.03435272 0.9022343 0.339178 -0.2663297 -0.3015097 0.9526098 -0.04032919 -0.1395147 -0.9755872 0.1696031 0.3795371 -0.9219504 -0.07719497 -0.6303699 0.3361938 0.6997196 -0.2681108 -0.5267292 0.806643 0.6378377 0.7609992 0.1185044 0.1973181 0.9803332 0.0035075 -0.9681761 -0.08800653 -0.2342859 0.7144142 -0.6583744 0.2369717 0.1352082 -0.9841678 -0.1145973 0.5743674 0.8185654 -0.007263468 0.8487545 0.3871606 -0.36017 0.7435191 0.3166728 0.5889802 -0.5561956 -0.830822 0.01952489 0.3899455 0.6965802 0.6022612 -0.8295277 -0.5560188 0.05221978 0.4228998 -0.3186253 -0.8483123 -0.2315896 0.8749006 -0.4253414 -0.5508973 -0.3058632 -0.7765049 -0.859078 -0.5118443 -0.0005431713 0.8633598 0.5031489 -0.03809278 -0.4780254 0.2423106 0.8442614 0.3870707 -0.1351093 0.9120974 0.2712178 0.8801984 -0.3894761 -0.9775646 0.2105882 0.004477237 0.5651211 -0.7746169 0.2839135 -0.2670684 0.9453767 -0.1869152 0.6822735 -0.4265129 -0.5937925 -0.3751795 0.9263661 0.03295653 0.7013676 -0.2778477 0.6564177 0.4416939 -0.8959224 0.0472173 -0.3259442 0.9397216 0.1033616 -0.9812744 -0.184338 -0.05585781 0.1006556 0.9597081 0.2623526 -0.7863046 -0.5272173 -0.3221288 0.8865276 -0.4381033 0.1487761 0.3766389 -0.9263587 -0.001645021 0.1089421 0.6406472 -0.7600677 -0.3401982 0.9367282 -0.08249496 -0.9018707 0.04910437 -0.4292063 0.4401792 -0.8942065 0.08146802 0.3201585 0.7086144 0.6287799 0.1700669 0.9849046 -0.03225186 -0.8592261 -0.3515165 0.3717078 0.5982986 -0.7513639 -0.2783721 -0.7670708 -0.6408696 -0.02980766 0.8570639 0.5041208 -0.106319 -0.77227 -0.6352936 0.001034229 0.8182451 0.5442287 0.1851758 0.8083055 0.5853391 0.06340624 0.8487528 0.4388558 0.2949987 -0.313084 0.617606 -0.7214854 -0.1766954 -0.7915952 0.5849408 -0.1975971 -0.818119 -0.540034 0.9900426 0.006367163 -0.1406243 -0.7375848 0.6671068 0.1045807 0.9302312 -0.04420245 0.3643021 -0.7748275 0.6313926 0.03139701 0.5477011 -0.8364636 -0.01876408 0.4339507 0.9007043 0.02045941 -0.8795012 -0.008295558 -0.4758244 0.475542 -0.7480995 -0.4628249 0.4198913 0.5043993 0.7545016 0.8722039 0.4890436 0.009837224 0.3044272 0.9524584 -0.01212972 -0.9520233 0.3050577 -0.02431786 0.7312221 -0.5600556 0.3894252 -0.1576071 -0.9859373 0.0555666 -0.9580389 0.2814797 0.05413488 -0.6811202 0.6975421 0.2225091 -0.1392591 -0.9390014 0.3144571 0.6552962 -0.7393695 -0.1546598 0.06538918 0.9681126 -0.2418312 0.8587588 -0.5116116 -0.02805314 -0.5004259 -0.3050548 -0.8102564 0.1465863 0.8799563 -0.4518732 -0.634196 -0.0917302 0.7677116 0.3381801 -0.578622 0.7421797 -0.5247991 0.8107391 -0.2593993 -0.1328863 -0.9851172 0.1090196 0.9514209 0.1643799 0.260341 -0.4379989 -0.8988272 -0.01633052 -0.6682751 0.7426064 -0.04409234 0.04538319 -0.8104268 -0.5840794 0.6528853 0.5822491 -0.4844861 -0.7136011 0.6883046 -0.1304232 -0.7100199 0.6156084 0.3419036 0.4436752 0.8961742 -0.004901759 0.7600841 -0.5996519 -0.2503791 0.4002556 0.8944017 0.1996022 0.982979 0.1566003 -0.09606548 -0.2667929 -0.6632422 -0.6992363 0.676192 0.5604102 -0.478231 0.3842083 -0.7855893 0.4850087 0.9153599 0.2352974 0.3267282 0.9949609 0.09199056 0.0398823 0.5551289 -0.8134978 0.1733588 -0.9570584 0.1817722 0.2258277 0.5535441 -0.4964663 0.6686629 0.390334 0.3614872 -0.8467387 -0.7969996 0.2862352 -0.5318468 0.9598787 0.1347769 -0.2459024 -0.5738268 0.818859 -0.01388651 -0.5351325 -0.7086996 -0.4597587 0.1603204 -0.9869594 0.01443758 0.1607785 -0.9869866 0.002775608 0.5349587 -0.1555141 0.8304424 0.8593028 -0.5114224 0.006768551 -0.9142301 -0.07174648 -0.3987928 0.6580249 -0.7422547 0.1267327 0.07385409 0.9643957 0.2539419 0.6867888 0.207466 -0.6966197 0.8008872 -0.5976595 -0.03718616 0.7813924 -0.6237481 0.01908403 -0.5447736 -0.8203808 0.1737729 0.6707301 -0.6756432 -0.305986 0.1728322 0.984931 0.006315307 -0.8977844 0.4357865 -0.06382314 0.4746271 0.8801532 -0.00770755 0.5281212 0.849132 -0.007925718 0.2018639 -0.6915676 0.6935309 -0.9176173 -0.3877494 -0.08734364 0.7412115 -0.520721 0.4236216 0.1622196 0.931081 -0.3267613 0.8676057 -0.4947693 -0.04963632 0.9822446 -0.1757772 -0.06555782 -0.926436 0.3418059 0.1577497 0.8776859 -0.479236 0.000618463 0.9763234 -0.2151341 0.0225805 -0.990475 0.1371176 0.01256956 0.4079049 -0.6343192 -0.6566984 0.9868831 -0.04628449 0.1546592 -0.5139167 0.6562196 -0.5525084 -0.3586965 0.8610586 -0.3604371 0.8002445 -0.5976242 0.04953817 -0.4087108 0.7377383 0.5373059 -0.05512564 0.9983633 0.01522611 -0.5393624 -0.4028702 0.7394483 -0.9912588 0.1312167 0.01371478 -0.05756273 -0.9983313 -0.004588231 0.8924118 0.4508677 0.01787566 -0.9184459 0.3677294 -0.1457131 0.7490457 -0.6376371 -0.1798598 0.07997253 0.670098 0.737952 0.7518236 -0.5129086 -0.4143502 0.326474 0.944999 0.01979131 -0.797729 -0.3449105 0.4946365 0.816998 0.3551212 -0.4543162 -0.8659977 0.5000376 0.003213609 0.5484745 0.7160891 -0.4317315 0.03999327 -0.6144273 -0.7879592 0.5510053 0.6918478 -0.4666259 0.3939645 -0.5076872 0.7661891 -0.5872151 0.09080291 0.8043216 0.8574192 -0.513171 0.03857404 -0.8193362 0.4907682 -0.2963694 -0.5580501 -0.8285708 -0.04528226 0.8473803 0.4959205 0.1897618 0.4852409 0.8700787 -0.08662676 0.1214804 -0.6616297 0.7399248 0.5354492 0.1089358 0.8375125 -0.990801 0.02580697 0.1328434 -0.8902372 -0.4554803 0.003939107 0.6665258 -0.6982064 -0.2612494 0.07040188 0.9618946 0.2642012 0.6851713 0.7169613 -0.1284788 -0.9981859 -0.05965127 -0.008157214 -0.8174458 0.4165727 -0.3978059 -0.6803619 0.3686996 0.6333785 0.9964322 0.08149963 0.02192642 -0.7530756 -0.1224602 0.6464369 0.9510739 -0.3033507 0.05862478 -0.01255436 0.4856335 -0.8740724 -0.5284912 -0.7090948 -0.4667779 0.5411491 -0.2239771 -0.8105504 0.9352159 -0.3540775 -0.000610011 -0.9308962 0.3627711 -0.04277216 0.09891021 -0.4820277 0.8705551 -0.1224106 0.3508357 0.9284018 -0.8413176 -0.3288713 -0.4289852 0.4433686 -0.8963253 0.005028168 0.2521662 0.9147915 0.3155452 -0.5713337 -0.7936697 -0.2089645 -0.08669718 0.7650412 -0.6381187 -0.4917169 -0.8699684 0.03700673 -0.2074997 0.6844537 0.6989041 0.4264445 0.9029589 0.05301217 -0.5321339 -0.8386872 0.115919 0.7545445 -0.6532462 -0.06270582 -0.8067285 -0.5137237 0.2920225 0.8899891 -0.2837208 -0.3569621 -0.2080131 0.963833 0.1666027 0.4908727 0.8712294 -0.001847448 -0.5306832 -0.2920529 -0.7956635 -0.5212007 -0.8483995 -0.09256409 0.5105524 -0.7194857 -0.4708255 0.4257988 0.9001882 0.09141382 -0.7177901 -0.181128 0.6722871 -0.8767428 -0.4795941 -0.03621568 0.7955618 -0.4459704 0.410112 0.2138074 0.9265474 -0.3095098 0.9788657 -0.2017465 -0.03347174 -0.9265491 0.3567799 -0.1192262 0.9778488 -0.2093095 0.001161496 -0.9310018 0.3006181 0.2070373 -0.9606578 0.2684608 0.0711713 -0.8619087 0.3870322 0.3275966 -0.270873 -0.5904994 -0.7602226 0.6990748 0.3393521 0.6293922 0.7359005 0.3415613 -0.584625 -0.6193824 0.7691243 -0.1575224 -0.06324594 -0.9910826 0.1172824 -0.5349815 0.7429777 0.4022176 -0.8742641 -0.4848288 0.02456302 0.9801595 0.1976661 -0.01467999 -0.6750811 0.7375699 0.01600602 -0.857928 -0.4881144 0.1603245 0.807459 -0.5783004 -0.1165278 0.05378509 0.9981145 -0.02957467 0.6301017 0.1497858 -0.7619292 -0.3362113 -0.7855188 -0.5195403 0.3624497 -0.6469291 0.6709045 -0.406088 0.9115914 0.06398121 -0.389355 0.9208839 0.01937929 -0.8951385 -0.4050045 -0.186275 0.9349918 0.2579413 0.2434269 0.1608273 0.9769295 -0.1405112 -0.5290279 0.7844341 -0.3237168 -0.8737331 -0.1563712 -0.460585 0.9426068 -0.3336263 0.01363669 0.9429299 -0.3329624 -0.004384297 -0.8966345 -0.4363993 -0.0748477 0.8209368 -0.5455843 -0.1685245 0.08814092 0.9605965 0.2636012 -0.2571465 0.6739545 -0.6925757 0.01366343 -0.9998901 -0.005752781 -0.1041918 -0.8283656 -0.550413 -0.8891025 -0.2952746 0.3497279 0.8476627 0.1994066 0.491635 -0.7838026 -0.4801716 0.393813 0.6891272 -0.7093368 0.1481387 0.6986562 -0.7153969 -0.00931232 0.7454854 -0.4870576 -0.4550015 -0.9638737 0.2663596 -7.280854e-05 -0.7395361 0.2703817 -0.6164252 0.8477533 0.5211541 0.09855297 -0.6012691 -0.1333358 0.7878433 -0.9895676 0.144021 -0.003728712 0.9584697 -0.2416949 0.1513918 0.8343308 0.5307681 0.1489206 -0.9345875 -0.2364587 -0.2657695 0.05345513 -0.9966232 -0.06232844 0.2593693 0.951501 0.1654492 0.9981581 0.04514953 -0.04052089 -0.4421442 -0.6556586 -0.6120624 0.9542535 0.2983125 0.02024769 -0.9964288 -0.08442734 -0.001286904 0.07584522 0.9953394 0.05955627 -0.7379457 -0.5802748 0.3445538 0.46437 -0.6825237 -0.5643774 0.8289267 0.3907138 -0.400279 -0.5016318 0.5739884 0.6472271 -0.4503072 0.892847 0.006902369 0.8374367 -0.5426212 -0.06528449 0.4474973 -0.8942122 -0.01143545 0.3870425 -0.9182291 -0.08398459 0.997849 -0.05943431 -0.02765622 0.6582599 0.7526558 0.01425424 -0.605149 0.7638412 -0.2243687 -0.2625648 0.1649232 0.9507155 -0.9706931 -0.2381946 -0.03190898 -0.07677742 -0.9845014 0.1576775 0.9072717 0.4178927 -0.04715736 0.4768855 -0.8645082 -0.1587632 0.6619629 -0.7495341 -0.001928991 0.9853798 -0.1703295 -0.003809739 -0.8975625 0.3134835 -0.3100157 0.9382284 0.3460163 -0.000439742 0.9284895 0.3663982 0.06049397 0.6202574 -0.7805423 0.07768164 -0.9959103 0.008304894 -0.08996491 0.6865966 -0.7223865 -0.08211514 0.2586487 0.9351001 0.2422575 -0.2250638 -0.8029118 -0.5519773 -0.6458439 0.6937115 -0.318826 -0.7216384 -0.6921595 0.01237605 -0.9089217 0.4165809 0.01793686 -0.8716647 -0.4379701 0.2199609 0.8318374 -0.5499243 -0.07503182 0.877523 0.4373583 -0.1966495 -0.8144761 0.5732548 0.08948473 0.8366833 -0.05201404 0.5452115 -0.9983532 0.0567035 -0.008692002 0.7680755 0.2455765 -0.5913985 -0.9853764 -0.1703888 0.001040213 -0.4902263 -0.8715292 0.01072977 0.9054673 -0.4244008 -0.003589438 -0.0869955 0.9961105 0.01398458 -0.8219809 -0.5480668 0.1548231 0.8964418 -0.422745 -0.1329618 -0.0919571 0.9957578 -0.003215544 0.7177339 0.6962247 -0.01136678 -0.5019208 0.8568536 -0.1178028 0.8656304 0.3939099 -0.3090614 0.01192238 -0.8274779 0.5613717 -0.231002 0.967385 0.1039441 -0.550715 -0.8346842 0.003922324 0.7932366 -0.4871521 0.3653199 0.9285817 -0.3679913 -0.04815015 0.6711336 0.7397202 -0.04892476 -0.7958395 -0.2027502 0.5705539 0.6755146 0.7352638 0.05538116 0.9002524 -0.4160259 0.1283278 -0.857213 -0.5064409 -0.09329261 0.9192917 -0.3714173 -0.1302001 -0.06205883 0.9616564 0.2671437 -0.0955683 -0.818441 -0.5665872 0.5395979 0.8419156 -0.003506679 -0.5349911 -0.84484 -0.005468911 0.7379527 0.346617 -0.5790358 -0.8270172 0.457551 0.3266338 0.9797132 0.183801 0.07987002 -0.9813848 -0.1920481 0.001203709 0.8253748 -0.003019125 0.5645771 -0.05526916 0.6307005 0.7740557 0.9392456 -0.3383777 -0.0576035 0.5711066 0.7063867 -0.4181568 -0.2349769 0.9180936 -0.3192023 -0.9703261 0.2000193 0.135866 -0.7002854 0.7138519 0.003977416 0.2802518 -0.6421229 -0.7135384 0.2347888 -0.6431094 -0.7288926 0.9834285 -0.180307 -0.01891576 -0.8706503 -0.1761049 0.4592984 0.5171596 -0.8513025 0.08848713 0.7340074 0.6263231 0.262588 -0.8638154 0.4635066 -0.1974453 -0.9913591 -0.1309239 0.008132962 0.0822259 0.9960664 -0.03302392 0.8643569 0.502799 -0.008961464 0.9976173 0.06537131 0.02205106 -0.3921828 -0.5687544 0.7229876 -0.171192 -0.9680725 -0.1831091 0.2919676 0.945125 0.1466072 0.5561179 -0.8093139 0.1890607 0.8370153 0.546916 -0.01697904 0.1803173 0.9747017 -0.132069 -0.9039446 0.4053091 -0.1364137 0.9360176 0.3507742 0.02878349 -0.778805 0.09340814 0.6202723 0.3973588 -0.9044256 -0.1553073 0.6350806 0.7378061 0.228724 -0.9947209 -0.02829847 -0.09863829 0.3175342 -0.9457868 -0.06825952 0.7305048 0.6828946 -0.004216328 -0.7173507 -0.6962444 -0.02552921 0.8523822 0.2209216 -0.4739601 0.8342685 0.07572997 0.5461329 -0.1485672 -0.7839756 0.6027521 0.3629401 -0.9315626 0.02157762 -0.6370704 0.6031258 0.4799798 0.08706874 -0.9918284 0.09324938 -0.05709723 0.9953349 -0.07777125 0.9781889 0.2011264 -0.05191048 -0.9957515 -0.08942994 0.02193555 0.07490745 -0.9873671 0.1396247 0.3630244 0.8388006 0.4057424 0.4631764 0.6274509 0.6259177 0.2286144 0.9376865 0.2616858 0.3547356 0.9345644 0.02742299 -0.6209744 -0.7836595 -0.01638782 0.991661 -0.1276291 0.0178686 -0.2933366 0.855259 -0.4271834 -0.5746589 -0.7054381 -0.4148785 0.6571052 -0.257324 0.7085175 0.7392493 -0.6733771 0.00859119 0.9998764 0.01161393 -0.01059337 -0.01087889 0.9997152 -0.02123888 -0.30632 -0.8866712 0.3463845 -0.9856686 -0.161557 0.04854547 -0.03516203 0.998262 0.04729377 0.4496787 0.8715382 0.1954744 -0.9461468 -0.1660607 0.2779031 -0.4962781 -0.8575316 -0.1354532 0.9458855 0.245089 -0.2126781 -0.2145709 -0.976401 -0.02450179 -0.4868874 0.4120842 -0.7701475 0.9034215 0.1420026 -0.404555 -0.3095947 0.6176882 0.7229194 -0.4744733 -0.5399869 0.6951901 0.608642 0.7598696 -0.2283704 -0.9781104 -0.1849583 0.09534403 0.4598638 -0.8578966 0.229213 -0.991139 0.1320607 -0.0142623 0.4939585 0.868632 -0.03851582 -0.7872578 -0.3116291 -0.5320831 0.780543 -0.4485167 -0.435414 0.4288825 0.8961214 -0.1141324 0.3652642 0.880273 0.3028226 0.9903839 -0.1382803 -0.004280839 -0.3317025 -0.9172994 -0.2203071 0.9796425 -0.09810187 0.1751474 0.4592279 -0.8843391 -0.08398837 -0.7589245 0.04671299 -0.649501 0.7662043 -0.4780047 -0.4294676 -0.6424416 -0.6302777 0.4359115 0.5186812 -0.8046334 0.2890241 0.4012706 -0.9152968 0.03483678 -0.5989517 -0.7862383 0.1519413 -0.1302462 0.9714234 0.1984253 -0.3135736 -0.7212396 0.6176447 0.5117339 -0.281407 -0.8117503 0.02088243 0.8765294 -0.4808951 0.4338519 -0.8746328 -0.2163102 0.596014 0.8028824 -0.01212771 -0.8632647 0.2916211 -0.4119843 -0.8859957 -0.4635221 0.012609 -0.8858558 -0.4639543 0.002424009 0.02318546 -0.6087355 0.7930344 -0.2142009 -0.9767717 0.005911175 -0.3634388 0.8613124 -0.3550396 -0.497694 -0.8602349 0.1108904 0.9457065 0.2359898 0.2234904 0.4396348 -0.6232424 -0.6467535 -0.3145139 -0.948697 -0.03248092 -0.3453838 -0.9383135 0.01666728 -0.9537778 0.2590571 0.1523068 -0.4343793 -0.8592338 -0.2702442 0.9891607 0.1467335 0.005515339 0.1303491 0.9898987 -0.05576528 0.9849503 -0.1727067 -0.006731241 0.9723907 -0.2332563 -0.006921777 -0.6295799 -0.4353356 0.6435154 -0.6580434 0.7490994 -0.07634849 -0.2660059 -0.8867261 0.3780975 0.9467795 0.1416198 -0.2890542 -0.1958349 -0.9796777 -0.0433613 0.1431636 -0.9880399 -0.05728248 0.03216099 0.9898855 0.1381753 -0.1778574 -0.9840561 0.0005401191 0.103882 -0.9943941 0.01972131 -0.1823758 0.9831676 0.01097751 -0.4994801 -0.6197637 -0.6053203 0.2681956 -0.9537944 0.1354526 0.4782152 0.7213198 -0.501007 0.7150249 0.6216927 -0.319746 -0.3147232 -0.9481965 0.04327551 0.5917451 0.6430045 0.4861923 0.9300089 0.3672963 0.01329771 -0.5922151 0.4123981 0.6922493 -0.1882234 0.9820532 0.01197772 -0.9655077 -0.2603436 -0.004007026 0.7094169 -0.7046161 0.01561185 0.05933587 0.9900522 -0.1275767 -0.3701773 -0.9154808 -0.1576824 0.7084658 0.1452311 0.6906404 -0.2547626 -0.8936388 -0.3694669 0.9997826 -0.01166108 0.01728504 -0.5965494 0.6678484 0.4450925 0.6098642 -0.6800992 -0.4068546 0.2012845 0.9795288 0.002806527 0.872061 -0.3012808 -0.3856676 -0.6177511 -0.2510271 -0.7452308 0.852673 -0.3127797 -0.4184706 -0.3853105 -0.5756122 0.7212534 -0.1077083 0.6367878 0.763479 -0.2164915 -0.9757029 0.03369361 0.2094034 0.9421958 -0.261567 -0.9625489 0.2682071 -0.03955574 0.7411081 -0.6504289 0.1664363 0.9796046 -0.1861215 -0.07572074 -0.6319956 -0.3473651 0.6927619 0.2982538 -0.5188831 0.8011274 -0.2887062 0.9503328 0.1162591 -0.7130823 0.7010719 0.003440126 -0.4559716 -0.8597546 -0.2300259 0.9428214 0.2386488 0.2326684 0.8982721 -0.4248154 -0.1124241 -0.3715276 0.9283946 -0.007123953 0.1400547 0.9246508 -0.3541266 0.1421563 0.8010178 0.5815171 0.3917263 -0.9198825 0.01914998 -0.3727602 0.7122144 0.5948113 0.01220344 -0.9986129 0.05121936 0.5049297 0.1824968 -0.8436474 -0.8622004 0.2852587 -0.4186143 -0.04550747 -0.6358395 -0.7704785 -0.04094078 -0.9991614 -0.0005327376 0.05056413 0.9980217 -0.0373621 -0.4706192 -0.2715637 0.8395062 0.3299729 0.2543429 0.9090806 -0.5905431 0.7102759 -0.3831019 -0.7106711 -0.7035107 0.004391237 0.9590256 0.04991527 0.2788879 -0.9382608 0.2932814 -0.1834468 0.7350316 0.3405031 -0.5863328 -0.9808298 0.192167 0.03232414 0.6211412 0.4390733 0.649152 0.9917138 -0.1198286 0.04631228 -0.9652783 0.2407417 0.1013967 -0.382009 -0.9225331 -0.05478811 -0.7496272 0.6096517 0.2576507 0.01173271 -0.9484977 -0.3165667 0.8517917 0.503131 0.1459798 0.981601 -0.1909369 -0.001613422 -0.482263 0.4463301 -0.7537983 -0.9704921 0.2271496 -0.08092081 -0.5359522 -0.7309553 -0.4224449 0.9895318 -0.1201693 0.07991322 -0.4215841 0.6604067 0.6213934 -0.7318198 0.6807636 -0.03163297 -0.1757432 -0.9140581 0.3655299 0.9576289 0.09046481 -0.2734283 0.1173972 -0.9926546 -0.02923559 0.04631757 0.9934668 -0.1042992 0.1098841 -0.9939439 0.001014363 -0.008502225 0.9833103 0.1817374 -0.04835919 0.9968919 0.06219304 0.09657799 0.9521982 0.2898124 -0.6952316 0.07615581 -0.71474 0.5700271 -0.5844574 0.5774761 0.5803197 -0.6160688 -0.5326239 0.5360138 0.8328578 -0.137975 -0.9619911 -0.2530764 0.1025932 0.5468496 0.7567306 0.3582098 0.4647531 0.8850596 0.0259604 -0.710863 -0.7031594 -0.01551336 0.9690821 -0.2461582 0.01691522 0.4604201 0.8753963 0.1472913 -0.7023236 -0.6797516 -0.2113745 0.3706317 -0.9181883 0.1398655 0.903295 -0.2844167 0.3211935 -0.9551349 -0.2480428 0.1618396 0.9755647 0.2196948 0.002783046 -0.2372036 -0.970239 0.04869001 -0.9928025 0.02984887 0.1159842 0.2393496 0.7145557 0.6573598 -0.6763138 -0.7258599 0.1254076 0.5335135 0.001025484 -0.8457909 -0.9970708 0.05651579 -0.05153373 0.1037518 -0.9495204 -0.2960517 0.6899929 0.4447603 -0.5710499 0.2506716 -0.86817 -0.4283043 -0.8353249 0.3238907 -0.4442151 -0.4604187 -0.4962014 0.7360699 0.7004301 -0.05739325 0.7114097 0.8755261 0.4824876 0.02568612 0.2073921 0.9781922 0.01134069 -0.6731407 0.5407144 -0.5044894 -0.2765135 -0.6976726 0.6609033 0.9992284 0.01929213 0.03421233 -0.4329952 -0.516425 -0.7387966 -0.01995449 0.8278319 -0.5606213 -0.05899216 0.9161193 0.3965418 0.5977136 -0.7970436 -0.0863709 -0.5839079 -0.3665698 0.7243467 0.853707 -0.465237 0.2339633 -0.9667352 0.2542932 0.02753244 -0.9385211 0.1509361 -0.3104777 0.2486549 -0.8914369 -0.3788286 0.4288936 -0.903236 -0.01466453 0.8980848 -0.4370653 -0.04916953 -0.4678502 0.8833963 -0.02696783 0.4370727 -0.8994172 0.004025226 0.5115379 -0.8592433 0.005462537 0.5894866 0.6901493 -0.4197613 -0.358111 0.9262718 0.1173757 -0.533149 0.8386311 -0.1115799 0.6355365 -0.7695066 -0.06287277 -0.5974663 0.8018866 0.003436562 0.6234887 -0.7818324 -8.393964e-05 0.5376752 0.8431466 -0.003025109 -0.55972 0.8032739 0.2036286 -0.1906482 0.9548077 -0.2280254 -0.8519203 0.4180374 -0.3153991 -0.7125771 -0.7000612 -0.04634889 -0.2056569 0.9786084 -0.0055497 0.3942046 0.7383704 -0.5471854 0.4178083 -0.8882159 -0.1910727 -0.0828974 0.9867464 0.1394975 -0.6471978 0.7596181 0.06415054 -0.5533538 0.7553348 0.3510967 -0.8161148 -0.5671071 -0.1111131 0.9933147 0.08625328 -0.07672163 0.6522038 -0.7568899 -0.04180641 -0.4009674 -0.8035131 0.4399907 0.1257802 0.8655842 -0.4847096 -0.9460381 0.300054 0.1223905 -0.767539 -0.4176183 0.486291 0.561479 -0.7820973 0.2703057 -0.6740557 -0.3241707 -0.6637487 -0.9478338 0.05823005 -0.3134011 0.7625232 -0.552868 -0.3359991 -0.2014542 0.8931821 0.4020471 0.4670943 -0.8841718 0.007948038 -0.4642387 0.8857061 0.002694679 -0.9509731 0.1173146 -0.2861599 0.4382308 -0.89789 0.04180016 0.9490575 -0.007089226 0.3150232 0.596782 -0.8022988 -0.01295685 0.3886949 0.9168888 -0.09072572 0.01519285 -0.983963 0.1777245 0.4496804 0.8728298 0.1896197 -0.06855291 0.997583 0.01133855 -0.9898389 -0.1421427 -0.003793176 0.6193847 -0.7849485 0.01477887 -0.02935612 0.9995318 -0.008621202 -0.9484985 -0.06899769 -0.3091762 0.9478934 0.2655358 -0.1760363 -0.9978717 -0.06062035 -0.02402716 0.9977182 0.06745444 0.002882104 -0.8547243 0.2707985 0.4428483 0.1239758 0.6519588 0.7480506 -0.6634523 -0.7435351 0.08358587 0.604593 0.1384348 -0.7844126 -0.7426772 0.6608116 -0.1084375 0.2383608 -0.8120552 -0.5326823 0.6481094 0.5867148 0.48551 -0.9030131 0.4061699 0.1399764 0.6692806 0.1536259 0.7269543 0.8757482 0.4827679 0.0005172808 -0.8794397 -0.4677905 0.08807847 -0.7915501 0.4442945 -0.419584 -0.8519489 -0.4019987 0.3355296 0.9373512 0.2876466 -0.1965508 0.6811086 -0.7321824 -0.000128879 -0.2976244 -0.9546815 -0.001738048 -0.9614172 0.2750893 0.00169471 0.8086272 -0.507367 -0.2978268 -0.4481065 -0.8476348 0.2841054 -0.006522573 0.8628507 0.5054168 -0.8489462 0.5264109 -0.04671135 0.7431322 -0.6667886 -0.05610237 0.7834167 0.3033756 0.5424219 -0.454394 0.8907713 -0.007253571 0.6603705 -0.7508979 0.007946301 -0.6561152 0.7142694 0.2435818 -0.7691122 0.4641539 0.4393491 -0.2154668 -0.9450168 0.2460026 0.329175 -0.9413321 -0.07441566 0.8581808 0.003568224 -0.5133351 -0.6737359 -0.7389702 -0.001743089 -0.816558 -0.5771052 -0.01351479 -0.2516596 -0.9593256 0.1279133 0.8376026 -0.4313404 0.3352125 0.8820679 0.4434736 0.1590199 -0.8056039 0.5203915 -0.2831873 0.4092461 -0.8787112 0.2457323 -0.6863336 0.7197662 0.1043207 0.5535105 -0.8266912 0.1010338 0.4347093 0.6063378 0.6658696 0.1099663 0.9305568 0.3492441 -0.4899879 -0.8340256 -0.2536006 0.7978273 -0.5337639 -0.2802995 -0.2409795 -0.9684311 -0.0637976 -0.6262534 0.7790702 -0.02926068 -0.347515 0.7720069 -0.5322016 -0.2297697 -0.9721929 -0.04524234 -0.1272746 0.9423259 0.3095531 0.9364042 -0.3509082 0.003257168 0.6447816 -0.7633316 0.03976979 -0.1997679 0.7685177 0.6078431 0.8301857 -0.5530488 0.07020445 0.7963298 0.4038983 -0.45025 -0.2493862 -0.9683217 -0.01263304 0.8638985 -0.4223977 -0.2743347 -0.4402904 0.6504782 -0.618888 0.8253013 -0.2896266 -0.4847621 -0.2138649 0.8407343 0.4974211 -0.659669 -0.242255 0.7114418 -0.955066 0.2936953 0.03990096 0.5786187 -0.5786461 0.5747774 0.328028 0.9207606 0.2111812 -0.5853733 0.8060985 -0.08685236 -0.3593396 -0.9101792 -0.2060314 0.6008547 -0.7965067 -0.06745854 0.5666557 -0.6518117 -0.5040266 -0.1117939 -0.9912119 -0.07071777 -0.6638779 0.7240643 -0.1870751 -0.9457587 -0.1557623 0.2850939 -0.06726112 -0.9925844 0.1012529 -0.9812257 0.1911191 0.02587705 0.8776287 -0.4790916 -0.01546383 -0.04240496 0.9989582 0.01686112 0.8164107 -0.4245221 0.3914774 0.8467396 0.4799946 0.2294282 -0.03592791 0.9861256 -0.1620666 0.9353331 -0.3532538 0.01907435 -0.4898793 0.7046537 -0.5133043 0.9385068 -0.3449636 -0.014321 -0.3241078 0.7576919 0.5664425 -0.1969182 -0.9803162 0.01426395 0.1931322 0.9811358 -0.008509031 -0.4423781 -0.8486411 0.2900169 -0.7598517 0.6328367 0.1488059 -0.8537862 -0.5200593 -0.02423826 0.007609199 0.9887255 0.1495457 -0.9931162 -0.1170669 -0.003949888 -0.5194064 0.3792904 -0.7657387 -0.1837493 0.9829551 -0.005956159 -0.5488696 -0.8352274 -0.03372366 0.7497851 0.444879 -0.4898009 0.5708213 0.8210702 0.002616322 -0.9930539 -0.117615 0.003262174 -0.1756616 -0.4719373 0.863955 0.922531 -0.02056622 -0.3853747 -0.1400927 0.5719996 -0.808202 -0.5421791 -0.4138845 -0.7312602 -0.9977257 0.02017604 -0.06431386 0.2796336 0.9580702 -0.06250184 0.237563 0.9696856 0.05721561 -0.6001197 -0.723854 -0.3404286 0.9142802 -0.2404002 0.326036 0.07585752 0.974967 0.2090097 -0.9038223 -0.03236703 -0.4266821 -0.08011429 0.9967851 -0.00107676 -0.8777826 0.1493573 0.4551814 0.2809769 -0.9308972 -0.2334148 0.4969626 0.8570741 -0.1358385 0.6887468 -0.7239024 -0.03991518 -0.4669842 -0.786566 -0.4040294 0.885321 -0.2150844 -0.4122445 -0.1323162 -0.9125011 0.3870843 0.8356 -0.1482996 0.5289422 -0.7862943 0.6178432 0.003317687 0.9319494 0.0409976 0.3602631 0.3319038 0.8725428 -0.3584813 -0.4827093 0.1135309 -0.8683907 0.132433 -0.667921 -0.7323545 0.3425191 0.9393529 -0.01722658 0.9483394 0.3165596 -0.02103384 0.5063141 0.3828798 -0.7726895 -0.5790593 0.8152792 0.00318063 0.4521353 0.8681423 0.2047014 0.18745 -0.8814987 -0.4333849 0.9432878 -0.3242854 -0.07104363 -0.2568722 0.8606445 0.4396678 0.50239 -0.8615457 -0.07309775 0.5446482 -0.8383674 -0.02232779 0.9423007 0.3157703 0.1111687 -0.9350319 -0.2459204 0.2554184 0.3882835 -0.9165463 0.09580664 0.4659031 0.8482158 -0.2519211 0.00619717 -0.6318588 -0.7750587 -0.7716735 -0.2999604 -0.560842 0.7804107 -0.5558675 0.2863049 0.8830943 -0.4556318 0.1120004 -0.9384817 0.2184403 -0.2674619 0.2516698 -0.9624774 0.1014868 0.6024432 0.7831533 0.1540555 0.08429016 0.9956754 -0.03906069 0.9997461 0.02229453 0.003255028 0.1072877 0.9942182 0.004423328 -0.6133426 -0.5276311 0.5877212 0.9742268 0.2254925 0.005931722 -0.1323429 -0.9910009 0.02006403 -0.9359191 -0.3520337 0.01130239 0.4203107 -0.9073724 -0.003781069 0.5741063 0.8186482 0.01473161 -0.8881835 -0.3976921 -0.2301545 -0.3524066 -0.9352072 0.03459843 -0.5265889 0.7907395 -0.3121462 -0.6116837 -0.6841357 -0.3972422 0.9872014 -0.1592715 -0.008118052 -0.9205385 0.3872208 0.05166128 -0.3813104 -0.9182362 -0.1069801 0.7725791 -0.620392 -0.1350381 0.9875635 0.1554183 -0.02373913 -0.1753031 -0.8590375 -0.4809608 -0.1810183 0.9834788 0.001320919 -0.1547691 -0.7944418 0.5872893 0.6702184 0.4567066 0.5850012 -0.400381 0.4183596 0.8152731 -0.7325638 -0.1547343 0.6628783 0.9395791 -0.3190877 0.1239924 -0.6419949 0.5380697 -0.5461901 0.3167572 0.9485009 -0.003289782 -0.3145385 -0.9492013 0.009073131 0.7902131 -0.3987608 -0.4653526 -0.2398454 -0.9692083 -0.05576322 -0.8141451 -0.3991731 0.4216973 0.5634664 -0.6100593 0.5570757 -0.9162034 -0.1525726 -0.3705306 0.6423577 -0.75774 0.1149202 -0.4198293 0.9074485 0.01675247 0.7031023 -0.7096407 -0.04535559 -0.880038 0.4264621 -0.2089572 0.8489618 -0.2535663 -0.4636465 0.4686752 -0.8581 -0.2097805 0.2946502 0.9341823 -0.2012083 0.4294022 -0.8035773 0.4121618 -0.6697121 -0.103714 0.7353429 -0.7522257 0.6586863 0.01699529 0.08984508 -0.9958899 0.01145682 0.2978743 0.8486802 0.4370501 -0.8976376 -0.07252031 0.434727 0.3080915 -0.9190458 -0.2458341 0.5212032 0.8400864 -0.1503397 -0.6769556 -0.736022 -0.001623111 0.7044524 0.2257561 -0.6728901 -0.7862447 0.6179124 0.001871295 -0.7501374 0.6612537 0.006118994 -0.9526667 -0.1286183 -0.2754697 -0.7417507 -0.6624378 0.1047949 0.4460856 -0.6566326 0.6081457 -0.1145183 0.8403677 -0.5297808 -0.3569949 -0.9327785 0.04978932 0.5507157 0.6818051 0.4815123 -0.7946313 0.2905738 0.5330366 0.03144348 -0.8736701 0.4855016 0.3681294 -0.8898283 0.269604 -0.9727742 0.2289067 0.03622262 -0.8246273 -0.4618544 -0.3266196 0.6820478 0.6042098 0.4119966 0.660385 0.7440939 -0.1010735 -0.6722691 0.7293476 -0.1269108 0.5477728 -0.8364665 0.01639426 -0.7677513 0.4888725 0.4141999 -0.5656119 0.8246538 0.005412768 -0.9709293 0.1570581 0.1806353 0.6002955 -0.7990851 0.03329123 0.5150637 0.8181916 -0.2554838 0.9298247 -0.3677377 -0.01396644 -0.002176615 -0.9999805 -0.005856933 -0.0009999208 -0.9998428 -0.01770517 0.1247341 0.949787 -0.28696 -0.375528 0.8852628 -0.2743876 0.8909874 0.2953351 0.3448458 -0.375647 -0.5963835 0.7093772 -0.3133886 0.7317323 0.605273 -0.9623675 0.04748788 -0.26757 0.4315256 -0.8890193 0.1530698 0.5213945 0.843667 0.1279601 0.1112214 0.99376 -0.008420503 -0.6520733 -0.4670786 -0.5971918 0.9996944 0.01369017 -0.02058395 0.1007259 0.9945676 0.02625822 -0.7465371 0.6647258 0.02867054 0.5106023 -0.8596463 -0.01713478 0.4729156 0.8809097 0.01868269 -0.6737064 0.6984351 -0.2414707 0.4773345 -0.7953172 0.3736606 0.964123 0.1196902 -0.2369412 0.5011456 0.7037707 -0.5035473 0.9004477 0.1620082 -0.4036674 -0.7224234 -0.6907419 0.03130538 -0.9235917 -0.1301354 0.360615 -0.2374844 0.971105 0.02358491 -0.8981209 0.1340772 -0.4188103 0.5239554 -0.8459894 0.09885669 0.2920914 0.8912945 0.3468094 -0.9611082 0.271717 -0.0494048 0.5425082 0.1528051 -0.826036 -0.3312955 -0.9433056 -0.02044074 -0.1398267 -0.9899127 0.02283082 0.3128224 0.9156359 -0.2524935 -0.9431384 -0.1135881 0.3123903 0.4742864 -0.8509337 -0.2257526 0.8943727 0.3672197 -0.2554353 -0.7164797 0.6972425 -0.02257707 0.2429519 -0.9454359 -0.2170836 -0.8001068 0.2124103 -0.560991 0.4193376 -0.8144884 -0.4009547 0.4815209 0.7176531 -0.5031021 -0.02509844 0.999672 0.005101209 0.5657923 -0.7799835 0.2674037 0.4276079 0.8920446 -0.1463145 -0.9689924 0.2469146 0.009321421 -0.9270199 -0.1526795 -0.3425245 0.4046858 -0.6927863 -0.5968891 -0.9767809 0.2096301 0.04420804 0.1907638 0.981509 0.01578997 0.915607 0.4020725 0.001220881 -0.5410554 0.8267808 0.1539242 -0.9534544 -0.2830873 -0.1038575 0.9982645 -0.03254081 0.04908248 -0.8476886 -0.115888 -0.5176813 0.6627315 0.6185321 -0.4221434 -0.4759969 0.8794439 -0.002335144 -0.1254739 0.9920892 -0.003908806 0.2971511 -0.95321 0.05560527 0.27013 -0.9417275 0.2004473 -0.117285 0.992946 0.01739434 -0.507813 0.859912 0.05174275 -0.921796 0.275013 0.2732397 0.6537956 -0.7563464 -0.02216911 0.1558701 0.9362135 -0.3149742 -0.8520727 -0.521613 0.04349586 -0.8252082 0.5642412 0.02575289 0.8315312 -0.5554603 0.004434319 -0.8573914 0.07269836 0.5095045 0.7808423 -0.6150896 0.1093165 -0.6284074 0.7089663 -0.3201108 -0.1422066 -0.9897239 0.01496097 0.8391903 0.420997 0.3442691 0.2951357 -0.785459 -0.5440121 -0.8597029 -0.232229 -0.4549513 0.5779809 0.774896 -0.2558794 -0.8637148 -0.01818261 0.5036528 0.5061816 0.8205695 0.2654162 -0.8979503 -0.2725998 0.3455063 -0.4779067 -0.8755174 -0.07123554 0.3149735 -0.9248117 -0.2133424 0.9888149 0.05946351 -0.1367816 -0.7996995 -0.4431196 0.4051244 0.9958415 0.09089816 -0.006104936 0.6330606 0.7740447 0.009436102 -0.9980891 -0.05479747 0.02855413 -0.2351356 -0.9428449 0.2361246 0.5003548 -0.4719917 -0.7258574 0.3502287 -0.9366197 -0.009129969 -0.7997348 -0.5999101 -0.02306806 0.08159524 0.8605374 -0.5028097 0.8077226 -0.4800177 0.3422971 0.5385176 0.7167014 0.4431002 -0.783053 -0.6219447 -0.003578561 -0.7742136 -0.3310931 0.5394169 0.3051724 -0.6536099 0.6925777 0.488047 0.7069723 0.5118597 -0.9845826 0.1744712 0.01252392 -0.1011695 -0.9948604 -0.004189737 0.9113028 0.4114131 0.01632319 -0.9604566 0.2741884 0.04841331 -0.1791898 -0.8171316 0.5478932 -0.9683631 0.1160802 -0.2209035 -0.155822 -0.9877407 -0.00936953 0.9419293 0.1743197 -0.2870225 0.2814334 -0.9595215 0.01066737 -0.8799082 -0.1221366 -0.4591778 0.3397603 -0.9402524 -0.02209955 0.4876249 0.7619446 0.4262187 -0.4872875 -0.873226 0.005208408 -0.4859856 -0.873966 0.001200064 -0.4874601 -0.8731416 -0.002536909 0.6214623 0.3154473 0.7171315 0.3022324 -0.9499588 0.07895405 -0.7807424 0.5332462 0.3257144 -0.05694843 -0.9970571 -0.05132257 0.5546238 0.8246046 -0.1114435 0.6983095 -0.7151636 -0.03008029 -0.8381462 0.06973885 0.540969 0.6453314 -0.7577991 0.09637417 0.2190304 -0.8312343 0.5109551 0.3173785 0.6841666 0.6566483 0.04565606 -0.9974063 0.0556428 -0.9883629 0.0615589 -0.1391015 -0.9708922 -0.2279316 -0.07358986 0.6402708 -0.7211153 0.2646622 0.5989042 0.7941017 -0.1035191 0.9678635 -0.2510883 -0.01396163 0.9123911 0.4090174 -0.01572085 0.5934841 0.6007976 -0.5355547 -0.9101443 -0.05755328 0.4102743 0.2382062 -0.6037499 0.7607522 0.3384312 0.6324929 0.6967187 -0.6782031 -0.7108143 -0.1865037 0.7980207 -0.5978594 -0.07567707 0.1153228 0.9671928 0.2263596 -0.5779053 0.8117137 -0.0845353 0.2461813 -0.9556938 0.1613821 -0.9041771 -0.1792038 0.3877496 0.1196098 -0.9632859 0.2403615 0.7464613 0.5279177 -0.4050906 0.8658742 0.5002608 -0.0009744486 -0.7682167 0.1137617 -0.6300011 0.823597 0.5586285 -0.09809233 0.8320309 -0.5546969 -0.005999793 0.8199999 0.5642359 0.09611475 -0.7751317 0.5151408 -0.3657878 -0.1090496 -0.9936133 0.02899636 0.8114697 0.4831411 0.3287728 0.6606457 0.7349081 -0.1531576 0.9002435 -0.4351737 -0.01361786 -0.3196086 -0.9475121 -0.008439405 0.8874992 -0.4561774 0.06517148 0.2742546 -0.616225 0.7382758 -0.3226309 -0.94649 0.008116755 -0.9337097 0.2949866 0.2029018 0.7784485 0.6276817 -0.005798538 -0.3366981 0.9134573 0.2285393 0.7217304 -0.5277594 -0.4478563 0.9953132 0.09655132 0.005431268 0.6497217 0.760171 0.001343512 -0.7953825 -0.5264415 -0.3003766 0.6508047 0.759185 0.009559974 0.986681 -0.03266539 0.1593533 -0.9933494 -0.1115976 0.02833688 -0.8226832 0.5538945 -0.1280363 0.4083476 -0.8831207 0.2309765 0.928473 0.3614322 -0.08546689 0.3495778 0.9138657 -0.206506 0.9842574 -0.1766221 -0.00648395 -0.8982003 -0.1091645 -0.4258161 0.303805 0.9523659 0.02649155 -0.5778059 -0.8160206 -0.01583216 0.9971162 -0.07390009 0.01726242 -0.8893951 0.4528576 0.06242115 -0.1950664 -0.8196615 -0.5386131 0.4644729 -0.8016297 -0.3763705 0.9291092 0.1434546 0.3408472 -0.6753588 0.7362128 -0.04337337 -0.6777694 0.733777 -0.04690374 -0.1220567 0.9917756 -0.0385143 0.3894809 -0.8922755 -0.2283618 0.4103902 -0.7949138 0.4468692 0.3417459 0.9397914 0.001352213 0.2290513 -0.9718289 -0.0555343 0.2912581 0.9342601 -0.2057348 -0.9556844 -0.06254364 0.2876729 0.2231532 -0.9705891 0.09032973 0.6942708 -0.4615398 -0.55224 0.2279546 0.7999486 -0.5550846 -0.9786632 -0.2053976 -0.005500842 0.4199607 0.2977105 0.8573223 0.9820924 0.1883997 0 -0.3621415 0.9320492 0.01173772 0.6764473 0.7159153 0.1728709 -0.3108066 0.9161581 -0.2530882 0.8975129 -0.1401367 0.4181295 -0.5239054 0.4258144 -0.7377027 -0.04030446 0.9990841 -0.01437197 -0.4984588 -0.6413146 -0.5833133 0.5867247 -0.6068452 -0.5361837 0.5772786 -0.3413992 0.741752 -0.04098514 0.9990106 0.01726378 -0.1153059 -0.991686 0.05712557 -0.6363849 0.639896 0.4307522 -0.3178778 -0.9052405 -0.2819456 0.952196 0.2805532 -0.1208828 -0.9568412 0.2890073 -0.03049081 0.4115148 0.7166115 -0.5631371 0.36787 -0.7057308 0.605488 -0.4990876 0.3916334 0.7730038 0.9617543 -0.2283375 0.1512965 -0.001013536 0.9998828 0.01527672 0.2854642 0.88885 -0.3584075 0.7505613 -0.6374895 0.1739678 0.995508 0.02269602 -0.09191671 -0.9837247 -0.1796276 -0.00443105 -0.6231075 0.3860474 -0.6802238 0.8750093 0.4106174 -0.2564215 -0.3278184 -0.733763 0.5950857 0.8005374 0.4550509 0.3899597 -0.9748434 -0.006526109 0.2227954 -0.7344453 -0.6786679 -0.0001315885 0.4919851 0.7206512 0.4884798 -0.3333737 0.9312817 0.1468889 -0.9188656 0.1700082 -0.3560663 0.6994475 -0.7138539 -0.03443523 -0.006368501 -0.9462311 -0.3234287 -0.6334367 0.7689957 -0.08604351 0.8375075 -0.2727227 -0.4735012 -0.5392345 0.8279472 -0.1540441 0.1489737 -0.9702547 -0.1908212 -0.5392173 0.8263554 0.1624239 -0.7656781 0.4492061 0.4603813 -0.1078733 -0.9228412 0.3697667 0.3445075 0.9342936 -0.09170621 -0.9233822 -0.1691941 0.3445848 0.493482 -0.8476881 -0.1946804 -0.3347267 0.9422643 0.009803349 -0.2141842 -0.9765147 -0.02332914 0.3044953 0.9310968 -0.2008517 -0.6171157 -0.7809451 0.09639955 0.9754322 0.07599534 0.2067772 -0.9815679 -0.190267 -0.01797288 0.9800475 0.1987632 0 0.4817 -0.7530961 -0.4481197 0.3830065 -0.7543225 -0.5332013 0.9704742 0.23541 0.0525537 -0.8984519 0.1748786 0.4027426 0.2683794 -0.773052 0.5747723 0.3054949 0.6035923 0.7364436 -0.9147384 0.3014893 0.2689943 -0.1630237 -0.7366498 -0.6563309 0.90108 0.3070527 0.3062246 0.9893956 -0.1368252 -0.04873552 -0.6655089 0.5176775 -0.5376875 0.2129294 -0.9770676 5.881591e-05 0.9858913 -0.1672609 0.006484771 0.9832727 -0.1808099 -0.0219681 0.1145884 -0.9769846 0.1799184 -0.2408991 0.9704812 0.01157178 -0.9500562 -0.3120547 -0.003871169 0.7464039 -0.6653223 0.01508226 -0.8016075 0.5770618 0.1562852 0.8629772 0.2905231 0.4133603 -0.1070053 0.9928288 0.05329974 -0.6724851 0.7342665 0.09282469 -0.150858 0.9883527 -0.02002046 -0.8438008 0.5025636 0.1882285 0.6516479 -0.7549726 -0.07329046 0.8300304 0.4803298 -0.2834304 0.9898921 0.1307484 -0.05494 0.3785004 -0.9255626 -0.008444515 0.9320521 0.3503548 -0.09236044 -0.9757935 -0.2186252 -0.005477588 -0.9686229 -0.2402716 0.06355454 0.7141484 -0.3713437 0.5933767 -0.7349422 0.5622228 -0.3791642 -0.7434579 -0.6423702 -0.1860936 -0.1232612 -0.9866799 0.1061573 0.9644631 0.2316035 -0.1271641 0.05665607 -0.9983845 -0.004289315 0.6012085 0.5061306 -0.618369 0.464142 0.5272737 0.7117265 -0.404635 0.4499686 0.7961148 -0.4516869 -0.2751016 0.8487037 -0.9997049 0.008016878 0.0229327 -0.7206727 0.5524479 0.4188463 -0.3657244 -0.8926415 -0.2635087 0.9296003 0.3595615 -0.08098614 -0.7360883 -0.6766888 -0.01631661 -0.5199078 -0.1235277 -0.8452436 -0.9540502 0.2996442 0.00127358 0.5202235 -0.4955851 -0.6955307 0.3668697 0.537707 -0.7591297 -0.8355218 -0.2072358 0.5088778 -0.9750092 0.1381661 0.1739746 0.4244859 0.1081914 0.8989474 -0.4011669 0.8723607 -0.2793776 -0.9623665 -0.208978 0.173721 -0.3552232 -0.8578389 0.3713879 -0.984731 -0.1736329 -0.01250794 -0.4165668 0.9089731 -0.01549084 -0.08315797 -0.859151 -0.5049201 -0.7639794 0.3029162 0.5697169 0.7368219 0.6760361 0.008288791 -0.7834323 -0.395167 -0.4796633 0.2377275 -0.9556283 -0.1739544 0.7706607 -0.6148273 0.1675394 0.3733319 0.6288647 0.6820209 0.2457689 0.9679585 -0.051517 -0.9048089 -0.266323 0.3322544 0.6644432 -0.7054213 -0.246771 -0.155681 0.936751 -0.3134662 -0.9338282 -0.3437645 -0.09894868 0.7205101 -0.5930623 0.3593638 -0.8494695 0.1773232 -0.4969488 0.452088 0.5638348 -0.6911634 0.805535 -0.5925408 0.002958665 0.01765443 0.9954983 0.09312114 -0.8976266 0.3291699 0.2931104 0.05214476 -0.7512345 -0.6579723 0.9479408 0.2183727 0.2317791 0.1644549 -0.9837185 -0.07247459 0.8494034 -0.5277414 0.001693027 0.9844772 -0.1750997 -0.01203007 -0.5874262 0.5144281 0.6247352 -0.7052954 0.7082477 0.03071934 0.4581263 -0.8886974 -0.0183613 0.5248221 0.8509765 0.02001963 -0.6990544 0.6867907 0.1991018 -0.3341838 -0.9312558 -0.1452028 0.9745402 0.2211417 -0.03698425 0.2745624 -0.4904376 -0.8270952 -0.7894888 0.1011639 -0.6053704 -0.467157 -0.4692774 0.7493618 0.7649209 0.6391446 0.07993836 0.7792357 0.6262621 0.02423795 -0.6282176 0.7430317 -0.2307521 0.4955593 -0.8152966 0.2995204 0.9782362 0.1118192 -0.1747865 0.5925965 0.7028714 -0.3934477 -0.3679199 0.7538054 -0.5444376 -0.06315447 -0.997858 0.01705651 -0.06243053 -0.9980342 -0.005484054 -0.6638997 0.7419566 -0.09347528 -0.2979285 -0.9313989 -0.2091282 0.9300191 0.1745005 0.323441 0.5126831 0.3828913 -0.7684727 -0.9580362 -0.286557 -0.00719578 -0.7626331 -0.1167057 -0.6362157 -0.5098331 0.7490423 0.423091 0.3973509 -0.7136869 0.5768564 -0.6484059 0.5970366 0.4723527 -0.4908306 -0.8515691 0.1841613 -0.4970734 -0.8676303 -0.011648 -0.2504126 -0.8045351 -0.5385321 -0.007360596 0.9999729 -9.107233e-05 0.05249493 0.7125592 -0.6996454 0.7311051 -0.6710973 0.122938 -0.251847 0.4663082 0.8480152 -0.1320619 0.9912305 -0.004664028 0.0294178 -0.9816988 0.1881545 0.7341025 -0.6533174 0.1851214 -0.4736542 0.8181539 -0.3259999 -0.9429881 -0.3235868 -0.07787796 0.9786267 0.0106194 0.2053707 0.3162256 -0.9473303 -0.05066194 -0.6828198 0.2235007 -0.6955606 0.5478173 -0.8362146 0.02532383 -0.3536799 0.9353651 -0.001609719 0.9771658 0.1990189 0.07442127 -0.7356911 0.533554 0.4172274 -0.4875044 -0.5830438 -0.6499226 0.5769578 -0.6612326 -0.4794696 0.3731532 0.5750673 0.7280483 0.735673 0.6772819 0.00863369 -0.2925939 -0.952752 -0.08156281 -0.7377371 -0.6749366 -0.01430346 -0.7758537 -0.6221406 -0.1048433 0.2156432 -0.9758595 -0.03458622 0.9039172 -0.4273356 0.01782884 0.5613312 0.7799483 -0.2767453 0.07066152 0.2422017 0.9676494 -0.4944074 0.868314 -0.03990177 -0.9612504 -0.1940009 0.1958605 0.6496486 -0.7579457 -0.05894964 -0.6962197 -0.6902132 -0.1971902 -0.5399548 -0.8416906 -0.002412869 0.105611 -0.9943961 -0.004765379 0.05463707 0.9243267 -0.3776703 0.5893844 -0.8078526 -0.0005500497 0.605701 -0.7920937 0.07559062 -0.5801985 -0.8086781 0.09700271 -0.2637384 0.9580376 -0.1122761 -0.5061438 -0.8563343 -0.1025185 0.9545018 0.006797777 0.2981278 -0.7702309 -0.002833775 -0.6377589 0.4771659 0.7886076 -0.3878283 -0.8630719 0.5048439 0.01547987 0.152148 0.9881031 0.02243423 -0.6508026 0.7090616 0.2714546 -0.3010236 -0.9490017 -0.09370449 0.653549 -0.7167016 -0.2433361 0.3279498 0.9380707 0.1116795 0.1654139 -0.7578837 0.6310709 -0.2184497 0.9757876 -0.01087213 0.407793 -0.6137753 -0.6760065 -0.4333429 0.9012282 0.001301147 -0.9723319 0.2332176 0.01342087 -0.1606277 -0.9870049 -0.00448982 0.9343056 0.3560437 0.01749161 -0.7469093 0.6364928 0.1923627 -0.1607036 -0.9730299 -0.1654909 0.9326584 0.3607383 -0.004022141 0.8659202 -0.4999802 -0.01421758 0.684272 0.7143022 -0.1467793 0.5996434 -0.7061338 -0.3765673 -0.7303613 -0.2190488 0.6469853 0.8647148 0.4852485 0.1296234 -0.9534591 0.3014824 0.004906205 -0.2426991 -0.8642439 0.4406582 -0.09998275 -0.993167 -0.06018907 0.8944426 -0.4429812 -0.06115606 -0.3792581 0.6526188 0.655936 0.8911869 -0.448325 0.06921344 -0.1532876 -0.975179 0.1597774 -0.7197749 0.6843778 -0.1164091 -0.1053807 -0.9811335 -0.1620865 0.8902756 0.3163452 0.3276203 -0.74838 -0.1213357 -0.6520775 0.9573758 -0.2888119 -0.004386303 -0.9589243 0.2835796 -0.006840711 0.4907577 -0.563976 -0.6641446 0.2077996 0.8940778 0.3967924 0.4438968 -0.8905113 0.09972572 -0.4530852 0.891466 0.001505655 0.2050995 -0.7316294 0.6501174 0.5113458 0.195035 0.8369509 -0.068583 -0.9950449 -0.07198574 0.7972052 -0.3398017 -0.4989976 0.7962647 0.4639135 -0.3882611 -0.07255967 0.9829297 0.1690688 0.4951517 0.8687923 0.004975115 -0.476806 -0.3923243 -0.7865988 -0.4862429 -0.352315 -0.7996512 0.09547102 -0.995151 -0.02365833 -0.385176 0.7461265 0.5430788 -0.6759486 -0.7286264 0.11044 0.7879721 -0.5246508 0.3222445 0.2073635 0.9472687 -0.2442998 -0.3970108 0.9177576 0.0101729 0.9802861 0.1932199 -0.04129515 0.7199754 -0.6939091 -0.01120916 0.3356293 -0.9415904 0.02757871 -0.5749531 0.1948188 0.7946538 -0.9688606 -0.09911537 -0.2269038 0.9829945 -0.02226349 0.1822805 -0.620173 -0.7487097 0.2341351 0.7548893 -0.6555083 -0.02123644 0.9820364 0.09262948 -0.1643905 0.1419369 0.9752134 -0.1697432 0.5932177 -0.804237 0.03599532 -0.1115888 0.702146 0.7032346 -0.7561671 -0.6252834 -0.1929562 0.8705831 -0.4032133 0.2819647 -0.2984049 0.9464749 -0.1230439 -0.821831 -0.5633141 -0.0852701 0.8566175 -0.515925 -0.005273954 -0.8657066 0.4995325 -0.03192726 0.4197576 -0.7154662 -0.5584905 0.2784387 -0.7232346 0.6319839 -0.7239318 -0.06510471 0.6867927 -0.7967084 -0.6037611 0.02698675 0.3818575 0.7315857 0.5647718 -0.9279431 -0.3540947 0.1163554 0.9401827 0.3265354 -0.09711423 0.4605935 -0.8852366 -0.06488272 -0.3582582 0.9332194 0.02743428 -0.92418 -0.340178 0.1736958 0.8667133 -0.1146126 0.4854607 0.6607586 -0.2478995 0.70848 0.9463409 0.03582043 0.3211786 -0.6569318 0.7533962 0.02889113 0.3983559 -0.9170684 -0.01726562 0.580049 0.814364 0.01882567 -0.8837149 0.1430751 -0.4456204 0.3479336 -0.8315229 -0.4330265 0.5224805 0.4460376 0.7266805 0.9423556 0.3344905 0.00905147 0.4611307 0.887262 -0.01116089 -0.8867568 0.4616944 -0.02237631 0.6333796 -0.6836532 0.3625585 -0.3221588 -0.9453033 0.05113991 -0.8968347 0.4395513 0.04982165 -0.5554503 0.805753 0.2055164 -0.2983319 -0.9088413 0.291557 0.5217693 -0.8410894 -0.142567 0.2292088 0.9473664 -0.2235178 0.7599081 -0.6495178 -0.02581374 -0.5745025 -0.2278001 -0.7861641 0.2980003 0.8560003 -0.4224444 -0.6716522 0.0176665 0.7406559 0.2460742 -0.6557961 0.7137079 -0.3821006 0.8924337 -0.2399191 -0.2978508 -0.9493178 0.1004024 0.9705743 0.001109486 0.2407993 -0.5837148 -0.8118197 -0.01502631 -0.5331352 0.8450565 -0.04057619 -0.09484821 -0.8283925 -0.5520595 0.7556809 0.4720179 -0.4540324 -0.5876797 0.8001211 -0.1201615 -0.6010909 0.7334269 0.3174503 0.5888498 0.8082299 -0.004510203 0.6508561 -0.723047 -0.2314939 0.54743 0.8163228 0.1842212 0.996009 -0.01190945 -0.08845416 -0.3900299 -0.6327557 -0.6689521 0.7749439 0.4458672 -0.4479559 0.2503699 -0.8548145 0.4545405 0.9497763 0.07773751 0.3031202 0.9963076 -0.07761598 0.03670089 0.4104972 -0.8977364 0.1598794 -0.9161197 0.3423571 0.2086056 0.4782977 -0.6040115 0.6374962 0.4725895 0.3076752 -0.8258299 -0.7536395 0.4262531 -0.5003358 0.9733699 -0.02964106 -0.2273157 -0.4270782 0.9041244 -0.01277741 -0.6580373 -0.6180892 -0.4300612 -0.008907858 -0.9998721 0.01328448 -0.008460789 -0.9999609 0.002553887 0.5297525 -0.2577622 0.8080353 0.7604331 -0.6493864 0.006227884 -0.9245405 0.08494793 -0.3714953 0.5236581 -0.8438904 0.1167529 0.2370682 0.9426866 0.2348207 0.7400582 0.09180774 -0.6662472 0.6883445 -0.7245763 -0.03421926 0.664664 -0.746936 0.01756004 -0.6772424 -0.7180936 0.160263 0.5507696 -0.7850041 -0.2835868 0.3369191 0.9415157 0.005810842 -0.811403 0.5815276 -0.05874315 0.6166479 0.7872071 -0.007091885 0.6641254 0.7475856 -0.007292628 0.08519814 -0.7437046 0.6630572 -0.9705446 -0.2271054 -0.08041348 0.6514966 -0.6475509 0.3952594 0.3199821 0.8976139 -0.3031515 0.771576 -0.634495 -0.04567989 0.9386764 -0.3394783 -0.06034079 -0.8569198 0.4945095 0.1454261 0.7839922 -0.6207704 0.0005690587 0.9259111 -0.3771696 0.02077753 -0.9530286 0.3026593 0.01156561 0.3050106 -0.7183325 -0.6252735 0.9666138 -0.2129145 0.1425664 -0.4051293 0.7514865 -0.5207094 -0.2100065 0.9185167 -0.334999 0.6877735 -0.7244924 0.04558952 -0.2844225 0.8144711 0.5057081 0.1145178 0.9933224 0.01401006 -0.6265779 -0.3195405 0.7108403 -0.9548014 0.2969766 0.01261939 -0.2255758 -0.9742165 -0.004221719 0.9558324 0.2934516 0.01644811 -0.8443996 0.5186087 -0.1342921 0.6319855 -0.7570139 -0.1659043 0.2007158 0.6757576 0.7092706 0.6630366 -0.6411701 -0.3863721 0.4816077 0.8761977 0.01821087 -0.860878 -0.2089856 0.4639117 0.8793196 0.2152664 -0.4248028 -0.768955 0.6392961 0.0029569 0.6713479 0.6219687 -0.403047 -0.06780682 -0.6437605 -0.762217 0.6713827 0.5987771 -0.4367051 0.3170374 -0.5943945 0.7390416 -0.5936206 0.198935 0.7797688 0.7583648 -0.6508632 0.0354967 -0.7294631 0.6265027 -0.2745504 -0.6902512 -0.7223689 -0.04167155 0.9215943 0.3464222 0.1750874 0.6257625 0.7759258 -0.07975271 0.008184058 -0.7028001 0.7113403 0.578145 0.0177936 0.81574 -0.9734821 0.1932653 0.1223973 -0.9544469 -0.2983587 0.003624446 0.5416835 -0.8050994 -0.2416483 0.2333197 0.9411836 0.244408 0.797567 0.5915036 -0.1183655 -0.9939004 0.1100259 -0.007505634 -0.7443065 0.5556062 -0.370553 -0.6278277 0.4938904 0.6015851 0.9958986 -0.08819839 0.02017563 -0.7886309 0.006891634 0.6148283 0.8863031 -0.4599516 0.05395591 0.07424454 0.5116754 -0.855965 -0.651787 -0.6199467 -0.4368523 0.5224994 -0.3293048 -0.7864813 0.8618608 -0.5071446 -0.0005612818 -0.8562532 0.5150546 -0.03936094 0.01698028 -0.5231582 0.8520664 -0.0658174 0.3934116 0.9170035 -0.8975769 -0.1844688 -0.4004085 0.2853921 -0.9583997 0.004626515 0.406362 0.8656016 0.2925815 -0.6996793 -0.687918 -0.192919 0.04537862 0.7938745 -0.6063861 -0.6318327 -0.7743564 0.03405412 -0.09227705 0.7378669 0.6686086 0.5731372 0.8180058 0.04878795 -0.6669984 -0.7373693 0.1067692 0.6333864 -0.7716804 -0.05771413 -0.8878159 -0.3723292 0.2704697 0.8374082 -0.4344186 -0.3317046 -0.04209886 0.9872326 0.1536215 0.6311476 0.7756609 -0.001699869 -0.6024277 -0.2084748 -0.7704669 -0.6576098 -0.7485225 -0.08522587 0.3881716 -0.8093466 -0.4407731 0.5722755 0.8157309 0.08416541 -0.7650791 -0.05921247 0.6412082 -0.9453191 -0.3244397 -0.03332604 0.7179991 -0.5816464 0.382315 0.3701586 0.8835556 -0.286901 0.9307246 -0.3644215 -0.03080059 -0.8537931 0.5088973 -0.1098219 0.9283634 -0.3716722 0.001068713 -0.8696121 0.4552415 0.191128 -0.9017665 0.42723 0.06551141 -0.79057 0.5316202 0.3039393 -0.3842657 -0.5616538 -0.7327243 0.7701615 0.2231179 0.5975531 0.8044358 0.217973 -0.5526036 -0.4812993 0.864444 -0.1452157 -0.2301938 -0.9671302 0.1080277 -0.4066971 0.8331552 0.3747665</float_array>
          <technique_common>
            <accessor source="#normals-array" count="2964" stride="3">
              <param name="X" type="float" />
              <param name="Y" type="float" />
              <param name="Z" type="float" />
            </accessor>
          </technique_common>
        </source>
        <source id="uv">
          <float_array id="uv-array" count="17784">13.25049 1.275247 13.28563 2.302301 13.27489 2.302461 13.25458 1.2737 13.28254 2.302135 13.28457 1.273083 -5.735528 1.275247 -5.760384 2.302461 -5.765912 1.2737 13.27814 2.027191 13.43672 2.445076 13.26553 2.037365 13.27585 2.028175 13.43718 2.444794 13.43988 2.443794 13.26553 2.037365 13.43718 2.444794 13.27585 2.028175 -5.754731 2.037365 -5.766386 2.445076 -5.769406 2.444794 -5.753957 2.541503 -5.892113 2.421139 -5.768869 2.551748 -5.76683 2.540576 -5.766805 2.334699 -5.753957 2.541503 13.44503 2.541503 13.43982 2.334699 13.43715 2.347303 -5.892113 2.421139 -5.767617 2.346025 -5.766805 2.334699 -5.747864 13.26858 -5.885595 13.07978 -5.883753 13.07741 13.27392 2.139399 13.07978 2.236761 13.27719 2.151813 -5.760545 13.27392 -5.883753 13.07741 -5.886632 13.07886 -5.88537 2.352188 -6.036893 2.264718 -5.887226 2.364708 13.0786 2.358627 13.07856 2.364708 13.22521 2.239715 -5.887226 13.07856 -6.036893 13.06379 -5.872793 13.22521 13.0786 2.358627 13.22521 2.239715 12.98391 2.245876 -5.88537 2.352188 -5.775997 2.245876 -6.036893 2.264718 -5.781279 13.14356 -5.922497 13.05228 -5.775997 12.98391 -5.781279 13.14356 -5.872793 13.22521 -5.885124 13.07863 -5.922497 2.12433 -5.885124 2.119379 -5.885355 2.124539 13.22521 2.239715 13.0787 2.134199 13.07863 2.119379 -5.754726 2.020185 -5.485784 2.26979 -5.749636 2.011618 -5.759131 13.27044 -5.487754 13.3166 -5.487683 13.3201 -5.749636 2.011618 -5.487754 2.27248 -5.759131 2.035806 -5.487046 13.31826 -5.358927 13.29714 -5.525466 13.11601 13.11601 2.293502 13.38947 2.285126 13.31827 2.37457 13.38947 2.285126 13.11601 2.293502 13.32717 2.160763 13.38947 2.285126 13.32717 2.160763 13.31879 2.167126 -5.358927 13.29714 -5.487026 13.31818 -5.525466 13.11601 -5.570303 2.285126 -5.486604 2.167126 -5.358927 2.263767 -5.358927 2.263767 -5.486604 2.167126 -5.487026 2.187243 -5.760898 1.964947 -5.982703 2.280787 -5.749753 1.979763 13.27389 1.964947 13.40494 2.282534 13.40787 2.280787 13.40593 2.422934 13.41031 2.334707 13.29458 2.279557 -5.9844 2.368094 -6.007824 2.15188 -5.982846 2.334707 13.40877 2.368094 13.29458 2.279557 13.43057 2.15188 13.29458 2.279557 13.41031 2.334707 13.40672 2.154695 13.40703 2.145739 13.40672 2.154695 13.41031 2.334707 13.27091 2.096682 13.02582 2.450915 13.02391 2.45005 13.28028 2.112661 13.02582 2.450915 13.27091 2.096682 13.02554 2.526996 13.1368 2.436521 13.02925 2.557144 -5.677977 2.526996 -5.678978 2.54378 -5.783651 2.436521 13.02474 2.54378 13.0256 2.416759 13.1368 2.436521 -5.783651 2.436521 -5.673896 2.396392 -5.675757 2.557144 13.02474 2.54378 13.02072 2.401347 13.0256 2.416759 13.1368 2.436521 13.0256 2.416759 13.02742 2.396392 13.27401 2.033218 13.42847 2.463238 13.42501 2.464186 -5.759898 2.034716 -5.669796 2.463238 -5.747032 2.033218 13.27923 2.034716 13.42631 2.464365 13.42847 2.463238 13.42654 2.587389 13.5892 2.445782 13.42634 2.610963 13.41946 2.545353 13.5892 2.445782 13.42654 2.587389 13.42634 2.610963 13.5892 2.445782 13.3018 2.44818 13.41946 2.545353 13.42471 2.327493 13.5892 2.445782 -5.547817 2.44818 -5.668201 2.325944 -5.669727 2.346904 13.28158 1.902743 13.16898 2.469911 13.26939 1.906503 -5.756837 1.902743 -6.002301 2.468412 -6.000116 2.469911 -5.747874 1.906503 -5.99984 2.469261 -5.759741 1.893897 -6.100109 2.522723 -5.997955 2.536755 -6.000534 2.578039 13.01728 2.457135 13.16714 2.387333 13.17075 2.365004 13.27588 2.037827 13.18975 2.346332 13.18608 2.345669 -5.760758 2.056124 -5.545847 2.346332 -5.748373 2.037827 -5.760758 2.056124 -5.548293 2.347333 -5.545847 2.346332 13.26547 2.044363 13.18721 2.347333 13.27554 2.056124 -5.54665 13.18793 -5.354166 13.14692 -5.567409 13.02563 -5.54665 2.455262 -5.545211 2.45896 -5.354166 2.32627 -5.644555 2.283499 -5.354166 2.32627 -5.545211 2.45896 13.25983 2.402724 13.02563 2.336637 13.33169 2.283499 13.33169 2.283499 13.1878 2.224925 13.18788 2.239329 13.33169 2.283499 13.18788 2.239329 13.1879 2.222194 -5.76172 1.842352 -5.862278 2.451953 -5.748478 1.846784 13.26536 1.85579 13.49277 2.453003 13.27651 1.842352 -5.753807 1.85579 -5.859833 2.453487 -5.863357 2.453003 13.49399 2.548885 13.43759 2.557459 13.49398 2.54952 13.49312 2.581741 13.46639 2.416772 13.58534 2.444168 13.58534 2.444168 13.49479 2.365331 13.43759 2.557459 13.58534 2.444168 13.46639 2.416772 13.49394 2.339203 13.25049 1.275247 13.28457 1.273083 13.28563 2.302301 -5.741789 1.273083 -5.767989 2.302135 -5.756218 2.302301 13.25458 1.2737 13.27489 2.302461 13.28254 2.302135 13.27814 2.027191 13.43988 2.443794 13.43672 2.445076 -5.747883 2.027191 -5.762109 2.028175 -5.766855 2.443794 -5.768869 2.551748 -5.892113 2.421139 -5.76683 2.540576 -5.753957 2.541503 -5.7664 2.347303 -5.892113 2.421139 -5.76683 2.540576 -5.892113 2.421139 -5.766805 2.334699 -5.892113 2.421139 -5.7664 2.347303 -5.767617 2.346025 -5.747864 13.26858 -5.755789 13.27719 -5.885595 13.07978 13.27392 2.139399 13.07886 2.233636 13.07978 2.236761 -5.760545 13.27392 -5.747864 13.26858 -5.883753 13.07741 -5.88537 2.352188 -5.884918 2.358627 -5.775997 2.245876 13.22521 2.239715 13.14356 2.170086 12.98391 2.245876 13.06379 2.264718 13.05228 2.12433 13.22521 2.239715 -6.036893 2.264718 -5.775997 2.245876 -5.922497 2.12433 -5.872793 13.22521 -5.922497 13.05228 -5.88532 13.0787 -5.922497 2.12433 -5.885355 2.124539 -5.88532 2.134199 -5.922497 2.12433 -5.781279 2.170086 -5.885124 2.119379 -5.754726 2.020185 -5.487683 2.271682 -5.485784 2.26979 -5.754726 2.020185 -5.759131 2.035806 -5.487683 2.271682 -5.749636 2.011618 -5.485784 2.26979 -5.487754 2.27248 -5.487071 2.360744 -5.487089 2.37457 -5.570303 2.285126 13.31827 2.37457 13.31826 2.35392 13.11601 2.293502 -5.487046 2.35392 -5.487071 2.360744 -5.358927 2.263767 -5.487071 2.360744 -5.570303 2.285126 -5.358927 2.263767 13.11601 2.293502 13.31818 2.187243 13.32717 2.160763 13.26666 1.986899 13.27919 1.979763 13.40688 2.28344 -5.749753 1.979763 -5.982703 2.280787 -5.980261 2.28344 -5.760898 1.964947 -5.753274 1.986899 -5.982441 2.282534 -5.753274 1.986899 -5.980261 2.28344 -5.982441 2.282534 13.40593 2.422934 13.29458 2.279557 13.40877 2.368094 -5.982846 2.334707 -6.007824 2.15188 -5.981901 2.145739 -6.007824 2.15188 -5.909593 2.279557 -5.98159 2.154695 -5.755238 2.112661 -5.679374 2.452091 -5.676 2.450915 13.28028 2.112661 13.26809 2.09842 13.0266 2.452091 13.26809 2.09842 13.02391 2.45005 13.0266 2.452091 -5.760949 2.09842 -5.747771 2.096682 -5.677867 2.45005 13.02474 2.54378 13.02925 2.557144 13.02072 2.401347 -5.681515 2.401347 -5.675757 2.557144 -5.673896 2.396392 13.27923 2.034716 13.26775 2.043417 13.42631 2.464365 -5.760187 2.043417 -5.668405 2.464186 -5.671624 2.464365 -5.760187 2.043417 -5.747032 2.033218 -5.668405 2.464186 -5.669465 2.610963 -5.547817 2.44818 -5.707934 2.545353 13.5892 2.445782 13.42713 2.325944 13.3018 2.44818 -5.707934 2.545353 -5.547817 2.44818 -5.671444 2.327493 13.42471 2.327493 13.3018 2.44818 13.42634 2.346904 -5.668201 13.42713 -5.724776 13.5892 -5.671444 13.42471 13.26939 1.906503 13.16898 2.469911 13.16518 2.469261 13.28158 1.902743 13.26816 1.893897 13.16679 2.468412 -5.759741 1.893897 -5.99984 2.469261 -6.002301 2.468412 13.16763 2.536755 13.01728 2.457135 13.16699 2.57096 -6.000534 2.578039 -6.000683 2.57096 -6.100109 2.522723 13.16699 2.57096 13.01728 2.457135 13.26293 2.522723 13.01728 2.457135 13.16763 2.536755 13.16488 2.377004 13.26293 2.522723 13.01728 2.457135 13.17075 2.365004 -5.997955 2.536755 -6.013226 2.365004 -5.989542 2.377004 -5.997955 2.536755 -6.100109 2.522723 -6.013226 2.365004 13.01728 2.457135 13.16488 2.377004 13.16714 2.387333 -5.756969 2.044363 -5.546399 2.345669 -5.548293 2.347333 -5.756969 2.044363 -5.748373 2.037827 -5.546399 2.345669 13.18787 2.464945 13.18793 2.455262 13.02563 2.336637 -5.545211 2.45896 -5.546807 2.464945 -5.685987 2.402724 -5.546807 13.18787 -5.567409 13.02563 -5.685987 13.25983 -5.685987 2.402724 -5.644555 2.283499 -5.545211 2.45896 13.33169 2.283499 13.02563 2.336637 13.1878 2.224925 -5.567409 13.02563 -5.354166 13.14692 -5.546819 13.1878 -5.354166 2.32627 -5.546656 2.222194 -5.546819 2.224925 -5.354166 13.14692 -5.644555 13.33169 -5.546656 13.1879 13.26536 1.85579 13.27798 1.846784 13.49334 2.453487 13.27798 1.846784 13.49577 2.451953 13.49334 2.453487 13.27651 1.842352 13.49277 2.453003 13.49577 2.451953 13.49398 2.54952 13.43759 2.557459 13.49312 2.581741 -5.861774 2.548885 -5.853012 2.444168 -5.809053 2.557459 13.49399 2.548885 13.49312 2.581741 13.58534 2.444168 -5.809053 2.557459 -5.891254 2.416772 -5.864567 2.581741 -5.809053 2.557459 -5.858459 2.365331 -5.891254 2.416772 13.49479 2.365331 13.58534 2.444168 13.49394 2.339203 14.52766 2.781086 14.50544 3.526132 14.51262 3.52625 14.52611 2.780009 14.50789 3.526011 14.5056 2.779579 -6.311156 2.781086 -6.294002 3.52625 -6.291134 2.780009 -6.295557 3.32015 -6.132891 3.579426 -6.301635 3.334093 14.50983 3.32015 14.44624 3.578013 14.44413 3.577817 14.51861 3.328358 14.44624 3.578013 14.50983 3.32015 -6.296512 3.328358 -6.132891 3.579426 -6.130959 3.578013 14.44528 3.638263 14.51602 3.554313 14.44929 3.554814 14.44528 3.638263 14.44655 3.653633 14.51602 3.554313 14.44929 3.554814 14.36149 3.56848 14.44655 3.653633 14.44655 3.653633 14.36149 3.56848 14.51602 3.554313 14.36149 3.56848 14.44507 3.51567 14.51602 3.554313 14.44929 3.554814 14.44528 3.514001 14.44528 3.520616 14.44929 3.554814 14.44507 3.51567 14.44528 3.514001 14.51056 3.271409 14.58333 3.500436 14.51812 3.265747 -6.292539 3.274508 -6.330716 3.501433 -6.302265 3.271409 14.51214 3.274508 14.58431 3.500375 14.5823 3.501433 -6.331522 3.580841 -6.294238 3.498979 -6.422951 3.488151 14.58313 3.586549 14.60623 3.464042 14.48879 3.498979 -6.331951 3.597173 -6.422951 3.488151 -6.331862 3.442197 -6.234413 14.60623 -6.331862 14.585 -6.294238 14.48879 -6.422951 3.488151 -6.331523 3.414418 -6.331523 3.414406 14.48879 3.498979 14.585 3.442197 14.58315 3.414418 14.5132 3.271859 14.41371 3.504733 14.51752 3.281436 14.5132 3.271859 14.41209 3.503818 14.41371 3.504733 -6.296187 3.281436 -6.337714 3.504733 -6.335264 3.505016 -6.336711 14.41321 -6.32648 14.52589 -6.224624 14.42949 14.41309 3.566696 14.32703 3.495506 14.41321 3.579267 14.41321 3.579267 14.41531 3.475908 14.52589 3.498563 14.41321 3.579267 14.32703 3.495506 14.41531 3.475908 -6.435211 14.41531 -6.332359 14.32703 -6.336605 14.41305 14.32703 3.495506 14.41309 3.439461 14.41305 3.434463 14.52589 3.498563 14.41331 3.445089 14.41309 3.439461 14.50816 3.372659 14.59228 3.663696 14.51582 3.374346 14.50816 3.372659 14.59295 3.662398 14.59081 3.663329 -6.302406 3.374346 -6.169897 3.662398 -6.294671 3.36554 -6.17074 3.722634 -6.170788 3.733792 -6.275711 3.686736 14.67145 3.685896 14.47805 3.654381 14.59168 3.733792 14.47805 3.654381 14.59191 3.590471 14.6255 3.686736 -6.084425 14.67145 -6.17064 14.59311 -6.070547 14.56378 -6.17064 3.59701 -6.170742 3.603565 -6.070547 3.627302 14.47805 3.654381 14.59203 3.603565 14.59191 3.590471 14.50926 3.205893 14.55498 3.604912 14.51882 3.206427 -6.298359 3.206427 -6.455741 3.605864 -6.29336 3.214394 -6.298359 3.206427 -6.457354 3.604912 -6.455741 3.605864 -6.456552 3.677527 -6.349991 3.603511 -6.456542 3.680281 -6.456552 14.55414 -6.497063 14.64592 -6.349991 14.57344 -6.45681 3.699855 -6.349991 3.603511 -6.538588 3.580979 14.64592 3.620371 14.47901 3.580979 14.55425 3.525316 -6.349991 3.603511 -6.456552 3.524773 -6.538588 3.580979 -6.349991 3.603511 -6.456537 3.525316 -6.456552 3.524773 -6.538588 3.580979 -6.456552 3.524773 -6.456543 3.535422 14.51644 3.299534 14.39731 3.52341 14.39915 3.52395 14.5092 3.287965 14.39731 3.52341 14.51644 3.299534 -6.299875 3.287965 -6.219245 3.522505 -6.221063 3.52341 14.39807 3.593142 14.39758 3.620662 14.32786 3.528937 14.39841 3.609403 14.47545 3.529384 14.39758 3.620662 14.39807 3.593142 14.32786 3.528937 14.39841 3.609403 -6.222138 3.609403 -6.155057 3.528937 -6.240721 3.461164 14.47545 3.529384 14.32786 3.528937 14.39758 3.620662 14.39841 3.609403 14.31547 3.461164 14.47545 3.529384 14.47545 3.529384 14.39789 3.436743 14.32786 3.528937 -6.221528 3.44069 -6.21946 3.436743 -6.25029 3.529384 14.31547 3.461164 14.40164 3.44069 14.47545 3.529384 14.51025 3.348542 14.59993 3.564594 14.51841 3.33981 -6.30204 3.348542 -6.28927 3.56534 -6.291595 3.565598 14.51841 3.33981 14.59832 3.56534 14.51193 3.346013 14.59954 3.607146 14.60118 3.541649 14.59694 3.542175 14.59954 3.607146 14.59486 3.55983 14.60118 3.541649 14.51735 3.185644 14.42817 3.536157 14.43025 3.537225 14.51632 3.19257 14.42877 3.537494 14.50886 3.181751 -6.301361 3.185644 -6.410914 3.537225 -6.294083 3.19257 -6.410524 3.586603 -6.317601 3.543754 -6.411206 3.603742 -6.410524 3.605288 -6.317601 3.543754 -6.410524 3.586603 14.42858 3.603742 14.481 3.545855 14.42904 3.605288 14.42858 3.603742 14.31 3.528053 14.481 3.545855 -6.317601 3.543754 -6.411217 3.467066 -6.410506 3.479433 -6.480842 3.545855 -6.411217 3.467066 -6.317601 3.543754 14.31 3.528053 14.42903 3.479169 14.481 3.545855 -6.317601 14.44743 -6.410506 14.42905 -6.408346 14.31 -6.296691 3.325574 -6.128859 3.506335 -6.300855 3.337829 14.51838 3.324066 14.50764 3.504441 14.50847 3.325574 -6.295876 3.324066 -6.128859 3.506335 -6.127584 3.504566 -6.127098 3.589436 -6.00399 3.502821 -6.128105 3.568558 -6.127098 3.589436 -6.150539 3.495572 -6.00399 3.502821 14.50861 3.559917 14.50889 3.444609 14.60794 3.495572 -6.128105 3.568558 -6.00399 3.502821 -6.129435 3.444609 -6.00399 3.502821 -6.127599 3.433438 -6.129435 3.444609 14.60794 3.495572 14.50889 3.444609 14.50786 3.426576 14.52766 2.781086 14.5056 2.779579 14.50544 3.526132 -6.305807 2.779579 -6.288746 3.526011 -6.296331 3.526132 -6.291134 2.780009 -6.294002 3.52625 -6.288746 3.526011 -6.295557 3.32015 -6.131607 3.577817 -6.132891 3.579426 -6.296512 3.328358 -6.301635 3.334093 -6.132891 3.579426 14.36149 3.56848 14.44929 3.554814 14.44528 3.520616 14.44929 3.554814 14.51602 3.554313 14.44507 3.51567 14.44507 3.51567 14.36149 3.56848 14.44528 3.520616 -6.302265 3.271409 -6.330716 3.501433 -6.332815 3.500436 14.51214 3.274508 14.51812 3.265747 14.58431 3.500375 -6.298546 3.265747 -6.332815 3.500436 -6.331063 3.500375 -6.331522 3.580841 -6.422951 3.488151 -6.331951 3.597173 14.58316 3.580841 14.58313 3.586549 14.48879 3.498979 -6.331457 3.586549 -6.331951 3.597173 -6.234413 3.464042 -6.331951 3.597173 -6.331862 3.442197 -6.234413 3.464042 -6.422951 3.488151 -6.331523 3.414406 -6.331862 3.442197 -6.422951 3.488151 -6.294238 3.498979 -6.331523 3.414418 -6.302776 3.271859 -6.295946 3.269752 -6.336905 3.503818 -6.295946 3.269752 -6.335264 3.505016 -6.336905 3.503818 14.50908 3.269752 14.51752 3.281436 14.41318 3.505016 -6.336463 3.57777 -6.336711 3.579267 -6.224624 3.507109 14.41309 3.566696 14.41306 3.57777 14.32703 3.495506 -6.332359 14.32703 -6.336463 14.41306 -6.224624 14.42949 -6.332359 14.32703 -6.224624 14.42949 -6.336515 14.41309 -6.224624 14.42949 -6.32648 14.52589 -6.336515 14.41309 -6.32648 14.52589 -6.435211 14.41531 -6.336833 14.41331 -6.435211 3.475908 -6.336605 3.434463 -6.336833 3.445089 -6.296056 3.372659 -6.170353 3.663329 -6.171964 3.663696 14.50816 3.372659 14.51688 3.36554 14.59295 3.662398 -6.302406 3.374346 -6.171964 3.663696 -6.169897 3.662398 -6.17074 3.720319 -6.084425 3.685896 -6.170788 3.733792 -6.17074 14.59204 -6.275711 14.6255 -6.084425 14.67145 -6.17074 3.720319 -6.17074 3.722634 -6.275711 3.686736 -6.170788 14.59168 -6.170335 14.47805 -6.275711 14.6255 -6.170335 14.47805 -6.084425 14.67145 -6.070547 14.56378 -6.084425 3.685896 -6.275711 3.686736 -6.17064 3.59701 -6.17064 3.59701 -6.275711 3.686736 -6.170955 3.590471 -6.170335 14.47805 -6.070547 14.56378 -6.170742 14.59203 14.50926 3.205893 14.5528 3.605683 14.55498 3.604912 -6.301248 3.205893 -6.29336 3.214394 -6.456625 3.605683 14.51256 3.214394 14.55511 3.605864 14.5528 3.605683 -6.456542 3.680281 -6.349991 3.603511 -6.45681 3.699855 14.55414 3.677527 14.55382 3.699855 14.64592 3.620371 14.55382 3.699855 14.47901 3.580979 14.64592 3.620371 -6.497063 3.620371 -6.456537 3.525316 -6.349991 3.603511 -6.456537 3.525316 -6.538588 3.580979 -6.456543 3.535422 -6.299875 3.287965 -6.29295 3.287024 -6.219245 3.522505 14.51326 3.287024 14.39915 3.52395 14.39734 3.522505 -6.29295 3.287024 -6.300496 3.299534 -6.219407 3.52395 -6.240721 14.31547 -6.155057 14.32786 -6.21946 14.39789 14.51025 3.348542 14.59801 3.565598 14.59993 3.564594 -6.30204 3.348542 -6.292832 3.346013 -6.28927 3.56534 14.51841 3.33981 14.59993 3.564594 14.59832 3.56534 14.51735 3.185644 14.50886 3.181751 14.42817 3.536157 -6.29861 3.181751 -6.409297 3.537494 -6.411362 3.536157 -6.294083 3.19257 -6.410914 3.537225 -6.409297 3.537494 -6.410524 3.605288 -6.480842 3.545855 -6.317601 3.543754 -6.411206 14.42858 -6.317601 14.44743 -6.408346 14.31 -6.411217 3.467066 -6.480842 3.545855 -6.410533 3.479169 14.31 3.528053 14.42905 3.479433 14.42903 3.479169 -6.296691 3.325574 -6.127558 3.504441 -6.128859 3.506335 14.51838 3.324066 14.50985 3.504566 14.50764 3.504441 -6.295876 3.324066 -6.300855 3.337829 -6.128859 3.506335 14.50861 3.559917 14.60794 3.495572 14.50874 3.589436 -6.128105 3.568558 -6.129435 3.444609 -6.129384 3.559917 -6.00399 3.502821 -6.125797 3.426576 -6.127599 3.433438 -6.00399 14.4866 -6.150539 14.60794 -6.125797 14.50786 14.37912 2.160147 14.38574 3.813934 14.37305 3.814192 14.35144 2.157892 14.37134 3.813666 14.39959 2.156993 -5.566843 2.160147 -5.611234 3.814192 -5.59492 2.157892 14.37413 3.056365 14.60348 3.921419 14.59955 3.923095 14.37189 3.064997 14.60348 3.921419 14.38672 3.04713 -5.613994 3.064997 -5.530942 3.923095 -5.535244 3.923773 -5.533198 4.110645 -5.751943 3.956625 -5.533223 4.113868 -5.533198 14.60094 -5.477731 14.75412 -5.313311 14.51922 -5.751943 3.956625 -5.313311 3.947804 -5.533264 3.732708 14.75412 3.987054 14.60089 3.708405 14.51922 3.947804 -5.751943 3.956625 -5.533264 3.732708 -5.477731 3.987054 14.75412 3.987054 14.60096 3.762694 14.60089 3.708405 14.38701 3.051227 14.2657 4.003993 14.37278 3.053528 -5.609273 3.051227 -5.769212 4.003234 -5.765248 4.003993 14.36841 3.043054 14.26472 4.002221 14.38701 3.051227 -5.609158 3.043054 -5.765248 4.003993 -5.769762 4.002221 14.26519 4.20261 14.03816 3.96354 14.26125 3.844348 -5.768892 4.098014 -5.766965 3.833534 -5.763204 4.132711 -5.772084 4.20261 -5.890573 3.844348 -5.768892 4.098014 14.26614 4.132711 14.26725 3.833534 14.03816 3.96354 -5.768892 4.098014 -5.890573 3.844348 -5.766965 3.833534 -5.890573 3.844348 -5.767764 3.86661 -5.766965 3.833534 -5.890573 3.844348 -5.767627 3.830468 -5.767764 3.86661 -5.743798 14.03816 -5.767627 14.2661 -5.890573 14.26125 14.03816 3.96354 14.26725 3.833534 14.2661 3.830468 -5.612832 3.231991 -5.288098 3.86055 -5.598098 3.204805 14.37902 3.231991 14.32245 3.862173 14.32628 3.864081 -5.601506 3.206916 -5.290385 3.862173 -5.612832 3.231991 14.36869 3.206916 14.32656 3.86055 14.32245 3.862173 -5.290053 4.00869 -5.516777 3.90002 -5.289992 4.01833 -5.290053 14.32507 -5.120127 14.18326 -5.362032 14.12541 -5.290081 4.001917 -5.120127 3.884438 -5.290053 4.00869 -5.290081 14.32512 -5.164662 14.49817 -5.120127 14.18326 -5.289992 4.01833 -5.516777 3.90002 -5.290081 4.001917 -5.290053 14.32507 -5.362032 14.12541 -5.516777 14.31261 -5.290081 14.32512 -5.516777 14.31261 -5.164662 14.49817 -5.516777 3.90002 -5.311098 3.713549 -5.164662 3.897143 -5.120127 14.18326 -5.290002 14.32508 -5.362032 14.12541 14.4835 3.713549 14.32507 3.725639 14.32508 3.719044 14.4835 3.713549 14.32509 3.736381 14.32507 3.725639 14.37695 3.388602 14.4814 3.804172 14.48513 3.803096 -5.600607 3.405442 -5.675788 3.804172 -5.614886 3.388602 -5.661513 3.891307 -5.682889 3.949344 -5.887161 3.808667 -5.682889 3.949344 -5.667773 3.683671 -5.887161 3.808667 -5.682889 3.949344 -5.564485 3.78615 -5.667773 3.683671 -5.887161 3.808667 -5.667773 3.683671 -5.67337 3.659098 -5.564485 3.78615 -5.67337 3.659098 -5.673372 3.694757 -5.610722 3.267608 -5.61325 4.024065 -5.595444 3.264049 14.38521 3.267608 14.13765 4.021899 14.1413 4.024065 14.38151 3.264049 14.13821 4.022318 14.3692 3.249791 -5.613221 4.145031 -5.613102 4.16381 -5.737639 3.964695 -5.613088 14.13901 -5.698991 14.31525 -5.405162 14.19332 14.13903 4.145031 14.31525 4.052375 14.13901 4.146339 -5.613102 4.16381 -5.405162 4.059839 -5.737639 3.964695 -5.405162 4.059839 -5.61276 3.885557 -5.737639 3.964695 -5.698991 4.052375 -5.61276 3.885557 -5.405162 4.059839 14.13965 3.859944 14.1389 3.885557 14.31525 4.052375 -5.61484 3.004199 -5.456146 3.862686 -5.599525 2.987664 14.37698 3.004199 14.50294 3.862949 14.50679 3.862686 14.38537 2.987664 14.50294 3.862949 14.36753 3.001961 -5.453887 4.01198 -5.670149 3.861253 -5.453843 4.030851 -5.453887 4.01198 -5.319381 3.862483 -5.670149 3.861253 14.50565 4.034125 14.50568 4.030851 14.35297 3.862483 -5.670149 3.861253 -5.33412 3.819056 -5.453843 4.030851 -5.670149 3.861253 -5.453896 3.666204 -5.453805 3.684614 -5.670149 3.861253 -5.453896 3.704183 -5.453896 3.666204 14.35297 3.862483 14.50565 3.684614 14.50565 3.704183 -5.605387 3.432243 -5.759121 3.872778 -5.75601 3.874768 -5.614131 3.421621 -5.759121 3.872778 -5.605387 3.432243 -5.757902 4.011333 -5.880419 3.846117 -5.767899 4.013424 -5.767899 4.013424 -5.763154 3.804713 -5.754214 3.9033 -5.767899 4.013424 -5.880419 3.846117 -5.763154 3.804713 14.37415 3.9033 14.38506 3.804713 14.37699 3.722502 14.42669 3.846117 14.37699 3.722502 14.37763 3.722042 14.38758 3.185222 14.1775 4.126334 14.37156 3.168644 14.37311 3.184394 14.1802 4.129052 14.38758 3.185222 -5.597523 3.168644 -5.375129 4.127444 -5.614564 3.184394 -5.373855 4.299925 -5.198467 4.126906 -5.36928 4.268258 14.1786 4.279728 14.35962 4.086562 14.09863 4.126906 14.16607 4.268258 14.35962 4.086562 14.1786 4.279728 -5.198467 4.126906 -5.373946 3.975459 -5.36928 4.268258 14.35962 4.086562 14.1787 3.982074 14.09863 4.126906 -5.198467 4.126906 -5.373663 3.97041 -5.373946 3.975459 14.17365 3.975459 14.1787 3.982074 14.35962 4.086562 -5.613709 3.517134 -5.619428 4.004917 -5.594766 3.526643 14.38199 3.517134 14.67334 4.007635 14.67618 4.004917 14.37034 3.539634 14.67334 4.007635 14.38199 3.517134 -5.609926 3.539634 -5.616882 4.007941 -5.621773 4.007635 -5.619206 4.246807 -5.695577 4.126535 -5.527467 3.993056 -5.621294 4.07081 -5.619341 3.780829 -5.695577 4.126535 -5.527467 3.993056 -5.619341 3.780829 -5.621294 4.07081 -5.566843 2.160147 -5.606446 2.156993 -5.618878 3.813934 14.39959 2.156993 14.37134 3.813666 14.38574 3.813934 -5.59492 2.157892 -5.611234 3.814192 -5.625002 3.813666 14.37413 3.056365 14.38672 3.04713 14.60348 3.921419 14.37189 3.064997 14.59967 3.923773 14.60348 3.921419 -5.613994 3.064997 -5.594902 3.056365 -5.530942 3.923095 -5.533198 4.110645 -5.313311 3.947804 -5.751943 3.956625 14.60094 4.110645 14.60093 4.093404 14.75412 3.987054 14.60093 4.093404 14.60094 4.113868 14.75412 3.987054 14.60094 4.113868 14.49071 3.956625 14.75412 3.987054 -5.533264 3.732708 -5.313311 3.947804 -5.533032 3.708405 14.75412 3.987054 14.60044 3.732708 14.60096 3.762694 14.38701 3.051227 14.26472 4.002221 14.26821 4.003234 -5.609158 3.043054 -5.596089 3.053528 -5.765248 4.003993 14.26614 4.132711 14.03816 3.96354 14.26519 4.20261 -5.612832 3.231991 -5.291633 3.864081 -5.288098 3.86055 14.36869 3.206916 14.3828 3.204805 14.32656 3.86055 14.49817 3.897143 14.4835 3.713549 14.18326 3.884438 -5.516777 14.31261 -5.362032 14.12541 -5.311098 14.4835 14.12541 3.856269 14.32508 3.719044 14.32509 3.736381 14.18326 3.884438 14.4835 3.713549 14.32508 3.719044 -5.311098 14.4835 -5.362032 14.12541 -5.290018 14.32509 14.38371 3.393849 14.48513 3.803096 14.48195 3.805474 -5.596485 3.393849 -5.614886 3.388602 -5.673213 3.803096 -5.600607 3.405442 -5.671063 3.805474 -5.675788 3.804172 14.3694 3.405442 14.38371 3.393849 14.48195 3.805474 -5.661513 3.891307 -5.887161 3.808667 -5.67337 3.659098 -5.667773 3.683671 -5.564485 3.78615 -5.673372 3.694757 -5.564485 3.78615 -5.661513 3.891307 -5.67337 3.659098 14.38151 3.264049 14.1413 4.024065 14.13821 4.022318 14.38521 3.267608 14.3692 3.249791 14.13765 4.021899 -5.609684 3.249791 -5.610587 4.022318 -5.615442 4.021899 -5.613102 4.16381 -5.613088 4.146339 -5.405162 4.059839 14.13903 4.145031 14.04188 3.964695 14.31525 4.052375 14.31525 4.052375 14.04188 3.964695 14.13965 3.859944 -5.613424 3.859944 -5.737639 3.964695 -5.613104 3.910597 -5.737639 3.964695 -5.61276 3.885557 -5.613104 3.910597 -5.599525 2.987664 -5.456146 3.862686 -5.45209 3.86096 -5.61484 3.004199 -5.60383 3.001961 -5.453562 3.862949 14.38537 2.987664 14.5073 3.86096 14.50294 3.862949 14.50563 4.01198 14.50565 4.034125 14.35297 3.862483 14.35297 3.862483 14.50568 4.030851 14.73363 3.819056 14.35297 3.862483 14.73363 3.819056 14.50565 3.684614 -5.33412 14.73363 -5.670149 14.5402 -5.453805 14.50565 -5.670149 3.861253 -5.319381 3.862483 -5.453896 3.704183 14.36978 3.440266 14.38761 3.432243 14.37896 3.874768 14.37701 3.421621 14.37511 3.873112 14.37979 3.872778 -5.614131 3.421621 -5.598781 3.440266 -5.758575 3.873112 14.36978 3.440266 14.37896 3.874768 14.37511 3.873112 -5.757902 4.011333 -5.754214 3.9033 -5.880419 3.846117 -5.880419 3.846117 -5.754214 3.9033 -5.757996 3.722502 -5.763154 3.804713 -5.880419 3.846117 -5.757894 3.722042 -5.603075 3.185222 -5.375265 4.129052 -5.371526 4.126334 14.37311 3.184394 14.17618 4.127444 14.1802 4.129052 -5.597523 3.168644 -5.371526 4.126334 -5.375129 4.127444 -5.373855 4.299925 -5.373654 4.279728 -5.198467 4.126906 14.16607 4.268258 14.17365 3.975459 14.35962 4.086562 -5.198467 4.126906 -5.373754 3.982074 -5.373663 3.97041 14.37785 3.526643 14.67618 4.004917 14.67327 4.007941 14.37034 3.539634 14.37785 3.526643 14.67327 4.007941 -5.621294 4.07081 -5.619206 4.246807 -5.527467 3.993056 -5.619206 4.246807 -5.619602 4.213621 -5.695577 4.126535 -5.619602 4.213621 -5.621294 4.07081 -5.695577 4.126535 -5.527467 3.993056 -5.695577 4.126535 -5.619148 3.790076 -5.527467 3.993056 -5.619148 3.790076 -5.619341 3.780829 -5.198947 1.426542 -5.160579 2.681574 -5.169567 2.681772 13.90908 1.424727 13.90374 2.681369 13.87863 1.424004 13.88164 1.426542 13.8986 2.681772 13.90908 1.424727 -5.166383 2.334597 -4.997968 2.771348 -5.17516 2.358084 -5.166383 2.334597 -4.998226 2.768966 -4.995571 2.768637 -5.1792 2.348422 -4.998226 2.768966 -5.166383 2.334597 13.89793 2.348422 14.09326 2.771348 14.09638 2.768966 -4.997282 2.870457 -5.125093 2.729045 -5.002202 2.729888 -4.997282 2.870457 -5.000125 2.896348 -5.125093 2.729045 -5.002202 2.729888 -4.87391 2.752908 -5.000125 2.896348 -5.000125 2.896348 -4.87391 2.752908 -5.125093 2.729045 -4.87391 2.752908 -4.996922 2.66395 -5.125093 2.729045 -5.002202 2.729888 -4.997283 2.661139 -4.997283 2.672282 -5.002202 2.729888 -4.996922 2.66395 -4.997283 2.661139 -5.170626 2.252492 -5.287648 2.638288 -5.179483 2.242954 13.90043 2.257712 13.88022 2.639968 13.88599 2.252492 -5.168203 2.257712 -5.288191 2.638185 -5.2852 2.639968 -5.286788 2.773731 -5.136143 2.635833 -5.30641 2.617594 -5.286721 2.783345 -5.272863 2.576982 -5.136143 2.635833 13.87932 2.801241 13.74263 2.617594 13.8799 2.540185 -5.272863 14.02721 -5.289553 13.8799 -5.136143 13.88688 13.74263 2.617594 13.87949 2.493392 13.87949 2.493371 -5.136143 2.635833 -5.289553 2.540185 -5.286786 2.493392 13.88652 2.253251 13.78981 2.645527 13.89787 2.269382 -5.174576 2.253251 -5.048564 2.643986 -5.051234 2.645527 13.89787 2.269382 13.78981 2.645527 13.793 2.646003 -5.050053 13.79098 -5.203767 13.85922 -5.019403 13.95653 -5.049783 2.749903 -4.926665 2.629984 -5.050053 2.771079 13.79098 2.771079 13.65333 2.596971 13.85922 2.635134 -5.050053 2.771079 -4.926665 2.629984 -5.100071 2.596971 -5.100071 13.65333 -4.926665 13.75592 -5.04977 13.79105 -4.926665 2.629984 -5.049784 2.535575 -5.04977 2.527157 -5.203767 2.635134 -5.050247 2.545056 -5.049784 2.535575 -5.164274 2.423047 -5.223389 2.9133 -5.178095 2.425889 -5.164274 2.423047 -5.223343 2.911114 -5.220544 2.912682 13.8883 2.425889 14.11168 2.911114 13.89969 2.411055 14.11006 3.012581 14.10981 3.031377 13.97829 2.952112 14.2695 2.950695 14.05616 2.897609 14.10981 3.031377 -5.061821 2.897609 -5.222386 2.789952 -5.319722 2.952112 -5.293001 14.2695 -5.223915 14.1107 -5.134812 14.23758 14.1107 2.800968 14.11005 2.812009 14.23758 2.851994 -5.061821 2.897609 -5.222457 2.812009 -5.222386 2.789952 -5.16831 2.142131 -5.307261 2.814279 -5.180379 2.14303 -5.180379 2.14303 -5.306663 2.815881 -5.169187 2.15645 13.89543 2.14303 13.68891 2.814279 13.69124 2.815881 13.68963 2.936598 13.84885 2.811918 13.68964 2.941238 -5.305691 13.68963 -5.454235 13.67647 -5.281933 13.84885 13.68912 2.974211 13.84885 2.811918 13.53826 2.773963 -5.454235 2.840319 -5.239145 2.773963 -5.305845 2.680199 13.84885 2.811918 13.68963 2.679283 13.53826 2.773963 13.84885 2.811918 13.68971 2.680199 13.68963 2.679283 13.53826 2.773963 13.68963 2.679283 13.68964 2.697222 13.89128 2.299868 13.94617 2.676988 13.94938 2.677898 -5.16756 2.280381 -4.972415 2.676988 -5.178054 2.299868 13.8887 2.280381 13.94874 2.675463 13.94617 2.676988 -4.972936 2.794451 -4.97136 2.840809 -4.843109 2.686298 -4.97447 2.821843 -5.096365 2.687052 -4.97136 2.840809 -4.972936 2.794451 -4.843109 2.686298 -4.97447 2.821843 13.94518 2.821843 14.00589 2.686298 13.87939 2.572135 -5.096365 2.687052 -4.843109 2.686298 -4.97136 2.840809 -4.97447 2.821843 -4.866602 2.572135 -5.096365 2.687052 -5.096365 2.687052 -4.972452 2.530998 -4.843109 2.686298 -4.978722 2.537645 -4.972452 2.530998 -5.096365 2.687052 -4.866602 2.572135 -4.978722 2.537645 -5.096365 2.687052 -5.170076 2.382423 -5.29105 2.746362 -5.179673 2.367714 13.88615 2.382423 13.94621 2.747619 13.94279 2.748054 -5.179673 2.367714 -5.287946 2.747619 -5.168039 2.378162 -5.290408 2.818042 -5.293332 2.707712 -5.286652 2.708598 -5.290408 2.818042 -5.284904 2.738337 -5.293332 2.707712 -5.179744 2.108021 -5.106776 2.69846 -5.109498 2.70026 13.90026 2.119688 13.69624 2.700712 13.89032 2.101462 13.8905 2.108021 13.69468 2.70026 13.90026 2.119688 13.69464 2.783438 13.83423 2.711258 13.69346 2.812307 13.69464 2.814912 13.83423 2.711258 13.69464 2.783438 -5.107279 2.812307 -5.214344 2.714797 -5.107603 2.814912 -5.107279 2.812307 -4.939011 2.68481 -5.214344 2.714797 13.83423 2.711258 13.69393 2.582077 13.69467 2.602909 13.62049 2.714797 13.69393 2.582077 13.83423 2.711258 -4.939011 2.68481 -5.1076 2.602464 -5.214344 2.714797 -5.089091 13.83423 -5.107608 13.69467 -4.939011 13.64083 13.89283 2.343733 14.12922 2.648226 13.88947 2.364377 -5.178578 2.341193 -5.083031 2.645034 -5.165011 2.343733 13.89872 2.341193 14.12922 2.648226 14.13153 2.645245 14.13168 2.78821 14.29439 2.642305 14.12981 2.753039 -5.084359 2.78821 -5.235186 2.630095 -4.994363 2.642305 -5.085272 2.738484 -5.085687 2.544248 -5.235186 2.630095 14.12981 2.753039 14.29439 2.642305 14.12846 2.544248 14.29439 2.642305 14.13075 2.52543 14.12846 2.544248 -5.235186 2.630095 -5.085687 2.544248 -5.082498 2.51387 -5.198947 1.426542 -5.165333 1.424004 -5.160579 2.681574 13.87863 1.424004 13.90374 2.681369 13.89189 2.681574 -5.187186 1.424727 -5.169567 2.681772 -5.160407 2.681369 -5.166383 2.334597 -4.995571 2.768637 -4.997968 2.771348 13.89793 2.348422 13.88851 2.358084 14.09326 2.771348 -4.87391 2.752908 -5.002202 2.729888 -4.997283 2.672282 -5.002202 2.729888 -5.125093 2.729045 -4.996922 2.66395 -4.996922 2.66395 -4.87391 2.752908 -4.997283 2.672282 -5.170626 2.252492 -5.2852 2.639968 -5.287648 2.638288 -5.168203 2.257712 -5.179483 2.242954 -5.288191 2.638185 13.89483 2.242954 13.87776 2.638288 13.88069 2.638185 13.87949 2.773731 13.74263 2.617594 13.87932 2.801241 -5.286788 2.773731 -5.286721 2.783345 -5.136143 2.635833 13.87957 2.783345 13.87932 2.801241 14.02721 2.576982 13.87932 2.801241 13.8799 2.540185 14.02721 2.576982 13.74263 2.617594 13.87949 2.493371 13.8799 2.540185 -5.30641 2.617594 -5.136143 2.635833 -5.286786 2.493392 -5.174576 2.253251 -5.165516 2.249701 -5.048564 2.643986 13.89417 2.249701 13.793 2.646003 13.79017 2.643986 -5.165516 2.249701 -5.177514 2.269382 -5.049311 2.646003 13.79126 2.768557 13.79098 2.771079 13.95653 2.649529 -5.049783 2.749903 -5.049722 2.768557 -4.926665 2.629984 13.75592 2.629984 13.79126 2.768557 13.95653 2.649529 -4.926665 13.75592 -5.019403 13.95653 -5.049784 13.7912 -5.019403 13.95653 -5.203767 13.85922 -5.049784 13.7912 -5.203767 13.85922 -5.100071 13.65333 -5.050247 13.79085 13.65333 2.596971 13.79105 2.527157 13.79085 2.545056 -5.164274 2.423047 -5.220544 2.912682 -5.223389 2.9133 -5.164274 2.423047 -5.175883 2.411055 -5.223343 2.911114 13.8883 2.425889 14.10845 2.9133 14.11168 2.911114 14.11005 3.008682 14.2695 2.950695 14.10981 3.031377 -5.222462 14.11005 -5.319722 13.97829 -5.293001 14.2695 14.11005 3.008682 14.11006 3.012581 13.97829 2.952112 -5.221979 14.10981 -5.061821 14.05616 -5.319722 13.97829 -5.061821 14.05616 -5.293001 14.2695 -5.134812 14.23758 14.2695 2.950695 13.97829 2.952112 14.1107 2.800968 14.1107 2.800968 13.97829 2.952112 14.10969 2.789952 -5.061821 14.05616 -5.134812 14.23758 -5.222457 14.11005 -5.16831 2.142131 -5.303842 2.815577 -5.307261 2.814279 13.8868 2.142131 13.89948 2.15645 13.68889 2.815577 -5.169187 2.15645 -5.306663 2.815881 -5.303842 2.815577 13.68964 2.941238 13.84885 2.811918 13.68912 2.974211 -5.305691 2.936598 -5.305362 2.974211 -5.454235 2.840319 -5.305362 2.974211 -5.239145 2.773963 -5.454235 2.840319 13.67647 2.840319 13.68971 2.680199 13.84885 2.811918 13.68971 2.680199 13.53826 2.773963 13.68964 2.697222 13.8887 2.280381 13.90039 2.278796 13.94874 2.675463 -5.16997 2.278796 -4.974208 2.677898 -4.971584 2.675463 -5.16997 2.278796 -5.178054 2.299868 -4.974208 2.677898 -4.866602 13.87939 -4.843109 14.00589 -4.972452 13.9487 -5.170076 2.382423 -5.288617 2.748054 -5.29105 2.746362 13.88615 2.382423 13.89992 2.378162 13.94621 2.747619 -5.179673 2.367714 -5.29105 2.746362 -5.287946 2.747619 -5.179744 2.108021 -5.166489 2.101462 -5.106776 2.69846 13.89032 2.101462 13.69624 2.700712 13.69305 2.69846 -5.174823 2.119688 -5.109498 2.70026 -5.106633 2.700712 13.69464 2.814912 13.62049 2.714797 13.83423 2.711258 -5.107279 13.69346 -5.089091 13.83423 -4.939011 13.64083 -5.108709 2.582077 -5.214344 2.714797 -5.1076 2.602464 -4.939011 2.68481 -5.107608 2.602909 -5.1076 2.602464 13.89283 2.343733 14.13051 2.645034 14.12922 2.648226 -5.178578 2.341193 -5.08615 2.645245 -5.083031 2.645034 13.89872 2.341193 13.88947 2.364377 14.12922 2.648226 -5.085272 2.738484 -5.235186 2.630095 -5.084359 2.78821 -5.083505 2.753039 -5.085687 2.544248 -5.085272 2.738484 14.29439 2.642305 14.13309 2.51387 14.13075 2.52543 -4.994363 2.642305 -5.235186 2.630095 -5.082498 2.51387 12.11046 1.604656 12.16464 2.941414 12.15109 2.941624 -4.175474 1.602711 -4.170303 2.941195 -4.133754 1.601935 -4.134938 1.604656 -4.162058 2.941624 -4.175474 1.602711 12.14675 2.384251 12.08955 3.189795 12.08526 3.18899 -4.160208 2.380493 -4.281686 3.189795 -4.143756 2.384251 12.14034 2.376773 12.08526 3.18899 12.08958 3.188997 12.08796 3.311789 12.28838 3.16553 12.08822 3.313603 -4.388113 12.28838 -4.074262 12.08995 -4.284231 12.08808 -4.074262 3.190395 -4.28436 3.069565 -4.403517 3.200072 11.90392 3.200072 12.08814 3.056953 12.28838 3.16553 11.90392 3.200072 12.0872 3.069565 12.08814 3.056953 12.15882 2.572846 12.01068 3.065043 12.14306 2.555317 -4.154681 2.572846 -3.856854 3.066345 -3.853232 3.065043 -3.85451 3.168074 -3.854405 3.18543 -4.002307 3.088753 -3.854405 3.18543 -3.867054 2.986076 -4.002307 3.088753 -4.002307 3.088753 -3.867054 2.986076 -3.854449 2.949335 -4.143975 2.422842 -4.236887 2.901652 -4.161094 2.427653 -4.159525 2.412456 -4.235446 2.899777 -4.143975 2.422842 -4.159525 2.412456 -4.239771 2.899932 -4.235446 2.899777 -4.237023 12.33309 -4.080675 12.3097 -4.153172 12.15806 -4.153172 12.15806 -4.080675 12.3097 -4.240697 12.33308 -4.080675 2.895484 -4.237017 2.773993 -4.240697 2.825049 -4.080675 2.895484 -4.237029 2.810496 -4.237017 2.773993 12.14013 2.614907 11.76946 2.939765 11.76781 2.936588 -4.165646 2.63123 -4.271894 2.939612 -4.147916 2.645565 12.15029 2.63123 11.76781 2.936588 11.77082 2.939612 -4.269816 11.76935 -4.390012 11.52231 -4.46718 11.9354 -4.058033 11.72438 -4.390012 11.52231 -4.270022 11.76917 -4.269964 3.092201 -4.46718 2.916297 -4.058033 2.931686 -4.390012 11.52231 -4.058033 11.72438 -4.269811 11.76927 11.52231 2.926303 11.76927 2.806755 11.77031 2.789803 -4.058033 2.931686 -4.269182 2.789803 -4.269779 2.785743 12.15625 2.36491 12.24264 2.89463 12.14102 2.367744 -4.164837 2.382613 -3.959022 2.895453 -3.962485 2.896721 -3.960356 2.981772 -4.147017 2.851121 -3.959649 3.028323 -3.960356 12.24007 -3.938348 12.13094 -4.147017 12.23638 -3.960356 12.24007 -3.769117 12.33708 -3.938348 12.13094 -3.960356 2.981772 -3.960348 3.013753 -3.769117 2.913339 -3.960348 3.013753 -3.959649 3.028323 -3.769117 2.913339 -3.959649 3.028323 -4.147017 2.851121 -3.769117 2.913339 12.33708 2.913339 12.24253 2.770203 12.13094 2.892306 -4.147017 2.851121 -3.960518 2.770203 -3.769117 2.913339 -3.938348 12.13094 -3.960358 12.24007 -4.147017 12.23638 12.13094 2.892306 12.24253 2.770203 12.24008 2.80151 -4.149855 2.749248 -4.302293 2.948375 -4.304881 2.947171 12.14609 2.740106 12.16939 2.947171 12.17453 2.946084 -4.149855 2.749248 -4.304881 2.947171 -4.164074 2.740106 12.17423 3.058262 12.16151 2.84392 12.17125 3.06111 -4.303936 3.058262 -4.307586 3.034428 -4.301212 2.840865 -4.302976 3.06111 -4.290317 2.84392 -4.445508 2.886185 12.17222 3.034428 12.02253 2.886185 12.17176 2.840865 12.15846 2.789593 11.98281 3.140737 12.14223 2.781817 12.15846 2.789593 11.98303 3.142038 11.98675 3.142684 -4.164207 2.785502 -4.043369 3.140737 -4.048495 3.142038 11.76574 3.133198 11.98432 3.077177 11.98521 3.314542 11.98351 3.316353 12.19625 3.116529 11.76574 3.133198 11.98432 3.077177 12.19625 3.116529 11.98521 3.314542 11.76574 3.133198 12.19625 3.116529 11.98359 2.976437 12.19625 3.116529 11.98418 2.997398 11.98359 2.976437 12.15097 2.449766 12.48212 3.06884 12.13762 2.467441 -4.143852 2.449766 -4.099783 3.066827 -4.094777 3.066741 12.13762 2.467441 12.48617 3.066827 12.15291 2.451437 12.48459 3.186657 12.31902 3.034276 12.48407 3.210752 12.48459 3.186657 12.48383 3.204099 12.31902 3.034276 12.48383 3.204099 12.48407 3.210752 12.69405 3.060832 -4.097729 12.48407 -4.33938 12.40156 -4.097385 12.69405 -3.948374 3.034276 -4.33938 3.046109 -4.097729 3.210752 12.69405 3.060832 12.31902 3.034276 12.48383 3.204099 -4.33938 12.40156 -3.948374 12.31902 -4.09772 12.48447 12.69405 3.060832 12.48448 2.938528 12.31902 3.034276 12.31902 3.034276 12.48448 2.938528 12.48447 2.928295 12.69405 3.060832 12.48458 2.965673 12.48448 2.938528 12.69405 3.060832 12.48447 2.928295 12.48458 2.965673 12.1478 2.485188 12.0298 2.89042 12.02539 2.888375 -4.163886 2.475352 -4.282538 2.88843 -4.278153 2.89042 12.13862 2.468176 12.02832 2.88843 12.15346 2.475352 -4.279899 12.028 -4.448396 12.06714 -4.276877 12.04261 -4.279897 12.02801 -4.276877 12.04261 -4.193533 11.84956 -4.193533 2.919579 -4.279791 2.734515 -4.448396 2.907164 -4.279791 2.734515 -4.281184 2.741383 -4.448396 2.907164 -4.448396 2.907164 -4.281184 2.741383 -4.116836 2.835077 -4.116836 12.17199 -4.279882 12.02799 -4.193533 11.84956 12.11046 1.604656 12.15905 1.601935 12.16464 2.941414 -4.133754 1.601935 -4.170303 2.941195 -4.153259 2.941414 12.12479 1.602711 12.15109 2.941624 12.16378 2.941195 -4.160208 2.380493 -4.286661 3.188997 -4.281686 3.189795 12.15702 2.380493 12.14034 2.376773 12.08958 3.188997 -4.164026 2.376773 -4.143756 2.384251 -4.284736 3.18899 12.08796 3.311789 11.90392 3.200072 12.28838 3.16553 12.08808 3.291966 12.08822 3.313603 12.28838 3.16553 -4.284167 12.08796 -4.074262 12.08995 -4.403517 11.90392 -4.284167 3.311789 -4.284231 3.291966 -4.074262 3.190395 -4.28436 3.069565 -4.074262 3.190395 -4.284292 3.084592 -4.074262 12.08995 -4.388113 12.28838 -4.284292 12.08814 12.28838 3.16553 12.08814 3.056953 12.08814 3.084592 12.14306 2.555317 12.01068 3.065043 12.00544 3.064204 12.15882 2.572846 12.13906 2.571638 12.00777 3.066345 -4.162781 2.571638 -3.854167 3.064204 -3.856854 3.066345 -4.162781 2.571638 -4.146689 2.555317 -3.854167 3.064204 12.00777 3.18543 12.02808 3.068655 12.01343 2.986076 -3.876027 3.068655 -3.85451 3.168074 -4.002307 3.088753 12.01343 2.986076 12.02808 3.068655 12.03236 2.947972 -3.876027 3.068655 -4.002307 3.088753 -3.854449 2.949335 12.03236 2.947972 12.02808 3.068655 12.00835 2.949335 12.15124 2.422842 12.33527 2.899777 12.33052 2.901652 12.15576 2.412456 12.13833 2.427653 12.33305 2.899932 12.13833 2.427653 12.33052 2.901652 12.33305 2.899932 12.33309 3.018251 12.15806 2.963192 12.33409 3.012434 12.33309 3.018251 12.33309 3.008272 12.15806 2.963192 -4.237023 3.008272 -4.238498 3.012434 -4.080675 2.895484 12.15806 2.963192 12.33308 2.825049 12.33409 3.012434 -4.238498 3.012434 -4.237029 2.810496 -4.080675 2.895484 -4.238498 3.012434 -4.240697 2.825049 -4.237029 2.810496 12.14013 2.614907 12.1511 2.645565 11.76946 2.939765 -4.147916 12.1511 -4.271894 11.77082 -4.267029 11.76946 12.15029 2.63123 12.14013 2.614907 11.76781 2.936588 -4.269964 11.76964 -4.058033 11.72438 -4.270022 11.76917 -4.269964 3.092201 -4.269816 3.069758 -4.46718 2.916297 11.76935 3.069758 11.76917 3.092652 11.52231 2.926303 -4.46718 2.916297 -4.269182 2.789803 -4.058033 2.931686 -4.46718 11.9354 -4.390012 11.52231 -4.269182 11.77031 -4.058033 2.931686 -4.269779 2.785743 -4.269811 2.806755 12.14102 2.367744 12.24264 2.89463 12.2376 2.895453 -4.150094 2.36491 -4.164837 2.382613 -3.959617 2.89463 12.14578 2.382613 12.23889 2.896721 12.24264 2.89463 -4.164837 2.382613 -4.146007 2.367744 -3.959022 2.895453 -3.960518 2.770203 -4.147017 2.851121 -3.960358 2.801304 12.13094 2.892306 12.24008 2.80151 12.24007 2.801304 12.13794 2.749248 12.15491 2.749052 12.17253 2.948375 -4.147286 2.749052 -4.305865 2.946084 -4.302293 2.948375 -4.147286 2.749052 -4.164074 2.740106 -4.305865 2.946084 12.17125 3.06111 12.02253 2.886185 12.17222 3.034428 -4.303936 3.058262 -4.301212 2.840865 -4.290317 2.84392 -4.301212 2.840865 -4.445508 2.886185 -4.304631 2.835263 -4.445508 12.02253 -4.290317 12.16151 -4.304631 12.17227 12.15846 2.789593 11.98675 3.142684 11.98281 3.140737 12.15846 2.789593 12.14025 2.785502 11.98303 3.142038 -4.164207 2.785502 -4.145851 2.781817 -4.043369 3.140737 11.98214 3.317332 11.76574 3.133198 11.98521 3.314542 -4.045043 11.98351 -4.047236 11.98521 -4.010812 12.19625 11.98351 3.316353 11.76574 3.133198 11.98214 3.317332 11.76574 3.133198 11.98359 2.976437 11.98432 3.077177 12.19625 3.116529 11.98432 3.077177 11.98418 2.997398 12.15097 2.449766 12.48546 3.066741 12.48212 3.06884 -4.143852 2.449766 -4.163961 2.451437 -4.099783 3.066827 12.13762 2.467441 12.48212 3.06884 12.48617 3.066827 -4.33938 12.40156 -4.09772 12.48447 -4.097385 12.69405 -4.144323 2.485188 -4.163886 2.475352 -4.278153 2.89042 12.13862 2.468176 12.02539 2.888375 12.02832 2.88843 -4.160089 2.468176 -4.144323 2.485188 -4.27988 2.888375 -4.279899 3.015081 -4.279897 3.018067 -4.448396 2.907164 -4.279897 12.02801 -4.193533 11.84956 -4.448396 12.06714 -4.116836 2.835077 -4.276877 3.018043 -4.448396 2.907164 11.84956 2.919579 12.04261 3.018043 12.17199 2.835077 12.02555 2.734515 11.84956 2.919579 12.02799 2.772866 -4.116836 2.835077 -4.281184 2.741383 -4.279882 2.772866 12.70256 1.430121 12.67328 2.849662 12.68601 2.849886 12.70926 1.428055 12.68076 2.84943 12.66917 1.427231 -5.089191 1.430121 -5.054376 2.849886 -5.055936 1.428055 12.68155 2.257995 12.77612 3.113425 12.78026 3.112571 -5.053231 2.254005 -4.998262 3.113425 -5.06853 2.257995 -5.057394 2.250054 -4.997934 3.112571 -4.994879 3.112578 -4.997225 3.242974 -4.845703 3.087658 -4.997191 3.2449 -4.845703 3.087658 -5.138589 3.114062 -4.997133 3.221924 12.69189 3.114062 12.77879 2.98575 12.95115 3.124338 12.95115 3.124338 12.77813 2.972357 12.68453 3.087658 12.95115 3.124338 12.77879 2.98575 12.77813 2.972357 -5.056242 2.458269 -5.320373 2.980948 -5.068036 2.439655 12.67779 2.458269 12.65955 2.98233 12.65611 2.980948 12.65824 3.090359 12.65856 3.10879 12.75108 3.006126 12.65856 3.10879 12.65985 2.89709 12.75108 3.006126 12.75108 3.006126 12.65985 2.89709 12.65819 2.858074 12.6786 2.298976 12.59478 2.807438 12.69427 2.304085 -5.054202 2.287946 -4.930123 2.805446 -5.066565 2.298976 12.68183 2.287946 12.59423 2.805612 12.59097 2.805446 -4.92994 12.59309 -5.045299 12.54565 -5.057573 12.6777 -5.057573 12.6777 -5.045299 12.54565 -4.927453 12.59458 -5.045299 2.800888 -4.929942 2.671873 -4.927453 2.726091 -5.045299 2.800888 -4.928529 2.710637 -4.929942 2.671873 12.69065 2.502935 12.98698 2.847911 12.98955 2.844537 12.68801 2.520269 12.98803 2.847749 12.68029 2.535492 12.68801 2.520269 12.98955 2.844537 12.98803 2.847749 -5.135903 12.98818 -5.154487 13.20415 -4.935021 12.9556 12.93292 2.839332 13.20415 2.833615 12.98839 3.010266 -5.135685 3.009788 -4.935021 2.82299 -5.297547 2.839332 -5.154487 13.20415 -5.297547 12.93292 -5.135939 12.98823 13.20415 2.833615 12.98823 2.706664 12.98727 2.688662 -5.297547 2.839332 -5.135943 2.688662 -5.135955 2.684351 12.67768 2.237456 12.54207 2.799981 12.68634 2.240466 -5.054643 2.256256 -5.156875 2.800855 -5.15401 2.802201 -5.154973 2.89252 -5.030042 2.753777 -5.154756 2.941953 -5.154973 2.89252 -5.214052 2.797514 -5.030042 2.753777 12.54411 2.89252 12.401 2.819849 12.60912 2.797514 12.54411 2.89252 12.54384 2.926481 12.401 2.819849 12.54384 2.926481 12.54266 2.941953 12.401 2.819849 12.54266 2.941953 12.62216 2.753777 12.401 2.819849 12.401 2.819849 12.54251 2.667848 12.60912 2.797514 -5.030042 2.753777 -5.153866 2.667848 -5.245232 2.819849 -5.214052 2.797514 -5.154972 2.700876 -5.030042 2.753777 12.60912 2.797514 12.54251 2.667848 12.5441 2.701094 12.68998 2.645596 12.72825 2.857055 12.73143 2.855776 -5.055036 2.635888 -4.950237 2.855776 -4.94749 2.854621 -5.067964 2.645596 -4.950237 2.855776 -5.055036 2.635888 -4.948918 2.973746 -4.96329 2.746131 -4.950776 2.976771 12.72777 2.973746 12.73061 2.948437 12.72834 2.742886 12.7294 2.976771 12.73087 2.746131 12.88782 2.791013 12.73061 2.948437 12.88782 2.791013 12.72834 2.742886 -5.056809 2.688439 -5.202874 3.061329 -5.068941 2.680182 12.67779 2.688439 12.75387 3.062711 12.75021 3.063397 -5.05731 2.684095 -5.202874 3.061329 -5.199313 3.062711 -5.343799 3.053324 -5.198727 2.993833 -5.199284 3.245898 12.75215 3.247821 12.59421 3.035622 12.86726 3.053324 12.75305 2.993833 12.59421 3.035622 12.75189 3.245898 12.86726 3.053324 12.59421 3.035622 12.75257 2.886855 12.59421 3.035622 12.75203 2.909113 12.75257 2.886855 12.67873 2.327567 12.43553 2.98498 12.69321 2.346337 -5.066755 2.327567 -4.96093 2.982842 -4.964606 2.982751 12.69321 2.346337 12.43386 2.982842 12.68556 2.329342 -4.963256 3.110093 -5.131133 2.948275 -4.963173 3.13568 -4.963256 3.110093 -4.963756 3.128615 -5.131133 2.948275 12.43433 3.128615 12.43446 3.13568 12.29209 2.976475 12.43446 3.13568 12.58814 2.960842 12.29209 2.976475 -5.131133 2.948275 -4.832897 2.960842 -4.963173 3.13568 -4.878412 2.976475 -5.131133 2.948275 -4.963756 3.128615 -4.832897 2.960842 -5.131133 2.948275 -4.963013 2.835731 -4.878412 2.976475 -4.963431 2.846598 -5.131133 2.948275 -5.131133 2.948275 -4.963431 2.846598 -4.963013 2.835731 12.29209 2.976475 12.43393 2.875424 12.43392 2.846598 12.29209 2.976475 12.43417 2.835731 12.43393 2.875424 12.68106 2.365183 12.81515 2.79551 12.81884 2.793339 12.68515 2.354738 12.81793 2.793397 12.81515 2.79551 12.69367 2.347117 12.81793 2.793397 12.68515 2.354738 -5.024385 12.81708 -4.89442 12.85877 -5.020518 12.80596 12.81707 2.931063 12.80596 2.931037 12.90298 2.826476 -5.155102 2.826476 -5.025449 2.62995 -4.89442 2.813291 -5.025449 2.62995 -5.023495 2.637244 -4.89442 2.813291 12.85877 2.813291 12.81757 2.637244 12.65356 2.73674 12.65356 2.73674 12.81708 2.670676 12.90298 2.826476 12.70256 1.430121 12.66917 1.427231 12.67328 2.849662 -5.070325 1.427231 -5.043658 2.84943 -5.054853 2.849662 -5.055936 1.428055 -5.054376 2.849886 -5.043658 2.84943 -5.053231 2.254005 -4.994879 3.112578 -4.998262 3.113425 12.68125 2.254005 12.69409 2.250054 12.77811 3.112578 12.69409 2.250054 12.68155 2.257995 12.78026 3.112571 12.7782 3.242974 12.95115 3.124338 12.68453 3.087658 -4.997133 3.221924 -4.997191 3.2449 -4.845703 3.087658 12.7782 3.242974 12.69189 3.114062 12.95115 3.124338 -4.997225 3.242974 -4.997133 3.221924 -5.138589 3.114062 -4.997402 2.98575 -5.138589 3.114062 -4.997069 3.001708 -5.138589 3.114062 -4.845703 3.087658 -4.997069 3.001708 -4.845703 3.087658 -4.997055 2.972357 -4.997069 3.001708 12.68523 2.439655 12.65611 2.980948 12.66005 2.980057 12.67779 2.458269 12.69445 2.456986 12.65955 2.98233 -5.058755 2.456986 -5.321863 2.980057 -5.319098 2.98233 -5.058755 2.456986 -5.068036 2.439655 -5.321863 2.980057 -5.320756 3.10879 -5.297893 2.984783 -5.309901 2.89709 12.65356 2.984783 12.65824 3.090359 12.75108 3.006126 12.65985 2.89709 12.65356 2.984783 12.63909 2.856627 12.65356 2.984783 12.75108 3.006126 12.65819 2.858074 12.63909 2.856627 12.65356 2.984783 12.65819 2.858074 12.6786 2.298976 12.59097 2.805446 12.59478 2.807438 12.68183 2.287946 12.69427 2.304085 12.59423 2.805612 -5.060195 2.304085 -4.931071 2.807438 -4.928093 2.805612 -4.929942 2.931258 -5.057573 2.872789 -4.928533 2.925081 -4.929942 2.931258 -4.92994 2.920661 -5.057573 2.872789 -4.92994 2.920661 -4.928533 2.925081 -5.045299 2.800888 -5.057573 2.872789 -4.927453 2.726091 -4.928533 2.925081 -4.928533 2.925081 -4.928529 2.710637 -5.045299 2.800888 12.59301 2.925081 12.59458 2.726091 12.59074 2.710637 12.69065 2.502935 12.68029 2.535492 12.98698 2.847911 -5.063953 12.68029 -5.133903 12.98803 -5.137745 12.98698 12.68801 2.520269 12.69065 2.502935 12.98955 2.844537 -5.135685 3.009788 -5.297547 2.839332 -5.135838 3.010266 -5.135685 3.009788 -5.135903 2.985955 -4.935021 2.82299 12.98818 2.985955 12.98839 3.010266 13.20415 2.833615 -4.935021 2.82299 -5.135943 2.688662 -5.297547 2.839332 -4.935021 12.9556 -5.154487 13.20415 -5.135943 12.98727 -5.297547 2.839332 -5.135955 2.684351 -5.135939 2.706664 12.68634 2.240466 12.54207 2.799981 12.54524 2.800855 12.67768 2.237456 12.69073 2.256256 12.54207 2.799981 12.69073 2.256256 12.54577 2.802201 12.54207 2.799981 -5.054643 2.256256 -5.069325 2.240466 -5.156875 2.800855 -5.153866 2.667848 -5.030042 2.753777 -5.154972 2.700876 12.60912 2.797514 12.5441 2.701094 12.54411 2.700876 12.68998 2.645596 12.67745 2.645388 12.72825 2.857055 -5.062834 2.645388 -4.94749 2.854621 -4.950718 2.857055 12.67745 2.645388 12.69022 2.635888 12.72835 2.854621 12.7294 2.976771 12.88782 2.791013 12.73061 2.948437 -4.948918 2.973746 -4.95176 2.742886 -4.96329 2.746131 12.72834 2.742886 12.88782 2.791013 12.72938 2.736937 -4.914434 12.88782 -4.96329 12.73087 -4.94924 12.72938 -5.056809 2.688439 -5.199737 3.063397 -5.202874 3.061329 12.67779 2.688439 12.69423 2.684095 12.75387 3.062711 -5.05731 2.684095 -5.068941 2.680182 -5.202874 3.061329 -5.201397 3.248861 -5.343799 3.053324 -5.199284 3.245898 -5.201459 3.247821 -5.199284 3.245898 -5.138535 3.035622 12.75215 3.247821 12.86726 3.053324 12.75345 3.248861 -5.343799 3.053324 -5.200628 2.886855 -5.198727 2.993833 12.59421 3.035622 12.75305 2.993833 12.75203 2.909113 12.67873 2.327567 12.43231 2.982751 12.43553 2.98498 -5.066755 2.327567 -5.052353 2.329342 -4.96093 2.982842 -5.063062 2.346337 -4.964357 2.98498 -4.96093 2.982842 12.58814 2.960842 12.43417 2.835731 12.29209 2.976475 -5.067719 2.365183 -5.052179 2.354738 -5.024838 2.79551 -5.060759 2.347117 -5.025455 2.793339 -5.022466 2.793397 12.69367 2.347117 12.68106 2.365183 12.81884 2.793339 -5.024385 2.927891 -5.024382 2.931063 -4.89442 2.813291 -5.024382 2.931063 -5.155102 2.826476 -4.89442 2.813291 -5.076547 2.73674 -5.020518 2.931037 -4.89442 2.813291 12.90298 2.826476 12.80596 2.931037 12.65356 2.73674 -5.025449 2.62995 -5.155102 2.826476 -5.024401 2.670676 12.65356 2.73674 12.81757 2.637244 12.81708 2.670676 13.79722 1.236024 13.76187 2.395535 13.77497 2.395717 13.79923 1.234274 13.76795 2.395345 13.75991 1.233576 -5.954467 1.236024 -5.920925 2.395717 -5.919099 1.234274 13.76983 2.182749 13.52737 2.400967 13.5296 2.403139 13.7792 2.1926 13.52737 2.400967 13.76983 2.182749 -5.933735 13.78056 -5.930294 13.53026 -5.919673 13.7792 -5.931901 2.501056 -5.931538 2.504771 -5.92819 2.376137 -5.931901 2.501056 -5.92819 2.376137 -5.975939 2.411046 13.52876 2.504771 13.67038 2.420432 13.5282 2.376137 13.51919 2.411046 13.52917 2.313137 13.67038 2.420432 -5.975939 2.411046 -5.931777 2.308411 -5.931958 2.313137 13.52917 2.313137 13.5282 2.376137 13.67038 2.420432 13.77776 2.146398 13.89174 2.405183 13.89516 2.40354 -5.92403 2.14649 -5.836339 2.403556 -5.84027 2.405183 13.78129 2.13273 13.89263 2.403556 13.76763 2.14649 -5.937222 2.146398 -5.839639 2.40354 -5.921502 2.13273 13.89314 2.507703 14.11268 2.388877 13.89183 2.526744 -5.838221 13.89183 -5.834928 14.11268 -5.619742 13.91806 -5.838221 2.526744 -5.619742 2.433305 -5.837053 2.239027 -5.834928 14.11268 -5.838192 13.89331 -5.619742 13.91806 -6.048221 13.88473 -5.838745 13.89328 -5.834928 14.11268 13.77202 1.855462 13.76496 2.455115 13.78492 1.860579 -5.920791 1.86755 -6.121255 2.456426 -6.124793 2.454976 13.78492 1.860579 13.76261 2.456426 13.77016 1.86755 -6.123552 2.563831 -6.123049 2.590013 -6.322961 2.458572 13.76539 2.592069 13.94305 2.436193 13.7625 2.590013 -6.322961 2.458572 -6.053219 2.436193 -6.122144 2.592069 -6.123049 2.590013 -6.126773 2.404658 -6.322961 2.458572 13.7625 2.590013 13.94305 2.436193 13.65338 2.404658 13.94305 2.436193 13.76286 2.351271 13.65338 2.404658 -6.322961 2.458572 -6.123557 2.357442 -6.123627 2.351271 13.76641 2.191682 13.70705 2.595859 13.70299 2.595405 -5.934667 2.19545 -5.829788 2.595859 -5.921959 2.193047 13.70509 2.696066 13.70512 2.72334 13.58356 2.562492 -5.827992 13.70512 -5.950405 13.73177 -5.760404 13.88019 -5.831426 2.7151 -5.753124 2.562492 -5.950405 2.681664 13.73177 2.681664 13.7075 2.487032 13.88019 2.55658 13.73177 2.681664 13.58356 2.562492 13.7075 2.487032 13.58356 2.562492 13.70498 2.47868 13.7075 2.487032 13.7075 2.487032 13.70509 2.469492 13.88019 2.55658 13.77627 2.187797 14.07864 2.351347 14.08031 2.348057 13.77299 2.198384 14.08061 2.349014 14.07864 2.351347 -5.922722 13.78032 -5.996208 14.08031 -5.992204 14.08061 14.08133 2.466434 14.18688 2.231203 13.95341 2.472255 13.95341 2.472255 13.89716 2.26565 14.1739 2.343312 14.18688 2.231203 13.89716 2.26565 13.95341 2.472255 -6.183364 2.343312 -5.858283 2.231203 -5.993133 2.466434 -5.858283 2.231203 -5.994414 2.224651 -5.99434 2.219405 -5.858283 2.231203 -5.994446 2.235153 -5.994414 2.224651 -6.00055 13.89716 -5.994446 14.07989 -6.183364 14.1739 13.89716 2.26565 14.07984 2.219405 14.07989 2.235153 13.77793 1.89346 13.56073 2.417499 13.56325 2.418087 13.78098 1.907602 13.56368 2.419628 13.76779 1.892127 -5.937223 1.89346 -6.068996 2.419628 -5.921473 1.907602 -6.071496 13.56286 -6.070786 13.56268 -6.101207 13.38769 13.38769 2.399 13.57203 2.50543 13.56286 2.547313 13.38769 2.399 13.56476 2.312674 13.57203 2.50543 -5.924069 2.044182 -5.751953 2.49333 -5.755639 2.494716 13.78236 2.037943 13.83389 2.49333 13.76726 2.044182 -5.936904 2.052128 -5.752709 2.493155 -5.921775 2.037943 13.83531 2.598871 13.83239 2.630314 14.00363 2.492897 -5.559596 2.522275 -5.756394 2.419539 -5.755605 2.630314 -5.755605 2.630314 -5.756394 2.419539 -5.862252 2.449661 -5.755707 14.00363 -5.862252 13.83646 -5.753541 13.83553 -5.925997 1.950403 -6.150316 2.43861 -5.935638 1.934899 13.78383 1.945585 13.88596 2.440755 13.7669 1.950403 -5.921864 1.945585 -6.150316 2.43861 -6.146808 2.439962 13.88707 2.492753 14.02715 2.442038 13.88793 2.563697 13.88789 2.53163 13.76422 2.42884 13.88707 2.492753 14.02715 2.442038 13.88785 2.334347 13.76422 2.42884 13.88707 2.492753 13.88742 2.321135 14.02715 2.442038 13.76422 2.42884 13.88785 2.334347 13.88787 2.353915 13.77051 2.114647 13.5445 2.310042 13.5469 2.313428 -5.92 13.77485 -5.842848 13.54651 -5.845343 13.5445 13.78164 2.137283 13.54651 2.311447 13.77485 2.111939 13.58126 2.470743 13.62701 2.298525 13.54489 2.430505 13.62701 2.298525 13.40894 2.269661 13.54489 2.430505 13.40894 2.269661 13.54796 2.18389 13.58126 2.470743 13.62701 2.298525 13.54592 2.191547 13.40894 2.269661 -5.712411 2.298525 -5.845079 2.183254 -5.844931 2.191547 -5.712411 13.62701 -5.847742 13.54796 -5.845079 13.54597 13.79722 1.236024 13.75991 1.233576 13.76187 2.395535 -5.939905 1.233576 -5.910623 2.395345 -5.923302 2.395535 -5.919099 1.234274 -5.920925 2.395717 -5.910623 2.395345 13.78056 2.193733 13.76983 2.182749 13.5296 2.403139 13.7792 2.1926 13.53026 2.403863 13.52737 2.400967 -5.933735 13.78056 -5.934056 13.5296 -5.930294 13.53026 13.52876 2.504771 13.51919 2.411046 13.67038 2.420432 -5.975939 2.411046 -5.92819 2.376137 -5.931777 2.308411 -5.937222 2.146398 -5.92403 2.14649 -5.84027 2.405183 -5.921502 2.13273 -5.839639 2.40354 -5.836339 2.403556 13.89314 2.507703 13.89329 2.529591 14.11268 2.388877 -5.838647 2.529591 -5.838221 2.526744 -6.048221 2.448115 -5.838647 13.89329 -6.048221 13.88473 -5.834928 14.11268 -5.838221 2.526744 -5.837053 2.239027 -6.048221 2.448115 -6.048221 13.88473 -5.837053 13.73538 -5.838745 13.89328 -5.619742 13.91806 -5.838192 13.89331 -5.837053 13.73538 13.89331 2.277797 14.11268 2.388877 13.89328 2.29188 13.77202 1.855462 13.76106 2.454976 13.76496 2.455115 -5.935493 1.855462 -5.920791 1.86755 -6.124793 2.454976 -5.930169 1.860579 -6.124701 2.455115 -6.121255 2.456426 -6.122144 2.592069 -6.123552 2.563831 -6.322961 2.458572 -6.053219 13.94305 -6.322961 13.75444 -6.123627 13.76286 -6.322961 13.75444 -6.126773 13.65338 -6.123557 13.7629 13.78131 2.19545 13.76641 2.191682 13.7051 2.596369 -5.927516 2.191682 -5.830578 2.595405 -5.833694 2.596369 13.76641 2.191682 13.78287 2.193047 13.70705 2.595859 -5.934667 2.19545 -5.833694 2.596369 -5.829788 2.595859 -5.827992 2.72334 -5.831426 2.7151 -5.950405 2.681664 13.70491 2.7151 13.70509 2.696066 13.58356 2.562492 13.70512 2.72334 13.88019 2.55658 13.58356 2.562492 13.58356 2.562492 13.88019 2.55658 13.70509 2.469492 13.58356 2.562492 13.70509 2.469492 13.70498 2.47868 -5.936171 13.77627 -5.922021 13.77299 -5.994845 14.07864 13.77299 2.198384 13.78032 2.185986 14.08061 2.349014 -5.922722 13.78032 -5.936171 13.77627 -5.996208 14.08031 -5.993133 2.466434 -5.99444 2.46948 -6.183364 2.343312 -5.99444 14.07986 -5.976273 13.95341 -6.183364 14.1739 14.07986 2.46948 14.07986 2.500282 13.95341 2.472255 14.07986 2.500282 14.08133 2.466434 13.95341 2.472255 -5.858283 14.18688 -6.183364 14.1739 -5.994446 14.07989 -6.00055 13.89716 -5.858283 14.18688 -5.99434 14.07984 -5.937223 1.89346 -5.924021 1.892127 -6.071031 2.417499 13.76779 1.892127 13.56368 2.419628 13.56073 2.417499 -5.937223 1.89346 -6.073006 2.418087 -6.068996 2.419628 -6.070786 2.547685 -6.071833 2.50543 -5.888333 2.426541 -6.070786 13.56268 -5.888333 13.56726 -6.101207 13.38769 -6.071833 2.50543 -6.069286 2.312674 -5.888333 2.426541 -6.101207 13.38769 -5.888333 13.56726 -6.070694 13.56262 -5.888333 2.426541 -6.070806 2.295134 -6.070694 2.298025 -5.888333 2.426541 -6.069286 2.312674 -6.070806 2.295134 13.38769 2.399 13.56262 2.298025 13.56476 2.312674 -5.936904 2.052128 -5.924069 2.044182 -5.755639 2.494716 13.78236 2.037943 13.83735 2.493155 13.83389 2.49333 -5.936904 2.052128 -5.755639 2.494716 -5.752709 2.493155 -5.753697 2.598516 -5.753715 2.598871 -5.559596 2.522275 -5.753715 13.83531 -5.755707 14.00363 -5.559596 13.83351 -5.753697 2.598516 -5.559596 2.522275 -5.755605 2.630314 13.83239 2.630314 13.83646 2.449661 14.00363 2.492897 -5.559596 2.522275 -5.753541 2.370053 -5.756394 2.419539 -5.559596 13.83351 -5.755707 14.00363 -5.753541 13.83553 -5.925997 1.950403 -6.147194 2.440755 -6.150316 2.43861 13.78383 1.945585 13.88974 2.439962 13.88596 2.440755 -5.921864 1.945585 -5.935638 1.934899 -6.150316 2.43861 13.88789 2.53163 13.88793 2.563697 13.76422 2.42884 13.76422 2.42884 13.88793 2.563697 14.02715 2.442038 13.88707 2.492753 13.76422 2.42884 13.88742 2.321135 14.02715 2.442038 13.88742 2.321135 13.88785 2.334347 13.88742 2.321135 13.76422 2.42884 13.88787 2.353915 13.78164 2.137283 13.77051 2.114647 13.5469 2.313428 -5.934905 13.77051 -5.92 13.77485 -5.845343 13.5445 -5.927833 13.78164 -5.846217 13.5469 -5.842848 13.54651 -5.857731 2.470743 -5.845384 2.441351 -5.871244 2.269661 13.54559 2.441351 13.54489 2.430505 13.40894 2.269661 -5.712411 2.298525 -5.857731 2.470743 -5.847742 2.18389 13.54796 2.18389 13.40894 2.269661 13.54592 2.191547 -6.433001 1.109186 -6.458293 1.92339 -6.450693 1.923517 -6.436286 1.107972 -6.456236 1.923258 -6.457364 1.107488 13.58127 1.109186 13.56386 1.923517 13.55967 1.107972 -6.453388 1.75781 -6.388772 1.986162 -6.390931 1.986116 -6.444089 1.750916 -6.388772 1.986162 -6.453388 1.75781 13.56581 1.750916 13.64945 1.985288 13.64743 1.986162 -6.389667 2.079733 -6.474688 1.990768 -6.394409 2.013916 13.55531 1.968616 13.69943 1.990768 13.64881 2.079733 -6.474688 1.990768 -6.389439 1.878742 -6.394409 2.013916 13.55531 1.968616 13.64879 1.893144 13.69943 1.990768 13.55531 1.968616 13.64857 1.90606 13.64879 1.893144 13.55531 1.968616 13.64959 1.878742 13.64857 1.90606 13.6338 2.002974 13.64959 1.878742 13.55531 1.968616 13.57301 1.588828 13.55499 2.064136 13.55305 2.064416 -6.454604 1.584554 -6.531653 2.064136 -6.446634 1.588828 13.57301 1.588828 13.55305 2.064416 13.5622 1.5869 -6.531435 2.123878 -6.64359 2.064322 -6.531431 2.139008 -6.531435 13.55357 -6.533163 13.42108 -6.64359 13.56197 13.55357 2.123878 13.55357 2.136352 13.42108 2.053087 13.55357 2.136352 13.55363 2.139008 13.63947 2.054613 -6.531431 2.139008 -6.64359 2.064322 -6.442912 2.054613 -6.442912 2.054613 -6.531427 1.997977 -6.531435 1.991436 -6.64359 2.064322 -6.531454 2.005252 -6.531427 1.997977 -6.452805 13.56338 -6.328066 13.50324 -6.447594 13.573 -6.447709 1.82697 -6.32726 1.906087 -6.452805 1.83406 -6.447709 13.56554 -6.326395 13.50476 -6.32726 13.50243 -6.327234 13.50342 -6.210558 13.47314 -6.375821 13.41825 -6.326511 2.001675 -6.210558 1.919564 -6.327234 1.987445 13.41825 1.940062 13.57021 1.883023 13.50428 2.001675 13.41825 1.940062 13.49475 1.809782 13.57021 1.883023 -6.453754 1.803766 -6.476189 2.039328 -6.474251 2.03889 -6.448367 1.808542 -6.473724 2.040063 -6.476189 2.039328 13.5714 1.804736 13.67108 2.040063 13.5628 1.808542 -6.410771 2.012788 -6.551253 2.002889 -6.47553 2.15668 13.75957 2.010497 13.67209 1.942653 13.67212 1.933874 -6.44363 1.69801 -6.517473 1.99534 -6.515241 1.995416 13.57135 1.695217 13.41855 1.994013 13.42088 1.99534 13.56869 1.69801 13.41855 1.994013 13.56329 1.686517 13.41979 2.063148 13.39032 1.986671 13.41813 2.071595 13.41979 2.063148 13.47088 2.025662 13.39032 1.986671 -6.515932 2.071595 -6.581343 1.986072 -6.516569 2.069044 13.47088 2.025662 13.41983 1.917482 13.39032 1.986671 -6.581343 1.986072 -6.51683 1.917482 -6.446792 2.025662 13.41331 1.991894 13.41983 1.917482 13.49445 1.986072 -6.446313 1.682411 -6.318183 1.868623 -6.453384 1.693128 13.56256 1.682411 13.62378 1.86716 13.6218 1.868623 -6.318419 13.62316 -6.273805 13.52344 -6.42714 13.60988 -6.318419 13.62316 -6.251654 13.73551 -6.273805 13.52344 13.62316 1.934794 13.62323 1.93052 13.73551 1.876029 -6.318419 1.933554 -6.42714 1.90348 -6.318389 1.93052 -6.318389 13.62323 -6.42714 13.60988 -6.251654 13.73551 13.62313 1.79593 13.62316 1.815595 13.52344 1.895316 13.62317 1.806283 13.62313 1.79593 13.73551 1.876029 13.56725 1.519478 13.6421 1.868464 13.64457 1.867784 -6.448275 1.534169 -6.636264 1.868464 -6.453599 1.519478 13.57331 1.529007 13.64381 1.869582 13.56285 1.534169 13.64337 1.94727 13.55911 1.867244 13.64421 1.959542 13.65468 1.87624 13.55911 1.867244 13.64337 1.94727 -6.65968 1.824239 -6.635595 1.783835 -6.63826 1.87624 -6.452822 1.642478 -6.396641 1.984809 -6.394072 1.984346 13.56228 1.634569 13.47735 1.984809 13.57183 1.642478 13.56228 1.634569 13.47765 1.984346 13.47566 1.984007 -6.395334 13.47693 -6.383722 13.53522 -6.308889 13.42268 -6.308889 1.98565 -6.416309 1.945019 -6.395726 2.079145 13.53522 2.056671 13.47779 1.915911 13.42268 1.98565 -6.392029 1.915911 -6.395288 1.893723 -6.308889 1.98565 -6.45278 1.543425 -6.401378 2.068067 -6.443903 1.544328 13.56244 1.551937 13.72273 2.068119 13.57247 1.543425 -6.451223 1.551937 -6.401378 2.068067 -6.403298 2.068948 13.7218 2.154039 13.62132 2.06808 13.72298 2.12017 -6.279163 2.077876 -6.404044 2.12017 -6.40208 1.977424 13.62132 2.06808 13.72202 1.967351 13.72298 2.12017 -6.279163 2.077876 -6.40208 1.977424 -6.435443 2.06808 -6.403579 1.967351 -6.40208 1.977424 -6.404044 2.12017 13.62132 2.06808 13.7218 2.000998 13.72202 1.967351 -6.433001 1.109186 -6.457364 1.107488 -6.458293 1.92339 13.57723 1.107488 13.55853 1.923258 13.56696 1.92339 -6.436286 1.107972 -6.450693 1.923517 -6.456236 1.923258 -6.448508 1.747378 -6.390931 1.986116 -6.388608 1.985288 13.57319 1.747378 13.56457 1.75781 13.64913 1.986116 13.56581 1.750916 13.57319 1.747378 13.64945 1.985288 -6.349919 2.002974 -6.427162 1.968616 -6.389667 2.079733 -6.394409 2.013916 -6.389439 1.878742 -6.349919 2.002974 -6.389439 1.878742 -6.474688 1.990768 -6.389706 1.893144 13.56995 1.584554 13.55317 2.063777 13.55499 2.064136 13.56995 1.584554 13.5622 1.5869 13.55317 2.063777 -6.448526 1.5869 -6.530136 2.064416 -6.532817 2.063777 13.55357 2.136352 13.63947 2.054613 13.42108 2.053087 13.42108 2.053087 13.55357 1.991436 13.55358 2.005252 13.42108 2.053087 13.63947 2.054613 13.55357 1.991436 -6.442912 2.054613 -6.64359 2.064322 -6.531427 1.997977 -6.64359 13.56197 -6.533163 13.42108 -6.531454 13.55358 -6.447594 1.83374 -6.328066 1.908305 -6.326395 1.906742 -6.452805 1.83406 -6.32726 1.906087 -6.328066 1.908305 13.56554 1.82697 13.573 1.83374 13.50476 1.906742 13.5035 1.976554 13.50342 1.987445 13.41825 1.940062 13.5035 1.976554 13.41825 1.940062 13.50428 2.001675 -6.326511 2.001675 -6.301371 1.883023 -6.210558 1.919564 13.41825 1.940062 13.50234 1.803424 13.49475 1.809782 -6.375821 1.940062 -6.210558 1.919564 -6.32743 1.803424 13.47314 1.919564 13.57021 1.883023 13.50234 1.803424 -6.445056 1.804736 -6.453754 1.803766 -6.474251 2.03889 13.57124 1.803766 13.5628 1.808542 13.67197 2.039328 13.5714 1.804736 13.67333 2.03889 13.67108 2.040063 13.6721 2.14 13.58711 2.012788 13.67182 2.15668 -6.474733 2.14 -6.471637 2.151487 -6.410771 2.012788 -6.471637 2.151487 -6.47553 2.15668 -6.464605 2.010497 13.67309 2.151487 13.75957 2.010497 13.58711 2.012788 13.67182 2.15668 13.60446 2.002889 13.75957 2.010497 13.75957 2.010497 13.67214 1.938648 13.58711 2.012788 -6.551253 13.60446 -6.410771 13.58711 -6.474718 13.67209 13.58711 2.012788 13.67214 1.938648 13.67209 1.942653 13.75957 2.010497 13.67212 1.933874 13.67214 1.938648 13.75957 2.010497 13.60446 2.002889 13.67209 1.942653 -6.44363 1.69801 -6.454079 1.695217 -6.517473 1.99534 13.57135 1.695217 13.56329 1.686517 13.41855 1.994013 13.56869 1.69801 13.41999 1.995416 13.41855 1.994013 -6.516558 2.063148 -6.516569 2.069044 -6.446792 2.025662 -6.446792 2.025662 -6.516569 2.069044 -6.581343 1.986072 13.41813 2.071595 13.41331 1.991894 13.49445 1.986072 13.41813 2.071595 13.39032 1.986671 13.41331 1.991894 -6.448734 1.677929 -6.319251 1.868631 -6.317668 1.86716 -6.448734 1.677929 -6.453384 1.693128 -6.319251 1.868631 13.56816 1.693128 13.6218 1.868623 13.62433 1.868631 13.56256 1.682411 13.57292 1.677929 13.62378 1.86716 13.62316 1.933554 13.62316 1.934794 13.73551 1.876029 -6.42714 1.90348 -6.321296 1.806283 -6.251654 1.876029 -6.42714 1.90348 -6.273805 1.895316 -6.321296 1.806283 13.52344 1.895316 13.73551 1.876029 13.62313 1.79593 13.62317 1.806283 13.52344 1.895316 13.62316 1.815595 -6.446533 1.529007 -6.635948 1.867784 -6.63444 1.869582 -6.446533 1.529007 -6.453599 1.519478 -6.635948 1.867784 -6.448275 1.534169 -6.63444 1.869582 -6.636264 1.868464 -6.636892 1.959542 -6.65968 1.824239 -6.63826 1.87624 13.64421 1.959542 13.55911 1.867244 13.64555 1.824239 13.55911 1.867244 13.65468 1.87624 13.64375 1.783835 -6.65968 1.824239 -6.599663 1.867244 -6.635536 1.793461 13.55911 1.867244 13.64375 1.783835 13.64347 1.793461 -6.443813 1.636702 -6.452822 1.642478 -6.394072 1.984346 13.56228 1.634569 13.47566 1.984007 13.47735 1.984809 13.56228 1.634569 13.56971 1.636702 13.47765 1.984346 -6.395726 2.079145 -6.395334 2.057211 -6.308889 1.98565 13.47693 2.057211 13.47694 2.062126 13.53522 2.056671 13.47694 2.062126 13.47678 2.079145 13.53522 2.056671 13.47678 2.079145 13.48332 1.944676 13.53522 2.056671 13.48332 1.944676 13.47678 2.079145 13.3733 1.945019 -6.383722 2.056671 -6.439498 1.944676 -6.392029 1.915911 -6.308889 13.42268 -6.395288 13.47693 -6.416309 13.3733 13.3733 1.945019 13.47693 1.893723 13.48332 1.944676 -6.45278 1.543425 -6.40401 2.068119 -6.401378 2.068067 13.56244 1.551937 13.72057 2.068948 13.72273 2.068119 13.56244 1.551937 13.56877 1.544328 13.72206 2.068067 13.7218 2.154039 13.72175 2.164799 13.62132 2.06808 -6.402807 2.164799 -6.279163 2.077876 -6.435443 2.06808 -6.402807 2.164799 -6.404044 2.12017 -6.279163 2.077876 13.62132 2.06808 13.72213 1.977424 13.7218 2.000998 12.2391 1.002006 12.20585 2.546693 12.22243 2.546934 12.25235 0.9999002 12.21709 2.546442 12.1984 0.9990602 -6.586521 1.002006 -6.539115 2.546934 -6.544327 0.9999002 12.22972 1.8391 12.0323 2.647087 12.03753 2.648653 -6.535769 1.847163 -6.734679 2.647087 -6.551185 1.830475 -6.535769 1.847163 -6.735219 2.648653 -6.73099 2.649286 -6.733684 2.82383 -6.458952 2.679971 -6.733655 2.82684 -6.733684 12.03498 -6.86747 11.91053 -6.911256 12.22913 -6.458952 2.679971 -6.911256 2.671731 -6.733359 2.470826 11.91053 2.708392 12.03512 2.448126 12.22913 2.671731 -6.458952 2.679971 -6.733359 2.470826 -6.86747 2.708392 -6.86747 2.708392 -6.733658 2.498833 -6.733821 2.448126 12.20951 1.834301 12.25069 2.724214 12.23046 1.836451 12.20951 1.834301 12.24615 2.723504 12.25069 2.724214 12.22813 1.826667 12.24935 2.722558 12.20951 1.834301 -6.538808 1.826667 -6.330456 2.724214 -6.325451 2.722558 12.2477 2.909727 12.48873 2.686429 12.19095 2.575101 12.24637 2.812032 12.24826 2.565 12.25129 2.84444 -6.323371 2.909727 -6.203117 2.575101 -6.328077 2.812032 12.25129 2.84444 12.24826 2.565 12.48873 2.686429 -6.328077 2.812032 -6.203117 2.575101 -6.329538 2.565 -6.203117 2.575101 -6.328135 2.595894 -6.329538 2.565 -6.203117 2.575101 -6.328286 2.562136 -6.328135 2.595894 -6.235343 12.48873 -6.328286 12.24907 -6.203117 12.19095 12.48873 2.686429 12.24826 2.565 12.24907 2.562136 -6.540577 2.00314 -6.83776 2.590233 -6.557214 1.977748 12.21566 2.00314 12.43722 2.591749 12.43276 2.593532 12.23176 1.97972 12.43722 2.591749 12.21566 2.00314 -6.546591 1.97972 -6.83776 2.590233 -6.833374 2.591749 -6.835048 2.728601 -6.602424 2.627099 -6.835146 2.737605 -6.835048 12.43478 -6.931994 12.66331 -6.660981 12.59716 12.43472 2.722274 12.66331 2.612546 12.43478 2.728601 -6.835044 12.43472 -7.048811 12.32626 -6.931994 12.66331 -6.835146 2.737605 -6.602424 2.627099 -6.835044 2.722274 -6.835048 12.43478 -6.660981 12.59716 -6.602424 12.33111 -6.835044 12.43472 -6.602424 12.33111 -7.048811 12.32626 -6.602424 2.627099 -6.895175 2.45293 -7.048811 2.624412 -6.931994 12.66331 -6.835105 12.43479 -6.660981 12.59716 12.26591 2.45293 12.43484 2.464223 12.43479 2.458062 12.26591 2.45293 12.43477 2.474256 12.43484 2.464223 -6.537465 2.14942 -6.53018 2.537575 -6.534659 2.53657 12.23152 2.165149 12.08126 2.537575 12.21668 2.14942 -6.547214 2.618961 -6.522207 2.67317 -6.334124 2.541773 -6.522207 2.67317 -6.531929 2.425023 -6.334124 2.541773 -6.522207 2.67317 -6.652626 2.520742 -6.531929 2.425023 11.94404 2.541773 12.09754 2.425023 12.08102 2.402071 -6.652626 2.520742 -6.533349 2.402071 -6.533302 2.435378 -6.545852 2.036408 -6.41843 2.742961 -6.559206 2.033083 -6.545852 2.036408 -6.414373 2.740938 -6.41843 2.742961 -6.559206 2.033083 -6.419503 2.741329 -6.538691 2.019767 -6.417295 2.855947 -6.417279 2.873487 -6.243391 2.687508 -6.417419 12.45503 -6.421944 12.23518 -6.652715 12.50731 12.45494 2.855947 12.23518 2.769404 12.45503 2.857169 -6.417279 2.873487 -6.652715 2.776376 -6.243391 2.687508 -6.652715 2.776376 -6.417689 2.613591 -6.243391 2.687508 -6.421944 12.23518 -6.417689 12.45531 -6.652715 12.50731 12.45422 2.589667 12.45531 2.613591 12.23518 2.769404 -6.537527 1.790376 -6.762357 2.592229 -6.557106 1.774932 12.21667 1.790376 12.17355 2.592474 12.1684 2.592229 -6.557106 1.774932 -6.762968 2.592474 -6.543678 1.788286 -6.764021 2.731673 -6.565918 2.59089 -6.764088 2.7493 12.1707 2.731673 12.39192 2.592039 12.02547 2.59089 12.17069 2.752358 12.17068 2.7493 12.39192 2.592039 -6.565918 2.59089 -7.000288 2.551477 -6.764088 2.7493 -6.565918 2.59089 -6.764018 2.408708 -6.764111 2.425904 -6.565918 2.59089 -6.764018 2.444182 -6.764018 2.408708 12.39192 2.592039 12.17073 2.425904 12.17069 2.444182 -6.552405 2.190182 -6.394989 2.601655 -6.397671 2.603513 -6.538251 2.180261 -6.394989 2.601655 -6.552405 2.190182 -6.395086 2.731069 -6.297966 2.576753 -6.385177 2.733023 12.13754 2.733023 12.13266 2.53808 12.14811 2.630163 12.13754 2.733023 12.03107 2.576753 12.13266 2.53808 12.14811 2.630163 12.13266 2.53808 12.14334 2.461292 12.03107 2.576753 12.14334 2.461292 12.14276 2.460863 12.21211 1.959457 12.54031 2.838484 12.23094 1.943973 -6.535823 1.958684 -6.675831 2.841022 -6.554698 1.959457 -6.552034 1.943973 -6.673908 2.839521 -6.535823 1.958684 -6.676156 3.000623 -6.810483 2.839018 -6.674567 2.971044 12.53813 2.981759 12.32724 2.801336 12.70764 2.839018 12.55287 2.971044 12.32724 2.801336 12.53813 2.981759 12.70764 2.839018 12.54292 2.697562 12.55287 2.971044 12.32724 2.801336 12.53798 2.70374 12.70764 2.839018 -6.810483 12.70764 -6.676629 12.53809 -6.673793 12.54292 12.54292 2.697562 12.53798 2.70374 12.32724 2.801336 12.21225 2.269473 11.91575 2.725077 12.22608 2.278354 -6.541221 2.269473 -6.682368 2.727615 -6.686163 2.725077 12.2258 2.290488 11.91738 2.727615 12.21225 2.269473 -6.539033 2.290488 -6.687213 2.727901 -6.682368 2.727615 -6.685406 2.951009 -6.62961 2.838672 -6.804878 2.713998 11.92346 2.786623 11.9181 2.515772 11.83888 2.838672 -6.804878 2.713998 -6.685067 2.515772 -6.679854 2.786623 12.2391 1.002006 12.1984 0.9990602 12.20585 2.546693 -6.557481 0.9990602 -6.524498 2.546442 -6.537985 2.546693 -6.544327 0.9999002 -6.539115 2.546934 -6.524498 2.546442 12.22972 1.8391 12.2114 1.830475 12.0323 2.647087 -6.535769 1.847163 -6.73099 2.649286 -6.734679 2.647087 -6.535769 1.847163 -6.555966 1.8391 -6.735219 2.648653 -6.733684 2.82383 -6.911256 2.671731 -6.458952 2.679971 -6.733684 2.82383 -6.733676 2.807726 -6.86747 2.708392 -6.733676 2.807726 -6.733655 2.82684 -6.86747 2.708392 -6.733655 2.82684 -6.458952 2.679971 -6.86747 2.708392 12.03545 2.470826 12.22913 2.671731 12.03512 2.448126 -6.86747 2.708392 -6.733359 2.470826 -6.733658 2.498833 12.20951 1.834301 12.24935 2.722558 12.24615 2.723504 -6.538808 1.826667 -6.554088 1.836451 -6.330456 2.724214 12.25129 2.84444 12.48873 2.686429 12.2477 2.909727 -6.540577 2.00314 -6.83409 2.593532 -6.83776 2.590233 12.23176 1.97972 12.21943 1.977748 12.4343 2.590233 -7.048811 12.32626 -6.895175 12.26591 -6.931994 12.66331 -6.602424 12.33111 -6.660981 12.59716 -6.895175 12.26591 -6.660981 2.586235 -6.835105 2.458062 -6.835095 2.474256 -6.931994 12.66331 -6.895175 12.26591 -6.835105 12.43479 -6.895175 12.26591 -6.660981 12.59716 -6.835095 12.43477 12.21935 2.154321 12.07885 2.53657 12.08313 2.538791 -6.55929 2.154321 -6.537465 2.14942 -6.534659 2.53657 -6.547849 2.165149 -6.535176 2.538791 -6.53018 2.537575 12.23152 2.165149 12.21935 2.154321 12.08313 2.538791 -6.547214 2.618961 -6.334124 2.541773 -6.533349 2.402071 -6.531929 12.09754 -6.652626 12.11608 -6.533302 12.08111 -6.652626 2.520742 -6.547214 2.618961 -6.533349 2.402071 12.22207 2.033083 12.45266 2.742961 12.45711 2.741329 12.21056 2.036408 12.22707 2.019767 12.45518 2.740938 -6.538691 2.019767 -6.419503 2.741329 -6.414373 2.740938 -6.417279 2.873487 -6.417419 2.857169 -6.652715 2.776376 12.45494 2.855947 12.48818 2.687508 12.23518 2.769404 -6.421944 12.23518 -6.243391 12.48818 -6.41741 12.45422 -6.41741 2.589667 -6.243391 2.687508 -6.417397 2.636979 -6.243391 2.687508 -6.417689 2.613591 -6.417397 2.636979 -6.557106 1.774932 -6.762357 2.592229 -6.76667 2.590616 12.21667 1.790376 12.23173 1.788286 12.17355 2.592474 -6.557106 1.774932 -6.76667 2.590616 -6.762968 2.592474 12.1707 2.731673 12.17069 2.752358 12.39192 2.592039 12.39192 2.592039 12.17068 2.7493 12.00451 2.551477 -6.820067 12.39192 -7.000288 12.00451 -6.764111 12.17073 -7.000288 12.00451 -6.565918 12.02547 -6.764111 12.17073 12.02547 2.59089 12.39192 2.592039 12.17069 2.444182 12.23207 2.197676 12.2109 2.190182 12.1424 2.603513 12.217 2.180261 12.14493 2.601967 12.13998 2.601655 12.217 2.180261 12.23207 2.197676 12.14493 2.601967 -6.549868 2.197676 -6.397671 2.603513 -6.393139 2.601967 12.14279 2.731069 12.14811 2.630163 12.03107 2.576753 12.03107 2.576753 12.14811 2.630163 12.14334 2.461292 12.13266 2.53808 12.03107 2.576753 12.14276 2.460863 12.21211 1.959457 12.53571 2.841022 12.54031 2.838484 12.22067 1.958684 12.53979 2.839521 12.53571 2.841022 -6.552034 1.943973 -6.678181 2.838484 -6.673908 2.839521 12.53854 3.000623 12.53813 2.981759 12.70764 2.839018 12.55287 2.971044 12.54292 2.697562 12.32724 2.801336 12.70764 2.839018 12.53798 2.70374 12.53809 2.692846 12.22608 2.278354 11.91575 2.725077 11.91996 2.727901 -6.539033 2.290488 -6.558004 2.278354 -6.687213 2.727901 -6.679854 2.786623 -6.685406 2.951009 -6.804878 2.713998 11.91777 2.951009 11.91769 2.920012 11.83888 2.838672 11.91769 2.920012 11.92346 2.786623 11.83888 2.838672 -6.804878 2.713998 -6.62961 2.838672 -6.685754 2.524408 -6.804878 2.713998 -6.685754 2.524408 -6.685067 2.515772 14.33432 2.049412 14.36024 3.707761 14.34392 3.708022 14.31494 2.04691 14.34708 3.70749 14.37051 2.045912 -6.287128 2.049412 -6.33672 3.708022 -6.327131 2.04691 -6.327826 3.403431 -6.444009 3.71553 -6.439893 3.718636 14.33841 3.417521 14.6358 3.71553 14.35462 3.403431 -6.319184 14.34363 -6.443932 14.63191 -6.336126 14.33841 -6.442663 3.858679 -6.443213 3.863993 -6.447364 3.680018 -6.442663 3.858679 -6.447364 3.680018 -6.396397 3.729945 14.63424 3.863993 14.48263 3.74337 14.63328 3.680018 14.66675 3.729945 14.63397 3.589915 14.48263 3.74337 -6.396397 3.729945 -6.442844 3.583155 -6.442528 3.589915 14.63397 3.589915 14.63328 3.680018 14.48263 3.74337 14.34855 3.351442 14.16974 3.72156 14.16548 3.71921 -6.336663 3.351574 -6.377937 3.719233 -6.37381 3.72156 14.33687 3.331894 14.16682 3.719233 14.35392 3.351574 14.34855 3.351442 14.16548 3.71921 14.33687 3.331894 14.16737 3.868185 13.91122 3.698239 14.16865 3.895418 -6.376142 14.16865 -6.273398 13.91122 -6.616572 14.03285 -6.376142 3.895418 -6.616572 3.761781 -6.452978 3.483921 -6.273398 13.91122 -6.37546 14.16692 -6.616572 14.03285 14.27819 3.782962 14.16722 3.559513 13.91122 3.698239 14.35436 2.935341 14.45383 3.792974 14.33686 2.94266 -6.339193 2.952629 -6.110623 3.794848 -6.10727 3.792775 -6.321212 2.94266 -6.110623 3.794848 -6.339193 2.952629 -6.107819 3.948461 -6.108598 3.985906 -5.880909 3.797918 14.4521 3.988847 14.21304 3.765912 14.45589 3.985906 14.56167 3.797918 14.21304 3.765912 14.4521 3.988847 -6.108598 3.985906 -6.15693 3.720809 -5.880909 3.797918 14.45589 3.985906 14.21304 3.765912 14.58408 3.720809 14.21304 3.765912 14.45574 3.644454 14.58408 3.720809 -5.880909 3.797918 -6.107817 3.65328 -6.107752 3.644454 14.35701 3.416207 14.37862 3.994268 14.38371 3.993619 -6.317743 3.421598 -6.47506 3.994268 -6.331708 3.418159 -6.474194 4.137585 -6.478073 4.176593 -6.623451 3.946545 -6.478073 14.37999 -6.323411 14.40818 -6.471898 14.14458 -6.474198 4.164808 -6.623451 3.946545 -6.323411 4.116987 14.40818 4.116987 14.37996 3.838621 14.14458 3.938091 -6.323411 4.116987 -6.623451 3.946545 -6.470382 3.838621 -6.623451 3.946545 -6.474056 3.826677 -6.470382 3.838621 14.37996 3.838621 14.38165 3.813536 14.14458 3.938091 14.34977 3.410652 14.02782 3.644563 14.02654 3.639858 14.34674 3.425793 14.02425 3.641227 14.02782 3.644563 -6.332055 14.33859 -6.102193 14.02654 -6.106684 14.02425 14.02387 3.809161 13.83653 3.472731 14.16391 3.817487 -6.186509 3.817487 -6.185528 3.521997 -5.840235 3.633071 13.83653 3.472731 14.24079 3.521997 14.16391 3.817487 -5.840235 3.633071 -6.210545 3.472731 -6.105262 3.809161 13.83653 3.472731 14.02617 3.463361 14.02618 3.455857 13.83653 3.472731 14.02618 3.478381 14.02617 3.463361 -6.185528 14.24079 -6.104437 14.02618 -5.840235 14.00842 14.24079 3.521997 14.02618 3.455857 14.02618 3.478381 -6.31641 2.989687 -6.266202 3.739174 -6.262697 3.740016 14.33722 3.009912 14.66011 3.74222 14.35372 2.987781 14.34835 2.989687 14.66011 3.74222 14.33722 3.009912 -6.264637 3.924837 -6.265547 3.925369 -6.314732 3.712716 14.87952 3.712716 14.65181 3.864935 14.66227 3.924837 14.87952 3.712716 14.659 3.589253 14.65181 3.864935 -6.336796 3.205251 -6.504027 3.847628 -6.499492 3.849612 14.33577 3.196328 14.19414 3.847628 14.35436 3.205251 -6.317198 3.216616 -6.501481 3.847379 -6.33217 3.196328 14.19335 3.998575 14.19764 4.043546 13.99933 3.84701 -6.727035 3.889027 -6.500406 3.742092 -6.500522 4.043546 -6.500522 4.043546 -6.500406 3.742092 -6.375016 3.785173 13.99933 3.84701 14.24438 3.785173 14.193 3.671317 -6.334739 3.071128 -6.016444 3.769368 -6.319067 3.048953 14.33411 3.064237 14.32452 3.772435 14.35572 3.071128 -6.331355 3.064237 -6.016444 3.769368 -6.019681 3.771302 14.32487 3.846804 14.16292 3.774271 14.32215 3.948269 14.32274 3.902407 14.44922 3.755394 14.32487 3.846804 14.16292 3.774271 14.32257 3.620249 14.44922 3.755394 14.32487 3.846804 14.32442 3.601354 14.16292 3.774271 14.44922 3.755394 14.32257 3.620249 14.32277 3.648235 14.35583 3.306031 14.57442 3.585488 14.57207 3.590331 14.34361 3.302158 14.57089 3.587498 14.57442 3.585488 -6.325501 3.338405 -6.537388 3.587498 -6.33785 3.302158 14.53782 3.815325 14.41472 3.569016 14.57322 3.757776 14.41472 3.569016 14.74396 3.527734 14.57322 3.757776 14.74396 3.527734 14.57158 3.405064 14.53782 3.815325 14.41472 3.569016 14.57259 3.416015 14.74396 3.527734 14.41472 3.569016 14.57259 3.404154 14.57259 3.416015 -6.64965 3.569016 -6.531022 3.405064 -6.535064 3.404154 14.33432 2.049412 14.37051 2.045912 14.36024 3.707761 14.37051 2.045912 14.34708 3.70749 14.36024 3.707761 -6.327131 2.04691 -6.33672 3.708022 -6.352039 3.70749 14.34363 3.419141 14.35462 3.403431 14.63449 3.718636 14.33841 3.417521 14.63191 3.719672 14.6358 3.71553 -6.319184 14.34363 -6.439893 14.63449 -6.443932 14.63191 14.63424 3.863993 14.66675 3.729945 14.48263 3.74337 -6.396397 3.729945 -6.447364 3.680018 -6.442844 3.583155 -6.316494 3.351442 -6.336663 3.351574 -6.37381 3.72156 -6.333001 3.331894 -6.372894 3.71921 -6.377937 3.719233 14.16737 3.868185 14.16716 3.89949 13.91122 3.698239 -6.374943 3.89949 -6.376142 3.895418 -6.136303 3.782962 -6.374943 14.16716 -6.136303 14.27819 -6.273398 13.91122 -6.376142 3.895418 -6.452978 3.483921 -6.136303 3.782962 -6.136303 14.27819 -6.452978 14.34931 -6.374832 14.16722 -6.616572 14.03285 -6.37546 14.16692 -6.452978 14.34931 14.16692 3.53937 13.91122 3.698239 14.16722 3.559513 14.35436 2.935341 14.45839 3.792775 14.45383 3.792974 -6.321266 2.935341 -6.339193 2.952629 -6.10727 3.792775 -6.321212 2.94266 -6.105498 3.792974 -6.110623 3.794848 -6.10825 3.988847 -6.107819 3.948461 -5.880909 3.797918 -6.102373 14.21304 -5.880909 14.56167 -6.107752 14.45574 -5.880909 14.56167 -6.15693 14.58408 -6.107817 14.45567 -6.317743 3.421598 -6.333213 3.416207 -6.471479 3.994997 -6.333213 3.416207 -6.476104 3.993619 -6.471479 3.994997 14.35701 3.416207 14.33526 3.418159 14.37862 3.994268 14.34321 3.421598 14.38277 3.994997 14.37862 3.994268 -6.478073 4.176593 -6.474198 4.164808 -6.323411 4.116987 -6.474198 4.164808 -6.474194 4.137585 -6.623451 3.946545 14.37999 4.176593 14.14458 3.938091 14.48469 3.946545 14.48469 3.946545 14.14458 3.938091 14.38165 3.813536 -6.623451 3.946545 -6.474201 3.813536 -6.474056 3.826677 -6.318432 3.410652 -6.336406 3.425793 -6.104579 3.644563 14.34674 3.425793 14.33859 3.408062 14.02425 3.641227 -6.332055 14.33859 -6.318432 14.34977 -6.102193 14.02654 -6.105262 3.809161 -6.104457 3.813519 -5.840235 3.633071 -6.104457 14.0262 -6.186509 14.16391 -5.840235 14.00842 14.0262 3.813519 14.0262 3.857572 14.16391 3.817487 14.0262 3.857572 14.02387 3.809161 14.16391 3.817487 -6.210545 13.83653 -5.840235 14.00842 -6.104437 14.02618 -6.185528 14.24079 -6.210545 13.83653 -6.104586 14.02618 -6.31641 2.989687 -6.336594 2.987781 -6.266202 3.739174 14.35372 2.987781 14.66011 3.74222 14.66451 3.739174 -6.31641 2.989687 -6.262697 3.740016 -6.267136 3.74222 -6.265547 3.925369 -6.259821 3.864935 -6.474688 3.752107 14.66214 3.925369 14.5688 3.752107 14.87952 3.712716 -6.259821 3.864935 -6.266279 3.589253 -6.474688 3.752107 14.87952 3.712716 14.5688 3.752107 14.66216 3.568301 -6.474688 3.752107 -6.265477 3.564167 -6.265679 3.568301 -6.474688 3.752107 -6.266279 3.589253 -6.265477 3.564167 14.87952 3.712716 14.66216 3.568301 14.659 3.589253 -6.317198 3.216616 -6.336796 3.205251 -6.499492 3.849612 14.33577 3.196328 14.1905 3.847379 14.19414 3.847628 14.3492 3.216616 14.19528 3.849612 14.1905 3.847379 -6.501325 3.998067 -6.501304 3.998575 -6.727035 3.889027 -6.501304 14.19335 -6.417786 13.99933 -6.727035 14.10177 -6.501325 3.998067 -6.727035 3.889027 -6.500522 4.043546 14.19764 4.043546 14.24438 3.785173 13.99933 3.84701 -6.727035 3.889027 -6.501397 3.671317 -6.500406 3.742092 -6.727035 3.889027 -6.417786 3.84701 -6.501397 3.671317 -6.334739 3.071128 -6.021061 3.772435 -6.016444 3.769368 14.33411 3.064237 14.31995 3.771302 14.32452 3.772435 -6.331355 3.064237 -6.319067 3.048953 -6.016444 3.769368 14.32274 3.902407 14.32215 3.948269 14.44922 3.755394 14.44922 3.755394 14.32215 3.948269 14.16292 3.774271 14.32487 3.846804 14.44922 3.755394 14.32442 3.601354 14.16292 3.774271 14.32442 3.601354 14.32257 3.620249 14.32442 3.601354 14.44922 3.755394 14.32277 3.648235 14.33953 3.338405 14.35583 3.306031 14.57207 3.590331 -6.322678 14.35583 -6.33785 14.34361 -6.535467 14.57442 -6.325501 3.338405 -6.5333 3.590331 -6.537388 3.587498 -6.503383 3.815325 -6.534895 3.773287 -6.570872 3.527734 14.57318 3.773287 14.57322 3.757776 14.74396 3.527734 14.41472 3.569016 14.53782 3.815325 14.57158 3.405064 14.57158 3.405064 14.74396 3.527734 14.57259 3.416015 12.21294 0.8148545 12.16664 1.998984 12.17701 1.999171 -7.389237 0.8130676 -7.396986 1.998791 -7.42669 0.8123549 -7.421367 0.8148545 -7.402648 1.999171 -7.389237 0.8130676 12.17726 1.781681 11.96403 2.004532 11.96727 2.00675 -7.399485 1.791741 -7.532355 2.004532 -7.4138 1.781681 -7.411212 12.18817 -7.529951 11.96602 -7.399485 12.18014 11.96572 2.106746 11.96531 2.11054 11.96318 1.979175 -7.531963 2.106746 -7.529101 1.979175 -7.575541 2.014825 11.96531 2.11054 12.10259 2.02441 11.96318 1.979175 11.97848 2.014825 11.96587 1.914837 12.10259 2.02441 -7.575541 2.014825 -7.531891 1.910011 -7.531945 1.914837 11.96587 1.914837 11.96318 1.979175 12.10259 2.02441 -7.415645 1.744558 -7.274793 2.008837 -7.272576 2.007159 -7.408953 1.744652 -7.2709 2.007176 -7.274793 2.008837 -7.40008 1.7306 -7.2709 2.007176 -7.408953 1.744652 -7.415645 1.744558 -7.272576 2.007159 -7.40008 1.7306 12.24112 2.113534 12.43266 1.992186 12.23972 2.132979 -7.272946 12.23972 -7.162598 12.43266 -7.067736 12.15653 -7.272946 2.132979 -7.067736 2.037557 -7.348028 1.839153 -7.162598 12.43266 -7.272199 12.24101 -7.067736 12.15653 -7.461378 12.33563 -7.2727 12.24125 -7.162598 12.43266 -7.416913 1.447445 -7.587016 2.05983 -7.405952 1.452671 -7.404867 1.459789 -7.585124 2.061168 -7.588994 2.059688 12.19027 1.452671 12.26359 2.061168 12.17272 1.459789 -7.587003 2.170854 -7.586759 2.197592 -7.766773 2.063361 -7.584553 2.199691 -7.437407 2.040506 -7.586759 2.197592 -7.766773 2.063361 -7.437407 2.040506 -7.584553 2.199691 12.26436 2.197592 12.17006 2.008301 12.35452 2.063361 12.26436 2.197592 12.38944 2.040506 12.17006 2.008301 12.38944 2.040506 12.26496 1.953781 12.17006 2.008301 -7.766773 2.063361 -7.587012 1.960083 -7.58709 1.953781 12.17268 1.790803 12.07285 2.203562 12.06966 2.203099 -7.411669 1.794652 -7.355411 2.203562 -7.399713 1.792197 12.07188 2.305897 12.07028 2.33375 11.92677 2.169486 -7.354768 12.07028 -7.449631 12.15331 -7.21006 12.19161 12.07176 2.325335 11.92677 2.169486 12.15331 2.291189 -7.449631 2.291189 -7.358586 2.092424 -7.21006 2.163449 12.15331 2.291189 11.92677 2.169486 12.07512 2.092424 11.92677 2.169486 12.07187 2.083896 12.07512 2.092424 -7.358586 2.092424 -7.357738 2.074512 -7.21006 2.163449 12.18558 1.786836 12.48047 1.953859 12.4826 1.950499 -7.404576 12.1758 -7.316739 12.48092 -7.320027 12.48047 -7.401627 12.1826 -7.320414 12.4826 -7.316739 12.48092 12.48201 2.071389 12.50938 1.831163 12.36113 2.077334 12.36113 2.077334 12.32339 1.866342 12.6561 1.945653 -7.147073 1.831163 -7.413341 1.866342 -7.364588 2.077334 -7.439739 1.945653 -7.147073 1.831163 -7.317209 2.071389 -7.147073 1.831163 -7.319045 1.824473 -7.318999 1.819115 -7.147073 1.831163 -7.319067 1.835198 -7.319045 1.824473 -7.413341 12.32339 -7.319067 12.48137 -7.439739 12.6561 12.32339 1.866342 12.48128 1.819115 12.48137 1.835198 12.18756 1.48625 12.06133 2.021415 12.06451 2.022016 -7.400205 1.500691 -7.635869 2.02359 -7.408865 1.484889 -7.415561 1.48625 -7.635869 2.02359 -7.400205 1.500691 -7.638471 12.06343 -7.637934 12.06292 -7.749859 11.92359 11.92359 2.002523 12.07167 2.111213 12.06343 2.153986 11.92359 2.002523 12.06403 1.914365 12.07167 2.111213 -7.409166 1.640171 -7.225142 2.098856 -7.228121 2.100272 -7.399802 1.6338 -7.225142 2.098856 -7.409166 1.640171 -7.415704 1.648287 -7.224124 2.098677 -7.399802 1.6338 12.14882 2.206638 12.14717 2.238749 12.29805 2.098414 -7.055885 2.128416 -7.23059 2.023498 -7.229088 2.238749 -7.229088 2.238749 -7.23059 2.023498 -7.321048 2.05426 -7.145872 12.29805 -7.321048 12.20264 -7.225742 12.14893 12.17237 1.544402 12.38821 2.042974 12.18529 1.528568 12.18528 1.539482 12.38486 2.045165 12.17237 1.544402 -7.399163 1.539482 -7.549703 2.042974 -7.545781 2.044355 12.3875 2.098267 12.51121 2.046475 12.38651 2.170717 12.38703 2.137969 12.26117 2.032996 12.3875 2.098267 12.51121 2.046475 12.38677 1.936497 12.26117 2.032996 12.3875 2.098267 12.38776 1.923005 12.51121 2.046475 12.26117 2.032996 12.38677 1.936497 12.38702 1.956481 12.17989 1.712133 11.93724 1.911676 11.93977 1.915135 -7.401892 12.17646 -7.445015 11.93779 -7.448191 11.93724 12.18625 1.735249 11.93779 1.913111 12.17646 1.709367 -7.441222 2.07579 -7.29096 1.899915 -7.446622 2.034697 -7.29096 1.899915 -7.536959 1.870438 -7.446622 2.034697 11.83042 1.870438 11.94145 1.782846 11.97564 2.07579 -7.29096 1.899915 -7.447141 1.790665 -7.536959 1.870438 -7.29096 1.899915 -7.447243 1.782197 -7.447141 1.790665 -7.29096 11.94524 -7.448624 11.94145 -7.447243 11.9384 12.21294 0.8148545 12.17299 0.8123549 12.16664 1.998984 -7.42669 0.8123549 -7.396986 1.998791 -7.411113 1.998984 12.1975 0.8130676 12.17701 1.999171 12.16582 1.998791 12.18817 1.792898 12.17726 1.781681 11.96727 2.00675 12.18014 1.791741 11.96602 2.007489 11.96403 2.004532 -7.411212 12.18817 -7.533585 11.96727 -7.529951 11.96602 11.96531 2.11054 11.97848 2.014825 12.10259 2.02441 -7.575541 2.014825 -7.529101 1.979175 -7.531891 1.910011 12.1874 1.744558 12.17206 1.744652 12.24064 2.008837 12.18287 1.7306 12.24334 2.007159 12.2395 2.007176 12.24112 2.113534 12.24121 2.135887 12.43266 1.992186 -7.272609 2.135887 -7.272946 2.132979 -7.461378 2.052681 -7.272609 12.24121 -7.461378 12.33563 -7.162598 12.43266 -7.272946 2.132979 -7.348028 1.839153 -7.461378 2.052681 -7.461378 12.33563 -7.348028 12.10134 -7.2727 12.24125 -7.067736 12.15653 -7.272199 12.24101 -7.348028 12.10134 12.24101 1.878746 12.43266 1.992186 12.24125 1.893129 12.18151 1.447445 12.26394 2.059688 12.26733 2.05983 -7.416913 1.447445 -7.404867 1.459789 -7.588994 2.059688 12.19027 1.452671 12.26733 2.05983 12.26359 2.061168 -7.584553 2.199691 -7.587003 2.170854 -7.766773 2.063361 -7.437407 12.38944 -7.766773 12.35452 -7.58709 12.26496 -7.766773 12.35452 -7.643124 12.17006 -7.587012 12.26496 12.18928 1.794652 12.17268 1.790803 12.07303 2.204083 12.17268 1.790803 12.06966 2.203099 12.07303 2.204083 -7.412617 1.790803 -7.399713 1.792197 -7.355411 2.203562 -7.411669 1.794652 -7.359802 2.204083 -7.355411 2.203562 -7.354768 2.33375 -7.357897 2.325335 -7.449631 2.291189 12.07176 2.325335 12.07188 2.305897 11.92677 2.169486 12.07028 2.33375 12.19161 2.163449 11.92677 2.169486 11.92677 2.169486 12.19161 2.163449 12.07188 2.074512 11.92677 2.169486 12.07188 2.074512 12.07187 2.083896 12.18558 1.786836 12.1758 1.797648 12.48047 1.953859 12.1758 1.797648 12.1826 1.784987 12.48092 1.951476 -7.401627 12.1826 -7.415446 12.18558 -7.320414 12.4826 -7.317209 2.071389 -7.319074 2.0745 -7.439739 1.945653 -7.319074 12.48135 -7.364588 12.36113 -7.439739 12.6561 12.48135 2.0745 12.48133 2.105956 12.36113 2.077334 12.48133 2.105956 12.48201 2.071389 12.36113 2.077334 -7.147073 12.50938 -7.439739 12.6561 -7.319067 12.48137 -7.413341 12.32339 -7.147073 12.50938 -7.318999 12.48128 12.18756 1.48625 12.1722 1.484889 12.06133 2.021415 -7.408865 1.484889 -7.635869 2.02359 -7.639097 2.021415 -7.415561 1.48625 -7.639609 2.022016 -7.635869 2.02359 -7.637934 2.154365 -7.634305 2.111213 -7.474988 2.030649 -7.637934 2.154365 -7.474988 2.030649 -7.749859 2.002523 -7.634305 2.111213 -7.635598 1.914365 -7.474988 2.030649 -7.749859 11.92359 -7.474988 11.9782 -7.637879 12.06283 -7.474988 2.030649 -7.637905 1.896452 -7.637879 1.899404 -7.474988 2.030649 -7.635598 1.914365 -7.637905 1.896452 11.92359 2.002523 12.06283 1.899404 12.06403 1.914365 12.18664 1.648287 12.17176 1.640171 12.14899 2.100272 12.18394 1.6338 12.15013 2.098677 12.14671 2.098856 -7.415704 1.648287 -7.228121 2.100272 -7.224124 2.098677 -7.22599 2.206275 -7.226005 2.206638 -7.055885 2.128416 -7.226005 12.14882 -7.145872 12.29805 -7.055885 12.0528 -7.22599 2.206275 -7.055885 2.128416 -7.229088 2.238749 -7.229088 2.238749 -7.321048 2.05426 -7.145872 2.098414 -7.055885 2.128416 -7.225742 1.972962 -7.23059 2.023498 12.0528 2.128416 12.29805 2.098414 12.14893 1.972962 12.17237 1.544402 12.38486 2.045165 12.38821 2.042974 12.18528 1.539482 12.38801 2.044355 12.38486 2.045165 -7.399163 1.539482 -7.414993 1.528568 -7.549703 2.042974 12.38703 2.137969 12.38651 2.170717 12.26117 2.032996 12.26117 2.032996 12.38651 2.170717 12.51121 2.046475 12.3875 2.098267 12.26117 2.032996 12.38776 1.923005 12.51121 2.046475 12.38776 1.923005 12.38677 1.936497 12.38776 1.923005 12.26117 2.032996 12.38702 1.956481 12.18625 1.735249 12.17989 1.712133 11.93977 1.915135 -7.417132 12.17989 -7.401892 12.17646 -7.448191 11.93724 12.18625 1.735249 11.93977 1.915135 11.93779 1.913111 11.97564 2.07579 11.93821 2.045773 11.83042 1.870438 -7.447698 2.045773 -7.446622 2.034697 -7.536959 1.870438 -7.29096 1.899915 -7.441222 2.07579 -7.448624 1.782846 -7.448624 1.782846 -7.536959 1.870438 -7.447141 1.790665 12.44813 1.104696 12.44145 2.420314 12.45164 2.420519 12.46907 1.102862 12.45259 2.420101 12.43094 1.102131 -6.260012 1.104696 -6.224986 2.420519 -6.23718 1.102862 12.45271 1.928851 12.46379 2.661335 12.46698 2.66173 12.45165 1.919931 12.46379 2.661335 12.44036 1.925323 -6.237408 1.928851 -6.10528 2.6607 -6.222524 1.919931 -6.144646 12.43431 -6.231345 12.59307 -6.106844 12.466 -6.106605 2.811472 -6.231345 2.700506 -5.944529 2.605796 -6.231345 12.59307 -6.216969 12.43827 -6.106847 12.46632 -6.144646 2.740995 -5.944529 2.605796 -6.10678 2.530961 -5.944529 2.605796 -6.106847 2.511022 -6.10678 2.530961 12.44832 2.003969 12.56917 2.600968 12.5725 2.599066 12.45638 2.008361 12.57226 2.600901 12.44167 2.020296 -6.228039 2.008361 -6.417315 2.599066 -6.414278 2.600901 -6.237295 2.003969 -6.417315 2.599066 -6.228039 2.008361 12.71071 2.593429 12.47102 2.578826 12.57083 2.732401 12.57225 2.681852 12.56438 2.587112 12.71071 2.593429 12.56438 2.587112 12.57171 2.490494 12.71071 2.593429 12.44028 2.03288 12.32104 2.522365 12.45204 2.045238 12.44028 2.03288 12.3208 2.521963 12.31819 2.52081 -6.22326 2.044383 -6.212919 2.522365 -6.209095 2.521963 -6.211142 12.31996 -6.109555 12.32156 -6.249812 12.15003 -6.21106 2.649007 -6.109555 2.629722 -6.211142 2.665887 -6.332744 2.557426 -6.24129 2.424138 -6.109555 2.629722 12.47473 2.424138 12.32202 2.37767 12.32156 2.629722 12.15003 2.51488 12.32003 2.379133 12.39767 2.557426 12.44243 1.978414 12.688 2.54047 12.69069 2.539264 -6.222345 1.960378 -6.100465 2.54047 -6.23242 1.978414 -6.100841 2.650813 -6.100888 2.645518 -5.981575 2.580395 12.68986 2.645518 12.65324 2.668136 12.8478 2.513434 12.68986 2.639159 12.65324 2.668136 12.68986 2.645518 12.65324 2.668136 12.80723 2.580395 12.53434 2.505629 12.65324 2.668136 12.53434 2.505629 12.68991 2.452106 -5.981575 12.80723 -6.078312 12.8478 -6.019026 12.53434 12.8478 2.513434 12.68986 2.404201 12.68987 2.410047 12.8478 2.513434 12.68991 2.452106 12.68986 2.404201 12.53434 2.505629 12.68987 2.410047 12.68991 2.452106 12.44436 1.918431 12.40645 2.412333 12.40945 2.412395 -6.222898 1.933812 -6.366736 2.412333 -6.235876 1.918431 -6.231486 1.927973 -6.367513 2.412395 -6.364149 2.414214 12.40967 2.441523 12.53598 2.400637 12.40803 2.529739 -6.365854 2.529739 -6.376883 2.400637 -6.157446 2.402149 12.40967 2.441523 12.40337 2.38788 12.4091 2.283568 12.53598 2.400637 12.4091 2.283568 12.40823 2.306074 -6.157446 2.402149 -6.365936 2.306074 -6.366403 2.38788 12.44059 2.225172 12.38768 2.392805 12.45212 2.241704 -6.223578 2.218148 -6.11017 2.389783 -6.232638 2.225172 12.45256 2.218148 12.39068 2.391902 12.38779 2.389783 -6.233989 12.45212 -6.112768 12.38768 -6.110506 12.39068 -6.111161 2.492862 -6.110429 2.522464 -5.970622 2.384148 12.38844 2.517836 12.40239 2.35441 12.38885 2.522464 -6.111161 2.492862 -5.970622 2.384148 -6.111053 2.517836 -6.110429 2.522464 -6.114751 2.35441 -5.970622 2.384148 12.38844 2.517836 12.39401 2.382107 12.40239 2.35441 -6.111053 2.517836 -6.083187 2.369288 -6.114483 2.382107 -5.970622 2.384148 -6.083187 2.369288 -6.111053 2.517836 -5.970622 12.46043 -6.114751 12.40239 -6.083187 12.36688 12.44449 1.754778 12.55479 2.419633 12.55742 2.418528 -6.222615 1.760298 -6.285906 2.419633 -6.236985 1.754778 12.55576 2.551221 12.55601 2.581938 12.43762 2.340655 -6.285557 2.569753 -6.183536 2.382954 -6.284474 2.581938 -6.285557 2.569753 -6.286673 2.293535 -6.183536 2.382954 12.55765 2.569753 12.55576 2.551221 12.55737 2.293535 12.64823 2.382954 12.43762 2.340655 12.55601 2.581938 12.55576 2.551221 12.43762 2.340655 12.55737 2.293535 12.43762 2.340655 12.55646 2.272025 12.55737 2.293535 -6.183536 2.382954 -6.286673 2.293535 -6.284833 2.269588 12.44176 1.922572 12.32066 2.493305 12.45492 1.933764 -6.222122 1.930207 -6.283339 2.494946 -6.286074 2.493305 -6.234409 1.933764 -6.286311 2.494755 -6.283339 2.494946 -6.392385 2.501584 -6.148075 2.486351 -6.285165 2.623608 -6.285469 2.640151 -6.148075 2.486351 -6.346578 2.466541 12.43635 2.501584 12.32236 2.354232 12.32244 2.379843 12.18443 2.466541 12.32234 2.37474 12.32236 2.354232 12.44397 2.187371 12.49347 2.632283 12.49651 2.632215 12.44446 2.179394 12.49664 2.631199 12.49347 2.632283 12.45662 2.178874 12.49664 2.631199 12.44446 2.179394 12.44397 2.187371 12.49651 2.632215 12.45662 2.178874 12.49553 2.755772 12.36282 2.705341 12.54056 2.75309 12.54056 2.75309 12.48258 2.476501 12.49586 2.788966 12.36282 2.705341 12.50251 2.558015 12.54056 2.75309 12.49586 2.788966 12.48258 2.476501 12.36282 2.705341 -6.260012 1.104696 -6.229501 1.102131 -6.219346 2.420314 12.43094 1.102131 12.45259 2.420101 12.44145 2.420314 -6.23718 1.102862 -6.224986 2.420519 -6.214128 2.420101 12.45271 1.928851 12.44036 1.925323 12.46379 2.661335 12.45165 1.919931 12.46728 2.6607 12.46379 2.661335 -6.237408 1.928851 -6.108568 2.66173 -6.10528 2.6607 12.466 2.778485 12.59307 2.700506 12.46629 2.811472 -6.106605 2.811472 -5.944529 2.605796 -6.144646 2.740995 12.43431 2.740995 12.43827 2.54347 12.59307 2.700506 -5.944529 2.605796 -6.231345 2.700506 -6.106847 2.511022 -6.216969 2.54347 -6.144646 2.740995 -6.10678 2.530961 -6.237295 2.003969 -6.227087 2.020296 -6.416206 2.600968 12.44167 2.020296 12.57226 2.600901 12.56917 2.600968 12.57083 2.732401 12.57225 2.681852 12.71071 2.593429 -6.415047 2.732401 -6.316227 2.578826 -6.418523 2.587112 12.47102 2.578826 12.71071 2.593429 12.56972 2.475829 -6.418523 2.587112 -6.316227 2.578826 -6.415213 2.475829 12.56972 2.475829 12.71071 2.593429 12.57171 2.490494 12.44028 2.03288 12.31819 2.52081 12.32104 2.522365 12.44028 2.03288 12.45315 2.044383 12.3208 2.521963 -6.22326 2.044383 -6.236849 2.045238 -6.212919 2.522365 -6.21106 2.649007 -6.332744 2.557426 -6.109555 2.629722 -6.21106 2.649007 -6.21105 2.645181 -6.332744 2.557426 -6.21105 2.645181 -6.211142 2.665887 -6.332744 2.557426 12.31996 2.665887 12.15003 2.51488 12.39767 2.557426 12.15003 2.51488 12.32156 2.629722 12.32202 2.37767 12.32202 2.37767 12.47473 2.424138 12.32004 2.409027 12.47473 2.424138 12.32003 2.379133 12.32004 2.409027 12.47473 2.424138 12.39767 2.557426 12.32003 2.379133 -6.249812 12.15003 -6.208851 12.32202 -6.211071 12.32003 12.44845 1.960378 12.69094 2.537692 12.688 2.54047 -6.222345 1.960378 -6.232601 1.958064 -6.099577 2.537692 -6.232601 1.958064 -6.102714 2.539264 -6.099577 2.537692 12.45537 1.958064 12.44243 1.978414 12.69069 2.539264 -6.100889 2.639159 -6.100841 2.650813 -5.981575 2.580395 -6.100889 12.68986 -5.981575 12.80723 -6.111009 12.65324 -5.981575 12.80723 -6.100888 12.68986 -6.078312 12.8478 12.65324 2.668136 12.68991 2.452106 12.8478 2.513434 12.53434 2.505629 12.8478 2.513434 12.68987 2.410047 -6.222898 1.933812 -6.364149 2.414214 -6.366736 2.412333 12.44409 1.933812 12.45661 1.927973 12.40822 2.414214 12.45661 1.927973 12.44436 1.918431 12.40945 2.412395 12.40416 2.551346 12.40803 2.529739 12.40337 2.38788 -6.365854 2.529739 -6.157446 2.402149 -6.366403 2.38788 12.40967 2.441523 12.40416 2.551346 12.40337 2.38788 12.53598 2.400637 12.40967 2.441523 12.4091 2.283568 -6.157446 12.38659 -6.376883 12.53598 -6.365936 12.40823 -6.232638 2.225172 -6.11017 2.389783 -6.112768 2.392805 -6.223578 2.218148 -6.233989 2.241704 -6.110506 2.391902 -6.222615 1.760298 -6.282823 2.419432 -6.285906 2.419633 12.44425 1.760298 12.45631 1.748471 12.55686 2.419432 -6.230733 1.748471 -6.286515 2.418528 -6.282823 2.419432 12.45631 1.748471 12.44449 1.754778 12.55742 2.418528 12.43762 2.340655 12.55645 2.269588 12.55646 2.272025 12.43762 2.340655 12.64823 2.382954 12.55645 2.269588 -6.233507 1.922572 -6.222122 1.930207 -6.286074 2.493305 -6.222122 1.930207 -6.234409 1.933764 -6.283339 2.494946 12.45492 1.933764 12.32066 2.493305 12.32394 2.494755 -6.285469 2.640151 -6.285165 2.623608 -6.148075 2.486351 12.32241 2.623608 12.3223 2.600172 12.43635 2.501584 12.3223 2.600172 12.32111 2.640151 12.43635 2.501584 12.32111 2.640151 12.18443 2.466541 12.43635 2.501584 12.18443 2.466541 12.32236 2.354232 12.43635 2.501584 -6.392385 2.501584 -6.285218 2.379843 -6.148075 2.486351 -6.148075 2.486351 -6.285218 2.379843 -6.285183 2.37474 12.18443 2.466541 12.37834 2.486351 12.32234 2.37474 -6.237198 2.187371 -6.223049 2.179394 -6.149798 2.632283 -6.229226 2.178874 -6.151343 2.632215 -6.147805 2.631199 12.49553 2.755772 12.49586 2.788966 12.36282 2.705341 12.54056 2.75309 12.49823 2.455173 12.48258 2.476501 -6.145066 2.75309 -6.283101 2.558015 -6.147826 2.455173 -6.125001 2.705341 -6.145951 2.476501 -6.283101 2.558015 -6.283101 2.558015 -6.145951 2.476501 -6.149681 2.46621 -6.147826 2.455173 -6.283101 2.558015 -6.149681 2.46621 -4.506701 1.53631 -4.554865 3.140892 -4.54005 3.141144 -4.512043 1.533889 -4.550505 3.14063 -4.553548 1.532923 12.3234 1.53631 12.28897 3.141144 12.28155 1.533889 -4.543937 2.846429 -4.827655 3.148409 -4.824478 3.151414 -4.535362 2.860062 -4.827655 3.148409 -4.543937 2.846429 -4.530721 12.30275 -4.824523 12.35315 -4.535362 12.28658 12.35529 3.286917 12.35493 3.292058 12.35113 3.114049 12.35529 3.286917 12.35113 3.114049 12.40899 3.162356 -4.826005 3.292058 -4.65459 3.175346 -4.827395 3.114049 -4.827555 3.162356 -4.825432 3.026867 -4.65459 3.175346 12.40899 3.162356 12.35517 3.020326 12.35533 3.026867 -4.825432 3.026867 -4.827395 3.114049 -4.65459 3.175346 -4.533236 2.796125 -4.420868 3.154243 -4.417008 3.151969 12.2942 2.796253 12.16435 3.151992 12.16914 3.154243 -4.532521 2.777212 -4.420688 3.151992 -4.547966 2.796253 12.30744 2.796125 12.16766 3.151969 12.28827 2.777212 -4.419564 3.296115 -4.163343 3.131679 -4.421213 3.322464 -4.421213 12.16672 -4.163343 12.11484 -4.438011 11.90522 12.16672 3.322464 11.90522 3.19316 12.19937 2.924309 -4.163343 12.11484 -4.419483 12.16637 -4.438011 11.90522 -4.383856 12.41414 -4.419395 12.16702 -4.163343 12.11484 -4.540332 2.393516 -4.507461 3.223342 -4.526394 2.400597 12.28985 2.410243 12.5262 3.225156 12.53068 3.223149 -4.526394 2.400597 -4.510961 3.225156 -4.545703 2.410243 12.52883 3.373788 12.52833 3.410019 12.76414 3.228126 -4.507509 3.412864 -4.314483 3.197157 -4.510702 3.410019 12.76414 3.228126 12.40731 3.197157 12.52664 3.412864 12.52833 3.410019 12.55642 3.153517 12.76414 3.228126 -4.510702 3.410019 -4.314483 3.197157 -4.637648 3.153517 -4.314483 3.197157 -4.510148 3.079637 -4.637648 3.153517 12.76414 3.228126 12.52884 3.088177 12.52893 3.079637 -4.548636 2.858791 -4.639387 3.41811 -4.643968 3.417481 12.30368 2.864006 12.19703 3.41811 12.28846 2.86068 -4.641346 3.55678 -4.642039 3.594523 -4.800648 3.371934 12.19535 3.594523 12.33287 3.53685 12.07814 3.363754 12.19941 3.58312 12.13412 3.371934 12.33287 3.53685 12.33287 3.53685 12.20144 3.267509 12.07814 3.363754 -4.584216 3.53685 -4.800648 3.371934 -4.638025 3.267509 -4.800648 3.371934 -4.641438 3.255953 -4.638025 3.267509 -4.638025 3.267509 -4.641345 3.243238 -4.451756 3.363754 -4.535214 2.853416 -4.168435 3.079743 -4.166179 3.075191 -4.54213 2.868066 -4.166693 3.076515 -4.168435 3.079743 -4.533392 12.28991 -4.166179 12.31071 -4.166693 12.30596 -4.165652 3.239005 -4.071389 2.913482 -4.319085 3.247061 -4.319085 3.247061 -4.379671 2.961151 -4.0159 3.068623 -4.071389 2.913482 -4.379671 2.961151 -4.319085 3.247061 12.50949 3.068623 12.12605 2.913482 12.30689 3.239005 12.12605 2.913482 12.30871 2.904416 12.30863 2.897156 12.12605 2.913482 12.30874 2.918949 12.30871 2.904416 -4.379671 12.35562 -4.167056 12.30874 -4.0159 12.50949 -4.379671 2.961151 -4.167139 2.897156 -4.167056 2.918949 -4.533034 2.446099 -4.758245 3.171287 -4.754862 3.172101 -4.532891 2.465669 -4.755233 3.174234 -4.547776 2.444255 12.3074 2.446099 12.50827 3.174234 12.2883 2.465669 -4.755653 12.51138 -4.756019 12.51059 -4.954278 12.58426 -4.954278 3.145687 -4.744839 3.29297 -4.755653 3.35093 -4.954278 3.145687 -4.753904 3.026226 -4.744839 3.29297 12.29432 2.654674 12.07832 3.276225 12.08251 3.278144 -4.531214 2.64604 -4.507805 3.276225 -4.548389 2.654674 12.30722 2.665671 12.07845 3.275983 12.28835 2.64604 -4.505765 3.422278 -4.508768 3.46579 -4.308258 3.275626 11.85318 3.316281 12.0842 3.174109 12.08292 3.46579 12.08292 3.46579 12.0842 3.174109 12.2069 3.215794 -4.308258 12.0458 -4.480808 12.2069 -4.505539 12.07982 -4.548398 2.5249 -4.35779 3.200501 -4.535371 2.503443 -4.529469 2.518232 -4.360899 3.203469 -4.548398 2.5249 12.28814 2.518232 12.53296 3.200501 12.52848 3.202372 -4.35885 3.275427 -4.194701 3.205246 -4.358631 3.373602 -4.358429 3.329227 -4.510788 3.186981 -4.35885 3.275427 -4.194701 3.205246 -4.358578 3.056217 -4.510788 3.186981 -4.35885 3.275427 -4.358465 3.037934 -4.194701 3.205246 -4.510788 3.186981 -4.358578 3.056217 -4.358443 3.083296 -4.542232 2.752187 -4.826319 3.022583 -4.823327 3.027269 -4.540394 2.748439 -4.824508 3.024528 -4.826319 3.022583 -4.530742 2.783511 -4.824508 3.024528 -4.540394 2.748439 -4.780592 3.244969 -4.75863 3.006645 -4.82621 3.189285 12.07701 3.006645 12.31039 2.966702 12.24867 3.189285 -4.979413 2.966702 -4.821754 2.848009 -4.780592 3.244969 -4.75863 3.006645 -4.824755 2.858604 -4.979413 2.966702 12.07701 3.006645 12.24996 2.847129 12.2498 2.858604 -4.75863 12.07701 -4.821754 12.25264 -4.824654 12.24996 -4.506701 1.53631 -4.553548 1.532923 -4.554865 3.140892 12.31446 1.532923 12.27843 3.14063 12.2946 3.140892 12.28155 1.533889 12.28897 3.141144 12.27843 3.14063 -4.530721 2.861629 -4.543937 2.846429 -4.824478 3.151414 -4.535362 2.860062 -4.824523 3.152416 -4.827655 3.148409 12.30275 2.861629 12.35769 3.151414 12.35315 3.152416 -4.826005 3.292058 -4.827555 3.162356 -4.65459 3.175346 12.40899 3.162356 12.35113 3.114049 12.35517 3.020326 -4.533236 2.796125 -4.547966 2.796253 -4.420868 3.154243 -4.532521 2.777212 -4.417008 3.151969 -4.420688 3.151992 -4.419564 3.296115 -4.419408 3.326405 -4.163343 3.131679 12.1669 3.326405 12.16672 3.322464 12.41414 3.213654 -4.419408 12.1669 -4.383856 12.41414 -4.163343 12.11484 12.16672 3.322464 12.19937 2.924309 12.41414 3.213654 -4.383856 12.41414 -4.60464 12.19937 -4.419395 12.16702 -4.438011 11.90522 -4.419483 12.16637 -4.60464 12.19937 -4.419483 2.977961 -4.163343 3.131679 -4.419395 2.997451 -4.540332 2.393516 -4.512004 3.223149 -4.507461 3.223342 12.30666 2.393516 12.28985 2.410243 12.53068 3.223149 12.29763 2.400597 12.52973 3.223342 12.5262 3.225156 12.52664 3.412864 12.52883 3.373788 12.76414 3.228126 -4.314483 12.40731 -4.476664 12.76414 -4.510148 12.52893 -4.476664 12.76414 -4.637648 12.55642 -4.510123 12.52884 -4.529641 2.864006 -4.548636 2.858791 -4.640826 3.418815 12.29854 2.858791 12.19884 3.417481 12.20203 3.418815 -4.548636 2.858791 -4.53057 2.86068 -4.639387 3.41811 12.30368 2.864006 12.20203 3.418815 12.19703 3.41811 12.19535 3.594523 12.19941 3.58312 12.33287 3.53685 -4.641542 3.58312 -4.641346 3.55678 -4.800648 3.371934 -4.642039 3.594523 -4.451756 3.363754 -4.800648 3.371934 -4.800648 3.371934 -4.451756 3.363754 -4.641345 3.243238 -4.800648 3.371934 -4.641345 3.243238 -4.641438 3.255953 -4.535214 2.853416 -4.54213 2.868066 -4.168435 3.079743 -4.54213 2.868066 -4.533392 2.85091 -4.166693 3.076515 -4.533392 12.28991 -4.535214 12.30653 -4.166179 12.31071 12.30689 3.239005 12.30874 3.243221 12.50949 3.068623 -4.167088 12.30874 -4.319085 12.31497 -4.0159 12.50949 -4.167088 3.243221 -4.167098 3.285846 -4.319085 3.247061 -4.167098 3.285846 -4.165652 3.239005 -4.319085 3.247061 -4.071389 12.12605 -4.0159 12.50949 -4.167056 12.30874 -4.379671 12.35562 -4.071389 12.12605 -4.167139 12.30863 -4.533034 2.446099 -4.547776 2.444255 -4.758245 3.171287 12.29415 2.444255 12.50827 3.174234 12.5113 3.171287 12.3074 2.446099 12.51306 3.172101 12.50827 3.174234 12.51059 3.351444 12.50978 3.29297 12.29597 3.1838 12.51059 3.351444 12.29597 3.1838 12.58426 3.145687 12.50978 3.29297 12.50838 3.026226 12.29597 3.1838 -4.954278 12.58426 -4.790327 12.29597 -4.756101 12.51049 12.29597 3.1838 12.51059 3.001953 12.51049 3.005953 12.29597 3.1838 12.50838 3.026226 12.51059 3.001953 -4.954278 3.145687 -4.756101 3.005953 -4.753904 3.026226 12.30722 2.665671 12.29432 2.654674 12.08251 3.278144 -4.531214 2.64604 -4.503588 3.275983 -4.507805 3.276225 12.30722 2.665671 12.08251 3.278144 12.07845 3.275983 12.08005 3.421786 12.08007 3.422278 11.85318 3.316281 -4.505765 12.08007 -4.308258 12.0458 -4.550073 11.85318 12.08005 3.421786 11.85318 3.316281 12.08292 3.46579 -4.508768 3.46579 -4.480808 3.215794 -4.308258 3.275626 11.85318 3.316281 12.07982 3.10563 12.0842 3.174109 -4.550073 3.316281 -4.308258 3.275626 -4.505539 3.10563 12.29666 2.5249 12.52975 3.203469 12.53296 3.200501 -4.529469 2.518232 -4.356549 3.202372 -4.360899 3.203469 12.28814 2.518232 12.30592 2.503443 12.53296 3.200501 -4.358429 3.329227 -4.358631 3.373602 -4.510788 3.186981 -4.510788 3.186981 -4.358631 3.373602 -4.194701 3.205246 -4.35885 3.275427 -4.510788 3.186981 -4.358465 3.037934 -4.194701 3.205246 -4.358465 3.037934 -4.358578 3.056217 -4.358465 3.037934 -4.510788 3.186981 -4.358443 3.083296 -4.530742 2.783511 -4.542232 2.752187 -4.823327 3.027269 -4.542232 12.3063 -4.540394 12.28791 -4.826319 12.25059 -4.530742 2.783511 -4.823327 3.027269 -4.824508 3.024528 -4.780592 3.244969 -4.825037 3.204294 -4.979413 2.966702 -4.825037 3.204294 -4.82621 3.189285 -4.979413 2.966702 12.07701 3.006645 12.2571 3.244969 12.25264 2.848009 -4.821754 2.848009 -4.979413 2.966702 -4.824755 2.858604 -7.472192 0.7968125 -7.499029 1.683872 -7.491688 1.68401 12.15656 0.7954764 12.15737 1.683729 12.17628 0.7949435 12.17797 0.7968125 12.16218 1.68401 12.15656 0.7954764 -7.492991 1.446261 -7.607952 1.807186 -7.484524 1.455048 12.16103 1.447111 12.16901 1.806942 12.17105 1.806078 -7.484524 1.455048 -7.608534 1.806942 -7.492514 1.447111 12.16546 1.455048 12.17113 1.807186 12.16901 1.806942 12.1807 1.890469 12.07958 1.786512 12.16938 1.899317 12.17112 1.889669 12.17108 1.711854 12.1807 1.890469 -7.612881 1.890469 -7.610206 1.711854 -7.608263 1.72274 12.07958 1.786512 12.17036 1.721636 12.17108 1.711854 -7.48615 1.548441 -7.362345 1.627266 -7.360496 1.625371 -7.491005 1.543175 -7.362345 1.627266 -7.492956 1.553897 -7.491005 12.16199 -7.360496 12.05776 -7.361769 12.05582 12.05664 1.726959 11.94708 1.651411 12.05537 1.737773 -7.361445 1.73252 -7.361604 1.737773 -7.46534 1.629817 12.05537 1.737773 11.94708 1.651411 12.07769 1.629817 -7.361445 1.73252 -7.46534 1.629817 -7.284785 1.635138 12.05664 1.726959 12.1272 1.635138 11.94708 1.651411 -7.399441 12.13649 -7.345685 12.02799 -7.284785 12.1272 -7.399441 12.13649 -7.46534 12.07769 -7.361482 12.05688 12.02799 1.53016 12.05688 1.525884 12.05672 1.53034 -7.46534 1.629817 -7.361543 1.538683 -7.361482 1.525884 12.16673 1.440211 12.36218 1.655792 12.16953 1.432811 -7.488397 1.453702 -7.499218 1.658116 -7.501717 1.657426 12.16953 1.432811 12.36064 1.658116 12.16271 1.453702 -7.500351 12.36129 -7.474756 12.45122 -7.358794 12.31725 -7.358794 1.676272 -7.558107 1.669038 -7.500357 1.74629 -7.558107 1.669038 -7.358794 1.676272 -7.507265 1.561627 -7.558107 1.669038 -7.507265 1.561627 -7.500695 1.567122 -7.474756 12.45122 -7.500292 12.36129 -7.358794 12.31725 12.30755 1.669038 12.36164 1.567122 12.45122 1.650591 12.45122 1.650591 12.36164 1.567122 12.36129 1.584497 12.16173 1.392501 12.01401 1.66529 12.17014 1.405298 -7.491012 1.392501 -7.602898 1.666799 -7.605012 1.66529 -7.603567 1.788062 -7.606774 1.711861 -7.517977 1.664228 12.01287 1.740697 11.99789 1.553954 12.0141 1.711861 -7.605798 1.740697 -7.517977 1.664228 -7.62331 1.553954 -7.517977 1.664228 -7.606774 1.711861 -7.604099 1.556386 -7.604347 1.548651 -7.604099 1.556386 -7.606774 1.711861 -7.487808 1.506281 -7.306586 1.812229 -7.305371 1.811482 -7.49512 1.520081 -7.306586 1.812229 -7.487808 1.506281 -7.306548 1.87794 -7.394796 1.799797 -7.309022 1.903978 -7.306548 1.87794 -7.30606 1.892436 -7.394796 1.799797 -7.30606 1.892436 -7.306685 1.782728 -7.394796 1.799797 -7.394796 1.799797 -7.307559 1.765138 -7.309022 1.903978 -7.30606 1.892436 -7.30339 1.769417 -7.306685 1.782728 -7.394796 1.799797 -7.306685 1.782728 -7.307559 1.765138 -7.489964 1.451467 -7.59415 1.822872 -7.591562 1.823691 12.16288 1.45276 12.23956 1.822872 12.17166 1.451467 12.16288 1.45276 12.23807 1.823846 12.23956 1.822872 -7.592757 1.9301 -7.713642 1.807796 -7.592602 1.950461 -7.590825 1.893794 -7.713642 1.807796 -7.592757 1.9301 -7.592602 1.950461 -7.713642 1.807796 -7.493544 1.809867 -7.590825 1.893794 -7.591596 1.70563 -7.713642 1.807796 -7.493544 1.809867 -7.59306 1.704292 -7.592622 1.722396 -7.496179 1.338777 -7.435525 1.828635 -7.486726 1.342024 12.16527 1.338777 11.98026 1.827341 11.982 1.828635 12.17068 1.342024 11.98189 1.828074 12.16209 1.331137 -7.510925 1.874249 -7.434383 1.886368 -7.43428 1.922025 -7.327923 1.817601 -7.434248 1.757313 -7.437866 1.738028 -7.491409 1.455448 -7.413217 1.721901 -7.410642 1.721329 12.16197 1.471251 12.3087 1.721901 12.17086 1.455448 12.16197 1.471251 12.30674 1.722766 12.3087 1.721901 -7.484666 1.461093 -7.411604 1.722766 -7.492184 1.471251 12.30798 1.815983 12.44233 1.704574 12.27985 1.713528 12.30798 1.815983 12.30913 1.819177 12.44233 1.704574 12.2497 1.667633 12.44233 1.704574 12.30913 1.819177 -7.474823 1.770607 -7.297566 1.713528 -7.522842 1.667633 -7.522842 1.667633 -7.411906 1.617043 -7.411955 1.629484 -7.522842 1.667633 -7.411955 1.629484 -7.411966 1.614684 12.16136 1.286618 12.10736 1.813126 12.17095 1.290445 -7.48433 1.298224 -7.65599 1.814032 -7.492953 1.286618 12.16611 1.298224 12.10891 1.81445 12.10634 1.814032 -7.656731 1.896845 -7.612066 1.90425 -7.656727 1.897394 -7.656338 1.925222 -7.639397 1.78274 -7.72137 1.806402 -7.72137 1.806402 -7.657037 1.73831 -7.612066 1.90425 -7.72137 1.806402 -7.639397 1.78274 -7.656683 1.715744 -7.472192 0.7968125 -7.497093 0.7949435 -7.499029 1.683872 12.17628 0.7949435 12.15737 1.683729 12.16604 1.683872 -7.477605 0.7954764 -7.491688 1.68401 -7.497783 1.683729 -7.492991 1.446261 -7.610253 1.806078 -7.607952 1.807186 12.17139 1.446261 12.16103 1.447111 12.17105 1.806078 12.16938 1.899317 12.07958 1.786512 12.17112 1.889669 12.1807 1.890469 12.17115 1.72274 12.07958 1.786512 12.17112 1.889669 12.07958 1.786512 12.17108 1.711854 12.07958 1.786512 12.17115 1.72274 12.17036 1.721636 -7.48615 12.17062 -7.492956 12.16566 -7.362345 12.05664 -7.491005 1.543175 -7.361769 1.624566 -7.362345 1.627266 -7.491005 12.16199 -7.48615 12.17062 -7.360496 12.05776 12.05664 1.726959 12.05703 1.73252 12.1272 1.635138 -7.46534 1.629817 -7.399441 1.569678 -7.284785 1.635138 11.94708 1.651411 12.02799 1.53016 12.07769 1.629817 11.94708 1.651411 12.1272 1.635138 12.02799 1.53016 -7.46534 12.07769 -7.345685 12.02799 -7.361543 12.05674 12.02799 1.53016 12.05672 1.53034 12.05674 1.538683 12.02799 1.53016 12.13649 1.569678 12.05688 1.525884 12.16673 1.440211 12.36098 1.657426 12.36218 1.655792 12.16673 1.440211 12.16271 1.453702 12.36098 1.657426 12.16953 1.432811 12.36218 1.655792 12.36064 1.658116 -7.500346 1.734349 -7.500357 1.74629 -7.558107 1.669038 -7.500357 1.74629 -7.500351 1.728455 -7.358794 1.676272 12.36129 1.728455 12.36127 1.734349 12.45122 1.650591 12.36127 1.734349 12.30755 1.669038 12.45122 1.650591 -7.358794 1.676272 -7.500292 1.584497 -7.507265 1.561627 -7.485217 1.411462 -7.493893 1.405298 -7.604105 1.667582 12.17014 1.405298 12.01401 1.66529 12.01567 1.667582 12.16173 1.392501 12.16659 1.411462 12.01396 1.666799 12.16659 1.411462 12.01567 1.667582 12.01396 1.666799 -7.603567 1.788062 -7.517977 1.664228 -7.605798 1.740697 -7.606774 1.711861 -7.62331 1.553954 -7.604347 1.548651 -7.62331 1.553954 -7.517977 1.664228 -7.604099 1.556386 12.1663 1.520081 12.19982 1.813245 12.20217 1.812229 -7.49512 1.520081 -7.48687 1.507782 -7.307424 1.813245 -7.48687 1.507782 -7.305371 1.811482 -7.307424 1.813245 12.16122 1.507782 12.17088 1.506281 12.20068 1.811482 -7.30606 1.892436 -7.309022 1.903978 -7.30339 1.769417 12.19781 1.769417 12.20263 1.903978 12.20381 1.765138 -7.49475 1.45276 -7.486563 1.460276 -7.592755 1.823846 12.16174 1.460276 12.24027 1.823691 12.23807 1.823846 12.16174 1.460276 12.17166 1.451467 12.24027 1.823691 12.23962 1.950461 12.31646 1.809867 12.21153 1.893794 -7.713642 1.807796 -7.59306 1.704292 -7.493544 1.809867 -7.590825 1.893794 -7.493544 1.809867 -7.591596 1.70563 -7.591596 1.70563 -7.493544 1.809867 -7.592622 1.722396 -7.59306 12.24059 -7.713642 12.21337 -7.591596 12.23807 -7.486726 1.342024 -7.435525 1.828635 -7.432791 1.828074 -7.496179 1.338777 -7.486821 1.331137 -7.434139 1.827341 12.16209 1.331137 11.98189 1.828074 11.98026 1.827341 -7.434383 1.886368 -7.327923 1.817601 -7.434148 1.915911 -7.43428 1.922025 -7.434148 1.915911 -7.510925 1.874249 -7.434148 1.915911 -7.327923 1.817601 -7.510925 1.874249 -7.327923 1.817601 -7.434383 1.886368 -7.431732 1.748393 -7.510925 1.874249 -7.327923 1.817601 -7.437866 1.738028 11.98344 1.886368 11.97277 1.738028 11.98923 1.748393 -7.434383 1.886368 -7.510925 1.874249 -7.437866 1.738028 -7.327923 1.817601 -7.431732 1.748393 -7.434248 1.757313 12.16385 1.461093 12.30801 1.721329 12.30674 1.722766 12.16385 1.461093 12.17086 1.455448 12.30801 1.721329 -7.411951 1.824346 -7.411984 1.815983 -7.297566 1.713528 12.30913 1.819177 12.30786 1.824346 12.21417 1.770607 -7.411951 1.824346 -7.297566 1.713528 -7.474823 1.770607 12.21417 1.770607 12.2497 1.667633 12.30913 1.819177 -7.522842 1.667633 -7.297566 1.713528 -7.411906 1.617043 -7.297566 12.27985 -7.366893 12.44233 -7.411906 12.30785 12.44233 1.704574 12.30797 1.614684 12.30785 1.617043 -7.366893 1.704574 -7.522842 1.667633 -7.411966 1.614684 -7.48433 1.298224 -7.492921 1.290445 -7.65611 1.81445 -7.492921 1.290445 -7.658048 1.813126 -7.65611 1.81445 -7.492953 1.286618 -7.65599 1.814032 -7.658048 1.813126 -7.656727 1.897394 -7.612066 1.90425 -7.656338 1.925222 -7.656731 1.896845 -7.72137 1.806402 -7.612066 1.90425 -7.656731 1.896845 -7.656338 1.925222 -7.72137 1.806402 -7.612066 1.90425 -7.639397 1.78274 -7.656338 1.925222 12.14067 1.90425 12.11001 1.73831 12.08422 1.78274 -7.657037 1.73831 -7.72137 1.806402 -7.656683 1.715744 14.36924 1.623381 14.32641 3.334038 14.34206 3.334305 14.37109 1.62083 14.33349 3.333761 14.32433 1.619813 -4.380949 1.623381 -4.341124 3.334305 -4.338552 1.62083 14.33665 2.986151 14.42871 3.465923 14.42396 3.465827 14.35391 2.971666 14.42871 3.465923 14.33665 2.986151 -4.34733 2.971666 -4.527559 3.464087 -4.523656 3.465923 14.42649 3.662516 14.24545 3.4756 14.41695 3.524235 -4.333651 3.429058 -4.590513 3.4756 -4.525949 3.662516 14.24545 3.4756 14.42664 3.240231 14.41695 3.524235 -4.333651 3.429058 -4.525896 3.27049 -4.590513 3.4756 -4.333651 3.429058 -4.525506 3.297626 -4.525896 3.27049 -4.333651 3.429058 -4.527505 3.240231 -4.525506 3.297626 -4.512251 3.501246 -4.527505 3.240231 -4.333651 3.429058 14.34636 2.631116 14.19107 3.629748 14.19469 3.630337 14.33231 2.622137 14.19107 3.629748 14.34636 2.631116 -4.360081 2.631116 -4.290712 3.630337 -4.338768 2.627067 14.19202 3.755267 13.9751 3.630138 14.19201 3.787055 -4.291208 14.19202 -4.038032 14.23845 -4.265139 13.9751 -4.291208 3.755267 -4.291244 3.781474 -4.038032 3.606532 -4.291244 3.781474 -4.291332 3.787055 -4.488158 3.609739 14.19201 3.787055 13.9751 3.630138 14.32851 3.609739 -4.488158 3.609739 -4.291289 3.490747 -4.291223 3.477004 13.9751 3.630138 14.19198 3.506031 14.19202 3.490747 -4.339426 14.33821 -4.271604 14.59853 -4.359714 14.34453 14.34711 3.131458 14.60037 3.297685 14.33821 3.146353 -4.34545 14.34711 -4.275128 14.60115 -4.270365 14.60037 -4.272254 14.60005 -4.258334 14.8338 -4.091688 14.5394 14.60111 3.498517 14.8338 3.325999 14.60005 3.468618 -4.091688 3.369065 -4.409273 3.249226 -4.27416 3.498517 -4.091688 3.369065 -4.254165 3.095346 -4.409273 3.249226 -4.354035 3.082706 -4.537613 3.577626 -4.540933 3.576705 14.34689 3.092741 14.25792 3.579169 14.25289 3.577626 -4.35761 3.084744 -4.53684 3.579169 -4.339986 3.092741 14.40942 3.521864 14.13515 3.501067 14.2542 3.824184 -4.708927 3.517051 -4.538396 3.374509 -4.538444 3.356065 14.35371 2.860511 14.26843 3.485206 14.27302 3.485366 -4.354131 2.854643 -4.03932 3.482418 -4.043548 3.485206 -4.352978 2.860511 -4.03932 3.482418 -4.34007 2.836364 -4.04182 3.627671 -3.994138 3.466993 -4.038881 3.645419 -4.04182 3.627671 -4.165366 3.548912 -3.994138 3.466993 14.2724 3.645419 14.11909 3.465733 14.27056 3.640058 -4.165366 3.548912 -4.041783 3.321626 -3.994138 3.466993 14.11909 3.465733 14.27005 3.321626 14.38438 3.548912 14.28252 3.477967 14.27005 3.321626 14.11909 3.465733 14.35089 2.827736 14.57288 3.21897 14.33532 2.850253 -4.340284 2.827736 -4.505244 3.215898 -4.501288 3.21897 -4.50379 14.57192 -4.330457 14.69437 -4.437684 14.36968 -4.50379 14.57192 -4.742985 14.65701 -4.330457 14.69437 -4.503828 3.357999 -4.503942 3.349018 -4.742985 3.234532 14.57192 3.355393 14.36968 3.292206 14.57195 3.349018 -4.503942 14.57195 -4.437684 14.36968 -4.742985 14.65701 -4.503759 3.066242 -4.50379 3.107558 -4.330457 3.275053 -4.502721 3.087994 -4.503759 3.066242 -4.742985 3.234532 -4.346495 2.485412 -4.42062 3.218637 -4.425437 3.217209 14.34704 2.516278 13.959 3.218637 14.33524 2.485412 -4.360694 2.505432 -4.424553 3.220987 -4.340114 2.516278 -4.423287 3.38421 -4.276165 3.216073 -4.424405 3.409993 -4.443831 3.234975 -4.276165 3.216073 -4.423287 3.38421 13.91307 3.12572 13.95965 3.040831 13.95047 3.234975 14.33501 2.743836 14.47754 3.46308 14.48233 3.462107 -4.337748 2.727221 -4.196528 3.46308 -4.355513 2.743836 -4.337748 2.727221 -4.198052 3.462107 -4.1936 3.461396 -4.196205 14.48019 -4.311665 14.48045 -4.12525 14.66531 14.66531 3.464848 14.4791 3.379481 14.4795 3.661282 14.48045 3.614064 14.48617 3.318324 14.66531 3.464848 14.48617 3.318324 14.48028 3.271706 14.66531 3.464848 14.33485 2.535724 14.37668 3.638006 14.35316 2.537621 -4.338218 2.553609 -4.661443 3.638116 -4.356746 2.535724 -4.338218 2.553609 -4.661152 3.638006 -4.657595 3.639857 -4.660106 3.818635 -4.456363 3.638034 -4.66192 3.747475 14.61748 3.658615 14.37126 3.747475 14.37532 3.447564 -4.456363 3.638034 -4.660255 3.4264 -4.66192 3.747475 14.61748 3.658615 14.37532 3.447564 14.34956 3.638034 14.3725 3.4264 14.37532 3.447564 14.37126 3.747475 -4.456363 3.638034 -4.660108 3.497094 -4.660255 3.4264 14.36924 1.623381 14.32433 1.619813 14.32641 3.334038 -4.364096 1.619813 -4.328894 3.333761 -4.344179 3.334038 -4.338552 1.62083 -4.341124 3.334305 -4.328894 3.333761 14.34272 2.964234 14.42396 3.465827 14.42827 3.464087 -4.359726 2.964234 -4.341472 2.986151 -4.526081 3.465827 -4.34733 2.971666 -4.359726 2.964234 -4.527559 3.464087 -4.512251 3.501246 -4.333651 3.429058 -4.525949 3.662516 14.41695 3.524235 14.42664 3.240231 14.50788 3.501246 14.42664 3.240231 14.24545 3.4756 14.42642 3.27049 -4.35127 2.622137 -4.289933 3.628993 -4.293843 3.629748 14.33231 2.622137 14.34681 2.627067 14.18954 3.628993 14.34681 2.627067 14.19469 3.630337 14.18954 3.628993 -4.291244 3.781474 -4.488158 3.609739 -4.038032 3.606532 -4.038032 3.606532 -4.291223 3.477004 -4.291234 3.506031 -4.038032 3.606532 -4.488158 3.609739 -4.291223 3.477004 14.32851 3.609739 13.9751 3.630138 14.19202 3.490747 -4.265139 13.9751 -4.038032 14.23845 -4.291234 14.19198 14.34453 3.145681 14.59853 3.302344 14.60115 3.29906 14.33821 3.146353 14.60037 3.297685 14.59853 3.302344 14.34711 3.131458 14.34453 3.145681 14.60115 3.29906 -4.272408 3.445737 -4.272254 3.468618 -4.091688 3.369065 -4.272408 3.445737 -4.091688 3.369065 -4.27416 3.498517 14.60111 3.498517 14.62428 3.249226 14.8338 3.325999 -4.091688 3.369065 -4.270133 3.081988 -4.254165 3.095346 14.5394 3.369065 14.8338 3.325999 14.60008 3.081988 -4.258334 3.325999 -4.409273 3.249226 -4.270133 3.081988 14.34997 3.084744 14.33345 3.082706 14.25608 3.576705 -4.354035 3.082706 -4.339986 3.092741 -4.537613 3.577626 -4.35761 3.084744 -4.540933 3.576705 -4.53684 3.579169 -4.53841 3.789138 -4.400414 3.521864 -4.537577 3.824184 14.25562 3.789138 14.26115 3.813273 14.40942 3.521864 14.26115 3.813273 14.2542 3.824184 14.2421 3.517051 -4.541462 3.813273 -4.708927 3.517051 -4.400414 3.521864 -4.537577 3.824184 -4.380774 3.501067 -4.708927 3.517051 -4.708927 3.517051 -4.538511 3.366096 -4.400414 3.521864 -4.380774 14.13515 -4.400414 14.40942 -4.538396 14.25565 14.40942 3.521864 14.25573 3.366096 14.25565 3.374509 -4.708927 3.517051 -4.538444 3.356065 -4.538511 3.366096 -4.708927 3.517051 -4.380774 3.501067 -4.538396 3.374509 14.35371 2.860511 14.33279 2.854643 14.26843 3.485206 -4.354131 2.854643 -4.34007 2.836364 -4.03932 3.482418 -4.352978 2.860511 -4.042684 3.485366 -4.03932 3.482418 -4.04182 3.627671 -4.041824 3.640058 -4.165366 3.548912 14.38438 3.548912 14.27056 3.640058 14.11909 3.465733 14.2724 3.645419 14.28252 3.477967 14.11909 3.465733 14.2724 3.645419 14.32481 3.466993 14.28252 3.477967 14.34239 2.818319 14.56989 3.218989 14.57312 3.215898 14.34239 2.818319 14.33532 2.850253 14.56989 3.218989 -4.348303 2.850253 -4.501288 3.21897 -4.505703 3.218989 -4.340284 2.827736 -4.359132 2.818319 -4.505244 3.215898 -4.50379 3.355393 -4.503828 3.357999 -4.742985 3.234532 -4.437684 3.292206 -4.502721 3.087994 -4.742985 3.234532 14.36968 3.292206 14.69437 3.275053 14.56643 3.087994 -4.330457 3.275053 -4.742985 3.234532 -4.503759 3.066242 -4.502721 3.087994 -4.330457 3.275053 -4.50379 3.107558 14.34644 2.505432 13.95867 3.217209 13.96183 3.220987 14.34644 2.505432 14.33524 2.485412 13.95867 3.217209 14.34704 2.516278 13.96183 3.220987 13.959 3.218637 -4.424405 3.409993 -4.418408 3.12572 -4.443831 3.234975 -4.424405 3.409993 -4.276165 3.216073 -4.418408 3.12572 -4.276165 3.216073 -4.443831 3.234975 -4.424003 3.040831 13.91307 3.12572 14.0599 3.216073 13.95987 3.061055 -4.276165 3.216073 -4.424003 3.040831 -4.423493 3.061055 14.35297 2.731701 14.33501 2.743836 14.48233 3.462107 -4.337748 2.727221 -4.1936 3.461396 -4.196528 3.46308 -4.337748 2.727221 -4.354865 2.731701 -4.198052 3.462107 14.4795 3.661282 14.48019 3.615198 14.66531 3.464848 -4.196205 3.615198 -4.196226 3.625525 -4.311665 3.614064 -4.196226 3.625525 -4.195788 3.661282 -4.311665 3.614064 -4.195788 3.661282 -4.191811 3.37876 -4.311665 3.614064 -4.191811 3.37876 -4.195788 3.661282 -3.990823 3.379481 14.48045 3.614064 14.39362 3.37876 14.48617 3.318324 -4.12525 14.66531 -4.196222 14.48028 -3.990823 14.4791 -3.990823 3.379481 -4.196222 3.271706 -4.191811 3.37876 14.33485 2.535724 14.37142 3.638116 14.37668 3.638006 -4.338218 2.553609 -4.657595 3.639857 -4.661443 3.638116 -4.338218 2.553609 -4.353026 2.537621 -4.661152 3.638006 -4.660106 3.818635 -4.660028 3.841241 -4.456363 3.638034 14.37408 3.841241 14.61748 3.658615 14.34956 3.638034 14.37408 3.841241 14.37126 3.747475 14.61748 3.658615 -4.456363 3.638034 -4.661035 3.447564 -4.660108 3.497094 12.10991 1.017424 12.05536 2.532219 12.06703 2.53246 -6.402104 1.015208 -6.412765 2.531969 -6.447061 1.014325 -6.43881 1.017424 -6.4188 2.53246 -6.402104 1.015208 -6.428434 2.307093 -6.369315 2.594402 -6.365636 2.591846 -6.414274 2.309316 -6.364595 2.594115 -6.432274 2.317753 12.07258 2.309316 12.24009 2.591846 12.2362 2.594115 -6.428434 2.307093 -6.365636 2.591846 -6.414274 2.309316 12.23793 2.743977 12.23507 2.79162 12.0236 2.648986 12.23507 2.79162 12.24027 2.52093 12.23932 2.408303 12.23507 2.79162 12.21835 2.54866 12.0236 2.648986 -6.344686 2.79162 -6.365363 2.408303 -6.437194 2.54866 12.0647 1.877945 11.95783 2.432391 12.08074 1.886784 -6.416645 1.904599 -6.701051 2.434231 -6.703334 2.431561 -6.431677 1.886784 -6.704452 2.432391 -6.416645 1.904599 11.95541 2.579345 11.95627 2.318686 11.71359 2.492639 -6.703154 11.95541 -6.767063 11.71359 -6.914364 12.0727 -6.718935 2.456784 -6.689513 2.318686 -6.703154 2.579345 -6.718935 2.456784 -6.696676 2.286493 -6.689513 2.318686 -6.914364 2.462327 -6.689513 2.318686 -6.703381 2.298305 12.06103 2.03758 12.01909 2.629398 12.08181 2.043152 -6.415287 2.027912 -6.22281 2.627422 -6.428059 2.03758 12.07072 2.027912 12.02345 2.628668 12.01895 2.627422 12.02156 2.795046 12.15832 2.66085 12.02054 2.755035 -6.224985 2.795046 -6.222409 2.800974 -6.444112 2.579917 12.15832 2.66085 11.83848 2.617557 12.02086 2.800974 -6.444112 2.579917 -6.087669 2.66085 -6.224985 2.795046 -6.222409 2.800974 -6.142225 2.617557 -6.444112 2.579917 -6.444112 2.579917 -6.224737 2.505454 -6.224718 2.495531 -6.414612 1.806035 -6.5358 2.620282 -6.427216 1.807164 -6.430494 1.791905 -6.535279 2.618676 -6.531906 2.619888 12.26412 2.759277 12.26426 2.765604 12.44799 2.582908 12.26429 2.785839 12.44799 2.582908 12.05402 2.63164 -6.534336 2.765604 -6.765607 2.558214 -6.489276 2.582908 12.44799 2.582908 12.26466 2.451593 12.26414 2.456943 -6.765607 2.558214 -6.534447 2.485654 -6.534564 2.451593 12.05402 2.63164 12.26414 2.456943 12.26408 2.485654 -6.435827 1.773595 -6.474838 2.641986 -6.421587 1.781296 12.07412 1.773595 11.88244 2.640619 11.88692 2.641986 12.08201 1.781296 11.88634 2.642179 12.06203 1.767846 11.92604 2.877107 11.96051 2.604917 11.88509 2.855235 11.88392 2.844933 11.86204 2.55552 11.92604 2.877107 -6.330199 2.604917 -6.473985 2.492106 -6.472892 2.844933 -6.472892 2.844933 -6.473985 2.492106 -6.636826 2.55552 -6.491712 2.877107 -6.636826 2.55552 -6.330199 2.604917 -6.636826 2.55552 -6.472717 2.446388 -6.330199 2.604917 -6.473985 2.492106 -6.474437 2.433998 -6.636826 2.55552 -6.472717 2.446388 -6.473985 2.492106 -6.330199 2.604917 12.08025 1.872202 12.26771 2.575104 12.2719 2.572923 -6.415386 1.858305 -6.165476 2.573039 -6.426524 1.88001 -6.433429 1.872202 -6.168544 2.572923 -6.415386 1.858305 12.26939 2.695548 12.08657 2.569507 12.27102 2.748681 12.27102 2.748681 12.49697 2.587873 12.26938 2.731086 12.49697 2.587873 12.25553 2.56249 12.27198 2.387834 12.49697 2.587873 12.26983 2.370421 12.08657 2.569507 12.49697 2.587873 12.27198 2.387834 12.26983 2.370421 -6.434583 1.951549 -6.746327 2.697075 -6.422544 1.963149 -6.434583 1.951549 -6.744329 2.69875 -6.748501 2.696137 12.08286 1.963149 12.12275 2.69875 12.06572 1.97247 -6.746343 2.858909 -6.9332 2.664026 -6.666396 2.654246 12.1243 2.892256 12.29623 2.654246 11.97437 2.726319 -6.617593 2.726319 -6.9332 2.664026 -6.746765 2.888642 12.29623 2.654246 12.12369 2.513634 11.97437 2.726319 -6.617593 2.726319 -6.746723 2.50902 -6.9332 2.664026 12.12369 2.513634 12.12432 2.50902 11.97437 2.726319 -6.432089 1.826631 -6.274202 2.763905 -6.278655 2.765524 -6.414643 1.82227 -6.274202 2.763905 -6.432089 1.826631 12.07049 1.82227 11.90514 2.764983 11.90109 2.763905 12.03677 2.733957 11.90137 2.614953 11.77269 2.766142 11.90066 2.801246 11.90423 2.60928 12.03677 2.733957 -6.275285 2.801246 -6.273384 2.614953 -6.276787 2.60928 12.0686 1.999389 12.22258 2.623619 12.22622 2.622355 -6.416246 2.002162 -6.425944 2.623619 -6.435348 1.999389 -6.424154 12.22454 -6.574596 12.16894 -6.384159 12.45183 -6.424154 2.770647 -6.424371 2.821633 -6.574596 2.703094 12.22458 2.79272 12.04924 2.54516 12.22396 2.821633 -6.285327 2.54516 -6.574596 2.703094 -6.424371 2.821633 12.16894 2.703094 12.22013 2.456153 12.45183 2.65042 -6.574596 2.703094 -6.285327 2.54516 -6.43953 2.456153 12.04924 2.54516 12.22453 2.453524 12.22453 2.435319 12.45183 2.65042 12.22453 2.453524 12.04924 2.54516 -6.384159 12.45183 -6.43953 12.22013 -6.424137 12.22453 -6.285327 2.54516 -6.424054 2.435319 -6.43953 2.456153 12.10991 1.017424 12.06356 1.014325 12.05536 2.532219 -6.447061 1.014325 -6.412765 2.531969 -6.429208 2.532219 12.09025 1.015208 12.06703 2.53246 12.05368 2.531969 12.08107 2.307093 12.06574 2.317753 12.23743 2.594402 -6.432274 2.317753 -6.364595 2.594115 -6.369315 2.594402 12.23793 2.743977 12.0236 2.648986 12.2397 2.772657 -6.372889 2.772657 -6.361391 2.52093 -6.344686 2.79162 12.2397 2.772657 12.0236 2.648986 12.21835 2.54866 -6.361391 2.52093 -6.372889 2.772657 -6.437194 2.54866 12.0647 1.877945 11.9529 2.431561 11.95783 2.432391 -6.429949 1.877945 -6.416645 1.904599 -6.703334 2.431561 -6.416645 1.904599 -6.704452 2.432391 -6.701051 2.434231 -6.703178 2.55258 -6.914364 2.462327 -6.718935 2.456784 -6.703178 2.55258 -6.703154 2.579345 -6.914364 2.462327 -6.718935 2.456784 -6.914364 2.462327 -6.703381 2.298305 -6.914364 12.0727 -6.767063 11.71359 -6.689513 11.95627 -6.718935 2.456784 -6.703381 2.298305 -6.696676 2.286493 12.08181 2.043152 12.01909 2.629398 12.02345 2.628668 -6.428059 2.03758 -6.22281 2.627422 -6.226983 2.629398 -6.415287 2.027912 -6.428716 2.043152 -6.224304 2.628668 -6.224723 2.755035 -6.087669 2.66085 -6.222409 2.800974 11.83848 2.617557 12.15832 2.66085 12.01858 2.46901 -6.087669 2.66085 -6.224718 2.495531 -6.223117 2.46901 -6.087669 2.66085 -6.444112 2.579917 -6.224718 2.495531 -6.444112 2.579917 -6.142225 2.617557 -6.223117 2.46901 -6.444112 2.579917 -6.223117 2.46901 -6.224737 2.505454 12.08067 1.791905 12.26178 2.620282 12.26651 2.618676 12.08067 1.791905 12.06178 1.807164 12.26178 2.620282 -6.414612 1.806035 -6.531906 2.619888 -6.5358 2.620282 -6.414612 1.806035 -6.430494 1.791905 -6.531906 2.619888 12.26412 2.759277 12.44799 2.582908 12.26429 2.785839 12.26426 2.765604 12.26429 2.785839 12.05402 2.63164 -6.534336 2.765604 -6.442396 2.63164 -6.765607 2.558214 12.05402 2.63164 12.44799 2.582908 12.26414 2.456943 -6.489276 12.44799 -6.765607 12.30784 -6.534564 12.26466 -6.765607 12.30784 -6.442396 12.05402 -6.534447 12.26408 -6.435827 1.773595 -6.421577 1.767846 -6.473358 2.640619 12.06203 1.767846 11.88634 2.642179 11.88244 2.640619 -6.421587 1.781296 -6.474838 2.641986 -6.470294 2.642179 -6.472757 2.855235 -6.330199 2.604917 -6.472892 2.844933 -6.636826 2.55552 -6.474437 2.433998 -6.472717 2.446388 12.08025 1.872202 12.06231 1.88001 12.26771 2.575104 -6.426524 1.88001 -6.165476 2.573039 -6.169148 2.575104 12.07257 1.858305 12.2719 2.572923 12.26765 2.573039 12.26939 2.695548 12.26938 2.731086 12.08657 2.569507 12.08657 2.569507 12.26938 2.731086 12.49697 2.587873 12.27102 2.748681 12.08657 2.569507 12.25553 2.56249 12.27102 2.748681 12.25553 2.56249 12.49697 2.587873 12.08657 2.569507 12.26983 2.370421 12.25553 2.56249 12.06695 1.951549 12.12331 2.696137 12.12725 2.697075 -6.434583 1.951549 -6.417767 1.97247 -6.744329 2.69875 12.08286 1.963149 12.12725 2.697075 12.12275 2.69875 -6.746765 2.888642 -6.745907 2.892256 -6.617593 2.726319 12.12444 2.858909 12.29623 2.654246 12.1243 2.892256 -6.746343 2.858909 -6.746765 2.888642 -6.9332 2.664026 12.12369 2.513634 12.29623 2.654246 12.12446 2.540565 -6.666396 12.29623 -6.9332 12.18921 -6.746343 12.12446 -6.9332 2.664026 -6.746723 2.50902 -6.746343 2.540565 12.08286 1.833304 12.06354 1.826631 11.90339 2.765524 12.07049 1.82227 12.08286 1.833304 11.90514 2.764983 -6.424536 1.833304 -6.278655 2.765524 -6.274296 2.764983 11.90328 2.910579 12.03677 2.733957 11.89507 2.931718 11.90328 2.910579 11.90066 2.801246 12.03677 2.733957 -6.275285 2.801246 -6.26902 2.931718 -6.125485 2.766142 11.89507 2.931718 12.03677 2.733957 11.77269 2.766142 -6.275285 2.801246 -6.125485 2.766142 -6.273384 2.614953 11.90137 2.614953 12.03677 2.733957 11.90301 2.631578 12.03677 2.733957 11.90423 2.60928 11.90301 2.631578 12.08257 1.989621 12.0686 1.999389 12.22622 2.622355 -6.416246 2.002162 -6.421382 2.622928 -6.425944 2.623619 12.06453 2.002162 12.08257 1.989621 12.22451 2.622928 -6.424422 1.989621 -6.426179 2.622355 -6.421382 2.622928 12.22458 2.79272 12.22454 2.770647 12.45183 2.65042 12.04924 2.54516 12.22458 2.79272 12.45183 2.65042 -7.267002 0.9644349 -7.305399 2.334825 -7.292943 2.335041 -7.269541 0.9624531 -7.301087 2.334601 -7.305198 0.9616628 13.96306 0.9644349 13.93321 2.335041 13.92835 0.9624531 13.93589 1.955955 13.65347 2.43285 13.94645 1.9816 -7.297791 1.955955 -7.406652 2.43025 -7.410307 2.429891 -7.28258 1.971051 -7.406652 2.43025 -7.297791 1.955955 13.93761 1.971051 13.65347 2.43285 13.65012 2.43025 -7.40833 2.54107 -7.286203 2.386659 -7.401353 2.38758 -7.40833 2.54107 -7.406144 2.569341 -7.286203 2.386659 -7.401353 2.38758 -7.55344 2.412715 -7.406144 2.569341 -7.406144 2.569341 -7.55344 2.412715 -7.286203 2.386659 -7.55344 2.412715 -7.408686 2.315581 -7.286203 2.386659 -7.401353 2.38758 -7.40833 2.312511 -7.408324 2.324678 -7.401353 2.38758 -7.408686 2.315581 -7.40833 2.312511 -7.296568 1.866303 -7.170715 2.28756 -7.283446 1.855888 13.93067 1.872003 13.9974 2.289395 13.94752 1.866303 -7.29375 1.872003 -7.169001 2.287448 -7.172477 2.289395 13.99881 2.435453 13.93343 2.28488 14.15711 2.264964 -7.171047 2.445951 -7.130229 2.220619 -7.334235 2.28488 13.99956 2.465491 14.15711 2.264964 13.99941 2.18044 -7.130229 13.8307 -7.167802 13.99941 -7.334235 13.93343 14.15711 2.264964 13.99881 2.129345 13.99881 2.129323 -7.334235 2.28488 -7.167802 2.18044 -7.171007 2.129345 -7.29201 1.867131 -7.464701 2.295464 -7.284462 1.884746 -7.29201 1.867131 -7.467505 2.293781 -7.464701 2.295464 13.93704 1.884746 14.00816 2.295464 14.00391 2.295984 -7.465557 14.00642 -7.270209 13.9896 -7.436442 13.81231 -7.465772 2.409434 -7.614872 2.278492 -7.465557 2.432557 -7.465557 2.432557 -7.462723 2.242445 -7.270209 2.284116 -7.465557 2.432557 -7.614872 2.278492 -7.462723 2.242445 -7.462723 14.17714 -7.614872 13.99818 -7.465842 14.00624 -7.614872 2.278492 -7.465771 2.175406 -7.465842 2.166215 -7.270209 2.284116 -7.465391 2.185758 -7.465771 2.175406 -7.300686 2.052535 -7.153895 2.587851 -7.287457 2.055638 -7.300686 2.052535 -7.152719 2.585463 -7.156437 2.587175 13.9478 2.055638 13.71879 2.585463 13.93441 2.039441 13.72025 2.696257 13.72033 2.71678 13.90243 2.630229 -7.015982 2.628683 -7.351839 2.570717 -7.15493 2.71678 -7.351839 2.570717 -7.154528 2.453165 -7.097169 2.630229 -7.015982 13.57131 -7.152457 13.72008 -7.202461 13.54638 13.72008 2.465193 13.72025 2.477249 13.54638 2.520909 -7.351839 2.570717 -7.154314 2.477249 -7.154528 2.453165 -7.298813 1.745798 -7.220845 2.479727 -7.28223 1.746779 13.94081 1.746779 14.21385 2.481477 13.9321 1.761433 13.94081 1.746779 14.21664 2.479727 14.21385 2.481477 14.21525 2.61329 14.03073 2.477149 14.21523 2.618356 -7.2223 14.21525 -7.06358 14.28619 -7.187995 14.03073 14.21569 2.654359 14.03073 2.477149 14.3568 2.435706 -7.06358 2.508161 -7.353156 2.435706 -7.222101 2.333324 14.03073 2.477149 14.21525 2.332324 14.3568 2.435706 14.03073 2.477149 14.21522 2.333324 14.21525 2.332324 14.3568 2.435706 14.21525 2.332324 14.21523 2.351911 -7.286368 1.918034 -7.492168 2.329817 -7.488973 2.33081 -7.298917 1.896755 -7.492168 2.329817 -7.286368 1.918034 13.94336 1.896755 13.80273 2.328152 13.80588 2.329817 -7.490854 2.458078 -7.491678 2.508696 -7.611997 2.339983 -7.490279 2.487987 -7.356997 2.340806 -7.491678 2.508696 -7.490854 2.458078 -7.611997 2.339983 -7.490279 2.487987 13.80775 2.487987 13.69093 2.339983 13.83928 2.215327 -7.356997 2.340806 -7.611997 2.339983 -7.491678 2.508696 -7.490279 2.487987 -7.634165 2.215327 -7.356997 2.340806 -7.356997 2.340806 -7.491166 2.170408 -7.611997 2.339983 13.80672 2.177667 13.8031 2.170408 13.85716 2.340806 -7.634165 2.215327 -7.484681 2.177667 -7.356997 2.340806 -7.297111 2.008177 -7.141613 2.405568 -7.28293 1.992116 13.94712 2.008177 13.92571 2.406941 13.92973 2.407415 -7.28293 1.992116 -7.144377 2.406941 -7.294127 2.003524 -7.142282 2.483836 -7.139455 2.363365 -7.14679 2.364333 -7.142282 2.483836 -7.1504 2.396806 -7.139455 2.363365 -7.284803 1.708553 -7.440244 2.353263 -7.436625 2.355228 -7.286521 1.721293 -7.439188 2.355722 -7.299481 1.701391 13.946 1.708553 14.13515 2.355228 13.93338 1.721293 14.13447 2.446051 13.97358 2.367237 14.13564 2.477574 14.13447 2.480419 13.97358 2.367237 14.13447 2.446051 -7.439532 2.477574 -7.349249 2.371102 -7.438727 2.480419 -7.439532 2.477574 -7.644992 2.338358 -7.349249 2.371102 13.97358 2.367237 14.13567 2.226182 14.13444 2.248929 14.25675 2.371102 14.13567 2.226182 13.97358 2.367237 -7.644992 2.338358 -7.438735 2.248443 -7.349249 2.371102 -7.406098 13.97358 -7.43871 14.13444 -7.644992 14.12973 13.93784 1.965931 13.64699 2.298411 13.9451 1.988472 -7.282968 1.963157 -7.300214 2.294926 -7.300157 1.965931 13.93651 1.963157 13.64699 2.298411 13.64479 2.295157 13.64394 2.451262 13.43042 2.291946 13.64568 2.412859 13.64394 2.451262 13.68537 2.278614 13.43042 2.291946 -7.298544 2.396965 -7.298064 2.184877 -7.126593 2.278614 13.64568 2.412859 13.43042 2.291946 13.64799 2.184877 13.43042 2.291946 13.6448 2.164328 13.64799 2.184877 -7.126593 2.278614 -7.298064 2.184877 -7.29982 2.151707 -7.267002 0.9644349 -7.305198 0.9616628 -7.305399 2.334825 13.95361 0.9616628 13.92407 2.334601 13.93719 2.334825 13.92835 0.9624531 13.93321 2.335041 13.92407 2.334601 13.93589 1.955955 13.65123 2.429891 13.65347 2.43285 13.93761 1.971051 13.94645 1.9816 13.65347 2.43285 -7.55344 2.412715 -7.401353 2.38758 -7.408324 2.324678 -7.401353 2.38758 -7.286203 2.386659 -7.408686 2.315581 -7.408686 2.315581 -7.55344 2.412715 -7.408324 2.324678 13.94752 1.866303 13.9974 2.289395 14.00105 2.28756 -7.29375 1.872003 -7.283446 1.855888 -7.169001 2.287448 13.94113 1.855888 14.00105 2.28756 13.99802 2.287448 13.99881 2.435453 14.15711 2.264964 13.99956 2.465491 -7.171003 2.435453 -7.171047 2.445951 -7.334235 2.28488 13.99869 2.445951 13.99956 2.465491 13.8307 2.220619 13.99956 2.465491 13.99941 2.18044 13.8307 2.220619 14.15711 2.264964 13.99881 2.129323 13.99941 2.18044 14.15711 2.264964 13.93343 2.28488 13.99881 2.129345 13.94842 1.867131 13.93655 1.863256 14.00675 2.293781 13.93655 1.863256 14.00391 2.295984 14.00675 2.293781 -7.299091 1.863256 -7.284462 1.884746 -7.465607 2.295984 14.00599 2.429803 14.00642 2.432557 13.81231 2.299834 -7.465772 2.409434 -7.465816 2.429803 -7.614872 2.278492 -7.614872 13.99818 -7.465816 14.00599 -7.436442 13.81231 -7.614872 13.99818 -7.436442 13.81231 -7.465771 14.00608 -7.436442 13.81231 -7.270209 13.9896 -7.465771 14.00608 -7.270209 13.9896 -7.462723 14.17714 -7.465391 14.00663 14.17714 2.242445 14.00624 2.166215 14.00663 2.185758 13.93674 2.052535 13.71956 2.587175 13.72237 2.587851 -7.300686 2.052535 -7.285566 2.039441 -7.152719 2.585463 13.9478 2.055638 13.72237 2.587851 13.71879 2.585463 13.72024 2.691999 13.57131 2.628683 13.72033 2.71678 -7.154306 13.72024 -7.097169 13.90243 -7.015982 13.57131 13.72024 2.691999 13.72025 2.696257 13.90243 2.630229 -7.15493 13.72033 -7.351839 13.71862 -7.097169 13.90243 -7.351839 13.71862 -7.015982 13.57131 -7.202461 13.54638 13.57131 2.628683 13.90243 2.630229 13.72008 2.465193 13.72008 2.465193 13.90243 2.630229 13.72062 2.453165 -7.351839 13.71862 -7.202461 13.54638 -7.154314 13.72025 -7.298813 1.745798 -7.22462 2.481145 -7.220845 2.479727 13.94574 1.745798 13.9321 1.761433 14.21536 2.481145 -7.293028 1.761433 -7.220619 2.481477 -7.22462 2.481145 14.21523 2.618356 14.03073 2.477149 14.21569 2.654359 -7.2223 2.61329 -7.222859 2.654359 -7.06358 2.508161 -7.222859 2.654359 -7.353156 2.435706 -7.06358 2.508161 14.28619 2.508161 14.21522 2.333324 14.03073 2.477149 14.21522 2.333324 14.3568 2.435706 14.21523 2.351911 13.94336 1.896755 13.93139 1.895025 13.80273 2.328152 -7.29182 1.895025 -7.488973 2.33081 -7.492106 2.328152 13.93139 1.895025 13.9445 1.918034 13.80302 2.33081 -7.634165 13.83928 -7.611997 13.69093 -7.491166 13.8031 -7.297111 2.008177 -7.144938 2.407415 -7.141613 2.405568 13.94712 2.008177 13.93118 2.003524 13.92571 2.406941 -7.28293 1.992116 -7.141613 2.405568 -7.144377 2.406941 -7.284803 1.708553 -7.299481 1.701391 -7.440244 2.353263 13.94117 1.701391 14.13234 2.355722 14.13591 2.353263 13.93338 1.721293 14.13515 2.355228 14.13234 2.355722 14.13447 2.480419 14.25675 2.371102 13.97358 2.367237 -7.439532 14.13564 -7.406098 13.97358 -7.644992 14.12973 14.13567 2.226182 14.25675 2.371102 14.13448 2.248443 -7.644992 2.338358 -7.43871 2.248929 -7.438735 2.248443 13.93784 1.965931 13.64473 2.294926 13.64699 2.298411 -7.282968 1.963157 -7.29639 2.295157 -7.300214 2.294926 13.93651 1.963157 13.9451 1.988472 13.64699 2.298411 -7.298544 2.396965 -7.126593 2.278614 -7.298305 2.451262 13.64568 2.412859 13.64799 2.184877 13.6479 2.396965 13.43042 2.291946 13.64168 2.151707 13.6448 2.164328 -7.335681 13.43042 -7.126593 13.68537 -7.29982 13.64168 -5.062951 1.422396 -5.058721 2.369432 -5.051292 2.36958 -5.039195 1.421076 -5.047793 2.369279 -5.07033 1.420549 -5.062951 1.422396 -5.051292 2.36958 -5.039195 1.421076 12.53419 2.015657 12.42383 2.542929 12.42612 2.543214 -5.050676 2.009236 -5.01167 2.542929 -5.062255 2.013117 12.53419 2.015657 12.42335 2.542472 12.52104 2.009236 -5.046514 12.44932 -4.930363 12.5635 -5.009767 12.42438 12.42425 2.651004 12.5635 2.571126 12.30029 2.50295 -4.930363 12.5635 -5.060896 12.51294 -5.009491 12.42447 12.44932 2.600272 12.30029 2.50295 12.42431 2.449081 12.30029 2.50295 12.42447 2.434728 12.42431 2.449081 -5.057192 2.06973 -4.996576 2.499475 -4.993968 2.498106 -5.047937 2.072891 -4.993425 2.499426 -5.060445 2.081483 12.52698 2.072891 12.7195 2.498106 12.71681 2.499426 -5.057192 2.06973 -4.993968 2.498106 -5.047937 2.072891 -4.861834 2.494048 -5.056971 2.483536 -4.994852 2.594086 -4.994133 2.557699 -5.0013 2.4895 -4.861834 2.494048 -5.0013 2.4895 -4.994422 2.419951 -4.861834 2.494048 -5.062387 2.090541 -5.161429 2.442893 -5.053863 2.099437 -5.062387 2.090541 -5.160696 2.442604 -5.163441 2.441774 12.52205 2.098822 12.48056 2.442893 12.47719 2.442604 -5.161923 12.47876 -5.135528 12.39117 -5.318623 12.47041 12.47871 2.534055 12.39117 2.520173 12.47876 2.546206 12.60321 2.468132 12.54298 2.372185 12.39117 2.520173 -5.035303 2.372185 -5.159581 2.338735 -5.135528 2.520173 -5.318623 2.437505 -5.161851 2.339788 -5.124563 2.468132 12.52734 2.051335 12.47352 2.455926 12.47613 2.455058 -5.053402 2.038351 -4.815916 2.455926 -5.061097 2.051335 -4.814421 2.535355 -4.814412 2.531543 -4.683384 2.484665 -4.814412 2.531543 -4.848622 2.547825 -4.672059 2.436464 -4.814417 2.526966 -4.848622 2.547825 -4.814412 2.531543 -4.848622 2.547825 -4.683384 2.484665 -4.928951 2.430846 12.47409 2.547825 12.36515 2.430846 12.4809 2.392318 -4.683384 12.39991 -4.672059 12.49368 -4.928951 12.36515 -4.672059 2.436464 -4.814417 2.357834 -4.814406 2.362042 -4.672059 2.436464 -4.816226 2.392318 -4.814417 2.357834 12.36515 2.430846 12.47436 2.362042 12.4809 2.392318 -5.060275 2.008156 -5.125327 2.363687 -5.122919 2.363732 12.51951 2.019228 12.63481 2.363687 12.53081 2.008156 12.53002 2.015025 12.63623 2.363732 12.63301 2.365041 -5.123227 2.3847 -5.01564 2.355268 -5.123746 2.448201 -5.123746 12.63444 -5.01564 12.67549 -5.090997 12.44866 -5.123227 2.3847 -5.127915 2.346085 -5.122848 2.270997 -5.01564 2.355268 -5.122848 2.270997 -5.123592 2.287198 12.44866 2.356357 12.63456 2.287198 12.63377 2.346085 12.52708 2.228961 12.41023 2.34963 12.53109 2.240862 -5.050146 12.52218 -5.078316 12.40801 -5.062746 12.52708 -5.050146 2.223905 -5.075902 2.34898 -5.078316 2.347455 -5.053088 12.53109 -5.079053 12.41023 -5.075902 12.40901 12.40909 2.421656 12.40849 2.442965 12.30503 2.343399 -5.077974 2.439633 -5.066799 2.321992 -5.077469 2.442965 12.40909 2.421656 12.30503 2.343399 12.40893 2.439633 12.40849 2.442965 12.41557 2.321992 12.30503 2.343399 -5.077974 2.439633 -5.073994 2.341929 -5.066799 2.321992 12.40893 2.439633 12.37949 2.332702 12.41328 2.341929 -4.981051 2.343399 -5.089784 2.332702 -5.077974 2.439633 -4.981051 12.30503 -5.066799 12.41557 -5.089784 12.37949 -5.060437 1.890352 -4.976954 2.368942 -4.974824 2.368147 12.5193 1.894325 12.60133 2.368942 12.5318 1.890352 -4.976126 2.463665 -4.975545 2.485776 -5.067743 2.31209 12.60173 2.477005 12.53567 2.342539 12.60039 2.485776 -4.974391 2.477005 -4.974903 2.278172 -4.870819 2.342539 -4.974391 2.477005 -4.976126 2.463665 -4.974903 2.278172 -4.870819 2.342539 -5.067743 2.31209 -4.975545 2.485776 -4.976126 2.463665 -5.067743 2.31209 -4.974903 2.278172 -5.067743 2.31209 -4.975255 2.262688 -4.974903 2.278172 -4.870819 2.342539 -4.974903 2.278172 -4.975248 2.260933 -5.061943 2.011137 -5.179771 2.421975 -5.050764 2.019193 -5.055943 2.016633 -5.177007 2.423155 -5.179771 2.421975 12.53214 2.019193 12.54484 2.423018 12.54206 2.423155 12.66439 2.427934 12.43851 2.416968 12.54347 2.515772 -5.179227 2.52768 -5.095834 2.416968 -5.312653 2.402709 12.66439 2.427934 12.54382 2.321864 12.54353 2.340299 -5.312653 2.402709 -5.178096 2.336627 -5.178174 2.321864 -5.060938 2.20175 -4.996545 2.522017 -4.994293 2.521968 -5.057028 2.196008 -4.993315 2.521236 -4.996545 2.522017 -5.048017 2.195634 -4.993315 2.521236 -5.057028 2.196008 -5.060938 2.20175 -4.994293 2.521968 -5.048017 2.195634 -4.994714 2.610909 -5.103599 2.574607 -4.954594 2.608979 -4.954594 2.608979 -5.005033 2.409878 -4.994016 2.634804 -5.103599 12.41471 -5.021542 12.58603 -4.954594 12.47585 -4.994016 2.634804 -5.005033 2.409878 -5.103599 2.574607 12.55264 1.422396 12.52198 1.420549 12.51578 2.369432 -5.07033 1.420549 -5.047793 2.369279 -5.058721 2.369432 12.53802 1.421076 12.52317 2.36958 12.514 2.369279 12.53419 2.015657 12.52459 2.013117 12.42383 2.542929 -5.050676 2.009236 -5.00827 2.542472 -5.01167 2.542929 12.53419 2.015657 12.42612 2.543214 12.42335 2.542472 12.42438 2.627259 12.5635 2.571126 12.42425 2.651004 -5.009455 2.651004 -4.911814 2.50295 -5.046514 2.600272 -5.046514 2.600272 -5.060896 2.458085 -4.930363 2.571126 12.30029 2.50295 12.5635 2.571126 12.42447 2.434728 12.51294 2.458085 12.44932 2.600272 12.42431 2.449081 12.53302 2.06973 12.52254 2.081483 12.71772 2.499475 -5.060445 2.081483 -4.993425 2.499426 -4.996576 2.499475 -4.994852 2.594086 -4.994133 2.557699 -4.861834 2.494048 12.71713 2.594086 12.60697 2.483536 12.71855 2.4895 -5.056971 12.60697 -4.861834 12.7098 -4.995859 12.717 12.71855 2.4895 12.60697 2.483536 12.717 2.409394 -4.995859 2.409394 -4.861834 2.494048 -4.994422 2.419951 12.5248 2.090541 12.47826 2.441774 12.48056 2.442893 -5.062387 2.090541 -5.049552 2.098822 -5.160696 2.442604 12.52205 2.098822 12.53354 2.099437 12.48056 2.442893 12.47871 2.534055 12.60321 2.468132 12.39117 2.520173 12.47871 2.534055 12.4787 2.531301 12.60321 2.468132 12.4787 2.531301 12.47876 2.546206 12.60321 2.468132 -5.161923 12.47876 -5.318623 12.47041 -5.124563 12.60321 -5.318623 2.437505 -5.135528 2.520173 -5.159581 2.338735 -5.159581 2.338735 -5.035303 2.372185 -5.16183 2.361307 -5.035303 2.372185 -5.161851 2.339788 -5.16183 2.361307 -5.035303 2.372185 -5.124563 2.468132 -5.161851 2.339788 -5.318623 12.47041 -5.159581 12.47728 -5.161851 12.47871 -5.053402 2.038351 -4.813152 2.453926 -4.815916 2.455926 12.5201 2.038351 12.53069 2.036686 12.47348 2.453926 12.53069 2.036686 12.47613 2.455058 12.47348 2.453926 -5.049932 2.036686 -5.061097 2.051335 -4.814147 2.455058 -4.814417 2.526966 -4.814421 2.535355 -4.683384 2.484665 -4.814417 12.47434 -4.683384 12.39991 -4.848622 12.47409 -4.683384 12.39991 -4.814412 12.47434 -4.672059 12.49368 -4.848622 2.547825 -4.816226 2.392318 -4.672059 2.436464 -4.928951 2.430846 -4.672059 2.436464 -4.814406 2.362042 -5.05731 2.019228 -5.123159 2.365041 -5.125327 2.363687 12.51951 2.019228 12.53002 2.015025 12.63301 2.365041 -5.048588 2.015025 -5.060275 2.008156 -5.122919 2.363732 -5.126929 2.463755 -5.123746 2.448201 -5.127915 2.346085 12.63444 2.448201 12.44866 2.356357 12.63377 2.346085 12.63801 2.3847 12.63289 2.463755 12.63377 2.346085 -5.01564 2.355268 -5.123227 2.3847 -5.122848 2.270997 -5.090997 12.44866 -5.01564 12.67549 -5.123592 12.63456 12.52708 2.228961 12.40801 2.347455 12.41023 2.34963 12.52218 2.223905 12.53109 2.240862 12.40901 2.34898 -5.057104 1.894325 -4.974401 2.368798 -4.976954 2.368942 12.5193 1.894325 12.5293 1.885812 12.59917 2.368798 12.5293 1.885812 12.60251 2.368147 12.59917 2.368798 -5.048661 1.885812 -5.060437 1.890352 -4.974824 2.368147 -5.067743 2.31209 -4.975248 2.260933 -4.975255 2.262688 -5.067743 12.53487 -4.870819 12.53567 -4.975248 12.60081 12.52812 2.011137 12.51917 2.016633 12.54383 2.421975 12.51917 2.016633 12.53214 2.019193 12.54206 2.423155 -5.050764 2.019193 -5.179771 2.421975 -5.176984 2.423018 12.54342 2.52768 12.54347 2.515772 12.43851 2.416968 12.54347 2.515772 12.54347 2.498902 12.66439 2.427934 12.54347 2.498902 12.54342 2.52768 12.66439 2.427934 -5.179227 2.52768 -5.312653 2.402709 -5.105745 2.427934 -5.312653 2.402709 -5.178174 2.321864 -5.105745 2.427934 12.66439 2.427934 12.54353 2.340299 12.43851 2.416968 12.43851 2.416968 12.54353 2.340299 12.54347 2.336627 -5.312653 2.402709 -5.095834 2.416968 -5.178096 2.336627 12.53186 2.20175 12.51973 2.196008 12.46835 2.522017 12.52807 2.195634 12.47044 2.521968 12.4674 2.521236 -4.994714 2.610909 -4.994016 2.634804 -5.103599 2.574607 -4.954594 2.608979 -4.991943 2.394525 -5.005033 2.409878 12.47585 2.608979 12.58603 2.468555 12.46781 2.394525 12.41471 2.574607 12.46234 2.409878 12.58603 2.468555 -5.021542 12.58603 -5.005033 12.46234 -4.994675 12.46877 12.46781 2.394525 12.58603 2.468555 12.46877 2.40247 -7.271098 0.8820731 -7.269326 1.883395 -7.261469 1.883553 -7.24849 0.8805621 -7.2586 1.883232 -7.280436 0.8799594 -7.271098 0.8820731 -7.261469 1.883553 -7.24849 0.8805621 12.54216 1.699639 12.39424 1.888087 12.39689 1.889962 -7.258632 1.708147 -7.388963 1.888087 -7.269989 1.699639 -7.266569 12.55018 -7.386857 12.39545 -7.258632 12.54248 12.39548 1.974521 12.39514 1.977729 12.39316 1.866644 -7.388441 1.974521 -7.386579 1.866644 -7.42018 1.89679 12.39514 1.977729 12.49434 1.904896 12.39316 1.866644 -7.42018 1.89679 -7.388406 1.812239 -7.334863 1.904896 -7.42018 1.89679 -7.388402 1.808158 -7.388406 1.812239 12.3956 1.812239 12.39316 1.866644 12.49434 1.904896 -7.270069 1.668248 -7.15505 1.891727 -7.152994 1.890308 -7.266956 1.668327 -7.152214 1.890323 -7.15505 1.891727 -7.25873 1.656445 -7.152214 1.890323 -7.266956 1.668327 -7.270069 1.668248 -7.152994 1.890308 -7.25873 1.656445 12.57257 1.980261 12.70496 1.877646 12.57152 1.996704 -7.153755 12.57152 -7.043745 12.70496 -7.007334 12.48072 -7.153755 1.996704 -7.007334 1.916013 -7.229542 1.748239 -7.043745 12.70496 -7.153012 12.57241 -7.007334 12.48072 -7.285635 12.66987 -7.153364 12.57266 -7.043745 12.70496 -7.271818 1.417003 -7.390969 1.934848 -7.262258 1.421422 -7.263736 1.427442 -7.390011 1.93598 -7.392932 1.934728 12.5511 1.421422 12.6309 1.93598 12.5375 1.427442 -7.39127 2.028732 -7.391163 2.051342 -7.517344 1.937833 -7.389193 2.053117 -7.260172 1.918507 -7.391163 2.051342 -7.517344 1.937833 -7.260172 1.918507 -7.389193 2.053117 12.63171 2.051342 12.56681 1.891274 12.72454 1.937833 -7.391163 2.051342 -7.260172 1.918507 -7.446796 1.891274 -7.260172 1.918507 -7.391337 1.84517 -7.446796 1.891274 -7.517344 1.937833 -7.391278 1.8505 -7.391337 1.84517 -7.269684 1.707354 -7.238952 2.05639 -7.24142 2.055998 -7.266772 1.710608 -7.238952 2.05639 -7.258236 1.708532 12.45397 2.142926 12.45235 2.166479 12.3414 2.027575 -7.238798 12.45235 -7.300619 12.5285 -7.111861 12.52635 12.4539 2.159364 12.3414 2.027575 12.5285 2.130489 -7.300619 2.130489 -7.241088 1.96241 -7.111861 2.02247 12.5285 2.130489 12.3414 2.027575 12.45656 1.96241 12.3414 2.027575 12.45399 1.955198 12.45656 1.96241 -7.241088 1.96241 -7.240864 1.947263 -7.111861 2.02247 12.54875 1.703999 12.76233 1.845236 12.76402 1.842395 -7.263107 12.53983 -7.155598 12.76225 -7.15818 12.76233 -7.25995 12.54465 -7.158195 12.76402 -7.155598 12.76225 12.76314 1.944622 12.76175 1.741483 12.67668 1.949649 12.67668 1.949649 12.65415 1.77123 12.91277 1.838297 -7.021743 1.741483 -7.250408 1.77123 -7.208055 1.949649 12.91277 1.838297 12.76175 1.741483 12.76314 1.944622 -7.021743 1.741483 -7.15731 1.735825 -7.157284 1.731295 -7.021743 1.741483 -7.157324 1.744895 -7.15731 1.735825 -7.250408 12.65415 -7.157324 12.7629 -7.226871 12.91277 12.65415 1.77123 12.76282 1.731295 12.7629 1.744895 12.55028 1.449818 12.4829 1.902363 12.48541 1.902871 -7.258864 1.46203 -7.455328 1.904202 -7.26687 1.448666 -7.269985 1.449818 -7.455328 1.904202 -7.258864 1.46203 12.48443 2.014468 12.48397 2.014789 12.39185 1.886388 -7.56108 1.886388 -7.45298 1.978298 -7.45726 2.014468 -7.56108 1.886388 -7.454977 1.81184 -7.45298 1.978298 -7.26716 1.579976 -7.129334 1.967849 -7.131319 1.969046 -7.258376 1.574589 -7.129334 1.967849 -7.26716 1.579976 -7.270215 1.586839 -7.128104 1.967698 -7.258376 1.574589 12.49563 2.058991 12.49477 2.086145 12.59953 1.967475 -7.011896 1.992845 -7.133594 1.904125 -7.132301 2.086145 -7.132301 2.086145 -7.133594 1.904125 -7.195521 1.930138 -7.048631 1.967475 -7.195521 1.930138 -7.129502 1.861391 12.53805 1.498992 12.72181 1.920594 12.54847 1.485603 12.54638 1.494831 12.71901 1.922446 12.53805 1.498992 -7.25771 1.494831 -7.346449 1.920594 -7.343468 1.921762 12.72136 1.967351 12.80733 1.923555 12.72013 2.028616 12.72066 2.000924 12.62803 1.912157 12.72136 1.967351 12.80733 1.923555 12.72041 1.830555 12.62803 1.912157 12.72136 1.967351 12.72152 1.819146 12.80733 1.923555 12.62803 1.912157 12.72041 1.830555 12.72066 1.847454 12.54461 1.640828 12.36262 1.809566 12.36451 1.812491 -7.260963 1.63849 -7.325438 1.81078 -7.327947 1.809566 12.54796 1.660376 12.36263 1.81078 12.53997 1.63849 -7.317549 1.948344 -7.206319 1.79962 -7.326799 1.913595 -7.206319 1.79962 -7.410076 1.774694 -7.326799 1.913595 -7.410076 1.774694 -7.327725 1.700625 -7.317549 1.948344 -7.206319 1.79962 -7.327004 1.707237 -7.410076 1.774694 -7.206319 1.79962 -7.327066 1.700076 -7.327004 1.707237 -7.206319 12.34806 -7.327725 12.3659 -7.327066 12.36339 12.57051 0.8820731 12.54058 0.8799594 12.53366 1.883395 -7.280436 0.8799594 -7.2586 1.883232 -7.269326 1.883395 12.55444 0.8805621 12.5405 1.883553 12.53117 1.883232 12.55018 1.709125 12.54216 1.699639 12.39689 1.889962 -7.258632 1.708147 -7.386857 1.890587 -7.388963 1.888087 -7.266569 12.55018 -7.389481 12.39689 -7.386857 12.39545 12.39514 1.977729 12.411 1.89679 12.49434 1.904896 -7.42018 1.89679 -7.386579 1.866644 -7.388402 1.808158 12.55018 1.668248 12.53753 1.668327 12.57247 1.891727 12.54465 1.656445 12.57425 1.890308 12.57108 1.890323 12.57257 1.980261 12.57262 1.999163 12.70496 1.877646 12.57262 1.999163 12.57152 1.996704 12.66987 1.928802 -7.1533 12.57262 -7.285635 12.66987 -7.043745 12.70496 12.57152 1.996704 12.47528 1.748239 12.66987 1.928802 -7.285635 12.66987 -7.229542 12.47528 -7.153364 12.57266 -7.007334 12.48072 -7.153012 12.57241 -7.229542 12.47528 12.57241 1.78172 12.70496 1.877646 12.57266 1.793883 12.54582 1.417003 12.63169 1.934728 12.63402 1.934848 -7.271818 1.417003 -7.263736 1.427442 -7.392932 1.934728 12.5511 1.421422 12.63402 1.934848 12.6309 1.93598 -7.389193 2.053117 -7.39127 2.028732 -7.517344 1.937833 -7.260172 12.70797 -7.517344 12.72454 -7.391337 12.63222 -7.517344 12.72454 -7.446796 12.56681 -7.391278 12.6322 12.5511 1.710608 12.53849 1.707354 12.45512 2.056831 12.53849 1.707354 12.45231 2.055998 12.45512 2.056831 -7.269684 1.707354 -7.258236 1.708532 -7.238952 2.05639 -7.266772 1.710608 -7.242295 2.056831 -7.238952 2.05639 12.45235 2.166479 12.4539 2.159364 12.5285 2.130489 12.4539 2.159364 12.45397 2.142926 12.3414 2.027575 12.45235 2.166479 12.52635 2.02247 12.3414 2.027575 12.3414 2.027575 12.52635 2.02247 12.45397 1.947263 12.3414 2.027575 12.45397 1.947263 12.45399 1.955198 12.54875 1.703999 12.53983 1.713141 12.76233 1.845236 12.53983 1.713141 12.54465 1.702435 12.76225 1.843222 -7.25995 12.54465 -7.270157 12.54875 -7.158195 12.76402 12.76314 1.944622 12.76289 1.947253 12.91277 1.838297 -7.157333 12.76289 -7.208055 12.67668 -7.226871 12.91277 12.76289 1.947253 12.76287 1.973852 12.67668 1.949649 12.76287 1.973852 12.76314 1.944622 12.67668 1.949649 -7.021743 12.76175 -7.226871 12.91277 -7.157324 12.7629 -7.250408 12.65415 -7.021743 12.76175 -7.157284 12.76282 12.55028 1.449818 12.53763 1.448666 12.4829 1.902363 -7.26687 1.448666 -7.455328 1.904202 -7.458016 1.902363 -7.269985 1.449818 -7.45799 1.902871 -7.455328 1.904202 12.48397 2.014789 12.4902 1.978298 12.39756 1.910172 -7.456914 2.014789 -7.343107 1.910172 -7.56108 1.886388 -7.45298 1.978298 -7.454977 1.81184 -7.343107 1.910172 -7.56108 1.886388 -7.343107 1.910172 -7.456884 1.799189 -7.343107 1.910172 -7.45688 1.796692 -7.456884 1.799189 -7.343107 1.910172 -7.454977 1.81184 -7.45688 1.796692 -7.56108 1.886388 -7.456884 1.799189 -7.454977 1.81184 12.5496 1.586839 12.53733 1.579976 12.49605 1.969046 12.54544 1.574589 12.49639 1.967698 12.49391 1.967849 -7.270215 1.586839 -7.131319 1.969046 -7.128104 1.967698 -7.129709 2.058684 -7.129719 2.058991 -7.011896 1.992845 -7.129719 12.49563 -7.048631 12.59953 -7.011896 12.39962 -7.129709 2.058684 -7.011896 1.992845 -7.132301 2.086145 -7.132301 2.086145 -7.195521 1.930138 -7.048631 1.967475 -7.011896 1.992845 -7.129502 1.861391 -7.133594 1.904125 12.39962 1.992845 12.59953 1.967475 12.49569 1.861391 12.53805 1.498992 12.71901 1.922446 12.72181 1.920594 12.54638 1.494831 12.72114 1.921762 12.71901 1.922446 -7.25771 1.494831 -7.269848 1.485603 -7.346449 1.920594 12.72066 2.000924 12.72013 2.028616 12.62803 1.912157 12.62803 1.912157 12.72013 2.028616 12.80733 1.923555 12.72136 1.967351 12.62803 1.912157 12.72152 1.819146 12.80733 1.923555 12.72152 1.819146 12.72041 1.830555 12.72152 1.819146 12.62803 1.912157 12.72066 1.847454 12.54796 1.660376 12.54461 1.640828 12.36451 1.812491 -7.272198 12.54461 -7.260963 12.53997 -7.327947 12.36262 12.54796 1.660376 12.36451 1.812491 12.36263 1.81078 12.39115 1.948344 12.3633 1.922961 12.29239 1.774694 -7.32744 1.922961 -7.326799 1.913595 -7.410076 1.774694 -7.206319 1.79962 -7.317549 1.948344 -7.327725 1.700625 -7.327725 1.700625 -7.410076 1.774694 -7.327004 1.707237</float_array>
          <technique_common>
            <accessor source="#uv-array" count="8892" stride="2">
              <param name="S" type="float" />
              <param name="T" type="float" />
            </accessor>
          </technique_common>
        </source>
        <vertices id="vertices">
          <input semantic="POSITION" source="#positions" />
        </vertices>
        <triangles count="1140" material="m0">
          <input semantic="VERTEX" source="#vertices" offset="0" />
          <input semantic="NORMAL" source="#normals" offset="1" />
          <input semantic="TEXCOORD" source="#uv" offset="2" set="0" />
          <p>0 0 0 4 0 1 3 0 2 2 1 3 5 1 4 1 1 5 0 2 6 3 2 7 2 2 8 7 3 9 9 3 10 6 3 11 8 4 12 11 4 13 10 4 14 6 5 15 11 5 16 8 5 17 6 6 18 9 6 19 11 6 20 19 11 33 23 11 34 22 11 35 21 12 36 23 12 37 20 12 38 21 13 39 22 13 40 24 13 41 37 23 69 39 23 70 36 23 71 38 24 72 41 24 73 40 24 74 36 25 75 41 25 76 38 25 77 53 33 99 55 33 100 52 33 101 53 34 102 56 34 103 55 34 104 64 40 120 68 40 121 67 40 122 65 41 123 68 41 124 64 41 125 77 48 144 81 48 145 80 48 146 78 49 147 81 49 148 77 49 149 78 50 150 82 50 151 81 50 152 92 56 168 95 56 169 91 56 170 92 57 171 96 57 172 95 57 173 91 58 174 94 58 175 93 58 176 105 61 183 109 61 184 108 61 185 106 62 186 109 62 187 105 62 188 106 63 189 110 63 190 109 63 191 107 64 192 110 64 193 106 64 194 123 71 213 125 71 214 122 71 215 121 72 216 126 72 217 123 72 218 121 73 219 124 73 220 126 73 221 0 78 234 1 78 235 4 78 236 1 79 237 5 79 238 4 79 239 2 80 240 3 80 241 5 80 242 7 81 243 10 81 244 9 81 245 7 82 246 8 82 247 10 82 248 19 87 261 20 87 262 23 87 263 21 88 264 24 88 265 23 88 266 21 89 267 19 89 268 22 89 269 37 97 291 40 97 292 39 97 293 37 98 294 38 98 295 40 98 296 36 99 297 39 99 298 41 99 299 51 105 315 52 105 316 54 105 317 52 106 318 55 106 319 54 106 320 53 107 321 51 107 322 56 107 323 51 108 324 54 108 325 56 108 326 65 112 336 69 112 337 68 112 338 65 113 339 66 113 340 69 113 341 66 114 342 67 114 343 69 114 344 66 115 345 64 115 346 67 115 347 78 118 354 79 118 355 82 118 356 79 119 357 80 119 358 82 119 359 79 120 360 77 120 361 80 120 362 91 126 378 95 126 379 94 126 380 92 127 381 93 127 382 96 127 383 93 128 384 94 128 385 96 128 386 107 137 411 108 137 412 110 137 413 107 138 414 105 138 415 108 138 416 121 147 441 122 147 442 124 147 443 122 148 444 125 148 445 124 148 446 123 149 447 126 149 448 125 149 449 135 156 468 139 156 469 138 156 470 137 157 471 140 157 472 136 157 473 135 158 474 138 158 475 137 158 476 142 159 477 144 159 478 141 159 479 142 160 480 146 160 481 145 160 482 143 161 483 146 161 484 142 161 485 143 162 486 144 162 487 146 162 488 156 170 510 158 170 511 155 170 512 157 171 513 159 171 514 156 171 515 157 172 516 160 172 517 159 172 518 170 179 537 173 179 538 172 179 539 170 180 540 174 180 541 173 180 542 172 181 543 173 181 544 175 181 545 187 189 567 189 189 568 186 189 569 187 190 570 191 190 571 190 190 572 186 191 573 191 191 574 188 191 575 203 198 594 205 198 595 202 198 596 202 199 597 207 199 598 204 199 599 202 200 600 205 200 601 207 200 602 217 208 624 221 208 625 220 208 626 218 209 627 221 209 628 217 209 629 218 210 630 222 210 631 221 210 632 232 220 660 234 220 661 231 220 662 232 221 663 236 221 664 235 221 665 231 222 666 236 222 667 233 222 668 241 225 675 245 225 676 244 225 677 243 226 678 246 226 679 242 226 680 241 227 681 244 227 682 243 227 683 257 236 708 259 236 709 256 236 710 258 237 711 260 237 712 257 237 713 258 238 714 259 238 715 261 238 716 135 245 735 136 245 736 139 245 737 136 246 738 140 246 739 139 246 740 137 247 741 138 247 742 140 247 743 142 248 744 145 248 745 144 248 746 143 249 747 141 249 748 144 249 749 156 253 759 159 253 760 158 253 761 157 254 762 155 254 763 160 254 764 155 255 765 158 255 766 160 255 767 170 262 786 171 262 787 174 262 788 171 263 789 175 263 790 174 263 791 171 264 792 172 264 793 175 264 794 187 272 816 190 272 817 189 272 818 187 273 819 188 273 820 191 273 821 186 274 822 189 274 823 191 274 824 203 283 849 206 283 850 205 283 851 203 284 852 204 284 853 206 284 854 204 285 855 207 285 856 206 285 857 218 291 873 219 291 874 222 291 875 219 292 876 220 292 877 222 292 878 219 293 879 217 293 880 220 293 881 232 295 885 235 295 886 234 295 887 232 296 888 233 296 889 236 296 890 231 297 891 234 297 892 236 297 893 241 298 894 242 298 895 245 298 896 242 299 897 246 299 898 245 299 899 243 300 900 244 300 901 246 300 902 257 305 915 260 305 916 259 305 917 258 306 918 261 306 919 260 306 920 258 307 921 256 307 922 259 307 923 270 312 936 274 312 937 273 312 938 272 313 939 275 313 940 271 313 941 270 314 942 273 314 943 272 314 944 276 315 945 280 315 946 279 315 947 278 316 948 280 316 949 277 316 950 278 317 951 279 317 952 281 317 953 292 324 972 294 324 973 291 324 974 292 325 975 295 325 976 294 325 977 293 326 978 296 326 979 292 326 980 293 327 981 294 327 982 296 327 983 306 337 1011 308 337 1012 305 337 1013 306 338 1014 310 338 1015 309 338 1016 307 339 1017 310 339 1018 306 339 1019 307 340 1020 308 340 1021 310 340 1022 323 352 1056 327 352 1057 326 352 1058 324 353 1059 327 353 1060 323 353 1061 336 359 1077 339 359 1078 335 359 1079 336 360 1080 340 360 1081 339 360 1082 335 361 1083 338 361 1084 337 361 1085 351 369 1107 354 369 1108 350 369 1109 351 370 1110 355 370 1111 354 370 1112 350 371 1113 355 371 1114 352 371 1115 366 379 1137 369 379 1138 368 379 1139 367 380 1140 369 380 1141 366 380 1142 379 386 1158 381 386 1159 378 386 1160 380 387 1161 382 387 1162 379 387 1163 378 388 1164 383 388 1165 380 388 1166 393 396 1188 396 396 1189 392 396 1190 393 397 1191 397 397 1192 396 397 1193 394 398 1194 397 398 1195 393 398 1196 394 399 1197 395 399 1198 397 399 1199 270 403 1209 271 403 1210 274 403 1211 271 404 1212 275 404 1213 274 404 1214 272 405 1215 273 405 1216 275 405 1217 276 406 1218 277 406 1219 280 406 1220 278 407 1221 281 407 1222 280 407 1223 278 408 1224 276 408 1225 279 408 1226 292 415 1245 296 415 1246 295 415 1247 293 416 1248 291 416 1249 294 416 1250 306 418 1254 309 418 1255 308 418 1256 307 419 1257 305 419 1258 308 419 1259 322 425 1275 326 425 1276 325 425 1277 322 426 1278 323 426 1279 326 426 1280 324 427 1281 325 427 1282 327 427 1283 324 428 1284 322 428 1285 325 428 1286 335 432 1296 339 432 1297 338 432 1298 336 433 1299 337 433 1300 340 433 1301 337 434 1302 338 434 1303 340 434 1304 350 440 1320 354 440 1321 353 440 1322 351 441 1323 352 441 1324 355 441 1325 350 442 1326 353 442 1327 355 442 1328 365 448 1344 366 448 1345 368 448 1346 367 449 1347 370 449 1348 369 449 1349 367 450 1350 365 450 1351 370 450 1352 365 451 1353 368 451 1354 370 451 1355 379 455 1365 382 455 1366 381 455 1367 380 456 1368 383 456 1369 382 456 1370 378 457 1371 381 457 1372 383 457 1373 392 461 1383 396 461 1384 395 461 1385 394 462 1386 392 462 1387 395 462 1388 405 468 1404 409 468 1405 408 468 1406 407 469 1407 410 469 1408 406 469 1409 405 470 1410 408 470 1411 407 470 1412 412 471 1413 414 471 1414 411 471 1415 412 472 1416 416 472 1417 415 472 1418 413 473 1419 416 473 1420 412 473 1421 413 474 1422 414 474 1423 416 474 1424 426 482 1446 428 482 1447 425 482 1448 427 483 1449 429 483 1450 426 483 1451 427 484 1452 430 484 1453 429 484 1454 440 491 1473 443 491 1474 442 491 1475 440 492 1476 444 492 1477 443 492 1478 442 493 1479 443 493 1480 445 493 1481 457 501 1503 459 501 1504 456 501 1505 457 502 1506 461 502 1507 460 502 1508 456 503 1509 461 503 1510 458 503 1511 473 510 1530 475 510 1531 472 510 1532 472 511 1533 477 511 1534 474 511 1535 472 512 1536 475 512 1537 477 512 1538 487 520 1560 491 520 1561 490 520 1562 488 521 1563 491 521 1564 487 521 1565 488 522 1566 492 522 1567 491 522 1568 502 532 1596 504 532 1597 501 532 1598 502 533 1599 506 533 1600 505 533 1601 501 534 1602 506 534 1603 503 534 1604 511 537 1611 515 537 1612 514 537 1613 513 538 1614 516 538 1615 512 538 1616 511 539 1617 514 539 1618 513 539 1619 527 548 1644 529 548 1645 526 548 1646 528 549 1647 530 549 1648 527 549 1649 528 550 1650 529 550 1651 531 550 1652 405 557 1671 406 557 1672 409 557 1673 406 558 1674 410 558 1675 409 558 1676 407 559 1677 408 559 1678 410 559 1679 412 560 1680 415 560 1681 414 560 1682 413 561 1683 411 561 1684 414 561 1685 426 565 1695 429 565 1696 428 565 1697 427 566 1698 425 566 1699 430 566 1700 425 567 1701 428 567 1702 430 567 1703 440 574 1722 441 574 1723 444 574 1724 441 575 1725 445 575 1726 444 575 1727 441 576 1728 442 576 1729 445 576 1730 457 584 1752 460 584 1753 459 584 1754 457 585 1755 458 585 1756 461 585 1757 456 586 1758 459 586 1759 461 586 1760 473 595 1785 476 595 1786 475 595 1787 473 596 1788 474 596 1789 476 596 1790 474 597 1791 477 597 1792 476 597 1793 488 603 1809 489 603 1810 492 603 1811 489 604 1812 490 604 1813 492 604 1814 489 605 1815 487 605 1816 490 605 1817 502 607 1821 505 607 1822 504 607 1823 502 608 1824 503 608 1825 506 608 1826 501 609 1827 504 609 1828 506 609 1829 511 610 1830 512 610 1831 515 610 1832 512 611 1833 516 611 1834 515 611 1835 513 612 1836 514 612 1837 516 612 1838 527 617 1851 530 617 1852 529 617 1853 528 618 1854 531 618 1855 530 618 1856 528 619 1857 526 619 1858 529 619 1859 540 624 1872 544 624 1873 543 624 1874 542 625 1875 545 625 1876 541 625 1877 540 626 1878 543 626 1879 542 626 1880 546 627 1881 550 627 1882 549 627 1883 547 628 1884 550 628 1885 546 628 1886 548 629 1887 549 629 1888 551 629 1889 562 635 1905 565 635 1906 561 635 1907 562 636 1908 566 636 1909 565 636 1910 575 640 1920 577 640 1921 574 640 1922 576 641 1923 578 641 1924 575 641 1925 576 642 1926 579 642 1927 578 642 1928 588 647 1941 592 647 1942 591 647 1943 590 648 1944 593 648 1945 589 648 1946 590 649 1947 591 649 1948 593 649 1949 604 656 1968 607 656 1969 603 656 1970 605 657 1971 606 657 1972 608 657 1973 618 668 2004 622 668 2005 621 668 2006 620 669 2007 621 669 2008 623 669 2009 618 670 2010 621 670 2011 620 670 2012 632 675 2025 634 675 2026 631 675 2027 632 676 2028 636 676 2029 635 676 2030 633 677 2031 634 677 2032 636 677 2033 646 683 2049 648 683 2050 645 683 2051 646 684 2052 650 684 2053 649 684 2054 645 685 2055 650 685 2056 647 685 2057 660 697 2091 664 697 2092 663 697 2093 661 698 2094 665 698 2095 664 698 2096 662 699 2097 665 699 2098 661 699 2099 540 706 2118 541 706 2119 544 706 2120 541 707 2121 545 707 2122 544 707 2123 542 708 2124 543 708 2125 545 708 2126 547 709 2127 551 709 2128 550 709 2129 547 710 2130 548 710 2131 551 710 2132 548 711 2133 546 711 2134 549 711 2135 561 719 2157 565 719 2158 564 719 2159 562 720 2160 563 720 2161 566 720 2162 563 721 2163 564 721 2164 566 721 2165 563 722 2166 561 722 2167 564 722 2168 575 728 2184 578 728 2185 577 728 2186 576 729 2187 574 729 2188 579 729 2189 574 730 2190 577 730 2191 579 730 2192 588 737 2211 589 737 2212 592 737 2213 589 738 2214 593 738 2215 592 738 2216 590 739 2217 588 739 2218 591 739 2219 603 746 2238 607 746 2239 606 746 2240 604 747 2241 605 747 2242 607 747 2243 605 748 2244 608 748 2245 607 748 2246 605 749 2247 603 749 2248 606 749 2249 618 752 2256 619 752 2257 622 752 2258 619 753 2259 623 753 2260 622 753 2261 619 754 2262 620 754 2263 623 754 2264 632 759 2277 635 759 2278 634 759 2279 632 760 2280 633 760 2281 636 760 2282 633 761 2283 631 761 2284 634 761 2285 646 767 2301 649 767 2302 648 767 2303 646 768 2304 647 768 2305 650 768 2306 645 769 2307 648 769 2308 650 769 2309 660 771 2313 661 771 2314 664 771 2315 662 772 2316 663 772 2317 665 772 2318 662 773 2319 660 773 2320 663 773 2321 675 780 2340 679 780 2341 678 780 2342 677 781 2343 680 781 2344 676 781 2345 675 782 2346 678 782 2347 677 782 2348 681 783 2349 685 783 2350 684 783 2351 682 784 2352 685 784 2353 681 784 2354 683 785 2355 684 785 2356 686 785 2357 697 791 2373 700 791 2374 696 791 2375 697 792 2376 701 792 2377 700 792 2378 710 796 2388 712 796 2389 709 796 2390 711 797 2391 713 797 2392 710 797 2393 711 798 2394 714 798 2395 713 798 2396 723 803 2409 727 803 2410 726 803 2411 725 804 2412 728 804 2413 724 804 2414 725 805 2415 726 805 2416 728 805 2417 739 812 2436 742 812 2437 738 812 2438 740 813 2439 741 813 2440 743 813 2441 753 824 2472 757 824 2473 756 824 2474 755 825 2475 756 825 2476 758 825 2477 753 826 2478 756 826 2479 755 826 2480 767 831 2493 769 831 2494 766 831 2495 767 832 2496 771 832 2497 770 832 2498 768 833 2499 769 833 2500 771 833 2501 781 839 2517 783 839 2518 780 839 2519 781 840 2520 785 840 2521 784 840 2522 780 841 2523 785 841 2524 782 841 2525 795 853 2559 799 853 2560 798 853 2561 796 854 2562 800 854 2563 799 854 2564 797 855 2565 800 855 2566 796 855 2567 675 862 2586 676 862 2587 679 862 2588 676 863 2589 680 863 2590 679 863 2591 677 864 2592 678 864 2593 680 864 2594 682 865 2595 686 865 2596 685 865 2597 682 866 2598 683 866 2599 686 866 2600 683 867 2601 681 867 2602 684 867 2603 696 875 2625 700 875 2626 699 875 2627 697 876 2628 698 876 2629 701 876 2630 698 877 2631 699 877 2632 701 877 2633 698 878 2634 696 878 2635 699 878 2636 710 884 2652 713 884 2653 712 884 2654 711 885 2655 709 885 2656 714 885 2657 709 886 2658 712 886 2659 714 886 2660 723 893 2679 724 893 2680 727 893 2681 724 894 2682 728 894 2683 727 894 2684 725 895 2685 723 895 2686 726 895 2687 738 902 2706 742 902 2707 741 902 2708 739 903 2709 740 903 2710 742 903 2711 740 904 2712 743 904 2713 742 904 2714 740 905 2715 738 905 2716 741 905 2717 753 908 2724 754 908 2725 757 908 2726 754 909 2727 758 909 2728 757 909 2729 754 910 2730 755 910 2731 758 910 2732 767 915 2745 770 915 2746 769 915 2747 767 916 2748 768 916 2749 771 916 2750 768 917 2751 766 917 2752 769 917 2753 781 923 2769 784 923 2770 783 923 2771 781 924 2772 782 924 2773 785 924 2774 780 925 2775 783 925 2776 785 925 2777 795 927 2781 796 927 2782 799 927 2783 797 928 2784 798 928 2785 800 928 2786 797 929 2787 795 929 2788 798 929 2789 810 936 2808 814 936 2809 813 936 2810 812 937 2811 815 937 2812 811 937 2813 810 938 2814 813 938 2815 812 938 2816 817 939 2817 820 939 2818 819 939 2819 818 940 2820 820 940 2821 817 940 2822 816 941 2823 821 941 2824 818 941 2825 829 948 2844 833 948 2845 832 948 2846 830 949 2847 834 949 2848 833 949 2849 831 950 2850 834 950 2851 830 950 2852 829 951 2853 832 951 2854 831 951 2855 845 957 2871 847 957 2872 844 957 2873 846 958 2874 849 958 2875 848 958 2876 844 959 2877 849 959 2878 846 959 2879 859 967 2901 863 967 2902 862 967 2903 858 968 2904 863 968 2905 860 968 2906 873 976 2928 877 976 2929 876 976 2930 874 977 2931 878 977 2932 877 977 2933 875 978 2934 876 978 2935 878 978 2936 889 987 2961 893 987 2962 892 987 2963 891 988 2964 894 988 2965 890 988 2966 889 989 2967 894 989 2968 891 989 2969 904 993 2979 907 993 2980 906 993 2981 905 994 2982 907 994 2983 904 994 2984 903 995 2985 908 995 2986 905 995 2987 918 1000 3000 920 1000 3001 917 1000 3002 919 1001 3003 921 1001 3004 918 1001 3005 919 1002 3006 920 1002 3007 922 1002 3008 932 1008 3024 935 1008 3025 934 1008 3026 933 1009 3027 936 1009 3028 935 1009 3029 931 1010 3030 936 1010 3031 933 1010 3032 810 1017 3051 811 1017 3052 814 1017 3053 811 1018 3054 815 1018 3055 814 1018 3056 812 1019 3057 813 1019 3058 815 1019 3059 816 1020 3060 817 1020 3061 819 1020 3062 818 1021 3063 821 1021 3064 820 1021 3065 816 1022 3066 819 1022 3067 821 1022 3068 829 1025 3075 830 1025 3076 833 1025 3077 831 1026 3078 832 1026 3079 834 1026 3080 845 1034 3102 848 1034 3103 847 1034 3104 845 1035 3105 846 1035 3106 848 1035 3107 844 1036 3108 847 1036 3109 849 1036 3110 858 1040 3120 859 1040 3121 861 1040 3122 859 1041 3123 862 1041 3124 861 1041 3125 859 1042 3126 860 1042 3127 863 1042 3128 858 1043 3129 861 1043 3130 863 1043 3131 873 1049 3147 874 1049 3148 877 1049 3149 874 1050 3150 875 1050 3151 878 1050 3152 875 1051 3153 873 1051 3154 876 1051 3155 889 1058 3174 890 1058 3175 893 1058 3176 890 1059 3177 894 1059 3178 893 1059 3179 889 1060 3180 892 1060 3181 894 1060 3182 903 1068 3204 904 1068 3205 906 1068 3206 905 1069 3207 908 1069 3208 907 1069 3209 903 1070 3210 906 1070 3211 908 1070 3212 918 1077 3231 921 1077 3232 920 1077 3233 919 1078 3234 922 1078 3235 921 1078 3236 919 1079 3237 917 1079 3238 920 1079 3239 931 1085 3255 932 1085 3256 934 1085 3257 932 1086 3258 933 1086 3259 935 1086 3260 931 1087 3261 934 1087 3262 936 1087 3263 945 1092 3276 949 1092 3277 948 1092 3278 947 1093 3279 950 1093 3280 946 1093 3281 945 1094 3282 948 1094 3283 947 1094 3284 952 1095 3285 956 1095 3286 955 1095 3287 953 1096 3288 956 1096 3289 952 1096 3290 953 1097 3291 954 1097 3292 956 1097 3293 965 1105 3315 968 1105 3316 970 1105 3317 966 1106 3318 968 1106 3319 965 1106 3320 965 1107 3321 970 1107 3322 967 1107 3323 981 1115 3345 984 1115 3346 980 1115 3347 982 1116 3348 985 1116 3349 981 1116 3350 982 1117 3351 983 1117 3352 985 1117 3353 995 1122 3366 998 1122 3367 997 1122 3368 996 1123 3369 999 1123 3370 998 1123 3371 994 1124 3372 999 1124 3373 996 1124 3374 1009 1127 3381 1013 1127 3382 1012 1127 3383 1010 1128 3384 1014 1128 3385 1013 1128 3386 1009 1129 3387 1014 1129 3388 1011 1129 3389 1025 1136 3408 1028 1136 3409 1024 1136 3410 1025 1137 3411 1026 1137 3412 1028 1137 3413 1039 1145 3435 1043 1145 3436 1042 1145 3437 1040 1146 3438 1043 1146 3439 1039 1146 3440 1038 1147 3441 1041 1147 3442 1040 1147 3443 1052 1151 3453 1055 1151 3454 1054 1151 3455 1053 1152 3456 1055 1152 3457 1052 1152 3458 1053 1153 3459 1054 1153 3460 1056 1153 3461 1067 1158 3474 1069 1158 3475 1066 1158 3476 1068 1159 3477 1070 1159 3478 1067 1159 3479 1068 1160 3480 1069 1160 3481 1071 1160 3482 945 1167 3501 946 1167 3502 949 1167 3503 946 1168 3504 950 1168 3505 949 1168 3506 947 1169 3507 948 1169 3508 950 1169 3509 951 1170 3510 955 1170 3511 954 1170 3512 951 1171 3513 952 1171 3514 955 1171 3515 953 1172 3516 951 1172 3517 954 1172 3518 966 1176 3528 969 1176 3529 968 1176 3530 966 1177 3531 967 1177 3532 969 1177 3533 967 1178 3534 970 1178 3535 969 1178 3536 980 1184 3552 984 1184 3553 983 1184 3554 981 1185 3555 985 1185 3556 984 1185 3557 982 1186 3558 980 1186 3559 983 1186 3560 994 1193 3579 995 1193 3580 997 1193 3581 995 1194 3582 996 1194 3583 998 1194 3584 994 1195 3585 997 1195 3586 999 1195 3587 1009 1206 3618 1010 1206 3619 1013 1206 3620 1010 1207 3621 1011 1207 3622 1014 1207 3623 1009 1208 3624 1012 1208 3625 1014 1208 3626 1023 1213 3639 1027 1213 3640 1026 1213 3641 1023 1214 3642 1024 1214 3643 1027 1214 3644 1024 1215 3645 1028 1215 3646 1027 1215 3647 1025 1216 3648 1023 1216 3649 1026 1216 3650 1038 1222 3666 1042 1222 3667 1041 1222 3668 1038 1223 3669 1039 1223 3670 1042 1223 3671 1040 1224 3672 1041 1224 3673 1043 1224 3674 1051 1230 3690 1052 1230 3691 1054 1230 3692 1053 1231 3693 1056 1231 3694 1055 1231 3695 1053 1232 3696 1051 1232 3697 1054 1232 3698 1067 1241 3723 1070 1241 3724 1069 1241 3725 1068 1242 3726 1071 1242 3727 1070 1242 3728 1068 1243 3729 1066 1243 3730 1069 1243 3731 1080 1248 3744 1084 1248 3745 1083 1248 3746 1082 1249 3747 1085 1249 3748 1081 1249 3749 1080 1250 3750 1083 1250 3751 1082 1250 3752 1086 1251 3753 1090 1251 3754 1089 1251 3755 1088 1252 3756 1090 1252 3757 1087 1252 3758 1088 1253 3759 1089 1253 3760 1091 1253 3761 1102 1260 3780 1104 1260 3781 1101 1260 3782 1102 1261 3783 1105 1261 3784 1104 1261 3785 1103 1262 3786 1106 1262 3787 1102 1262 3788 1103 1263 3789 1104 1263 3790 1106 1263 3791 1116 1273 3819 1118 1273 3820 1115 1273 3821 1116 1274 3822 1120 1274 3823 1119 1274 3824 1117 1275 3825 1120 1275 3826 1116 1275 3827 1117 1276 3828 1118 1276 3829 1120 1276 3830 1133 1288 3864 1137 1288 3865 1136 1288 3866 1134 1289 3867 1137 1289 3868 1133 1289 3869 1146 1295 3885 1149 1295 3886 1145 1295 3887 1146 1296 3888 1150 1296 3889 1149 1296 3890 1145 1297 3891 1148 1297 3892 1147 1297 3893 1161 1305 3915 1164 1305 3916 1160 1305 3917 1161 1306 3918 1165 1306 3919 1164 1306 3920 1160 1307 3921 1165 1307 3922 1162 1307 3923 1176 1315 3945 1179 1315 3946 1178 1315 3947 1177 1316 3948 1179 1316 3949 1176 1316 3950 1189 1322 3966 1191 1322 3967 1188 1322 3968 1190 1323 3969 1192 1323 3970 1189 1323 3971 1188 1324 3972 1193 1324 3973 1190 1324 3974 1203 1332 3996 1206 1332 3997 1202 1332 3998 1203 1333 3999 1207 1333 4000 1206 1333 4001 1204 1334 4002 1207 1334 4003 1203 1334 4004 1204 1335 4005 1205 1335 4006 1207 1335 4007 1080 1339 4017 1081 1339 4018 1084 1339 4019 1081 1340 4020 1085 1340 4021 1084 1340 4022 1082 1341 4023 1083 1341 4024 1085 1341 4025 1086 1342 4026 1087 1342 4027 1090 1342 4028 1088 1343 4029 1091 1343 4030 1090 1343 4031 1088 1344 4032 1086 1344 4033 1089 1344 4034 1102 1351 4053 1106 1351 4054 1105 1351 4055 1103 1352 4056 1101 1352 4057 1104 1352 4058 1116 1354 4062 1119 1354 4063 1118 1354 4064 1117 1355 4065 1115 1355 4066 1118 1355 4067 1132 1361 4083 1136 1361 4084 1135 1361 4085 1132 1362 4086 1133 1362 4087 1136 1362 4088 1134 1363 4089 1135 1363 4090 1137 1363 4091 1134 1364 4092 1132 1364 4093 1135 1364 4094 1145 1368 4104 1149 1368 4105 1148 1368 4106 1146 1369 4107 1147 1369 4108 1150 1369 4109 1147 1370 4110 1148 1370 4111 1150 1370 4112 1160 1376 4128 1164 1376 4129 1163 1376 4130 1161 1377 4131 1162 1377 4132 1165 1377 4133 1160 1378 4134 1163 1378 4135 1165 1378 4136 1175 1384 4152 1176 1384 4153 1178 1384 4154 1177 1385 4155 1180 1385 4156 1179 1385 4157 1177 1386 4158 1175 1386 4159 1180 1386 4160 1175 1387 4161 1178 1387 4162 1180 1387 4163 1189 1391 4173 1192 1391 4174 1191 1391 4175 1190 1392 4176 1193 1392 4177 1192 1392 4178 1188 1393 4179 1191 1393 4180 1193 1393 4181 1202 1397 4191 1206 1397 4192 1205 1397 4193 1204 1398 4194 1202 1398 4195 1205 1398 4196 1215 1404 4212 1219 1404 4213 1218 1404 4214 1217 1405 4215 1220 1405 4216 1216 1405 4217 1215 1406 4218 1218 1406 4219 1217 1406 4220 1222 1407 4221 1225 1407 4222 1224 1407 4223 1223 1408 4224 1225 1408 4225 1222 1408 4226 1221 1409 4227 1226 1409 4228 1223 1409 4229 1234 1416 4248 1238 1416 4249 1237 1416 4250 1235 1417 4251 1239 1417 4252 1238 1417 4253 1236 1418 4254 1239 1418 4255 1235 1418 4256 1234 1419 4257 1237 1419 4258 1236 1419 4259 1250 1425 4275 1252 1425 4276 1249 1425 4277 1251 1426 4278 1254 1426 4279 1253 1426 4280 1249 1427 4281 1254 1427 4282 1251 1427 4283 1264 1435 4305 1268 1435 4306 1267 1435 4307 1263 1436 4308 1268 1436 4309 1265 1436 4310 1278 1444 4332 1282 1444 4333 1281 1444 4334 1279 1445 4335 1283 1445 4336 1282 1445 4337 1280 1446 4338 1281 1446 4339 1283 1446 4340 1294 1455 4365 1298 1455 4366 1297 1455 4367 1296 1456 4368 1299 1456 4369 1295 1456 4370 1294 1457 4371 1299 1457 4372 1296 1457 4373 1309 1461 4383 1312 1461 4384 1311 1461 4385 1310 1462 4386 1312 1462 4387 1309 1462 4388 1308 1463 4389 1313 1463 4390 1310 1463 4391 1323 1468 4404 1325 1468 4405 1322 1468 4406 1324 1469 4407 1326 1469 4408 1323 1469 4409 1324 1470 4410 1325 1470 4411 1327 1470 4412 1337 1476 4428 1340 1476 4429 1339 1476 4430 1338 1477 4431 1341 1477 4432 1340 1477 4433 1336 1478 4434 1341 1478 4435 1338 1478 4436 1215 1485 4455 1216 1485 4456 1219 1485 4457 1216 1486 4458 1220 1486 4459 1219 1486 4460 1217 1487 4461 1218 1487 4462 1220 1487 4463 1221 1488 4464 1222 1488 4465 1224 1488 4466 1223 1489 4467 1226 1489 4468 1225 1489 4469 1221 1490 4470 1224 1490 4471 1226 1490 4472 1234 1493 4479 1235 1493 4480 1238 1493 4481 1236 1494 4482 1237 1494 4483 1239 1494 4484 1250 1502 4506 1253 1502 4507 1252 1502 4508 1250 1503 4509 1251 1503 4510 1253 1503 4511 1249 1504 4512 1252 1504 4513 1254 1504 4514 1263 1508 4524 1264 1508 4525 1266 1508 4526 1264 1509 4527 1267 1509 4528 1266 1509 4529 1264 1510 4530 1265 1510 4531 1268 1510 4532 1263 1511 4533 1266 1511 4534 1268 1511 4535 1278 1517 4551 1279 1517 4552 1282 1517 4553 1279 1518 4554 1280 1518 4555 1283 1518 4556 1280 1519 4557 1278 1519 4558 1281 1519 4559 1294 1526 4578 1295 1526 4579 1298 1526 4580 1295 1527 4581 1299 1527 4582 1298 1527 4583 1294 1528 4584 1297 1528 4585 1299 1528 4586 1308 1536 4608 1309 1536 4609 1311 1536 4610 1310 1537 4611 1313 1537 4612 1312 1537 4613 1308 1538 4614 1311 1538 4615 1313 1538 4616 1323 1545 4635 1326 1545 4636 1325 1545 4637 1324 1546 4638 1327 1546 4639 1326 1546 4640 1324 1547 4641 1322 1547 4642 1325 1547 4643 1336 1553 4659 1337 1553 4660 1339 1553 4661 1337 1554 4662 1338 1554 4663 1340 1554 4664 1336 1555 4665 1339 1555 4666 1341 1555 4667 1350 1560 4680 1354 1560 4681 1353 1560 4682 1352 1561 4683 1355 1561 4684 1351 1561 4685 1350 1562 4686 1353 1562 4687 1352 1562 4688 1357 1563 4689 1360 1563 4690 1359 1563 4691 1358 1564 4692 1360 1564 4693 1357 1564 4694 1356 1565 4695 1361 1565 4696 1358 1565 4697 1369 1572 4716 1373 1572 4717 1372 1572 4718 1370 1573 4719 1374 1573 4720 1373 1573 4721 1371 1574 4722 1374 1574 4723 1370 1574 4724 1369 1575 4725 1372 1575 4726 1371 1575 4727 1385 1581 4743 1387 1581 4744 1384 1581 4745 1386 1582 4746 1389 1582 4747 1388 1582 4748 1384 1583 4749 1389 1583 4750 1386 1583 4751 1399 1591 4773 1403 1591 4774 1402 1591 4775 1398 1592 4776 1403 1592 4777 1400 1592 4778 1413 1600 4800 1417 1600 4801 1416 1600 4802 1414 1601 4803 1418 1601 4804 1417 1601 4805 1415 1602 4806 1416 1602 4807 1418 1602 4808 1429 1611 4833 1433 1611 4834 1432 1611 4835 1431 1612 4836 1434 1612 4837 1430 1612 4838 1429 1613 4839 1434 1613 4840 1431 1613 4841 1444 1617 4851 1447 1617 4852 1446 1617 4853 1445 1618 4854 1447 1618 4855 1444 1618 4856 1443 1619 4857 1448 1619 4858 1445 1619 4859 1458 1624 4872 1460 1624 4873 1457 1624 4874 1459 1625 4875 1461 1625 4876 1458 1625 4877 1459 1626 4878 1460 1626 4879 1462 1626 4880 1472 1632 4896 1475 1632 4897 1474 1632 4898 1473 1633 4899 1476 1633 4900 1475 1633 4901 1471 1634 4902 1476 1634 4903 1473 1634 4904 1350 1641 4923 1351 1641 4924 1354 1641 4925 1351 1642 4926 1355 1642 4927 1354 1642 4928 1352 1643 4929 1353 1643 4930 1355 1643 4931 1356 1644 4932 1357 1644 4933 1359 1644 4934 1358 1645 4935 1361 1645 4936 1360 1645 4937 1356 1646 4938 1359 1646 4939 1361 1646 4940 1369 1649 4947 1370 1649 4948 1373 1649 4949 1371 1650 4950 1372 1650 4951 1374 1650 4952 1385 1658 4974 1388 1658 4975 1387 1658 4976 1385 1659 4977 1386 1659 4978 1388 1659 4979 1384 1660 4980 1387 1660 4981 1389 1660 4982 1398 1664 4992 1399 1664 4993 1401 1664 4994 1399 1665 4995 1402 1665 4996 1401 1665 4997 1399 1666 4998 1400 1666 4999 1403 1666 5000 1398 1667 5001 1401 1667 5002 1403 1667 5003 1413 1673 5019 1414 1673 5020 1417 1673 5021 1414 1674 5022 1415 1674 5023 1418 1674 5024 1415 1675 5025 1413 1675 5026 1416 1675 5027 1429 1682 5046 1430 1682 5047 1433 1682 5048 1430 1683 5049 1434 1683 5050 1433 1683 5051 1429 1684 5052 1432 1684 5053 1434 1684 5054 1443 1692 5076 1444 1692 5077 1446 1692 5078 1445 1693 5079 1448 1693 5080 1447 1693 5081 1443 1694 5082 1446 1694 5083 1448 1694 5084 1458 1701 5103 1461 1701 5104 1460 1701 5105 1459 1702 5106 1462 1702 5107 1461 1702 5108 1459 1703 5109 1457 1703 5110 1460 1703 5111 1471 1709 5127 1472 1709 5128 1474 1709 5129 1472 1710 5130 1473 1710 5131 1475 1710 5132 1471 1711 5133 1474 1711 5134 1476 1711 5135 1485 1716 5148 1489 1716 5149 1488 1716 5150 1487 1717 5151 1490 1717 5152 1486 1717 5153 1485 1718 5154 1488 1718 5155 1487 1718 5156 1491 1719 5157 1495 1719 5158 1494 1719 5159 1493 1720 5160 1495 1720 5161 1492 1720 5162 1491 1721 5163 1496 1721 5164 1493 1721 5165 1505 1727 5181 1509 1727 5182 1508 1727 5183 1507 1728 5184 1510 1728 5185 1506 1728 5186 1507 1729 5187 1508 1729 5188 1510 1729 5189 1505 1730 5190 1508 1730 5191 1507 1730 5192 1519 1734 5202 1521 1734 5203 1518 1734 5204 1519 1735 5205 1523 1735 5206 1522 1735 5207 1520 1736 5208 1521 1736 5209 1523 1736 5210 1534 1742 5226 1538 1742 5227 1537 1742 5228 1535 1743 5229 1538 1743 5230 1534 1743 5231 1550 1753 5259 1554 1753 5260 1553 1753 5261 1551 1754 5262 1554 1754 5263 1550 1754 5264 1552 1755 5265 1553 1755 5266 1555 1755 5267 1565 1761 5283 1567 1761 5284 1564 1761 5285 1566 1762 5286 1568 1762 5287 1565 1762 5288 1566 1763 5289 1569 1763 5290 1568 1763 5291 1564 1764 5292 1567 1764 5293 1569 1764 5294 1577 1773 5319 1581 1773 5320 1580 1773 5321 1578 1774 5322 1581 1774 5323 1577 1774 5324 1591 1783 5349 1594 1783 5350 1593 1783 5351 1592 1784 5352 1595 1784 5353 1594 1784 5354 1593 1785 5355 1596 1785 5356 1595 1785 5357 1606 1790 5370 1610 1790 5371 1609 1790 5372 1607 1791 5373 1611 1791 5374 1610 1791 5375 1608 1792 5376 1611 1792 5377 1607 1792 5378 1606 1793 5379 1609 1793 5380 1608 1793 5381 1485 1798 5394 1486 1798 5395 1489 1798 5396 1486 1799 5397 1490 1799 5398 1489 1799 5399 1487 1800 5400 1488 1800 5401 1490 1800 5402 1491 1801 5403 1492 1801 5404 1495 1801 5405 1493 1802 5406 1496 1802 5407 1495 1802 5408 1491 1803 5409 1494 1803 5410 1496 1803 5411 1505 1809 5427 1506 1809 5428 1509 1809 5429 1506 1810 5430 1510 1810 5431 1509 1810 5432 1519 1816 5448 1522 1816 5449 1521 1816 5450 1519 1817 5451 1520 1817 5452 1523 1817 5453 1520 1818 5454 1518 1818 5455 1521 1818 5456 1535 1828 5484 1539 1828 5485 1538 1828 5486 1535 1829 5487 1536 1829 5488 1539 1829 5489 1536 1830 5490 1537 1830 5491 1539 1830 5492 1536 1831 5493 1534 1831 5494 1537 1831 5495 1551 1837 5511 1555 1837 5512 1554 1837 5513 1551 1838 5514 1552 1838 5515 1555 1838 5516 1552 1839 5517 1550 1839 5518 1553 1839 5519 1565 1845 5535 1568 1845 5536 1567 1845 5537 1566 1846 5538 1564 1846 5539 1569 1846 5540 1578 1847 5541 1582 1847 5542 1581 1847 5543 1578 1848 5544 1579 1848 5545 1582 1848 5546 1579 1849 5547 1580 1849 5548 1582 1849 5549 1579 1850 5550 1577 1850 5551 1580 1850 5552 1591 1853 5559 1592 1853 5560 1594 1853 5561 1592 1854 5562 1593 1854 5563 1595 1854 5564 1593 1855 5565 1594 1855 5566 1596 1855 5567 1606 1864 5592 1607 1864 5593 1610 1864 5594 1608 1865 5595 1609 1865 5596 1611 1865 5597 1620 1872 5616 1624 1872 5617 1623 1872 5618 1622 1873 5619 1625 1873 5620 1621 1873 5621 1620 1874 5622 1623 1874 5623 1622 1874 5624 1627 1875 5625 1630 1875 5626 1629 1875 5627 1628 1876 5628 1630 1876 5629 1627 1876 5630 1626 1877 5631 1631 1877 5632 1628 1877 5633 1639 1884 5652 1643 1884 5653 1642 1884 5654 1640 1885 5655 1644 1885 5656 1643 1885 5657 1641 1886 5658 1644 1886 5659 1640 1886 5660 1639 1887 5661 1642 1887 5662 1641 1887 5663 1655 1893 5679 1657 1893 5680 1654 1893 5681 1656 1894 5682 1659 1894 5683 1658 1894 5684 1654 1895 5685 1659 1895 5686 1656 1895 5687 1669 1903 5709 1673 1903 5710 1672 1903 5711 1668 1904 5712 1673 1904 5713 1670 1904 5714 1683 1912 5736 1687 1912 5737 1686 1912 5738 1684 1913 5739 1688 1913 5740 1687 1913 5741 1685 1914 5742 1686 1914 5743 1688 1914 5744 1699 1923 5769 1703 1923 5770 1702 1923 5771 1701 1924 5772 1704 1924 5773 1700 1924 5774 1699 1925 5775 1704 1925 5776 1701 1925 5777 1714 1929 5787 1717 1929 5788 1716 1929 5789 1715 1930 5790 1717 1930 5791 1714 1930 5792 1713 1931 5793 1718 1931 5794 1715 1931 5795 1728 1936 5808 1730 1936 5809 1727 1936 5810 1729 1937 5811 1731 1937 5812 1728 1937 5813 1729 1938 5814 1730 1938 5815 1732 1938 5816 1742 1944 5832 1745 1944 5833 1744 1944 5834 1743 1945 5835 1746 1945 5836 1745 1945 5837 1741 1946 5838 1746 1946 5839 1743 1946 5840 1620 1953 5859 1621 1953 5860 1624 1953 5861 1621 1954 5862 1625 1954 5863 1624 1954 5864 1622 1955 5865 1623 1955 5866 1625 1955 5867 1626 1956 5868 1627 1956 5869 1629 1956 5870 1628 1957 5871 1631 1957 5872 1630 1957 5873 1626 1958 5874 1629 1958 5875 1631 1958 5876 1639 1961 5883 1640 1961 5884 1643 1961 5885 1641 1962 5886 1642 1962 5887 1644 1962 5888 1655 1970 5910 1658 1970 5911 1657 1970 5912 1655 1971 5913 1656 1971 5914 1658 1971 5915 1654 1972 5916 1657 1972 5917 1659 1972 5918 1668 1976 5928 1669 1976 5929 1671 1976 5930 1669 1977 5931 1672 1977 5932 1671 1977 5933 1669 1978 5934 1670 1978 5935 1673 1978 5936 1668 1979 5937 1671 1979 5938 1673 1979 5939 1683 1985 5955 1684 1985 5956 1687 1985 5957 1684 1986 5958 1685 1986 5959 1688 1986 5960 1685 1987 5961 1683 1987 5962 1686 1987 5963 1699 1994 5982 1700 1994 5983 1703 1994 5984 1700 1995 5985 1704 1995 5986 1703 1995 5987 1699 1996 5988 1702 1996 5989 1704 1996 5990 1713 2004 6012 1714 2004 6013 1716 2004 6014 1715 2005 6015 1718 2005 6016 1717 2005 6017 1713 2006 6018 1716 2006 6019 1718 2006 6020 1728 2013 6039 1731 2013 6040 1730 2013 6041 1729 2014 6042 1732 2014 6043 1731 2014 6044 1729 2015 6045 1727 2015 6046 1730 2015 6047 1741 2021 6063 1742 2021 6064 1744 2021 6065 1742 2022 6066 1743 2022 6067 1745 2022 6068 1741 2023 6069 1744 2023 6070 1746 2023 6071 1755 2028 6084 1759 2028 6085 1758 2028 6086 1757 2029 6087 1760 2029 6088 1756 2029 6089 1755 2030 6090 1758 2030 6091 1757 2030 6092 1762 2031 6093 1764 2031 6094 1761 2031 6095 1763 2032 6096 1766 2032 6097 1765 2032 6098 1761 2033 6099 1766 2033 6100 1763 2033 6101 1761 2034 6102 1764 2034 6103 1766 2034 6104 1774 2039 6117 1778 2039 6118 1777 2039 6119 1776 2040 6120 1778 2040 6121 1775 2040 6122 1776 2041 6123 1777 2041 6124 1779 2041 6125 1792 2051 6153 1794 2051 6154 1791 2051 6155 1793 2052 6156 1796 2052 6157 1795 2052 6158 1791 2053 6159 1796 2053 6160 1793 2053 6161 1808 2061 6183 1810 2061 6184 1807 2061 6185 1808 2062 6186 1811 2062 6187 1810 2062 6188 1819 2068 6204 1823 2068 6205 1822 2068 6206 1820 2069 6207 1823 2069 6208 1819 2069 6209 1832 2076 6228 1836 2076 6229 1835 2076 6230 1833 2077 6231 1836 2077 6232 1832 2077 6233 1833 2078 6234 1837 2078 6235 1836 2078 6236 1847 2084 6252 1850 2084 6253 1846 2084 6254 1847 2085 6255 1851 2085 6256 1850 2085 6257 1846 2086 6258 1849 2086 6259 1848 2086 6260 1860 2089 6267 1864 2089 6268 1863 2089 6269 1861 2090 6270 1864 2090 6271 1860 2090 6272 1861 2091 6273 1865 2091 6274 1864 2091 6275 1862 2092 6276 1865 2092 6277 1861 2092 6278 1878 2099 6297 1880 2099 6298 1877 2099 6299 1876 2100 6300 1881 2100 6301 1878 2100 6302 1876 2101 6303 1879 2101 6304 1881 2101 6305 1755 2106 6318 1756 2106 6319 1759 2106 6320 1756 2107 6321 1760 2107 6322 1759 2107 6323 1757 2108 6324 1758 2108 6325 1760 2108 6326 1762 2109 6327 1765 2109 6328 1764 2109 6329 1762 2110 6330 1763 2110 6331 1765 2110 6332 1774 2115 6345 1775 2115 6346 1778 2115 6347 1776 2116 6348 1779 2116 6349 1778 2116 6350 1776 2117 6351 1774 2117 6352 1777 2117 6353 1792 2125 6375 1795 2125 6376 1794 2125 6377 1792 2126 6378 1793 2126 6379 1795 2126 6380 1791 2127 6381 1794 2127 6382 1796 2127 6383 1806 2133 6399 1807 2133 6400 1809 2133 6401 1807 2134 6402 1810 2134 6403 1809 2134 6404 1808 2135 6405 1806 2135 6406 1811 2135 6407 1806 2136 6408 1809 2136 6409 1811 2136 6410 1820 2140 6420 1824 2140 6421 1823 2140 6422 1820 2141 6423 1821 2141 6424 1824 2141 6425 1821 2142 6426 1822 2142 6427 1824 2142 6428 1821 2143 6429 1819 2143 6430 1822 2143 6431 1833 2146 6438 1834 2146 6439 1837 2146 6440 1834 2147 6441 1835 2147 6442 1837 2147 6443 1834 2148 6444 1832 2148 6445 1835 2148 6446 1846 2154 6462 1850 2154 6463 1849 2154 6464 1847 2155 6465 1848 2155 6466 1851 2155 6467 1848 2156 6468 1849 2156 6469 1851 2156 6470 1862 2165 6495 1863 2165 6496 1865 2165 6497 1862 2166 6498 1860 2166 6499 1863 2166 6500 1876 2175 6525 1877 2175 6526 1879 2175 6527 1877 2176 6528 1880 2176 6529 1879 2176 6530 1878 2177 6531 1881 2177 6532 1880 2177 6533 1890 2184 6552 1894 2184 6553 1893 2184 6554 1892 2185 6555 1895 2185 6556 1891 2185 6557 1890 2186 6558 1893 2186 6559 1892 2186 6560 1897 2187 6561 1901 2187 6562 1900 2187 6563 1898 2188 6564 1901 2188 6565 1897 2188 6566 1898 2189 6567 1899 2189 6568 1901 2189 6569 1910 2197 6591 1913 2197 6592 1915 2197 6593 1911 2198 6594 1913 2198 6595 1910 2198 6596 1910 2199 6597 1915 2199 6598 1912 2199 6599 1926 2207 6621 1929 2207 6622 1925 2207 6623 1927 2208 6624 1930 2208 6625 1926 2208 6626 1927 2209 6627 1928 2209 6628 1930 2209 6629 1940 2214 6642 1943 2214 6643 1942 2214 6644 1941 2215 6645 1944 2215 6646 1943 2215 6647 1939 2216 6648 1944 2216 6649 1941 2216 6650 1954 2219 6657 1958 2219 6658 1957 2219 6659 1955 2220 6660 1959 2220 6661 1958 2220 6662 1954 2221 6663 1959 2221 6664 1956 2221 6665 1970 2228 6684 1973 2228 6685 1969 2228 6686 1970 2229 6687 1971 2229 6688 1973 2229 6689 1984 2237 6711 1988 2237 6712 1987 2237 6713 1985 2238 6714 1988 2238 6715 1984 2238 6716 1983 2239 6717 1986 2239 6718 1985 2239 6719 1997 2243 6729 2000 2243 6730 1999 2243 6731 1998 2244 6732 2000 2244 6733 1997 2244 6734 1998 2245 6735 1999 2245 6736 2001 2245 6737 2012 2250 6750 2014 2250 6751 2011 2250 6752 2013 2251 6753 2015 2251 6754 2012 2251 6755 2013 2252 6756 2014 2252 6757 2016 2252 6758 1890 2259 6777 1891 2259 6778 1894 2259 6779 1891 2260 6780 1895 2260 6781 1894 2260 6782 1892 2261 6783 1893 2261 6784 1895 2261 6785 1896 2262 6786 1900 2262 6787 1899 2262 6788 1896 2263 6789 1897 2263 6790 1900 2263 6791 1898 2264 6792 1896 2264 6793 1899 2264 6794 1911 2268 6804 1914 2268 6805 1913 2268 6806 1911 2269 6807 1912 2269 6808 1914 2269 6809 1912 2270 6810 1915 2270 6811 1914 2270 6812 1925 2276 6828 1929 2276 6829 1928 2276 6830 1926 2277 6831 1930 2277 6832 1929 2277 6833 1927 2278 6834 1925 2278 6835 1928 2278 6836 1939 2285 6855 1940 2285 6856 1942 2285 6857 1940 2286 6858 1941 2286 6859 1943 2286 6860 1939 2287 6861 1942 2287 6862 1944 2287 6863 1954 2298 6894 1955 2298 6895 1958 2298 6896 1955 2299 6897 1956 2299 6898 1959 2299 6899 1954 2300 6900 1957 2300 6901 1959 2300 6902 1968 2305 6915 1972 2305 6916 1971 2305 6917 1968 2306 6918 1969 2306 6919 1972 2306 6920 1969 2307 6921 1973 2307 6922 1972 2307 6923 1970 2308 6924 1968 2308 6925 1971 2308 6926 1983 2314 6942 1987 2314 6943 1986 2314 6944 1983 2315 6945 1984 2315 6946 1987 2315 6947 1985 2316 6948 1986 2316 6949 1988 2316 6950 1996 2322 6966 1997 2322 6967 1999 2322 6968 1998 2323 6969 2001 2323 6970 2000 2323 6971 1998 2324 6972 1996 2324 6973 1999 2324 6974 2012 2333 6999 2015 2333 7000 2014 2333 7001 2013 2334 7002 2016 2334 7003 2015 2334 7004 2013 2335 7005 2011 2335 7006 2014 2335 7007 2025 2340 7020 2029 2340 7021 2028 2340 7022 2027 2341 7023 2030 2341 7024 2026 2341 7025 2025 2342 7026 2028 2342 7027 2027 2342 7028 2031 2343 7029 2035 2343 7030 2034 2343 7031 2033 2344 7032 2036 2344 7033 2032 2344 7034 2033 2345 7035 2034 2345 7036 2036 2345 7037 2031 2346 7038 2034 2346 7039 2033 2346 7040 2045 2351 7053 2047 2351 7054 2044 2351 7055 2046 2352 7056 2049 2352 7057 2048 2352 7058 2044 2353 7059 2047 2353 7060 2046 2353 7061 2059 2359 7077 2062 2359 7078 2058 2359 7079 2060 2360 7080 2063 2360 7081 2059 2360 7082 2060 2361 7083 2061 2361 7084 2063 2361 7085 2075 2368 7104 2077 2368 7105 2074 2368 7106 2073 2369 7107 2076 2369 7108 2078 2369 7109 2089 2376 7128 2091 2376 7129 2088 2376 7130 2089 2377 7131 2092 2377 7132 2091 2377 7133 2088 2378 7134 2093 2378 7135 2090 2378 7136 2102 2387 7161 2106 2387 7162 2105 2387 7163 2104 2388 7164 2107 2388 7165 2103 2388 7166 2102 2389 7167 2105 2389 7168 2104 2389 7169 2117 2395 7185 2119 2395 7186 2116 2395 7187 2117 2396 7188 2121 2396 7189 2120 2396 7190 2116 2397 7191 2121 2397 7192 2118 2397 7193 2132 2404 7212 2135 2404 7213 2134 2404 7214 2133 2405 7215 2135 2405 7216 2132 2405 7217 2133 2406 7218 2136 2406 7219 2135 2406 7220 2146 2410 7230 2149 2410 7231 2148 2410 7232 2147 2411 7233 2149 2411 7234 2146 2411 7235 2025 2422 7266 2026 2422 7267 2029 2422 7268 2026 2423 7269 2030 2423 7270 2029 2423 7271 2027 2424 7272 2028 2424 7273 2030 2424 7274 2031 2425 7275 2032 2425 7276 2035 2425 7277 2032 2426 7278 2036 2426 7279 2035 2426 7280 2045 2431 7293 2048 2431 7294 2047 2431 7295 2045 2432 7296 2046 2432 7297 2048 2432 7298 2046 2433 7299 2047 2433 7300 2049 2433 7301 2058 2439 7317 2062 2439 7318 2061 2439 7319 2059 2440 7320 2063 2440 7321 2062 2440 7322 2060 2441 7323 2058 2441 7324 2061 2441 7325 2073 2448 7344 2077 2448 7345 2076 2448 7346 2073 2449 7347 2074 2449 7348 2077 2449 7349 2075 2450 7350 2078 2450 7351 2077 2450 7352 2075 2451 7353 2073 2451 7354 2078 2451 7355 2089 2458 7374 2090 2458 7375 2092 2458 7376 2090 2459 7377 2093 2459 7378 2092 2459 7379 2088 2460 7380 2091 2460 7381 2093 2460 7382 2102 2463 7389 2103 2463 7390 2106 2463 7391 2103 2464 7392 2107 2464 7393 2106 2464 7394 2104 2465 7395 2105 2465 7396 2107 2465 7397 2117 2471 7413 2120 2471 7414 2119 2471 7415 2117 2472 7416 2118 2472 7417 2121 2472 7418 2116 2473 7419 2119 2473 7420 2121 2473 7421 2131 2480 7440 2132 2480 7441 2134 2480 7442 2133 2481 7443 2131 2481 7444 2136 2481 7445 2131 2482 7446 2134 2482 7447 2136 2482 7448 2145 2490 7470 2146 2490 7471 2148 2490 7472 2147 2491 7473 2150 2491 7474 2149 2491 7475 2147 2492 7476 2145 2492 7477 2150 2492 7478 2145 2493 7479 2148 2493 7480 2150 2493 7481 2160 2496 7488 2164 2496 7489 2163 2496 7490 2162 2497 7491 2165 2497 7492 2161 2497 7493 2160 2498 7494 2163 2498 7495 2162 2498 7496 2167 2499 7497 2169 2499 7498 2166 2499 7499 2167 2500 7500 2171 2500 7501 2170 2500 7502 2168 2501 7503 2171 2501 7504 2167 2501 7505 2168 2502 7506 2169 2502 7507 2171 2502 7508 2181 2510 7530 2183 2510 7531 2180 2510 7532 2182 2511 7533 2184 2511 7534 2181 2511 7535 2182 2512 7536 2185 2512 7537 2184 2512 7538 2195 2519 7557 2198 2519 7558 2197 2519 7559 2195 2520 7560 2199 2520 7561 2198 2520 7562 2197 2521 7563 2198 2521 7564 2200 2521 7565 2212 2529 7587 2214 2529 7588 2211 2529 7589 2212 2530 7590 2216 2530 7591 2215 2530 7592 2211 2531 7593 2216 2531 7594 2213 2531 7595 2228 2538 7614 2230 2538 7615 2227 2538 7616 2227 2539 7617 2232 2539 7618 2229 2539 7619 2227 2540 7620 2230 2540 7621 2232 2540 7622 2242 2548 7644 2246 2548 7645 2245 2548 7646 2243 2549 7647 2246 2549 7648 2242 2549 7649 2243 2550 7650 2247 2550 7651 2246 2550 7652 2257 2560 7680 2259 2560 7681 2256 2560 7682 2257 2561 7683 2261 2561 7684 2260 2561 7685 2256 2562 7686 2261 2562 7687 2258 2562 7688 2266 2565 7695 2270 2565 7696 2269 2565 7697 2268 2566 7698 2271 2566 7699 2267 2566 7700 2266 2567 7701 2269 2567 7702 2268 2567 7703 2282 2576 7728 2284 2576 7729 2281 2576 7730 2283 2577 7731 2285 2577 7732 2282 2577 7733 2283 2578 7734 2284 2578 7735 2286 2578 7736 2160 2585 7755 2161 2585 7756 2164 2585 7757 2161 2586 7758 2165 2586 7759 2164 2586 7760 2162 2587 7761 2163 2587 7762 2165 2587 7763 2167 2588 7764 2170 2588 7765 2169 2588 7766 2168 2589 7767 2166 2589 7768 2169 2589 7769 2181 2593 7779 2184 2593 7780 2183 2593 7781 2182 2594 7782 2180 2594 7783 2185 2594 7784 2180 2595 7785 2183 2595 7786 2185 2595 7787 2195 2602 7806 2196 2602 7807 2199 2602 7808 2196 2603 7809 2200 2603 7810 2199 2603 7811 2196 2604 7812 2197 2604 7813 2200 2604 7814 2212 2612 7836 2215 2612 7837 2214 2612 7838 2212 2613 7839 2213 2613 7840 2216 2613 7841 2211 2614 7842 2214 2614 7843 2216 2614 7844 2228 2623 7869 2231 2623 7870 2230 2623 7871 2228 2624 7872 2229 2624 7873 2231 2624 7874 2229 2625 7875 2232 2625 7876 2231 2625 7877 2243 2631 7893 2244 2631 7894 2247 2631 7895 2244 2632 7896 2245 2632 7897 2247 2632 7898 2244 2633 7899 2242 2633 7900 2245 2633 7901 2257 2635 7905 2260 2635 7906 2259 2635 7907 2257 2636 7908 2258 2636 7909 2261 2636 7910 2256 2637 7911 2259 2637 7912 2261 2637 7913 2266 2638 7914 2267 2638 7915 2270 2638 7916 2267 2639 7917 2271 2639 7918 2270 2639 7919 2268 2640 7920 2269 2640 7921 2271 2640 7922 2282 2645 7935 2285 2645 7936 2284 2645 7937 2283 2646 7938 2286 2646 7939 2285 2646 7940 2283 2647 7941 2281 2647 7942 2284 2647 7943 2295 2652 7956 2299 2652 7957 2298 2652 7958 2297 2653 7959 2300 2653 7960 2296 2653 7961 2295 2654 7962 2298 2654 7963 2297 2654 7964 2301 2655 7965 2305 2655 7966 2304 2655 7967 2303 2656 7968 2305 2656 7969 2302 2656 7970 2301 2657 7971 2306 2657 7972 2303 2657 7973 2315 2663 7989 2319 2663 7990 2318 2663 7991 2317 2664 7992 2320 2664 7993 2316 2664 7994 2317 2665 7995 2318 2665 7996 2320 2665 7997 2315 2666 7998 2318 2666 7999 2317 2666 8000 2329 2670 8010 2331 2670 8011 2328 2670 8012 2329 2671 8013 2333 2671 8014 2332 2671 8015 2330 2672 8016 2331 2672 8017 2333 2672 8018 2344 2678 8034 2348 2678 8035 2347 2678 8036 2345 2679 8037 2348 2679 8038 2344 2679 8039 2360 2689 8067 2364 2689 8068 2363 2689 8069 2361 2690 8070 2364 2690 8071 2360 2690 8072 2362 2691 8073 2363 2691 8074 2365 2691 8075 2375 2697 8091 2377 2697 8092 2374 2697 8093 2376 2698 8094 2378 2698 8095 2375 2698 8096 2376 2699 8097 2379 2699 8098 2378 2699 8099 2374 2700 8100 2377 2700 8101 2379 2700 8102 2387 2709 8127 2391 2709 8128 2390 2709 8129 2388 2710 8130 2391 2710 8131 2387 2710 8132 2401 2719 8157 2404 2719 8158 2403 2719 8159 2402 2720 8160 2405 2720 8161 2404 2720 8162 2403 2721 8163 2406 2721 8164 2405 2721 8165 2416 2726 8178 2420 2726 8179 2419 2726 8180 2417 2727 8181 2421 2727 8182 2420 2727 8183 2418 2728 8184 2421 2728 8185 2417 2728 8186 2416 2729 8187 2419 2729 8188 2418 2729 8189 2295 2734 8202 2296 2734 8203 2299 2734 8204 2296 2735 8205 2300 2735 8206 2299 2735 8207 2297 2736 8208 2298 2736 8209 2300 2736 8210 2301 2737 8211 2302 2737 8212 2305 2737 8213 2303 2738 8214 2306 2738 8215 2305 2738 8216 2301 2739 8217 2304 2739 8218 2306 2739 8219 2315 2745 8235 2316 2745 8236 2319 2745 8237 2316 2746 8238 2320 2746 8239 2319 2746 8240 2329 2752 8256 2332 2752 8257 2331 2752 8258 2329 2753 8259 2330 2753 8260 2333 2753 8261 2330 2754 8262 2328 2754 8263 2331 2754 8264 2345 2764 8292 2349 2764 8293 2348 2764 8294 2345 2765 8295 2346 2765 8296 2349 2765 8297 2346 2766 8298 2347 2766 8299 2349 2766 8300 2346 2767 8301 2344 2767 8302 2347 2767 8303 2361 2773 8319 2365 2773 8320 2364 2773 8321 2361 2774 8322 2362 2774 8323 2365 2774 8324 2362 2775 8325 2360 2775 8326 2363 2775 8327 2375 2781 8343 2378 2781 8344 2377 2781 8345 2376 2782 8346 2374 2782 8347 2379 2782 8348 2388 2783 8349 2392 2783 8350 2391 2783 8351 2388 2784 8352 2389 2784 8353 2392 2784 8354 2389 2785 8355 2390 2785 8356 2392 2785 8357 2389 2786 8358 2387 2786 8359 2390 2786 8360 2401 2789 8367 2402 2789 8368 2404 2789 8369 2402 2790 8370 2403 2790 8371 2405 2790 8372 2403 2791 8373 2404 2791 8374 2406 2791 8375 2416 2800 8400 2417 2800 8401 2420 2800 8402 2418 2801 8403 2419 2801 8404 2421 2801 8405 2430 2808 8424 2434 2808 8425 2433 2808 8426 2432 2809 8427 2435 2809 8428 2431 2809 8429 2430 2810 8430 2433 2810 8431 2432 2810 8432 2437 2811 8433 2440 2811 8434 2439 2811 8435 2438 2812 8436 2440 2812 8437 2437 2812 8438 2436 2813 8439 2441 2813 8440 2438 2813 8441 2449 2820 8460 2453 2820 8461 2452 2820 8462 2450 2821 8463 2454 2821 8464 2453 2821 8465 2451 2822 8466 2454 2822 8467 2450 2822 8468 2449 2823 8469 2452 2823 8470 2451 2823 8471 2465 2829 8487 2467 2829 8488 2464 2829 8489 2466 2830 8490 2469 2830 8491 2468 2830 8492 2464 2831 8493 2469 2831 8494 2466 2831 8495 2479 2839 8517 2483 2839 8518 2482 2839 8519 2478 2840 8520 2483 2840 8521 2480 2840 8522 2493 2848 8544 2497 2848 8545 2496 2848 8546 2494 2849 8547 2498 2849 8548 2497 2849 8549 2495 2850 8550 2496 2850 8551 2498 2850 8552 2509 2859 8577 2513 2859 8578 2512 2859 8579 2511 2860 8580 2514 2860 8581 2510 2860 8582 2509 2861 8583 2514 2861 8584 2511 2861 8585 2524 2865 8595 2527 2865 8596 2526 2865 8597 2525 2866 8598 2527 2866 8599 2524 2866 8600 2523 2867 8601 2528 2867 8602 2525 2867 8603 2538 2872 8616 2540 2872 8617 2537 2872 8618 2539 2873 8619 2541 2873 8620 2538 2873 8621 2539 2874 8622 2540 2874 8623 2542 2874 8624 2552 2880 8640 2555 2880 8641 2554 2880 8642 2553 2881 8643 2556 2881 8644 2555 2881 8645 2551 2882 8646 2556 2882 8647 2553 2882 8648 2430 2889 8667 2431 2889 8668 2434 2889 8669 2431 2890 8670 2435 2890 8671 2434 2890 8672 2432 2891 8673 2433 2891 8674 2435 2891 8675 2436 2892 8676 2437 2892 8677 2439 2892 8678 2438 2893 8679 2441 2893 8680 2440 2893 8681 2436 2894 8682 2439 2894 8683 2441 2894 8684 2449 2897 8691 2450 2897 8692 2453 2897 8693 2451 2898 8694 2452 2898 8695 2454 2898 8696 2465 2906 8718 2468 2906 8719 2467 2906 8720 2465 2907 8721 2466 2907 8722 2468 2907 8723 2464 2908 8724 2467 2908 8725 2469 2908 8726 2478 2912 8736 2479 2912 8737 2481 2912 8738 2479 2913 8739 2482 2913 8740 2481 2913 8741 2479 2914 8742 2480 2914 8743 2483 2914 8744 2478 2915 8745 2481 2915 8746 2483 2915 8747 2493 2921 8763 2494 2921 8764 2497 2921 8765 2494 2922 8766 2495 2922 8767 2498 2922 8768 2495 2923 8769 2493 2923 8770 2496 2923 8771 2509 2930 8790 2510 2930 8791 2513 2930 8792 2510 2931 8793 2514 2931 8794 2513 2931 8795 2509 2932 8796 2512 2932 8797 2514 2932 8798 2523 2940 8820 2524 2940 8821 2526 2940 8822 2525 2941 8823 2528 2941 8824 2527 2941 8825 2523 2942 8826 2526 2942 8827 2528 2942 8828 2538 2949 8847 2541 2949 8848 2540 2949 8849 2539 2950 8850 2542 2950 8851 2541 2950 8852 2539 2951 8853 2537 2951 8854 2540 2951 8855 2551 2957 8871 2552 2957 8872 2554 2957 8873 2552 2958 8874 2553 2958 8875 2555 2958 8876 2551 2959 8877 2554 2959 8878 2556 2959 8879</p>
        </triangles>
        <triangles count="266" material="m3">
          <input semantic="VERTEX" source="#vertices" offset="0" />
          <input semantic="NORMAL" source="#normals" offset="1" />
          <input semantic="TEXCOORD" source="#uv" offset="2" set="0" />
          <p>12 7 21 15 7 22 13 7 23 14 8 24 16 8 25 12 8 26 12 9 27 16 9 28 18 9 29 15 10 30 17 10 31 16 10 32 58 35 105 59 35 106 60 35 107 57 36 108 62 36 109 59 36 110 57 37 111 60 37 112 62 37 113 60 38 114 59 38 115 63 38 116 61 39 117 63 39 118 59 39 119 97 59 177 99 59 178 100 59 179 101 60 180 104 60 181 102 60 182 13 83 249 15 83 250 14 83 251 12 84 252 18 84 253 15 84 254 14 85 255 15 85 256 16 85 257 15 86 258 18 86 259 17 86 260 58 109 327 60 109 328 57 109 329 59 110 330 62 110 331 61 110 332 62 111 333 60 111 334 63 111 335 99 129 387 101 129 388 98 129 389 100 130 390 98 130 391 97 130 392 98 131 393 101 131 394 97 131 395 101 132 396 99 132 397 103 132 398 97 133 399 101 133 400 102 133 401 99 134 402 102 134 403 103 134 404 99 135 405 97 135 406 102 135 407 101 136 408 103 136 409 104 136 410 356 372 1116 358 372 1117 359 372 1118 356 373 1119 360 373 1120 358 373 1121 357 374 1122 359 374 1123 360 374 1124 358 375 1125 361 375 1126 359 375 1127 358 376 1128 363 376 1129 362 376 1130 358 377 1131 364 377 1132 363 377 1133 360 378 1134 362 378 1135 364 378 1136 356 443 1329 357 443 1330 360 443 1331 360 444 1332 359 444 1333 361 444 1334 360 445 1335 361 445 1336 362 445 1337 361 446 1338 358 446 1339 362 446 1340 358 447 1341 360 447 1342 364 447 1343 568 637 1911 569 637 1912 570 637 1913 569 638 1914 572 638 1915 570 638 1916 570 639 1917 572 639 1918 573 639 1919 624 671 2013 630 671 2014 626 671 2015 624 672 2016 625 672 2017 628 672 2018 626 673 2019 630 673 2020 627 673 2021 625 674 2022 627 674 2023 628 674 2024 569 723 2169 567 723 2170 572 723 2171 567 724 2172 568 724 2173 570 724 2174 572 725 2175 567 725 2176 571 725 2177 567 726 2178 570 726 2179 573 726 2180 571 727 2181 567 727 2182 573 727 2183 626 755 2265 627 755 2266 625 755 2267 624 756 2268 628 756 2269 630 756 2270 628 757 2271 627 757 2272 629 757 2273 627 758 2274 630 758 2275 629 758 2276 703 793 2379 704 793 2380 705 793 2381 704 794 2382 707 794 2383 705 794 2384 705 795 2385 707 795 2386 708 795 2387 759 827 2481 765 827 2482 761 827 2483 759 828 2484 760 828 2485 763 828 2486 761 829 2487 765 829 2488 762 829 2489 760 830 2490 762 830 2491 763 830 2492 704 879 2637 702 879 2638 707 879 2639 702 880 2640 703 880 2641 705 880 2642 707 881 2643 702 881 2644 706 881 2645 702 882 2646 705 882 2647 708 882 2648 706 883 2649 702 883 2650 708 883 2651 761 911 2733 762 911 2734 760 911 2735 759 912 2736 763 912 2737 765 912 2738 763 913 2739 762 913 2740 764 913 2741 762 914 2742 765 914 2743 764 914 2744 879 979 2937 884 979 2938 882 979 2939 882 980 2940 885 980 2941 883 980 2942 884 981 2943 885 981 2944 882 981 2945 883 982 2946 884 982 2947 879 982 2948 884 983 2949 887 983 2950 886 983 2951 884 984 2952 888 984 2953 887 984 2954 885 985 2955 888 985 2956 883 985 2957 885 986 2958 886 986 2959 888 986 2960 879 1052 3156 880 1052 3157 883 1052 3158 880 1053 3159 882 1053 3160 883 1053 3161 880 1054 3162 881 1054 3163 882 1054 3164 881 1055 3165 879 1055 3166 882 1055 3167 884 1056 3168 883 1056 3169 888 1056 3170 885 1057 3171 884 1057 3172 886 1057 3173 1166 1308 3924 1168 1308 3925 1169 1308 3926 1166 1309 3927 1170 1309 3928 1168 1309 3929 1167 1310 3930 1169 1310 3931 1170 1310 3932 1168 1311 3933 1171 1311 3934 1169 1311 3935 1168 1312 3936 1173 1312 3937 1172 1312 3938 1168 1313 3939 1174 1313 3940 1173 1313 3941 1170 1314 3942 1172 1314 3943 1174 1314 3944 1166 1379 4137 1167 1379 4138 1170 1379 4139 1170 1380 4140 1169 1380 4141 1171 1380 4142 1170 1381 4143 1171 1381 4144 1172 1381 4145 1171 1382 4146 1168 1382 4147 1172 1382 4148 1168 1383 4149 1170 1383 4150 1174 1383 4151 1284 1447 4341 1289 1447 4342 1287 1447 4343 1287 1448 4344 1290 1448 4345 1288 1448 4346 1289 1449 4347 1290 1449 4348 1287 1449 4349 1288 1450 4350 1289 1450 4351 1284 1450 4352 1289 1451 4353 1292 1451 4354 1291 1451 4355 1289 1452 4356 1293 1452 4357 1292 1452 4358 1290 1453 4359 1293 1453 4360 1288 1453 4361 1290 1454 4362 1291 1454 4363 1293 1454 4364 1284 1520 4560 1285 1520 4561 1288 1520 4562 1285 1521 4563 1287 1521 4564 1288 1521 4565 1285 1522 4566 1286 1522 4567 1287 1522 4568 1286 1523 4569 1284 1523 4570 1287 1523 4571 1289 1524 4572 1288 1524 4573 1293 1524 4574 1290 1525 4575 1289 1525 4576 1291 1525 4577 1419 1603 4809 1424 1603 4810 1422 1603 4811 1422 1604 4812 1425 1604 4813 1423 1604 4814 1424 1605 4815 1425 1605 4816 1422 1605 4817 1423 1606 4818 1424 1606 4819 1419 1606 4820 1424 1607 4821 1427 1607 4822 1426 1607 4823 1424 1608 4824 1428 1608 4825 1427 1608 4826 1425 1609 4827 1428 1609 4828 1423 1609 4829 1425 1610 4830 1426 1610 4831 1428 1610 4832 1419 1676 5028 1420 1676 5029 1423 1676 5030 1420 1677 5031 1422 1677 5032 1423 1677 5033 1420 1678 5034 1421 1678 5035 1422 1678 5036 1421 1679 5037 1419 1679 5038 1422 1679 5039 1424 1680 5040 1423 1680 5041 1428 1680 5042 1425 1681 5043 1424 1681 5044 1426 1681 5045 1527 1737 5211 1526 1737 5212 1528 1737 5213 1524 1738 5214 1526 1738 5215 1527 1738 5216 1530 1739 5217 1529 1739 5218 1526 1739 5219 1529 1740 5220 1531 1740 5221 1526 1740 5222 1528 1741 5223 1533 1741 5224 1530 1741 5225 1612 1794 5382 1615 1794 5383 1614 1794 5384 1614 1795 5385 1618 1795 5386 1613 1795 5387 1615 1796 5388 1616 1796 5389 1614 1796 5390 1613 1797 5391 1618 1797 5392 1615 1797 5393 1524 1819 5457 1530 1819 5458 1526 1819 5459 1524 1820 5460 1525 1820 5461 1530 1820 5462 1525 1821 5463 1527 1821 5464 1530 1821 5465 1527 1822 5466 1528 1822 5467 1530 1822 5468 1528 1823 5469 1526 1823 5470 1531 1823 5471 1531 1824 5472 1529 1824 5473 1532 1824 5474 1529 1825 5475 1533 1825 5476 1532 1825 5477 1529 1826 5478 1530 1826 5479 1533 1826 5480 1528 1827 5481 1531 1827 5482 1533 1827 5483 1612 1866 5598 1613 1866 5599 1615 1866 5600 1614 1867 5601 1617 1867 5602 1618 1867 5603 1614 1868 5604 1616 1868 5605 1617 1868 5606 1615 1869 5607 1618 1869 5608 1616 1869 5609 1616 1870 5610 1618 1870 5611 1619 1870 5612 1617 1871 5613 1616 1871 5614 1619 1871 5615 1689 1915 5745 1694 1915 5746 1692 1915 5747 1692 1916 5748 1695 1916 5749 1693 1916 5750 1694 1917 5751 1695 1917 5752 1692 1917 5753 1693 1918 5754 1694 1918 5755 1689 1918 5756 1694 1919 5757 1697 1919 5758 1696 1919 5759 1694 1920 5760 1698 1920 5761 1697 1920 5762 1695 1921 5763 1698 1921 5764 1693 1921 5765 1695 1922 5766 1696 1922 5767 1698 1922 5768 1689 1988 5964 1690 1988 5965 1693 1988 5966 1690 1989 5967 1692 1989 5968 1693 1989 5969 1690 1990 5970 1691 1990 5971 1692 1990 5972 1691 1991 5973 1689 1991 5974 1692 1991 5975 1694 1992 5976 1693 1992 5977 1698 1992 5978 1695 1993 5979 1694 1993 5980 1696 1993 5981 1767 2035 6105 1770 2035 6106 1768 2035 6107 1769 2036 6108 1771 2036 6109 1767 2036 6110 1767 2037 6111 1771 2037 6112 1773 2037 6113 1770 2038 6114 1772 2038 6115 1771 2038 6116 1813 2063 6189 1814 2063 6190 1815 2063 6191 1812 2064 6192 1817 2064 6193 1814 2064 6194 1812 2065 6195 1815 2065 6196 1817 2065 6197 1815 2066 6198 1814 2066 6199 1818 2066 6200 1816 2067 6201 1818 2067 6202 1814 2067 6203 1852 2087 6261 1854 2087 6262 1855 2087 6263 1856 2088 6264 1859 2088 6265 1857 2088 6266 1768 2111 6333 1770 2111 6334 1769 2111 6335 1767 2112 6336 1773 2112 6337 1770 2112 6338 1769 2113 6339 1770 2113 6340 1771 2113 6341 1770 2114 6342 1773 2114 6343 1772 2114 6344 1813 2137 6411 1815 2137 6412 1812 2137 6413 1814 2138 6414 1817 2138 6415 1816 2138 6416 1817 2139 6417 1815 2139 6418 1818 2139 6419 1854 2157 6471 1856 2157 6472 1853 2157 6473 1855 2158 6474 1853 2158 6475 1852 2158 6476 1853 2159 6477 1856 2159 6478 1852 2159 6479 1856 2160 6480 1854 2160 6481 1858 2160 6482 1852 2161 6483 1856 2161 6484 1857 2161 6485 1854 2162 6486 1857 2162 6487 1858 2162 6488 1854 2163 6489 1852 2163 6490 1857 2163 6491 1856 2164 6492 1858 2164 6493 1859 2164 6494 2039 2347 7041 2037 2347 7042 2040 2347 7043 2037 2348 7044 2042 2348 7045 2041 2348 7046 2037 2349 7047 2043 2349 7048 2040 2349 7049 2037 2350 7050 2041 2350 7051 2043 2350 7052 2079 2370 7110 2081 2370 7111 2083 2370 7112 2080 2371 7113 2083 2371 7114 2082 2371 7115 2081 2372 7116 2084 2372 7117 2083 2372 7118 2083 2373 7119 2086 2373 7120 2085 2373 7121 2084 2374 7122 2087 2374 7123 2086 2374 7124 2082 2375 7125 2085 2375 7126 2087 2375 7127 2108 2390 7170 2109 2390 7171 2111 2390 7172 2111 2391 7173 2112 2391 7174 2110 2391 7175 2112 2392 7176 2113 2392 7177 2115 2392 7178 2112 2393 7179 2114 2393 7180 2109 2393 7181 2112 2394 7182 2115 2394 7183 2114 2394 7184 2141 2407 7221 2144 2407 7222 2140 2407 7223 2139 2408 7224 2142 2408 7225 2141 2408 7226 2139 2409 7227 2144 2409 7228 2142 2409 7229 2039 2427 7281 2040 2427 7282 2038 2427 7283 2038 2428 7284 2042 2428 7285 2037 2428 7286 2038 2429 7287 2040 2429 7288 2043 2429 7289 2042 2430 7290 2038 2430 7291 2043 2430 7292 2079 2452 7356 2083 2452 7357 2080 2452 7358 2081 2453 7359 2080 2453 7360 2082 2453 7361 2081 2454 7362 2082 2454 7363 2084 2454 7364 2082 2455 7365 2083 2455 7366 2085 2455 7367 2083 2456 7368 2084 2456 7369 2086 2456 7370 2084 2457 7371 2082 2457 7372 2087 2457 7373 2108 2466 7398 2110 2466 7399 2109 2466 7400 2109 2467 7401 2110 2467 7402 2112 2467 7403 2111 2468 7404 2109 2468 7405 2113 2468 7406 2111 2469 7407 2113 2469 7408 2112 2469 7409 2109 2470 7410 2114 2470 7411 2113 2470 7412 2138 2483 7449 2141 2483 7450 2137 2483 7451 2138 2484 7452 2139 2484 7453 2141 2484 7454 2139 2485 7455 2137 2485 7456 2140 2485 7457 2137 2486 7458 2141 2486 7459 2140 2486 7460 2139 2487 7461 2140 2487 7462 2144 2487 7463 2144 2488 7464 2141 2488 7465 2143 2488 7466 2141 2489 7467 2142 2489 7468 2143 2489 7469 2337 2673 8019 2336 2673 8020 2338 2673 8021 2334 2674 8022 2336 2674 8023 2337 2674 8024 2340 2675 8025 2339 2675 8026 2336 2675 8027 2339 2676 8028 2341 2676 8029 2336 2676 8030 2338 2677 8031 2343 2677 8032 2340 2677 8033 2422 2730 8190 2425 2730 8191 2424 2730 8192 2424 2731 8193 2428 2731 8194 2423 2731 8195 2425 2732 8196 2426 2732 8197 2424 2732 8198 2423 2733 8199 2428 2733 8200 2425 2733 8201 2334 2755 8265 2340 2755 8266 2336 2755 8267 2334 2756 8268 2335 2756 8269 2340 2756 8270 2335 2757 8271 2337 2757 8272 2340 2757 8273 2337 2758 8274 2338 2758 8275 2340 2758 8276 2338 2759 8277 2336 2759 8278 2341 2759 8279 2341 2760 8280 2339 2760 8281 2342 2760 8282 2339 2761 8283 2343 2761 8284 2342 2761 8285 2339 2762 8286 2340 2762 8287 2343 2762 8288 2338 2763 8289 2341 2763 8290 2343 2763 8291 2422 2802 8406 2423 2802 8407 2425 2802 8408 2424 2803 8409 2427 2803 8410 2428 2803 8411 2424 2804 8412 2426 2804 8413 2427 2804 8414 2425 2805 8415 2428 2805 8416 2426 2805 8417 2426 2806 8418 2428 2806 8419 2429 2806 8420 2427 2807 8421 2426 2807 8422 2429 2807 8423 2499 2851 8553 2504 2851 8554 2502 2851 8555 2502 2852 8556 2505 2852 8557 2503 2852 8558 2504 2853 8559 2505 2853 8560 2502 2853 8561 2503 2854 8562 2504 2854 8563 2499 2854 8564 2504 2855 8565 2507 2855 8566 2506 2855 8567 2504 2856 8568 2508 2856 8569 2507 2856 8570 2505 2857 8571 2508 2857 8572 2503 2857 8573 2505 2858 8574 2506 2858 8575 2508 2858 8576 2499 2924 8772 2500 2924 8773 2503 2924 8774 2500 2925 8775 2502 2925 8776 2503 2925 8777 2500 2926 8778 2501 2926 8779 2502 2926 8780 2501 2927 8781 2499 2927 8782 2502 2927 8783 2504 2928 8784 2503 2928 8785 2508 2928 8786 2505 2929 8787 2504 2929 8788 2506 2929 8789</p>
        </triangles>
        <triangles count="450" material="m2">
          <input semantic="VERTEX" source="#vertices" offset="0" />
          <input semantic="NORMAL" source="#normals" offset="1" />
          <input semantic="TEXCOORD" source="#uv" offset="2" set="0" />
          <p>27 14 42 28 14 43 26 14 44 25 15 45 26 15 46 30 15 47 26 16 48 28 16 49 30 16 50 25 17 51 30 17 52 29 17 53 27 18 54 29 18 55 28 18 56 31 19 57 32 19 58 29 19 59 31 20 60 30 20 61 33 20 62 32 21 63 33 21 64 35 21 65 30 22 66 34 22 67 33 22 68 70 42 126 74 42 127 73 42 128 70 43 129 71 43 130 74 43 131 71 44 132 75 44 133 74 44 134 74 45 135 76 45 136 73 45 137 71 46 138 72 46 139 75 46 140 74 47 141 75 47 142 76 47 143 128 74 222 130 74 223 127 74 224 129 75 225 134 75 226 131 75 227 131 76 228 132 76 229 130 76 230 131 77 231 134 77 232 133 77 233 27 90 270 25 90 271 29 90 272 30 91 273 31 91 274 29 91 275 28 92 276 32 92 277 30 92 278 28 93 279 29 93 280 32 93 281 30 94 282 32 94 283 34 94 284 32 95 285 35 95 286 34 95 287 32 96 288 31 96 289 33 96 290 71 116 348 73 116 349 72 116 350 72 117 351 73 117 352 76 117 353 127 150 450 130 150 451 129 150 452 128 151 453 131 151 454 130 151 455 128 152 456 129 152 457 131 152 458 130 153 459 134 153 460 129 153 461 130 154 462 132 154 463 134 154 464 132 155 465 131 155 466 133 155 467 163 173 519 164 173 520 166 173 521 161 174 522 167 174 523 164 174 524 162 175 525 166 175 526 165 175 527 167 176 528 165 176 529 164 176 530 166 177 531 169 177 532 168 177 533 164 178 534 165 178 535 169 178 536 237 223 669 240 223 670 239 223 671 237 224 672 238 224 673 240 224 674 247 228 684 249 228 685 251 228 686 248 229 687 249 229 688 247 229 689 251 230 690 250 230 691 248 230 692 251 231 693 252 231 694 250 231 695 249 232 696 254 232 697 253 232 698 250 233 699 254 233 700 249 233 701 252 234 702 255 234 703 250 234 704 249 235 705 253 235 706 252 235 707 163 256 768 166 256 769 162 256 770 163 257 771 161 257 772 164 257 773 161 258 774 162 258 775 167 258 776 162 259 777 165 259 778 167 259 779 166 260 780 168 260 781 165 260 782 166 261 783 164 261 784 169 261 785 248 301 903 250 301 904 249 301 905 251 302 906 249 302 907 252 302 908 254 303 909 250 303 910 255 303 911 252 304 912 253 304 913 255 304 914 297 328 984 300 328 985 301 328 986 298 329 987 304 329 988 299 329 989 297 330 990 301 330 991 298 330 992 299 331 993 304 331 994 300 331 995 298 332 996 301 332 997 304 332 998 301 333 999 302 333 1000 304 333 1001 301 334 1002 303 334 1003 302 334 1004 300 335 1005 303 335 1006 301 335 1007 300 336 1008 304 336 1009 303 336 1010 371 381 1143 374 381 1144 372 381 1145 372 382 1146 373 382 1147 375 382 1148 372 383 1149 374 383 1150 373 383 1151 375 384 1152 373 384 1153 376 384 1154 374 385 1155 376 385 1156 377 385 1157 299 417 1251 300 417 1252 297 417 1253 371 452 1356 375 452 1357 374 452 1358 374 453 1359 375 453 1360 376 453 1361 373 454 1362 374 454 1363 377 454 1364 433 485 1455 434 485 1456 436 485 1457 431 486 1458 437 486 1459 434 486 1460 432 487 1461 436 487 1462 435 487 1463 437 488 1464 435 488 1465 434 488 1466 436 489 1467 439 489 1468 438 489 1469 434 490 1470 435 490 1471 439 490 1472 507 535 1605 510 535 1606 509 535 1607 507 536 1608 508 536 1609 510 536 1610 517 540 1620 519 540 1621 521 540 1622 518 541 1623 519 541 1624 517 541 1625 521 542 1626 520 542 1627 518 542 1628 521 543 1629 522 543 1630 520 543 1631 519 544 1632 524 544 1633 523 544 1634 520 545 1635 524 545 1636 519 545 1637 522 546 1638 525 546 1639 520 546 1640 519 547 1641 523 547 1642 522 547 1643 433 568 1704 436 568 1705 432 568 1706 433 569 1707 431 569 1708 434 569 1709 431 570 1710 432 570 1711 437 570 1712 432 571 1713 435 571 1714 437 571 1715 436 572 1716 438 572 1717 435 572 1718 436 573 1719 434 573 1720 439 573 1721 518 613 1839 520 613 1840 519 613 1841 521 614 1842 519 614 1843 522 614 1844 524 615 1845 520 615 1846 525 615 1847 522 616 1848 523 616 1849 525 616 1850 596 650 1950 599 650 1951 595 650 1952 597 651 1953 599 651 1954 594 651 1955 598 652 1956 595 652 1957 597 652 1958 599 653 1959 597 653 1960 600 653 1961 599 654 1962 600 654 1963 601 654 1964 597 655 1965 601 655 1966 602 655 1967 598 740 2220 597 740 2221 594 740 2222 598 741 2223 596 741 2224 595 741 2225 596 742 2226 594 742 2227 599 742 2228 595 743 2229 601 743 2230 597 743 2231 595 744 2232 599 744 2233 601 744 2234 597 745 2235 602 745 2236 600 745 2237 731 806 2418 734 806 2419 730 806 2420 732 807 2421 734 807 2422 729 807 2423 733 808 2424 730 808 2425 732 808 2426 734 809 2427 732 809 2428 735 809 2429 734 810 2430 735 810 2431 736 810 2432 732 811 2433 736 811 2434 737 811 2435 733 896 2688 732 896 2689 729 896 2690 733 897 2691 731 897 2692 730 897 2693 731 898 2694 729 898 2695 734 898 2696 730 899 2697 736 899 2698 732 899 2699 730 900 2700 734 900 2701 736 900 2702 732 901 2703 737 901 2704 735 901 2705 835 952 2856 840 952 2857 836 952 2858 836 953 2859 840 953 2860 838 953 2861 836 954 2862 838 954 2863 843 954 2864 840 955 2865 841 955 2866 838 955 2867 839 956 2868 842 956 2869 840 956 2870 927 1003 3009 925 1003 3010 923 1003 3011 924 1004 3012 926 1004 3013 927 1004 3014 925 1005 3015 928 1005 3016 926 1005 3017 927 1006 3018 929 1006 3019 925 1006 3020 926 1007 3021 928 1007 3022 930 1007 3023 940 1011 3033 939 1011 3034 937 1011 3035 939 1012 3036 941 1012 3037 937 1012 3038 941 1013 3039 943 1013 3040 940 1013 3041 939 1014 3042 942 1014 3043 941 1014 3044 939 1015 3045 944 1015 3046 942 1015 3047 939 1016 3048 943 1016 3049 944 1016 3050 835 1027 3081 837 1027 3082 840 1027 3083 837 1028 3084 836 1028 3085 839 1028 3086 837 1029 3087 839 1029 3088 840 1029 3089 836 1030 3090 843 1030 3091 839 1030 3092 839 1031 3093 843 1031 3094 842 1031 3095 838 1032 3096 841 1032 3097 843 1032 3098 841 1033 3099 840 1033 3100 842 1033 3101 924 1080 3240 923 1080 3241 926 1080 3242 926 1081 3243 923 1081 3244 925 1081 3245 927 1082 3246 926 1082 3247 929 1082 3248 925 1083 3249 929 1083 3250 928 1083 3251 929 1084 3252 926 1084 3253 930 1084 3254 940 1088 3264 938 1088 3265 941 1088 3266 938 1089 3267 937 1089 3268 941 1089 3269 939 1090 3270 940 1090 3271 943 1090 3272 943 1091 3273 941 1091 3274 942 1091 3275 987 1118 3354 989 1118 3355 990 1118 3356 988 1119 3357 989 1119 3358 987 1119 3359 990 1120 3360 992 1120 3361 988 1120 3362 990 1121 3363 991 1121 3364 992 1121 3365 1029 1138 3414 1033 1138 3415 1032 1138 3416 1029 1139 3417 1034 1139 3418 1033 1139 3419 1030 1140 3420 1031 1140 3421 1034 1140 3422 1029 1141 3423 1032 1141 3424 1031 1141 3425 1031 1142 3426 1032 1142 3427 1034 1142 3428 1036 1143 3429 1037 1143 3430 1033 1143 3431 1035 1144 3432 1036 1144 3433 1034 1144 3434 986 1187 3561 987 1187 3562 990 1187 3563 986 1188 3564 990 1188 3565 988 1188 3566 988 1189 3567 992 1189 3568 989 1189 3569 990 1190 3570 993 1190 3571 991 1190 3572 990 1191 3573 989 1191 3574 993 1191 3575 989 1192 3576 992 1192 3577 993 1192 3578 1029 1217 3651 1030 1217 3652 1034 1217 3653 1032 1218 3654 1035 1218 3655 1034 1218 3656 1032 1219 3657 1033 1219 3658 1035 1219 3659 1033 1220 3660 1034 1220 3661 1036 1220 3662 1035 1221 3663 1033 1221 3664 1037 1221 3665 1107 1264 3792 1110 1264 3793 1111 1264 3794 1108 1265 3795 1114 1265 3796 1109 1265 3797 1107 1266 3798 1111 1266 3799 1108 1266 3800 1109 1267 3801 1114 1267 3802 1110 1267 3803 1108 1268 3804 1111 1268 3805 1114 1268 3806 1111 1269 3807 1112 1269 3808 1114 1269 3809 1111 1270 3810 1113 1270 3811 1112 1270 3812 1110 1271 3813 1113 1271 3814 1111 1271 3815 1110 1272 3816 1114 1272 3817 1113 1272 3818 1181 1317 3951 1184 1317 3952 1182 1317 3953 1182 1318 3954 1183 1318 3955 1185 1318 3956 1182 1319 3957 1184 1319 3958 1183 1319 3959 1185 1320 3960 1183 1320 3961 1186 1320 3962 1184 1321 3963 1186 1321 3964 1187 1321 3965 1109 1353 4059 1110 1353 4060 1107 1353 4061 1181 1388 4164 1185 1388 4165 1184 1388 4166 1184 1389 4167 1185 1389 4168 1186 1389 4169 1183 1390 4170 1184 1390 4171 1187 1390 4172 1240 1420 4260 1245 1420 4261 1241 1420 4262 1241 1421 4263 1245 1421 4264 1243 1421 4265 1241 1422 4266 1243 1422 4267 1248 1422 4268 1245 1423 4269 1246 1423 4270 1243 1423 4271 1244 1424 4272 1247 1424 4273 1245 1424 4274 1332 1471 4413 1330 1471 4414 1328 1471 4415 1329 1472 4416 1331 1472 4417 1332 1472 4418 1330 1473 4419 1333 1473 4420 1331 1473 4421 1332 1474 4422 1334 1474 4423 1330 1474 4424 1331 1475 4425 1333 1475 4426 1335 1475 4427 1345 1479 4437 1344 1479 4438 1342 1479 4439 1344 1480 4440 1346 1480 4441 1342 1480 4442 1346 1481 4443 1348 1481 4444 1345 1481 4445 1344 1482 4446 1347 1482 4447 1346 1482 4448 1344 1483 4449 1349 1483 4450 1347 1483 4451 1344 1484 4452 1348 1484 4453 1349 1484 4454 1240 1495 4485 1242 1495 4486 1245 1495 4487 1242 1496 4488 1241 1496 4489 1244 1496 4490 1242 1497 4491 1244 1497 4492 1245 1497 4493 1241 1498 4494 1248 1498 4495 1244 1498 4496 1244 1499 4497 1248 1499 4498 1247 1499 4499 1243 1500 4500 1246 1500 4501 1248 1500 4502 1246 1501 4503 1245 1501 4504 1247 1501 4505 1329 1548 4644 1328 1548 4645 1331 1548 4646 1331 1549 4647 1328 1549 4648 1330 1549 4649 1332 1550 4650 1331 1550 4651 1334 1550 4652 1330 1551 4653 1334 1551 4654 1333 1551 4655 1334 1552 4656 1331 1552 4657 1335 1552 4658 1345 1556 4668 1343 1556 4669 1346 1556 4670 1343 1557 4671 1342 1557 4672 1346 1557 4673 1344 1558 4674 1345 1558 4675 1348 1558 4676 1348 1559 4677 1346 1559 4678 1347 1559 4679 1375 1576 4728 1380 1576 4729 1376 1576 4730 1376 1577 4731 1380 1577 4732 1378 1577 4733 1376 1578 4734 1378 1578 4735 1383 1578 4736 1380 1579 4737 1381 1579 4738 1378 1579 4739 1379 1580 4740 1382 1580 4741 1380 1580 4742 1467 1627 4881 1465 1627 4882 1463 1627 4883 1464 1628 4884 1466 1628 4885 1467 1628 4886 1465 1629 4887 1468 1629 4888 1466 1629 4889 1467 1630 4890 1469 1630 4891 1465 1630 4892 1466 1631 4893 1468 1631 4894 1470 1631 4895 1480 1635 4905 1479 1635 4906 1477 1635 4907 1479 1636 4908 1481 1636 4909 1477 1636 4910 1481 1637 4911 1483 1637 4912 1480 1637 4913 1479 1638 4914 1482 1638 4915 1481 1638 4916 1479 1639 4917 1484 1639 4918 1482 1639 4919 1479 1640 4920 1483 1640 4921 1484 1640 4922 1375 1651 4953 1377 1651 4954 1380 1651 4955 1377 1652 4956 1376 1652 4957 1379 1652 4958 1377 1653 4959 1379 1653 4960 1380 1653 4961 1376 1654 4962 1383 1654 4963 1379 1654 4964 1379 1655 4965 1383 1655 4966 1382 1655 4967 1378 1656 4968 1381 1656 4969 1383 1656 4970 1381 1657 4971 1380 1657 4972 1382 1657 4973 1464 1704 5112 1463 1704 5113 1466 1704 5114 1466 1705 5115 1463 1705 5116 1465 1705 5117 1467 1706 5118 1466 1706 5119 1469 1706 5120 1465 1707 5121 1469 1707 5122 1468 1707 5123 1469 1708 5124 1466 1708 5125 1470 1708 5126 1480 1712 5136 1478 1712 5137 1481 1712 5138 1478 1713 5139 1477 1713 5140 1481 1713 5141 1479 1714 5142 1480 1714 5143 1483 1714 5144 1483 1715 5145 1481 1715 5146 1482 1715 5147 1541 1744 5232 1543 1744 5233 1542 1744 5234 1543 1745 5235 1544 1745 5236 1545 1745 5237 1540 1746 5238 1544 1746 5239 1543 1746 5240 1544 1747 5241 1542 1747 5242 1546 1747 5243 1544 1748 5244 1546 1748 5245 1547 1748 5246 1542 1749 5247 1545 1749 5248 1546 1749 5249 1545 1750 5250 1549 1750 5251 1548 1750 5252 1545 1751 5253 1547 1751 5254 1549 1751 5255 1546 1752 5256 1548 1752 5257 1547 1752 5258 1540 1832 5496 1541 1832 5497 1542 1832 5498 1540 1833 5499 1542 1833 5500 1544 1833 5501 1542 1834 5502 1543 1834 5503 1545 1834 5504 1544 1835 5505 1547 1835 5506 1545 1835 5507 1546 1836 5508 1545 1836 5509 1548 1836 5510 1645 1888 5664 1650 1888 5665 1646 1888 5666 1646 1889 5667 1650 1889 5668 1648 1889 5669 1646 1890 5670 1648 1890 5671 1653 1890 5672 1650 1891 5673 1651 1891 5674 1648 1891 5675 1649 1892 5676 1652 1892 5677 1650 1892 5678 1737 1939 5817 1735 1939 5818 1733 1939 5819 1734 1940 5820 1736 1940 5821 1737 1940 5822 1735 1941 5823 1738 1941 5824 1736 1941 5825 1737 1942 5826 1739 1942 5827 1735 1942 5828 1736 1943 5829 1738 1943 5830 1740 1943 5831 1750 1947 5841 1749 1947 5842 1747 1947 5843 1749 1948 5844 1751 1948 5845 1747 1948 5846 1751 1949 5847 1753 1949 5848 1750 1949 5849 1749 1950 5850 1752 1950 5851 1751 1950 5852 1749 1951 5853 1754 1951 5854 1752 1951 5855 1749 1952 5856 1753 1952 5857 1754 1952 5858 1645 1963 5889 1647 1963 5890 1650 1963 5891 1647 1964 5892 1646 1964 5893 1649 1964 5894 1647 1965 5895 1649 1965 5896 1650 1965 5897 1646 1966 5898 1653 1966 5899 1649 1966 5900 1649 1967 5901 1653 1967 5902 1652 1967 5903 1648 1968 5904 1651 1968 5905 1653 1968 5906 1651 1969 5907 1650 1969 5908 1652 1969 5909 1734 2016 6048 1733 2016 6049 1736 2016 6050 1736 2017 6051 1733 2017 6052 1735 2017 6053 1737 2018 6054 1736 2018 6055 1739 2018 6056 1735 2019 6057 1739 2019 6058 1738 2019 6059 1739 2020 6060 1736 2020 6061 1740 2020 6062 1750 2024 6072 1748 2024 6073 1751 2024 6074 1748 2025 6075 1747 2025 6076 1751 2025 6077 1749 2026 6078 1750 2026 6079 1753 2026 6080 1753 2027 6081 1751 2027 6082 1752 2027 6083 1782 2042 6126 1783 2042 6127 1781 2042 6128 1780 2043 6129 1781 2043 6130 1785 2043 6131 1781 2044 6132 1783 2044 6133 1785 2044 6134 1780 2045 6135 1785 2045 6136 1784 2045 6137 1782 2046 6138 1784 2046 6139 1783 2046 6140 1786 2047 6141 1787 2047 6142 1784 2047 6143 1786 2048 6144 1785 2048 6145 1788 2048 6146 1787 2049 6147 1788 2049 6148 1790 2049 6149 1785 2050 6150 1789 2050 6151 1788 2050 6152 1825 2070 6210 1829 2070 6211 1828 2070 6212 1825 2071 6213 1826 2071 6214 1829 2071 6215 1826 2072 6216 1830 2072 6217 1829 2072 6218 1829 2073 6219 1831 2073 6220 1828 2073 6221 1826 2074 6222 1827 2074 6223 1830 2074 6224 1829 2075 6225 1830 2075 6226 1831 2075 6227 1883 2102 6306 1885 2102 6307 1882 2102 6308 1884 2103 6309 1889 2103 6310 1886 2103 6311 1886 2104 6312 1887 2104 6313 1885 2104 6314 1886 2105 6315 1889 2105 6316 1888 2105 6317 1782 2118 6354 1780 2118 6355 1784 2118 6356 1785 2119 6357 1786 2119 6358 1784 2119 6359 1783 2120 6360 1787 2120 6361 1785 2120 6362 1783 2121 6363 1784 2121 6364 1787 2121 6365 1785 2122 6366 1787 2122 6367 1789 2122 6368 1787 2123 6369 1790 2123 6370 1789 2123 6371 1787 2124 6372 1786 2124 6373 1788 2124 6374 1826 2144 6432 1828 2144 6433 1827 2144 6434 1827 2145 6435 1828 2145 6436 1831 2145 6437 1882 2178 6534 1885 2178 6535 1884 2178 6536 1883 2179 6537 1886 2179 6538 1885 2179 6539 1883 2180 6540 1884 2180 6541 1886 2180 6542 1885 2181 6543 1889 2181 6544 1884 2181 6545 1885 2182 6546 1887 2182 6547 1889 2182 6548 1887 2183 6549 1886 2183 6550 1888 2183 6551 1932 2210 6630 1934 2210 6631 1935 2210 6632 1933 2211 6633 1934 2211 6634 1932 2211 6635 1935 2212 6636 1937 2212 6637 1933 2212 6638 1935 2213 6639 1936 2213 6640 1937 2213 6641 1974 2230 6690 1978 2230 6691 1977 2230 6692 1974 2231 6693 1979 2231 6694 1978 2231 6695 1975 2232 6696 1976 2232 6697 1979 2232 6698 1974 2233 6699 1977 2233 6700 1976 2233 6701 1976 2234 6702 1977 2234 6703 1979 2234 6704 1981 2235 6705 1982 2235 6706 1978 2235 6707 1980 2236 6708 1981 2236 6709 1979 2236 6710 1931 2279 6837 1932 2279 6838 1935 2279 6839 1931 2280 6840 1935 2280 6841 1933 2280 6842 1933 2281 6843 1937 2281 6844 1934 2281 6845 1935 2282 6846 1938 2282 6847 1936 2282 6848 1935 2283 6849 1934 2283 6850 1938 2283 6851 1934 2284 6852 1937 2284 6853 1938 2284 6854 1974 2309 6927 1975 2309 6928 1979 2309 6929 1977 2310 6930 1980 2310 6931 1979 2310 6932 1977 2311 6933 1978 2311 6934 1980 2311 6935 1978 2312 6936 1979 2312 6937 1981 2312 6938 1980 2313 6939 1978 2313 6940 1982 2313 6941 2066 2362 7086 2068 2362 7087 2065 2362 7088 2066 2363 7089 2064 2363 7090 2071 2363 7091 2068 2364 7092 2067 2364 7093 2064 2364 7094 2071 2365 7095 2068 2365 7096 2066 2365 7097 2064 2366 7098 2067 2366 7099 2071 2366 7100 2071 2367 7101 2072 2367 7102 2070 2367 7103 2065 2442 7326 2068 2442 7327 2064 2442 7328 2067 2443 7329 2068 2443 7330 2069 2443 7331 2068 2444 7332 2070 2444 7333 2069 2444 7334 2068 2445 7335 2071 2445 7336 2070 2445 7337 2071 2446 7338 2067 2446 7339 2069 2446 7340 2071 2447 7341 2069 2447 7342 2072 2447 7343 2188 2513 7539 2189 2513 7540 2191 2513 7541 2186 2514 7542 2192 2514 7543 2189 2514 7544 2187 2515 7545 2191 2515 7546 2190 2515 7547 2192 2516 7548 2190 2516 7549 2189 2516 7550 2191 2517 7551 2194 2517 7552 2193 2517 7553 2189 2518 7554 2190 2518 7555 2194 2518 7556 2262 2563 7689 2265 2563 7690 2264 2563 7691 2262 2564 7692 2263 2564 7693 2265 2564 7694 2272 2568 7704 2274 2568 7705 2276 2568 7706 2273 2569 7707 2274 2569 7708 2272 2569 7709 2276 2570 7710 2275 2570 7711 2273 2570 7712 2276 2571 7713 2277 2571 7714 2275 2571 7715 2274 2572 7716 2279 2572 7717 2278 2572 7718 2275 2573 7719 2279 2573 7720 2274 2573 7721 2277 2574 7722 2280 2574 7723 2275 2574 7724 2274 2575 7725 2278 2575 7726 2277 2575 7727 2188 2596 7788 2191 2596 7789 2187 2596 7790 2188 2597 7791 2186 2597 7792 2189 2597 7793 2186 2598 7794 2187 2598 7795 2192 2598 7796 2187 2599 7797 2190 2599 7798 2192 2599 7799 2191 2600 7800 2193 2600 7801 2190 2600 7802 2191 2601 7803 2189 2601 7804 2194 2601 7805 2273 2641 7923 2275 2641 7924 2274 2641 7925 2276 2642 7926 2274 2642 7927 2277 2642 7928 2279 2643 7929 2275 2643 7930 2280 2643 7931 2277 2644 7932 2278 2644 7933 2280 2644 7934 2351 2680 8040 2353 2680 8041 2352 2680 8042 2353 2681 8043 2354 2681 8044 2355 2681 8045 2350 2682 8046 2354 2682 8047 2353 2682 8048 2354 2683 8049 2352 2683 8050 2356 2683 8051 2354 2684 8052 2356 2684 8053 2357 2684 8054 2352 2685 8055 2355 2685 8056 2356 2685 8057 2355 2686 8058 2359 2686 8059 2358 2686 8060 2355 2687 8061 2357 2687 8062 2359 2687 8063 2356 2688 8064 2358 2688 8065 2357 2688 8066 2350 2768 8304 2351 2768 8305 2352 2768 8306 2350 2769 8307 2352 2769 8308 2354 2769 8309 2352 2770 8310 2353 2770 8311 2355 2770 8312 2354 2771 8313 2357 2771 8314 2355 2771 8315 2356 2772 8316 2355 2772 8317 2358 2772 8318 2455 2824 8472 2460 2824 8473 2456 2824 8474 2456 2825 8475 2460 2825 8476 2458 2825 8477 2456 2826 8478 2458 2826 8479 2463 2826 8480 2460 2827 8481 2461 2827 8482 2458 2827 8483 2459 2828 8484 2462 2828 8485 2460 2828 8486 2547 2875 8625 2545 2875 8626 2543 2875 8627 2544 2876 8628 2546 2876 8629 2547 2876 8630 2545 2877 8631 2548 2877 8632 2546 2877 8633 2547 2878 8634 2549 2878 8635 2545 2878 8636 2546 2879 8637 2548 2879 8638 2550 2879 8639 2560 2883 8649 2559 2883 8650 2557 2883 8651 2559 2884 8652 2561 2884 8653 2557 2884 8654 2561 2885 8655 2563 2885 8656 2560 2885 8657 2559 2886 8658 2562 2886 8659 2561 2886 8660 2559 2887 8661 2564 2887 8662 2562 2887 8663 2559 2888 8664 2563 2888 8665 2564 2888 8666 2455 2899 8697 2457 2899 8698 2460 2899 8699 2457 2900 8700 2456 2900 8701 2459 2900 8702 2457 2901 8703 2459 2901 8704 2460 2901 8705 2456 2902 8706 2463 2902 8707 2459 2902 8708 2459 2903 8709 2463 2903 8710 2462 2903 8711 2458 2904 8712 2461 2904 8713 2463 2904 8714 2461 2905 8715 2460 2905 8716 2462 2905 8717 2544 2952 8856 2543 2952 8857 2546 2952 8858 2546 2953 8859 2543 2953 8860 2545 2953 8861 2547 2954 8862 2546 2954 8863 2549 2954 8864 2545 2955 8865 2549 2955 8866 2548 2955 8867 2549 2956 8868 2546 2956 8869 2550 2956 8870 2560 2960 8880 2558 2960 8881 2561 2960 8882 2558 2961 8883 2557 2961 8884 2561 2961 8885 2559 2962 8886 2560 2962 8887 2563 2962 8888 2563 2963 8889 2561 2963 8890 2562 2963 8891</p>
        </triangles>
        <triangles count="418" material="m5">
          <input semantic="VERTEX" source="#vertices" offset="0" />
          <input semantic="NORMAL" source="#normals" offset="1" />
          <input semantic="TEXCOORD" source="#uv" offset="2" set="0" />
          <p>43 26 78 47 26 79 45 26 80 45 27 81 46 27 82 44 27 83 46 28 84 45 28 85 49 28 86 46 29 87 49 29 88 48 29 89 47 30 90 50 30 91 45 30 92 46 31 93 48 31 94 47 31 95 47 32 96 48 32 97 50 32 98 42 100 300 44 100 301 46 100 302 44 101 303 43 101 304 45 101 305 43 102 306 42 102 307 47 102 308 42 103 309 46 103 310 47 103 311 45 104 312 50 104 313 49 104 314 312 341 1023 313 341 1024 311 341 1025 312 342 1026 315 342 1027 314 342 1028 316 343 1029 315 343 1030 312 343 1031 316 344 1032 317 344 1033 315 344 1034 311 345 1035 313 345 1036 316 345 1037 312 346 1038 314 346 1039 313 346 1040 316 347 1041 313 347 1042 317 347 1043 313 348 1044 318 348 1045 317 348 1046 315 349 1047 320 349 1048 314 349 1049 318 350 1050 321 350 1051 320 350 1052 318 351 1053 319 351 1054 321 351 1055 341 362 1086 342 362 1087 346 362 1088 343 363 1089 345 363 1090 344 363 1091 341 364 1092 345 364 1093 343 364 1094 342 365 1095 344 365 1096 346 365 1097 344 366 1098 348 366 1099 346 366 1100 345 367 1101 348 367 1102 344 367 1103 347 368 1104 348 368 1105 345 368 1106 401 400 1200 399 400 1201 402 400 1202 398 401 1203 403 401 1204 399 401 1205 402 402 1206 403 402 1207 398 402 1208 317 420 1260 318 420 1261 315 420 1262 313 421 1263 314 421 1264 318 421 1265 314 422 1266 320 422 1267 319 422 1268 315 423 1269 318 423 1270 320 423 1271 318 424 1272 314 424 1273 319 424 1274 342 435 1305 343 435 1306 344 435 1307 341 436 1308 346 436 1309 345 436 1310 345 437 1311 346 437 1312 347 437 1313 347 438 1314 346 438 1315 349 438 1316 346 439 1317 348 439 1318 349 439 1319 398 463 1389 401 463 1390 402 463 1391 401 464 1392 400 464 1393 399 464 1394 400 465 1395 398 465 1396 399 465 1397 402 466 1398 399 466 1399 404 466 1400 402 467 1401 404 467 1402 403 467 1403 554 630 1890 556 630 1891 552 630 1892 556 631 1893 555 631 1894 553 631 1895 555 632 1896 559 632 1897 557 632 1898 557 633 1899 558 633 1900 556 633 1901 557 634 1902 559 634 1903 558 634 1904 609 658 1974 615 658 1975 613 658 1976 609 659 1977 611 659 1978 615 659 1979 609 660 1980 612 660 1981 611 660 1982 609 661 1983 610 661 1984 612 661 1985 610 662 1986 613 662 1987 612 662 1988 613 663 1989 615 663 1990 612 663 1991 612 664 1992 614 664 1993 611 664 1994 615 665 1995 614 665 1996 612 665 1997 611 666 1998 616 666 1999 615 666 2000 611 667 2001 614 667 2002 617 667 2003 639 678 2034 643 678 2035 638 678 2036 637 679 2037 642 679 2038 639 679 2039 643 680 2040 642 680 2041 638 680 2042 639 681 2043 642 681 2044 641 681 2045 642 682 2046 644 682 2047 641 682 2048 554 712 2136 557 712 2137 556 712 2138 553 713 2139 552 713 2140 556 713 2141 554 714 2142 555 714 2143 557 714 2144 554 715 2145 553 715 2146 555 715 2147 559 716 2148 555 716 2149 560 716 2150 555 717 2151 556 717 2152 560 717 2153 556 718 2154 558 718 2155 560 718 2156 614 750 2250 615 750 2251 616 750 2252 611 751 2253 617 751 2254 616 751 2255 640 762 2286 639 762 2287 638 762 2288 637 763 2289 638 763 2290 642 763 2291 637 764 2292 639 764 2293 640 764 2294 639 765 2295 641 765 2296 643 765 2297 642 766 2298 643 766 2299 644 766 2300 689 786 2358 691 786 2359 687 786 2360 691 787 2361 690 787 2362 688 787 2363 690 788 2364 694 788 2365 692 788 2366 692 789 2367 693 789 2368 691 789 2369 692 790 2370 694 790 2371 693 790 2372 744 814 2442 750 814 2443 748 814 2444 744 815 2445 746 815 2446 750 815 2447 744 816 2448 747 816 2449 746 816 2450 744 817 2451 745 817 2452 747 817 2453 745 818 2454 748 818 2455 747 818 2456 748 819 2457 750 819 2458 747 819 2459 747 820 2460 749 820 2461 746 820 2462 750 821 2463 749 821 2464 747 821 2465 746 822 2466 751 822 2467 750 822 2468 746 823 2469 749 823 2470 752 823 2471 774 834 2502 778 834 2503 773 834 2504 772 835 2505 777 835 2506 774 835 2507 778 836 2508 777 836 2509 773 836 2510 774 837 2511 777 837 2512 776 837 2513 777 838 2514 779 838 2515 776 838 2516 689 868 2604 692 868 2605 691 868 2606 688 869 2607 687 869 2608 691 869 2609 689 870 2610 690 870 2611 692 870 2612 689 871 2613 688 871 2614 690 871 2615 694 872 2616 690 872 2617 695 872 2618 690 873 2619 691 873 2620 695 873 2621 691 874 2622 693 874 2623 695 874 2624 749 906 2718 750 906 2719 751 906 2720 746 907 2721 752 907 2722 751 907 2723 775 918 2754 774 918 2755 773 918 2756 772 919 2757 773 919 2758 777 919 2759 772 920 2760 774 920 2761 775 920 2762 774 921 2763 776 921 2764 778 921 2765 777 922 2766 778 922 2767 779 922 2768 852 960 2880 850 960 2881 853 960 2882 851 961 2883 854 961 2884 850 961 2885 853 962 2886 854 962 2887 851 962 2888 850 963 2889 855 963 2890 853 963 2891 850 964 2892 854 964 2893 855 964 2894 854 965 2895 857 965 2896 855 965 2897 853 966 2898 856 966 2899 857 966 2900 910 996 2988 912 996 2989 914 996 2990 911 997 2991 913 997 2992 912 997 2993 912 998 2994 913 998 2995 915 998 2996 914 999 2997 915 999 2998 916 999 2999 851 1037 3111 852 1037 3112 853 1037 3113 854 1038 3114 853 1038 3115 857 1038 3116 853 1039 3117 855 1039 3118 856 1039 3119 909 1071 3213 910 1071 3214 911 1071 3215 910 1072 3216 914 1072 3217 911 1072 3218 909 1073 3219 911 1073 3220 912 1073 3221 912 1074 3222 915 1074 3223 914 1074 3224 911 1075 3225 916 1075 3226 913 1075 3227 911 1076 3228 914 1076 3229 916 1076 3230 958 1098 3294 961 1098 3295 960 1098 3296 957 1099 3297 961 1099 3298 958 1099 3299 961 1100 3300 962 1100 3301 960 1100 3302 957 1101 3303 963 1101 3304 961 1101 3305 957 1102 3306 964 1102 3307 963 1102 3308 957 1103 3309 962 1103 3310 964 1103 3311 959 1104 3312 962 1104 3313 957 1104 3314 971 1108 3324 976 1108 3325 973 1108 3326 971 1109 3327 975 1109 3328 976 1109 3329 971 1110 3330 972 1110 3331 975 1110 3332 972 1111 3333 973 1111 3334 974 1111 3335 973 1112 3336 976 1112 3337 974 1112 3338 974 1113 3339 979 1113 3340 978 1113 3341 976 1114 3342 977 1114 3343 979 1114 3344 1003 1125 3375 1005 1125 3376 1002 1125 3377 1004 1126 3378 1006 1126 3379 1008 1126 3380 1057 1154 3462 1060 1154 3463 1062 1154 3464 1062 1155 3465 1061 1155 3466 1059 1155 3467 1060 1156 3468 1064 1156 3469 1062 1156 3470 1064 1157 3471 1063 1157 3472 1062 1157 3473 959 1173 3519 957 1173 3520 958 1173 3521 960 1174 3522 962 1174 3523 959 1174 3524 962 1175 3525 961 1175 3526 963 1175 3527 972 1179 3537 974 1179 3538 975 1179 3539 975 1180 3540 978 1180 3541 977 1180 3542 975 1181 3543 974 1181 3544 978 1181 3545 974 1182 3546 976 1182 3547 979 1182 3548 976 1183 3549 975 1183 3550 977 1183 3551 1000 1196 3588 1003 1196 3589 1002 1196 3590 1000 1197 3591 1001 1197 3592 1003 1197 3593 1001 1198 3594 1002 1198 3595 1004 1198 3596 1001 1199 3597 1004 1199 3598 1003 1199 3599 1002 1200 3600 1005 1200 3601 1004 1200 3602 1004 1201 3603 1007 1201 3604 1003 1201 3605 1005 1202 3606 1003 1202 3607 1006 1202 3608 1003 1203 3609 1007 1203 3610 1006 1203 3611 1004 1204 3612 1008 1204 3613 1007 1204 3614 1004 1205 3615 1005 1205 3616 1006 1205 3617 1059 1233 3699 1057 1233 3700 1062 1233 3701 1057 1234 3702 1058 1234 3703 1060 1234 3704 1058 1235 3705 1059 1235 3706 1060 1235 3707 1059 1236 3708 1065 1236 3709 1060 1236 3710 1065 1237 3711 1059 1237 3712 1061 1237 3713 1060 1238 3714 1065 1238 3715 1064 1238 3716 1062 1239 3717 1063 1239 3718 1061 1239 3719 1061 1240 3720 1063 1240 3721 1065 1240 3722 1122 1277 3831 1123 1277 3832 1121 1277 3833 1122 1278 3834 1125 1278 3835 1124 1278 3836 1126 1279 3837 1125 1279 3838 1122 1279 3839 1126 1280 3840 1127 1280 3841 1125 1280 3842 1121 1281 3843 1123 1281 3844 1126 1281 3845 1122 1282 3846 1124 1282 3847 1123 1282 3848 1126 1283 3849 1123 1283 3850 1127 1283 3851 1123 1284 3852 1128 1284 3853 1127 1284 3854 1125 1285 3855 1130 1285 3856 1124 1285 3857 1128 1286 3858 1131 1286 3859 1130 1286 3860 1128 1287 3861 1129 1287 3862 1131 1287 3863 1151 1298 3894 1152 1298 3895 1156 1298 3896 1153 1299 3897 1155 1299 3898 1154 1299 3899 1151 1300 3900 1155 1300 3901 1153 1300 3902 1152 1301 3903 1154 1301 3904 1156 1301 3905 1154 1302 3906 1158 1302 3907 1156 1302 3908 1155 1303 3909 1158 1303 3910 1154 1303 3911 1157 1304 3912 1158 1304 3913 1155 1304 3914 1211 1336 4008 1209 1336 4009 1212 1336 4010 1208 1337 4011 1213 1337 4012 1209 1337 4013 1212 1338 4014 1213 1338 4015 1208 1338 4016 1127 1356 4068 1128 1356 4069 1125 1356 4070 1123 1357 4071 1124 1357 4072 1128 1357 4073 1124 1358 4074 1130 1358 4075 1129 1358 4076 1125 1359 4077 1128 1359 4078 1130 1359 4079 1128 1360 4080 1124 1360 4081 1129 1360 4082 1152 1371 4113 1153 1371 4114 1154 1371 4115 1151 1372 4116 1156 1372 4117 1155 1372 4118 1155 1373 4119 1156 1373 4120 1157 1373 4121 1157 1374 4122 1156 1374 4123 1159 1374 4124 1156 1375 4125 1158 1375 4126 1159 1375 4127 1208 1399 4197 1211 1399 4198 1212 1399 4199 1211 1400 4200 1210 1400 4201 1209 1400 4202 1210 1401 4203 1208 1401 4204 1209 1401 4205 1212 1402 4206 1209 1402 4207 1214 1402 4208 1212 1403 4209 1214 1403 4210 1213 1403 4211 1257 1428 4284 1255 1428 4285 1258 1428 4286 1256 1429 4287 1259 1429 4288 1255 1429 4289 1258 1430 4290 1259 1430 4291 1256 1430 4292 1255 1431 4293 1260 1431 4294 1258 1431 4295 1255 1432 4296 1259 1432 4297 1260 1432 4298 1259 1433 4299 1262 1433 4300 1260 1433 4301 1258 1434 4302 1261 1434 4303 1262 1434 4304 1315 1464 4392 1317 1464 4393 1319 1464 4394 1316 1465 4395 1318 1465 4396 1317 1465 4397 1317 1466 4398 1318 1466 4399 1320 1466 4400 1319 1467 4401 1320 1467 4402 1321 1467 4403 1256 1505 4515 1257 1505 4516 1258 1505 4517 1259 1506 4518 1258 1506 4519 1262 1506 4520 1258 1507 4521 1260 1507 4522 1261 1507 4523 1314 1539 4617 1315 1539 4618 1316 1539 4619 1315 1540 4620 1319 1540 4621 1316 1540 4622 1314 1541 4623 1316 1541 4624 1317 1541 4625 1317 1542 4626 1320 1542 4627 1319 1542 4628 1316 1543 4629 1321 1543 4630 1318 1543 4631 1316 1544 4632 1319 1544 4633 1321 1544 4634 1392 1584 4752 1390 1584 4753 1393 1584 4754 1391 1585 4755 1394 1585 4756 1390 1585 4757 1393 1586 4758 1394 1586 4759 1391 1586 4760 1390 1587 4761 1395 1587 4762 1393 1587 4763 1390 1588 4764 1394 1588 4765 1395 1588 4766 1394 1589 4767 1397 1589 4768 1395 1589 4769 1393 1590 4770 1396 1590 4771 1397 1590 4772 1450 1620 4860 1452 1620 4861 1454 1620 4862 1451 1621 4863 1453 1621 4864 1452 1621 4865 1452 1622 4866 1453 1622 4867 1455 1622 4868 1454 1623 4869 1455 1623 4870 1456 1623 4871 1391 1661 4983 1392 1661 4984 1393 1661 4985 1394 1662 4986 1393 1662 4987 1397 1662 4988 1393 1663 4989 1395 1663 4990 1396 1663 4991 1449 1695 5085 1450 1695 5086 1451 1695 5087 1450 1696 5088 1454 1696 5089 1451 1696 5090 1449 1697 5091 1451 1697 5092 1452 1697 5093 1452 1698 5094 1455 1698 5095 1454 1698 5096 1451 1699 5097 1456 1699 5098 1453 1699 5099 1451 1700 5100 1454 1700 5101 1456 1700 5102 1570 1765 5295 1571 1765 5296 1572 1765 5297 1573 1766 5298 1575 1766 5299 1571 1766 5300 1570 1767 5301 1572 1767 5302 1573 1767 5303 1571 1768 5304 1575 1768 5305 1572 1768 5306 1573 1769 5307 1574 1769 5308 1575 1769 5309 1573 1770 5310 1576 1770 5311 1574 1770 5312 1572 1771 5313 1576 1771 5314 1573 1771 5315 1572 1772 5316 1575 1772 5317 1576 1772 5318 1600 1786 5358 1601 1786 5359 1599 1786 5360 1597 1787 5361 1601 1787 5362 1602 1787 5363 1600 1788 5364 1603 1788 5365 1605 1788 5366 1602 1789 5367 1604 1789 5368 1603 1789 5369 1597 1856 5568 1599 1856 5569 1601 1856 5570 1599 1857 5571 1598 1857 5572 1600 1857 5573 1598 1858 5574 1597 1858 5575 1600 1858 5576 1597 1859 5577 1602 1859 5578 1600 1859 5579 1602 1860 5580 1603 1860 5581 1600 1860 5582 1600 1861 5583 1605 1861 5584 1601 1861 5585 1601 1862 5586 1605 1862 5587 1604 1862 5588 1602 1863 5589 1601 1863 5590 1604 1863 5591 1662 1896 5688 1660 1896 5689 1663 1896 5690 1661 1897 5691 1664 1897 5692 1660 1897 5693 1663 1898 5694 1664 1898 5695 1661 1898 5696 1660 1899 5697 1665 1899 5698 1663 1899 5699 1660 1900 5700 1664 1900 5701 1665 1900 5702 1664 1901 5703 1667 1901 5704 1665 1901 5705 1663 1902 5706 1666 1902 5707 1667 1902 5708 1720 1932 5796 1722 1932 5797 1724 1932 5798 1721 1933 5799 1723 1933 5800 1722 1933 5801 1722 1934 5802 1723 1934 5803 1725 1934 5804 1724 1935 5805 1725 1935 5806 1726 1935 5807 1661 1973 5919 1662 1973 5920 1663 1973 5921 1664 1974 5922 1663 1974 5923 1667 1974 5924 1663 1975 5925 1665 1975 5926 1666 1975 5927 1719 2007 6021 1720 2007 6022 1721 2007 6023 1720 2008 6024 1724 2008 6025 1721 2008 6026 1719 2009 6027 1721 2009 6028 1722 2009 6029 1722 2010 6030 1725 2010 6031 1724 2010 6032 1721 2011 6033 1726 2011 6034 1723 2011 6035 1721 2012 6036 1724 2012 6037 1726 2012 6038 1798 2054 6162 1802 2054 6163 1800 2054 6164 1800 2055 6165 1801 2055 6166 1799 2055 6167 1801 2056 6168 1800 2056 6169 1804 2056 6170 1801 2057 6171 1804 2057 6172 1803 2057 6173 1802 2058 6174 1805 2058 6175 1800 2058 6176 1801 2059 6177 1803 2059 6178 1802 2059 6179 1802 2060 6180 1803 2060 6181 1805 2060 6182 1797 2128 6384 1799 2128 6385 1801 2128 6386 1799 2129 6387 1798 2129 6388 1800 2129 6389 1798 2130 6390 1797 2130 6391 1802 2130 6392 1797 2131 6393 1801 2131 6394 1802 2131 6395 1800 2132 6396 1805 2132 6397 1804 2132 6398 1903 2190 6570 1906 2190 6571 1905 2190 6572 1902 2191 6573 1906 2191 6574 1903 2191 6575 1906 2192 6576 1907 2192 6577 1905 2192 6578 1902 2193 6579 1908 2193 6580 1906 2193 6581 1902 2194 6582 1909 2194 6583 1908 2194 6584 1902 2195 6585 1907 2195 6586 1909 2195 6587 1904 2196 6588 1907 2196 6589 1902 2196 6590 1916 2200 6600 1921 2200 6601 1918 2200 6602 1916 2201 6603 1920 2201 6604 1921 2201 6605 1916 2202 6606 1917 2202 6607 1920 2202 6608 1917 2203 6609 1918 2203 6610 1919 2203 6611 1918 2204 6612 1921 2204 6613 1919 2204 6614 1919 2205 6615 1924 2205 6616 1923 2205 6617 1921 2206 6618 1922 2206 6619 1924 2206 6620 1948 2217 6651 1950 2217 6652 1947 2217 6653 1949 2218 6654 1951 2218 6655 1953 2218 6656 2002 2246 6738 2005 2246 6739 2007 2246 6740 2007 2247 6741 2006 2247 6742 2004 2247 6743 2005 2248 6744 2009 2248 6745 2007 2248 6746 2009 2249 6747 2008 2249 6748 2007 2249 6749 1904 2265 6795 1902 2265 6796 1903 2265 6797 1905 2266 6798 1907 2266 6799 1904 2266 6800 1907 2267 6801 1906 2267 6802 1908 2267 6803 1917 2271 6813 1919 2271 6814 1920 2271 6815 1920 2272 6816 1923 2272 6817 1922 2272 6818 1920 2273 6819 1919 2273 6820 1923 2273 6821 1919 2274 6822 1921 2274 6823 1924 2274 6824 1921 2275 6825 1920 2275 6826 1922 2275 6827 1945 2288 6864 1948 2288 6865 1947 2288 6866 1945 2289 6867 1946 2289 6868 1948 2289 6869 1946 2290 6870 1947 2290 6871 1949 2290 6872 1946 2291 6873 1949 2291 6874 1948 2291 6875 1947 2292 6876 1950 2292 6877 1949 2292 6878 1949 2293 6879 1952 2293 6880 1948 2293 6881 1950 2294 6882 1948 2294 6883 1951 2294 6884 1948 2295 6885 1952 2295 6886 1951 2295 6887 1949 2296 6888 1953 2296 6889 1952 2296 6890 1949 2297 6891 1950 2297 6892 1951 2297 6893 2004 2325 6975 2002 2325 6976 2007 2325 6977 2002 2326 6978 2003 2326 6979 2005 2326 6980 2003 2327 6981 2004 2327 6982 2005 2327 6983 2004 2328 6984 2010 2328 6985 2005 2328 6986 2010 2329 6987 2004 2329 6988 2006 2329 6989 2005 2330 6990 2010 2330 6991 2009 2330 6992 2007 2331 6993 2008 2331 6994 2006 2331 6995 2006 2332 6996 2008 2332 6997 2010 2332 6998 2096 2379 7137 2098 2379 7138 2095 2379 7139 2094 2380 7140 2099 2380 7141 2096 2380 7142 2098 2381 7143 2097 2381 7144 2094 2381 7145 2094 2382 7146 2097 2382 7147 2099 2382 7148 2096 2383 7149 2099 2383 7150 2098 2383 7151 2099 2384 7152 2101 2384 7153 2098 2384 7154 2097 2385 7155 2100 2385 7156 2099 2385 7157 2101 2386 7158 2097 2386 7159 2098 2386 7160 2151 2412 7236 2155 2412 7237 2156 2412 7238 2151 2413 7239 2152 2413 7240 2155 2413 7241 2154 2414 7242 2153 2414 7243 2152 2414 7244 2153 2415 7245 2155 2415 7246 2152 2415 7247 2155 2416 7248 2157 2416 7249 2156 2416 7250 2155 2417 7251 2153 2417 7252 2157 2417 7253 2153 2418 7254 2159 2418 7255 2158 2418 7256 2156 2419 7257 2159 2419 7258 2153 2419 7259 2156 2420 7260 2157 2420 7261 2159 2420 7262 2153 2421 7263 2158 2421 7264 2157 2421 7265 2095 2461 7383 2098 2461 7384 2094 2461 7385 2099 2462 7386 2100 2462 7387 2101 2462 7388 2154 2494 7482 2151 2494 7483 2156 2494 7484 2153 2495 7485 2154 2495 7486 2156 2495 7487 2380 2701 8103 2381 2701 8104 2382 2701 8105 2383 2702 8106 2385 2702 8107 2381 2702 8108 2380 2703 8109 2382 2703 8110 2383 2703 8111 2381 2704 8112 2385 2704 8113 2382 2704 8114 2383 2705 8115 2384 2705 8116 2385 2705 8117 2383 2706 8118 2386 2706 8119 2384 2706 8120 2382 2707 8121 2386 2707 8122 2383 2707 8123 2382 2708 8124 2385 2708 8125 2386 2708 8126 2410 2722 8166 2411 2722 8167 2409 2722 8168 2407 2723 8169 2411 2723 8170 2412 2723 8171 2410 2724 8172 2413 2724 8173 2415 2724 8174 2412 2725 8175 2414 2725 8176 2413 2725 8177 2407 2792 8376 2409 2792 8377 2411 2792 8378 2409 2793 8379 2408 2793 8380 2410 2793 8381 2408 2794 8382 2407 2794 8383 2410 2794 8384 2407 2795 8385 2412 2795 8386 2410 2795 8387 2412 2796 8388 2413 2796 8389 2410 2796 8390 2410 2797 8391 2415 2797 8392 2411 2797 8393 2411 2798 8394 2415 2798 8395 2414 2798 8396 2412 2799 8397 2411 2799 8398 2414 2799 8399 2472 2832 8496 2470 2832 8497 2473 2832 8498 2471 2833 8499 2474 2833 8500 2470 2833 8501 2473 2834 8502 2474 2834 8503 2471 2834 8504 2470 2835 8505 2475 2835 8506 2473 2835 8507 2470 2836 8508 2474 2836 8509 2475 2836 8510 2474 2837 8511 2477 2837 8512 2475 2837 8513 2473 2838 8514 2476 2838 8515 2477 2838 8516 2530 2868 8604 2532 2868 8605 2534 2868 8606 2531 2869 8607 2533 2869 8608 2532 2869 8609 2532 2870 8610 2533 2870 8611 2535 2870 8612 2534 2871 8613 2535 2871 8614 2536 2871 8615 2471 2909 8727 2472 2909 8728 2473 2909 8729 2474 2910 8730 2473 2910 8731 2477 2910 8732 2473 2911 8733 2475 2911 8734 2476 2911 8735 2529 2943 8829 2530 2943 8830 2531 2943 8831 2530 2944 8832 2534 2944 8833 2531 2944 8834 2529 2945 8835 2531 2945 8836 2532 2945 8837 2532 2946 8838 2535 2946 8839 2534 2946 8840 2531 2947 8841 2536 2947 8842 2533 2947 8843 2531 2948 8844 2534 2948 8845 2536 2948 8846</p>
        </triangles>
        <triangles count="326" material="m1">
          <input semantic="VERTEX" source="#vertices" offset="0" />
          <input semantic="NORMAL" source="#normals" offset="1" />
          <input semantic="TEXCOORD" source="#uv" offset="2" set="0" />
          <p>83 51 153 86 51 154 85 51 155 84 52 156 86 52 157 83 52 158 85 53 159 86 53 160 87 53 161 84 54 162 89 54 163 86 54 164 87 55 165 88 55 166 90 55 167 111 65 195 116 65 196 117 65 197 111 66 198 112 66 199 116 66 200 115 67 201 116 67 202 112 67 203 113 68 204 117 68 205 115 68 206 115 69 207 119 69 208 118 69 209 115 70 210 118 70 211 120 70 212 85 121 363 87 121 364 84 121 365 86 122 366 88 122 367 87 122 368 84 123 369 87 123 370 89 123 371 89 124 372 87 124 373 90 124 374 88 125 375 86 125 376 89 125 377 114 139 417 111 139 418 117 139 419 112 140 420 114 140 421 113 140 422 114 141 423 117 141 424 113 141 425 113 142 426 115 142 427 112 142 428 115 143 429 117 143 430 119 143 431 117 144 432 116 144 433 119 144 434 116 145 435 120 145 436 119 145 437 116 146 438 115 146 439 120 146 440 210 201 603 209 201 604 208 201 605 210 202 606 212 202 607 209 202 608 211 203 609 209 203 610 213 203 611 212 204 612 213 204 613 215 204 614 209 205 615 214 205 616 213 205 617 209 206 618 215 206 619 214 206 620 213 207 621 214 207 622 216 207 623 208 286 858 209 286 859 211 286 860 210 287 861 211 287 862 212 287 863 211 288 864 213 288 865 212 288 866 212 289 867 215 289 868 209 289 869 215 290 870 213 290 871 216 290 872 385 389 1167 389 389 1168 384 389 1169 386 390 1170 387 390 1171 389 390 1172 384 391 1173 387 391 1174 386 391 1175 389 392 1176 388 392 1177 384 392 1178 387 393 1179 391 393 1180 389 393 1181 389 394 1182 390 394 1183 388 394 1184 388 395 1185 391 395 1186 387 395 1187 385 458 1374 386 458 1375 389 458 1376 384 459 1377 388 459 1378 387 459 1379 389 460 1380 391 460 1381 390 460 1382 480 513 1539 479 513 1540 478 513 1541 480 514 1542 482 514 1543 479 514 1544 481 515 1545 479 515 1546 483 515 1547 482 516 1548 483 516 1549 485 516 1550 479 517 1551 484 517 1552 483 517 1553 479 518 1554 485 518 1555 484 518 1556 483 519 1557 484 519 1558 486 519 1559 478 598 1794 479 598 1795 481 598 1796 480 599 1797 481 599 1798 482 599 1799 481 600 1800 483 600 1801 482 600 1802 482 601 1803 485 601 1804 479 601 1805 485 602 1806 483 602 1807 486 602 1808 651 686 2058 654 686 2059 653 686 2060 651 687 2061 652 687 2062 654 687 2063 652 688 2064 653 688 2065 656 688 2066 653 689 2067 655 689 2068 656 689 2069 654 690 2070 655 690 2071 653 690 2072 656 691 2073 654 691 2074 652 691 2075 655 692 2076 654 692 2077 657 692 2078 656 693 2079 658 693 2080 654 693 2081 654 694 2082 658 694 2083 657 694 2084 656 695 2085 659 695 2086 658 695 2087 656 696 2088 657 696 2089 659 696 2090 666 700 2100 669 700 2101 668 700 2102 667 701 2103 668 701 2104 670 701 2105 670 702 2106 673 702 2107 669 702 2108 673 703 2109 672 703 2110 669 703 2111 669 704 2112 672 704 2113 671 704 2114 671 705 2115 674 705 2116 670 705 2117 655 770 2310 657 770 2311 656 770 2312 666 774 2322 667 774 2323 669 774 2324 667 775 2325 670 775 2326 669 775 2327 671 776 2328 668 776 2329 669 776 2330 670 777 2331 668 777 2332 671 777 2333 673 778 2334 670 778 2335 674 778 2336 671 779 2337 672 779 2338 674 779 2339 786 842 2526 789 842 2527 788 842 2528 786 843 2529 787 843 2530 789 843 2531 787 844 2532 788 844 2533 791 844 2534 788 845 2535 790 845 2536 791 845 2537 789 846 2538 790 846 2539 788 846 2540 791 847 2541 789 847 2542 787 847 2543 790 848 2544 789 848 2545 792 848 2546 791 849 2547 793 849 2548 789 849 2549 789 850 2550 793 850 2551 792 850 2552 791 851 2553 794 851 2554 793 851 2555 791 852 2556 792 852 2557 794 852 2558 801 856 2568 804 856 2569 803 856 2570 802 857 2571 803 857 2572 805 857 2573 805 858 2574 808 858 2575 804 858 2576 808 859 2577 807 859 2578 804 859 2579 804 860 2580 807 860 2581 806 860 2582 806 861 2583 809 861 2584 805 861 2585 790 926 2778 792 926 2779 791 926 2780 801 930 2790 802 930 2791 804 930 2792 802 931 2793 805 931 2794 804 931 2795 806 932 2796 803 932 2797 804 932 2798 805 933 2799 803 933 2800 806 933 2801 808 934 2802 805 934 2803 809 934 2804 806 935 2805 807 935 2806 809 935 2807 864 969 2907 865 969 2908 868 969 2909 865 970 2910 866 970 2911 869 970 2912 867 971 2913 868 971 2914 866 971 2915 866 972 2916 871 972 2917 869 972 2918 866 973 2919 868 973 2920 871 973 2921 868 974 2922 872 974 2923 871 974 2924 871 975 2925 870 975 2926 869 975 2927 865 1044 3132 867 1044 3133 866 1044 3134 867 1045 3135 864 1045 3136 868 1045 3137 865 1046 3138 869 1046 3139 868 1046 3140 868 1047 3141 869 1047 3142 870 1047 3143 868 1048 3144 870 1048 3145 872 1048 3146 1016 1130 3390 1019 1130 3391 1015 1130 3392 1016 1131 3393 1017 1131 3394 1019 1131 3395 1015 1132 3396 1020 1132 3397 1018 1132 3398 1017 1133 3399 1021 1133 3400 1019 1133 3401 1020 1134 3402 1021 1134 3403 1017 1134 3404 1022 1135 3405 1021 1135 3406 1020 1135 3407 1044 1148 3444 1048 1148 3445 1046 1148 3446 1045 1149 3447 1048 1149 3448 1044 1149 3449 1047 1150 3450 1049 1150 3451 1045 1150 3452 1072 1161 3483 1075 1161 3484 1073 1161 3485 1076 1162 3486 1073 1162 3487 1078 1162 3488 1075 1163 3489 1077 1163 3490 1073 1163 3491 1076 1164 3492 1078 1164 3493 1075 1164 3494 1077 1165 3495 1078 1165 3496 1073 1165 3497 1075 1166 3498 1079 1166 3499 1077 1166 3500 1016 1209 3627 1018 1209 3628 1017 1209 3629 1017 1210 3630 1018 1210 3631 1020 1210 3632 1015 1211 3633 1022 1211 3634 1020 1211 3635 1015 1212 3636 1019 1212 3637 1022 1212 3638 1046 1225 3675 1047 1225 3676 1045 1225 3677 1046 1226 3678 1048 1226 3679 1047 1226 3680 1048 1227 3681 1045 1227 3682 1049 1227 3683 1047 1228 3684 1048 1228 3685 1050 1228 3686 1048 1229 3687 1049 1229 3688 1050 1229 3689 1072 1244 3732 1074 1244 3733 1075 1244 3734 1074 1245 3735 1076 1245 3736 1075 1245 3737 1074 1246 3738 1073 1246 3739 1076 1246 3740 1075 1247 3741 1078 1247 3742 1079 1247 3743 1195 1325 3975 1199 1325 3976 1194 1325 3977 1196 1326 3978 1197 1326 3979 1199 1326 3980 1194 1327 3981 1197 1327 3982 1196 1327 3983 1199 1328 3984 1198 1328 3985 1194 1328 3986 1197 1329 3987 1201 1329 3988 1199 1329 3989 1199 1330 3990 1200 1330 3991 1198 1330 3992 1198 1331 3993 1201 1331 3994 1197 1331 3995 1195 1394 4182 1196 1394 4183 1199 1394 4184 1194 1395 4185 1198 1395 4186 1197 1395 4187 1199 1396 4188 1201 1396 4189 1200 1396 4190 1269 1437 4311 1270 1437 4312 1273 1437 4313 1270 1438 4314 1271 1438 4315 1274 1438 4316 1272 1439 4317 1273 1439 4318 1271 1439 4319 1271 1440 4320 1276 1440 4321 1274 1440 4322 1271 1441 4323 1273 1441 4324 1276 1441 4325 1273 1442 4326 1277 1442 4327 1276 1442 4328 1276 1443 4329 1275 1443 4330 1274 1443 4331 1270 1512 4536 1272 1512 4537 1271 1512 4538 1272 1513 4539 1269 1513 4540 1273 1513 4541 1270 1514 4542 1274 1514 4543 1273 1514 4544 1273 1515 4545 1274 1515 4546 1275 1515 4547 1273 1516 4548 1275 1516 4549 1277 1516 4550 1404 1593 4779 1405 1593 4780 1408 1593 4781 1405 1594 4782 1406 1594 4783 1409 1594 4784 1407 1595 4785 1408 1595 4786 1406 1595 4787 1406 1596 4788 1411 1596 4789 1409 1596 4790 1406 1597 4791 1408 1597 4792 1411 1597 4793 1408 1598 4794 1412 1598 4795 1411 1598 4796 1411 1599 4797 1410 1599 4798 1409 1599 4799 1405 1668 5004 1407 1668 5005 1406 1668 5006 1407 1669 5007 1404 1669 5008 1408 1669 5009 1405 1670 5010 1409 1670 5011 1408 1670 5012 1408 1671 5013 1409 1671 5014 1410 1671 5015 1408 1672 5016 1410 1672 5017 1412 1672 5018 1512 1731 5193 1514 1731 5194 1511 1731 5195 1513 1732 5196 1517 1732 5197 1512 1732 5198 1517 1733 5199 1516 1733 5200 1512 1733 5201 1556 1756 5268 1560 1756 5269 1558 1756 5270 1558 1757 5271 1560 1757 5272 1559 1757 5273 1556 1758 5274 1563 1758 5275 1561 1758 5276 1560 1759 5277 1561 1759 5278 1562 1759 5279 1559 1760 5280 1562 1760 5281 1563 1760 5282 1511 1811 5433 1513 1811 5434 1512 1811 5435 1511 1812 5436 1514 1812 5437 1517 1812 5438 1514 1813 5439 1512 1813 5440 1515 1813 5441 1517 1814 5442 1514 1814 5443 1515 1814 5444 1515 1815 5445 1512 1815 5446 1516 1815 5447 1557 1840 5520 1558 1840 5521 1563 1840 5522 1558 1841 5523 1559 1841 5524 1563 1841 5525 1556 1842 5526 1557 1842 5527 1563 1842 5528 1560 1843 5529 1556 1843 5530 1561 1843 5531 1559 1844 5532 1560 1844 5533 1562 1844 5534 1674 1905 5715 1675 1905 5716 1678 1905 5717 1675 1906 5718 1676 1906 5719 1679 1906 5720 1677 1907 5721 1678 1907 5722 1676 1907 5723 1676 1908 5724 1681 1908 5725 1679 1908 5726 1676 1909 5727 1678 1909 5728 1681 1909 5729 1678 1910 5730 1682 1910 5731 1681 1910 5732 1681 1911 5733 1680 1911 5734 1679 1911 5735 1675 1980 5940 1677 1980 5941 1676 1980 5942 1677 1981 5943 1674 1981 5944 1678 1981 5945 1675 1982 5946 1679 1982 5947 1678 1982 5948 1678 1983 5949 1679 1983 5950 1680 1983 5951 1678 1984 5952 1680 1984 5953 1682 1984 5954 1838 2079 6237 1841 2079 6238 1840 2079 6239 1839 2080 6240 1841 2080 6241 1838 2080 6242 1840 2081 6243 1841 2081 6244 1842 2081 6245 1839 2082 6246 1844 2082 6247 1841 2082 6248 1842 2083 6249 1843 2083 6250 1845 2083 6251 1866 2093 6279 1871 2093 6280 1872 2093 6281 1866 2094 6282 1867 2094 6283 1871 2094 6284 1870 2095 6285 1871 2095 6286 1867 2095 6287 1868 2096 6288 1872 2096 6289 1870 2096 6290 1870 2097 6291 1874 2097 6292 1873 2097 6293 1870 2098 6294 1873 2098 6295 1875 2098 6296 1840 2149 6447 1842 2149 6448 1839 2149 6449 1841 2150 6450 1843 2150 6451 1842 2150 6452 1839 2151 6453 1842 2151 6454 1844 2151 6455 1844 2152 6456 1842 2152 6457 1845 2152 6458 1843 2153 6459 1841 2153 6460 1844 2153 6461 1869 2167 6501 1866 2167 6502 1872 2167 6503 1867 2168 6504 1869 2168 6505 1868 2168 6506 1869 2169 6507 1872 2169 6508 1868 2169 6509 1868 2170 6510 1870 2170 6511 1867 2170 6512 1870 2171 6513 1872 2171 6514 1874 2171 6515 1872 2172 6516 1871 2172 6517 1874 2172 6518 1871 2173 6519 1875 2173 6520 1874 2173 6521 1871 2174 6522 1870 2174 6523 1875 2174 6524 1961 2222 6666 1964 2222 6667 1960 2222 6668 1961 2223 6669 1962 2223 6670 1964 2223 6671 1960 2224 6672 1965 2224 6673 1963 2224 6674 1962 2225 6675 1966 2225 6676 1964 2225 6677 1965 2226 6678 1966 2226 6679 1962 2226 6680 1967 2227 6681 1966 2227 6682 1965 2227 6683 1989 2240 6720 1993 2240 6721 1991 2240 6722 1990 2241 6723 1993 2241 6724 1989 2241 6725 1992 2242 6726 1994 2242 6727 1990 2242 6728 2017 2253 6759 2020 2253 6760 2018 2253 6761 2021 2254 6762 2018 2254 6763 2023 2254 6764 2020 2255 6765 2022 2255 6766 2018 2255 6767 2021 2256 6768 2023 2256 6769 2020 2256 6770 2022 2257 6771 2023 2257 6772 2018 2257 6773 2020 2258 6774 2024 2258 6775 2022 2258 6776 1961 2301 6903 1963 2301 6904 1962 2301 6905 1962 2302 6906 1963 2302 6907 1965 2302 6908 1960 2303 6909 1967 2303 6910 1965 2303 6911 1960 2304 6912 1964 2304 6913 1967 2304 6914 1991 2317 6951 1992 2317 6952 1990 2317 6953 1991 2318 6954 1993 2318 6955 1992 2318 6956 1993 2319 6957 1990 2319 6958 1994 2319 6959 1992 2320 6960 1993 2320 6961 1995 2320 6962 1993 2321 6963 1994 2321 6964 1995 2321 6965 2017 2336 7008 2019 2336 7009 2020 2336 7010 2019 2337 7011 2021 2337 7012 2020 2337 7013 2019 2338 7014 2018 2338 7015 2021 2338 7016 2020 2339 7017 2023 2339 7018 2024 2339 7019 2052 2354 7062 2055 2354 7063 2053 2354 7064 2052 2355 7065 2053 2355 7066 2054 2355 7067 2050 2356 7068 2055 2356 7069 2052 2356 7070 2050 2357 7071 2056 2357 7072 2055 2357 7073 2054 2358 7074 2055 2358 7075 2057 2358 7076 2122 2398 7194 2126 2398 7195 2127 2398 7196 2124 2399 7197 2127 2399 7198 2123 2399 7199 2123 2400 7200 2126 2400 7201 2125 2400 7202 2127 2401 7203 2128 2401 7204 2123 2401 7205 2123 2402 7206 2130 2402 7207 2126 2402 7208 2128 2403 7209 2130 2403 7210 2123 2403 7211 2051 2434 7302 2054 2434 7303 2050 2434 7304 2051 2435 7305 2052 2435 7306 2054 2435 7307 2050 2436 7308 2054 2436 7309 2057 2436 7310 2054 2437 7311 2053 2437 7312 2055 2437 7313 2050 2438 7314 2057 2438 7315 2056 2438 7316 2125 2474 7422 2124 2474 7423 2123 2474 7424 2122 2475 7425 2127 2475 7426 2124 2475 7427 2122 2476 7428 2125 2476 7429 2126 2476 7430 2128 2477 7431 2127 2477 7432 2129 2477 7433 2127 2478 7434 2126 2478 7435 2129 2478 7436 2126 2479 7437 2130 2479 7438 2129 2479 7439 2235 2541 7623 2234 2541 7624 2233 2541 7625 2235 2542 7626 2237 2542 7627 2234 2542 7628 2236 2543 7629 2234 2543 7630 2238 2543 7631 2237 2544 7632 2238 2544 7633 2240 2544 7634 2234 2545 7635 2239 2545 7636 2238 2545 7637 2234 2546 7638 2240 2546 7639 2239 2546 7640 2238 2547 7641 2239 2547 7642 2241 2547 7643 2233 2626 7878 2234 2626 7879 2236 2626 7880 2235 2627 7881 2236 2627 7882 2237 2627 7883 2236 2628 7884 2238 2628 7885 2237 2628 7886 2237 2629 7887 2240 2629 7888 2234 2629 7889 2240 2630 7890 2238 2630 7891 2241 2630 7892 2322 2667 8001 2324 2667 8002 2321 2667 8003 2323 2668 8004 2327 2668 8005 2322 2668 8006 2327 2669 8007 2326 2669 8008 2322 2669 8009 2366 2692 8076 2370 2692 8077 2368 2692 8078 2368 2693 8079 2370 2693 8080 2369 2693 8081 2366 2694 8082 2373 2694 8083 2371 2694 8084 2370 2695 8085 2371 2695 8086 2372 2695 8087 2369 2696 8088 2372 2696 8089 2373 2696 8090 2321 2747 8241 2323 2747 8242 2322 2747 8243 2321 2748 8244 2324 2748 8245 2327 2748 8246 2324 2749 8247 2322 2749 8248 2325 2749 8249 2327 2750 8250 2324 2750 8251 2325 2750 8252 2325 2751 8253 2322 2751 8254 2326 2751 8255 2367 2776 8328 2368 2776 8329 2373 2776 8330 2368 2777 8331 2369 2777 8332 2373 2777 8333 2366 2778 8334 2367 2778 8335 2373 2778 8336 2370 2779 8337 2366 2779 8338 2371 2779 8339 2369 2780 8340 2370 2780 8341 2372 2780 8342 2484 2841 8523 2485 2841 8524 2488 2841 8525 2485 2842 8526 2486 2842 8527 2489 2842 8528 2487 2843 8529 2488 2843 8530 2486 2843 8531 2486 2844 8532 2491 2844 8533 2489 2844 8534 2486 2845 8535 2488 2845 8536 2491 2845 8537 2488 2846 8538 2492 2846 8539 2491 2846 8540 2491 2847 8541 2490 2847 8542 2489 2847 8543 2485 2916 8748 2487 2916 8749 2486 2916 8750 2487 2917 8751 2484 2917 8752 2488 2917 8753 2485 2918 8754 2489 2918 8755 2488 2918 8756 2488 2919 8757 2489 2919 8758 2490 2919 8759 2488 2920 8760 2490 2920 8761 2492 2920 8762</p>
        </triangles>
        <triangles count="364" material="m4">
          <input semantic="VERTEX" source="#vertices" offset="0" />
          <input semantic="NORMAL" source="#normals" offset="1" />
          <input semantic="TEXCOORD" source="#uv" offset="2" set="0" />
          <p>148 163 489 149 163 490 147 163 491 148 164 492 150 164 493 149 164 494 147 165 495 151 165 496 150 165 497 150 166 498 151 166 499 149 166 500 151 167 501 152 167 502 149 167 503 147 168 504 154 168 505 153 168 506 147 169 507 152 169 508 154 169 509 179 182 546 181 182 547 178 182 548 177 183 549 180 183 550 179 183 551 179 184 552 182 184 553 181 184 554 179 185 555 180 185 556 182 185 557 182 186 558 180 186 559 185 186 560 180 187 561 183 187 562 185 187 563 181 188 564 184 188 565 183 188 566 193 192 576 194 192 577 196 192 578 197 193 579 195 193 580 194 193 581 195 194 582 200 194 583 196 194 584 197 195 585 199 195 586 198 195 587 199 196 588 201 196 589 198 196 590 195 197 591 201 197 592 200 197 593 224 211 633 223 211 634 226 211 635 225 212 636 227 212 637 223 212 638 224 213 639 226 213 640 225 213 641 225 214 642 226 214 643 229 214 644 227 215 645 226 215 646 223 215 647 225 216 648 229 216 649 227 216 650 227 217 651 228 217 652 226 217 653 230 218 654 228 218 655 227 218 656 229 219 657 230 219 658 227 219 659 262 239 717 265 239 718 264 239 719 262 240 720 266 240 721 265 240 722 263 241 723 267 241 724 266 241 725 264 242 726 265 242 727 267 242 728 265 243 729 268 243 730 267 243 731 266 244 732 267 244 733 269 244 734 151 250 750 147 250 751 153 250 752 147 251 753 149 251 754 152 251 755 152 252 756 151 252 757 153 252 758 176 265 795 179 265 796 178 265 797 177 266 798 176 266 799 180 266 800 180 267 801 176 267 802 178 267 803 180 268 804 178 268 805 183 268 806 178 269 807 181 269 808 183 269 809 181 270 810 182 270 811 184 270 812 182 271 813 185 271 814 184 271 815 192 275 825 197 275 826 194 275 827 192 276 828 196 276 829 197 276 830 192 277 831 193 277 832 196 277 833 194 278 834 195 278 835 196 278 836 195 279 837 197 279 838 198 279 839 197 280 840 196 280 841 199 280 842 199 281 843 196 281 844 200 281 845 195 282 846 198 282 847 201 282 848 229 294 882 226 294 883 228 294 884 263 308 924 266 308 925 262 308 926 264 309 927 267 309 928 263 309 929 265 310 930 269 310 931 268 310 932 265 311 933 266 311 934 269 311 935 282 318 954 287 318 955 284 318 956 282 319 957 286 319 958 285 319 959 287 320 960 285 320 961 289 320 962 286 321 963 290 321 964 285 321 965 287 322 966 289 322 967 286 322 968 286 323 969 288 323 970 290 323 971 330 354 1062 328 354 1063 329 354 1064 328 355 1065 332 355 1066 329 355 1067 328 356 1068 331 356 1069 332 356 1070 329 357 1071 332 357 1072 334 357 1073 331 358 1074 334 358 1075 333 358 1076 282 409 1227 285 409 1228 287 409 1229 282 410 1230 283 410 1231 286 410 1232 283 411 1233 284 411 1234 286 411 1235 284 412 1236 287 412 1237 286 412 1238 289 413 1239 285 413 1240 290 413 1241 286 414 1242 289 414 1243 288 414 1244 330 429 1287 329 429 1288 334 429 1289 332 430 1290 331 430 1291 333 430 1292 331 431 1293 330 431 1294 334 431 1295 418 475 1425 419 475 1426 417 475 1427 418 476 1428 420 476 1429 419 476 1430 417 477 1431 421 477 1432 420 477 1433 420 478 1434 421 478 1435 419 478 1436 421 479 1437 422 479 1438 419 479 1439 417 480 1440 424 480 1441 423 480 1442 417 481 1443 422 481 1444 424 481 1445 449 494 1482 451 494 1483 448 494 1484 447 495 1485 450 495 1486 449 495 1487 449 496 1488 452 496 1489 451 496 1490 449 497 1491 450 497 1492 452 497 1493 452 498 1494 450 498 1495 455 498 1496 450 499 1497 453 499 1498 455 499 1499 451 500 1500 454 500 1501 453 500 1502 463 504 1512 464 504 1513 466 504 1514 467 505 1515 465 505 1516 464 505 1517 465 506 1518 470 506 1519 466 506 1520 467 507 1521 469 507 1522 468 507 1523 469 508 1524 471 508 1525 468 508 1526 465 509 1527 471 509 1528 470 509 1529 494 523 1569 493 523 1570 496 523 1571 495 524 1572 497 524 1573 493 524 1574 494 525 1575 496 525 1576 495 525 1577 495 526 1578 496 526 1579 499 526 1580 497 527 1581 496 527 1582 493 527 1583 495 528 1584 499 528 1585 497 528 1586 497 529 1587 498 529 1588 496 529 1589 500 530 1590 498 530 1591 497 530 1592 499 531 1593 500 531 1594 497 531 1595 532 551 1653 535 551 1654 534 551 1655 532 552 1656 536 552 1657 535 552 1658 533 553 1659 537 553 1660 536 553 1661 534 554 1662 535 554 1663 537 554 1664 535 555 1665 538 555 1666 537 555 1667 536 556 1668 537 556 1669 539 556 1670 421 562 1686 417 562 1687 423 562 1688 417 563 1689 419 563 1690 422 563 1691 422 564 1692 421 564 1693 423 564 1694 446 577 1731 449 577 1732 448 577 1733 447 578 1734 446 578 1735 450 578 1736 450 579 1737 446 579 1738 448 579 1739 450 580 1740 448 580 1741 453 580 1742 448 581 1743 451 581 1744 453 581 1745 451 582 1746 452 582 1747 454 582 1748 452 583 1749 455 583 1750 454 583 1751 462 587 1761 467 587 1762 464 587 1763 462 588 1764 466 588 1765 467 588 1766 462 589 1767 463 589 1768 466 589 1769 464 590 1770 465 590 1771 466 590 1772 465 591 1773 467 591 1774 468 591 1775 467 592 1776 466 592 1777 469 592 1778 469 593 1779 466 593 1780 470 593 1781 465 594 1782 468 594 1783 471 594 1784 499 606 1818 496 606 1819 498 606 1820 533 620 1860 536 620 1861 532 620 1862 534 621 1863 537 621 1864 533 621 1865 535 622 1866 539 622 1867 538 622 1868 535 623 1869 536 623 1870 539 623 1871 581 643 1929 585 643 1930 582 643 1931 582 644 1932 585 644 1933 586 644 1934 585 645 1935 587 645 1936 586 645 1937 585 646 1938 583 646 1939 587 646 1940 580 731 2193 582 731 2194 584 731 2195 580 732 2196 581 732 2197 582 732 2198 581 733 2199 584 733 2200 585 733 2201 582 734 2202 586 734 2203 584 734 2204 584 735 2205 583 735 2206 585 735 2207 584 736 2208 586 736 2209 583 736 2210 716 799 2397 720 799 2398 717 799 2399 717 800 2400 720 800 2401 721 800 2402 720 801 2403 722 801 2404 721 801 2405 720 802 2406 718 802 2407 722 802 2408 715 887 2661 717 887 2662 719 887 2663 715 888 2664 716 888 2665 717 888 2666 716 889 2667 719 889 2668 720 889 2669 717 890 2670 721 890 2671 719 890 2672 719 891 2673 718 891 2674 720 891 2675 719 892 2676 721 892 2677 718 892 2678 822 942 2826 823 942 2827 828 942 2828 822 943 2829 828 943 2830 824 943 2831 823 944 2832 825 944 2833 828 944 2834 824 945 2835 827 945 2836 825 945 2837 824 946 2838 826 946 2839 827 946 2840 827 947 2841 828 947 2842 825 947 2843 897 990 2970 895 990 2971 898 990 2972 898 991 2973 896 991 2974 897 991 2975 898 992 2976 902 992 2977 896 992 2978 823 1023 3069 824 1023 3070 825 1023 3071 824 1024 3072 828 1024 3073 826 1024 3074 895 1061 3183 896 1061 3184 899 1061 3185 895 1062 3186 899 1062 3187 898 1062 3188 896 1063 3189 902 1063 3190 899 1063 3191 898 1064 3192 899 1064 3193 900 1064 3194 899 1065 3195 901 1065 3196 900 1065 3197 899 1066 3198 902 1066 3199 901 1066 3200 898 1067 3201 900 1067 3202 902 1067 3203 1092 1254 3762 1097 1254 3763 1094 1254 3764 1092 1255 3765 1096 1255 3766 1095 1255 3767 1097 1256 3768 1095 1256 3769 1099 1256 3770 1096 1257 3771 1100 1257 3772 1095 1257 3773 1097 1258 3774 1099 1258 3775 1096 1258 3776 1096 1259 3777 1098 1259 3778 1100 1259 3779 1140 1290 3870 1138 1290 3871 1139 1290 3872 1138 1291 3873 1142 1291 3874 1139 1291 3875 1138 1292 3876 1141 1292 3877 1142 1292 3878 1139 1293 3879 1142 1293 3880 1144 1293 3881 1141 1294 3882 1144 1294 3883 1143 1294 3884 1092 1345 4035 1095 1345 4036 1097 1345 4037 1092 1346 4038 1093 1346 4039 1096 1346 4040 1093 1347 4041 1094 1347 4042 1096 1347 4043 1094 1348 4044 1097 1348 4045 1096 1348 4046 1099 1349 4047 1095 1349 4048 1100 1349 4049 1096 1350 4050 1099 1350 4051 1098 1350 4052 1140 1365 4095 1139 1365 4096 1144 1365 4097 1142 1366 4098 1141 1366 4099 1143 1366 4100 1141 1367 4101 1140 1367 4102 1144 1367 4103 1227 1410 4230 1228 1410 4231 1233 1410 4232 1227 1411 4233 1233 1411 4234 1229 1411 4235 1228 1412 4236 1230 1412 4237 1233 1412 4238 1229 1413 4239 1232 1413 4240 1230 1413 4241 1229 1414 4242 1231 1414 4243 1232 1414 4244 1232 1415 4245 1233 1415 4246 1230 1415 4247 1302 1458 4374 1300 1458 4375 1303 1458 4376 1303 1459 4377 1301 1459 4378 1302 1459 4379 1303 1460 4380 1307 1460 4381 1301 1460 4382 1228 1491 4473 1229 1491 4474 1230 1491 4475 1229 1492 4476 1233 1492 4477 1231 1492 4478 1300 1529 4587 1301 1529 4588 1304 1529 4589 1300 1530 4590 1304 1530 4591 1303 1530 4592 1301 1531 4593 1307 1531 4594 1304 1531 4595 1303 1532 4596 1304 1532 4597 1305 1532 4598 1304 1533 4599 1306 1533 4600 1305 1533 4601 1304 1534 4602 1307 1534 4603 1306 1534 4604 1303 1535 4605 1305 1535 4606 1307 1535 4607 1362 1566 4698 1363 1566 4699 1368 1566 4700 1362 1567 4701 1368 1567 4702 1364 1567 4703 1363 1568 4704 1365 1568 4705 1368 1568 4706 1364 1569 4707 1367 1569 4708 1365 1569 4709 1364 1570 4710 1366 1570 4711 1367 1570 4712 1367 1571 4713 1368 1571 4714 1365 1571 4715 1437 1614 4842 1435 1614 4843 1438 1614 4844 1438 1615 4845 1436 1615 4846 1437 1615 4847 1438 1616 4848 1442 1616 4849 1436 1616 4850 1363 1647 4941 1364 1647 4942 1365 1647 4943 1364 1648 4944 1368 1648 4945 1366 1648 4946 1435 1685 5055 1436 1685 5056 1439 1685 5057 1435 1686 5058 1439 1686 5059 1438 1686 5060 1436 1687 5061 1442 1687 5062 1439 1687 5063 1438 1688 5064 1439 1688 5065 1440 1688 5066 1439 1689 5067 1441 1689 5068 1440 1689 5069 1439 1690 5070 1442 1690 5071 1441 1690 5072 1438 1691 5073 1440 1691 5074 1442 1691 5075 1499 1722 5166 1500 1722 5167 1497 1722 5168 1498 1723 5169 1500 1723 5170 1501 1723 5171 1500 1724 5172 1503 1724 5173 1502 1724 5174 1499 1725 5175 1501 1725 5176 1504 1725 5177 1501 1726 5178 1502 1726 5179 1504 1726 5180 1584 1775 5325 1583 1775 5326 1587 1775 5327 1586 1776 5328 1585 1776 5329 1583 1776 5330 1586 1777 5331 1588 1777 5332 1585 1777 5333 1586 1778 5334 1584 1778 5335 1588 1778 5336 1585 1779 5337 1587 1779 5338 1583 1779 5339 1584 1780 5340 1587 1780 5341 1588 1780 5342 1587 1781 5343 1589 1781 5344 1588 1781 5345 1585 1782 5346 1588 1782 5347 1590 1782 5348 1497 1804 5412 1500 1804 5413 1498 1804 5414 1498 1805 5415 1501 1805 5416 1499 1805 5417 1499 1806 5418 1503 1806 5419 1500 1806 5420 1501 1807 5421 1500 1807 5422 1502 1807 5423 1503 1808 5424 1499 1808 5425 1504 1808 5426 1587 1851 5553 1590 1851 5554 1589 1851 5555 1587 1852 5556 1585 1852 5557 1590 1852 5558 1632 1878 5634 1633 1878 5635 1638 1878 5636 1632 1879 5637 1638 1879 5638 1634 1879 5639 1633 1880 5640 1635 1880 5641 1638 1880 5642 1634 1881 5643 1637 1881 5644 1635 1881 5645 1634 1882 5646 1636 1882 5647 1637 1882 5648 1637 1883 5649 1638 1883 5650 1635 1883 5651 1707 1926 5778 1705 1926 5779 1708 1926 5780 1708 1927 5781 1706 1927 5782 1707 1927 5783 1708 1928 5784 1712 1928 5785 1706 1928 5786 1633 1959 5877 1634 1959 5878 1635 1959 5879 1634 1960 5880 1638 1960 5881 1636 1960 5882 1705 1997 5991 1706 1997 5992 1709 1997 5993 1705 1998 5994 1709 1998 5995 1708 1998 5996 1706 1999 5997 1712 1999 5998 1709 1999 5999 1708 2000 6000 1709 2000 6001 1710 2000 6002 1709 2001 6003 1711 2001 6004 1710 2001 6005 1709 2002 6006 1712 2002 6007 1711 2002 6008 1708 2003 6009 1710 2003 6010 1712 2003 6011 2173 2503 7509 2174 2503 7510 2172 2503 7511 2173 2504 7512 2175 2504 7513 2174 2504 7514 2172 2505 7515 2176 2505 7516 2175 2505 7517 2175 2506 7518 2176 2506 7519 2174 2506 7520 2176 2507 7521 2177 2507 7522 2174 2507 7523 2172 2508 7524 2179 2508 7525 2178 2508 7526 2172 2509 7527 2177 2509 7528 2179 2509 7529 2204 2522 7566 2206 2522 7567 2203 2522 7568 2202 2523 7569 2205 2523 7570 2204 2523 7571 2204 2524 7572 2207 2524 7573 2206 2524 7574 2204 2525 7575 2205 2525 7576 2207 2525 7577 2207 2526 7578 2205 2526 7579 2210 2526 7580 2205 2527 7581 2208 2527 7582 2210 2527 7583 2206 2528 7584 2209 2528 7585 2208 2528 7586 2218 2532 7596 2219 2532 7597 2221 2532 7598 2222 2533 7599 2220 2533 7600 2219 2533 7601 2220 2534 7602 2225 2534 7603 2221 2534 7604 2222 2535 7605 2224 2535 7606 2223 2535 7607 2224 2536 7608 2226 2536 7609 2223 2536 7610 2220 2537 7611 2226 2537 7612 2225 2537 7613 2249 2551 7653 2248 2551 7654 2251 2551 7655 2250 2552 7656 2252 2552 7657 2248 2552 7658 2249 2553 7659 2251 2553 7660 2250 2553 7661 2250 2554 7662 2251 2554 7663 2254 2554 7664 2252 2555 7665 2251 2555 7666 2248 2555 7667 2250 2556 7668 2254 2556 7669 2252 2556 7670 2252 2557 7671 2253 2557 7672 2251 2557 7673 2255 2558 7674 2253 2558 7675 2252 2558 7676 2254 2559 7677 2255 2559 7678 2252 2559 7679 2287 2579 7737 2290 2579 7738 2289 2579 7739 2287 2580 7740 2291 2580 7741 2290 2580 7742 2288 2581 7743 2292 2581 7744 2291 2581 7745 2289 2582 7746 2290 2582 7747 2292 2582 7748 2290 2583 7749 2293 2583 7750 2292 2583 7751 2291 2584 7752 2292 2584 7753 2294 2584 7754 2176 2590 7770 2172 2590 7771 2178 2590 7772 2172 2591 7773 2174 2591 7774 2177 2591 7775 2177 2592 7776 2176 2592 7777 2178 2592 7778 2201 2605 7815 2204 2605 7816 2203 2605 7817 2202 2606 7818 2201 2606 7819 2205 2606 7820 2205 2607 7821 2201 2607 7822 2203 2607 7823 2205 2608 7824 2203 2608 7825 2208 2608 7826 2203 2609 7827 2206 2609 7828 2208 2609 7829 2206 2610 7830 2207 2610 7831 2209 2610 7832 2207 2611 7833 2210 2611 7834 2209 2611 7835 2217 2615 7845 2222 2615 7846 2219 2615 7847 2217 2616 7848 2221 2616 7849 2222 2616 7850 2217 2617 7851 2218 2617 7852 2221 2617 7853 2219 2618 7854 2220 2618 7855 2221 2618 7856 2220 2619 7857 2222 2619 7858 2223 2619 7859 2222 2620 7860 2221 2620 7861 2224 2620 7862 2224 2621 7863 2221 2621 7864 2225 2621 7865 2220 2622 7866 2223 2622 7867 2226 2622 7868 2254 2634 7902 2251 2634 7903 2253 2634 7904 2288 2648 7944 2291 2648 7945 2287 2648 7946 2289 2649 7947 2292 2649 7948 2288 2649 7949 2290 2650 7950 2294 2650 7951 2293 2650 7952 2290 2651 7953 2291 2651 7954 2294 2651 7955 2309 2658 7974 2310 2658 7975 2307 2658 7976 2308 2659 7977 2310 2659 7978 2311 2659 7979 2310 2660 7980 2313 2660 7981 2312 2660 7982 2309 2661 7983 2311 2661 7984 2314 2661 7985 2311 2662 7986 2312 2662 7987 2314 2662 7988 2394 2711 8133 2393 2711 8134 2397 2711 8135 2396 2712 8136 2395 2712 8137 2393 2712 8138 2396 2713 8139 2398 2713 8140 2395 2713 8141 2396 2714 8142 2394 2714 8143 2398 2714 8144 2395 2715 8145 2397 2715 8146 2393 2715 8147 2394 2716 8148 2397 2716 8149 2398 2716 8150 2397 2717 8151 2399 2717 8152 2398 2717 8153 2395 2718 8154 2398 2718 8155 2400 2718 8156 2307 2740 8220 2310 2740 8221 2308 2740 8222 2308 2741 8223 2311 2741 8224 2309 2741 8225 2309 2742 8226 2313 2742 8227 2310 2742 8228 2311 2743 8229 2310 2743 8230 2312 2743 8231 2313 2744 8232 2309 2744 8233 2314 2744 8234 2397 2787 8361 2400 2787 8362 2399 2787 8363 2397 2788 8364 2395 2788 8365 2400 2788 8366 2442 2814 8442 2443 2814 8443 2448 2814 8444 2442 2815 8445 2448 2815 8446 2444 2815 8447 2443 2816 8448 2445 2816 8449 2448 2816 8450 2444 2817 8451 2447 2817 8452 2445 2817 8453 2444 2818 8454 2446 2818 8455 2447 2818 8456 2447 2819 8457 2448 2819 8458 2445 2819 8459 2517 2862 8586 2515 2862 8587 2518 2862 8588 2518 2863 8589 2516 2863 8590 2517 2863 8591 2518 2864 8592 2522 2864 8593 2516 2864 8594 2443 2895 8685 2444 2895 8686 2445 2895 8687 2444 2896 8688 2448 2896 8689 2446 2896 8690 2515 2933 8799 2516 2933 8800 2519 2933 8801 2515 2934 8802 2519 2934 8803 2518 2934 8804 2516 2935 8805 2522 2935 8806 2519 2935 8807 2518 2936 8808 2519 2936 8809 2520 2936 8810 2519 2937 8811 2521 2937 8812 2520 2937 8813 2519 2938 8814 2522 2938 8815 2521 2938 8816 2518 2939 8817 2520 2939 8818 2522 2939 8819</p>
        </triangles>
      </mesh>
    </geometry>
  </library_geometries>
  <library_visual_scenes>
    <visual_scene id="Scene">
      <node id="Node" type="NODE">
        <instance_geometry url="#geometry">
          <bind_material>
            <technique_common>
              <instance_material symbol="m0" target="#m0">
                <bind_vertex_input semantic="UVSET0" input_semantic="TEXCOORD" input_set="0" />
              </instance_material>
              <instance_material symbol="m1" target="#m1">
                <bind_vertex_input semantic="UVSET0" input_semantic="TEXCOORD" input_set="0" />
              </instance_material>
              <instance_material symbol="m2" target="#m2">
                <bind_vertex_input semantic="UVSET0" input_semantic="TEXCOORD" input_set="0" />
              </instance_material>
              <instance_material symbol="m3" target="#m3">
                <bind_vertex_input semantic="UVSET0" input_semantic="TEXCOORD" input_set="0" />
              </instance_material>
              <instance_material symbol="m4" target="#m4">
                <bind_vertex_input semantic="UVSET0" input_semantic="TEXCOORD" input_set="0" />
              </instance_material>
              <instance_material symbol="m5" target="#m5">
                <bind_vertex_input semantic="UVSET0" input_semantic="TEXCOORD" input_set="0" />
              </instance_material>
            </technique_common>
          </bind_material>
        </instance_geometry>
      </node>
    </visual_scene>
  </library_visual_scenes>
  <scene>
    <instance_visual_scene url="#Scene" />
  </scene>
</COLLADA>