<?xml version='1.0' encoding='utf-8'?>
<COLLADA xmlns="http://www.collada.org/2005/11/COLLADASchema" version="1.4.1">
  <asset>
    <created>2026-09-15T00:00:00Z</created>
    <modified>2026-09-15T00:00:00Z</modified>
    <unit name="meter" meter="1" />
    <up_axis>Z_UP</up_axis>
  </asset>
  <library_images />
  <library_effects>
    <effect id="e0">
      <profile_COMMON>
        <technique sid="common">
          <phong>
            <ambient>
              <color>0.1755 0.18 0.1485 1</color>
            </ambient>
            <diffuse>
              <color>0.39 0.4 0.33 1</color>
            </diffuse>
            <specular>
              <color>0.02 0.02 0.02 1</color>
            </specular>
            <shininess>
              <float>8</float>
            </shininess>
          </phong>
        </technique>
      </profile_COMMON>
    </effect>
    <effect id="e1">
      <profile_COMMON>
        <technique sid="common">
          <phong>
            <ambient>
              <color>0.045 0.09 0.06075 1</color>
            </ambient>
            <diffuse>
              <color>0.1 0.2 0.135 1</color>
            </diffuse>
            <specular>
              <color>0.02 0.02 0.02 1</color>
            </specular>
            <shininess>
              <float>8</float>
            </shininess>
          </phong>
        </technique>
      </profile_COMMON>
    </effect>
    <effect id="e2">
      <profile_COMMON>
        <technique sid="common">
          <phong>
            <ambient>
              <color>0.0765 0.1215 0.0765 1</color>
            </ambient>
            <diffuse>
              <color>0.17 0.27 0.17 1</color>
            </diffuse>
            <specular>
              <color>0.02 0.02 0.02 1</color>
            </specular>
            <shininess>
              <float>8</float>
            </shininess>
          </phong>
        </technique>
      </profile_COMMON>
    </effect>
    <effect id="e3">
      <profile_COMMON>
        <technique sid="common">
          <phong>
            <ambient>
              <color>0.099 0.1395 0.09225 1</color>
            </ambient>
            <diffuse>
              <color>0.22 0.31 0.205 1</color>
            </diffuse>
            <specular>
              <color>0.02 0.02 0.02 1</color>
            </specular>
            <shininess>
              <float>8</float>
            </shininess>
          </phong>
        </technique>
      </profile_COMMON>
    </effect>
    <effect id="e4">
      <profile_COMMON>
        <technique sid="common">
          <phong>
            <ambient>
              <color>0.054 0.1035 0.09 1</color>
            </ambient>
            <diffuse>
              <color>0.12 0.23 0.2 1</color>
            </diffuse>
            <specular>
              <color>0.02 0.02 0.02 1</color>
            </specular>
            <shininess>
              <float>8</float>
            </shininess>
          </phong>
        </technique>
      </profile_COMMON>
    </effect>
    <effect id="e5">
      <profile_COMMON>
        <technique sid="common">
          <phong>
            <ambient>
              <color>0.126 0.1485 0.0855 1</color>
            </ambient>
            <diffuse>
              <color>0.28 0.33 0.19 1</color>
            </diffuse>
            <specular>
              <color>0.02 0.02 0.02 1</color>
            </specular>
            <shininess>
              <float>8</float>
            </shininess>
          </phong>
        </technique>
      </profile_COMMON>
    </effect>
  </library_effects>
  <library_materials>
    <material id="m0" name="m0">
      <instance_effect url="#e0" />
    </material>
    <material id="m1" name="m1">
      <instance_effect url="#e1" />
    </material>
    <material id="m2" name="m2">
      <instance_effect url="#e2" />
    </material>
    <material id="m3" name="m3">
      <instance_effect url="#e3" />
    </material>
    <material id="m4" name="m4">
      <instance_effect url="#e4" />
    </material>
    <material id="m5" name="m5">
      <instance_effect url="#e5" />
    </material>
  </library_materials>
  <library_geometries>
    <geometry id="geometry" name="forest_21_19">
      <mesh>
        <source id="positions">
          <float_array id="positions-array" count="2835">11.20486 -3.637624 -1.788791 11.17737 -3.569104 -1.791055 11.13969 -3.641934 -1.790409 11.14264 -3.597181 -0.5007 11.1468 -3.573001 -0.5010536 11.12353 -3.584427 -0.5014204 11.16635 -3.607264 -0.8923012 11.16065 -3.587531 -0.9130845 11.14041 -3.605013 -0.8944972 11.1626 -3.144639 -0.4863113 11.15772 -3.140581 -0.4905218 11.15568 -3.145922 -0.4849073 11.15862 -3.14363 -0.296472 11.15795 -3.143141 -0.2892687 11.23963 -3.124732 -0.4709815 11.20792 -3.403756 -0.4527829 11.15839 -3.143492 -0.6699664 11.15873 -3.143891 -0.6608032 11.15177 -3.142157 -0.5386609 11.17273 -3.602048 -0.9467085 11.14824 -3.583601 -0.946623 11.14381 -3.608828 -0.9593507 10.99488 -3.820141 -0.4855336 10.99598 -3.813836 -0.4823478 10.98875 -3.815534 -0.4855018 10.99315 -3.816448 -0.2835849 10.99221 -3.814031 -0.2466694 10.99301 -3.81672 -0.2411489 10.58991 -3.86616 -0.4278247 11.3792 -3.797319 -0.3991125 10.98995 -4.22122 -0.5139608 10.99218 -3.816765 -0.7293208 10.9932 -3.816705 -0.7020152 10.98735 -3.525653 -0.8044868 11.15985 -3.615358 -1.211087 11.16944 -3.591498 -1.21582 11.14231 -3.588329 -1.204639 11.51811 -3.575202 -0.3855407 11.51822 -3.568017 -0.38581 11.51172 -3.570931 -0.3829992 11.51502 -3.570694 -0.1240048 11.51341 -3.576046 -0.1200188 11.51596 -3.571439 -0.1747647 11.88341 -3.552385 -0.3788375 11.38942 -3.904746 -0.4222254 11.52 -3.369483 -0.4833657 11.51597 -3.571422 -0.5749067 11.5161 -3.571359 -0.5868711 11.16808 -3.608629 -0.888971 11.15464 -3.581293 -0.8962777 11.14468 -3.611736 -0.8936317 10.98063 -3.469888 -0.1116818 10.97485 -3.466061 -0.11355 10.97346 -3.473558 -0.1126699 10.97632 -3.46991 0.08160859 10.97012 -3.470029 0.1344863 11.19624 -3.517042 0.05368577 10.97645 -3.469576 0.1185107 10.83 -3.247233 -0.1773617 10.84855 -3.793929 -0.1888227 10.9763 -3.469915 -0.3576664 10.98057 -3.474317 -0.3236618 10.97662 -3.469706 -0.3398527 11.17077 -3.599312 -0.9038089 11.14463 -3.593513 -0.8832837 11.14605 -3.607019 -0.9073197 11.2867 -4.15875 -0.5931011 11.28416 -4.155689 -0.5867229 11.27932 -4.159381 -0.5912458 11.28105 -4.160685 -0.3635967 11.28343 -4.157955 -0.3576894 11.28339 -4.157946 -0.2979723 11.24776 -3.925175 -0.3523102 11.63332 -4.328046 -0.6023019 11.03429 -4.357598 -0.8196555 11.29154 -3.821053 -0.752871 11.28325 -4.157909 -0.842529 11.28338 -4.157981 -0.832357 11.28344 -4.158003 -0.8119962 11.17274 -3.602367 -1.180672 11.14822 -3.583905 -1.181905 11.14376 -3.608256 -1.167591 11.41933 -3.204273 -0.4573297 11.41565 -3.199656 -0.4584702 11.41194 -3.205131 -0.454341 11.41523 -3.203249 -0.2060685 11.41732 -3.220475 -0.2879917 11.41654 -3.20357 -0.206789 11.46828 -2.880157 -0.4943359 11.07897 -3.214853 -0.4409384 11.41506 -3.203153 -0.6901029 11.41527 -3.203426 -0.6957068 11.4125 -3.207118 -0.6617008 11.17213 -3.600769 -1.033906 11.1483 -3.582921 -1.041257 11.14434 -3.610788 -1.047028 10.83898 -3.709673 -0.308763 10.83218 -3.708722 -0.3114515 10.83363 -3.715089 -0.31179 10.83541 -3.711298 -0.1075196 10.83545 -3.7113 -0.1068306 10.47757 -3.711355 -0.2553319 10.83888 -3.705892 -0.0458698 10.84031 -3.702824 -0.4545154 10.84203 -4.02155 -0.3122901 11.03555 -3.711558 -0.3961149 10.83513 -3.71172 -0.5504556 11.16979 -3.599257 -1.142342 11.15185 -3.582214 -1.128 11.14453 -3.613504 -1.132457 11.56746 -3.80164 -0.4175401 11.56167 -3.797869 -0.4133819 11.56102 -3.804856 -0.4149188 11.56138 -3.801502 -0.1750256 11.56346 -3.801414 -0.2371954 11.57159 -4.058081 -0.4108933 11.49721 -3.574041 -0.4364826 11.56798 -3.799867 -0.3125692 11.56262 -3.801343 -0.6196827 11.56779 -3.80051 -0.6452971 11.5635 -3.801385 -0.5817453 11.15549 -3.609353 -0.9551399 11.16833 -3.588719 -0.9760777 11.14093 -3.596973 -0.9785826 11.00098 -3.178044 -0.6602388 10.99933 -3.173648 -0.6668046 10.99476 -3.177395 -0.66408 10.99644 -3.174383 -0.4332543 10.99942 -3.17565 -0.4122269 10.7557 -3.32803 -0.6891338 11.0228 -3.241187 -0.355241 11.04473 -2.923292 -0.7450947 10.99859 -3.176257 -0.8965393 11.00381 -3.179971 -0.9113837 10.99887 -3.176363 -0.9126171 18.96294 -7.560032 -1.772164 19.04524 -7.539397 -1.774859 18.96818 -7.485162 -1.774091 19.01868 -7.495485 -0.2391531 19.04556 -7.503981 -0.2395739 19.03618 -7.475707 -0.2400105 18.99672 -7.517587 -1.006614 19.02862 -7.521393 -1.014503 19.02116 -7.49036 -0.9992409 19.18914 -7.919931 -0.06178034 19.19774 -7.922323 -0.06451016 19.19544 -7.914693 -0.06067614 19.19412 -7.919088 0.2436863 19.19411 -7.919069 0.2156058 19.19415 -7.919045 0.2489358 18.77731 -8.079188 -0.0215367 19.30774 -8.207601 0.04239077 19.36767 -7.48635 -0.007169332 19.19418 -7.919064 -0.3230293 19.19358 -7.918283 -0.3718678 19.19381 -7.919216 -0.4114514 18.99671 -7.51416 -1.009037 19.03344 -7.517878 -1.011003 19.00986 -7.491466 -1.017985 19.10344 -7.148349 0.06997988 19.11227 -7.146949 0.06874304 19.10866 -7.141273 0.0670931 19.11256 -7.139011 0.3934716 19.11174 -7.147271 0.2231142 19.10108 -7.151557 0.2796254 18.7864 -6.850481 0.004092548 19.27678 -6.984244 -0.1900371 19.1075 -7.145714 -0.1537792 19.10734 -7.145926 -0.2126443 19.10785 -7.148408 -0.2076502 19.01219 -7.525934 -0.8798166 19.02847 -7.501997 -0.8565946 18.9993 -7.501509 -0.878013 18.4988 -7.835854 -0.1636494 18.50349 -7.831009 -0.1578979 18.49689 -7.827109 -0.161006 18.49972 -7.831451 0.09333117 18.49972 -7.831273 0.07762968 18.80774 -7.528095 -0.09936409 18.35116 -7.455604 -0.1706223 18.07859 -7.842688 -0.1247423 18.49982 -7.831304 0.0665981 18.53858 -8.236246 -0.10405 18.72919 -8.030979 -0.4030736 18.49969 -7.831348 -0.3658859 18.49966 -7.831352 -0.3941239 18.49955 -7.831428 -0.383382 19.01103 -7.529265 -0.7183352 19.02879 -7.496448 -0.7228169 18.99891 -7.503646 -0.708432 19.24117 -7.575654 -0.2533521 19.24825 -7.577488 -0.2572263 19.24723 -7.568922 -0.255473 19.25519 -7.557512 -0.01902863 19.58557 -7.344315 -0.2481525 19.2337 -7.594668 -0.1135545 19.11628 -7.740749 -0.2848258 19.22042 -7.561588 -0.4517366 19.24553 -7.573946 -0.4336796 19.24564 -7.574076 -0.4917593 19.00679 -7.527444 -0.8292106 19.03325 -7.513489 -0.8261699 19.01162 -7.491941 -0.8413892 18.72214 -7.161 0.09982547 18.72984 -7.162066 0.1026716 18.72837 -7.154092 0.09914406 18.72694 -7.158857 0.2996913 18.72643 -7.158629 0.3302776 18.72672 -7.158999 0.3018218 18.49822 -7.498267 0.160938 19.07121 -7.302492 0.1487809 18.78228 -6.863536 0.00597431 18.72801 -7.159486 -0.1646367 18.72612 -7.159253 -0.12292 18.72673 -7.158963 -0.08213674 19.01746 -7.527806 -1.065299 19.02877 -7.496552 -1.051174 19.00116 -7.496926 -1.053086 18.96045 -7.887488 -0.162982 18.96559 -7.881643 -0.1601699 18.95706 -7.87941 -0.1597422 18.96091 -7.882839 0.08298804 18.96093 -7.882863 0.1190562 19.31319 -7.659975 -0.1625043 18.96091 -7.88296 0.1137242 18.5767 -7.834182 -0.1605009 19.07691 -8.359126 -0.231232 18.96082 -7.882967 -0.450201 18.96094 -7.882847 -0.4801857 18.96094 -7.882847 -0.4183283 18.99678 -7.506495 -0.6786858 19.02865 -7.523632 -0.6855388 19.0278 -7.497489 -0.6946122 19.23282 -7.321685 -0.1404923 19.2383 -7.318946 -0.1437329 19.23163 -7.312956 -0.1431896 19.23381 -7.31736 0.08193438 19.24825 -7.304962 0.08534086 19.25069 -7.321396 -0.2545916 19.47052 -7.233227 -0.1871565 19.22421 -7.317083 -0.09402131 19.23318 -7.316377 -0.388492 19.23383 -7.317411 -0.3892405 18.99722 -7.510615 -0.9107051 19.02532 -7.526503 -0.8965447 19.02351 -7.49138 -0.8972514 18.43029 -7.518025 0.2692394 18.43902 -7.517169 0.2736657 18.43376 -7.5116 0.2710476 18.41269 -7.504528 0.5003938 18.43434 -7.515925 0.5519717 18.43471 -7.516917 0.5190765 18.74692 -7.70101 0.2044621 18.42889 -7.509477 0.02350626 18.08392 -7.623248 0.2701708 18.43476 -7.516954 0.0152826 18.43498 -7.516935 0.03427903 19.0012 -7.523061 -0.6049023 19.03346 -7.505128 -0.6130247 19.0134 -7.493264 -0.5938058 19.40464 -7.917013 0.07640975 19.41194 -7.917963 0.07148502 19.41171 -7.910956 0.07591095 19.40367 -7.903216 0.1788065 19.56844 -7.8763 0.2695673 19.40962 -7.914835 0.411406 19.40922 -7.915514 0.4654566 19.34689 -8.108857 0.05216632 19.40891 -7.914777 -0.2934929 19.40985 -7.916397 -0.2784322 18.87484 -6.882908 -1.948915 18.93892 -6.89761 -1.951319 18.90479 -6.833058 -1.950634 18.93602 -6.857948 -0.5811592 18.9516 -6.873271 -0.5815346 18.95506 -6.850447 -0.5819241 18.92532 -6.88103 -1.26016 18.94337 -6.862001 -1.263479 18.92231 -6.852435 -1.266766 18.88192 -6.677563 -0.1397791 18.88679 -6.682766 -0.1383432 18.88818 -6.67618 -0.1397673 18.88567 -6.679257 0.08256922 18.88553 -6.678995 0.0439627 18.88535 -6.679048 0.07933193 18.83125 -6.957781 -0.1372729 19.17907 -6.59545 -0.1816397 18.6737 -6.471127 -0.1200067 18.88563 -6.678906 -0.375375 18.8844 -6.678587 -0.3528715 18.88562 -6.678929 -0.3260581 18.92122 -6.876147 -1.109026 18.94428 -6.869815 -1.09354 18.92027 -6.853738 -1.094607 18.65976 -7.226645 -0.3624372 18.66646 -7.229302 -0.3609408 18.66359 -7.223715 -0.3586181 18.69568 -7.203793 -0.3544962 18.66366 -7.226966 -0.1771009 18.66292 -7.226962 -0.1461323 18.63899 -7.017907 -0.3186346 18.69363 -7.242818 -0.5698317 18.67383 -7.211724 -0.5018429 18.6637 -7.227057 -0.5674005 18.91884 -6.855775 -1.221815 18.93132 -6.881953 -1.226065 18.94152 -6.862566 -1.235241 19.19405 -6.807266 -0.6524829 19.19996 -6.810461 -0.6558286 19.19818 -6.804129 -0.6555506 19.19749 -6.807788 -0.4444327 19.19749 -6.80778 -0.4622384 18.94286 -6.871609 -0.5426761 19.2021 -6.808712 -0.8151328 19.19922 -6.806097 -0.4548114 19.12423 -7.008675 -0.6634884 19.19847 -6.802909 -0.7891671 19.19749 -6.807789 -0.8802667 18.91963 -6.864109 -1.05638 18.9322 -6.876692 -1.029293 18.93593 -6.852975 -1.041958 18.45738 -6.610484 -0.590146 18.4586 -6.615682 -0.5844771 18.46171 -6.609599 -0.5847493 18.45902 -6.611634 -0.3116781 18.73262 -6.395259 -0.6263505 18.4592 -6.611957 -0.3525272 18.34236 -6.880489 -0.5988922 18.45963 -6.61184 -0.3124817 18.16427 -6.385887 -0.6084974 18.45909 -6.611942 -0.8218085 18.46031 -6.613057 -0.8520565 18.45911 -6.61199 -0.8593012 18.91833 -6.876498 -1.274742 18.93962 -6.875198 -1.277246 18.92973 -6.852829 -1.261606 18.99581 -7.150424 -0.663543 19.00264 -7.150996 -0.6650118 18.99844 -7.146179 -0.6612812 18.99944 -7.149321 -0.5095217 18.99996 -7.14944 -0.4524587 18.84884 -7.148995 -0.6691575 19.07632 -7.429 -0.6316283 19.00152 -7.150724 -0.4264616 19.00274 -7.149772 -0.8870296 19.04499 -6.900932 -0.742646 18.99944 -7.149319 -0.8315342 18.99944 -7.149334 -0.8311673 18.91529 -6.870567 -0.9244198 18.93709 -6.878558 -0.9247693 18.92993 -6.853923 -0.9407311 18.99887 -6.673602 -0.5712611 19.00234 -6.677881 -0.5691129 19.00595 -6.673687 -0.5732016 19.00503 -6.676162 -0.3730407 19.00336 -6.670782 -0.4155667 19.00082 -6.676628 -0.3679583 18.84223 -6.447529 -0.6800804 19.00103 -6.679106 -0.7609464 19.00262 -6.674713 -0.7709416 18.98449 -6.690775 -0.755494 18.91989 -6.877032 -0.8663059 18.94362 -6.870534 -0.8524317 18.92223 -6.852169 -0.8597306 18.68092 -6.969771 -0.2258789 18.68674 -6.967809 -0.2224046 18.68259 -6.963037 -0.2235561 18.68229 -6.967742 0.08747677 18.68514 -6.965296 0.0842444 18.37204 -7.014938 -0.23933 18.68072 -6.966167 0.08922333 18.68272 -6.966203 -0.5190413 18.955 -7.070607 -0.2690737 18.68432 -6.963252 -0.3392897 18.6834 -6.966837 -0.4816416 18.91687 -6.860633 -1.186663 18.93094 -6.882045 -1.202278 18.93894 -6.855916 -1.200801 19.35721 -7.03345 -0.3541659 19.361 -7.037489 -0.3579106 19.36329 -7.031045 -0.3577579 19.36052 -7.033919 -0.1439431 19.35943 -7.034086 -0.1128206 19.35994 -7.033198 -0.1009497 19.10083 -7.18654 -0.4158393 19.31591 -6.690628 -0.394724 19.63816 -7.090408 -0.3684551 19.36048 -7.033321 -0.6049417 19.36032 -7.034141 -0.5866839 19.36051 -7.033925 -0.5382484 18.92687 -6.880563 -1.170983 18.93966 -6.856165 -1.179674 18.91895 -6.857186 -1.186013 18.80126 -6.667818 -0.676172 18.80665 -6.671301 -0.6725237 18.80587 -6.665089 -0.6760741 18.80473 -6.668498 -0.4500894 18.80474 -6.668504 -0.4447603 18.82328 -6.676452 -0.4448031 18.90214 -6.455759 -0.6426476 18.5449 -6.734738 -0.6204941 18.95149 -6.923529 -0.7712735 18.80514 -6.666808 -0.9384525 18.80145 -6.66798 -0.9507086 18.80471 -6.668518 -0.8822777 18.59385 -8.462548 -1.665601 18.58208 -8.580158 -1.669558 18.68951 -8.504724 -1.66843 18.65217 -8.566048 0.5852366 18.62835 -8.597283 0.5846187 18.66984 -8.598313 0.5839777 18.63866 -8.526195 -0.394774 18.61073 -8.566363 -0.4002143 18.65554 -8.573641 -0.4085294 18.85744 -8.905045 1.31176 18.84995 -8.914735 1.310569 18.86282 -8.914797 1.308656 18.85673 -8.911704 1.663422 18.85796 -8.91205 1.762778 18.70756 -8.837831 1.550503 19.08066 -8.354627 1.428552 19.28374 -9.322572 1.143288 18.85772 -8.911264 0.8578299 18.62172 -8.60895 0.9555611 18.8566 -8.912001 0.917885 18.62524 -8.532498 -0.2789441 18.6185 -8.573073 -0.2537687 18.66268 -8.550183 -0.2721723 18.76493 -7.807764 1.123016 18.75615 -7.815701 1.128745 18.76831 -7.817472 1.128543 18.76285 -7.817031 1.52462 19.26053 -7.776421 1.106038 18.76444 -7.808745 1.372367 18.58835 -8.257781 1.062054 18.75918 -7.818031 0.7518287 18.76375 -7.811715 0.7959978 18.73819 -7.815043 1.087009 18.63733 -8.528838 -0.2153085 18.61014 -8.565669 -0.2343648 18.6592 -8.569324 -0.2166269 18.26491 -8.780415 0.8919934 18.25862 -8.790008 0.8873105 18.26935 -8.792561 0.8907837 18.26441 -8.787486 1.273437 18.26436 -8.787548 1.261914 18.40667 -9.099165 1.21535 18.264 -8.787366 1.324278 17.68637 -8.898264 0.8694484 18.70144 -8.484346 0.5961369 18.33928 -8.306185 0.9975984 18.27345 -8.791662 0.4561742 18.26438 -8.787586 0.5506205 18.26429 -8.787501 0.4605813 18.61363 -8.555557 -0.3183491 18.6459 -8.57853 -0.3461602 18.65339 -8.537447 -0.3497287 19.55676 -8.619814 0.9428933 19.55152 -8.630401 0.9465256 19.5618 -8.629162 0.9381599 19.55667 -8.626583 1.243776 19.55667 -8.626755 1.278878 20.08119 -8.836186 1.06678 19.55668 -8.626579 1.262928 19.42978 -8.644951 1.331052 20.07543 -8.482195 0.8650938 19.18703 -9.090445 0.8415868 19.5466 -8.603165 0.6803752 19.55669 -8.626499 0.5536936 19.55667 -8.626583 0.5360878 18.61491 -8.542259 -0.4108427 18.63169 -8.582727 -0.3871251 18.65871 -8.539221 -0.3961277 18.32855 -8.182752 0.5607662 18.32033 -8.189221 0.5605788 18.3293 -8.194822 0.5662448 18.3265 -8.176295 0.6484996 18.31536 -8.197191 0.9792838 18.32639 -8.189814 0.9142048 18.54272 -8.86298 0.5299066 18.70689 -7.982236 0.5253511 18.32953 -8.187968 0.1727423 18.3269 -8.189288 0.2405308 18.31125 -8.194434 0.4869266 18.64146 -8.537564 0.08763759 18.60764 -8.557381 0.06214607 18.65693 -8.569149 0.05131519 18.60667 -8.999583 0.5017612 18.61053 -9.007458 0.4926602 18.61899 -9.002512 0.4990407 18.61201 -9.003161 0.803132 18.61343 -9.005233 0.8922936 19.02422 -9.340262 0.4756878 18.61133 -9.003856 0.8783519 18.6239 -8.985702 0.4695395 18.64945 -8.973505 0.3861175 18.58249 -9.119206 0.4309286 18.61381 -8.538658 -0.6631915 18.63256 -8.583389 -0.6546797 18.65881 -8.541953 -0.6729167 18.89567 -8.232459 0.5792396 18.88836 -8.237912 0.5825659 18.89894 -8.244631 0.5819633 18.89407 -8.240681 1.071427 18.89129 -8.236442 0.9789091 19.31595 -8.427596 0.4720899 18.89767 -8.23511 1.034726 18.58511 -8.530977 0.3446867 18.89531 -8.232035 0.2027622 18.89489 -8.238703 0.1379735 18.89496 -8.23897 0.1306333 18.61009 -8.553103 -0.4044564 18.63694 -8.583285 -0.3926833 18.64955 -8.532468 -0.3871996 18.16454 -8.55484 0.8044667 18.17571 -8.560022 0.8094072 18.17438 -8.549653 0.8088325 18.16677 -8.556093 1.246762 18.1708 -8.555329 1.126348 18.17119 -8.555276 1.196935 18.37796 -8.069409 0.8294025 18.52993 -8.903126 0.7835198 17.66149 -8.552557 0.7238541 18.17048 -8.554066 0.3855814 18.17095 -8.555315 0.4473511 18.17122 -8.555066 0.4627193 18.61192 -8.538701 0.003856422 18.63262 -8.581761 -0.008442667 18.66183 -8.546183 -0.009244778 18.89071 -8.732802 1.22286 18.88341 -8.741697 1.223066 18.89589 -8.743569 1.2198 18.89003 -8.739476 1.59501 18.89333 -8.744276 1.694993 19.03537 -8.692472 1.586934 18.51324 -8.995488 1.443115 18.73059 -8.317466 0.9993703 18.90078 -8.741346 0.6896133 18.85496 -8.768357 0.7538511 18.89014 -8.739178 0.7228548 12.68439 -0.6338117 -1.482061 12.70701 -0.5741417 -1.483839 12.64042 -0.5984204 -1.483332 12.66849 -0.5716797 -0.4705285 12.68528 -0.5587312 -0.4708062 12.66379 -0.5523823 -0.4710942 12.66847 -0.5918214 -0.8558985 12.69128 -0.5784666 -0.8642575 12.66668 -0.5685274 -0.8634492 12.81319 -0.3110185 -0.2228271 12.81547 -0.3055885 -0.2250549 12.80888 -0.307405 -0.2233181 12.84069 -0.3097651 -0.05534874 12.80966 -0.3080185 -0.03755488 12.81613 -0.3045754 -0.05695763 12.59647 -0.2220823 -0.2644019 12.81549 -0.3057322 -0.4145369 12.81263 -0.3075737 -0.3948649 12.81358 -0.310324 -0.3926444 12.6822 -0.5935459 -0.7431532 12.67792 -0.5724357 -0.732182 12.66731 -0.5730587 -0.7537432 12.28599 -0.765273 -0.5884492 12.28535 -0.7597792 -0.5846398 12.28284 -0.7602467 -0.5900682 12.28529 -0.7622845 -0.3729774 12.28162 -0.760151 -0.3624149 12.2839 -0.7629744 -0.3841602 12.03175 -0.6408486 -0.5360836 12.36668 -1.015236 -0.5688092 12.44406 -0.5428655 -0.5795084 12.51046 -0.7586744 -0.7004453 12.20101 -0.767961 -0.7799151 12.285 -0.7620431 -0.7885146 12.28475 -0.7617569 -0.7627754 12.28466 -0.7617742 -0.7795528 12.68143 -0.5885125 -0.8770521 12.68324 -0.5674207 -0.8700132 12.66622 -0.5798928 -0.857179 13.14233 -0.7651099 -0.5272735 13.14118 -0.7602519 -0.5239879 13.13773 -0.7656998 -0.5226015 13.14038 -0.7637437 -0.3692999 13.14043 -0.7637518 -0.3811524 13.14037 -0.7637059 -0.3452861 12.88722 -1.045793 -0.4860895 13.0771 -0.5722531 -0.5006366 13.32215 -0.9190841 -0.5377343 13.14163 -0.7633358 -0.7055864 13.13857 -0.743451 -0.7166365 13.14039 -0.7638956 -0.6706461 12.67185 -0.5914209 -0.8973614 12.68933 -0.5750354 -0.9032243 12.66672 -0.5727708 -0.9153978 12.44782 -0.1542748 -0.5035661 12.44491 -0.1503915 -0.5081736 12.44254 -0.1552487 -0.5051393 12.4431 -0.1473497 -0.3565347 12.44427 -0.1541596 -0.2612843 12.44702 -0.1464005 -0.4145223 12.45217 -0.398526 -0.5103101 12.44538 -0.1524753 -0.7427314 12.42696 -0.09069209 -0.7320659 12.44557 -0.153261 -0.7271756 12.68457 -0.5899657 -0.8071627 12.68173 -0.5680956 -0.7940342 12.66112 -0.5818516 -0.8057346 12.55938 -1.045708 -0.2141884 12.56415 -1.044474 -0.2126857 12.55958 -1.040022 -0.2106429 12.56076 -1.043032 -0.0805441 12.55843 -1.043332 -0.05139271 12.5506 -1.047251 -0.2987784 12.5678 -1.039298 -0.02818201 12.50028 -0.7670708 -0.2376862 12.5591 -1.041885 -0.2720108 12.56898 -1.043957 -0.3073844 12.68868 -0.585789 -0.859305 12.67338 -0.5653111 -0.8580749 12.66199 -0.5831166 -0.8509255 12.95641 -0.4227992 -0.1896364 12.95751 -0.4160266 -0.1912827 12.95257 -0.4176861 -0.1893251 12.95583 -0.4191724 0.02434872 12.88884 -0.3938877 -0.04866216 12.95601 -0.4196904 0.06529372 13.02402 -0.1104232 -0.2216011 13.02901 -0.7317967 -0.217436 12.95875 -0.4196601 -0.4297423 12.95133 -0.4203768 -0.427052 12.95559 -0.4194439 -0.3933375 12.68295 -0.5922699 -0.9634159 12.68044 -0.5645292 -0.9665049 12.66309 -0.5828934 -0.9737724 12.18672 -0.516399 -0.1808219 12.1899 -0.5101637 -0.1796936 12.18437 -0.5115299 -0.1822965 12.12187 -0.2668844 -0.08796705 12.18711 -0.5127585 -0.004185417 12.19202 -0.5143497 -0.06359481 12.18754 -0.5125838 0.008109468 12.02752 -0.7383531 -0.2018837 12.17093 -0.4948838 -0.3619013 12.20266 -0.5266868 -0.3410584 12.18742 -0.5126227 -0.3231192 12.68835 -0.581571 -0.8555188 12.66852 -0.570298 -0.8404855 12.66489 -0.5897793 -0.8501487 12.921 -0.9154496 -0.3954829 12.92536 -0.9102045 -0.3943317 12.91909 -0.911867 -0.3925922 12.92237 -0.9122989 -0.2051359 12.9261 -0.9112415 -0.1987132 12.77134 -0.6662869 -0.296386 12.92206 -0.9122517 -0.1883183 12.90507 -0.5925504 -0.5034636 13.18654 -1.160285 -0.4291754 12.73504 -1.148222 -0.4111704 12.92223 -0.9123179 -0.5801793 12.92198 -0.9123414 -0.6051972 12.92233 -0.9123352 -0.6099412 12.66977 -0.5929625 -1.005082 12.69018 -0.5781609 -1.012482 12.66792 -0.5678622 -1.016122 12.71992 -0.1327856 -0.2082198 12.71838 -0.1266298 -0.2108831 12.71382 -0.1303269 -0.2090603 12.71746 -0.1299206 -0.04142327 12.71747 -0.1299176 -0.04252612 12.71225 -0.128627 0.01453864 12.7468 -0.2690007 -0.02763585 12.8183 0.005654698 -0.2244044 12.72346 -0.1318048 -0.3613337 12.71768 -0.1301477 -0.4067141 12.64474 -0.1453165 -0.271987 10.32695 -2.543339 -1.184607 10.35706 -2.638197 -1.188275 10.41498 -2.544054 -1.187229 10.40655 -2.60392 0.9024394 10.39855 -2.636011 0.9018665 10.43097 -2.622975 0.9012721 10.37275 -2.600203 0.1613867 10.4006 -2.616594 0.1274506 10.39375 -2.578485 0.1474266 11.13154 -2.848768 1.161835 11.13754 -2.853918 1.153986 11.13973 -2.84451 1.154939 11.14176 -2.830947 1.041775 11.13623 -2.848992 1.448838 10.85639 -2.557613 1.039333 11.12622 -2.844101 1.523814 11.21148 -3.211918 1.108436 11.13694 -2.849848 0.8508306 11.13627 -2.848974 0.8749576 11.13623 -2.848992 0.8426894 10.385 -2.581247 -0.00496516 10.37104 -2.615416 0.00881671 10.41309 -2.605542 0.01635865 10.21529 -2.306531 0.7765177 10.22478 -2.31038 0.7813837 10.22265 -2.301709 0.7762199 10.22128 -2.306982 1.196578 10.21884 -2.303055 1.248401 10.22099 -2.30689 1.168736 10.41278 -2.708179 0.7694101 10.21894 -2.298909 0.4924302 9.826394 -2.409509 0.7165912 10.63861 -2.176409 0.5989873 10.22099 -2.3069 0.356865 10.22099 -2.3069 0.3569244 10.368 -2.604059 0.009912404 10.39912 -2.619985 0.004784333 10.3955 -2.583142 0.03322142 10.24553 -3.049739 0.7974802 10.24956 -3.056585 0.793017 10.25641 -3.051329 0.7988587 10.2512 -3.052199 1.153753 10.25096 -3.052103 1.099735 10.73525 -2.946298 0.8090696 10.25007 -3.051615 1.161056 10.29535 -3.427147 0.7524699 10.26048 -2.555784 0.7673835 9.818705 -3.072454 0.6568719 10.25096 -3.052099 0.4790809 10.24951 -3.05123 0.506534 10.25058 -3.052305 0.4547035 10.36882 -2.592466 0.2593593 10.39892 -2.624041 0.2552531 10.40232 -2.585497 0.2379265 10.91594 -2.21838 1.572903 10.92343 -2.224336 1.571113 10.92477 -2.214826 1.566572 10.92136 -2.219069 1.849112 10.92136 -2.219055 1.860402 10.92126 -2.220657 1.914831 10.95785 -2.717391 1.527465 10.45215 -2.104724 1.685294 11.27462 -1.845506 1.681193 11.3681 -2.312107 1.395372 10.92147 -2.214376 1.247608 10.92046 -2.219689 1.215711 10.92136 -2.21909 1.279583 10.38561 -2.578127 -0.1493468 10.37588 -2.620791 -0.150646 10.40937 -2.603952 -0.129956 9.679328 -2.468414 1.286155 9.683182 -2.477732 1.289916 9.686345 -2.467387 1.290796 9.683142 -2.471905 1.653805 10.14319 -2.355015 1.279318 9.683092 -2.471859 1.64037 9.682062 -2.473341 1.749288 9.477989 -2.082869 1.361564 9.347247 -2.825359 1.169408 9.683098 -2.471933 0.8952332 9.683124 -2.471351 0.8978849 9.683135 -2.471903 0.9471808 10.37698 -2.589175 0.07727089 10.38191 -2.620662 0.0491128 10.41095 -2.600788 0.04682311 10.7673 -3.077366 0.8912202 10.76062 -3.0859 0.8885853 10.76856 -3.085227 0.8841712 10.77366 -3.083809 1.362981 10.76532 -3.082264 1.228739 10.75559 -3.081438 1.308061 11.07041 -3.369508 0.9155476 10.60902 -2.753126 0.9177284 10.76746 -3.082914 0.4658249 10.69959 -3.449788 0.5849511 10.75727 -3.067139 0.4850751 10.38697 -2.579811 0.1753022 10.37212 -2.616721 0.1965555 10.41188 -2.606575 0.190398 10.39289 -2.221226 1.08948 10.39106 -2.229775 1.09438 10.40113 -2.227699 1.093122 10.3939 -2.222858 1.297053 10.38549 -2.24398 1.066243 10.39554 -2.234178 0.9801227 10.38774 -2.216091 0.9775577 10.37293 -2.585473 -0.1999312 10.38754 -2.621728 -0.2094081 10.40507 -2.587738 -0.1830728 9.920399 -2.999698 0.9559772 9.919076 -3.008955 0.9507652 9.927924 -3.005706 0.9572867 9.922474 -3.00489 1.196845 9.922474 -3.00489 1.28799 10.32321 -2.896151 0.9878255 9.599158 -2.799092 0.9980742 9.919633 -3.007116 1.280445 9.968254 -3.524741 0.9112365 9.922548 -3.004842 0.6740667 9.919275 -3.002692 0.6137402 9.922437 -3.004913 0.672777 10.37626 -2.601309 0.1704803 10.39605 -2.622888 0.140652 10.3966 -2.579282 0.1369809 11.12986 -2.570373 0.8052963 11.1359 -2.57497 0.7960541 11.13511 -2.565327 0.7966647 11.13757 -2.570022 1.210664 11.12762 -2.571274 1.066667 11.13346 -2.574475 1.108817 11.68265 -2.62935 0.7881506 11.00486 -2.1434 0.7527927 11.12731 -2.570079 0.5041964 11.13552 -2.572194 0.4497014 11.14353 -2.573474 0.4162275 17.54047 -8.618782 -2.068756 17.44693 -8.596252 -2.072342 17.49585 -8.691254 -2.071319 17.45054 -8.654338 -0.02823621 17.42799 -8.631668 -0.02879632 17.42256 -8.665012 -0.02937741 17.48265 -8.635734 -1.195576 17.44553 -8.629201 -1.205424 17.46436 -8.661796 -1.181069 17.33542 -8.061966 0.03217034 17.32833 -8.066432 0.03407664 17.33795 -8.069979 0.03780629 17.12237 -8.389884 0.08125024 17.33496 -8.066956 0.4001941 17.28972 -8.053734 0.0831487 17.33416 -8.066155 0.4026842 17.34773 -8.073336 -0.1717449 17.33355 -8.063221 -0.3682471 17.33431 -8.066657 -0.333015 17.47646 -8.625532 -0.7263071 17.43856 -8.639879 -0.740575 17.46883 -8.661738 -0.7443487 17.32641 -8.952419 0.2342575 17.31703 -8.950365 0.2333121 17.31825 -8.958305 0.2299413 17.32014 -8.949829 0.6366397 17.33035 -8.967277 0.6388824 17.32157 -8.954138 0.5940667 17.88447 -8.944758 0.2893476 16.92017 -9.249771 0.2173785 17.1742 -8.451505 0.1662187 17.3175 -8.956571 -0.161424 17.32102 -8.951233 -0.127074 17.32126 -8.953971 -0.08516212 17.47933 -8.651317 -1.148099 17.45391 -8.619029 -1.136149 17.45012 -8.656766 -1.120934 18.16517 -8.383646 -0.002623794 18.15752 -8.38562 0.004674636 18.1647 -8.392599 0.0006231422 18.1624 -8.387334 0.2987668 18.1624 -8.387332 0.2908821 17.9794 -8.406057 0.3356027 18.1626 -8.387286 0.3295355 18.03425 -8.809584 -0.1727605 18.21928 -7.994528 0.226496 18.54036 -8.560984 0.1480892 18.11941 -8.419895 -0.3021086 18.17775 -8.382744 -0.3784376 18.14912 -8.392498 -0.3831763 17.47393 -8.654547 -0.8186591 17.46039 -8.621393 -0.8443918 17.44322 -8.6473 -0.8494534 16.92953 -8.401637 -0.001201718 16.92258 -8.399087 -0.008535685 16.92148 -8.407305 -0.006205226 16.92072 -8.402273 0.4184508 16.92503 -8.402946 0.3373638 16.82496 -8.84367 -0.04960251 16.92753 -8.400963 0.4251205 17.26496 -8.2215 0.07018043 16.92116 -8.39878 -0.2688616 16.92969 -8.400418 -0.4376052 16.92491 -8.402919 -0.3771026 17.48211 -8.646619 -0.9593893 17.45879 -8.620514 -0.9434572 17.44409 -8.658784 -0.9558862 17.68158 -9.03872 0.4048535 17.67381 -9.032507 0.4091333 17.67195 -9.04129 0.4059386 17.67311 -9.036264 0.7492382 17.67483 -9.043013 0.7032411 17.6739 -9.03414 0.8385863 18.03996 -9.206806 0.3327626 17.68164 -9.038197 0.3029869 17.67385 -9.035462 -0.06696499 17.67638 -9.037687 -0.04275264 17.47672 -8.629309 -0.9357123 17.43919 -8.635446 -0.9214262 17.46784 -8.661312 -0.9094714 17.71605 -7.920706 0.4387041 17.70739 -7.915895 0.4373416 17.70773 -7.924362 0.4435879 17.7104 -7.920318 0.7936968 17.71038 -7.920297 0.8100705 17.71696 -7.927836 0.8615733 17.90493 -8.240113 0.4564497 17.37045 -7.893674 0.5190167 17.93153 -7.699139 0.5240894 17.70096 -7.954245 -0.00360325 17.71038 -7.920211 0.09240958 17.71039 -7.920333 0.06905718 17.48134 -8.636119 -0.5192158 17.45147 -8.621201 -0.527352 17.45726 -8.663129 -0.5350525 17.17001 -8.813769 0.5354233 17.1649 -8.822543 0.5313936 17.17301 -8.822896 0.5344718 17.16901 -8.819199 0.8981858 17.17211 -8.819813 0.8362789 17.1573 -8.745585 0.6777851 16.85305 -8.973083 0.5424394 17.1686 -8.818397 0.1673576 17.16897 -8.81936 0.2326401 17.17156 -8.818815 0.2058168 17.47887 -8.648872 -0.7954372 17.45641 -8.62066 -0.769218 17.4475 -8.657031 -0.7675749 18.04695 -8.757805 0.09474561 18.04088 -8.751507 0.1015723 18.04127 -8.761544 0.09939489 18.04284 -8.756334 0.5004474 17.74794 -8.93246 0.4081395 18.04411 -8.755805 0.4808097 18.04274 -8.75605 0.4791318 18.09024 -8.330539 0.2565818 17.68293 -8.626691 -0.2001362 18.15572 -9.121631 -0.1943578 18.45953 -8.640786 0.004076846 18.04297 -8.75633 -0.2783711 18.043 -8.756211 -0.2964358 17.48298 -8.643735 -0.817132 17.44732 -8.62844 -0.8387465 17.45411 -8.661863 -0.8172878 17.15672 -8.15811 0.3683014 17.15029 -8.166435 0.3706997 17.15844 -8.16646 0.3736695 17.15473 -8.163063 0.7414673 17.15525 -8.163171 0.7580413 17.29235 -8.650757 0.3748393 17.16154 -8.155859 0.6038068 16.8908 -7.801847 0.4302933 17.14881 -8.157785 -0.06662114 17.15797 -8.153576 -0.04549335 17.15494 -8.163023 0.05155395</float_array>
          <technique_common>
            <accessor source="#positions-array" count="945" stride="3">
              <param name="X" type="float" />
              <param name="Y" type="float" />
              <param name="Z" type="float" />
            </accessor>
          </technique_common>
        </source>
        <source id="normals">
          <float_array id="normals-array" count="3276">0.9843032 -0.1683927 0.05282996 -0.8878723 0.4590026 -0.0316132 0.06509856 -0.9972838 0.03445651 0.767783 0.4428215 -0.4630534 -0.78335 0.4243095 -0.4542294 -0.1200226 -0.6586945 0.742776 -0.5190702 -0.8546789 0.009492842 0.2031867 -0.97907 -0.0117051 0.9790162 0.2024268 -0.02346694 -0.9168902 0.1288588 0.3777668 -0.3475333 0.9361328 0.05362734 0.9727405 0.2259346 0.05224483 0.932924 -0.2786968 0.2279934 -0.34744 0.8804375 0.322669 -0.9448631 0.2636832 -0.1941775 0.337738 -0.8945445 -0.2927852 -0.999362 0.02329705 -0.0270717 0.2924669 0.5236367 -0.8001673 0.3071513 -0.844279 -0.439148 0.5177587 0.3998725 0.7563252 -0.5902572 0.3441764 0.7301637 0.8445216 -0.4081994 -0.346636 -0.354333 0.924621 0.139729 -0.7464508 -0.5674267 0.3476178 -0.06050517 0.9980435 -0.01575892 0.9470958 -0.3181178 -0.04255147 -0.4431992 0.6915637 -0.5703631 -0.28457 -0.8347777 -0.4713449 0.9603665 -0.2486719 -0.1259306 0.9246703 -0.1877402 0.3312679 0.05425747 -0.9985158 -0.004730147 -0.9587648 0.148796 -0.2421358 0.09131999 -0.976964 0.1928783 -0.7792242 -0.6198471 -0.09273183 -0.09538103 0.7209436 -0.6863984 -0.3157896 -0.8269835 -0.4651616 -0.7267063 0.4992438 0.4718618 -0.6839193 -0.6573521 0.3164533 -0.8212212 -0.5693105 0.03848809 -0.8842742 0.4359076 0.1674626 0.9243894 0.3128043 0.2183065 -0.7375378 0.1626924 0.6554153 -0.1663275 -0.5196669 -0.8380223 0.8429913 0.1440035 -0.5182939 -0.7711968 -0.5905187 -0.2377882 0.9022834 -0.4309351 -0.01340041 0.1184193 0.8866996 -0.4469235 -0.624851 0.7806197 0.0139322 -0.625259 0.7804127 0.002678432 -0.5556375 -0.1307322 0.8210823 -0.9997172 0.02286424 0.006531587 0.7320229 0.4598779 -0.5026477 -0.9390647 0.2851749 0.1919189 0.3399675 -0.867723 0.3626002 -0.5045424 -0.5271961 -0.6837407 -0.9912937 0.1266849 -0.03588594 -0.9871095 0.1589832 0.01841611 0.05991792 0.9790279 0.1947155 -0.9106487 0.2040245 -0.359295 0.3356448 -0.9419528 0.008216975 0.9961781 0.06192726 -0.06159743 0.01942807 -0.9997836 -0.007437719 -0.04240595 -0.9990712 -0.00764825 -0.5245437 0.5114984 0.680605 0.6268125 0.7683557 -0.1293661 -0.8443173 0.1234122 0.5214381 0.2770761 -0.8761376 -0.3944765 -0.9988428 0.004281034 -0.04790257 -0.9418909 -0.3299062 -0.06327193 0.9756179 0.1579779 0.1523572 -0.999899 -0.01420157 0.0005968099 -0.9559622 -0.2926798 0.02179032 0.929442 0.3687381 0.01303087 -0.6558188 0.2930244 -0.6957287 -0.8339292 -0.4862139 0.2610711 0.7783628 -0.322163 -0.5388528 0.7390012 -0.5760286 -0.3493826 -0.9907531 0.1269749 0.04780782 0.725857 -0.4459232 0.5237214 0.5388548 -0.8422705 0.01469308 0.2768573 0.6279181 0.7273712 0.9275853 0.3728961 0.02310889 -0.4406562 0.8976427 -0.007730845 -0.5556067 -0.8309001 0.03010153 0.9808088 0.1330316 -0.1425366 -0.9668344 0.1871886 -0.1737575 0.2648239 -0.6348398 0.7258421 -0.9122579 0.07745943 -0.4022257 0.1803225 -0.9834221 0.01909866 0.5185177 0.6861078 0.5102896 -0.5292208 -0.700506 -0.4787658 0.9999485 -0.009658847 0.003101098 -0.126353 -0.8990057 -0.4193133 -0.3443448 0.526748 -0.7771507 -0.1407202 -0.879974 -0.4536998 -0.6050096 0.2535694 0.7547622 0.568787 0.2144618 0.7940324 -0.9989862 0.02531414 0.03722532 0.92184 -0.02782257 -0.3865708 0.08907331 0.9938661 -0.06554555 -0.4693952 -0.8483283 0.2449639 0.005233772 -0.9964844 -0.08361545 -0.4394309 0.5264246 0.7278583 -0.4230393 -0.3670816 0.8284255 0.8760012 0.4649394 0.1282703 0.5512734 0.834316 0.003801197 -0.9258558 0.2809544 -0.2526968 0.4126042 -0.8743249 0.2555656 -0.2442848 -0.9617359 -0.1240524 0.8398862 0.5427054 -0.00787164 0.9216646 0.03936592 -0.3859853 0.7846286 0.01363033 0.6198163 -0.827629 -0.5608766 0.02115911 0.6043152 0.4838948 0.6329684 -0.9774458 -0.2034665 0.05657881 0.2565277 -0.4281161 -0.8665507 0.1124233 0.8839578 -0.4538498 -0.5949479 -0.0726814 -0.8004713 -0.9884612 -0.1514732 -0.0005886539 0.9890361 0.1417881 -0.04127726 -0.331888 0.3811865 0.8628715 0.287745 -0.2529351 0.9237027 0.5226575 0.6576548 -0.5425121 -0.8262605 0.5632534 0.006261673 0.2621994 -0.8804034 0.3951472 0.1074646 0.9734818 -0.201952 0.4580913 -0.6324888 -0.6245881 0.000461089 0.999362 0.03571277 0.5261179 -0.5025144 0.6860607 0.07260506 -0.9960477 0.05116185 0.05105889 0.9924055 0.1119123 -0.9783534 0.1978945 -0.06051846 0.4917625 0.7990604 0.3459365 -0.8959771 -0.1830795 -0.4046071 0.6453331 -0.7411155 0.1851838 0.0008940571 -0.999998 -0.001782767 0.3256976 0.5268292 -0.7850937 0.03675064 0.9953221 -0.0893499 -0.8044794 0.3784043 -0.4578462 0.07181819 -0.993507 0.08823869 0.5445262 0.5187566 0.6590772 0.5232656 0.8510716 -0.04324616 -0.8678299 -0.02893108 0.4960183 0.3192522 -0.8528027 -0.4132863 -0.9516138 -0.3055941 -0.03230111 0.9827235 0.1449299 -0.1151082 -0.95441 -0.2984966 0.00112083 0.9599245 0.196243 0.2000839 0.9686909 0.2385777 0.06869149 0.8655718 -0.03163853 0.4997844 -0.09676701 0.5690479 -0.8165909 -0.4624388 -0.6073411 0.6459776 -0.4785464 -0.6671258 -0.5709085 0.9182788 -0.3655385 -0.1521373 -0.4323986 0.8945448 0.1132298 0.8358096 -0.3861075 0.3903118 -0.3001918 -0.9525134 0.05101961 0.5750532 0.8175462 -0.03052805 -0.9969506 0.07058505 0.03327398 -0.3443588 -0.8870194 -0.3075932 0.9632537 0.2615515 -0.06109903 -0.6235745 0.6623625 0.4152478 0.9278863 -0.3728611 -0.001260922 0.2397412 0.6172376 -0.749361 0.6263093 -0.6346677 0.4526959 0.1452711 0.8511677 0.5043907 -0.9389427 0.1006354 0.3290274 -0.9324459 -0.3612816 0.004491905 -0.07782799 -0.9418159 0.3269948 0.1909399 -0.9325487 0.3064226 0.7532337 0.6028265 -0.2631333 -0.8205962 0.5614974 -0.1065015 -0.3688037 -0.8674731 -0.3338775 -0.3692054 0.9293474 0.0008801687 -0.7384149 0.6737175 -0.02912265 0.6847173 0.7286701 0.01421814 -0.6971545 0.7169074 0.004401559 0.6941869 -0.7186603 0.04039839 -0.6903149 0.7235087 -0.0007301318 0.2475087 -0.3837682 0.8896412 0.7398716 0.6293676 0.2376688 0.7022926 -0.6805341 0.2089462 0.2202336 0.8082641 0.5460827 -0.1959731 0.9372702 0.2883038 -0.8179855 -0.004517706 -0.5752211 0.699066 -0.7150104 -0.008176432 0.4081284 -0.3854757 -0.8275504 -0.02563133 0.9996668 -0.003050044 0.3719771 0.3904826 -0.8421143 -0.7012459 0.7129181 0.001397951 0.04593594 -0.5380333 -0.841671 -0.6367835 0.2468731 -0.7304523 -0.8815247 0.3372515 -0.3304174 0.5236349 -0.273073 0.8069929 -0.6564694 -0.7542537 -0.01221642 -0.6554538 -0.7551813 0.009026778 0.9007137 0.1873471 -0.3919386 -0.1314165 0.9684783 0.2116118 -0.6128476 0.7728832 -0.1645277 0.525057 -0.8503808 -0.03417102 0.8366688 -0.5441784 -0.06208968 0.2676584 -0.8589162 0.4366028 0.7917247 -0.6108713 0.002881745 0.3808797 -0.816744 0.433428 0.9416634 0.2651494 0.207282 -0.9528769 0.02607716 -0.3022343 -0.9857428 0.1673478 -0.01748613 -0.1819164 0.4791065 -0.8586986 -0.4209033 -0.9013124 -0.1023542 0.8565393 -0.4465105 -0.2587835 0.8875108 -0.3151122 0.3361977 -0.2287302 0.7107507 0.6652187 0.3753728 0.9267984 0.01182806 0.9476021 -0.312189 -0.06773717 0.250956 0.8819531 0.3989734 -0.8964137 -0.3897153 -0.2111031 0.532993 -0.8461133 -0.003271407 0.1999726 -0.8510027 -0.4855979 0.1390368 0.990111 -0.01868246 -0.6989443 0.3000286 -0.6491993 -0.5354102 0.8445914 0.001145513 0.534673 -0.845059 0 -0.1228528 -0.9924159 0.004230361 0.5029091 -0.8547609 0.1283206 0.9396012 -0.08424178 -0.3317423 0.5869852 -0.7601137 0.2787034 -0.1347715 0.9896735 -0.04881523 -0.3592075 0.9320407 -0.04764536 0.2125798 0.9771039 0.008820875 -0.3210026 -0.6799763 0.6592341 -0.404098 -0.8926358 -0.199765 0.8928822 0.05505846 0.4469117 -0.4931349 0.8377715 -0.234429 0.5427386 -0.7428049 -0.392015 0.05824996 0.8857545 -0.4604844 -0.4983978 -0.8668561 0.01265069 0.3265825 -0.9449375 0.02090305 0.1514244 0.7970752 0.5845868 0.6184962 -0.3088949 0.7225277 0.2630144 0.856428 0.444246 0.267004 -0.752806 -0.6016577 0.9032996 0.2496758 -0.3488722 0.5981016 0.7896617 0.1367804 -0.4668687 0.5985509 0.6509766 -0.5459037 0.787499 -0.2860672 0.1472926 -0.9887555 0.02583448 0.9609704 -0.2761026 0.01741325 0.2438237 -0.9695628 0.02231531 0.9490585 0.3150113 -0.00746524 -0.7480095 0.6630511 0.02906818 -0.19613 -0.9154394 -0.3514311 0.9511879 0.3062433 -0.03816646 -0.7358846 0.5558991 0.3865876 0.5857447 -0.569321 -0.5768681 -0.9304062 -0.3665299 0.000206595 0.9301743 0.3671158 -0.001334555 -0.8540407 0.0353081 -0.5190066 0.377996 -0.9254943 0.02406846 0.9329659 0.3599192 -0.005729254 0.8505923 0.4751082 -0.2253107 -0.875339 0.4776046 -0.07533535 0.7478852 0.6474119 -0.1467159 0.6373346 -0.7611118 0.1204713 -0.6983588 -0.3212049 -0.6396267 0.4570621 0.5700994 0.6827012 -0.209269 -0.481364 0.8511728 -0.9297554 -0.3681758 0.001239599 0.4589069 0.4945545 0.7381194 -0.3412552 -0.5361274 0.7720831 -0.2396841 -0.9706062 0.02179893 0.7624158 -0.472911 -0.4416756 -0.6013956 0.6752671 0.4270101 -0.791701 -0.5066783 0.3413014 -0.5727736 0.8192839 0.02653895 -0.1384895 0.7169825 0.683196 -0.7845169 0.620042 0.009010294 -0.2365062 -0.9264158 0.292948 0.7172354 0.6960005 -0.03400904 -0.694409 0.5848562 -0.4192127 -0.826273 0.5630499 -0.0157437 -0.5170876 -0.5529193 -0.6533763 -0.7076931 -0.2509475 0.6604512 0.9817475 -0.1894842 0.0163564 -0.9834138 0.1808664 0.01358895 0.7807128 -0.5958757 -0.1882011 -0.03957414 0.9192706 0.3916317 -0.9305706 -0.3160598 -0.1847826 -0.1252765 -0.9921217 -0.0005801772 0.5206038 0.5804412 -0.6261467 0.5726332 0.4536432 0.6828609 -0.6832935 0.1609124 0.7121919 0.2046991 -0.8600258 0.4673904 -0.3508383 -0.8276497 0.4380735 0.5788599 0.6845547 -0.4430644 -0.3565512 0.9176824 -0.1753005 -0.9157433 -0.0004309977 0.4017637 0.3158653 -0.9486191 -0.01873177 0.3248509 -0.9457345 0.007629602 -0.3912053 0.917149 0.07613254 0.07458794 -0.9961843 0.04531536 0.6092387 0.725513 0.3200923 -0.7709245 0.5204623 -0.3671435 -0.2690551 0.9625922 -0.03202352 -0.5123475 -0.8587362 -0.008495299 -0.2884343 0.957497 0.002276255 -0.3304568 -0.8885914 -0.3181252 -0.8194358 0.1273203 0.5588511 0.9680035 -0.2492069 -0.02941418 0.2268778 -0.9738661 -0.01054606 0.1897988 -0.9803466 -0.05382328 -0.7926091 0.5803742 0.1869133 -0.8777877 0.4674163 0.1049317 -0.7000916 -0.7126761 0.04432393 0.8836111 0.4674701 -0.02651618 -0.8563881 0.5155231 0.02890187 -0.7398129 -0.6664412 0.09237401 0.7303086 -0.6679535 0.1431344 -0.2128693 0.9643418 -0.157263 0.2041602 -0.9754387 -0.08269174 -0.6103264 0.5118497 -0.6045755 0.81763 0.2462459 0.5204269 -0.1339383 -0.8201928 0.5561872 0.7176287 0.6958037 0.02943238 0.4181274 -0.8681301 -0.2674315 0.8563651 0.2541845 0.4494764 -0.990857 -0.1328529 -0.02350409 0.9890014 0.1433395 0.03647024 0.8984332 0.3759701 -0.2268575 -0.7907363 -0.4451996 0.4201588 0.779406 -0.5510636 -0.2980858 0.8721386 0.2628711 -0.4126415 0.05096517 0.6974755 -0.7147941 0.6479826 0.2128794 0.7313009 0.9421329 -0.3351488 0.007803694 -0.9104219 0.4076919 0.0701375 -0.7112539 -0.5878634 -0.3854018 0.7338062 0.2267809 0.6403896 0.1870472 0.9343404 -0.3033503 -0.03276534 -0.7675557 -0.6401443 0.7779175 0.2690717 -0.5678422 -0.7614551 0.5983102 -0.2494214 0.6892657 0.2613021 0.675747 0.6061595 0.7953271 -0.005046641 -0.8022147 0.5570847 0.2147283 0.007286461 -0.9114531 -0.4113394 -0.8746669 0.3884602 0.2899249 0.9782042 -0.2057408 -0.0280596 0.5734709 -0.6140914 -0.5422388 0.6512106 0.446836 -0.6134023 0.9632585 0.2684468 -0.008323944 0.9563841 0.2889041 -0.04317348 -0.9712555 -0.1027676 -0.2147126 0.65704 0.5957065 0.4619873 -0.9604662 0.001540026 0.2783924 0.6855214 -0.3534973 0.6364747 0.006599733 -0.9999443 0.008230759 -0.7955625 -0.4291843 0.4276461 -0.1044735 0.9013082 -0.4203912 -0.8049065 0.5784994 -0.132151 -0.145747 0.9888682 -0.0299583 -0.9773583 -0.2112679 0.01168414 0.8544098 0.5166962 -0.05485347 -0.8214258 -0.5699895 0.01927807 0.2821681 -0.9587782 -0.03354819 0.6553596 0.6590664 0.3689651 -0.9029231 0.3227147 -0.283875 0.1617078 -0.9868256 -0.005077807 0.08174409 0.9725088 -0.2180469 -0.367828 -0.9298862 -0.003771923 0.1054799 0.9532312 0.283239 -0.3503893 -0.9365559 -0.009505273 -0.7186111 -0.6508289 0.2449895 0.8321988 -0.2841064 -0.4761603 -0.05921538 0.9710259 0.2315214 -0.4899826 0.8714745 -0.02119448 0.4967402 -0.8678067 0.0126815 0.1269657 0.988724 -0.07940172 -0.6355592 -0.5480368 -0.5438016 0.8017017 -0.3263744 -0.5007535 -0.1348076 0.9265727 -0.3511266 0.6739426 -0.3206268 0.6655823 -0.1954377 0.8603952 0.4706636 -0.4890406 0.8715706 0.03469747 -0.2023697 -0.9792956 0.005153221 0.1941649 0.9809294 0.008806859 -0.6153706 -0.7687235 0.1743078 0.9605443 0.2182902 0.1723484 0.0580572 0.9384041 -0.3406274 -0.06504818 -0.6531086 -0.7544653 0.2877339 0.6746669 -0.6797307 0.5963708 -0.7387499 0.3139912 -0.9578845 0.04216586 0.2840411 -0.8734135 -0.2126102 0.438116 0.5052316 0.5720614 0.6461321 -0.2228864 -0.9746517 0.01938169 0.9886441 -0.1501356 -0.006483491 -0.3655491 0.9304496 0.02524789 0.9787445 -0.1891113 0.07934863 0.4264854 0.8955147 -0.1271363 -0.993867 -0.1089893 -0.01870305 -0.2621774 -0.7934657 -0.5492496 -0.2683883 0.9632815 0.007510767 0.7883446 0.2747595 -0.5504726 -0.9810012 0.1939483 -0.004553565 -0.9739425 0.2218312 0.04719006 -0.4892825 0.552328 0.6749344 -0.2737946 0.9617881 0.000388848 -0.229343 -0.8477238 -0.478295 0.4586472 0.7194211 0.5216091 -0.6797091 0.7225499 0.1261635 -0.9532302 0.1338749 -0.2709793 -0.4751356 0.8796091 0.02310917 -0.9467533 -0.2494991 -0.2034906 0.6698644 0.7294351 -0.1385863 -0.9318733 -0.3179291 0.1747378 -0.4492345 -0.8783322 0.1634651 -0.3345897 -0.9026207 0.270787 0.1836106 0.966613 -0.1787357 -0.509722 0.8424335 0.1746116 0.2808652 -0.9535968 -0.1084796 -0.2432901 0.9699535 0.0004650675 0.9682339 -0.1637135 -0.189 0.2507245 -0.968009 -0.009792193 -0.9343535 0.3562061 -0.01004064 -0.8543405 -0.5197047 -0.0030457 -0.5626221 -0.8181071 -0.1189841 0.5801092 -0.2618521 0.771302 -0.08975578 0.8348371 -0.5431306 -0.4297283 0.7396948 -0.5178659 0.6184894 -0.7857814 -0.00428608 -0.6102275 -0.7922188 0.00344013 -0.7349963 0.6081181 0.2999547 0.00965971 -0.7253647 0.688297 0.9173548 -0.3980696 0.0008486024 -0.1591588 -0.9082836 -0.3868971 0.9292611 0.3631254 0.06792488 0.8066655 0.5621634 0.1823818 -0.9190449 0.3028725 0.2522394 0.9778056 -0.2007693 0.05989872 0.04482998 0.9982102 0.03958045 -0.2888061 -0.8101701 0.5101132 0.8196187 -0.5501027 0.1600382 0.9602953 0.114117 -0.2545785 -0.731006 -0.6714753 -0.1214548 -0.5766508 0.8169907 -0.0002535718 -0.8281628 -0.4522766 -0.3310472 0.5930204 0.09908501 0.7990676 0.3261435 -0.9452314 -0.01296425 0.5437154 0.7679187 0.3386361 -0.930747 0.1727304 -0.3222953 0.1743075 -0.9845336 -0.01762127 -0.7789449 0.08736819 -0.6209763 0.3400291 0.8297354 -0.4426279 0.1678505 -0.985703 0.01469238 -0.3743227 -0.9269404 0.02576869 -0.6279691 -0.7570228 0.1804749 0.8484127 -0.2327788 -0.475405 -0.1944085 0.9349079 0.2969051 -0.6275343 -0.4647921 0.6246352 0.8749214 -0.3335744 0.3510566 -0.4606009 0.7921001 -0.40053 -0.927815 -0.3646355 -0.07874126 -0.9082682 0.4183795 0.002730297 0.5145111 -0.6983685 -0.4975538 -0.9300308 0.002934582 -0.3674699 0.1756294 0.816955 -0.5493076 -0.2293267 0.9731723 0.0185713 0.8623056 0.5059101 0.02200122 -0.7947257 0.6050349 0.04841265 0.5745929 -0.8179266 -0.02896573 0.4039774 0.914224 0.03157141 -0.7837704 0.5774212 0.2286672 -0.1887402 -0.967105 -0.1705433 0.9370654 0.3463313 -0.0443058 0.3642304 -0.482302 -0.7966937 -0.8263882 -0.007447228 -0.5630517 -0.4231377 -0.5604649 0.7119224 0.67129 0.7377232 0.07165349 0.6868402 0.726484 0.02171345 -0.7345174 0.6298901 -0.2524332 0.5426114 -0.7604142 0.3568515 0.9555638 0.2254076 -0.1899718 0.4469583 0.775712 -0.4455325 -0.4813477 0.7180914 -0.5026421 0.07317567 -0.997202 0.01527956 0.07391497 -0.9972524 -0.004912591 -0.7694137 0.6281165 -0.1160696 -0.1507564 -0.9592221 -0.239093 0.8841441 0.2865614 0.3690145 0.4850005 0.4778093 -0.732443 -0.9101543 -0.4142193 -0.006445997 -0.7711426 -0.228698 -0.5941685 -0.6180138 0.6849457 0.3858864 0.5077138 -0.6755837 0.5346151 -0.6736007 0.5151851 0.5299494 -0.4084858 -0.8775872 0.2509583 -0.374432 -0.9271957 -0.01043434 -0.1427897 -0.8560069 -0.4968534 -0.1433208 0.9896763 -8.158195e-05 -0.04726762 0.7502758 -0.659433 0.8168203 -0.5662511 0.1102918 -0.3378572 0.4617715 0.8201339 -0.2656743 0.9640538 -0.004178046 0.163259 -0.9719764 0.16914 0.8189277 -0.5492452 0.1663945 -0.5530308 0.7150732 -0.427583 -0.8929254 -0.4359622 -0.1123446 0.948808 0.1775241 0.2612441 0.4422658 -0.8957345 -0.0453941 -0.7432889 0.1351588 -0.6551745 0.656519 -0.7539683 0.02268634 -0.4776323 0.8785587 -0.001441972 0.9415246 0.3302758 0.06670255 -0.687817 0.512533 0.5140212 -0.3081183 -0.6586308 -0.68649 0.683389 -0.5526591 -0.4770192 0.3068879 0.6223288 0.7200879 0.6367069 0.7710672 0.007734055 -0.1603744 -0.9843448 -0.07311144 -0.6390791 -0.7690343 -0.0128132 -0.6847543 -0.7226837 -0.09402002 0.3464283 -0.9375646 -0.03098574 0.9536762 -0.3004107 0.01597145 0.4534586 0.8555545 -0.2498035 0.04104789 0.2764364 0.9601552 -0.6130964 0.7880819 -0.05513461 -0.9036339 -0.3259574 0.2778444 0.7469713 -0.6627544 -0.0528248 -0.5981584 -0.7815131 -0.1773239 -0.4204387 -0.9073184 -0.002161432 0.2398999 -0.9707882 -0.004268802 -0.07263991 0.9364551 -0.3431841 0.6937998 -0.7201677 -0.0004927306 0.7082209 -0.7027324 0.06775194 -0.4652314 -0.8809058 0.08697522 -0.4064485 0.901525 -0.1485002 -0.3716371 -0.9199531 -0.1247882 0.9196444 0.1389073 0.3673675 -0.7953073 -0.1121853 -0.5957355 0.3710079 0.8590463 -0.3526934 -0.923746 0.3827544 0.01386706 0.01632045 0.9996648 0.02009737 -0.7417702 0.6149669 0.2675681 -0.1713292 -0.9808624 -0.09249441 0.7473293 -0.6189253 -0.2417237 0.1767698 0.9774855 0.1152153 0.2781386 -0.7587982 0.5889517 -0.3491619 0.9370118 -0.009739291 0.5111128 -0.5793679 -0.6348988 -0.551911 0.8339022 0.001165558 -0.9948776 0.09884474 0.02117283 -0.02491686 -0.9996644 -0.007082886 0.8771833 0.4793629 0.02758045 -0.8143272 0.5358629 0.2229847 -0.03316155 -0.9810484 -0.1909038 0.8747814 0.4844961 -0.004590039 0.9259029 -0.3775469 -0.01273627 0.5819829 0.8024549 -0.1317646 0.7000008 -0.6268414 -0.342153 -0.7243714 -0.3303176 0.6051251 0.7919827 0.5993626 0.116309 -0.985832 0.1676161 0.006328692 -0.117959 -0.8659029 0.4861048 0.03606249 -0.997893 -0.05393615 0.9467378 -0.3173075 -0.05480342 -0.485606 0.6219816 0.6142684 0.9443365 -0.3230802 0.06203027 -0.01925537 -0.9894645 0.1434897 -0.7977553 0.5882768 -0.1323518 -0.001400178 -0.9801842 -0.1980832 0.8209943 0.4312871 0.374112 -0.757428 -0.2319682 -0.6103225 0.9877661 -0.1558934 -0.003929226 -0.9885911 0.1504995 -0.006127916 0.5891695 -0.5149205 -0.6226846 0.0855861 0.9285897 0.361104 0.5614607 -0.8226577 0.08942148 -0.5701418 0.8215452 0.001348758 0.3162073 -0.7279829 0.6083205 0.5171836 0.2830809 0.8077043 0.05567722 -0.9953229 -0.07894488 0.7949334 -0.1947775 -0.5745804 0.6797927 0.5885616 -0.437581 -0.2458138 0.9412017 0.231765 0.372366 0.9280753 0.004456684 -0.4472287 -0.4840866 -0.7520948 -0.4640997 -0.4441877 -0.7663607 0.229969 -0.9729671 -0.02119414 -0.4978134 0.7077219 0.5013098 -0.5860845 -0.7982559 0.1388975 0.8061123 -0.4130608 0.4237496 0.04707211 0.9412545 -0.3344014 -0.5181704 0.8552289 0.009112904 0.9450488 0.3248292 -0.03699813 0.8076868 -0.5895262 -0.01004121 0.4606307 -0.8872479 0.02470667 -0.6371778 0.1227043 0.7608864 -0.9518416 -0.2150952 -0.2184757 0.9515601 0.1766688 0.2516376 -0.4931774 -0.8061085 0.3270552 0.838011 -0.5447555 -0.03128847 0.951384 0.2043366 -0.2304671 0.01844026 0.9698027 -0.2431928 0.6971947 -0.7161562 0.03224787 -0.2169355 0.7163311 0.6631808 -0.6733502 -0.6960729 -0.2491627 0.8995329 -0.2611639 0.3501913 -0.4086939 0.9003545 -0.149436 -0.7380929 -0.670355 -0.07643928 0.9188398 -0.3946025 -0.004724383 -0.9257051 0.3771629 -0.02860309 0.5297637 -0.6727725 -0.5164568 0.3899336 -0.707105 0.5898765 -0.7438507 -0.1711466 0.6460611 -0.7072223 -0.7065777 0.02417628 0.2880105 0.8024232 0.5226537 -0.8809122 -0.4578313 0.1199338 0.8860889 0.453482 -0.09591979 0.5769728 -0.814691 -0.05814566 -0.4819118 0.875875 0.02457726 -0.8719163 -0.4641195 0.1560612 0.8953387 0.004458919 0.4453635 0.7252351 -0.1640569 0.6686699 0.9423226 0.1659198 0.2906867 0.6101866 -0.7901225 0.05812782 -0.3426042 0.9388355 -0.03479 -0.6272321 -0.7779088 0.03791828 0.5529652 -0.8011348 0.2289378 -0.325446 0.8986064 -0.2942644 -0.9758356 -0.004149049 0.2184666 -0.6070979 -0.6656222 0.4340268 0.1713207 0.9638383 0.2041201 -0.2069816 -0.9783384 0.003538329 -0.7824639 0.6196158 0.06185884 0.4391782 0.8863163 0.1468536 0.4885057 -0.4580222 0.7426829 -0.3760348 0.9129185 0.1586748 -0.1844963 -0.4043421 -0.8958061 0.4666323 0.8820252 -0.06546596 -0.8828004 0.2936845 -0.3666237 0.1064322 -0.7414722 -0.6624887 -0.8470262 0.1270643 -0.5161407 0.6067783 0.5894446 -0.5332684 -0.2243321 0.5414411 0.8102572 -0.3004607 -0.5349529 0.7896511 0.0735759 -0.996755 0.03265046 0.80266 -0.5962625 0.01441788 0.6391051 0.1937333 -0.7443199 -0.3911076 0.4515593 0.8019533 -0.4127251 -0.9075402 0.07764488 -0.2499138 0.5266689 -0.8125041 0.6963223 -0.2992492 -0.6523689 0.8185608 -0.3134355 0.4813693 -0.9714221 -0.2105604 -0.1095598 -0.07805107 0.5941945 0.8005254 -0.7659502 -0.5724742 0.2925638 0.6339936 0.772546 0.03499632 0.3757729 0.7378731 -0.5606585 -0.8406263 0.07562527 -0.5363099 -0.9997374 -0.01332345 -0.01864311 -0.7710836 -0.6336623 -0.06246716 0.997786 0.05699228 -0.03427897 -0.9997371 -0.02235064 0.005117612 -0.9942581 -0.1067834 0.006944957 0.3638664 -0.7740611 -0.5181029 0.9792421 0.005567652 0.2026177 0.9807838 0.1345052 -0.1413207 -0.963217 -0.2565908 -0.07983866 0.9779486 0.2087998 0.004369196 -0.9705713 -0.2408139 -0.0001067201 0.542255 -0.8402052 -0.003846083 0.9513958 0.1717311 0.255645 0.9221816 -0.2263843 -0.313578 0.7115424 0.5572763 -0.4279609 -0.340991 0.9378396 -0.06466815 0.9752463 -0.2210089 -0.007055771 0.4656699 -0.6120296 -0.6391958 -0.970668 -0.00940422 -0.2402398 0.9259417 -0.3339907 0.1763015 0.959047 0.2712813 0.08145716 0.8450521 0.1341318 0.5175863 -0.1613667 0.9725241 -0.1678028 -0.3619612 -0.9215949 -0.1401674 -0.959353 -0.2771635 -0.05312368 -0.5323501 0.661088 0.5287401 0.6592215 -0.4095538 -0.6306288 0.6069221 0.7607064 0.2301552 -0.03640549 0.7847081 0.6187955 -0.8896579 -0.05888915 0.4528145 -0.01212394 0.6631806 -0.7483612 0.4350698 0.8130262 -0.3869143 -0.7932696 -0.4473352 -0.4130551 0.8543022 -0.1804435 0.4874504 -0.99838 -0.05599365 0.01010484 0.9986014 0.05275934 0.003425975 0.4342291 0.7782358 -0.4536455 -0.9962031 -0.03903328 0.07781872 -0.3843704 -0.7887679 0.4796922 -0.977991 -0.2079959 -0.01647237 0.6696936 -0.7336706 -0.1150563 -0.8920822 0.3925656 0.2237892 0.5993142 -0.7641746 0.2384527 0.9350571 -0.3535836 0.02543235 0.2834622 0.9589457 -0.008508559 -0.971362 -0.2352838 0.03312675 0.9205652 -0.3903988 -0.01218927 0.3272643 0.844429 -0.4240727 -0.1523308 -0.9631422 -0.2217034 0.3608106 0.9321389 -0.03054247 -0.354598 -0.9350117 0.00366427 0.5690364 0.6272012 0.5318048 0.4664318 -0.331519 0.8200833 -0.3984234 0.9110508 0.1060432 -0.1074562 -0.5170703 -0.849171 0.9069714 0.3981614 -0.1373695 -0.7726455 0.1124185 -0.6248047 0.2458741 -0.7790129 0.5767883 0.741167 0.647594 0.1768997 -0.1210315 -0.5839727 0.8027 0.07375299 -0.9972763 0.0006576661 -0.05846057 0.9920192 0.1117154 0.6422449 0.5277802 -0.5558503 -0.1233492 0.7884372 0.6026208 -0.156151 -0.9491289 -0.2734432 -0.9494607 -0.3138859 -0.0001638556 -0.7437061 0.6685031 -0.002209737 0.6508273 0.7592227 0.002154638 -0.7773005 -0.5097629 -0.3687082 -0.5696735 0.7424176 0.3525454 0.5815443 -0.3594131 0.729814 0.8359648 0.5445385 -0.06812292 -0.9198108 -0.3723676 -0.1236543 -0.08645603 -0.6908945 0.7177675 0.9990877 0.04169883 -0.009221975 -0.9578089 -0.2872282 0.01010266 0.9063338 0.2933195 0.3041755 0.7010442 0.4755097 0.5314391 -0.6539445 0.6492854 0.3883105 -0.9908589 0.09429187 -0.09647679 -0.2898608 -0.7282958 -0.6209396 -0.3908443 0.9204541 -0.002216144 -0.1841667 0.9827448 -0.01718161 -0.7870782 0.5836126 0.1997603 -0.702503 -0.5537762 0.4470139 -0.02042736 -0.9695253 0.2441381 0.7895661 0.5030523 -0.3514596 -0.951769 -0.005585816 0.3067646 0.9372144 0.3227305 0.1321897 -0.9790995 -0.1580096 0.1280512 0.3278298 -0.574167 0.7502398 0.7278648 -0.4624019 0.506357 -0.5754155 0.7066526 -0.4117511 -0.7627738 -0.4944427 -0.4167765 -0.7788415 0.6219672 -0.08101013 0.9689575 0.244414 -0.03719195 0.7811458 -0.005482379 -0.6243246 -0.7874137 0.6137387 -0.05748442 0.883871 -0.2692938 0.3824302 -0.7093156 -0.7048789 0.004141119 -0.962162 -0.2677503 0.0505383 0.7056005 -0.1252522 0.6974524 -0.8437701 -0.5278257 0.097222 0.1270006 -0.771127 -0.6238862 -0.776176 0.6303118 -0.01606075 -0.7273931 -0.5955173 -0.3409671 0.6968905 0.116072 -0.7077224 -0.5675803 -0.5882706 -0.5760124 0.794885 -0.1453817 0.5890857 0.04783359 0.6116536 0.7896783 0.6647664 0.7453285 0.05070484 -0.6992703 -0.2595269 0.6660832 0.6296476 -0.6892627 0.3584144 0.9733524 0.1834588 -0.1375786 -0.6707811 0.6673214 -0.3236276 -0.9731106 -0.2138235 -0.08564613 -0.7705537 -0.2262818 -0.5958553 -0.853064 0.5140261 -0.08977166 0.9249745 0.2984063 -0.2353208 0.2465683 0.90227 0.3537131 -0.8714402 0.4734174 0.1283272 -0.9695376 0.2409632 0.04397199 0.851554 -0.5236065 -0.02630537 0.008973579 0.9995486 0.02867213 -0.4184891 -0.9034543 0.09293658 0.792251 -0.1241095 -0.5974406 0.7858358 0.391976 -0.4783482 -0.1677423 0.9154101 0.3659056 -0.6909414 -0.721726 -0.04137092 -0.6883642 -0.7239843 -0.04473894 -0.9818426 -0.1861063 -0.03673552 0.8671953 0.447561 -0.2183152 0.7736488 0.4652756 0.4301001 -0.959969 0.2801032 0.001289669 0.9550703 0.291607 -0.05297296 -0.9209918 0.2589695 -0.2910479 0.1444567 -0.9107226 0.3869324 0.9462428 0.3017495 0.1164982 0.4214083 0.7328993 -0.5341101 -0.8246036 0.1781137 -0.5369399 0.2684097 -0.9632906 -0.005246441 -0.3356466 0.4137532 0.8462563 -0.2516696 0.9678132 0 -0.9066177 -0.4218044 0.01119494 -0.7137614 0.6513069 0.2575733 -0.8927645 -0.3182217 -0.3189144 0.05682696 0.8471277 0.5283421 -0.4009374 -0.5644609 -0.7215491 -0.994379 -0.1049884 -0.01370741 0.6828584 -0.4630088 -0.5650904 0.5750514 0.6331079 -0.5181604 0.3110894 0.6136446 0.725716 -0.9942656 -0.1056633 0.01646557 0.9972221 -0.0507826 0.05449135 -0.619548 -0.648235 0.4426642 0.9204918 -0.2662217 -0.2860435 -0.2917738 0.9448323 -0.1488625 -0.2263796 -0.9736049 -0.029082 -0.7526431 0.3695264 -0.5449574 0.6919563 0.4198594 0.5872942 -0.3685425 -0.5381564 0.7580001 0.1656809 0.9755431 0.1444487 -0.9977244 -0.06583157 0.01457034 -0.8703859 0.2119135 -0.4444333 0.6167193 0.7491117 0.2418451 -0.07164201 0.991234 -0.1110071 0.243022 -0.9700116 -0.004226041 -0.3522842 -0.6607842 -0.662767 -0.4678699 0.8490757 -0.245292 0.7658232 -0.2841442 0.5768681 -0.5095027 0.7746947 0.3745065 0.06985668 -0.9745562 0.2129796 0.7248522 -0.6889044 -0.0001255027 -0.7201057 0.3858075 0.5767152 -0.9130647 -0.34177 0.2224996 -0.1592511 -0.8922059 -0.4226202 0.667045 0.7442931 -0.03284439 0.94915 0.05524814 -0.3099387 -0.7265573 -0.6821843 -0.08209155 0.2200968 0.8622039 -0.4562475 -0.7920983 -0.592409 -0.1470775 0.960137 0.211908 -0.1822961 -0.7906042 -0.5923597 0.1550969 -0.402498 -0.8008945 0.4433547 0.9336787 -0.04811938 0.3548641 -0.9428077 0.3123489 -0.1164126 0.2320405 -0.895046 0.3808542 0.7743069 0.5867371 -0.2370409 -0.9185869 -0.3951085 0.009349994 0.9883698 -0.1504327 -0.02225074 -0.9238722 0.2793464 -0.2615832 0.8276917 -0.541342 0.1479032 -0.09243636 0.9482931 0.3036373 0.2535026 -0.9671828 -0.0171419 -0.2618788 0.9651008 0 0.7269099 0.5343782 -0.4313258 0.7374404 0.4367477 -0.515202 -0.2978649 0.9532909 0.05012929 -0.1171283 -0.9146262 0.3869624 0.7655404 0.3227839 0.5565595 -0.6379551 0.2724838 0.720254 -0.3120458 -0.856013 0.4121519 0.6639977 -0.07095404 -0.7443605 -0.3122144 0.8906015 0.3306829 0.07240553 0.9962913 -0.04648654 -0.4797534 -0.7069638 -0.5196526 0.9612087 0.275822 5.609574e-05 0.1029968 0.9946625 0.006184868 0.1166895 0.9929474 -0.02095255 0.9689192 0.1779428 0.1718489 -0.9527429 -0.3031686 0.01922755 0.3729396 -0.9278333 -0.006431913 0.6157292 0.7875597 0.02504715 -0.5063785 -0.8457905 0.1679859 -0.4299819 0.7442814 0.5110389 -0.9839298 -0.1711643 0.05084125 -0.6893952 -0.7189508 0.08856619 -0.9765117 -0.2146165 -0.01909488 -0.4699072 -0.8478082 0.2457815 0.6963696 0.7093417 -0.1091037 -0.5172526 0.7660395 -0.3816193 -0.1946717 0.9794675 -0.05240622 0.8990815 0.4377072 -0.008053991 -0.4101981 0.907729 -0.08812283 0.2814236 -0.9595694 -0.005224262 0.3026144 -0.9511829 0.06062627 0.3295511 0.748726 0.5751569 -0.4590181 -0.7373923 -0.4955351 0.709705 -0.664677 -0.2335021 0.9863872 -0.02808635 0.1620232 -0.2938544 0.9481131 -0.1213716 0.9926124 0.1212593 -0.004090942 -0.55369 0.5771919 -0.6002307 -0.5694384 0.4391523 0.6948994 -0.4354435 -0.4459109 0.7820182 0.3142015 -0.4477178 0.8371536 0.05680926 -0.9981454 0.02187255 -0.4976186 -0.7546788 0.4275929 0.9273936 -0.2183511 -0.3037498 -0.4216591 0.9030788 -0.08156108 0.7229925 -0.6906806 -0.01556223 0.162298 -0.5281378 -0.8335045 -0.2371657 -0.9714685 0.001214679 0.4712322 0.5637149 -0.6783552 -0.5755443 0.3402165 -0.7436407 0.2640721 -0.8300992 0.4911224 -0.07477067 -0.9832607 0.1661558 -0.1407169 0.4326756 0.8905002 -0.8110562 -0.4739005 -0.3429377 0.3126675 -0.9186297 0.241575 0.8396634 -0.2954581 0.4557082 0.2371066 -0.9714104 -0.01192958 -0.8800658 -0.4746218 -0.01477457 0.872847 -0.02760664 -0.4872126 -0.2565424 -0.7937357 0.5515158 -0.7223823 0.6914487 0.007905447 0.4272269 -0.6914901 -0.5825106 0.9219801 0.3297918 -0.2029535 0.5070979 0.8244362 0.2513098 -0.6658879 0.3389796 0.6645947 -0.9823252 0.1785381 -0.05622558 0.2833276 -0.8830883 0.3740061 0.6662577 0.6927484 -0.2760441 -0.870382 -0.2381672 -0.4309426 0.4237497 -0.8966651 -0.1281712 0.4973902 0.7263618 0.4743432 -0.1232646 -0.8689277 -0.4793438 -0.6051613 0.4238334 -0.6739028 0.5390742 0.8422536 0.002821831 -0.9949392 -0.04694033 0.08884056 -0.2197603 -0.9231059 0.3155644 0.6617036 0.1011367 -0.742913 -0.3412835 0.8670849 0.3628903 0.9712186 0.2279346 -0.06913912 0.471567 0.8818287 0.001614727 0.1109113 0.9937641 -0.01147377 -0.4838738 -0.6307618 0.6066347 0.7077926 0.7050809 0.04348 -0.8886322 -0.4578824 -0.02601069 0.85077 -0.5247729 0.02835098 0.9573316 0.2883041 -0.01992484 -0.8943843 -0.4330389 0.1120451 0.8514098 -0.4316849 0.2979086 0.8866448 -0.4406105 -0.1404403 -0.3050286 -0.9523356 0.003811859 -0.7768303 0.6235095 0.08815132 0.8908634 -0.4440451 0.09584558 -0.7058135 -0.7063597 -0.05369576 0.1681456 0.9248975 0.3410156 0.9684763 -0.2390916 0.06992004 -0.3737101 -0.6922412 -0.6173677 -0.2583649 0.8997847 -0.3516178 0.7160404 -0.1847205 0.673175 -0.1096202 -0.9804224 0.1635704 -0.4949052 -0.5433766 0.6780935 0.5926602 -0.8054506 -0.001783263 0.5818272 0.6426099 -0.4985275 -0.2742465 0.9612654 -0.02752726 0.2462069 -0.9666272 0.07080906 -0.1017163 0.9948134 0.000305865 0.1019449 -0.9947898 0.0006393881 -0.08933805 0.6199904 -0.7795067 -0.1799788 -0.1527253 -0.971742 -0.484975 -0.1557796 -0.8605417 0.008816608 0.7836731 -0.6211109 0.9665093 -0.1397672 0.215232 -0.784398 -0.4961363 0.372248 -0.6254095 0.4992191 0.5997027 0.9446976 -0.1031094 0.3113114 0.3598792 0.9328522 -0.01654546 -0.6402138 0.5326049 -0.5535868 -0.9626663 0.2653888 -0.05331335 0.9773621 -0.211573 -0.0004442732 -0.7951168 0.4948086 0.3506477 0.4340375 -0.9003728 0.03066402 0.9828341 -0.170475 0.07053723 0.765174 0.6397841 0.07200731 -0.9306706 0.2814953 0.2336933 0.2147933 -0.930327 -0.2972466 0.3584631 0.9317014 -0.0586235 0.5703603 -0.8212672 0.01446436 0.9917281 0.1270288 0.01841277 0.4163454 0.9091679 0.008386176 -0.4261164 -0.9046537 0.005157155 0.1209424 -0.9926103 -0.009884188 -0.294542 0.8673525 -0.401179 -0.696738 -0.5708152 0.4344263 0.9587929 -0.2833383 -0.02087196 0.6055826 -0.7824281 -0.1451757 0.4671371 0.7917648 -0.3935625 -0.8695415 0.1031527 -0.4829669 0.5468786 0.7979511 0.2533729 -0.915388 -0.005309911 0.4025377 -0.7030337 0.7111451 -0.004022398 0.3921805 -0.8520242 0.3467698 -0.8321693 0.5408462 -0.1223909 0.01189699 -0.9894131 -0.1446379 0.7175549 -0.6909855 0.08748742 -0.9808845 -0.1945898 0.0005504736 0.4581262 -0.888498 0.02630019 -0.8384645 -0.5417829 0.05872462 0.5466003 0.7988734 -0.2510565 -0.8240074 -0.1506573 0.5461815 0.0931264 -0.978918 -0.1817885 -0.5104213 0.8598661 -0.01002049 0.7428256 -0.373518 -0.5556027 -0.4658683 0.8624465 -0.1978705 -0.690144 -0.2775374 -0.6683369 0.4552352 -0.4520259 -0.7670942 0.7744805 -0.5281108 -0.3482513 0.6964093 0.6683023 0.2615073 -0.18296 -0.7423584 0.6445383 0.2710418 -0.962549 -0.00597642 -0.7814371 0.4943487 -0.3807563 -0.9525446 -0.2759301 -0.1285352 -0.1313758 -0.926446 0.3527581 0.8708707 0.4277487 -0.242106 -0.7751886 -0.6277086 -0.07116536 -0.9662825 -0.2574465 0.004396547 -0.7948643 -0.6067832 0.002227817 0.895137 0.4123449 0.169415 0.8420101 0.5337595 0.07822951 0.2334271 0.9721884 0.01901209 -0.9869615 0.1608305 -0.006359815 0.3554585 -0.9343639 0.02476655 0.2578257 0.8868141 -0.3835187 -0.564202 0.7303948 -0.3849669 -0.4416134 -0.8242428 0.3544029 -0.5229537 0.7479654 -0.4087386 -0.8236149 0.5666107 -0.02471521 -0.3557395 -0.9345408 -0.009098723 -0.4186321 0.8790656 0.228015 -0.9847509 -0.08703414 -0.1506344 -0.5809005 -0.7493411 -0.3178719 0.625929 -0.7677592 -0.1369628 0.6019738 0.2550063 -0.7567029 -0.123117 -0.9585545 -0.2569349 -0.07220143 0.9920745 -0.1028351 0.7871638 -0.285532 -0.5466668 -0.3056132 0.880943 0.3613033 -0.5642975 0.8235929 0.05712327 -0.8429546 0.271757 0.4643013 -0.4631027 -0.7503052 0.4717817 0.8593472 -0.2137447 -0.4645811 0.9894923 -0.1444467 -0.00633819 0.868596 -0.4531299 0.200535 -0.3032758 0.4944638 0.8145731 0.7649867 -0.5646249 0.309829 0.7568049 0.5646143 0.3293281 -0.8541549 -0.03354276 -0.5189358 -0.3052737 -0.9488 0.08115703 0.3023817 -0.8350011 0.4597157 0.9791455 -0.2018131 -0.02335571 -0.7160609 0.5809195 -0.3870262 0.3314183 -0.9305903 -0.1554465 0.4615795 -0.8870888 -0.004210476 0.9805834 -0.1917103 0.04127177 0.6599242 0.7415318 0.1209575 -0.970729 0.1332255 0.1998405 0.2651542 -0.9157059 -0.3019536 -0.4258186 -0.9048083 0.000698597 -0.3828103 -0.9227344 -0.04491624 0.484587 0.740262 -0.466034 -0.9851036 0.07456468 0.1549547 0.535178 -0.7780805 0.3289002 -0.7080985 0.706112 -0.001517506 0.2995366 -0.8527759 -0.4278447 0.05210736 -0.9871362 -0.1511522 0.3410401 -0.8960664 0.2841771 0.31129 -0.9053633 0.2888179 0.3737271 0.8902688 0.2602872 -0.9579951 -0.08182916 -0.2748623 0.9111963 0.266782 0.3139246 -0.4105438 0.9113607 -0.02958771 0.6508809 -0.709008 -0.2714069 -0.434353 0.9007409 0.001804932 0.5562341 -0.8208877 0.1294102 -0.4249534 0.9050781 0.01575498 0.5990568 0.7463726 -0.2899292 -0.7943095 0.2201666 0.5662147 0.3264825 -0.8903538 -0.3172999 0.5159049 -0.8565338 -0.01385573 -0.5673515 0.5938788 -0.5704562 0.3049641 0.3018642 0.9032579 -0.5922113 0.04209386 0.8046825 -0.1650025 -0.8034647 0.5720302 0.4905916 0.8453838 -0.2112962 0.4767958 -0.763325 0.4358907 0.9472698 0.2866087 0.143302 0.9563725 0.2908183 -0.0278646 -0.9710967 -0.2332498 -0.05065359 -0.9202703 0.07580779 0.3838694 -0.7995851 -0.6003684 0.01487877</float_array>
          <technique_common>
            <accessor source="#normals-array" count="1092" stride="3">
              <param name="X" type="float" />
              <param name="Y" type="float" />
              <param name="Z" type="float" />
            </accessor>
          </technique_common>
        </source>
        <source id="uv">
          <float_array id="uv-array" count="6552">-1.45505 -0.7155164 -1.4292 -0.2004214 -1.438873 -0.20028 -1.456773 -0.7161638 -1.433771 -0.2005682 -1.427641 -0.716422 4.481943 -0.7155164 4.457057 -0.20028 4.455878 -0.7161638 -1.435012 -0.3652338 -1.256233 -0.1962087 -1.257856 -0.1945245 -1.442005 -0.3577989 -1.256233 -0.1962087 -1.435012 -0.3652338 4.466541 -1.442905 4.462273 -1.258369 4.456163 -1.442005 4.463449 -0.1185888 4.46318 -0.1157075 4.460707 -0.2154643 4.463449 -0.1185888 4.460707 -0.2154643 4.495853 -0.1883926 -1.257256 -0.1157075 -1.361502 -0.1811132 -1.256863 -0.2154643 -1.249893 -0.1883926 -1.257557 -0.2643213 -1.361502 -0.1811132 4.495853 -0.1883926 4.463357 -0.2679866 4.463492 -0.2643213 -1.257557 -0.2643213 -1.256863 -0.2154643 -1.361502 -0.1811132 -1.440819 -0.3786834 -1.525535 -0.1929391 -1.528057 -0.1942134 4.459296 -0.3786492 4.3955 -0.1942007 4.398392 -0.1929391 -1.443531 -0.3837403 -1.526214 -0.1942007 -1.43344 -0.3786492 4.469093 -0.3786834 4.39795 -0.1942134 4.457526 -0.3837403 -1.526579 -0.113434 -1.688488 -0.2055843 -1.525612 -0.09866774 4.396882 -1.525612 4.395981 -1.688488 4.235964 -1.546464 4.396882 -0.09866774 4.235964 -0.1711299 4.394938 -0.3217947 4.395981 -1.688488 4.396871 -1.526706 4.235964 -1.546464 4.551679 -1.518928 4.397279 -1.526682 4.395981 -1.688488 -1.436599 -0.4863279 -1.430081 -0.1542163 -1.446143 -0.4844346 4.456925 -0.4818555 4.604688 -0.1531997 4.607286 -0.154324 -1.446143 -0.4844346 -1.428372 -0.1531997 -1.435332 -0.4818555 4.606383 -0.06990588 4.60601 -0.0496019 4.753362 -0.151535 -1.430418 -0.04800752 -1.561898 -0.1688901 -1.428278 -0.0496019 4.753362 -0.151535 4.555769 -0.1688901 4.605362 -0.04800752 4.60601 -0.0496019 4.608001 -0.1933463 4.753362 -0.151535 -1.428278 -0.0496019 -1.561898 -0.1688901 -1.347793 -0.1933463 -1.561898 -0.1688901 -1.428543 -0.2347484 -1.347793 -0.1933463 4.753362 -0.151535 4.606387 -0.2299627 4.606438 -0.2347484 -1.432517 -0.3585111 -1.389423 -0.04506797 -1.386424 -0.04541999 4.467233 -0.3555884 4.389386 -0.04506797 4.457874 -0.3574527 -1.387964 0.03264343 -1.388012 0.05379451 -1.298893 -0.0709447 4.388048 0.05379451 4.478496 0.02147431 4.339422 -0.07552908 4.390579 0.0474043 4.332002 -0.0709447 4.478496 0.02147431 -1.406817 0.02147431 -1.389727 -0.1294647 -1.517572 -0.07552908 -1.406817 0.02147431 -1.298893 -0.0709447 -1.389727 -0.1294647 -1.298893 -0.0709447 -1.387883 -0.1359411 -1.389727 -0.1294647 -1.389727 -0.1294647 -1.387966 -0.1430666 -1.517572 -0.07552908 -1.439725 -0.3615235 -1.662275 -0.2346891 -1.6635 -0.2372404 -1.437405 -0.3533135 -1.663752 -0.2364983 -1.662275 -0.2346891 4.458419 -1.442808 4.51468 -1.6635 4.511729 -1.663752 -1.664274 -0.1454387 -1.743039 -0.3278622 -1.57007 -0.1409241 -1.57007 -0.1409241 -1.528421 -0.3011484 -1.731219 -0.2409208 -1.743039 -0.3278622 -1.528421 -0.3011484 -1.57007 -0.1409241 4.65333 -0.2409208 4.413716 -0.3278622 4.51242 -0.1454387 4.413716 -0.3278622 4.513354 -0.3329428 4.513299 -0.3370116 4.413716 -0.3278622 4.513378 -0.3247985 4.513354 -0.3329428 4.516615 -1.528421 4.513378 -1.663201 4.65333 -1.731219 -1.528421 -0.3011484 -1.663164 -0.3370116 -1.663201 -0.3247985 -1.440947 -0.4722687 -1.279863 -0.1833881 -1.281709 -0.1829319 -1.443302 -0.4670366 -1.282052 -0.1817364 -1.433562 -0.472762 4.469094 -0.4722687 4.564778 -0.1817364 4.457502 -0.4670366 4.566616 -1.281428 4.566091 -1.2813 4.587312 -1.152063 -1.152063 -0.1977344 -1.28819 -0.1151967 -1.281428 -0.08271562 -1.152063 -0.1977344 -1.282847 -0.2646803 -1.28819 -0.1151967 4.459321 -0.4165028 4.33287 -0.1245806 4.335592 -0.1235052 -1.444315 -0.4188111 -1.483489 -0.1245806 -1.433168 -0.4165028 4.468854 -0.4135626 4.333452 -0.124716 4.457735 -0.4188111 -1.48452 -0.04273226 -1.482357 -0.01834792 -1.60862 -0.124916 4.19103 -0.1021328 4.336123 -0.1818062 4.335552 -0.01834792 4.335552 -0.01834792 4.336123 -0.1818062 4.414219 -0.1584459 4.336812 -1.60862 4.414219 -1.484623 4.334052 -1.484688 4.460741 -0.4512002 4.626984 -0.167016 4.467914 -0.4569369 -1.445402 -0.4529828 -1.519148 -0.1653528 -1.432885 -0.4512002 4.457811 -0.4529828 4.626984 -0.167016 4.624409 -0.1659675 -1.519947 -0.1250277 -1.623232 -0.1643573 -1.520601 -0.07001023 -1.520566 -0.09487815 -1.429616 -0.174593 -1.519947 -0.1250277 -1.623232 -0.1643573 -1.520537 -0.2478731 -1.429616 -0.174593 -1.519947 -0.1250277 -1.520204 -0.2581188 -1.623232 -0.1643573 -1.429616 -0.174593 -1.520537 -0.2478731 -1.520554 -0.2326981 -1.435487 -0.3904311 -1.269459 -0.2667219 -1.271217 -0.2640955 4.456374 -1.438789 4.397905 -1.270958 4.399731 -1.269459 -1.443741 -0.382056 -1.270958 -0.265632 -1.438789 -0.3914331 -1.296475 -0.1420964 -1.331212 -0.2756535 -1.269753 -0.1733017 -1.331212 -0.2756535 -1.169317 -0.2980379 -1.269753 -0.1733017 -1.169317 -0.2980379 -1.271989 -0.3645535 -1.296475 -0.1420964 -1.331212 -0.2756535 -1.270503 -0.3586157 -1.169317 -0.2980379 4.302282 -0.2756535 4.399546 -0.3650468 4.399437 -0.3586157 4.302282 -1.331212 4.401523 -1.271989 4.399546 -1.270545 -1.45505 -0.7155164 -1.427641 -0.716422 -1.4292 -0.2004214 4.470947 -0.716422 4.449411 -0.2005682 4.458719 -0.2004214 4.455878 -0.7161638 4.457057 -0.20028 4.449411 -0.2005682 -1.442905 -0.3569205 -1.435012 -0.3652338 -1.257856 -0.1945245 -1.442005 -0.3577989 -1.258369 -0.1939629 -1.256233 -0.1962087 4.466541 -1.442905 4.465042 -1.257856 4.462273 -1.258369 -1.257256 -0.1157075 -1.249893 -0.1883926 -1.361502 -0.1811132 4.495853 -0.1883926 4.460707 -0.2154643 4.463357 -0.2679866 4.469093 -0.3786834 4.459296 -0.3786492 4.398392 -0.1929391 4.457526 -0.3837403 4.39795 -0.1942134 4.3955 -0.1942007 -1.526579 -0.113434 -1.526688 -0.09645956 -1.688488 -0.2055843 4.397206 -0.09645956 4.396882 -0.09866774 4.551679 -0.159645 4.397206 -1.526688 4.551679 -1.518928 4.395981 -1.688488 4.396882 -0.09866774 4.394938 -0.3217947 4.551679 -0.159645 4.551679 -1.518928 4.394938 -1.410261 4.397279 -1.526682 4.235964 -1.546464 4.396871 -1.526706 4.394938 -1.410261 -1.526706 -0.2917283 -1.688488 -0.2055843 -1.526682 -0.2808061 -1.436599 -0.4863279 -1.427207 -0.154324 -1.430081 -0.1542163 4.467778 -0.4863279 4.456925 -0.4818555 4.607286 -0.154324 4.463942 -0.4844346 4.607245 -0.1542163 4.604688 -0.1531997 4.605362 -0.04800752 4.606383 -0.06990588 4.753362 -0.151535 4.555769 -1.561898 4.753362 -1.420954 4.606438 -1.428543 4.753362 -1.420954 4.608001 -1.347793 4.606387 -1.428569 -1.443451 -0.3555884 -1.432517 -0.3585111 -1.387955 -0.04467272 4.461858 -0.3585111 4.38994 -0.04541999 4.392252 -0.04467272 -1.432517 -0.3585111 -1.444694 -0.3574527 -1.389423 -0.04506797 4.467233 -0.3555884 4.392252 -0.04467272 4.389386 -0.04506797 4.388048 0.05379451 4.390579 0.0474043 4.478496 0.02147431 -1.38783 0.0474043 -1.387964 0.03264343 -1.298893 -0.0709447 -1.388012 0.05379451 -1.517572 -0.07552908 -1.298893 -0.0709447 -1.298893 -0.0709447 -1.517572 -0.07552908 -1.387966 -0.1430666 -1.298893 -0.0709447 -1.387966 -0.1430666 -1.387883 -0.1359411 4.468308 -1.439725 4.457851 -1.437405 4.513663 -1.662275 -1.437405 -0.3533135 -1.442808 -0.3629279 -1.663752 -0.2364983 4.458419 -1.442808 4.468308 -1.439725 4.51468 -1.6635 4.51242 -0.1454387 4.513373 -0.1430758 4.65333 -0.2409208 4.513373 -1.663182 4.499103 -1.57007 4.65333 -1.731219 -1.663182 -0.1430758 -1.663178 -0.1191889 -1.57007 -0.1409241 -1.663178 -0.1191889 -1.664274 -0.1454387 -1.57007 -0.1409241 4.413716 -1.743039 4.65333 -1.731219 4.513378 -1.663201 4.516615 -1.528421 4.413716 -1.743039 4.513299 -1.663164 4.469094 -0.4722687 4.45929 -0.472762 4.566258 -0.1833881 -1.433562 -0.472762 -1.282052 -0.1817364 -1.279863 -0.1833881 4.469094 -0.4722687 4.567732 -0.1829319 4.564778 -0.1817364 4.566091 -0.0824274 4.566927 -0.1151967 4.431588 -0.1763754 4.566091 -0.0824274 4.431588 -0.1763754 4.587312 -0.1977344 4.566927 -0.1151967 4.564999 -0.2646803 4.431588 -0.1763754 4.587312 -1.152063 4.431588 -1.285941 4.566023 -1.281261 4.431588 -0.1763754 4.566106 -0.2782827 4.566023 -0.2760412 4.431588 -0.1763754 4.564999 -0.2646803 4.566106 -0.2782827 -1.152063 -0.1977344 -1.281261 -0.2760412 -1.282847 -0.2646803 4.468854 -0.4135626 4.459321 -0.4165028 4.335592 -0.1235052 -1.444315 -0.4188111 -1.486036 -0.124716 -1.483489 -0.1245806 4.468854 -0.4135626 4.335592 -0.1235052 4.333452 -0.124716 4.334166 -0.04300783 4.334179 -0.04273226 4.19103 -0.1021328 4.334179 -1.48452 4.336812 -1.60862 4.19103 -1.484542 4.334166 -0.04300783 4.19103 -0.1021328 4.335552 -0.01834792 -1.482357 -0.01834792 -1.484623 -0.1584459 -1.60862 -0.124916 4.19103 -0.1021328 4.334052 -0.2201822 4.336123 -0.1818062 4.19103 -1.484542 4.336812 -1.60862 4.334052 -1.484688 4.460741 -0.4512002 4.624667 -0.1653528 4.626984 -0.167016 -1.445402 -0.4529828 -1.521942 -0.1659675 -1.519148 -0.1653528 4.457811 -0.4529828 4.467914 -0.4569369 4.626984 -0.167016 -1.520566 -0.09487815 -1.520601 -0.07001023 -1.429616 -0.174593 -1.429616 -0.174593 -1.520601 -0.07001023 -1.623232 -0.1643573 -1.519947 -0.1250277 -1.429616 -0.174593 -1.520204 -0.2581188 -1.623232 -0.1643573 -1.520204 -0.2581188 -1.520537 -0.2478731 -1.520204 -0.2581188 -1.429616 -0.174593 -1.520554 -0.2326981 -1.443741 -0.382056 -1.435487 -0.3904311 -1.271217 -0.2640955 4.467334 -1.435487 4.456374 -1.438789 4.399731 -1.269459 4.462196 -1.443741 4.400392 -1.271217 4.397905 -1.270958 4.40912 -0.1420964 4.399768 -0.1648908 4.417892 -0.2980379 -1.27026 -0.1648908 -1.269753 -0.1733017 -1.169317 -0.2980379 4.302282 -0.2756535 4.40912 -0.1420964 4.401523 -0.3645535 -1.271989 -0.3645535 -1.169317 -0.2980379 -1.270503 -0.3586157 7.585177 -0.7088657 7.618225 -0.09582956 7.607471 -0.09566124 7.587271 -0.7096362 7.61447 -0.09600419 7.618097 -0.7099435 -3.024013 -0.7088657 -2.998194 -0.09566124 -2.994065 -0.7096362 7.598688 -0.4026458 7.679097 -0.02580406 7.675656 -0.02471214 -2.996144 -0.3996964 -3.168929 -0.02580406 -3.008557 -0.4058012 7.608465 -0.3996964 7.675656 -0.02471214 7.678176 -0.02427045 -3.167635 0.09747452 -2.99454 -0.002867733 -3.167618 0.09957431 7.677649 -3.167635 7.723095 -3.28304 7.510923 -3.231675 7.747069 -0.002867733 7.510923 -0.00861468 7.677432 -0.1487471 7.723095 0.01695631 7.677526 -0.1645806 7.510923 -0.00861468 -2.99454 -0.002867733 -3.167313 -0.1487471 -3.28304 0.01695631 -3.28304 0.01695631 -3.167626 -0.1292117 -3.167687 -0.1645806 7.613377 -0.4044013 7.641377 0.02799195 7.598685 -0.4036149 7.613377 -0.4044013 7.644906 0.02749722 7.641377 0.02799195 -2.996586 -0.4071939 -2.856509 0.02683724 -3.007151 -0.4044013 -2.996586 -0.4071939 -2.85934 0.02799195 -2.856509 0.02683724 7.645022 0.1573886 7.514561 0.001637019 7.71071 -0.07601483 7.644695 0.08924569 7.64314 -0.08306006 7.640433 0.1118502 -2.855604 0.1573886 -2.793698 -0.07601483 -2.858908 0.08924569 7.640433 0.1118502 7.64314 -0.08306006 7.514561 0.001637019 7.644695 0.08924569 7.71071 -0.07601483 7.64314 -0.08306006 7.71071 -0.07601483 7.643001 -0.06151167 7.64314 -0.08306006 7.71071 -0.07601483 7.642937 -0.08505774 7.643001 -0.06151167 7.514561 -2.740192 7.642937 -2.85837 7.71071 -2.793698 -2.740192 0.001637019 -2.859363 -0.08306006 -2.85837 -0.08505774 -3.000799 -0.3426378 -3.134342 -0.06545975 -3.010374 -0.3519267 7.61139 -0.3426378 7.398755 -0.0644024 7.401398 -0.06315914 7.599721 -0.3512052 7.398755 -0.0644024 7.61139 -0.3426378 -3.000603 -0.3512052 -3.134342 -0.06545975 -3.130843 -0.0644024 7.399888 0.03105187 7.523097 -0.03974564 7.399888 0.03733247 7.399888 -3.132509 7.231437 -3.137075 7.340465 -2.982242 7.399927 0.02663924 7.231437 -0.04989693 7.399888 0.03105187 7.399927 -3.132522 7.41543 -3.294498 7.231437 -3.137075 7.399888 0.03733247 7.523097 -0.03974564 7.399927 0.02663924 7.399888 -3.132509 7.340465 -2.982242 7.523097 -3.011238 7.399927 -3.132522 7.523097 -3.011238 7.41543 -3.294498 -3.011238 -0.03974564 -3.212392 -0.1612295 -3.294498 -0.04161999 7.231437 -3.137075 7.399864 -3.132541 7.340465 -2.982242 7.491675 -0.1612295 7.399818 -0.1533528 7.399864 -0.1576496 7.491675 -0.1612295 7.399878 -0.1463544 7.399818 -0.1533528 -2.998579 -0.2891268 -3.027569 -0.1021892 -3.030995 -0.1028905 7.599562 -0.2833728 7.698891 -0.1021892 7.611517 -0.2891268 7.693482 -0.04542182 7.702075 -0.007611453 7.834228 -0.09926101 7.702075 -0.007611453 7.68817 -0.1806947 7.834228 -0.09926101 -3.023005 -0.007611453 -3.0963 -0.1139303 -3.024635 -0.1806947 7.834228 -0.09926101 7.68817 -0.1806947 7.698255 -0.1967037 -3.0963 -0.1139303 -3.02963 -0.1967037 -3.029578 -0.1734718 7.6133 -0.330468 7.491936 0.04106863 7.602714 -0.3316842 -3.005395 -0.330468 -2.861637 0.03965762 -2.864826 0.04106863 -3.010978 -0.3316842 -2.8644 0.03993019 -2.996776 -0.3365557 -2.863543 0.1198765 -2.863452 0.132111 -2.745414 0.002389724 7.490689 -2.8636 7.628484 -2.920997 7.399288 -2.999307 7.490775 0.1198765 7.628484 0.05951237 7.490689 0.1207287 -2.863452 0.132111 -2.999307 0.06437519 -2.745414 0.002389724 -2.999307 0.06437519 -2.863701 -0.04916801 -2.745414 0.002389724 7.628484 0.05951237 7.490446 -0.04916801 7.399288 0.06437519 7.491202 -0.06585468 7.490446 -0.04916801 7.628484 0.05951237 -2.998621 -0.4204696 -3.152657 -0.06406797 -3.011123 -0.4261194 7.611507 -0.4204696 7.582826 -0.06389687 7.586236 -0.06406797 -3.011123 -0.4261194 -3.151764 -0.06389687 -2.99877 -0.4212344 7.584364 0.03319521 7.725278 -0.06500172 7.584363 0.0454897 7.584364 0.03319521 7.430682 -0.06420037 7.725278 -0.06500172 7.584373 0.04762248 7.584363 0.0454897 7.430682 -0.06420037 -3.06399 -0.06500172 -3.34365 -0.09249278 -3.153184 0.0454897 7.725278 -0.06500172 7.584377 -0.1920743 7.584327 -0.1800804 7.725278 -0.06500172 7.584377 -0.1673313 7.584377 -0.1920743 7.430682 -0.06420037 7.584327 -0.1800804 7.584377 -0.1673313 7.611462 -0.2742155 7.69532 -0.05749314 7.693128 -0.05619691 -2.998996 -0.2778449 -2.927579 -0.05749314 -3.009453 -0.2742155 7.693523 0.03277375 7.788209 -0.07486259 7.699298 0.03413634 7.699298 0.03413634 7.700277 -0.1018366 7.689682 -0.03760852 7.699298 0.03413634 7.788209 -0.07486259 7.700277 -0.1018366 7.689682 -0.03760852 7.700277 -0.1018366 7.693271 -0.1553968 7.788209 -0.07486259 7.693271 -0.1553968 7.693533 -0.1556962 7.610127 -0.3586179 7.372115 0.1076957 7.59889 -0.3642821 -2.996552 -0.3589006 -3.006868 0.1094663 -3.010601 -0.3586179 7.59889 -0.3642821 7.373506 0.108419 7.609403 -0.3589006 7.373738 0.2207887 7.233567 0.1080683 7.365076 0.2001575 7.373885 0.2076306 7.498766 0.08178485 7.233567 0.1080683 7.365076 0.2001575 7.498766 0.08178485 7.373885 0.2076306 7.233567 0.1080683 7.371557 0.009402504 7.365076 0.2001575 7.498766 0.08178485 7.373991 0.01371161 7.233567 0.1080683 7.233567 -3.049299 7.373906 -3.006782 7.371557 -3.003791 7.371557 0.009402504 7.373991 0.01371161 7.498766 0.08178485 7.613384 -0.2452099 7.764776 0.02859401 7.600481 -0.2419609 -3.002051 -0.2452099 -3.164382 0.03036438 -3.167185 0.02859401 7.60536 -0.2375223 7.764685 0.03036438 7.613384 -0.2452099 7.60536 -2.997306 7.761857 -3.166805 7.764685 -3.164382 7.763688 0.1861827 7.827375 0.1078269 7.738754 0.02086653 7.76147 0.07152258 7.763565 -0.1173972 7.827375 0.1078269 -3.243543 0.02086653 -3.165911 -0.1173972 -3.161287 0.07152258 7.585177 -0.7088657 7.618097 -0.7099435 7.618225 -0.09582956 -3.015759 -0.7099435 -2.990283 -0.09600419 -3.001592 -0.09582956 -2.994065 -0.7096362 -2.998194 -0.09566124 -2.990283 -0.09600419 7.598688 -0.4026458 7.611448 -0.4058012 7.679097 -0.02580406 -2.996144 -0.3996964 -3.165877 -0.02427045 -3.168929 -0.02580406 -2.996144 -0.3996964 -3.007035 -0.4026458 -3.167972 -0.02471214 -3.167635 0.09747452 -3.231675 -0.00861468 -2.99454 -0.002867733 -3.167635 0.09747452 -3.167627 0.08624232 -3.28304 0.01695631 -3.167627 0.08624232 -3.167618 0.09957431 -3.28304 0.01695631 -3.167618 0.09957431 -2.99454 -0.002867733 -3.28304 0.01695631 7.677432 -0.1487471 7.510923 -0.00861468 7.677526 -0.1645806 -3.28304 0.01695631 -3.167313 -0.1487471 -3.167626 -0.1292117 -3.007151 -0.4044013 -2.856509 0.02683724 -2.85878 0.02749722 -2.996586 -0.4071939 -3.005664 -0.4036149 -2.85934 0.02799195 -2.860623 0.1118502 -2.740192 0.001637019 -2.855604 0.1573886 7.61139 -0.3426378 7.401398 -0.06315914 7.399518 -0.06545975 -3.000603 -0.3512052 -3.010374 -0.3519267 -3.134342 -0.06545975 7.41543 -3.294498 7.491675 -3.212392 7.231437 -3.137075 7.523097 -3.011238 7.340465 -2.982242 7.491675 -3.212392 -2.982242 -0.06824893 -3.132541 -0.1576496 -3.132539 -0.1463544 7.231437 -3.137075 7.491675 -3.212392 7.399864 -3.132541 7.491675 -3.212392 7.340465 -2.982242 7.399878 -3.132539 7.604413 -0.2873341 7.699299 -0.1028905 7.69647 -0.1013408 -3.011706 -0.2873341 -2.998579 -0.2891268 -3.030995 -0.1028905 7.599562 -0.2833728 7.69647 -0.1013408 7.698891 -0.1021892 -3.001459 -0.2833728 -3.011706 -0.2873341 -3.030262 -0.1013408 7.693482 -0.04542182 7.834228 -0.09926101 7.698255 -0.1967037 7.68817 -0.1806947 7.646513 -0.1139303 7.69821 -0.1734718 -3.0963 -0.1139303 -3.037867 -0.04542182 -3.02963 -0.1967037 7.602714 -0.3316842 7.491936 0.04106863 7.488857 0.03993019 -3.005395 -0.330468 -2.996776 -0.3365557 -2.861637 0.03965762 -2.996776 -0.3365557 -2.8644 0.03993019 -2.861637 0.03965762 -2.863452 0.132111 -2.8636 0.1207287 -2.999307 0.06437519 7.490775 -2.863543 7.512913 -2.745414 7.628484 -2.920997 -2.920997 0.05951237 -2.745414 0.002389724 -2.863795 -0.06585468 -2.863795 -0.06585468 -2.745414 0.002389724 -2.863585 -0.0328547 -2.745414 0.002389724 -2.863701 -0.04916801 -2.863585 -0.0328547 -3.011123 -0.4261194 -3.152657 -0.06406797 -3.154995 -0.06519281 7.611507 -0.4204696 7.600464 -0.4212344 7.582826 -0.06389687 -3.011123 -0.4261194 -3.154995 -0.06519281 -3.151764 -0.06389687 7.584364 0.03319521 7.584373 0.04762248 7.430682 -0.06420037 7.430682 -3.133673 7.584363 -3.153184 7.630765 -3.34365 7.430682 -3.133673 7.630765 -3.34365 7.584327 -3.153187 7.630765 -3.34365 7.725278 -3.06399 7.584327 -3.153187 7.725278 -0.06500172 7.430682 -0.06420037 7.584377 -0.1673313 7.598714 -0.2714743 7.611462 -0.2742155 7.693128 -0.05619691 7.611118 -0.2778449 7.692653 -0.05727584 7.69532 -0.05749314 7.611118 -0.2778449 7.598714 -0.2714743 7.692653 -0.05727584 -3.002598 -0.2714743 -2.928674 -0.05619691 -2.925182 -0.05727584 7.693523 0.03277375 7.689682 -0.03760852 7.788209 -0.07486259 7.788209 -0.07486259 7.689682 -0.03760852 7.693271 -0.1553968 7.700277 -0.1018366 7.788209 -0.07486259 7.693533 -0.1556962 7.610127 -0.3586179 7.375608 0.1094663 7.372115 0.1076957 7.609403 -0.3589006 7.373506 0.108419 7.375608 0.1094663 -3.004246 -0.3642821 -3.00721 0.1076957 -3.00464 0.108419 7.373738 0.2207887 7.373885 0.2076306 7.233567 0.1080683 7.365076 0.2001575 7.371557 0.009402504 7.498766 0.08178485 7.233567 0.1080683 7.373991 0.01371161 7.373906 0.00611304 7.600481 -0.2419609 7.764776 0.02859401 7.761857 0.0305639 -2.997306 -0.2375223 -3.009224 -0.2419609 -3.166805 0.0305639 -3.161287 0.07152258 -3.166206 0.1861827 -3.243543 0.02086653 7.763688 0.1861827 7.76385 0.1645624 7.827375 0.1078269 7.76385 0.1645624 7.76147 0.07152258 7.827375 0.1078269 -3.243543 0.02086653 -3.15052 0.1078269 -3.166559 -0.1113729 -3.243543 0.02086653 -3.166559 -0.1113729 -3.165911 -0.1173972 7.549934 -0.7795661 7.580638 -0.2326138 7.574408 -0.2324637 -2.733223 -0.7802536 -2.740179 -0.2327696 -2.759044 -0.7805277 -2.753163 -0.7795661 -2.743179 -0.2324637 -2.733223 -0.7802536 -2.752412 -0.5040638 -2.673106 -0.05533727 -2.671025 -0.05591166 -2.7448 -0.5053916 -2.673106 -0.05533727 -2.752412 -0.5040638 7.568923 -0.5067064 7.552769 -0.05591166 7.55527 -0.05590691 7.554141 0.03173277 7.671628 -0.07265589 7.554267 0.03302769 -2.63818 -0.07265589 -2.783113 -0.05490916 -2.671598 0.01758508 -2.783113 -0.05490916 -2.671435 -0.1411486 -2.588451 -0.04800268 7.469478 -0.04800268 7.554251 -0.15015 7.671628 -0.07265589 -2.588451 -0.04800268 -2.671435 -0.1411486 -2.671562 -0.15015 7.57771 -0.4374159 7.466585 -0.1443763 7.568489 -0.4436102 -2.747926 -0.4374159 -2.889486 -0.1434472 -2.891721 -0.1443763 -2.890786 -0.07084037 -2.890785 -0.05845293 -2.807163 -0.1274539 -2.890785 -0.05845293 -2.88469 -0.2007372 -2.807163 -0.1274539 -2.807163 -0.1274539 -2.88469 -0.2007372 -2.890823 -0.2269602 -2.752781 -0.4904259 -2.722907 -0.2609932 -2.74231 -0.4887259 -2.745026 -0.4940964 -2.724185 -0.2623314 -2.752781 -0.4904259 -2.745026 -0.4940964 -2.721652 -0.2622202 -2.724185 -0.2623314 7.678995 -2.723112 7.649694 -2.80347 7.577143 -2.748644 7.577143 -2.748644 7.649694 -2.80347 7.679389 -2.721163 -2.80347 -0.2653954 -2.723115 -0.3521067 -2.721163 -0.3156668 -2.80347 -0.2653954 -2.723485 -0.3260531 -2.723115 -0.3521067 -2.745644 -0.4225518 -2.646273 -0.2337908 -2.644194 -0.2360584 -2.74119 -0.4167832 -2.64384 -0.2338997 -2.750677 -0.4117173 7.57437 -0.4167832 7.38295 -0.2360584 7.384683 -0.2338997 7.383682 -0.1410109 7.265708 -0.243399 7.493047 -0.2505402 -2.752195 -0.2395569 -2.554355 -0.243399 -2.644654 -0.1246712 -2.644736 -0.1249927 -2.558103 -0.2505402 -2.752195 -0.2395569 -2.554355 -0.243399 -2.752195 -0.2395569 -2.644777 -0.3287234 7.265708 -0.243399 7.383638 -0.3287234 7.384122 -0.3408226 -2.752195 -0.2395569 -2.645223 -0.3408226 -2.644796 -0.3437205 7.575847 -0.5108986 7.601056 -0.2660047 7.567332 -0.509897 -2.741132 -0.5046424 -2.86017 -0.2654172 -2.858472 -0.2645125 -2.859729 -0.2038087 -2.760373 -0.2970584 -2.86029 -0.1705846 7.599774 -0.2038087 7.539538 -0.267663 7.617996 -0.2970584 -2.859729 -0.2038087 -2.9716 -0.2526513 -2.859598 -0.267663 -2.859729 -0.2038087 -2.859776 -0.1809835 -2.9716 -0.2526513 -2.859776 -0.1809835 -2.86029 -0.1705846 -2.9716 -0.2526513 -2.86029 -0.1705846 -2.760373 -0.2970584 -2.9716 -0.2526513 -2.9716 -0.2526513 -2.859909 -0.3548118 -2.859598 -0.267663 -2.760373 -0.2970584 -2.859909 -0.3548118 -2.9716 -0.2526513 -2.859598 -0.267663 -2.859728 -0.3326137 -2.760373 -0.2970584 7.539538 -0.267663 7.601097 -0.3548118 7.599777 -0.3324669 -2.748227 -0.3697679 -2.671152 -0.2276452 -2.669441 -0.2285044 7.571973 -0.3762924 7.599549 -0.2285044 7.602379 -0.2292806 -2.748227 -0.3697679 -2.669441 -0.2285044 -2.741569 -0.3762924 7.602011 -0.1492163 7.593797 -0.3021976 7.600327 -0.1471833 -2.670465 -0.1492163 -2.668313 -0.1662267 -2.671642 -0.3043786 -2.670651 -0.1471833 -2.67631 -0.3021976 -2.579012 -0.2720322 -2.668313 -0.1662267 -2.579012 -0.2720322 -2.671642 -0.3043786 7.577449 -0.3409727 7.472367 -0.09035156 7.567957 -0.3465223 7.577449 -0.3409727 7.473037 -0.08942244 7.474697 -0.08896184 -2.740867 -0.3438922 -2.787909 -0.09035156 -2.785215 -0.08942244 7.348817 -0.09573201 7.473727 -0.1357159 7.474057 0.03369776 7.472917 0.03499071 7.581999 -0.1076295 7.348817 -0.09573201 7.473727 -0.1357159 7.581999 -0.1076295 7.474057 0.03369776 7.348817 -0.09573201 7.581999 -0.1076295 7.473087 -0.2076165 7.581999 -0.1076295 7.473359 -0.1926566 7.473087 -0.2076165 -2.752818 -0.4809114 -2.81338 -0.1416664 -2.744253 -0.474665 -2.752818 -0.4809114 -2.812418 -0.1431032 -2.814996 -0.1431643 7.56675 -0.474665 7.745314 -0.1431032 7.575576 -0.4803205 7.744208 -0.05757724 7.640333 -0.1663357 7.743977 -0.04037988 7.744208 -0.05757724 7.743773 -0.04512823 7.640333 -0.1663357 7.743773 -0.04512823 7.743977 -0.04037988 7.855263 -0.147382 -2.813279 -0.04037988 -2.676251 -0.1578896 -2.836163 -0.147382 -2.874616 -0.1663357 -2.676251 -0.1578896 -2.813279 -0.04037988 7.855263 -0.147382 7.640333 -0.1663357 7.743773 -0.04512823 -2.676251 -0.1578896 -2.874616 -0.1663357 -2.813329 -0.2419767 7.855263 -0.147382 7.744127 -0.2346736 7.640333 -0.1663357 7.640333 -0.1663357 7.744127 -0.2346736 7.744193 -0.2419767 7.855263 -0.147382 7.744203 -0.2152994 7.744127 -0.2346736 7.855263 -0.147382 7.744193 -0.2419767 7.744203 -0.2152994 7.570747 -0.4683934 7.522659 -0.2690095 7.520505 -0.2704688 -2.742466 -0.4718694 -2.666036 -0.2704296 -2.66852 -0.2690095 7.567582 -0.4744053 7.522349 -0.2704296 7.575862 -0.4718694 7.521892 -2.667399 7.560858 -2.582304 7.529311 -2.670581 7.521897 -2.667402 7.529311 -2.670581 7.417959 -2.693895 7.417959 -0.2481976 7.520582 -0.3802834 7.560858 -0.257059 -2.667192 -0.3802834 -2.666723 -0.375381 -2.582304 -0.257059 -2.582304 -0.257059 -2.666723 -0.375381 -2.769412 -0.3085094 7.580596 -2.769412 7.521884 -2.667407 7.417959 -2.693895 7.549934 -0.7795661 7.575567 -0.7805277 7.580638 -0.2326138 -2.759044 -0.7805277 -2.740179 -0.2327696 -2.749308 -0.2326138 7.561914 -0.7802536 7.574408 -0.2324637 7.582024 -0.2327696 -2.7448 -0.5053916 -2.670472 -0.05590691 -2.673106 -0.05533727 7.577349 -0.5053916 7.568923 -0.5067064 7.55527 -0.05590691 -2.740974 -0.5067064 -2.752412 -0.5040638 -2.671025 -0.05591166 7.554141 0.03173277 7.469478 -0.04800268 7.671628 -0.07265589 7.554211 0.01758508 7.554267 0.03302769 7.671628 -0.07265589 -2.671619 0.03173277 -2.783113 -0.05490916 -2.588451 -0.04800268 -2.671619 0.03173277 -2.671598 0.01758508 -2.783113 -0.05490916 -2.671435 -0.1411486 -2.783113 -0.05490916 -2.671572 -0.1304232 7.532501 -2.783113 7.671628 -2.63818 7.554247 -2.671572 7.671628 -0.07265589 7.554251 -0.15015 7.554247 -0.1304232 7.568489 -0.4436102 7.466585 -0.1443763 7.463905 -0.1449749 7.57771 -0.4374159 7.568109 -0.4378428 7.465434 -0.1434472 7.568109 -0.4378428 7.463905 -0.1449749 7.465434 -0.1434472 -2.741495 -0.4378428 -2.750459 -0.4436102 -2.890658 -0.1449749 7.46517 -0.05845293 7.478273 -0.1417985 7.469533 -0.2007372 -2.881517 -0.1417985 -2.890786 -0.07084037 -2.807163 -0.1274539 7.469533 -0.2007372 7.478273 -0.1417985 7.477451 -0.2279327 -2.881517 -0.1417985 -2.807163 -0.1274539 -2.890823 -0.2269602 7.477451 -0.2279327 7.478273 -0.1417985 7.465479 -0.2269602 7.57253 -0.4904259 7.679984 -0.2623314 7.677619 -0.2609932 7.576609 -0.4940964 7.567537 -0.4887259 7.679273 -0.2622202 7.567537 -0.4887259 7.677619 -0.2609932 7.679273 -0.2622202 7.678996 -0.1777731 7.577143 -0.2170704 7.679688 -0.1819245 7.678996 -0.1777731 7.678995 -0.1848954 7.577143 -0.2170704 -2.723112 -0.1848954 -2.722439 -0.1819245 -2.80347 -0.2653954 7.577143 -0.2170704 7.679389 -0.3156668 7.679688 -0.1819245 -2.722439 -0.1819245 -2.723485 -0.3260531 -2.80347 -0.2653954 -2.722439 -0.1819245 -2.721163 -0.3156668 -2.723485 -0.3260531 7.567854 -0.4225518 7.572881 -0.4117173 7.38344 -0.2337908 7.572881 -2.750677 7.384683 -2.64384 7.38344 -2.646273 7.57437 -0.4167832 7.567854 -0.4225518 7.38295 -0.2360584 7.383852 -0.1249927 7.336943 -0.2395569 7.383606 -0.1246712 7.383852 -0.1249927 7.383682 -0.1410109 7.493047 -0.2505402 7.383682 -0.1410109 7.383606 -0.1246712 7.265708 -0.243399 -2.558103 -0.2505402 -2.645223 -0.3408226 -2.752195 -0.2395569 7.493047 -0.2505402 7.265708 -0.243399 7.384122 -0.3408226 -2.752195 -0.2395569 -2.644796 -0.3437205 -2.644777 -0.3287234 7.567332 -0.509897 7.601056 -0.2660047 7.598322 -0.2654172 -2.750079 -0.5108986 -2.741132 -0.5046424 -2.860398 -0.2660047 -2.741132 -0.5046424 -2.858472 -0.2645125 -2.860398 -0.2660047 -2.741132 -0.5046424 -2.750599 -0.509897 -2.86017 -0.2654172 -2.859909 -0.3548118 -2.760373 -0.2970584 -2.859728 -0.3326137 7.539538 -0.267663 7.599777 -0.3324669 7.599774 -0.3326137 7.566117 -0.3697679 7.574837 -0.3699077 7.600934 -0.2276452 -2.751423 -0.3699077 -2.669475 -0.2292806 -2.671152 -0.2276452 -2.751423 -0.3699077 -2.741569 -0.3762924 -2.669475 -0.2292806 -2.670651 -0.1471833 -2.579012 -0.2720322 -2.668313 -0.1662267 7.602011 -0.1492163 7.600411 -0.3043786 7.593797 -0.3021976 -2.671642 -0.3043786 -2.579012 -0.2720322 -2.669885 -0.3083766 7.536893 -2.579012 7.593797 -2.67631 7.601049 -2.669885 7.577449 -0.3409727 7.474697 -0.08896184 7.472367 -0.09035156 7.577449 -0.3409727 7.568892 -0.3438922 7.473037 -0.08942244 -2.740867 -0.3438922 -2.750813 -0.3465223 -2.787909 -0.09035156 7.472289 0.03568933 7.348817 -0.09573201 7.474057 0.03369776 -2.787097 0.03499071 -2.786118 0.03369776 -2.828243 -0.1076295 7.472917 0.03499071 7.348817 -0.09573201 7.472289 0.03568933 7.348817 -0.09573201 7.473087 -0.2076165 7.473727 -0.1357159 7.581999 -0.1076295 7.473727 -0.1357159 7.473359 -0.1926566 7.572377 -0.4809114 7.744399 -0.1431643 7.742882 -0.1416664 -2.752818 -0.4809114 -2.742366 -0.4803205 -2.812418 -0.1431032 7.56675 -0.474665 7.742882 -0.1416664 7.745314 -0.1431032 -2.676251 -0.1578896 -2.813329 -0.2419767 -2.836163 -0.147382 -2.752225 -0.4683934 -2.742466 -0.4718694 -2.66852 -0.2690095 7.567582 -0.4744053 7.520505 -0.2704688 7.522349 -0.2704296 -2.742874 -0.4744053 -2.752225 -0.4683934 -2.667127 -0.2704688 -2.667399 -0.1800358 -2.667402 -0.1779041 -2.582304 -0.257059 7.521897 -0.1779041 7.417959 -0.2481976 7.560858 -0.257059 -2.769412 -0.3085094 -2.670581 -0.1779213 -2.582304 -0.257059 7.417959 -0.2481976 7.529311 -0.1779213 7.580596 -0.3085094 7.520582 -0.3802834 7.417959 -0.2481976 7.521884 -0.3529111 -2.769412 -0.3085094 -2.666723 -0.375381 -2.667407 -0.3529111 -3.385019 -0.6662406 -3.438913 0.2338475 -3.426419 0.2340946 7.475805 -0.6673718 7.467935 0.2335911 7.432831 -0.667823 7.437538 -0.6662406 7.460866 0.2340946 7.475805 -0.6673718 -3.410478 -0.1579096 -3.565894 0.5242277 -3.562018 0.524704 7.462217 -0.1634118 7.53998 0.5242277 7.444294 -0.1600857 -3.410478 -0.1579096 -3.565919 0.5234622 -3.429456 -0.1634118 7.483025 -3.535132 7.632263 -3.341851 7.542694 -3.564682 -3.56482 0.705111 -3.341851 0.5714207 -3.729029 0.457315 7.632263 -3.341851 7.448689 -3.44358 7.543087 -3.564505 7.483025 0.6202014 7.713497 0.457315 7.54264 0.367154 7.713497 0.457315 7.543087 0.343132 7.54264 0.367154 -3.412999 -0.1115776 -3.12628 0.4514982 -3.123106 0.4492064 7.465073 -0.1088689 7.507326 0.4514171 7.447401 -0.1015075 -3.420073 -0.1088689 -3.123106 0.4492064 -3.126989 0.4514171 7.450096 -0.1115776 7.50597 0.4492064 7.465073 -0.1088689 7.704214 0.4424152 7.435342 0.4248218 7.505141 0.6098479 7.505775 0.5489467 7.495275 0.4348038 7.704214 0.4424152 7.495275 0.4348038 7.5055 0.3183991 7.704214 0.4424152 -3.426268 -0.09374593 -3.512166 0.3567974 -3.411535 -0.08612339 7.444055 -0.09374593 7.307742 0.3563135 7.303446 0.3549242 -3.42773 -0.08665074 -3.512166 0.3567974 -3.517024 0.3563135 7.305599 -3.514946 7.362668 -3.639666 7.074549 -3.559306 -3.514994 0.5093746 -3.639666 0.48614 -3.514946 0.5297112 -3.322474 0.3990394 -3.393738 0.2384548 -3.639666 0.48614 7.480576 0.2384548 7.309379 0.1824697 7.362668 0.48614 7.074549 0.3477793 7.305715 0.1842325 7.33571 0.3990394 -3.422223 -0.1273396 -3.452161 0.3786102 -3.447925 0.3771573 7.45836 -0.1384641 7.820607 0.3786102 7.445452 -0.1273396 7.82267 0.5115513 7.822673 0.5051712 8.032477 0.4267119 7.822673 0.5051712 7.771911 0.5324208 8.030173 0.3460375 7.822666 0.4975103 7.771911 0.5324208 7.822673 0.5051712 7.771911 0.5324208 8.032477 0.4267119 7.674814 0.3366347 -3.45798 0.5324208 -3.636178 0.3366347 -3.441266 0.2721501 8.032477 -3.534474 8.030173 -3.392878 7.674814 -3.636178 8.030173 0.3460375 7.822666 0.2144351 7.822677 0.2214775 8.030173 0.3460375 7.818641 0.2721501 7.822666 0.2144351 -3.636178 0.3366347 -3.4506 0.2214775 -3.441266 0.2721501 7.445965 -0.1643371 7.32813 0.2242315 7.331418 0.2243065 -3.433091 -0.15485 -3.275689 0.2242315 -3.416903 -0.1643371 -3.415688 -0.1584511 -3.273101 0.2243065 -3.277929 0.2264979 7.330598 0.2593998 7.482756 0.2101404 7.330555 0.3656819 -3.275926 0.3656819 -3.192895 0.2101404 -3.545192 0.2119627 7.330598 0.2593998 7.324499 0.1947706 7.331812 0.06909693 7.482756 0.2101404 7.331812 0.06909693 7.330759 0.09621231 -3.545192 0.2119627 -3.275715 0.09621231 -3.277774 0.1947706 -3.422952 0.02485843 -3.599833 0.2007045 -3.415026 0.03505504 7.462771 -3.42766 7.444214 -3.602983 7.443057 -3.422952 -3.42766 0.02052608 -3.601005 0.1996163 -3.602983 0.1970641 7.456584 -3.415026 7.442666 -3.599833 7.447595 -3.601005 7.444802 0.3212528 7.445373 0.3569174 7.609688 0.1902751 7.444533 0.3513408 7.459779 0.154447 7.445373 0.3569174 7.444802 0.3212528 7.609688 0.1902751 7.444533 0.3513408 7.445373 0.3569174 7.459779 0.154447 7.609688 0.1902751 7.444533 0.3513408 7.449559 0.1878158 7.459779 0.154447 -3.601542 0.3513408 -3.647683 0.1723714 -3.594281 0.1878158 7.609688 0.1902751 7.432996 0.1723714 7.444533 0.3513408 7.609688 -3.736105 7.459779 -3.589402 7.432996 -3.647683 7.445522 -0.2652766 7.555344 0.2330264 7.558267 0.2316958 -3.433356 -0.2618719 -3.295165 0.2330264 -3.415463 -0.2652766 -3.294577 0.3915636 -3.296273 0.4285708 -3.412391 0.1378747 7.559069 0.4138904 7.726381 0.188836 7.557628 0.4285708 7.559069 0.4138904 7.558125 0.08110488 7.726381 0.188836 7.559069 0.4138904 7.556515 0.3915636 7.558125 0.08110488 7.726381 0.188836 7.434044 0.1378747 7.557628 0.4285708 7.556515 0.3915636 7.434044 0.1378747 7.558125 0.08110488 -3.412391 0.1378747 -3.295481 0.0551894 -3.292814 0.08110488 7.726381 0.188836 7.558125 0.08110488 7.557984 0.05225331 7.444036 -0.1617826 7.265818 0.3217867 7.459822 -0.1548798 7.454774 -0.1570733 7.270285 0.3237629 7.265818 0.3217867 -3.412987 -0.1548798 -3.419861 0.323533 -3.424009 0.3237629 -3.227764 0.331761 -3.56125 0.3134079 -3.42211 0.4787739 7.266709 0.4987049 7.411973 0.3134079 7.064596 0.2895416 -3.227764 0.331761 -3.421626 0.1542326 -3.422027 0.1850877 7.064596 0.2895416 7.268379 0.1789404 7.268192 0.1542326 -3.415481 0.001542569 -3.496679 0.4892265 -3.493121 0.489144 7.453049 -0.003377067 7.558357 0.4879201 7.553365 0.4892265 -3.418473 -0.003697911 -3.497428 0.4879201 -3.432704 -0.003377067 7.444767 0.001542569 7.556285 0.489144 7.464731 -0.003697911 7.556014 0.6380041 7.405294 0.5772458 7.614148 0.6347738 7.614148 0.6347738 7.541984 0.3015405 7.557334 0.6779971 7.405294 -3.598195 7.492235 -3.326986 7.614148 -3.476989 7.557334 0.6779971 7.541984 0.3015405 7.405294 0.5772458 -3.385019 -0.6662406 -3.432063 -0.667823 -3.438913 0.2338475 7.432831 -0.667823 7.467935 0.2335911 7.451339 0.2338475 -3.40189 -0.6673718 -3.426419 0.2340946 -3.439325 0.2335911 -3.410478 -0.1579096 -3.426545 -0.1600857 -3.565894 0.5242277 7.462217 -0.1634118 7.545128 0.5234622 7.53998 0.5242277 -3.410478 -0.1579096 -3.562018 0.524704 -3.565919 0.5234622 -3.564682 0.6653689 -3.341851 0.5714207 -3.56482 0.705111 7.543184 0.705111 7.713497 0.457315 7.483025 0.6202014 -3.535132 0.6202014 -3.44358 0.3822244 -3.341851 0.5714207 -3.729029 0.457315 -3.341851 0.5714207 -3.564505 0.343132 -3.44358 0.3822244 -3.535132 0.6202014 -3.564801 0.367154 -3.412999 -0.1115776 -3.429229 -0.1015075 -3.12628 0.4514982 7.447401 -0.1015075 7.507326 0.4514171 7.50246 0.4514982 7.505141 0.6098479 7.505775 0.5489467 7.704214 0.4424152 -3.126813 0.6098479 -3.303113 0.4248218 -3.126017 0.4348038 7.435342 0.4248218 7.704214 0.4424152 7.503673 0.3007315 -3.126017 0.4348038 -3.303113 0.4248218 -3.127213 0.3007315 7.503673 0.3007315 7.704214 0.4424152 7.5055 0.3183991 -3.426268 -0.09374593 -3.516003 0.3549242 -3.512166 0.3567974 7.444055 -0.09374593 7.46368 -0.08665074 7.307742 0.3563135 -3.42773 -0.08665074 -3.411535 -0.08612339 -3.512166 0.3567974 -3.514994 0.5093746 -3.322474 0.3990394 -3.639666 0.48614 -3.514994 0.5093746 -3.515019 0.5047655 -3.322474 0.3990394 -3.515019 0.5047655 -3.514946 0.5297112 -3.322474 0.3990394 7.305599 -3.514946 7.074549 -3.559306 7.33571 -3.322474 7.074549 0.3477793 7.362668 0.48614 7.309379 0.1824697 7.309379 0.1824697 7.480576 0.2384548 7.305752 0.2202482 7.480576 0.2384548 7.305715 0.1842325 7.305752 0.2202482 7.480576 0.2384548 7.33571 0.3990394 7.305715 0.1842325 7.074549 -3.559306 7.309379 -3.516665 7.305715 -3.515 7.45836 -0.1384641 7.824722 0.375264 7.820607 0.3786102 -3.431412 -0.1384641 -3.414979 -0.1398915 -3.451665 0.375264 -3.414979 -0.1398915 -3.447925 0.3771573 -3.451665 0.375264 7.461355 -0.1398915 7.445452 -0.1273396 7.822703 0.3771573 7.822666 0.4975103 7.82267 0.5115513 8.032477 0.4267119 7.822666 -3.450633 8.032477 -3.534474 7.771911 -3.45798 8.032477 -3.534474 7.822673 -3.450632 8.030173 -3.392878 7.771911 0.5324208 7.818641 0.2721501 8.030173 0.3460375 7.674814 0.3366347 8.030173 0.3460375 7.822677 0.2214775 7.452675 -0.15485 7.331718 0.2264979 7.32813 0.2242315 -3.433091 -0.15485 -3.415688 -0.1584511 -3.277929 0.2264979 7.463485 -0.1584511 7.445965 -0.1643371 7.331418 0.2243065 7.326142 0.3917135 7.330555 0.3656819 7.324499 0.1947706 -3.275926 0.3656819 -3.545192 0.2119627 -3.277774 0.1947706 -3.270518 0.2593998 -3.278877 0.3917135 -3.277774 0.1947706 7.482756 0.2101404 7.330598 0.2593998 7.331812 0.06909693 7.417088 -3.545192 7.482756 -3.192895 7.330759 -3.275715 -3.422952 0.02485843 -3.602983 0.1970641 -3.599833 0.2007045 -3.42766 0.02052608 -3.415026 0.03505504 -3.601005 0.1996163 7.453023 -0.2618719 7.559577 0.2327853 7.555344 0.2330264 -3.433356 -0.2618719 -3.416781 -0.2691667 -3.297853 0.2327853 -3.416781 -0.2691667 -3.292984 0.2316958 -3.297853 0.2327853 7.463525 -0.2691667 7.445522 -0.2652766 7.558267 0.2316958 7.434044 0.1378747 7.557984 0.05225331 7.557958 0.0551894 7.434044 0.1378747 7.726381 0.188836 7.557984 0.05225331 7.444036 -0.1617826 7.454774 -0.1570733 7.265818 0.3217867 -3.433314 -0.1570733 -3.412987 -0.1548798 -3.424009 0.3237629 7.459822 -0.1548798 7.265818 0.3217867 7.26975 0.323533 -3.422437 0.4987049 -3.42211 0.4787739 -3.56125 0.3134079 -3.42211 0.4787739 -3.422131 0.4505391 -3.227764 0.331761 -3.422131 0.4505391 -3.422437 0.4987049 -3.227764 0.331761 7.266709 0.4987049 7.064596 0.2895416 7.351184 0.331761 7.064596 0.2895416 7.268192 0.1542326 7.351184 0.331761 -3.227764 0.331761 -3.422027 0.1850877 -3.56125 0.3134079 -3.56125 0.3134079 -3.422027 0.1850877 -3.422126 0.1789404 7.064596 0.2895416 7.411973 0.3134079 7.268379 0.1789404 -3.415481 0.001542569 -3.432704 -0.003377067 -3.496679 0.4892265 -3.418473 -0.003697911 -3.493121 0.489144 -3.497428 0.4879201 7.556014 0.6380041 7.557334 0.6779971 7.405294 0.5772458 7.614148 0.6347738 7.560311 0.2758453 7.541984 0.3015405 -3.476989 0.6347738 -3.326986 0.3997481 -3.496538 0.2758453 -3.598195 0.5772458 -3.507343 0.3015405 -3.326986 0.3997481 -3.326986 0.3997481 -3.507343 0.3015405 -3.495671 0.2891419 -3.496538 0.2758453 -3.326986 0.3997481 -3.495671 0.2891419 5.073757 -0.5928245 5.074112 -0.1883225 5.067395 -0.1882114 5.056169 -0.5933329 5.065517 -0.1884377 5.082802 -0.5935357 5.073757 -0.5928245 5.067395 -0.1882114 5.056169 -0.5933329 5.076512 -0.345703 5.125277 -0.08913085 5.067388 -0.3423594 5.066672 -0.3453797 5.123552 -0.08932724 5.126187 -0.09002196 -0.2367286 -0.3423594 -0.122962 -0.08932724 -0.2274109 -0.3453797 5.067388 -0.3423594 5.125277 -0.08913085 5.123552 -0.08932724 5.136276 -0.0221395 5.038588 -0.1057608 5.123866 -0.01502195 5.126453 -0.02278305 5.126195 -0.1658148 5.136276 -0.0221395 -0.1239061 -0.0221395 -0.1222929 -0.1658148 -0.1241296 -0.1570577 5.038588 -0.1057608 5.125051 -0.1579459 5.126195 -0.1658148 5.072881 -0.2374184 4.91414 -0.3039117 4.914397 -0.3061092 5.066922 -0.3014973 4.91414 -0.2338559 5.071166 -0.2928728 5.066922 -0.2292235 4.914397 -0.3061092 4.913135 -0.3040987 4.913561 -0.1536641 4.812699 -0.2144335 4.912647 -0.144966 -0.3049138 -0.149191 -0.3040604 -0.144966 -0.2171462 -0.2318033 4.912647 -0.144966 4.812699 -0.2144335 4.977624 -0.2318033 -0.3049138 -0.149191 -0.2171462 -0.2318033 -0.4060944 -0.2275237 -0.3051897 -0.1536641 -0.4060944 -0.2275237 -0.2563395 -0.2144335 5.004183 -0.3034697 4.880404 -0.3071844 4.946672 -0.4060944 5.004183 -0.3034697 4.977624 -0.2171462 4.913999 -0.3048172 4.880404 -0.311966 4.913999 -0.3154058 4.913865 -0.3118211 -0.2171462 -0.2318033 -0.3047027 -0.3051102 -0.3048172 -0.3154058 5.073294 -0.2269683 5.25693 -0.3060439 5.072573 -0.235405 5.066486 -0.2319571 5.255092 -0.3062799 5.256471 -0.3041007 5.072573 -0.3508208 5.255092 -0.2090406 5.066486 -0.3428716 5.256173 -0.3055007 5.328861 -0.3676337 5.154889 -0.4183173 -0.4183173 -0.1944358 -0.2289012 -0.2002546 -0.3054823 -0.1381144 -0.2289012 -0.2002546 -0.4183173 -0.1944358 -0.2973804 -0.2866546 -0.2289012 -0.2002546 -0.2973804 -0.2866546 -0.3053343 -0.2822346 5.328861 -0.3676337 5.256155 -0.3055582 5.154889 -0.4183173 -0.2289012 -0.2002546 -0.3053343 -0.2822346 -0.3676337 -0.2150937 5.328861 -0.2150937 5.256653 -0.2822346 5.256155 -0.2682584 5.066688 -0.3661591 4.977966 -0.2032694 5.075732 -0.3612897 -0.2291083 -0.3661591 -0.06209946 -0.2020557 -0.06015659 -0.2032694 -0.06166384 -0.1045137 -0.05856018 -0.1658089 -0.1594104 -0.204124 -0.05893989 -0.1426139 -0.03627684 -0.2928264 -0.05856018 -0.1658089 -0.05893989 -0.1426139 -0.1594104 -0.204124 -0.03627684 -0.2928264 -0.1594104 -0.204124 -0.05856018 -0.1658089 -0.0613044 -0.2908703 -0.06099011 -0.2970926 -0.0613044 -0.2908703 -0.05856018 -0.1658089 5.073827 -0.3228651 5.025658 -0.08507426 5.023753 -0.08567534 -0.2272383 -0.3176137 -0.4177897 -0.08507426 -0.2359863 -0.3228651 -0.4172127 -0.03221764 -0.3068283 -0.09507447 -0.415719 -0.0112728 -0.4172127 -0.03221764 -0.4173327 -0.02055708 -0.3068283 -0.09507447 -0.4173327 -0.02055708 -0.416754 -0.1088043 -0.3068283 -0.09507447 -0.3068283 -0.09507447 -0.4175826 -0.1229537 -0.415719 -0.0112728 5.023371 -0.02055708 5.02024 -0.1195114 5.023642 -0.1088043 -0.3068283 -0.09507447 -0.416754 -0.1088043 -0.4175826 -0.1229537 -0.2343156 -0.343722 -0.1664106 -0.07651308 -0.1691197 -0.07585458 -0.2261244 -0.34323 -0.1664106 -0.07651308 -0.2343156 -0.343722 5.069353 -0.34323 5.18103 -0.07573005 5.183004 -0.07651308 -0.167669 0.009739489 -0.04416929 -0.08864046 -0.1678762 0.02611749 5.155537 -0.1575551 5.209607 -0.04416929 5.182331 -0.167669 -0.1678762 0.02611749 -0.04416929 -0.08864046 -0.2927187 -0.08697439 -0.1575551 -0.01946486 -0.1681507 -0.1708208 -0.04416929 -0.08864046 -0.2927187 -0.08697439 -0.167864 -0.1718969 -0.1677776 -0.157335 -0.2258117 -0.3866019 -0.2040655 -0.07187743 -0.236908 -0.3853664 5.072176 -0.3866019 4.873748 -0.0729186 4.875959 -0.07187743 5.073181 -0.3853664 4.874688 -0.07232876 5.065236 -0.389509 -0.1067537 -0.03518682 -0.2057399 -0.02543793 -0.2050335 0.003243787 4.811007 -0.08075347 4.874969 -0.1292477 4.868373 -0.1447605 -0.2326284 -0.3422075 -0.3640818 -0.1577327 -0.3661798 -0.1581931 5.067407 -0.3361942 5.170145 -0.1577327 5.075339 -0.3422075 5.067407 -0.3361942 5.167638 -0.1570369 5.170145 -0.1577327 -0.2359117 -0.3400595 -0.3647468 -0.1570369 -0.2281192 -0.3361942 5.168947 -0.3649196 5.274618 -0.464114 5.094018 -0.4592886 5.168947 -0.08205438 5.170442 -0.07948527 5.274618 -0.1716702 -0.2370201 -0.2013854 -0.464114 -0.1716702 -0.3644966 -0.07948527 -0.2665148 -0.1185544 -0.4592886 -0.1644682 -0.2370201 -0.2013854 -0.2370201 -0.2013854 -0.3649366 -0.2420789 -0.3649272 -0.2320717 -0.2370201 -0.2013854 -0.3649272 -0.2320717 -0.3649341 -0.2439765 5.067169 -0.4064489 5.087352 -0.08435322 5.076073 -0.4049926 -0.237185 -0.4020327 -0.05213078 -0.0836241 -0.2271449 -0.4064489 5.067907 -0.4020327 5.087966 -0.08328793 5.085529 -0.0836241 -0.05196703 -0.01701045 -0.1076003 -0.01105434 -0.05196825 -0.01656931 5.084899 0.005815457 5.057895 -0.1087948 5.127322 -0.08976177 0.002261879 -0.08976177 -0.05272194 -0.1445335 -0.1076003 -0.01105434 5.127322 -0.08976177 5.057895 -0.1087948 5.087073 -0.1626857 -0.2535247 -0.5928245 -0.2296567 -0.5935357 -0.2234925 -0.1883225 5.082802 -0.5935357 5.065517 -0.1884377 5.074112 -0.1883225 -0.2393682 -0.5933329 -0.2286719 -0.1882114 -0.2209529 -0.1884377 -0.2313867 -0.345703 -0.1222354 -0.09002196 -0.1244074 -0.08913085 5.076512 -0.345703 5.066672 -0.3453797 5.126187 -0.09002196 5.123866 -0.01502195 5.038588 -0.1057608 5.126453 -0.02278305 5.136276 -0.0221395 5.125433 -0.1570577 5.038588 -0.1057608 5.126453 -0.02278305 5.038588 -0.1057608 5.126195 -0.1658148 5.038588 -0.1057608 5.125433 -0.1570577 5.125051 -0.1579459 5.072881 -0.2374184 5.071166 -0.2289743 4.91414 -0.3039117 5.066922 -0.3014973 4.913135 -0.2360273 4.91414 -0.2338559 5.066922 -0.2292235 5.072881 -0.2374184 4.914397 -0.3061092 -0.3051897 -0.1536641 -0.3049138 -0.149191 -0.4060944 -0.2275237 -0.2171462 -0.2318033 -0.3034697 -0.2801781 -0.4060944 -0.2275237 4.812699 -0.2144335 4.880404 -0.311966 4.977624 -0.2318033 -0.2563395 -0.2144335 -0.4060944 -0.2275237 -0.3071844 -0.311966 4.977624 -0.2171462 4.880404 -0.3071844 4.913899 -0.3047027 4.880404 -0.311966 4.913865 -0.3118211 4.913899 -0.3051102 4.880404 -0.311966 5.004183 -0.2801781 4.913999 -0.3154058 -0.2269683 -0.3480053 -0.3041007 -0.2095952 -0.3060439 -0.2109094 5.073294 -0.3480053 5.066486 -0.3428716 5.256471 -0.2095952 5.072573 -0.3508208 5.25693 -0.2109094 5.255092 -0.2090406 -0.3054975 -0.14772 -0.3054823 -0.1381144 -0.2289012 -0.2002546 -0.3054823 -0.1381144 -0.3055007 -0.152461 -0.4183173 -0.1944358 5.256173 -0.152461 5.256153 -0.14772 5.328861 -0.2150937 -0.3054975 -0.14772 -0.2289012 -0.2002546 -0.3676337 -0.2150937 5.154889 -0.1944358 5.256155 -0.2682584 5.255428 -0.2866546 5.068738 -0.2365684 5.075732 -0.2300141 4.979128 -0.0617099 -0.2300141 -0.3612897 -0.06015659 -0.2032694 -0.0617099 -0.2014265 -0.2291083 -0.3661591 -0.2365684 -0.3589446 -0.06209946 -0.2020557 5.068738 -0.2365684 4.979128 -0.0617099 4.977017 -0.06209946 -0.06166384 -0.1045137 -0.1594104 -0.204124 -0.05893989 -0.1426139 -0.05856018 -0.1658089 -0.03627684 -0.2928264 -0.06099011 -0.2970926 -0.03627684 -0.2928264 -0.1594104 -0.204124 -0.0613044 -0.2908703 -0.2272383 -0.3176137 -0.4160089 -0.08425718 -0.4177897 -0.08507426 -0.2272383 -0.3176137 -0.2327406 -0.3222939 -0.4160089 -0.08425718 -0.2327406 -0.3222939 -0.4182831 -0.08567534 -0.4160089 -0.08425718 5.064448 -0.3222939 5.073827 -0.3228651 5.023753 -0.08567534 5.023371 -0.02055708 5.027119 -0.0112728 5.02024 -0.1195114 5.02024 -0.1195114 5.027119 -0.0112728 5.027593 -0.1229537 -0.2261244 -0.34323 -0.2332467 -0.3403702 -0.1670744 -0.07573005 -0.2332467 -0.3403702 -0.1691197 -0.07585458 -0.1670744 -0.07573005 5.064798 -0.3403702 5.075472 -0.343722 5.182563 -0.07585458 -0.1678762 0.02611749 -0.2927187 -0.08697439 -0.1575551 -0.01946486 -0.04416929 -0.08864046 -0.167864 -0.1718969 -0.2927187 -0.08697439 -0.1575551 -0.01946486 -0.2927187 -0.08697439 -0.1681507 -0.1708208 -0.1681507 -0.1708208 -0.2927187 -0.08697439 -0.1677776 -0.157335 5.183498 -0.167864 5.209607 -0.04416929 5.180533 -0.1681507 -0.236908 -0.3853664 -0.2040655 -0.07187743 -0.2065596 -0.07232876 5.072176 -0.3866019 5.065236 -0.389509 4.873748 -0.0729186 -0.2331574 -0.389509 -0.2065596 -0.07232876 -0.204612 -0.0729186 -0.2057399 -0.02543793 -0.2953413 -0.08075347 -0.2051034 -0.001674167 -0.2050335 0.003243787 -0.2051034 -0.001674167 -0.1067537 -0.03518682 -0.2051034 -0.001674167 -0.2953413 -0.08075347 -0.1067537 -0.03518682 -0.2953413 -0.08075347 -0.2057399 -0.02543793 -0.2106747 -0.1364234 -0.1067537 -0.03518682 -0.2953413 -0.08075347 -0.1979535 -0.1447605 -0.2057399 -0.02543793 -0.1979535 -0.1447605 -0.2106747 -0.1364234 -0.2057399 -0.02543793 -0.1067537 -0.03518682 -0.1979535 -0.1447605 -0.2953413 -0.08075347 -0.2106747 -0.1364234 -0.2050491 -0.1292477 -0.2359117 -0.3400595 -0.3661798 -0.1581931 -0.3647468 -0.1570369 5.065956 -0.3400595 5.075339 -0.3422075 5.168401 -0.1581931 -0.3649007 -0.07532732 -0.3649196 -0.08205438 -0.4592886 -0.1644682 -0.3644966 -0.07948527 -0.3649007 -0.07532732 -0.2665148 -0.1185544 5.168823 -0.3649007 5.094018 -0.4592886 5.108538 -0.2665148 5.108538 -0.1185544 5.162029 -0.2013854 5.170442 -0.07948527 -0.2370201 -0.2013854 -0.4592886 -0.1644682 -0.3649366 -0.2420789 5.094018 -0.4592886 5.274618 -0.464114 5.168792 -0.3649366 5.274618 -0.1716702 5.168934 -0.2439765 5.168792 -0.2420789 -0.464114 -0.1716702 -0.2370201 -0.2013854 -0.3649341 -0.2439765 5.067907 -0.4020327 5.076073 -0.4049926 5.087966 -0.08328793 -0.2312644 -0.4049926 -0.05065191 -0.08435322 -0.05311424 -0.08328793 -0.2271449 -0.4064489 -0.05213078 -0.0836241 -0.05065191 -0.08435322 -0.05196825 -0.01656931 -0.1076003 -0.01105434 -0.05145081 0.005815457 -0.05196703 -0.01701045 0.002261879 -0.08976177 -0.1076003 -0.01105434 -0.05196703 -0.01701045 -0.05145081 0.005815457 0.002261879 -0.08976177 -0.1076003 -0.01105434 -0.05812659 -0.1087948 -0.05145081 0.005815457 5.098721 -0.01105434 5.089386 -0.1445335 5.057895 -0.1087948 -0.05272194 -0.1445335 0.002261879 -0.08976177 -0.05205909 -0.1626857 -1.017335 -0.4738427 -1.054405 0.3607466 -1.041568 0.3609757 -1.017622 -0.4748917 -1.04919 0.3605089 -1.055279 -0.47531 4.130781 -0.4738427 4.16262 0.3609757 4.165993 -0.4748917 4.160239 0.05098024 4.452615 0.4647339 4.1491 0.06455469 -1.046638 0.05098024 -1.137804 0.4619755 -1.141567 0.4615945 -1.031394 0.05897065 -1.137804 0.4619755 -1.046638 0.05098024 4.1575 0.05897065 4.452615 0.4647339 4.455891 0.4619755 4.454493 0.5795352 4.342556 0.4157331 4.456703 0.41671 4.454493 0.5795352 4.450486 0.6095257 4.342556 0.4157331 -1.132379 0.41671 -1.284767 0.4433745 -1.13764 0.6095257 -1.13764 0.6095257 -1.284767 0.4433745 -1.023045 0.4157331 -1.284767 0.4433745 -1.139939 0.3403323 -1.023045 0.4157331 -1.132379 0.41671 -1.139597 0.3370758 -1.139589 0.3499831 -1.132379 0.41671 -1.139939 0.3403323 -1.139597 0.3370758 -1.046166 0.003526684 -0.9226123 0.3106071 -1.032499 -0.001986064 4.165236 0.006543458 4.089911 0.3125535 4.148416 0.003526684 -1.042217 0.006543458 -0.9206835 0.310488 -0.9241522 0.3125535 4.088396 0.4674945 4.16511 0.307764 3.930558 0.2866365 -0.9227927 0.478631 -0.8705638 0.2395949 -1.083272 0.307764 4.087536 0.4993603 3.930558 0.2866365 4.087577 0.1969721 4.255443 -0.8705638 4.087577 -0.9195637 4.16511 -1.083272 3.930558 0.2866365 4.088395 0.1427697 4.088395 0.142746 -1.083272 0.307764 -0.9195637 0.1969721 -0.9227598 0.1427697 -1.041624 0.003964962 -1.219896 0.3189921 -1.033257 0.01328857 -1.041624 0.003964962 -1.222634 0.3172068 -1.219896 0.3189921 4.158201 0.01328857 4.098211 0.3189921 4.102563 0.3195435 4.100026 -1.220646 4.104193 -1.022314 4.2941 -1.178519 -1.220841 0.4398939 -1.370859 0.3009879 -1.220646 0.4644224 -1.220646 0.4644224 -1.228982 0.2627488 -1.022314 0.3069534 4.100026 0.4644224 4.118139 0.3009879 3.927482 0.2627488 3.927482 -1.228982 4.118139 -1.370859 4.100232 -1.220922 -1.370859 0.3009879 -1.22084 0.1916324 -1.220922 0.1818814 -1.022314 0.3069534 -1.220492 0.2026136 -1.22084 0.1916324 4.15957 0.1021012 4.366374 0.6291614 4.147529 0.1037437 -1.049616 0.1021012 -0.8859305 0.6266289 -0.8897345 0.6284452 4.147529 0.1037437 4.369908 0.6266289 4.16093 0.0951706 4.368545 0.744161 4.368504 0.7659325 4.180859 0.6741177 -0.7382025 0.6724774 -1.086956 0.6109858 -0.8882629 0.7659325 -1.086956 0.6109858 -0.8878756 0.4862842 -0.8418898 0.6741177 4.509847 -0.7382025 4.36859 -0.8857503 4.547239 -0.9248429 4.36859 0.4990434 4.368542 0.5118331 4.547239 0.5581489 -1.086956 0.6109858 -0.887636 0.5118331 -0.8878756 0.4862842 -1.048317 -0.0602584 -0.9873655 0.5144621 -1.031251 -0.05973871 4.154243 -0.05973871 3.874538 0.5163185 4.163749 -0.05198239 4.154243 -0.05973871 3.871731 0.5144621 3.874538 0.5163185 3.873237 0.6561481 4.057276 0.5117273 3.873257 0.661522 3.873237 -0.9887435 3.791196 -0.8331477 4.057276 -0.9420061 3.872825 0.6997154 4.057276 0.5117273 3.738899 0.4677633 -0.8331477 0.5446256 -1.130144 0.4677633 -0.9885405 0.359154 4.057276 0.5117273 3.873239 0.3580933 3.738899 0.4677633 4.057276 0.5117273 3.873249 0.359154 3.873239 0.3580933 -1.130144 0.4677633 -0.9887731 0.3580933 -0.9887612 0.3788723 -1.03567 0.03090836 -1.23436 0.3554341 -1.230946 0.3564881 -1.048265 0.01964512 -1.23436 0.3554341 -1.03567 0.03090836 4.152764 0.01964512 4.307425 0.3536685 4.304248 0.3554341 4.30613 0.4914955 4.309463 0.5451925 4.428165 0.366219 -1.232575 0.5232242 -1.10125 0.3670914 -1.233524 0.5451925 -1.232906 0.4914955 -1.347803 0.366219 -1.232575 0.5232242 4.302235 0.5232242 4.428165 0.366219 4.279836 0.2339805 -1.10125 0.3670914 -1.347803 0.366219 -1.233524 0.5451925 -1.232575 0.5232242 -1.379915 0.2339805 -1.10125 0.3670914 -1.10125 0.3670914 -1.233166 0.18633 -1.347803 0.366219 4.302908 0.19403 4.306983 0.18633 4.243606 0.3670914 -1.379915 0.2339805 -1.226855 0.19403 -1.10125 0.3670914 -1.046689 0.07862221 -0.8884905 0.4357919 -1.031924 0.07012089 4.148849 0.07862221 4.160453 0.4372487 4.156424 0.4377521 -1.031924 0.07012089 -0.8910796 0.4372487 -1.04263 0.0761592 -0.8891432 0.5188212 -0.8864364 0.3910231 -0.8936713 0.3920491 -0.8891432 0.5188212 -0.8975922 0.4264971 -0.8864364 0.3910231 -1.034189 -0.07997249 -1.203582 0.3803061 -1.199879 0.3823909 -1.035095 -0.07322913 -1.202282 0.3829147 -1.048691 -0.08376324 4.149171 -0.07997249 3.96816 0.3823909 4.162026 -0.07322913 3.96899 0.4787378 4.129283 0.3951302 3.967853 0.5121778 3.96899 0.515196 4.129283 0.3951302 3.96899 0.4787378 -1.202846 0.5121778 -1.119637 0.3992297 -1.201956 0.515196 -1.202846 0.5121778 -1.409897 0.3644946 -1.119637 0.3992297 4.129283 0.3951302 3.96771 0.2454961 3.969019 0.2696267 3.839663 0.3992297 3.96771 0.2454961 4.129283 0.3951302 -1.409897 0.3644946 -1.201965 0.2691108 -1.119637 0.3992297 4.129283 -1.15846 3.969019 -1.201937 3.987302 -1.409897 4.158421 0.05626079 4.451944 0.3221185 4.150502 0.06819212 4.158639 -1.031713 4.454359 -1.029988 4.158421 -1.049155 4.158639 0.05479234 4.451944 0.3221185 4.454044 0.3186659 4.45503 0.4842656 4.673061 0.3152602 4.453383 0.4435267 4.45503 0.4842656 4.401943 0.3011171 4.673061 0.3152602 -1.02851 0.4266666 -1.028031 0.2016785 -0.8573601 0.3011171 4.453383 0.4435267 4.673061 0.3152602 4.450923 0.2016785 4.673061 0.3152602 4.454209 0.1798806 4.450923 0.2016785 -0.8573601 0.3011171 -1.028031 0.2016785 -1.02939 0.166491 -1.017335 -0.4738427 -1.055279 -0.47531 -1.054405 0.3607466 4.142825 -0.47531 4.172388 0.3605089 4.159419 0.3607466 4.165993 -0.4748917 4.16262 0.3609757 4.172388 0.3605089 4.160239 0.05098024 4.455015 0.4615945 4.452615 0.4647339 4.1575 0.05897065 4.1491 0.06455469 4.452615 0.4647339 -1.284767 0.4433745 -1.132379 0.41671 -1.139589 0.3499831 4.456703 0.41671 4.342556 0.4157331 4.454775 0.3403323 -1.139939 0.3403323 -1.284767 0.4433745 -1.139589 0.3499831 4.148416 0.003526684 4.089911 0.3125535 4.086115 0.3106071 4.165236 0.006543458 4.154001 -0.001986064 4.089059 0.310488 4.154001 -0.001986064 4.086115 0.3106071 4.089059 0.310488 4.088396 0.4674945 3.930558 0.2866365 4.087536 0.4993603 -0.9227561 0.4674945 -0.9227927 0.478631 -1.083272 0.307764 4.088514 0.478631 4.087536 0.4993603 4.255443 0.2395949 4.087536 0.4993603 4.087577 0.1969721 4.255443 0.2395949 3.930558 0.2866365 4.088395 0.142746 4.087577 0.1969721 3.930558 0.2866365 4.16511 0.307764 4.088395 0.1427697 4.147201 0.003964962 4.159649 0.001913733 4.099825 0.3172068 -1.047994 0.001913733 -1.220532 0.3195435 -1.222634 0.3172068 -1.047994 0.001913733 -1.033257 0.01328857 -1.220532 0.3195435 4.100479 0.4615013 4.100026 0.4644224 4.2941 0.3236278 -1.220841 0.4398939 -1.22088 0.4615013 -1.370859 0.3009879 4.118139 -1.370859 4.100479 -1.22088 4.2941 -1.178519 4.118139 -1.370859 4.2941 -1.178519 4.100385 -1.22084 4.2941 -1.178519 4.104193 -1.022314 4.100385 -1.22084 4.104193 -1.022314 3.927482 -1.228982 4.099803 -1.220492 3.927482 0.2627488 4.100232 0.1818814 4.099803 0.2026136 4.15957 0.1021012 4.369372 0.6284452 4.366374 0.6291614 -1.049616 0.1021012 -1.034199 0.0951706 -0.8859305 0.6266289 4.147529 0.1037437 4.366374 0.6291614 4.369908 0.6266289 -0.8876278 0.7396446 -0.7382025 0.6724774 -0.8882629 0.7659325 4.368545 -0.8876278 4.180859 -0.8418898 4.509847 -0.7382025 4.368545 0.7396446 4.368545 0.744161 4.180859 0.6741177 4.368504 -0.8882629 4.383142 -1.086956 4.180859 -0.8418898 4.383142 -1.086956 4.509847 -0.7382025 4.547239 -0.9248429 4.509847 0.6724774 4.180859 0.6741177 4.36859 0.4990434 4.36859 0.4990434 4.180859 0.6741177 4.368185 0.4862842 4.383142 -1.086956 4.547239 -0.9248429 4.368542 -0.887636 -1.048317 -0.0602584 -0.9910927 0.5159663 -0.9873655 0.5144621 4.150353 -0.0602584 4.163749 -0.05198239 3.873273 0.5159663 -1.041581 -0.05198239 -0.9869548 0.5163185 -0.9910927 0.5159663 3.873257 0.661522 4.057276 0.5117273 3.872825 0.6997154 -0.9887435 0.6561481 -0.9893363 0.6997154 -0.8331477 0.5446256 -0.9893363 0.6997154 -1.130144 0.4677633 -0.8331477 0.5446256 3.791196 0.5446256 3.873249 0.359154 4.057276 0.5117273 -0.9885405 0.359154 -1.130144 0.4677633 -0.9887612 0.3788723 4.152764 0.01964512 4.164382 0.01872924 4.307425 0.3536685 -1.040315 0.01872924 -1.230946 0.3564881 -1.234091 0.3536685 4.164382 0.01872924 4.150794 0.03090836 4.306921 0.3564881 -1.379915 0.2339805 -1.347803 0.366219 -1.233166 0.18633 -1.046689 0.07862221 -0.89191 0.4377521 -0.8884905 0.4357919 4.148849 0.07862221 4.16475 0.0761592 4.160453 0.4372487 4.15479 0.07012089 4.157158 0.4357919 4.160453 0.4372487 -1.034189 -0.07997249 -1.048691 -0.08376324 -1.203582 0.3803061 4.155016 -0.08376324 3.971169 0.3829147 3.96763 0.3803061 4.162026 -0.07322913 3.96816 0.3823909 3.971169 0.3829147 3.96899 0.515196 3.839663 0.3992297 4.129283 0.3951302 3.967853 -1.202846 4.129283 -1.15846 3.987302 -1.409897 3.96771 0.2454961 3.839663 0.3992297 3.968975 0.2691108 -1.409897 0.3644946 -1.201937 0.2696267 -1.201965 0.2691108 4.158421 0.05626079 4.454359 0.3184216 4.451944 0.3221185 4.158639 -1.031713 4.454044 -1.026131 4.454359 -1.029988 4.158639 0.05479234 4.150502 0.06819212 4.451944 0.3221185 -1.02851 0.4266666 -0.8573601 0.3011171 -1.028009 0.4842656 4.453383 0.4435267 4.450923 0.2016785 4.451047 0.4266666 4.673061 0.3152602 4.457413 0.166491 4.454209 0.1798806 4.673061 0.3152602 4.401943 0.3011171 4.457413 0.166491 -3.447513 -0.8275022 -3.452667 -0.01151853 -3.461735 -0.01129448 -3.476502 -0.8285278 -3.466005 -0.01175097 -3.438501 -0.8289368 -3.447513 -0.8275022 -3.461735 -0.01129448 -3.476502 -0.8285278 -3.454294 -0.4782305 -3.224786 0.01286814 -3.227991 0.01512252 -3.464718 -0.4724275 -3.226573 0.01363066 -3.45168 -0.4821696 -3.454294 -0.4782305 -3.227991 0.01512252 -3.464718 -0.4724275 -3.226462 0.1610737 -3.355953 0.0325001 -3.221494 0.03325948 6.915887 0.03325948 6.939093 -0.06869795 6.933984 0.1600777 -3.355953 0.0325001 -3.229334 -0.06869795 -3.225289 -0.1472988 -3.355953 0.0325001 -3.225289 -0.1472988 -3.221494 0.03325948 6.933421 -0.1472988 6.933724 -0.133206 6.915887 0.03325948 6.990584 -0.2905228 6.926813 0.09332484 6.930565 0.09370301 -3.450213 -0.2905228 -3.580968 0.09370301 -3.464695 -0.2977395 6.928054 0.2546559 6.86968 0.06648747 7.153786 0.115739 7.153786 0.115739 6.768068 0.08695141 6.932138 0.2555529 -3.380602 0.06648747 -3.699908 0.08695141 -3.580493 -0.05082959 7.153786 0.115739 6.928407 -0.05082959 6.927 -0.06456959 6.86968 -3.380602 6.928407 -3.580493 7.153786 -3.577903 6.768068 0.08695141 6.927 -0.06456959 6.928505 -0.03406485 6.981563 -0.4544596 7.266069 -0.001049518 6.991731 -0.4592397 6.981563 -0.4544596 7.263009 0.001869854 7.266069 -0.001049518 6.991731 -0.4592397 7.265881 0.0002492569 6.980048 -0.4483736 7.26496 0.1163528 7.191761 0.1342411 7.26496 0.1195067 7.265041 0.1318142 7.191761 0.1342411 7.26496 0.1163528 7.265041 -3.354914 7.416142 -3.424394 7.191761 -3.362423 7.26496 -3.354934 7.191761 -3.362423 7.287711 -3.197811 7.265041 -3.354914 7.287711 -3.197811 7.416142 -3.424394 7.416142 0.05923568 7.213702 -0.0691042 7.191761 0.1342411 -3.523834 -0.0691042 -3.367958 -0.1208434 -3.362423 0.1342411 -3.424394 0.05923568 -3.197811 0.09059839 -3.353098 -0.151375 -3.424394 0.05923568 -3.353098 -0.151375 -3.523834 -0.0691042 -3.523834 -0.0691042 -3.356999 -0.1532705 -3.367958 -0.1208434 6.984157 -0.3377567 6.76903 -0.003414274 6.77181 -0.0004806873 -3.45892 -0.3397814 -3.359635 -0.003414274 -3.448557 -0.3377567 -3.361178 0.1349455 -3.537468 -0.019841 -3.360909 0.1673803 -3.360909 0.1673803 -3.537468 -0.019841 -3.359512 -0.1075446 -3.2886 0.02807217 -3.360167 -0.1750421 -3.537468 -0.019841 6.768466 -0.1075446 6.771875 -0.1750421 6.905985 0.02807217 -3.537468 -0.019841 -3.360167 -0.1750421 -3.361167 -0.1508411 -3.448205 -0.3773829 -3.615488 0.1619414 -3.458647 -0.3837557 -3.463513 -0.3823545 -3.613003 0.1636533 -3.448205 -0.3773829 6.977636 -0.3823545 7.07263 0.1619414 7.068779 0.1623754 7.069931 0.2812965 7.06956 0.3354345 7.215985 0.133105 7.069244 0.2996953 7.072657 0.1211947 7.06956 0.3354345 -3.617205 0.2812965 -3.615279 0.1211947 -3.614505 0.2996953 7.069931 0.2812965 7.215985 0.133105 7.069541 -0.026786 7.215985 0.133105 7.072657 0.1211947 7.07055 -0.01710106 7.069931 0.2812965 7.069541 -0.026786 7.072657 0.1211947 6.975677 -0.3685705 7.082955 0.1749366 6.990689 -0.3742849 -3.464525 -0.3637886 -3.169745 0.1774352 -3.454178 -0.3685705 -3.451723 -0.3742849 -3.168282 0.1754817 -3.464525 -0.3637886 7.084159 0.3174787 7.172614 0.2096358 7.086783 0.3446293 7.086783 0.3446293 7.161971 0.1825799 6.94818 0.2076067 -3.079656 0.2096358 -3.296045 0.1825799 -3.171134 0.3446293 6.94818 0.2076067 7.161971 0.1825799 7.080385 -0.0014413 -3.296045 0.1825799 -3.079656 0.2096358 -3.181698 -0.0014413 7.172614 0.2096358 7.084157 0.02762287 7.084152 0.03696383 7.080385 -0.0014413 7.084157 0.02762287 6.94818 0.2076067 -3.448481 -0.2109408 -3.529017 0.2125575 -3.525508 0.2141693 6.982906 -0.214021 6.869205 0.2137887 6.865961 0.2125575 -3.454448 -0.2076863 -3.529158 0.2137887 -3.465251 -0.214021 -3.527925 0.3345116 -3.498234 0.2711141 -3.527526 0.08232671 6.868625 0.08232671 6.867586 0.09305603 6.741219 0.2169758 -3.527359 0.06694304 -3.527526 0.08232671 -3.498234 0.2711141 6.99155 -0.3181749 7.216352 0.04062893 7.21878 0.03789824 -3.462812 -0.3070299 -3.504618 0.03975796 -3.500603 0.04062893 6.99155 -0.3181749 7.216508 0.03975796 6.979002 -0.3070299 7.217646 0.1923239 7.099178 0.1632558 7.217135 0.200179 -3.50242 0.1916527 -3.332216 0.1026327 -3.502322 0.1923239 7.217646 0.1923239 7.383812 0.001630738 7.099178 0.1632558 -3.502322 0.1923239 -3.332216 0.1026327 -3.456314 0.001630738 7.217095 -3.50242 7.099178 -3.572984 7.236096 -3.332216 -3.572984 0.1632558 -3.450676 -0.08005447 -3.332216 0.1026327 -3.572984 0.1632558 -3.648652 -0.07774313 -3.450676 -0.08005447 7.236096 0.1026327 7.073172 -0.08005447 7.383812 0.001630738 7.383812 0.001630738 7.217188 -0.1113484 7.217198 -0.1185743 -3.451376 -0.3354986 -3.266574 0.1482799 -3.263244 0.1473206 -3.464745 -0.3269151 -3.266574 0.1482799 -3.451376 -0.3354986 6.981642 -0.3269151 6.863374 0.1494678 6.860114 0.1482799 -3.460303 0.1499357 -3.120739 0.1721173 -3.265225 0.2965869 -3.265225 0.2965869 -3.120739 0.1721173 -3.262344 0.2415227 -3.262344 0.2415227 -3.261431 -0.01819734 -3.460303 0.1499357 -3.262344 0.2415227 -3.120739 0.1721173 -3.261431 -0.01819734 -3.460303 0.1499357 -3.263114 -0.02664845 -3.120739 0.1721173 -3.120739 0.1721173 -3.265209 0.02062158 -3.261431 -0.01819734 7.016186 -0.8275022 6.978771 -0.8289368 6.971195 -0.01151853 -3.438501 -0.8289368 -3.466005 -0.01175097 -3.452667 -0.01151853 6.998339 -0.8285278 6.980214 -0.01129448 6.969023 -0.01175097 6.993062 -0.4782305 6.978213 -0.4821696 6.934166 0.01286814 6.978213 -0.4821696 6.931333 0.01363066 6.934166 0.01286814 6.985746 -0.4724275 6.935178 0.01512252 6.931333 0.01363066 6.933663 0.1610737 6.933984 0.1600777 6.848948 0.0325001 -3.226782 0.1600777 -3.229334 -0.06869795 -3.355953 0.0325001 6.915887 0.03325948 6.933724 -0.133206 6.939093 -0.06869795 6.990584 -0.2905228 6.975425 -0.29623 6.926813 0.09332484 -3.455952 -0.29623 -3.583322 0.09197654 -3.580146 0.09332484 6.975425 -0.29623 6.98753 -0.2977395 6.9273 0.09197654 6.98753 -0.2977395 6.930565 0.09370301 6.9273 0.09197654 6.928054 -3.579932 6.932138 -3.586911 6.768068 -3.699908 6.932138 0.2555529 6.92863 0.2376267 7.153786 0.115739 6.92863 0.2376267 6.928054 0.2546559 7.153786 0.115739 -3.579932 0.2546559 -3.699908 0.08695141 -3.380602 0.06648747 6.768068 0.08695141 7.153786 0.115739 6.927 -0.06456959 6.928407 -0.05082959 6.768068 0.08695141 6.928505 -0.03406485 -3.447612 -0.4544596 -3.462706 -0.4483736 -3.354248 0.001869854 6.980048 -0.4483736 7.265881 0.0002492569 7.263009 0.001869854 -3.460527 -0.4592397 -3.353459 -0.001049518 -3.35704 0.0002492569 -3.354914 0.1318142 -3.354934 0.1195067 -3.197811 0.09059839 -3.197811 0.09059839 -3.362423 0.1342411 -3.367958 -0.1208434 7.213702 -3.523834 7.271099 -3.353098 7.259647 -3.356999 -3.353098 -0.151375 -3.197811 0.09059839 -3.367958 -0.1208434 -3.461819 -0.3274636 -3.448557 -0.3377567 -3.360655 -0.0004806873 -3.45892 -0.3397814 -3.362922 -0.00248209 -3.359635 -0.003414274 6.977287 -0.3397814 6.989572 -0.3274636 6.768593 -0.00248209 6.989572 -0.3274636 6.77181 -0.0004806873 6.768593 -0.00248209 -3.361178 0.1349455 -3.360385 0.1700482 -3.537468 -0.019841 -3.360385 0.1700482 -3.2886 0.02807217 -3.537468 -0.019841 6.768288 0.1673803 6.905985 0.02807217 6.771011 0.1700482 6.768288 0.1673803 6.768466 -0.1075446 6.905985 0.02807217 -3.359512 -0.1075446 -3.537468 -0.019841 -3.361167 -0.1508411 6.983514 -0.3773829 7.069524 0.1636533 7.07263 0.1619414 -3.463513 -0.3823545 -3.616516 0.1623754 -3.613003 0.1636533 6.977636 -0.3823545 6.992845 -0.3837557 7.07263 0.1619414 7.215985 0.133105 7.06956 0.3354345 7.072657 0.1211947 7.069541 -0.026786 7.215985 0.133105 7.07055 -0.01710106 6.990689 -0.3742849 7.082955 0.1749366 7.086418 0.1754817 -3.454178 -0.3685705 -3.169745 0.1774352 -3.166358 0.1749366 6.987135 -0.3637886 7.086418 0.1754817 7.083092 0.1774352 -3.168127 0.3174787 -3.168119 0.3240282 -3.079656 0.2096358 7.084154 0.3240282 6.94818 0.2076067 7.172614 0.2096358 7.084154 0.3240282 7.086783 0.3446293 6.94818 0.2076067 7.080385 -0.0014413 7.172614 0.2096358 7.084152 0.03696383 7.172614 0.2096358 6.94818 0.2076067 7.084157 0.02762287 6.992537 -0.2076863 6.98059 -0.2109408 6.868005 0.2141693 -3.448481 -0.2109408 -3.465251 -0.214021 -3.529017 0.2125575 -3.454448 -0.2076863 -3.525508 0.2141693 -3.529158 0.2137887 6.867606 0.3592743 6.868845 0.3345116 6.741219 0.2169758 6.862919 0.2711141 6.867606 0.3592743 6.741219 0.2169758 6.741219 0.2169758 6.868845 0.3345116 6.868625 0.08232671 6.862919 0.2711141 6.741219 0.2169758 6.867439 0.06694304 6.867439 0.06694304 6.741219 0.2169758 6.867586 0.09305603 6.99155 -0.3181749 6.982566 -0.3076872 7.216352 0.04062893 -3.448264 -0.3076872 -3.462812 -0.3070299 -3.500603 0.04062893 6.99155 -0.3181749 7.21878 0.03789824 7.216508 0.03975796 7.217095 0.1916527 7.217135 0.200179 7.099178 0.1632558 7.099178 0.1632558 7.383812 0.001630738 7.262289 -0.07774313 7.073172 -3.450676 7.262289 -3.648652 7.217188 -3.502532 7.262289 -3.648652 7.383812 -3.456314 7.217198 -3.502484 7.383812 0.001630738 7.073172 -0.08005447 7.217188 -0.1113484 6.993194 -0.3268528 6.978928 -0.3354986 6.862689 0.1473206 6.981642 -0.3269151 6.993194 -0.3268528 6.863374 0.1494678 -3.457494 -0.3268528 -3.263244 0.1473206 -3.266584 0.1494678 -3.265225 0.2965869 -3.265268 0.3032165 -3.460303 0.1499357 -3.265268 0.3032165 -3.262344 0.2415227 -3.460303 0.1499357 -3.460303 0.1499357 -3.261431 -0.01819734 -3.263114 -0.02664845 -3.120739 0.1721173 -3.263114 -0.02664845 -3.265209 0.02062158</float_array>
          <technique_common>
            <accessor source="#uv-array" count="3276" stride="2">
              <param name="S" type="float" />
              <param name="T" type="float" />
            </accessor>
          </technique_common>
        </source>
        <vertices id="vertices">
          <input semantic="POSITION" source="#positions" />
        </vertices>
        <triangles count="420" material="m0">
          <input semantic="VERTEX" source="#vertices" offset="0" />
          <input semantic="NORMAL" source="#normals" offset="1" />
          <input semantic="TEXCOORD" source="#uv" offset="2" set="0" />
          <p>0 0 0 4 0 1 3 0 2 2 1 3 5 1 4 1 1 5 0 2 6 3 2 7 2 2 8 7 3 9 10 3 10 9 3 11 8 4 12 10 4 13 7 4 14 6 5 15 11 5 16 8 5 17 19 12 36 23 12 37 22 12 38 20 13 39 24 13 40 23 13 41 21 14 42 24 14 43 20 14 44 19 15 45 22 15 46 21 15 47 35 21 63 37 21 64 34 21 65 36 22 66 39 22 67 38 22 68 34 23 69 39 23 70 36 23 71 49 31 93 53 31 94 52 31 95 48 32 96 53 32 97 50 32 98 63 40 120 67 40 121 66 40 122 64 41 123 68 41 124 67 41 125 65 42 126 66 42 127 68 42 128 79 51 153 83 51 154 82 51 155 81 52 156 84 52 157 80 52 158 79 53 159 84 53 160 81 53 161 94 57 171 97 57 172 96 57 173 95 58 174 97 58 175 94 58 176 93 59 177 98 59 178 95 59 179 108 64 192 110 64 193 107 64 194 109 65 195 111 65 196 108 65 197 109 66 198 110 66 199 112 66 200 122 72 216 125 72 217 124 72 218 123 73 219 126 73 220 125 73 221 121 74 222 126 74 223 123 74 224 0 81 243 1 81 244 4 81 245 1 82 246 5 82 247 4 82 248 2 83 249 3 83 250 5 83 251 6 84 252 7 84 253 9 84 254 8 85 255 11 85 256 10 85 257 6 86 258 9 86 259 11 86 260 19 89 267 20 89 268 23 89 269 21 90 270 22 90 271 24 90 272 35 98 294 38 98 295 37 98 296 35 99 297 36 99 298 38 99 299 34 100 300 37 100 301 39 100 302 48 104 312 49 104 313 51 104 314 49 105 315 52 105 316 51 105 317 49 106 318 50 106 319 53 106 320 48 107 321 51 107 322 53 107 323 63 113 339 64 113 340 67 113 341 64 114 342 65 114 343 68 114 344 65 115 345 63 115 346 66 115 347 79 122 366 80 122 367 83 122 368 80 123 369 84 123 370 83 123 371 79 124 372 82 124 373 84 124 374 93 132 396 94 132 397 96 132 398 95 133 399 98 133 400 97 133 401 93 134 402 96 134 403 98 134 404 108 141 423 111 141 424 110 141 425 109 142 426 112 142 427 111 142 428 109 143 429 107 143 430 110 143 431 121 149 447 122 149 448 124 149 449 122 150 450 123 150 451 125 150 452 121 151 453 124 151 454 126 151 455 135 156 468 139 156 469 138 156 470 137 157 471 140 157 472 136 157 473 135 158 474 138 158 475 137 158 476 141 159 477 145 159 478 144 159 479 143 160 480 145 160 481 142 160 482 143 161 483 144 161 484 146 161 485 157 168 504 159 168 505 156 168 506 157 169 507 160 169 508 159 169 509 158 170 510 161 170 511 157 170 512 158 171 513 159 171 514 161 171 515 171 181 543 173 181 544 170 181 545 171 182 546 175 182 547 174 182 548 172 183 549 175 183 550 171 183 551 172 184 552 173 184 553 175 184 554 188 196 588 192 196 589 191 196 590 189 197 591 192 197 592 188 197 593 201 203 609 204 203 610 200 203 611 201 204 612 205 204 613 204 204 614 200 205 615 203 205 616 202 205 617 216 213 639 219 213 640 215 213 641 216 214 642 220 214 643 219 214 644 215 215 645 220 215 646 217 215 647 231 223 669 234 223 670 233 223 671 232 224 672 234 224 673 231 224 674 244 230 690 246 230 691 243 230 692 245 231 693 247 231 694 244 231 695 243 232 696 248 232 697 245 232 698 258 240 720 261 240 721 257 240 722 258 241 723 262 241 724 261 241 725 259 242 726 262 242 727 258 242 728 259 243 729 260 243 730 262 243 731 135 247 741 136 247 742 139 247 743 136 248 744 140 248 745 139 248 746 137 249 747 138 249 748 140 249 749 141 250 750 142 250 751 145 250 752 143 251 753 146 251 754 145 251 755 143 252 756 141 252 757 144 252 758 157 259 777 161 259 778 160 259 779 158 260 780 156 260 781 159 260 782 171 262 786 174 262 787 173 262 788 172 263 789 170 263 790 173 263 791 187 269 807 191 269 808 190 269 809 187 270 810 188 270 811 191 270 812 189 271 813 190 271 814 192 271 815 189 272 816 187 272 817 190 272 818 200 276 828 204 276 829 203 276 830 201 277 831 202 277 832 205 277 833 202 278 834 203 278 835 205 278 836 215 284 852 219 284 853 218 284 854 216 285 855 217 285 856 220 285 857 215 286 858 218 286 859 220 286 860 230 292 876 231 292 877 233 292 878 232 293 879 235 293 880 234 293 881 232 294 882 230 294 883 235 294 884 230 295 885 233 295 886 235 295 887 244 299 897 247 299 898 246 299 899 245 300 900 248 300 901 247 300 902 243 301 903 246 301 904 248 301 905 257 305 915 261 305 916 260 305 917 259 306 918 257 306 919 260 306 920 270 312 936 274 312 937 273 312 938 272 313 939 275 313 940 271 313 941 270 314 942 273 314 943 272 314 944 276 315 945 280 315 946 279 315 947 277 316 948 280 316 949 276 316 950 278 317 951 279 317 952 281 317 953 292 323 969 295 323 970 291 323 971 292 324 972 296 324 973 295 324 974 305 328 984 307 328 985 304 328 986 306 329 987 308 329 988 305 329 989 306 330 990 309 330 991 308 330 992 318 335 1005 322 335 1006 321 335 1007 320 336 1008 323 336 1009 319 336 1010 320 337 1011 321 337 1012 323 337 1013 334 344 1032 337 344 1033 333 344 1034 335 345 1035 336 345 1036 338 345 1037 348 356 1068 352 356 1069 351 356 1070 350 357 1071 351 357 1072 353 357 1073 348 358 1074 351 358 1075 350 358 1076 362 363 1089 364 363 1090 361 363 1091 362 364 1092 366 364 1093 365 364 1094 363 365 1095 364 365 1096 366 365 1097 376 371 1113 378 371 1114 375 371 1115 376 372 1116 380 372 1117 379 372 1118 375 373 1119 380 373 1120 377 373 1121 390 385 1155 394 385 1156 393 385 1157 391 386 1158 395 386 1159 394 386 1160 392 387 1161 395 387 1162 391 387 1163 270 394 1182 271 394 1183 274 394 1184 271 395 1185 275 395 1186 274 395 1187 272 396 1188 273 396 1189 275 396 1190 277 397 1191 281 397 1192 280 397 1193 277 398 1194 278 398 1195 281 398 1196 278 399 1197 276 399 1198 279 399 1199 291 407 1221 295 407 1222 294 407 1223 292 408 1224 293 408 1225 296 408 1226 293 409 1227 294 409 1228 296 409 1229 293 410 1230 291 410 1231 294 410 1232 305 416 1248 308 416 1249 307 416 1250 306 417 1251 304 417 1252 309 417 1253 304 418 1254 307 418 1255 309 418 1256 318 425 1275 319 425 1276 322 425 1277 319 426 1278 323 426 1279 322 426 1280 320 427 1281 318 427 1282 321 427 1283 333 434 1302 337 434 1303 336 434 1304 334 435 1305 335 435 1306 337 435 1307 335 436 1308 338 436 1309 337 436 1310 335 437 1311 333 437 1312 336 437 1313 348 440 1320 349 440 1321 352 440 1322 349 441 1323 353 441 1324 352 441 1325 349 442 1326 350 442 1327 353 442 1328 362 447 1341 365 447 1342 364 447 1343 362 448 1344 363 448 1345 366 448 1346 363 449 1347 361 449 1348 364 449 1349 376 455 1365 379 455 1366 378 455 1367 376 456 1368 377 456 1369 380 456 1370 375 457 1371 378 457 1372 380 457 1373 390 459 1377 391 459 1378 394 459 1379 392 460 1380 393 460 1381 395 460 1382 392 461 1383 390 461 1384 393 461 1385 405 468 1404 409 468 1405 408 468 1406 407 469 1407 410 469 1408 406 469 1409 405 470 1410 408 470 1411 407 470 1412 411 471 1413 415 471 1414 414 471 1415 413 472 1416 415 472 1417 412 472 1418 411 473 1419 416 473 1420 413 473 1421 425 479 1437 429 479 1438 428 479 1439 427 480 1440 430 480 1441 426 480 1442 427 481 1443 428 481 1444 430 481 1445 425 482 1446 428 482 1447 427 482 1448 439 486 1458 441 486 1459 438 486 1460 439 487 1461 443 487 1462 442 487 1463 440 488 1464 441 488 1465 443 488 1466 454 494 1482 458 494 1483 457 494 1484 455 495 1485 458 495 1486 454 495 1487 470 505 1515 474 505 1516 473 505 1517 471 506 1518 474 506 1519 470 506 1520 472 507 1521 473 507 1522 475 507 1523 485 513 1539 487 513 1540 484 513 1541 486 514 1542 488 514 1543 485 514 1544 486 515 1545 489 515 1546 488 515 1547 484 516 1548 487 516 1549 489 516 1550 497 525 1575 501 525 1576 500 525 1577 498 526 1578 501 526 1579 497 526 1580 511 535 1605 514 535 1606 513 535 1607 512 536 1608 515 536 1609 514 536 1610 513 537 1611 516 537 1612 515 537 1613 526 542 1626 530 542 1627 529 542 1628 527 543 1629 531 543 1630 530 543 1631 528 544 1632 531 544 1633 527 544 1634 526 545 1635 529 545 1636 528 545 1637 405 550 1650 406 550 1651 409 550 1652 406 551 1653 410 551 1654 409 551 1655 407 552 1656 408 552 1657 410 552 1658 411 553 1659 412 553 1660 415 553 1661 413 554 1662 416 554 1663 415 554 1664 411 555 1665 414 555 1666 416 555 1667 425 561 1683 426 561 1684 429 561 1685 426 562 1686 430 562 1687 429 562 1688 439 568 1704 442 568 1705 441 568 1706 439 569 1707 440 569 1708 443 569 1709 440 570 1710 438 570 1711 441 570 1712 455 580 1740 459 580 1741 458 580 1742 455 581 1743 456 581 1744 459 581 1745 456 582 1746 457 582 1747 459 582 1748 456 583 1749 454 583 1750 457 583 1751 471 589 1767 475 589 1768 474 589 1769 471 590 1770 472 590 1771 475 590 1772 472 591 1773 470 591 1774 473 591 1775 485 597 1791 488 597 1792 487 597 1793 486 598 1794 484 598 1795 489 598 1796 498 599 1797 502 599 1798 501 599 1799 498 600 1800 499 600 1801 502 600 1802 499 601 1803 500 601 1804 502 601 1805 499 602 1806 497 602 1807 500 602 1808 511 605 1815 512 605 1816 514 605 1817 512 606 1818 513 606 1819 515 606 1820 513 607 1821 514 607 1822 516 607 1823 526 616 1848 527 616 1849 530 616 1850 528 617 1851 529 617 1852 531 617 1853 540 624 1872 544 624 1873 543 624 1874 542 625 1875 545 625 1876 541 625 1877 540 626 1878 543 626 1879 542 626 1880 547 627 1881 549 627 1882 546 627 1883 548 628 1884 551 628 1885 550 628 1886 546 629 1887 551 629 1888 548 629 1889 546 630 1890 549 630 1891 551 630 1892 559 635 1905 563 635 1906 562 635 1907 561 636 1908 563 636 1909 560 636 1910 561 637 1911 562 637 1912 564 637 1913 577 647 1941 579 647 1942 576 647 1943 578 648 1944 581 648 1945 580 648 1946 576 649 1947 581 649 1948 578 649 1949 593 657 1971 595 657 1972 592 657 1973 593 658 1974 596 658 1975 595 658 1976 604 664 1992 608 664 1993 607 664 1994 605 665 1995 608 665 1996 604 665 1997 617 672 2016 621 672 2017 620 672 2018 618 673 2019 621 673 2020 617 673 2021 618 674 2022 622 674 2023 621 674 2024 632 680 2040 635 680 2041 631 680 2042 632 681 2043 636 681 2044 635 681 2045 631 682 2046 634 682 2047 633 682 2048 645 685 2055 649 685 2056 648 685 2057 646 686 2058 649 686 2059 645 686 2060 646 687 2061 650 687 2062 649 687 2063 647 688 2064 650 688 2065 646 688 2066 663 695 2085 665 695 2086 662 695 2087 661 696 2088 666 696 2089 663 696 2090 661 697 2091 664 697 2092 666 697 2093 540 702 2106 541 702 2107 544 702 2108 541 703 2109 545 703 2110 544 703 2111 542 704 2112 543 704 2113 545 704 2114 547 705 2115 550 705 2116 549 705 2117 547 706 2118 548 706 2119 550 706 2120 559 711 2133 560 711 2134 563 711 2135 561 712 2136 564 712 2137 563 712 2138 561 713 2139 559 713 2140 562 713 2141 577 721 2163 580 721 2164 579 721 2165 577 722 2166 578 722 2167 580 722 2168 576 723 2169 579 723 2170 581 723 2171 591 729 2187 592 729 2188 594 729 2189 592 730 2190 595 730 2191 594 730 2192 593 731 2193 591 731 2194 596 731 2195 591 732 2196 594 732 2197 596 732 2198 605 736 2208 609 736 2209 608 736 2210 605 737 2211 606 737 2212 609 737 2213 606 738 2214 607 738 2215 609 738 2216 606 739 2217 604 739 2218 607 739 2219 618 742 2226 619 742 2227 622 742 2228 619 743 2229 620 743 2230 622 743 2231 619 744 2232 617 744 2233 620 744 2234 631 750 2250 635 750 2251 634 750 2252 632 751 2253 633 751 2254 636 751 2255 633 752 2256 634 752 2257 636 752 2258 647 761 2283 648 761 2284 650 761 2285 647 762 2286 645 762 2287 648 762 2288 661 771 2313 662 771 2314 664 771 2315 662 772 2316 665 772 2317 664 772 2318 663 773 2319 666 773 2320 665 773 2321 675 780 2340 679 780 2341 678 780 2342 677 781 2343 680 781 2344 676 781 2345 675 782 2346 678 782 2347 677 782 2348 682 783 2349 684 783 2350 681 783 2351 682 784 2352 686 784 2353 685 784 2354 683 785 2355 686 785 2356 682 785 2357 683 786 2358 684 786 2359 686 786 2360 696 794 2382 698 794 2383 695 794 2384 697 795 2385 699 795 2386 696 795 2387 697 796 2388 700 796 2389 699 796 2390 710 803 2409 713 803 2410 712 803 2411 710 804 2412 714 804 2413 713 804 2414 712 805 2415 713 805 2416 715 805 2417 727 813 2439 729 813 2440 726 813 2441 727 814 2442 731 814 2443 730 814 2444 726 815 2445 731 815 2446 728 815 2447 743 822 2466 745 822 2467 742 822 2468 742 823 2469 747 823 2470 744 823 2471 742 824 2472 745 824 2473 747 824 2474 757 832 2496 761 832 2497 760 832 2498 758 833 2499 761 833 2500 757 833 2501 758 834 2502 762 834 2503 761 834 2504 772 844 2532 774 844 2533 771 844 2534 772 845 2535 776 845 2536 775 845 2537 771 846 2538 776 846 2539 773 846 2540 781 849 2547 785 849 2548 784 849 2549 783 850 2550 786 850 2551 782 850 2552 781 851 2553 784 851 2554 783 851 2555 797 860 2580 799 860 2581 796 860 2582 798 861 2583 800 861 2584 797 861 2585 798 862 2586 799 862 2587 801 862 2588 675 869 2607 676 869 2608 679 869 2609 676 870 2610 680 870 2611 679 870 2612 677 871 2613 678 871 2614 680 871 2615 682 872 2616 685 872 2617 684 872 2618 683 873 2619 681 873 2620 684 873 2621 696 877 2631 699 877 2632 698 877 2633 697 878 2634 695 878 2635 700 878 2636 695 879 2637 698 879 2638 700 879 2639 710 886 2658 711 886 2659 714 886 2660 711 887 2661 715 887 2662 714 887 2663 711 888 2664 712 888 2665 715 888 2666 727 896 2688 730 896 2689 729 896 2690 727 897 2691 728 897 2692 731 897 2693 726 898 2694 729 898 2695 731 898 2696 743 907 2721 746 907 2722 745 907 2723 743 908 2724 744 908 2725 746 908 2726 744 909 2727 747 909 2728 746 909 2729 758 915 2745 759 915 2746 762 915 2747 759 916 2748 760 916 2749 762 916 2750 759 917 2751 757 917 2752 760 917 2753 772 919 2757 775 919 2758 774 919 2759 772 920 2760 773 920 2761 776 920 2762 771 921 2763 774 921 2764 776 921 2765 781 922 2766 782 922 2767 785 922 2768 782 923 2769 786 923 2770 785 923 2771 783 924 2772 784 924 2773 786 924 2774 797 929 2787 800 929 2788 799 929 2789 798 930 2790 801 930 2791 800 930 2792 798 931 2793 796 931 2794 799 931 2795 810 936 2808 814 936 2809 813 936 2810 812 937 2811 815 937 2812 811 937 2813 810 938 2814 813 938 2815 812 938 2816 816 939 2817 819 939 2818 821 939 2819 818 940 2820 820 940 2821 817 940 2822 816 941 2823 821 941 2824 818 941 2825 829 947 2841 833 947 2842 832 947 2843 829 948 2844 832 948 2845 831 948 2846 845 955 2865 847 955 2866 844 955 2867 845 956 2868 848 956 2869 847 956 2870 844 957 2871 849 957 2872 846 957 2873 861 968 2904 864 968 2905 863 968 2906 862 969 2907 864 969 2908 861 969 2909 875 975 2925 877 975 2926 874 975 2927 876 976 2928 878 976 2929 875 976 2930 876 977 2931 877 977 2932 879 977 2933 888 984 2952 891 984 2953 887 984 2954 889 985 2955 892 985 2956 888 985 2957 887 986 2958 890 986 2959 889 986 2960 903 994 2982 906 994 2983 905 994 2984 904 995 2985 907 995 2986 906 995 2987 902 996 2988 907 996 2989 904 996 2990 915 1000 3000 919 1000 3001 918 1000 3002 917 1001 3003 920 1001 3004 919 1001 3005 915 1002 3006 920 1002 3007 917 1002 3008 932 1012 3036 935 1012 3037 934 1012 3038 933 1013 3039 935 1013 3040 932 1013 3041 933 1014 3042 936 1014 3043 935 1014 3044 810 1021 3063 811 1021 3064 814 1021 3065 811 1022 3066 815 1022 3067 814 1022 3068 812 1023 3069 813 1023 3070 815 1023 3071 816 1024 3072 817 1024 3073 819 1024 3074 817 1025 3075 820 1025 3076 819 1025 3077 818 1026 3078 821 1026 3079 820 1026 3080 829 1030 3090 830 1030 3091 833 1030 3092 830 1031 3093 834 1031 3094 833 1031 3095 830 1032 3096 831 1032 3097 834 1032 3098 831 1033 3099 832 1033 3100 834 1033 3101 845 1040 3120 846 1040 3121 848 1040 3122 846 1041 3123 849 1041 3124 848 1041 3125 844 1042 3126 847 1042 3127 849 1042 3128 860 1047 3141 861 1047 3142 863 1047 3143 862 1048 3144 865 1048 3145 864 1048 3146 862 1049 3147 860 1049 3148 865 1049 3149 860 1050 3150 863 1050 3151 865 1050 3152 875 1056 3168 878 1056 3169 877 1056 3170 876 1057 3171 879 1057 3172 878 1057 3173 876 1058 3174 874 1058 3175 877 1058 3176 887 1061 3183 891 1061 3184 890 1061 3185 888 1062 3186 892 1062 3187 891 1062 3188 889 1063 3189 890 1063 3190 892 1063 3191 902 1069 3207 903 1069 3208 905 1069 3209 903 1070 3210 904 1070 3211 906 1070 3212 902 1071 3213 905 1071 3214 907 1071 3215 915 1077 3231 916 1077 3232 919 1077 3233 916 1078 3234 917 1078 3235 919 1078 3236 915 1079 3237 918 1079 3238 920 1079 3239 931 1085 3255 932 1085 3256 934 1085 3257 933 1086 3258 931 1086 3259 936 1086 3260 931 1087 3261 934 1087 3262 936 1087 3263</p>
        </triangles>
        <triangles count="126" material="m4">
          <input semantic="VERTEX" source="#vertices" offset="0" />
          <input semantic="NORMAL" source="#normals" offset="1" />
          <input semantic="TEXCOORD" source="#uv" offset="2" set="0" />
          <p>12 6 18 13 6 19 18 6 20 12 7 21 18 7 22 14 7 23 13 8 24 15 8 25 18 8 26 14 9 27 17 9 28 15 9 29 14 10 30 16 10 31 17 10 32 17 11 33 18 11 34 15 11 35 87 54 162 85 54 163 88 54 164 88 55 165 86 55 166 87 55 167 88 56 168 92 56 169 86 56 170 13 87 261 14 87 262 15 87 263 14 88 264 18 88 265 16 88 266 85 125 375 86 125 376 89 125 377 85 126 378 89 126 379 88 126 380 86 127 381 92 127 382 89 127 383 88 128 384 89 128 385 90 128 386 89 129 387 91 129 388 90 129 389 89 130 390 92 130 391 91 130 392 88 131 393 90 131 394 92 131 395 147 162 486 152 162 487 149 162 488 147 163 489 151 163 490 150 163 491 152 164 492 150 164 493 154 164 494 151 165 495 155 165 496 150 165 497 152 166 498 154 166 499 151 166 500 151 167 501 153 167 502 155 167 503 195 198 594 193 198 595 194 198 596 193 199 597 197 199 598 194 199 599 193 200 600 196 200 601 197 200 602 194 201 603 197 201 604 199 201 605 196 202 606 199 202 607 198 202 608 147 253 759 150 253 760 152 253 761 147 254 762 148 254 763 151 254 764 148 255 765 149 255 766 151 255 767 149 256 768 152 256 769 151 256 770 154 257 771 150 257 772 155 257 773 151 258 774 154 258 775 153 258 776 195 273 819 194 273 820 199 273 821 197 274 822 196 274 823 198 274 824 196 275 825 195 275 826 199 275 827 311 331 993 315 331 994 312 331 995 312 332 996 315 332 997 316 332 998 315 333 999 317 333 1000 316 333 1001 315 334 1002 313 334 1003 317 334 1004 310 419 1257 312 419 1258 314 419 1259 310 420 1260 311 420 1261 312 420 1262 311 421 1263 314 421 1264 315 421 1265 312 422 1266 316 422 1267 314 422 1268 314 423 1269 313 423 1270 315 423 1271 314 424 1272 316 424 1273 313 424 1274 419 474 1422 420 474 1423 417 474 1424 418 475 1425 420 475 1426 421 475 1427 420 476 1428 423 476 1429 422 476 1430 419 477 1431 421 477 1432 424 477 1433 421 478 1434 422 478 1435 424 478 1436 504 527 1581 503 527 1582 507 527 1583 506 528 1584 505 528 1585 503 528 1586 506 529 1587 508 529 1588 505 529 1589 506 530 1590 504 530 1591 508 530 1592 505 531 1593 507 531 1594 503 531 1595 504 532 1596 507 532 1597 508 532 1598 507 533 1599 509 533 1600 508 533 1601 505 534 1602 508 534 1603 510 534 1604 417 556 1668 420 556 1669 418 556 1670 418 557 1671 421 557 1672 419 557 1673 419 558 1674 423 558 1675 420 558 1676 421 559 1677 420 559 1678 422 559 1679 423 560 1680 419 560 1681 424 560 1682 507 603 1809 510 603 1810 509 603 1811 507 604 1812 505 604 1813 510 604 1814 688 787 2361 689 787 2362 687 787 2363 688 788 2364 690 788 2365 689 788 2366 687 789 2367 691 789 2368 690 789 2369 690 790 2370 691 790 2371 689 790 2372 691 791 2373 692 791 2374 689 791 2375 687 792 2376 694 792 2377 693 792 2378 687 793 2379 692 793 2380 694 793 2381 719 806 2418 721 806 2419 718 806 2420 717 807 2421 720 807 2422 719 807 2423 719 808 2424 722 808 2425 721 808 2426 719 809 2427 720 809 2428 722 809 2429 722 810 2430 720 810 2431 725 810 2432 720 811 2433 723 811 2434 725 811 2435 721 812 2436 724 812 2437 723 812 2438 733 816 2448 734 816 2449 736 816 2450 737 817 2451 735 817 2452 734 817 2453 735 818 2454 740 818 2455 736 818 2456 737 819 2457 739 819 2458 738 819 2459 739 820 2460 741 820 2461 738 820 2462 735 821 2463 741 821 2464 740 821 2465 764 835 2505 763 835 2506 766 835 2507 765 836 2508 767 836 2509 763 836 2510 764 837 2511 766 837 2512 765 837 2513 765 838 2514 766 838 2515 769 838 2516 767 839 2517 766 839 2518 763 839 2519 765 840 2520 769 840 2521 767 840 2522 767 841 2523 768 841 2524 766 841 2525 770 842 2526 768 842 2527 767 842 2528 769 843 2529 770 843 2530 767 843 2531 802 863 2589 805 863 2590 804 863 2591 802 864 2592 806 864 2593 805 864 2594 803 865 2595 807 865 2596 806 865 2597 804 866 2598 805 866 2599 807 866 2600 805 867 2601 808 867 2602 807 867 2603 806 868 2604 807 868 2605 809 868 2606 691 874 2622 687 874 2623 693 874 2624 687 875 2625 689 875 2626 692 875 2627 692 876 2628 691 876 2629 693 876 2630 716 889 2667 719 889 2668 718 889 2669 717 890 2670 716 890 2671 720 890 2672 720 891 2673 716 891 2674 718 891 2675 720 892 2676 718 892 2677 723 892 2678 718 893 2679 721 893 2680 723 893 2681 721 894 2682 722 894 2683 724 894 2684 722 895 2685 725 895 2686 724 895 2687 732 899 2697 737 899 2698 734 899 2699 732 900 2700 736 900 2701 737 900 2702 732 901 2703 733 901 2704 736 901 2705 734 902 2706 735 902 2707 736 902 2708 735 903 2709 737 903 2710 738 903 2711 737 904 2712 736 904 2713 739 904 2714 739 905 2715 736 905 2716 740 905 2717 735 906 2718 738 906 2719 741 906 2720 769 918 2754 766 918 2755 768 918 2756 803 932 2796 806 932 2797 802 932 2798 804 933 2799 807 933 2800 803 933 2801 805 934 2802 809 934 2803 808 934 2804 805 935 2805 806 935 2806 809 935 2807</p>
        </triangles>
        <triangles count="148" material="m2">
          <input semantic="VERTEX" source="#vertices" offset="0" />
          <input semantic="NORMAL" source="#normals" offset="1" />
          <input semantic="TEXCOORD" source="#uv" offset="2" set="0" />
          <p>25 16 48 30 16 49 26 16 50 26 17 51 30 17 52 28 17 53 26 18 54 28 18 55 33 18 56 30 19 57 31 19 58 28 19 59 29 20 60 32 20 61 30 20 62 117 67 201 115 67 202 113 67 203 114 68 204 116 68 205 117 68 206 115 69 207 118 69 208 116 69 209 117 70 210 119 70 211 115 70 212 116 71 213 118 71 214 120 71 215 130 75 225 129 75 226 127 75 227 129 76 228 131 76 229 127 76 230 131 77 231 133 77 232 130 77 233 129 78 234 132 78 235 131 78 236 129 79 237 134 79 238 132 79 239 129 80 240 133 80 241 134 80 242 25 91 273 27 91 274 30 91 275 27 92 276 26 92 277 29 92 278 27 93 279 29 93 280 30 93 281 26 94 282 33 94 283 29 94 284 29 95 285 33 95 286 32 95 287 28 96 288 31 96 289 33 96 290 31 97 291 30 97 292 32 97 293 114 144 432 113 144 433 116 144 434 116 145 435 113 145 436 115 145 437 117 146 438 116 146 439 119 146 440 115 147 441 119 147 442 118 147 443 119 148 444 116 148 445 120 148 446 130 152 456 128 152 457 131 152 458 128 153 459 127 153 460 131 153 461 129 154 462 130 154 463 133 154 464 133 155 465 131 155 466 132 155 467 162 172 516 165 172 517 166 172 518 163 173 519 169 173 520 164 173 521 162 174 522 166 174 523 163 174 524 164 175 525 169 175 526 165 175 527 163 176 528 166 176 529 169 176 530 166 177 531 167 177 532 169 177 533 166 178 534 168 178 535 167 178 536 165 179 537 168 179 538 166 179 539 165 180 540 169 180 541 168 180 542 236 225 675 239 225 676 237 225 677 237 226 678 238 226 679 240 226 680 237 227 681 239 227 682 238 227 683 240 228 684 238 228 685 241 228 686 239 229 687 241 229 688 242 229 689 164 261 783 165 261 784 162 261 785 236 296 888 240 296 889 239 296 890 239 297 891 240 297 892 241 297 893 238 298 894 239 298 895 242 298 896 326 338 1014 329 338 1015 325 338 1016 327 339 1017 329 339 1018 324 339 1019 328 340 1020 325 340 1021 327 340 1022 329 341 1023 327 341 1024 330 341 1025 329 342 1026 330 342 1027 331 342 1028 327 343 1029 331 343 1030 332 343 1031 328 428 1284 327 428 1285 324 428 1286 328 429 1287 326 429 1288 325 429 1289 326 430 1290 324 430 1291 329 430 1292 325 431 1293 331 431 1294 327 431 1295 325 432 1296 329 432 1297 331 432 1298 327 433 1299 332 433 1300 330 433 1301 461 496 1488 463 496 1489 462 496 1490 463 497 1491 464 497 1492 465 497 1493 460 498 1494 464 498 1495 463 498 1496 464 499 1497 462 499 1498 466 499 1499 464 500 1500 466 500 1501 467 500 1502 462 501 1503 465 501 1504 466 501 1505 465 502 1506 469 502 1507 468 502 1508 465 503 1509 467 503 1510 469 503 1511 466 504 1512 468 504 1513 467 504 1514 460 584 1752 461 584 1753 462 584 1754 460 585 1755 462 585 1756 464 585 1757 462 586 1758 463 586 1759 465 586 1760 464 587 1761 467 587 1762 465 587 1763 466 588 1764 465 588 1765 468 588 1766 567 638 1914 568 638 1915 566 638 1916 565 639 1917 566 639 1918 570 639 1919 566 640 1920 568 640 1921 570 640 1922 565 641 1923 570 641 1924 569 641 1925 567 642 1926 569 642 1927 568 642 1928 571 643 1929 572 643 1930 569 643 1931 571 644 1932 570 644 1933 573 644 1934 572 645 1935 573 645 1936 575 645 1937 570 646 1938 574 646 1939 573 646 1940 610 666 1998 614 666 1999 613 666 2000 610 667 2001 611 667 2002 614 667 2003 611 668 2004 615 668 2005 614 668 2006 614 669 2007 616 669 2008 613 669 2009 611 670 2010 612 670 2011 615 670 2012 614 671 2013 615 671 2014 616 671 2015 668 698 2094 670 698 2095 667 698 2096 669 699 2097 674 699 2098 671 699 2099 671 700 2100 672 700 2101 670 700 2102 671 701 2103 674 701 2104 673 701 2105 567 714 2142 565 714 2143 569 714 2144 570 715 2145 571 715 2146 569 715 2147 568 716 2148 572 716 2149 570 716 2150 568 717 2151 569 717 2152 572 717 2153 570 718 2154 572 718 2155 574 718 2156 572 719 2157 575 719 2158 574 719 2159 572 720 2160 571 720 2161 573 720 2162 611 740 2220 613 740 2221 612 740 2222 612 741 2223 613 741 2224 616 741 2225 667 774 2322 670 774 2323 669 774 2324 668 775 2325 671 775 2326 670 775 2327 668 776 2328 669 776 2329 671 776 2330 670 777 2331 674 777 2332 669 777 2333 670 778 2334 672 778 2335 674 778 2336 672 779 2337 671 779 2338 673 779 2339 703 797 2391 704 797 2392 706 797 2393 701 798 2394 707 798 2395 704 798 2396 702 799 2397 706 799 2398 705 799 2399 707 800 2400 705 800 2401 704 800 2402 706 801 2403 709 801 2404 708 801 2405 704 802 2406 705 802 2407 709 802 2408 777 847 2541 780 847 2542 779 847 2543 777 848 2544 778 848 2545 780 848 2546 787 852 2556 789 852 2557 791 852 2558 788 853 2559 789 853 2560 787 853 2561 791 854 2562 790 854 2563 788 854 2564 791 855 2565 792 855 2566 790 855 2567 789 856 2568 794 856 2569 793 856 2570 790 857 2571 794 857 2572 789 857 2573 792 858 2574 795 858 2575 790 858 2576 789 859 2577 793 859 2578 792 859 2579 703 880 2640 706 880 2641 702 880 2642 703 881 2643 701 881 2644 704 881 2645 701 882 2646 702 882 2647 707 882 2648 702 883 2649 705 883 2650 707 883 2651 706 884 2652 708 884 2653 705 884 2654 706 885 2655 704 885 2656 709 885 2657 788 925 2775 790 925 2776 789 925 2777 791 926 2778 789 926 2779 792 926 2780 794 927 2781 790 927 2782 795 927 2783 792 928 2784 793 928 2785 795 928 2786 893 987 2961 898 987 2962 895 987 2963 895 988 2964 896 988 2965 897 988 2966 898 989 2967 896 989 2968 895 989 2969 897 990 2970 896 990 2971 899 990 2972 896 991 2973 898 991 2974 899 991 2975 898 992 2976 901 992 2977 900 992 2978 899 993 2979 901 993 2980 897 993 2981 893 1064 3192 894 1064 3193 898 1064 3194 894 1065 3195 897 1065 3196 898 1065 3197 894 1066 3198 895 1066 3199 897 1066 3200 899 1067 3201 898 1067 3202 900 1067 3203 898 1068 3204 897 1068 3205 901 1068 3206</p>
        </triangles>
        <triangles count="150" material="m5">
          <input semantic="VERTEX" source="#vertices" offset="0" />
          <input semantic="NORMAL" source="#normals" offset="1" />
          <input semantic="TEXCOORD" source="#uv" offset="2" set="0" />
          <p>42 24 72 40 24 73 43 24 74 41 25 75 44 25 76 40 25 77 43 26 78 44 26 79 41 26 80 40 27 81 45 27 82 43 27 83 40 28 84 44 28 85 45 28 86 44 29 87 47 29 88 45 29 89 43 30 90 46 30 91 47 30 92 100 60 180 102 60 181 104 60 182 101 61 183 103 61 184 102 61 185 102 62 186 103 62 187 105 62 188 104 63 189 105 63 190 106 63 191 41 101 303 42 101 304 43 101 305 44 102 306 43 102 307 47 102 308 43 103 309 45 103 310 46 103 311 99 135 405 100 135 406 101 135 407 100 136 408 104 136 409 101 136 410 99 137 411 101 137 412 102 137 413 102 138 414 105 138 415 104 138 416 101 139 417 106 139 418 103 139 419 101 140 420 104 140 421 106 140 422 177 185 555 178 185 556 176 185 557 177 186 558 180 186 559 179 186 560 181 187 561 180 187 562 177 187 563 181 188 564 182 188 565 180 188 566 176 189 567 178 189 568 181 189 569 177 190 570 179 190 571 178 190 572 181 191 573 178 191 574 182 191 575 178 192 576 183 192 577 182 192 578 180 193 579 185 193 580 179 193 581 183 194 582 186 194 583 185 194 584 183 195 585 184 195 586 186 195 587 206 206 618 207 206 619 211 206 620 208 207 621 210 207 622 209 207 623 206 208 624 210 208 625 208 208 626 207 209 627 209 209 628 211 209 629 209 210 630 213 210 631 211 210 632 210 211 633 213 211 634 209 211 635 212 212 636 213 212 637 210 212 638 266 244 732 264 244 733 267 244 734 263 245 735 268 245 736 264 245 737 267 246 738 268 246 739 263 246 740 182 264 792 183 264 793 180 264 794 178 265 795 179 265 796 183 265 797 179 266 798 185 266 799 184 266 800 180 267 801 183 267 802 185 267 803 183 268 804 179 268 805 184 268 806 207 279 837 208 279 838 209 279 839 206 280 840 211 280 841 210 280 842 210 281 843 211 281 844 212 281 845 212 282 846 211 282 847 214 282 848 211 283 849 213 283 850 214 283 851 263 307 921 266 307 922 267 307 923 266 308 924 265 308 925 264 308 926 265 309 927 263 309 928 264 309 929 267 310 930 264 310 931 269 310 932 267 311 933 269 311 934 268 311 935 284 318 954 286 318 955 282 318 956 286 319 957 285 319 958 283 319 959 285 320 960 289 320 961 287 320 962 287 321 963 288 321 964 286 321 965 287 322 966 289 322 967 288 322 968 339 346 1038 345 346 1039 343 346 1040 339 347 1041 341 347 1042 345 347 1043 339 348 1044 342 348 1045 341 348 1046 339 349 1047 340 349 1048 342 349 1049 340 350 1050 343 350 1051 342 350 1052 343 351 1053 345 351 1054 342 351 1055 342 352 1056 344 352 1057 341 352 1058 345 353 1059 344 353 1060 342 353 1061 341 354 1062 346 354 1063 345 354 1064 341 355 1065 344 355 1066 347 355 1067 369 366 1098 373 366 1099 368 366 1100 367 367 1101 372 367 1102 369 367 1103 373 368 1104 372 368 1105 368 368 1106 369 369 1107 372 369 1108 371 369 1109 372 370 1110 374 370 1111 371 370 1112 284 400 1200 287 400 1201 286 400 1202 283 401 1203 282 401 1204 286 401 1205 284 402 1206 285 402 1207 287 402 1208 284 403 1209 283 403 1210 285 403 1211 289 404 1212 285 404 1213 290 404 1214 285 405 1215 286 405 1216 290 405 1217 286 406 1218 288 406 1219 290 406 1220 344 438 1314 345 438 1315 346 438 1316 341 439 1317 347 439 1318 346 439 1319 370 450 1350 369 450 1351 368 450 1352 367 451 1353 368 451 1354 372 451 1355 367 452 1356 369 452 1357 370 452 1358 369 453 1359 371 453 1360 373 453 1361 372 454 1362 373 454 1363 374 454 1364 490 517 1551 491 517 1552 492 517 1553 493 518 1554 495 518 1555 491 518 1556 490 519 1557 492 519 1558 493 519 1559 491 520 1560 495 520 1561 492 520 1562 493 521 1563 494 521 1564 495 521 1565 493 522 1566 496 522 1567 494 522 1568 492 523 1569 496 523 1570 493 523 1571 492 524 1572 495 524 1573 496 524 1574 520 538 1614 521 538 1615 519 538 1616 517 539 1617 521 539 1618 522 539 1619 520 540 1620 523 540 1621 525 540 1622 522 541 1623 524 541 1624 523 541 1625 517 608 1824 519 608 1825 521 608 1826 519 609 1827 518 609 1828 520 609 1829 518 610 1830 517 610 1831 520 610 1832 517 611 1833 522 611 1834 520 611 1835 522 612 1836 523 612 1837 520 612 1838 520 613 1839 525 613 1840 521 613 1841 521 614 1842 525 614 1843 524 614 1844 522 615 1845 521 615 1846 524 615 1847 583 650 1950 587 650 1951 585 650 1952 585 651 1953 586 651 1954 584 651 1955 586 652 1956 585 652 1957 589 652 1958 586 653 1959 589 653 1960 588 653 1961 587 654 1962 590 654 1963 585 654 1964 586 655 1965 588 655 1966 587 655 1967 587 656 1968 588 656 1969 590 656 1970 582 724 2172 584 724 2173 586 724 2174 584 725 2175 583 725 2176 585 725 2177 583 726 2178 582 726 2179 587 726 2180 582 727 2181 586 727 2182 587 727 2183 585 728 2184 590 728 2185 589 728 2186 825 942 2826 822 942 2827 824 942 2828 824 943 2829 826 943 2830 823 943 2831 822 944 2832 826 944 2833 827 944 2834 822 945 2835 827 945 2836 824 945 2837 827 946 2838 828 946 2839 824 946 2840 835 949 2847 840 949 2848 838 949 2849 838 950 2850 839 950 2851 836 950 2852 840 951 2853 839 951 2854 842 951 2855 838 952 2856 842 952 2857 841 952 2858 840 953 2859 842 953 2860 838 953 2861 839 954 2862 841 954 2863 843 954 2864 909 997 2991 910 997 2992 914 997 2993 914 998 2994 913 998 2995 911 998 2996 912 999 2997 914 999 2998 910 999 2999 825 1027 3081 823 1027 3082 822 1027 3083 823 1028 3084 826 1028 3085 822 1028 3086 824 1029 3087 828 1029 3088 826 1029 3089 835 1034 3102 836 1034 3103 839 1034 3104 836 1035 3105 837 1035 3106 838 1035 3107 837 1036 3108 835 1036 3109 838 1036 3110 835 1037 3111 839 1037 3112 840 1037 3113 839 1038 3114 838 1038 3115 841 1038 3116 842 1039 3117 839 1039 3118 843 1039 3119 908 1072 3216 909 1072 3217 911 1072 3218 910 1073 3219 908 1073 3220 911 1073 3221 911 1074 3222 909 1074 3223 914 1074 3224 910 1075 3225 911 1075 3226 912 1075 3227 912 1076 3228 911 1076 3229 913 1076 3230</p>
        </triangles>
        <triangles count="132" material="m1">
          <input semantic="VERTEX" source="#vertices" offset="0" />
          <input semantic="NORMAL" source="#normals" offset="1" />
          <input semantic="TEXCOORD" source="#uv" offset="2" set="0" />
          <p>54 33 99 55 33 100 58 33 101 55 34 102 56 34 103 59 34 104 57 35 105 58 35 106 56 35 107 56 36 108 61 36 109 59 36 110 56 37 111 58 37 112 61 37 113 58 38 114 62 38 115 61 38 116 61 39 117 60 39 118 59 39 119 55 108 324 57 108 325 56 108 326 57 109 327 54 109 328 58 109 329 55 110 330 59 110 331 58 110 332 58 111 333 59 111 334 60 111 335 58 112 336 60 112 337 62 112 338 250 233 699 254 233 700 249 233 701 251 234 702 252 234 703 254 234 704 249 235 705 252 235 706 251 235 707 254 236 708 253 236 709 249 236 710 252 237 711 256 237 712 254 237 713 254 238 714 255 238 715 253 238 716 253 239 717 256 239 718 252 239 719 250 302 906 251 302 907 254 302 908 249 303 909 253 303 910 252 303 911 254 304 912 256 304 913 255 304 914 381 374 1122 384 374 1123 383 374 1124 381 375 1125 382 375 1126 384 375 1127 382 376 1128 383 376 1129 386 376 1130 383 377 1131 385 377 1132 386 377 1133 384 378 1134 385 378 1135 383 378 1136 386 379 1137 384 379 1138 382 379 1139 385 380 1140 384 380 1141 387 380 1142 386 381 1143 388 381 1144 384 381 1145 384 382 1146 388 382 1147 387 382 1148 386 383 1149 389 383 1150 388 383 1151 386 384 1152 387 384 1153 389 384 1154 396 388 1164 399 388 1165 398 388 1166 397 389 1167 398 389 1168 400 389 1169 400 390 1170 403 390 1171 399 390 1172 403 391 1173 402 391 1174 399 391 1175 399 392 1176 402 392 1177 401 392 1178 401 393 1179 404 393 1180 400 393 1181 385 458 1374 387 458 1375 386 458 1376 396 462 1386 397 462 1387 399 462 1388 397 463 1389 400 463 1390 399 463 1391 401 464 1392 398 464 1393 399 464 1394 400 465 1395 398 465 1396 401 465 1397 403 466 1398 400 466 1399 404 466 1400 401 467 1401 402 467 1402 404 467 1403 432 483 1449 434 483 1450 431 483 1451 433 484 1452 437 484 1453 432 484 1454 437 485 1455 436 485 1456 432 485 1457 476 508 1524 480 508 1525 478 508 1526 478 509 1527 480 509 1528 479 509 1529 476 510 1530 483 510 1531 481 510 1532 480 511 1533 481 511 1534 482 511 1535 479 512 1536 482 512 1537 483 512 1538 431 563 1689 433 563 1690 432 563 1691 431 564 1692 434 564 1693 437 564 1694 434 565 1695 432 565 1696 435 565 1697 437 566 1698 434 566 1699 435 566 1700 435 567 1701 432 567 1702 436 567 1703 477 592 1776 478 592 1777 483 592 1778 478 593 1779 479 593 1780 483 593 1781 476 594 1782 477 594 1783 483 594 1784 480 595 1785 476 595 1786 481 595 1787 479 596 1788 480 596 1789 482 596 1790 623 675 2025 626 675 2026 625 675 2027 624 676 2028 626 676 2029 623 676 2030 625 677 2031 626 677 2032 627 677 2033 624 678 2034 629 678 2035 626 678 2036 627 679 2037 628 679 2038 630 679 2039 651 689 2067 656 689 2068 657 689 2069 651 690 2070 652 690 2071 656 690 2072 655 691 2073 656 691 2074 652 691 2075 653 692 2076 657 692 2077 655 692 2078 655 693 2079 659 693 2080 658 693 2081 655 694 2082 658 694 2083 660 694 2084 625 745 2235 627 745 2236 624 745 2237 626 746 2238 628 746 2239 627 746 2240 624 747 2241 627 747 2242 629 747 2243 629 748 2244 627 748 2245 630 748 2246 628 749 2247 626 749 2248 629 749 2249 654 763 2289 651 763 2290 657 763 2291 652 764 2292 654 764 2293 653 764 2294 654 765 2295 657 765 2296 653 765 2297 653 766 2298 655 766 2299 652 766 2300 655 767 2301 657 767 2302 659 767 2303 657 768 2304 656 768 2305 659 768 2306 656 769 2307 660 769 2308 659 769 2309 656 770 2310 655 770 2311 660 770 2312 750 825 2475 749 825 2476 748 825 2477 750 826 2478 752 826 2479 749 826 2480 751 827 2481 749 827 2482 753 827 2483 752 828 2484 753 828 2485 755 828 2486 749 829 2487 754 829 2488 753 829 2489 749 830 2490 755 830 2491 754 830 2492 753 831 2493 754 831 2494 756 831 2495 748 910 2730 749 910 2731 751 910 2732 750 911 2733 751 911 2734 752 911 2735 751 912 2736 753 912 2737 752 912 2738 752 913 2739 755 913 2740 749 913 2741 755 914 2742 753 914 2743 756 914 2744 881 978 2934 882 978 2935 883 978 2936 880 979 2937 884 979 2938 882 979 2939 881 980 2940 884 980 2941 880 980 2942 881 981 2943 883 981 2944 885 981 2945 883 982 2946 884 982 2947 886 982 2948 881 983 2949 885 983 2950 884 983 2951 923 1003 3009 922 1003 3010 921 1003 3011 924 1004 3012 925 1004 3013 923 1004 3014 923 1005 3015 928 1005 3016 922 1005 3017 923 1006 3018 925 1006 3019 928 1006 3020 924 1007 3021 922 1007 3022 925 1007 3023 922 1008 3024 926 1008 3025 925 1008 3026 922 1009 3027 927 1009 3028 926 1009 3029 925 1010 3030 926 1010 3031 928 1010 3032 928 1011 3033 929 1011 3034 930 1011 3035 939 1015 3045 941 1015 3046 937 1015 3047 937 1016 3048 941 1016 3049 940 1016 3050 940 1017 3051 943 1017 3052 939 1017 3053 940 1018 3054 941 1018 3055 943 1018 3056 939 1019 3057 942 1019 3058 941 1019 3059 941 1020 3060 944 1020 3061 943 1020 3062 883 1059 3177 882 1059 3178 884 1059 3179 885 1060 3180 883 1060 3181 886 1060 3182 924 1080 3240 921 1080 3241 922 1080 3242 922 1081 3243 928 1081 3244 927 1081 3245 926 1082 3246 927 1082 3247 929 1082 3248 927 1083 3249 928 1083 3250 930 1083 3251 928 1084 3252 926 1084 3253 929 1084 3254 937 1088 3264 938 1088 3265 939 1088 3266 938 1089 3267 940 1089 3268 939 1089 3269 939 1090 3270 943 1090 3271 942 1090 3272 941 1091 3273 942 1091 3274 944 1091 3275</p>
        </triangles>
        <triangles count="116" material="m3">
          <input semantic="VERTEX" source="#vertices" offset="0" />
          <input semantic="NORMAL" source="#normals" offset="1" />
          <input semantic="TEXCOORD" source="#uv" offset="2" set="0" />
          <p>69 43 129 74 43 130 72 43 131 72 44 132 75 44 133 73 44 134 74 45 135 75 45 136 72 45 137 73 46 138 74 46 139 69 46 140 74 47 141 77 47 142 76 47 143 74 48 144 78 48 145 77 48 146 75 49 147 78 49 148 73 49 149 75 50 150 76 50 151 78 50 152 69 116 348 70 116 349 73 116 350 70 117 351 72 117 352 73 117 353 70 118 354 71 118 355 72 118 356 71 119 357 69 119 358 72 119 359 74 120 360 73 120 361 78 120 362 75 121 363 74 121 364 76 121 365 221 216 648 223 216 649 224 216 650 221 217 651 225 217 652 223 217 653 222 218 654 224 218 655 225 218 656 223 219 657 226 219 658 224 219 659 223 220 660 228 220 661 227 220 662 223 221 663 229 221 664 228 221 665 225 222 666 227 222 667 229 222 668 221 287 861 222 287 862 225 287 863 225 288 864 224 288 865 226 288 866 225 289 867 226 289 868 227 289 869 226 290 870 223 290 871 227 290 872 223 291 873 225 291 874 229 291 875 298 325 975 299 325 976 300 325 977 299 326 978 302 326 979 300 326 980 300 327 981 302 327 982 303 327 983 354 359 1077 360 359 1078 356 359 1079 354 360 1080 355 360 1081 358 360 1082 356 361 1083 360 361 1084 357 361 1085 355 362 1086 357 362 1087 358 362 1088 299 411 1233 297 411 1234 302 411 1235 297 412 1236 298 412 1237 300 412 1238 302 413 1239 297 413 1240 301 413 1241 297 414 1242 300 414 1243 303 414 1244 301 415 1245 297 415 1246 303 415 1247 356 443 1329 357 443 1330 355 443 1331 354 444 1332 358 444 1333 360 444 1334 358 445 1335 357 445 1336 359 445 1337 357 446 1338 360 446 1339 359 446 1340 447 489 1467 446 489 1468 448 489 1469 444 490 1470 446 490 1471 447 490 1472 450 491 1473 449 491 1474 446 491 1475 449 492 1476 451 492 1477 446 492 1478 448 493 1479 453 493 1480 450 493 1481 532 546 1638 535 546 1639 534 546 1640 534 547 1641 538 547 1642 533 547 1643 535 548 1644 536 548 1645 534 548 1646 533 549 1647 538 549 1648 535 549 1649 444 571 1713 450 571 1714 446 571 1715 444 572 1716 445 572 1717 450 572 1718 445 573 1719 447 573 1720 450 573 1721 447 574 1722 448 574 1723 450 574 1724 448 575 1725 446 575 1726 451 575 1727 451 576 1728 449 576 1729 452 576 1730 449 577 1731 453 577 1732 452 577 1733 449 578 1734 450 578 1735 453 578 1736 448 579 1737 451 579 1738 453 579 1739 532 618 1854 533 618 1855 535 618 1856 534 619 1857 537 619 1858 538 619 1859 534 620 1860 536 620 1861 537 620 1862 535 621 1863 538 621 1864 536 621 1865 536 622 1866 538 622 1867 539 622 1868 537 623 1869 536 623 1870 539 623 1871 552 631 1893 555 631 1894 553 631 1895 554 632 1896 556 632 1897 552 632 1898 552 633 1899 556 633 1900 558 633 1901 555 634 1902 557 634 1903 556 634 1904 598 659 1977 599 659 1978 600 659 1979 597 660 1980 602 660 1981 599 660 1982 597 661 1983 600 661 1984 602 661 1985 600 662 1986 599 662 1987 603 662 1988 601 663 1989 603 663 1990 599 663 1991 637 683 2049 639 683 2050 640 683 2051 641 684 2052 644 684 2053 642 684 2054 553 707 2121 555 707 2122 554 707 2123 552 708 2124 558 708 2125 555 708 2126 554 709 2127 555 709 2128 556 709 2129 555 710 2130 558 710 2131 557 710 2132 598 733 2199 600 733 2200 597 733 2201 599 734 2202 602 734 2203 601 734 2204 602 735 2205 600 735 2206 603 735 2207 639 753 2259 641 753 2260 638 753 2261 640 754 2262 638 754 2263 637 754 2264 638 755 2265 641 755 2266 637 755 2267 641 756 2268 639 756 2269 643 756 2270 637 757 2271 641 757 2272 642 757 2273 639 758 2274 642 758 2275 643 758 2276 639 759 2277 637 759 2278 642 759 2279 641 760 2280 643 760 2281 644 760 2282 851 958 2874 852 958 2875 850 958 2876 853 959 2877 852 959 2878 851 959 2879 853 960 2880 856 960 2881 852 960 2882 850 961 2883 852 961 2884 855 961 2885 853 962 2886 855 962 2887 856 962 2888 856 963 2889 854 963 2890 852 963 2891 854 964 2892 857 964 2893 852 964 2894 856 965 2895 855 965 2896 858 965 2897 856 966 2898 858 966 2899 854 966 2900 854 967 2901 859 967 2902 857 967 2903 867 970 2910 868 970 2911 866 970 2912 866 971 2913 868 971 2914 871 971 2915 870 972 2916 872 972 2917 868 972 2918 871 973 2919 872 973 2920 870 973 2921 868 974 2922 872 974 2923 873 974 2924 853 1043 3129 850 1043 3130 855 1043 3131 855 1044 3132 852 1044 3133 857 1044 3134 854 1045 3135 858 1045 3136 859 1045 3137 858 1046 3138 855 1046 3139 857 1046 3140 867 1051 3153 869 1051 3154 868 1051 3155 869 1052 3156 870 1052 3157 868 1052 3158 866 1053 3159 870 1053 3160 869 1053 3161 866 1054 3162 871 1054 3163 870 1054 3164 871 1055 3165 868 1055 3166 873 1055 3167</p>
        </triangles>
      </mesh>
    </geometry>
  </library_geometries>
  <library_visual_scenes>
    <visual_scene id="Scene">
      <node id="Node" type="NODE">
        <instance_geometry url="#geometry">
          <bind_material>
            <technique_common>
              <instance_material symbol="m0" target="#m0">
                <bind_vertex_input semantic="UVSET0" input_semantic="TEXCOORD" input_set="0" />
              </instance_material>
              <instance_material symbol="m1" target="#m1">
                <bind_vertex_input semantic="UVSET0" input_semantic="TEXCOORD" input_set="0" />
              </instance_material>
              <instance_material symbol="m2" target="#m2">
                <bind_vertex_input semantic="UVSET0" input_semantic="TEXCOORD" input_set="0" />
              </instance_material>
              <instance_material symbol="m3" target="#m3">
                <bind_vertex_input semantic="UVSET0" input_semantic="TEXCOORD" input_set="0" />
              </instance_material>
              <instance_material symbol="m4" target="#m4">
                <bind_vertex_input semantic="UVSET0" input_semantic="TEXCOORD" input_set="0" />
              </instance_material>
              <instance_material symbol="m5" target="#m5">
                <bind_vertex_input semantic="UVSET0" input_semantic="TEXCOORD" input_set="0" />
              </instance_material>
            </technique_common>
          </bind_material>
        </instance_geometry>
      </node>
    </visual_scene>
  </library_visual_scenes>
  <scene>
    <instance_visual_scene url="#Scene" />
  </scene>
</COLLADA>