<?xml version='1.0' encoding='utf-8'?>
<COLLADA xmlns="http://www.collada.org/2005/11/COLLADASchema" version="1.4.1">
  <asset>
    <created>2026-09-08T00:00:00Z</created>
    <modified>2026-09-08T00:00:00Z</modified>
    <unit name="meter" meter="1" />
    <up_axis>Z_UP</up_axis>
  </asset>
  <library_images />
  <library_effects>
    <effect id="e0">
      <profile_COMMON>
        <technique sid="common">
          <phong>
            <ambient>
              <color>0.1755 0.18 0.1485 1</color>
            </ambient>
            <diffuse>
              <color>0.39 0.4 0.33 1</color>
            </diffuse>
            <specular>
              <color>0.02 0.02 0.02 1</color>
            </specular>
            <shininess>
              <float>8</float>
            </shininess>
          </phong>
        </technique>
      </profile_COMMON>
    </effect>
    <effect id="e1">
      <profile_COMMON>
        <technique sid="common">
          <phong>
            <ambient>
              <color>0.045 0.09 0.06075 1</color>
            </ambient>
            <diffuse>
              <color>0.1 0.2 0.135 1</color>
            </diffuse>
            <specular>
              <color>0.02 0.02 0.02 1</color>
            </specular>
            <shininess>
              <float>8</float>
            </shininess>
          </phong>
        </technique>
      </profile_COMMON>
    </effect>
    <effect id="e2">
      <profile_COMMON>
        <technique sid="common">
          <phong>
            <ambient>
              <color>0.0765 0.1215 0.0765 1</color>
            </ambient>
            <diffuse>
              <color>0.17 0.27 0.17 1</color>
            </diffuse>
            <specular>
              <color>0.02 0.02 0.02 1</color>
            </specular>
            <shininess>
              <float>8</float>
            </shininess>
          </phong>
        </technique>
      </profile_COMMON>
    </effect>
    <effect id="e3">
      <profile_COMMON>
        <technique sid="common">
          <phong>
            <ambient>
              <color>0.099 0.1395 0.09225 1</color>
            </ambient>
            <diffuse>
              <color>0.22 0.31 0.205 1</color>
            </diffuse>
            <specular>
              <color>0.02 0.02 0.02 1</color>
            </specular>
            <shininess>
              <float>8</float>
            </shininess>
          </phong>
        </technique>
      </profile_COMMON>
    </effect>
    <effect id="e4">
      <profile_COMMON>
        <technique sid="common">
          <phong>
            <ambient>
              <color>0.054 0.1035 0.09 1</color>
            </ambient>
            <diffuse>
              <color>0.12 0.23 0.2 1</color>
            </diffuse>
            <specular>
              <color>0.02 0.02 0.02 1</color>
            </specular>
            <shininess>
              <float>8</float>
            </shininess>
          </phong>
        </technique>
      </profile_COMMON>
    </effect>
    <effect id="e5">
      <profile_COMMON>
        <technique sid="common">
          <phong>
            <ambient>
              <color>0.126 0.1485 0.0855 1</color>
            </ambient>
            <diffuse>
              <color>0.28 0.33 0.19 1</color>
            </diffuse>
            <specular>
              <color>0.02 0.02 0.02 1</color>
            </specular>
            <shininess>
              <float>8</float>
            </shininess>
          </phong>
        </technique>
      </profile_COMMON>
    </effect>
  </library_effects>
  <library_materials>
    <material id="m0" name="m0">
      <instance_effect url="#e0" />
    </material>
    <material id="m1" name="m1">
      <instance_effect url="#e1" />
    </material>
    <material id="m2" name="m2">
      <instance_effect url="#e2" />
    </material>
    <material id="m3" name="m3">
      <instance_effect url="#e3" />
    </material>
    <material id="m4" name="m4">
      <instance_effect url="#e4" />
    </material>
    <material id="m5" name="m5">
      <instance_effect url="#e5" />
    </material>
  </library_materials>
  <library_geometries>
    <geometry id="geometry" name="forest_16_25">
      <mesh>
        <source id="positions">
          <float_array id="positions-array" count="5265">-30.53969 58.77702 -0.7706319 -30.56761 58.69936 -0.7734311 -30.48205 58.73222 -0.7726331 -30.51775 58.69702 0.8219821 -30.53918 58.67991 0.821545 -30.51125 58.67217 0.8210914 -30.51817 58.72307 0.215234 -30.54737 58.7053 0.2020731 -30.51534 58.69299 0.2033457 -30.69913 58.35676 1.211977 -30.70195 58.34969 1.20847 -30.69347 58.35218 1.211204 -30.73466 58.35453 1.475664 -30.6945 58.35296 1.50368 -30.70279 58.34836 1.473131 -30.41691 58.24653 1.146519 -30.70198 58.34987 0.9101384 -30.69832 58.35232 0.9411112 -30.69962 58.35585 0.9446073 -30.53597 58.725 0.3927464 -30.52996 58.69779 0.4100202 -30.51625 58.69883 0.376073 -30.02739 58.9558 0.6363212 -30.02644 58.94871 0.6423189 -30.0232 58.94937 0.633772 -30.02642 58.95195 0.975572 -30.02162 58.94927 0.9922022 -30.02464 58.95287 0.9579653 -29.69587 58.8005 0.7187684 -30.13724 59.27726 0.6672435 -30.2269 58.66471 0.6503981 -30.31751 58.94232 0.4599882 -29.91755 58.96115 0.3348665 -30.02603 58.95165 0.3213269 -30.0257 58.95128 0.3618521 -30.02559 58.9513 0.3354368 -30.53486 58.7185 0.1819286 -30.53673 58.69119 0.193011 -30.51499 58.70769 0.2132178 -31.13476 58.93671 0.7326395 -31.13317 58.93046 0.7378126 -31.12883 58.93758 0.7399954 -31.13222 58.93499 0.9813622 -31.13228 58.935 0.9627009 -31.1322 58.93494 1.019171 -30.81106 59.3053 0.797482 -31.04616 58.68876 0.7745782 -31.3707 59.13186 0.7161696 -31.13383 58.93443 0.4518937 -31.12943 58.90879 0.4344959 -31.13223 58.93519 0.5069058 -30.52253 58.72248 0.1499523 -30.54478 58.7009 0.1407216 -30.51549 58.69847 0.1215548 -30.22319 58.16212 0.7699658 -30.21935 58.15716 0.7627116 -30.21639 58.16349 0.7674889 -30.21694 58.15327 1.00146 -30.21859 58.16205 1.151428 -30.22198 58.15195 0.9101615 -30.2342 58.47788 0.7593478 -30.22 58.15984 0.3934105 -30.19482 58.08036 0.4102029 -30.22026 58.16086 0.4179024 -30.53895 58.72031 0.2919664 -30.53479 58.6921 0.3126366 -30.50845 58.71034 0.2942147 -30.38711 59.31242 1.225578 -30.39324 59.31072 1.227944 -30.38724 59.30506 1.231161 -30.38884 59.30893 1.435995 -30.38582 59.30937 1.481893 -30.37579 59.31461 1.092395 -30.39785 59.30394 1.518437 -30.30453 58.9534 1.188582 -30.38667 59.30748 1.13454 -30.39949 59.30994 1.078845 -30.54418 58.71482 0.2098705 -30.52394 58.68868 0.2118073 -30.50961 58.71196 0.2230637 -30.88679 58.49815 1.264234 -30.88807 58.48937 1.261642 -30.88172 58.49162 1.264725 -30.88596 58.49347 1.601145 -30.79878 58.46225 1.486192 -30.88621 58.49414 1.665611 -30.96734 58.09271 1.213907 -30.98749 58.89613 1.220465 -30.88975 58.49404 0.8861982 -30.88018 58.49513 0.890434 -30.88567 58.49383 0.943516 -30.53691 58.72333 0.04595241 -30.53305 58.68751 0.04108904 -30.51102 58.71164 0.02964662 -29.89353 58.63616 1.278112 -29.8975 58.62802 1.279889 -29.89039 58.62991 1.275791 -29.80417 58.31492 1.424308 -29.89395 58.63144 1.556219 -29.90034 58.63339 1.462681 -29.8945 58.6312 1.575577 -29.69255 58.92669 1.244952 -29.87264 58.60868 0.993011 -29.91437 58.64911 1.025827 -29.89436 58.63126 1.054072 -30.54365 58.70938 0.2158318 -30.51776 58.69524 0.239501 -30.5135 58.72051 0.2242868 -30.85187 59.136 0.9401382 -30.85739 59.12913 0.9419506 -30.84932 59.13141 0.9446894 -30.85357 59.1319 1.239831 -30.85837 59.13045 1.249943 -30.65285 58.8171 1.096162 -30.85316 59.13185 1.26631 -30.82415 58.7188 0.7701273 -31.20065 59.44676 0.8870907 -30.61653 59.44111 0.9154388 -30.85339 59.13193 0.6493418 -30.85306 59.13196 0.6099522 -30.85352 59.13195 0.6024829 -30.51987 58.72452 -0.01964854 -30.54595 58.70493 -0.03129933 -30.51693 58.6921 -0.03703149 -30.57458 58.12833 1.234976 -30.57246 58.1204 1.230783 -30.56665 58.12529 1.233652 -30.57134 58.12468 1.49759 -30.57136 58.12468 1.495853 -30.56457 58.12312 1.585699 -30.61235 58.30389 1.519297 -30.69876 57.94714 1.209494 -30.57915 58.12698 0.9939046 -30.57163 58.12497 0.922455 -30.47764 58.14619 1.134577 -31.10733 57.78105 -0.5542867 -31.0682 57.71493 -0.5566892 -31.04099 57.7958 -0.5560042 -31.03693 57.74931 0.8125929 -31.03738 57.72378 0.8122177 -31.01526 57.73922 0.8118285 -31.06645 57.74516 0.348454 -31.03597 57.74069 0.3632097 -31.05003 57.76627 0.353458 -31.355 57.83316 0.9950418 -31.35146 57.82678 0.9974873 -31.34897 57.83495 0.9976228 -31.03858 57.82718 0.9457981 -31.35196 57.8308 1.273996 -31.35311 57.96297 1.04728 -31.35053 57.81554 1.079599 -31.40318 57.52729 1.011227 -31.35446 57.8306 0.680343 -31.35186 57.83071 0.7228815 -31.35133 57.83132 0.7610293 -31.06803 57.7508 0.1241798 -31.05021 57.73111 0.1181345 -31.03455 57.75746 0.1214539 -30.92019 57.52445 1.22793 -30.9136 57.52312 1.226869 -30.91627 57.53103 1.228757 -30.9163 57.52669 1.404386 -30.9164 57.52691 1.441229 -30.91649 57.52663 1.449074 -31.26499 57.68687 1.199801 -30.53006 57.67064 1.195293 -30.81458 57.19192 1.228478 -30.91633 57.52661 1.054007 -30.91632 57.52668 1.013201 -30.91643 57.52666 1.03252 -31.06694 57.74802 0.5474238 -31.03318 57.74372 0.5483682 -31.04517 57.75607 0.527428 -31.00527 58.17629 0.7630451 -30.99898 58.17315 0.7676619 -30.99754 58.1764 0.7611118 -31.00066 58.17528 0.9692448 -31.00043 58.17536 1.001411 -31.00373 58.1765 1.043443 -31.0438 58.54783 0.8009167 -30.69876 58.13019 0.861459 -30.9706 58.17302 0.4766622 -31.22325 58.17528 0.6929876 -30.99709 58.176 0.4578824 -31.06514 57.75718 0.4617577 -31.05489 57.73214 0.458893 -31.03649 57.75724 0.472999 -31.32797 57.5579 1.153361 -31.32184 57.55381 1.154656 -31.32203 57.56196 1.156825 -31.32386 57.55788 1.452003 -31.33022 57.56575 1.485931 -31.32215 57.55589 1.50127 -31.14925 57.83897 1.076265 -31.58896 57.48892 1.0695 -31.04164 57.41198 1.047029 -31.32385 57.55794 0.8691117 -31.32406 57.55804 0.8572845 -31.32392 57.55789 0.8431834 -31.05888 57.76437 0.2786221 -31.05485 57.73107 0.2746713 -31.03537 57.75014 0.2623647 -30.54706 57.72384 1.024957 -30.54714 57.71636 1.024731 -30.54102 57.72066 1.020812 -30.54089 57.72393 1.24996 -30.54501 57.72024 1.22501 -30.77162 57.86517 1.11429 -30.54501 57.7202 1.242424 -30.48498 57.81907 0.9991268 -30.68871 57.4484 0.9973561 -30.54481 57.71941 0.794768 -30.5318 57.74199 1.014554 -31.06542 57.7448 0.2502157 -31.04637 57.73668 0.2717153 -31.03808 57.76348 0.2565557 -31.36029 58.06779 0.6461348 -31.36011 58.06258 0.6504803 -31.35398 58.06852 0.6504544 -31.35766 58.0663 0.8422389 -31.35776 58.06654 0.8459018 -31.35791 58.06631 0.8332761 -31.19691 57.76588 0.7534102 -31.11856 58.30783 0.7292959 -31.7586 58.13364 0.6723311 -31.35444 58.05795 0.466326 -31.35766 58.0666 0.4357475 -31.35766 58.06631 0.4938293 -31.06902 57.75075 0.03956169 -31.0435 57.73707 0.02608313 -31.03673 57.75745 0.04686362 -31.06224 57.12646 0.6532892 -31.06275 57.12123 0.6479782 -31.05525 57.12308 0.6499858 -31.05969 57.12368 0.8827497 -31.08946 57.10316 0.6729538 -31.06066 57.11889 0.9189964 -31.03892 57.05128 0.5193614 -30.85566 57.32256 0.6463816 -31.06076 57.12317 0.4000237 -31.06002 57.12366 0.428455 -31.06165 57.76268 0.1918993 -31.05765 57.73418 0.2000693 -31.03126 57.74827 0.1888829 -30.85053 58.01047 0.9922583 -30.84679 58.00335 0.9936265 -30.84277 58.00753 0.9912581 -30.84702 58.00762 1.207475 -30.84704 58.00752 1.221993 -30.84617 58.00665 1.272261 -31.02915 57.97577 1.205881 -30.52287 58.06329 0.8761022 -30.78687 58.31935 0.9961115 -30.84707 58.00776 0.7245909 -30.85325 58.01623 0.7901272 -30.8159 57.87234 0.8750875 -31.0588 57.76349 0.06123337 -31.05955 57.73358 0.05995631 -31.03222 57.74937 0.07199733 -31.55124 57.71449 1.239539 -31.55022 57.7061 1.239694 -31.54476 57.71059 1.242141 -31.54881 57.71038 1.49347 -31.55093 57.70571 1.393432 -31.54873 57.71069 1.52525 -31.22074 57.72894 1.239579 -31.62793 58.09251 1.268511 -31.54865 57.70815 0.9420609 -31.55067 57.71237 0.9718135 -31.54882 57.71041 1.041443 -30.23084 59.83891 -1.003533 -30.2386 59.74944 -1.006472 -30.15774 59.80783 -1.005634 -30.18549 59.76087 0.6689411 -30.20327 59.7369 0.668482 -30.17174 59.73654 0.6680057 -30.19616 59.79101 -0.05925085 -30.21696 59.76021 -0.06329321 -30.18285 59.75514 -0.06947176 -30.02613 59.50542 1.208781 -30.03172 59.49798 1.207896 -30.02194 59.49807 1.206474 -30.02659 59.50035 1.470082 -30.02566 59.5001 1.543907 -30.14066 59.55496 1.386178 -29.86212 59.92582 1.295562 -29.69805 59.19255 1.083598 -30.02585 59.5007 0.8714902 -30.20819 59.72797 0.9441089 -30.02669 59.50013 0.9161138 -30.20629 59.78608 0.02681599 -30.21099 59.75519 0.04552246 -30.17766 59.77303 0.03184772 -30.1075 60.33806 1.068535 -30.11409 60.33194 1.072793 -30.10483 60.33072 1.072642 -30.10898 60.331 1.366945 -29.73132 60.36688 1.05592 -30.10786 60.33731 1.253814 -30.23709 59.99441 1.023238 -30.11176 60.3302 0.7927265 -30.10836 60.33505 0.8255462 -30.12774 60.33226 1.041781 -30.19714 59.78899 0.07410011 -30.21742 59.76073 0.05994038 -30.18012 59.75845 0.07312049 -30.47751 59.5941 0.8968752 -30.4822 59.58675 0.8933956 -30.47401 59.58492 0.8959763 -30.47782 59.58873 1.180305 -30.47786 59.58868 1.171743 -30.3666 59.35339 1.137144 -30.47814 59.58881 1.218082 -30.91582 59.49872 0.8801232 -30.14889 59.82344 0.6770405 -30.42582 59.95512 0.9753445 -30.47091 59.58565 0.5730419 -30.47784 59.58865 0.6432198 -30.47791 59.58871 0.5763166 -30.21487 59.76845 -0.00246371 -30.19013 59.75132 -0.0231286 -30.18485 59.78261 -0.02578015 -29.49775 59.72918 0.9346961 -29.50163 59.72108 0.937395 -29.49383 59.72213 0.931179 -29.49776 59.72403 1.158265 -29.49775 59.7239 1.184348 -29.09717 59.57011 1.026749 -29.49774 59.72404 1.172496 -29.59396 59.7088 1.223115 -29.10512 59.83897 0.8768876 -29.77386 59.36791 0.8594208 -29.50564 59.74172 0.7396334 -29.49774 59.7241 0.6455033 -29.49776 59.72403 0.6324213 -30.21403 59.77857 -0.07119064 -30.20088 59.74799 -0.05356734 -30.18079 59.78132 -0.0602567 -30.43522 60.04878 0.6507585 -30.4414 60.04378 0.6506193 -30.43452 60.03962 0.6548293 -30.43684 60.05366 0.7159483 -30.44509 60.03767 0.9617359 -30.43678 60.04339 0.9133793 -30.26563 59.53419 0.6278284 -30.14983 60.20493 0.6244435 -30.43442 60.04482 0.3624393 -30.4364 60.04379 0.4128092 -30.44824 60.03973 0.5958923 -30.19391 59.7824 0.2992027 -30.2194 59.767 0.2802613 -30.18184 59.75856 0.2722135 -30.21567 59.43106 0.6069151 -30.21265 59.42512 0.6001527 -30.20628 59.42896 0.6048937 -30.21158 59.4284 0.8308472 -30.21048 59.42684 0.8970983 -29.89502 59.17648 0.5875414 -30.21208 59.42787 0.886739 -30.20272 59.44178 0.5829729 -30.18344 59.45131 0.5209866 -30.23283 59.33995 0.5542833 -30.21491 59.78129 -0.2586971 -30.20021 59.7475 -0.2523724 -30.18069 59.77924 -0.2659234 -30.00389 60.01675 0.664485 -30.00938 60.01254 0.6669566 -30.00127 60.00754 0.6665089 -30.00502 60.01049 1.030202 -30.00717 60.01368 0.9614575 -29.68263 59.87276 0.584868 -30.00234 60.01476 1.002932 -30.23679 59.78683 0.4902017 -30.00416 60.01707 0.3847454 -30.00441 60.012 0.3366045 -30.00436 60.0118 0.3311504 -30.21759 59.77028 -0.0664453 -30.19689 59.74762 -0.0576974 -30.18782 59.78635 -0.0536227 -30.55604 59.76445 0.8318389 -30.5475 59.76063 0.8355099 -30.54862 59.76849 0.8350829 -30.55433 59.76352 1.160484 -30.55128 59.76414 1.071011 -30.55099 59.76419 1.12346 -30.39882 60.13538 0.8503673 -30.27494 59.50356 0.8162744 -30.93822 59.7611 0.7719401 -30.55154 59.7651 0.5205883 -30.55117 59.76416 0.566486 -30.55096 59.76435 0.5779052 -30.21634 59.78124 0.2369495 -30.20018 59.74874 0.2278107 -30.17835 59.77606 0.2272147 -30.00259 59.63661 1.142724 -30.00804 59.62977 1.142877 -29.99855 59.62848 1.14045 -30.00304 59.63153 1.419248 -30.00048 59.62792 1.49354 -29.8931 59.66871 1.413248 -30.28669 59.43323 1.306383 -30.12843 59.95051 0.9766611 -29.99486 59.63022 0.7464977 -30.02939 59.60923 0.7942293 -30.00296 59.63176 0.7711976 -30.71163 58.86029 -0.8296431 -30.67562 58.91399 -0.8314711 -30.7469 58.90531 -0.8309499 -30.71307 58.92526 0.2104399 -30.69353 58.93418 0.2101544 -30.71328 58.94538 0.2098582 -30.70128 58.90658 -0.1588649 -30.70422 58.92737 -0.1757771 -30.72081 58.90846 -0.165822 -30.88218 59.39274 0.3397101 -30.88199 59.39787 0.3357987 -30.88766 59.39518 0.3362734 -30.89537 59.39072 0.279878 -30.88396 59.39522 0.4827385 -30.91872 59.13507 0.278661 -30.88239 59.38815 0.520103 -30.73003 59.58038 0.3130988 -30.88381 59.39592 0.1847206 -30.88399 59.39523 0.1967443 -30.88396 59.39521 0.1806634 -30.71587 58.90513 -0.2417667 -30.69286 58.91187 -0.2348985 -30.7149 58.92924 -0.2311399 -30.78674 58.70768 0.1476866 -30.78863 58.71406 0.1501116 -30.79217 58.70947 0.1475382 -30.78894 58.71091 0.3570242 -30.78995 58.70808 0.3828503 -30.78887 58.71073 0.3431494 -30.66262 58.97063 0.1441445 -30.79209 58.70646 0.006111137 -30.57698 58.55178 0.1178221 -31.02423 58.87009 0.05921403 -30.78886 58.71073 -0.06144802 -30.78886 58.71073 -0.06141843 -30.6974 58.90573 -0.2343524 -30.7019 58.92799 -0.236908 -30.71916 58.91123 -0.2227363 -30.42137 59.02393 0.1581333 -30.41952 59.02875 0.1559091 -30.42496 59.0301 0.1588203 -30.42241 59.02781 0.3356826 -30.42237 59.02765 0.3087624 -30.67219 59.23088 0.1639089 -30.42225 59.027 0.3393219 -30.24978 59.20204 0.1357023 -30.6784 58.83156 0.1431346 -30.23703 58.81627 0.08806093 -30.42237 59.02765 -0.0005415264 -30.42222 59.02656 0.0131398 -30.42211 59.02754 -0.01269005 -30.70362 58.90145 -0.1100401 -30.69976 58.92953 -0.1120865 -30.72072 58.91565 -0.1207212 -31.11518 59.02799 0.5445668 -31.11519 59.03421 0.5436745 -31.12057 59.03104 0.5414116 -31.11703 59.03102 0.6822155 -31.11704 59.03102 0.6878424 -31.11618 59.03161 0.714967 -30.87861 59.25131 0.5219222 -30.98517 58.74633 0.6005769 -31.44985 59.05927 0.5985333 -31.25062 59.29567 0.4560938 -31.11946 59.02918 0.3824554 -31.11635 59.03082 0.3665591 -31.11702 59.03103 0.39839 -30.7177 58.90418 -0.3137195 -30.69209 58.91651 -0.314367 -30.7142 58.9267 -0.3040561 -30.48751 58.50091 0.4016653 -30.48434 58.50664 0.4035394 -30.49087 58.50406 0.4039781 -30.48728 58.50426 0.5848842 -30.73292 58.69068 0.3982581 -30.48728 58.50421 0.578189 -30.48611 58.50429 0.6324685 -30.60189 58.24252 0.4392454 -30.17171 58.47669 0.3434843 -30.48725 58.50425 0.2068487 -30.48755 58.50402 0.2081702 -30.48728 58.50425 0.2327369 -30.7086 58.90427 -0.2007842 -30.69459 58.91952 -0.2148168 -30.71645 58.92623 -0.2159579 -30.61857 59.30022 0.2048488 -30.61153 59.30028 0.2035357 -30.61509 59.30405 0.2013359 -30.61787 59.30606 0.4399517 -30.61528 59.3012 0.3730518 -30.61176 59.29592 0.4125819 -30.59285 59.5725 0.2169724 -30.71923 59.08853 0.2180592 -30.61581 59.30255 -0.00714765 -30.40193 59.41659 0.05221909 -30.6197 59.29099 0.002445681 -30.7174 58.90555 -0.1519301 -30.69263 58.91295 -0.1413385 -30.71388 58.92904 -0.1444071 -30.90199 58.76339 0.3036517 -30.8969 58.76592 0.3060939 -30.90203 58.7702 0.3054668 -30.90157 58.76456 0.4070962 -30.88743 58.76884 0.2920716 -30.89648 58.76998 0.2491535 -30.90251 58.75869 0.2478752 -30.70883 58.90071 -0.3389283 -30.69633 58.92281 -0.3436512 -30.72069 58.91795 -0.3305269 -30.31517 58.83848 0.2371205 -30.30993 58.84155 0.2345231 -30.31516 58.84474 0.2377731 -30.31337 58.84164 0.3571572 -30.31337 58.84164 0.4025797 -30.53085 59.00122 0.2529922 -30.28704 58.59405 0.2580996 -30.31109 58.84109 0.3988194 -30.06777 59.07536 0.2148239 -30.31342 58.84165 0.09662999 -30.31319 58.83912 0.06656615 -30.31334 58.84163 0.09598726 -30.70213 58.90881 -0.1543331 -30.69919 58.9276 -0.1691981 -30.72156 58.91023 -0.1710276 -31.02295 59.27918 0.1620285 -31.02306 59.28411 0.1574226 -31.02764 59.27981 0.1577269 -31.02625 59.28296 0.3640441 -31.02158 59.27841 0.2922828 -31.02232 59.28267 0.3132884 -31.21678 59.58393 0.1534839 -31.18928 59.04281 0.1358632 -31.02206 59.27777 0.01197481 -31.02431 59.2828 -0.01518285 -31.02691 59.28739 -0.0318646 -31.55884 54.19623 0.338515 -31.51119 54.28718 0.3348234 -31.62224 54.26126 0.3358759 -31.57225 54.29856 2.438808 -31.54292 54.316 2.438231 -31.57601 54.33029 2.437633 -31.5615 54.26438 1.800284 -31.54577 54.28822 1.766396 -31.58255 54.29385 1.796703 -31.07557 54.68611 2.462269 -31.07568 54.69494 2.455404 -31.08317 54.69227 2.464559 -31.07809 54.69123 2.771811 -31.07818 54.69239 2.783556 -30.98495 54.62262 2.487265 -31.30871 54.40419 2.516939 -31.07816 54.6916 2.162811 -31.07827 54.69088 2.177752 -31.08273 54.69981 2.376911 -31.55022 54.26234 1.71157 -31.55283 54.3049 1.711709 -31.58351 54.2868 1.690956 -31.94151 54.25351 2.463537 -31.93384 54.25803 2.468732 -31.94217 54.26415 2.463589 -31.93916 54.25867 2.792824 -31.93746 54.26185 2.853017 -31.93957 54.25857 2.862018 -32.35588 54.64028 2.557634 -31.57031 53.86762 2.604451 -32.37017 53.89652 2.417185 -31.94037 54.25941 2.066031 -31.93939 54.25839 2.110554 -31.63683 54.52741 1.943469 -31.57593 54.26394 1.280489 -31.54203 54.27534 1.272771 -31.56318 54.3069 1.291002 -31.20993 53.92127 2.62658 -31.20224 53.92765 2.626141 -31.21119 53.93189 2.630725 -31.20795 53.92861 3.053027 -31.21507 53.92549 3.059526 -31.2079 53.92695 2.970261 -30.85592 53.55551 2.63751 -31.6747 53.7598 2.566764 -30.99064 54.10505 2.467072 -31.20787 53.92696 2.31781 -31.20769 53.92688 2.298302 -31.56138 54.26131 1.805714 -31.5446 54.30021 1.7938 -31.58579 54.28326 1.798114 -31.58391 54.58487 3.07312 -31.58508 54.59444 3.070074 -31.59426 54.58914 3.071509 -31.58783 54.58941 3.388289 -31.59355 54.59586 3.474509 -31.43908 54.31424 3.34276 -31.58736 54.58958 3.44846 -31.48443 54.94526 2.966026 -32.04592 54.43194 2.947338 -31.58785 54.58942 2.672031 -31.58865 54.58093 2.727477 -31.58734 54.58928 2.701077 -31.5491 54.26689 1.78152 -31.56657 54.29977 1.814987 -31.57957 54.28607 1.775795 -32.03612 53.63907 2.288143 -32.03518 53.64452 2.298543 -32.04345 53.6463 2.291169 -32.04327 53.6433 2.662361 -32.03823 53.64324 2.671993 -32.03826 53.64329 2.769365 -31.82424 53.89119 2.680764 -31.90217 53.11956 2.273141 -32.47438 53.72647 1.918736 -31.67457 53.93891 2.027631 -32.03835 53.64348 1.881439 -32.0383 53.64327 1.898025 -32.03827 53.64319 1.931225 -31.55055 54.26205 1.330082 -31.55316 54.30464 1.328071 -31.58295 54.28738 1.35141 -30.90681 54.36072 2.509525 -30.90525 54.36879 2.507665 -30.91438 54.36776 2.514398 -30.90943 54.36599 2.919218 -30.92576 54.34822 2.785639 -30.90858 54.36431 2.918043 -30.51978 54.60164 2.449185 -31.22536 54.71117 2.536252 -30.90948 54.36625 2.129977 -30.90958 54.36578 2.12084 -30.91598 54.36538 2.176288 -31.54941 54.26413 1.56939 -31.55205 54.30545 1.557404 -31.58511 54.28448 1.547995 -31.96545 54.51816 2.75177 -31.97059 54.52621 2.747386 -31.97601 54.51893 2.746834 -31.97039 54.52046 3.079907 -31.97036 54.52042 3.08103 -32.29359 54.8989 2.838892 -31.96154 54.52168 3.18043 -31.95701 54.52294 2.514114 -32.29257 54.23329 2.746019 -31.78993 54.30855 2.609339 -31.97109 54.52038 2.357679 -31.54993 54.26798 1.39258 -31.5481 54.30233 1.415965 -31.58781 54.28183 1.408698 -31.40487 53.6646 2.574404 -31.40611 53.67413 2.581184 -31.41408 53.6685 2.578678 -31.41022 53.67115 2.969835 -31.40824 53.66903 2.868464 -31.67238 53.42865 2.585242 -31.22758 53.94443 2.543517 -31.40252 53.66565 2.745564 -31.40892 53.66998 2.244801 -31.40338 53.66526 2.203035 -31.40818 53.66901 2.30666 -31.57352 54.27398 1.697822 -31.54009 54.27903 1.663682 -31.57357 54.30055 1.659598 -31.25685 54.8269 2.178672 -31.25369 54.83261 2.167966 -31.26178 54.83406 2.172409 -31.25708 54.835 2.548781 -31.25573 54.83071 2.583067 -31.63699 54.95088 2.131558 -31.30393 54.7468 2.675986 -30.94789 55.01067 2.040311 -31.25712 54.83103 1.793373 -31.25634 54.82216 1.769169 -31.25698 54.83065 1.767158 -32.27187 52.64724 0.6148053 -32.20588 52.57507 0.6111863 -32.19307 52.68293 0.6122181 -32.17589 52.62606 2.673848 -32.16978 52.59414 2.673283 -32.14624 52.61914 2.672697 -32.20757 52.61542 1.942739 -32.17596 52.6123 1.909258 -32.1978 52.64346 1.928966 -31.42827 52.70686 2.929763 -31.42079 52.70474 2.92202 -31.42272 52.71404 2.92296 -31.42651 52.72697 2.811314 -31.42399 52.7086 3.212916 -31.7938 52.85299 2.808905 -31.43494 52.70883 3.286886 -31.20712 52.41597 2.877081 -31.42301 52.70812 2.622932 -31.42396 52.70863 2.646735 -31.42399 52.70859 2.6149 -32.20446 52.63739 1.778619 -32.20281 52.60115 1.792216 -32.16938 52.62731 1.799657 -32.46918 52.81236 2.549616 -32.45913 52.81284 2.554417 -32.46461 52.8197 2.549322 -32.46365 52.81443 2.96404 -32.46745 52.81693 3.015168 -32.46395 52.81439 2.936572 -32.12731 52.53564 2.542604 -32.46907 52.82067 2.269341 -32.77352 52.56004 2.490494 -32.14534 53.10309 2.374468 -32.46395 52.81438 2.135594 -32.46395 52.81438 2.135653 -32.21021 52.61003 1.793297 -32.17588 52.60867 1.788238 -32.19431 52.64003 1.816293 -32.13552 52.16201 2.570298 -32.1291 52.15757 2.565894 -32.12517 52.16508 2.571657 -32.12945 52.16215 2.92179 -32.1297 52.16214 2.868497 -31.74145 52.45635 2.581731 -32.1307 52.16221 2.928995 -31.93535 51.84597 2.525891 -32.32602 52.60871 2.540605 -32.50681 51.96562 2.431576 -32.1297 52.16215 2.25617 -32.13136 52.16232 2.283255 -32.12996 52.1618 2.23212 -32.21426 52.6207 2.039397 -32.17438 52.60497 2.035346 -32.18726 52.64075 2.018252 -31.88068 53.1801 3.335316 -31.87154 53.17788 3.33355 -31.87427 53.18692 3.32907 -31.87556 53.18173 3.607818 -31.87557 53.18174 3.618958 -31.875 53.18027 3.672656 -31.63738 52.75236 3.290487 -32.34121 53.09008 3.446199 -31.71466 53.66066 3.442153 -31.43875 53.2831 3.160167 -31.8774 53.18596 3.014386 -31.87611 53.1808 2.982916 -31.87556 53.18171 3.045931 -32.20521 52.64042 1.636175 -32.19627 52.59836 1.634893 -32.17336 52.62719 1.655305 -32.88038 52.44682 3.052416 -32.87309 52.4401 3.056126 -32.87454 52.45063 3.056994 -32.87553 52.44528 3.415133 -32.51348 52.73937 3.04567 -32.8756 52.4453 3.401878 -32.8759 52.44355 3.509335 -33.21904 52.70758 3.126813 -33.02925 51.99144 2.937235 -32.87556 52.44524 2.666739 -32.87578 52.44577 2.669355 -32.87554 52.44528 2.717989 -32.20834 52.62701 1.859752 -32.19095 52.60096 1.831971 -32.17325 52.63067 1.829712 -31.65878 52.35268 2.66278 -31.66122 52.34231 2.66018 -31.65441 52.34619 2.655825 -31.65045 52.34956 3.128211 -31.65852 52.3475 2.99577 -31.66755 52.34421 3.074027 -31.2679 52.21721 2.686781 -31.93375 52.57654 2.688932 -31.65635 52.3478 2.243092 -31.56549 51.99259 2.36062 -31.67195 52.35766 2.262084 -32.20329 52.63948 1.956468 -32.20131 52.60043 1.977436 -32.17004 52.62589 1.971361 -32.34598 52.96173 2.858379 -32.34409 52.95335 2.863214 -32.33597 52.95936 2.861972 -32.34441 52.96069 3.063167 -32.3432 52.93838 2.835454 -32.33828 52.95127 2.750489 -32.3527 52.96418 2.747959 -32.21348 52.62864 1.586269 -32.18549 52.60233 1.576919 -32.18389 52.63988 1.602901 -32.44614 52.07247 2.726668 -32.4435 52.06367 2.721526 -32.43695 52.07022 2.72796 -32.44215 52.0687 2.964303 -32.44215 52.0687 3.054226 -32.12962 52.33104 2.758089 -32.81542 52.11882 2.7682 -32.44376 52.06554 3.046782 -32.1868 51.62396 2.682527 -32.4421 52.06877 2.44854 -32.44591 52.06934 2.389023 -32.44217 52.06866 2.447268 -32.20398 52.61589 1.95171 -32.17742 52.60481 1.922282 -32.19493 52.64392 1.91866 -31.54464 52.95445 2.578009 -31.53736 52.95285 2.56889 -31.54204 52.96112 2.569493 -31.53791 52.95795 2.977937 -31.54627 52.95272 2.835872 -31.53974 52.95228 2.877457 -31.0273 53.12997 2.561093 -31.83232 53.28367 2.52621 -31.54704 52.95366 2.280949 -31.53884 52.95517 2.227185 -31.53117 52.95733 2.19416 -30.60944 59.75312 -1.021279 -30.6445 59.67498 -1.024402 -30.55335 59.70219 -1.023511 -30.59309 59.6686 0.7555494 -30.61662 59.65259 0.7550616 -30.58834 59.64237 0.7545556 -30.61265 59.69037 0.1246467 -30.60418 59.66388 0.09575479 -30.58672 59.69227 0.1127616 -30.26815 59.0958 0.9763883 -30.26725 59.08905 0.9697064 -30.26045 59.09383 0.9705174 -30.25137 59.10137 0.8741741 -30.26527 59.09296 1.220731 -30.27782 59.44042 0.872095 -30.26889 59.10184 1.284563 -30.42505 58.81689 0.9309269 -30.2653 59.09201 0.7116117 -30.26523 59.09295 0.7321525 -30.26527 59.09297 0.7046806 -30.59392 59.69551 -0.01697871 -30.62247 59.68159 -0.005245379 -30.58982 59.66381 0.001175525 -30.54534 59.96913 0.6483447 -30.54146 59.96122 0.6524874 -30.53785 59.96801 0.6480912 -30.54175 59.96541 1.005967 -30.54107 59.96933 1.050087 -30.54189 59.96563 0.9822639 -30.64887 59.59812 0.6422935 -30.53863 59.97193 0.4064839 -30.85399 60.126 0.5973256 -30.19904 59.80995 0.4972023 -30.5419 59.96563 0.2910691 -30.5419 59.96563 0.2911196 -30.61791 59.69062 -0.004312549 -30.60707 59.66255 -0.008678384 -30.58827 59.68827 0.01553182 -30.95204 59.47478 0.6661913 -30.95338 59.46808 0.6623915 -30.94597 59.46753 0.6673649 -30.94981 59.46996 0.969508 -30.94991 59.47015 0.9235188 -30.57842 59.2604 0.676058 -30.9502 59.47098 0.9757252 -31.13644 59.20399 0.6278713 -30.65924 59.78324 0.6405682 -31.23901 59.70492 0.546483 -30.9499 59.47015 0.3951188 -30.95034 59.47155 0.4184913 -30.95027 59.47024 0.3743648 -30.61074 59.69759 0.2080566 -30.60952 59.66006 0.2045607 -30.58524 59.68285 0.1898096 -30.04511 59.62401 1.326356 -30.04371 59.61589 1.324831 -30.0374 59.62122 1.320966 -30.04202 59.62045 1.561508 -30.04201 59.62046 1.571121 -30.043 59.61949 1.617459 -30.3043 59.2797 1.287671 -30.27762 59.96286 1.422041 -29.60112 59.65769 1.41855 -29.80864 59.30461 1.175213 -30.03926 59.6234 1.049413 -30.04295 59.62057 1.022256 -30.04204 59.62044 1.076634 -30.59174 59.69717 -0.1398995 -30.62245 59.67536 -0.1410056 -30.5913 59.66697 -0.1233909 -30.98215 60.17252 1.08223 -30.98502 60.16432 1.085431 -30.97706 60.16915 1.086181 -30.9817 60.16809 1.395232 -30.61942 59.97935 1.076409 -30.98171 60.16815 1.383794 -30.98322 60.16779 1.476523 -30.89033 60.5354 1.14643 -31.39994 60.13381 0.9828361 -30.98175 60.1681 0.7494143 -30.9814 60.16845 0.7516719 -30.98171 60.16809 0.7936405 -30.60361 59.69502 0.05303378 -30.6185 59.67199 0.02906111 -30.58847 59.66809 0.02711176 -30.63299 59.1579 0.7459978 -30.64217 59.15626 0.7437546 -30.63669 59.15214 0.7399966 -30.6326 59.15012 1.147636 -30.63707 59.15589 1.033348 -30.64284 59.16201 1.100879 -30.60594 58.79662 0.7667092 -30.54869 59.45676 0.7685658 -30.63607 59.15425 0.3838332 -30.88997 58.95769 0.4852525 -30.63356 59.17022 0.400222 -30.59183 59.6953 0.1364937 -30.62253 59.68013 0.154588 -30.59119 59.66385 0.1493457 -30.38244 59.92206 0.9147881 -30.38852 59.91762 0.9189601 -30.38087 59.91318 0.9178888 -30.38273 59.92043 1.091508 -30.40024 59.9117 0.8950051 -30.38817 59.91222 0.8216858 -30.38281 59.92831 0.8195021 -30.60409 59.69972 -0.182965 -30.6155 59.66807 -0.1910333 -30.58476 59.67984 -0.1686125 -31.13203 59.69331 0.8011293 -31.13818 59.68813 0.796692 -31.13064 59.68514 0.8022442 -31.13367 59.68879 1.006194 -31.13367 59.68879 1.083792 -30.81413 59.52883 0.8282437 -31.22319 60.00624 0.836969 -31.13677 59.68899 1.077368 -31.40233 59.32888 0.7630389 -31.1336 59.68878 0.561122 -31.13446 59.69203 0.5097624 -31.13371 59.68879 0.560024 -30.61104 59.68765 0.1323886 -30.6107 59.66245 0.1069939 -30.58535 59.69012 0.1038685 -30.10962 59.27544 0.6728456 -30.10838 59.26903 0.6649771 -30.10335 59.27567 0.665497 -30.10446 59.27124 1.017959 -30.11157 59.27615 0.8953659 -30.10966 59.27074 0.9312508 -29.78863 58.92065 0.6582485 -29.94505 59.62115 0.6281461 -30.11108 59.27709 0.4165011 -30.10702 59.27102 0.3701063 -30.10262 59.26561 0.341608 -30.45405 56.14089 -0.05080611 -30.4004 56.10561 -0.05312139 -30.40966 56.17631 -0.05246128 -30.38955 56.14289 1.266476 -30.38051 56.12356 1.266115 -30.36957 56.14327 1.265739 -30.4072 56.12541 0.6125327 -30.3842 56.13668 0.6093357 -30.40022 56.15261 0.6061701 -30.37763 56.32642 1.691568 -30.37495 56.32 1.692951 -30.37143 56.32556 1.69158 -30.37478 56.32359 1.905711 -30.37482 56.32388 1.868529 -30.375 56.32389 1.902593 -30.51944 56.0872 1.693982 -30.07769 56.30038 1.651252 -30.49791 56.58628 1.710611 -30.37469 56.32393 1.464666 -30.37571 56.32464 1.486339 -30.37471 56.32391 1.512163 -30.40929 56.13128 0.7580895 -30.38603 56.12922 0.7730039 -30.40253 56.15211 0.771976 -30.76797 55.89952 1.477127 -30.76274 55.89481 1.478568 -30.76347 55.9009 1.480805 -30.72731 55.9082 1.484775 -30.76451 55.8979 1.655624 -30.76518 55.89815 1.685449 -30.71589 56.09765 1.519313 -30.74248 55.87318 1.277386 -30.75001 55.90838 1.342865 -30.76451 55.8978 1.279727 -30.40453 56.15073 0.6494626 -30.40202 56.12252 0.6453694 -30.38608 56.13679 0.6365317 -30.13612 56.10141 1.197784 -30.1318 56.09647 1.194562 -30.13127 56.10287 1.19483 -30.13315 56.09976 1.398157 -30.13315 56.09976 1.381008 -30.38794 56.12806 1.303539 -30.12925 56.09734 1.041137 -30.13099 56.10071 1.388161 -30.26861 55.94084 1.187185 -30.13059 56.10389 1.066144 -30.13315 56.09975 0.9784065 -30.40664 56.14284 0.8087927 -30.39942 56.12704 0.8348795 -30.38794 56.14748 0.822682 -30.74336 56.5324 1.257821 -30.74401 56.52723 1.263281 -30.7391 56.53174 1.263019 -30.74225 56.53079 1.526013 -30.41814 56.63565 1.222953 -30.74219 56.53043 1.486671 -30.94059 56.32444 1.249398 -30.74176 56.53039 1.525239 -30.93514 56.83779 1.240147 -30.74229 56.53048 1.034707 -30.74156 56.52905 1.005576 -30.74229 56.53043 0.9985983 -30.41206 56.13194 0.598488 -30.39213 56.12588 0.5960764 -30.39356 56.14972 0.6111397 -30.43444 55.85484 1.187133 -30.42837 55.85199 1.185718 -30.43058 55.85782 1.189311 -30.43074 55.85461 1.33547 -30.4303 55.85432 1.390427 -30.56846 55.9062 1.181725 -30.45561 55.57244 1.217869 -30.4293 55.85261 1.415465 -30.42786 55.85307 0.9718932 -30.30445 56.06644 1.110949 -30.43074 55.85461 1.025341 -30.43073 55.85459 1.025694 -30.41282 56.1384 0.9358828 -30.39559 56.12366 0.9355462 -30.39375 56.14865 0.9201734 -30.26924 56.29022 1.276009 -30.26753 56.28512 1.278078 -30.26279 56.28773 1.27414 -30.26448 56.28578 1.466915 -30.26417 56.29127 1.425958 -30.26849 56.28678 1.471809 -30.33561 56.55048 1.171205 -30.26914 56.28444 1.093324 -30.26618 56.28792 1.083697 -30.28825 56.2794 1.098575 -30.41081 56.13092 0.9918522 -30.38688 56.12879 1.005214 -30.4002 56.15288 0.9981848 -30.66112 56.12742 1.608646 -30.65512 56.12724 1.611992 -30.65729 56.13302 1.610883 -30.65917 56.12881 1.910438 -30.65573 56.13008 1.907325 -30.95921 56.19128 1.595691 -30.66007 56.13079 1.91212 -30.65826 56.13008 1.326302 -30.4446 55.94179 1.567045 -30.65579 56.13223 1.49942 -30.65785 56.12926 1.362321 -30.40799 56.14696 0.6833175 -30.4024 56.12257 0.6682779 -30.38618 56.14376 0.6697005 -30.06382 55.83882 1.485093 -30.06172 55.83383 1.481486 -30.05743 55.83895 1.481633 -30.06094 55.83726 1.687558 -30.06199 55.83748 1.717532 -30.06123 55.83812 1.728965 -30.35061 55.78601 1.425695 -29.98486 56.16666 1.446031 -29.82607 55.691 1.471331 -30.06077 55.83782 1.243571 -30.0612 55.83713 1.261155 -30.06096 55.83726 1.307803 -30.40563 56.12531 0.6984181 -30.38561 56.14329 0.6900486 -30.40491 56.1494 0.6839429 -30.44814 56.36281 1.17497 -30.44439 56.35779 1.178483 -30.44299 56.36374 1.175064 -30.4452 56.36101 1.392709 -30.44518 56.361 1.397842 -30.43093 56.34741 1.3978 -30.28358 56.52254 1.207257 -30.70557 56.38887 1.228593 -30.39772 56.0776 1.083378 -30.44424 56.36241 0.922368 -30.44802 56.3626 0.9105642 -30.44522 56.36099 0.9764697 -32.48104 58.38115 -0.8147966 -32.45079 58.28993 -0.8180397 -32.39603 58.38155 -0.8171151 -32.40343 58.32364 1.03041 -32.41076 58.29256 1.029904 -32.37961 58.30555 1.029378 -32.43343 58.33863 0.4694365 -32.4276 58.31254 0.4396642 -32.3999 58.33364 0.4662907 -32.46548 57.73727 1.051022 -32.45946 57.73161 1.044991 -32.45638 57.73839 1.053034 -32.46038 57.73564 1.32297 -32.45955 57.73495 1.333288 -32.56714 57.71755 1.072982 -32.50367 58.07754 1.099052 -32.4601 57.73545 0.7879339 -32.4605 57.73599 0.8010603 -32.4516 57.73318 0.9760308 -32.44214 58.33237 0.3914973 -32.41178 58.30644 0.3916198 -32.40402 58.33887 0.3733872 -32.19365 58.60153 1.052136 -32.19559 58.59343 1.0567 -32.18606 58.59506 1.052182 -32.1917 58.59659 1.34143 -32.19067 58.59338 1.394312 -32.19151 58.59694 1.402221 -31.66383 58.629 1.134805 -32.6948 58.60255 1.175936 -32.15525 59.12224 1.011414 -32.19042 58.59693 0.702908 -32.19174 58.59693 0.7420237 -32.20737 58.21832 0.5952318 -32.42434 58.34863 0.01277239 -32.43871 58.3184 0.00599203 -32.40371 58.31211 0.02200888 -32.89301 58.32505 1.195377 -32.89372 58.31572 1.194992 -32.88505 58.31899 1.199018 -32.88936 58.31894 1.570031 -32.88683 58.32577 1.575741 -32.89051 58.31999 1.497317 -33.36944 58.32455 1.20498 -32.69951 58.74294 1.142826 -32.91188 58.05792 1.055242 -32.89053 58.31997 0.9241082 -32.8907 58.31989 0.906969 -32.43557 58.34054 0.474207 -32.42029 58.30396 0.4637401 -32.40492 58.34271 0.4675305 -32.20309 58.14533 1.587684 -32.19589 58.13989 1.585008 -32.19349 58.14952 1.586268 -32.19749 58.14501 1.864575 -32.18943 58.14467 1.940323 -32.47946 58.2238 1.824575 -32.19768 58.14459 1.917438 -32.02516 57.84403 1.493596 -32.00564 58.5558 1.477179 -32.19747 58.14502 1.235308 -32.20267 58.15108 1.28402 -32.1979 58.14477 1.260826 -32.4398 58.32865 0.4529516 -32.4063 58.31903 0.4823542 -32.40707 58.33669 0.4479224 -32.54578 59.06475 0.8980445 -32.54272 59.06057 0.9071814 -32.53615 59.06498 0.9007022 -32.53829 59.06682 1.226813 -32.5416 59.06346 1.235275 -32.54155 59.06344 1.32082 -32.51383 58.75817 1.24298 -32.98262 59.31237 0.8848642 -32.20197 59.30296 0.5735024 -32.57902 58.62639 0.6691721 -32.54136 59.06339 0.5407358 -32.54154 59.06349 0.5553073 -32.54161 59.06352 0.5844744 -32.44211 58.33278 0.05634187 -32.41174 58.30684 0.05457544 -32.40399 58.33812 0.07507977 -32.79427 57.83524 1.092539 -32.78985 57.82894 1.090905 -32.7846 57.83576 1.09682 -32.78902 57.83358 1.452474 -32.79036 57.85613 1.335118 -32.7907 57.8341 1.451441 -32.88373 57.41804 1.039527 -32.35121 57.82182 1.116019 -32.78881 57.83344 0.7590881 -32.78906 57.83381 0.7510605 -32.78516 57.83839 0.7997746 -32.44146 58.33066 0.2665852 -32.41192 58.30557 0.2560553 -32.40455 58.34146 0.2477887 -31.99992 58.44556 1.305362 -31.99116 58.44379 1.301511 -31.99254 58.45217 1.301026 -31.99516 58.44739 1.593646 -31.9952 58.4474 1.594633 -31.53023 58.41891 1.381903 -32.00009 58.44064 1.68196 -32.00219 58.43677 1.09657 -31.979 58.85101 1.30031 -32.25516 58.4637 1.18023 -31.99476 58.44792 0.9591347 -32.43853 58.32851 0.1112496 -32.41659 58.30493 0.1317943 -32.40457 58.345 0.1254102 -32.93905 58.62318 1.149538 -32.93183 58.61782 1.155495 -32.93044 58.62685 1.153293 -32.93116 58.62252 1.496943 -32.93388 58.62257 1.407884 -32.92396 58.95669 1.15906 -32.86594 58.32187 1.122402 -32.93987 58.62092 1.29991 -32.93279 58.62241 0.8599661 -32.93958 58.62174 0.8232731 -32.93393 58.62254 0.9143119 -32.41915 58.34048 0.3794192 -32.43749 58.3147 0.3494256 -32.40123 58.32323 0.3458372 -32.25282 57.76777 0.8018689 -32.25103 57.76193 0.7924632 -32.2448 57.76644 0.7963663 -32.24722 57.76266 1.127027 -32.25099 57.76454 1.157149 -31.92218 57.94307 0.7604764 -32.27613 57.85156 1.238782 -32.32999 57.44028 0.6803117 -32.24986 57.76526 0.4633654 -32.25634 57.77051 0.4421006 -32.25021 57.76542 0.4403338 -31.08976 51.16979 0.9280828 -31.13589 51.23295 0.9257136 -31.15553 51.14834 0.9263891 -31.1642 51.19505 2.276056 -31.16625 51.22096 2.275686 -31.18715 51.20315 2.275303 -31.13723 51.1909 1.86625 -31.14823 51.20967 1.8445 -31.16445 51.18643 1.863952 -31.26194 51.66485 2.291114 -31.26801 51.66774 2.286708 -31.26871 51.66173 2.292583 -31.26629 51.66485 2.489779 -31.26711 51.66518 2.497317 -31.18807 51.70542 2.307157 -31.14773 51.41068 2.326201 -31.26657 51.66493 2.098921 -31.26611 51.66461 2.10851 -31.27372 51.66457 2.236331 -31.13204 51.19792 1.809313 -31.162 51.21046 1.809403 -31.15995 51.1834 1.796083 -31.25765 50.92755 2.291928 -31.25816 50.93432 2.295262 -31.26514 50.93068 2.291961 -31.26038 50.93089 2.503265 -31.26198 50.93313 2.541897 -31.26045 50.93058 2.547674 -31.66136 50.77451 2.35232 -30.86906 51.05139 2.382367 -31.15791 50.51452 2.262179 -31.2613 50.93032 2.036807 -31.26027 50.93064 2.065382 -31.34232 51.22791 1.958147 -31.14178 51.18089 1.532644 -31.13817 51.20789 1.527691 -31.16685 51.20405 1.539392 -30.78448 51.31572 2.39657 -30.78625 51.32312 2.396288 -30.79216 51.31843 2.399229 -30.78883 51.31954 2.670264 -30.78909 51.31362 2.674435 -30.78768 51.31902 2.617144 -30.41543 51.43458 2.403584 -30.8305 50.94378 2.358179 -30.83629 51.5274 2.294197 -30.78767 51.31904 2.1984 -30.78756 51.31914 2.185879 -31.13509 51.18995 1.869735 -31.15603 51.2145 1.862089 -31.1583 51.18065 1.864858 -31.36378 51.28341 2.68316 -31.37071 51.28582 2.681205 -31.37018 51.27777 2.682126 -31.3682 51.28226 2.885436 -31.37454 51.28051 2.940772 -31.13012 51.29133 2.856215 -31.36816 51.28263 2.924054 -31.57659 51.47263 2.614427 -31.41471 50.91623 2.602433 -31.36822 51.28225 2.42574 -31.36268 51.27884 2.461325 -31.36795 51.28254 2.444382 -31.13477 51.20021 1.854207 -31.16312 51.19934 1.875687 -31.15813 51.18584 1.850533 -30.86959 50.65618 2.17936 -30.873 50.65866 2.186034 -30.877 50.6536 2.181301 -30.87488 50.65272 2.419534 -30.87315 50.65614 2.425716 -30.87319 50.65614 2.488209 -30.97059 50.8858 2.431345 -30.46951 50.57294 2.169731 -31.07676 50.38609 1.942273 -30.95285 51.00413 2.012162 -30.87335 50.65614 1.918336 -30.87319 50.6561 1.928981 -30.87313 50.6561 1.950288 -31.13195 51.19759 1.564473 -31.16194 51.21014 1.563183 -31.16016 51.18398 1.578162 -30.98281 51.67071 2.321443 -30.98779 51.67448 2.32025 -30.99016 51.6679 2.324571 -30.98728 51.67069 2.584385 -30.98064 51.65355 2.498653 -30.98585 51.6707 2.583631 -31.01723 52.01624 2.282716 -31.32946 51.57092 2.338596 -30.98748 51.67074 2.077848 -30.9872 51.67052 2.071984 -30.98908 51.666 2.107571 -31.13299 51.19908 1.718062 -31.16211 51.21117 1.710369 -31.15891 51.18153 1.70433 -31.44655 51.00023 2.476917 -31.45379 50.99943 2.474103 -31.45063 50.99327 2.473749 -31.44979 50.99763 2.687516 -31.44975 50.99764 2.688237 -31.81714 50.90408 2.532832 -31.44764 51.00409 2.752032 -31.44698 51.00761 2.324388 -31.36194 50.68085 2.473225 -31.24426 51.04965 2.385504 -31.44997 50.99712 2.223988 -31.13579 51.20001 1.604585 -31.15866 51.21283 1.619593 -31.158 51.17879 1.614929 -30.67466 51.09615 2.363082 -30.68159 51.0985 2.367434 -30.68043 51.09116 2.365826 -30.68094 51.0947 2.616871 -30.67883 51.09533 2.551811 -30.60342 50.83396 2.370038 -30.80625 51.31145 2.343259 -30.67459 51.0981 2.472933 -30.6797 51.09519 2.151542 -30.67461 51.09739 2.124737 -30.67879 51.09537 2.191243 -31.14783 51.18592 1.80049 -31.14004 51.21045 1.778579 -31.16601 51.19482 1.775957 -31.41914 51.58833 2.109101 -31.42199 51.59241 2.10223 -31.42569 51.58737 2.105081 -31.42476 51.59091 2.346638 -31.42137 51.59038 2.368643 -31.63176 51.37027 2.078862 -31.38024 51.52921 2.428278 -31.44079 51.86129 2.0203 -31.42206 51.58954 1.861815 -31.41573 51.58709 1.84628 -31.42175 51.58951 1.84499 -32.93479 59.48446 -1.144585 -32.87591 59.4682 -1.146728 -32.90496 59.52951 -1.146117 -32.87698 59.50514 0.07465907 -32.86315 59.49028 0.0743244 -32.859 59.51132 0.07397718 -32.89858 59.49907 -0.535723 -32.87994 59.48538 -0.5419971 -32.87361 59.50747 -0.5298587 -32.92067 59.17876 0.2157283 -32.91613 59.17421 0.2135572 -32.91487 59.17981 0.2166065 -32.91725 59.17752 0.4586739 -32.91725 59.17754 0.4363407 -32.91722 59.17754 0.4628489 -33.23517 59.225 0.2477351 -32.94836 58.95647 0.2985783 -32.65508 59.38712 0.2591618 -32.9172 59.17751 0.007950145 -32.9173 59.17822 -0.03089239 -32.91749 59.17755 -0.06237427 -32.89736 59.50122 -0.53765 -32.87567 59.48587 -0.5392136 -32.88108 59.51078 -0.5447662 -32.70079 59.69258 0.3205206 -32.69476 59.69033 0.3195369 -32.69501 59.69516 0.3182247 -32.69177 59.6952 0.577802 -32.69521 59.69032 0.4423124 -32.70341 59.69141 0.4872572 -32.79382 59.99162 0.2681187 -32.534 59.73394 0.1137223 -32.69731 59.69279 0.1425592 -32.69749 59.69272 0.09574217 -32.69805 59.69098 0.09971418 -32.89184 59.48836 -0.4348774 -32.87315 59.49758 -0.4164083 -32.89126 59.50823 -0.4334429 -33.3234 59.47621 0.1347092 -33.31873 59.47758 0.1392835 -33.32149 59.48236 0.1368115 -33.32126 59.47864 0.3390925 -33.32119 59.47875 0.3266047 -33.02071 59.55949 0.1858369 -33.28107 59.7668 0.1291634 -33.5891 59.62091 0.165653 -33.32114 59.4787 0.317831 -33.44044 59.21124 0.1821101 -33.24823 59.27226 -0.05571122 -33.32124 59.47871 -0.02613483 -33.32126 59.47872 -0.04859327 -33.32136 59.47871 -0.04004996 -32.89375 59.48668 -0.306447 -32.87099 59.50095 -0.3100114 -32.89226 59.50703 -0.2985707 -32.766 59.37602 0.06336622 -32.76222 59.37236 0.06028496 -32.75982 59.37809 0.06167942 -32.75079 59.38242 0.2497298 -32.46819 59.39885 0.0675016 -32.77742 59.36675 0.1745509 -32.90279 59.31686 0.03833439 -32.77401 59.39219 -0.09441419 -32.76267 59.37554 -0.08005293 -32.76264 59.37542 -0.1262453 -32.89576 59.48933 -0.3946291 -32.87423 59.48869 -0.3922108 -32.88015 59.50986 -0.4043151 -32.94418 59.81985 0.3442576 -32.93974 59.81645 0.3465212 -32.93783 59.82197 0.3437157 -32.94042 59.81949 0.5032161 -32.94065 59.81981 0.5275422 -32.9406 59.81948 0.5049106 -33.20406 59.68793 0.392862 -32.77564 59.60743 0.3831932 -32.80103 59.9849 0.2696153 -32.93997 59.81872 0.1339239 -32.94107 59.81954 0.1671023 -32.94058 59.8195 0.1995383 -32.8892 59.48532 -0.582396 -32.87104 59.50089 -0.5711625 -32.88847 59.51044 -0.5726831 -33.05245 59.28017 0.1352399 -33.04716 59.28201 0.1374765 -33.05171 59.28643 0.1378166 -33.05052 59.28292 0.3308663 -33.05051 59.2829 0.3595523 -32.75077 59.29765 0.1356199 -33.05056 59.28285 0.3553117 -33.27399 59.44963 0.1372132 -33.14671 58.94337 0.08095897 -33.05062 59.28287 -0.09319286 -33.0505 59.2829 -0.1170405 -33.0505 59.2829 -0.06784365 -32.8946 59.506 -0.2749128 -32.88071 59.48396 -0.2803632 -32.87198 59.50065 -0.2875795 -32.68119 59.5381 0.1531266 -32.67678 59.53788 0.1505493 -32.67884 59.54399 0.1509814 -32.67903 59.54046 0.3300283 -32.66559 59.54311 0.3327376 -32.66989 59.53195 0.06238042 -32.50089 59.50925 0.1160133 -32.68495 59.54404 0.1900862 -32.67908 59.5413 -0.04411408 -32.67904 59.54042 -0.04470937 -32.89579 59.50326 -0.4594439 -32.88382 59.48335 -0.4481817 -32.8725 59.506 -0.4487437 -33.25363 59.69963 0.4789969 -33.24786 59.69707 0.4825173 -33.24917 59.70243 0.480435 -33.25987 59.71433 0.6628401 -33.25034 59.69951 0.7038613 -33.25047 59.69876 0.6776989 -33.12013 59.47272 0.4274779 -33.25147 59.70549 0.2835589 -33.50796 59.75652 0.4797377 -33.25045 59.69872 0.2770184 -33.25031 59.69865 0.2921268 -32.89771 59.49405 -0.2162308 -32.87114 59.49385 -0.2226908 -32.8795 59.5084 -0.2074055 -32.78461 59.10418 0.3256345 -32.78038 59.10099 0.3217177 -32.77803 59.10547 0.3252378 -32.78033 59.11316 0.4070733 -32.66755 59.07161 0.4792577 -32.78072 59.10378 0.5920657 -32.78121 59.10349 0.6350536 -32.88882 59.00446 0.306353 -32.78114 59.10406 0.03144116 -32.78113 59.10272 0.04341937 -31.36073 51.47885 0.8722019 -31.47635 51.44433 0.8681983 -31.36343 51.37215 0.8693398 -31.43583 51.38362 3.150091 -31.47457 51.39399 3.149465 -31.45944 51.35441 3.148817 -31.40603 51.41641 2.009726 -31.4516 51.4198 1.998005 -31.43903 51.37618 2.020682 -31.70488 51.97586 3.413647 -31.71725 51.97872 3.409591 -31.7135 51.96802 3.415288 -31.71191 51.97435 3.867538 -31.71188 51.97432 3.825813 -31.71194 51.97429 3.875338 -31.12985 52.22819 3.473445 -31.89158 52.37706 3.568434 -31.93109 51.34855 3.494793 -31.71199 51.97431 3.02546 -31.71108 51.97324 2.952891 -31.71148 51.97455 2.894074 -31.4058 51.41154 2.006126 -31.45822 51.4145 2.003205 -31.42306 51.37847 1.992831 -31.53429 50.88506 3.609429 -31.54674 50.88252 3.607591 -31.54125 50.87468 3.605139 -31.54664 50.87122 4.090103 -31.54601 50.88301 3.83697 -31.53114 50.88977 3.920939 -31.065 50.48193 3.511527 -31.77016 50.64094 3.223072 -31.53989 50.88106 3.276947 -31.53968 50.88137 3.18948 -31.54055 50.88487 3.196901 -31.42854 51.42729 2.198134 -31.45016 51.39225 2.232639 -31.40868 51.39341 2.200814 -30.71875 51.9001 3.262281 -30.72512 51.89292 3.270827 -30.71549 51.8878 3.266209 -30.71979 51.89379 3.644126 -30.71977 51.89354 3.620796 -31.13821 51.4433 3.357802 -30.48494 51.36921 3.25192 -30.12218 51.93641 3.320093 -30.71991 51.89358 3.604404 -30.80061 52.46644 3.350839 -31.05843 52.16275 2.906523 -30.71974 51.89365 2.961779 -30.71969 51.89365 2.919821 -30.71954 51.89377 2.935782 -31.42711 51.4321 2.438078 -31.45026 51.38435 2.431419 -31.40826 51.39647 2.452793 -31.75702 51.48344 3.128993 -31.76718 51.4856 3.123236 -31.76519 51.47349 3.125841 -31.77578 51.45678 3.477172 -32.23167 51.13297 3.136719 -31.74761 51.51093 3.336717 -31.59003 51.7259 3.082226 -31.72665 51.46477 2.834215 -31.76309 51.48074 2.861045 -31.76326 51.48091 2.774745 -31.42096 51.42978 2.273329 -31.45768 51.40828 2.277847 -31.42558 51.37903 2.255233 -30.99336 50.92717 3.653776 -31.00436 50.9282 3.658005 -31.00177 50.91696 3.652764 -31.00003 50.92382 3.950755 -30.9993 50.92353 3.996203 -30.99974 50.92404 3.953921 -30.69657 51.42052 3.744583 -31.49825 51.1061 3.726519 -31.05998 50.50074 3.514324 -31.00159 50.92465 3.260814 -30.99889 50.92444 3.3228 -30.99975 50.92399 3.3834 -31.43615 51.42962 1.922528 -31.45023 51.3845 1.943515 -31.41103 51.38678 1.940674 -31.37792 51.94424 3.263273 -31.38485 51.93561 3.267451 -31.37259 51.93298 3.268087 -31.37828 51.93761 3.628758 -31.37831 51.93764 3.682351 -31.86468 51.59868 3.263983 -31.37828 51.93778 3.674428 -30.82933 51.8928 3.266959 -31.57323 52.60695 3.161861 -31.37815 51.9378 2.836496 -31.37832 51.93762 2.791942 -31.37832 51.93762 2.883856 -31.40542 51.40065 2.496993 -31.45179 51.42298 2.48681 -31.44891 51.38589 2.473328 -31.72907 51.12314 3.29669 -31.73668 51.1189 3.291875 -31.72683 51.11081 3.292682 -31.7302 51.11693 3.627192 -31.74993 51.09841 3.632254 -31.75445 51.1216 3.127151 -32.06119 50.98242 3.227352 -31.71654 51.11715 3.365741 -31.72925 51.11558 2.928189 -31.73024 51.117 2.927077 -31.40631 51.40648 2.152237 -31.44723 51.42727 2.173278 -31.44243 51.37748 2.172228 -30.6013 51.45289 3.905507 -30.61366 51.45112 3.912084 -30.60584 51.44354 3.908194 -30.57545 51.43482 4.248977 -30.60693 51.44965 4.325617 -30.60752 51.45103 4.276738 -31.06273 51.69282 3.809255 -30.59878 51.44083 3.540374 -30.11586 51.62431 3.906891 -30.6076 51.45108 3.528155 -30.6079 51.45104 3.556381 -31.41275 51.42391 2.606627 -31.45744 51.39639 2.594558 -31.42819 51.3808 2.623115 -32.01087 51.95808 3.618983 -32.0213 51.95897 3.611665 -32.02053 51.94902 3.618242 -32.00862 51.93854 3.771133 -32.241 51.88987 3.905994 -32.01781 51.95467 4.116751 -32.01728 51.95566 4.197065 -31.94095 52.23429 3.58296 -32.01679 51.95463 3.069348 -32.01823 51.95687 3.091726 -30.40437 58.87691 -0.787223 -30.43822 58.81817 -0.7891459 -30.36427 58.83233 -0.7885977 -30.39824 58.80905 0.3068475 -30.41805 58.79832 0.3065472 -30.39659 58.78801 0.3062356 -30.41191 58.82775 -0.0816268 -30.40735 58.80621 -0.09941678 -30.39134 58.82717 -0.08894496 -30.18808 58.33202 0.4428277 -30.18791 58.32664 0.4387134 -30.18217 58.32986 0.4392127 -30.17442 58.33508 0.3798899 -30.18603 58.32956 0.5932803 -30.16818 58.60418 0.3786098 -30.18818 58.33685 0.6325843 -30.3339 58.12491 0.4148351 -30.18614 58.32881 0.2797932 -30.186 58.32955 0.292441 -30.18603 58.32957 0.2755254 -30.39675 58.8303 -0.1688317 -30.42034 58.82161 -0.161607 -30.39605 58.80501 -0.1576534 -30.33665 59.0419 0.2408369 -30.33422 59.03536 0.2433878 -30.33084 59.04042 0.2406808 -30.33412 59.03868 0.4610405 -30.33327 59.04171 0.4882073 -30.33421 59.03887 0.4464456 -30.44779 58.75799 0.237111 -30.33114 59.04357 0.09191268 -30.56718 59.19007 0.2094223 -30.07665 58.8889 0.147772 -30.33422 59.03887 0.02084673 -30.33422 59.03887 0.02087786 -30.41603 58.82836 -0.1610326 -30.40973 58.8054 -0.1637208 -30.39287 58.82415 -0.1488136 -30.69638 58.68507 0.2518259 -30.69797 58.67989 0.2494862 -30.69218 58.67887 0.2525485 -30.69501 58.68109 0.4385912 -30.69507 58.68125 0.4102736 -30.41927 58.48642 0.2579012 -30.69524 58.68192 0.4424194 -30.86322 58.48654 0.2282306 -30.44118 58.9046 0.2360486 -30.904 58.8892 0.1781162 -30.69507 58.68125 0.0849147 -30.6953 58.68238 0.09930618 -30.69535 58.68135 0.07213558 -30.40982 58.83328 -0.03026764 -30.41186 58.80363 -0.03242021 -30.39092 58.81964 -0.04150316 -29.97027 58.73019 0.6583179 -29.96982 58.72368 0.6573794 -29.96442 58.72738 0.654999 -29.96812 58.72714 0.8031116 -29.96811 58.72715 0.8090305 -29.96897 58.72646 0.8375631 -30.20187 58.47973 0.634498 -30.12632 59.01559 0.7172353 -29.61794 58.72126 0.7150856 -29.80954 58.45979 0.5652526 -29.96571 58.72924 0.4877919 -29.96885 58.72731 0.4710704 -29.96813 58.72713 0.5045535 -30.3949 58.83143 -0.2445194 -30.42082 58.81671 -0.2452005 -30.39696 58.80761 -0.2343544 -30.6644 59.23693 0.5079989 -30.66731 59.23071 0.5099703 -30.66066 59.23387 0.5104317 -30.6644 59.23341 0.7007281 -30.39417 59.05586 0.5044148 -30.6644 59.23345 0.6936854 -30.66562 59.23329 0.7507823 -30.56312 59.51537 0.5475296 -30.99649 59.2398 0.4467979 -30.66443 59.23342 0.3030699 -30.66413 59.23367 0.30446 -30.6644 59.23341 0.3303019 -30.40442 58.83069 -0.125722 -30.41798 58.81374 -0.140483 -30.39464 58.80827 -0.1416833 -30.47043 58.41006 0.3009662 -30.47779 58.40949 0.2995849 -30.4738 58.40581 0.297271 -30.47074 58.4039 0.5482726 -30.4738 58.4088 0.4779001 -30.47786 58.41407 0.5194821 -30.47797 58.12339 0.3137191 -30.38018 58.63868 0.3148623 -30.47315 58.40743 0.07796567 -30.68878 58.27291 0.140414 -30.4699 58.4198 0.08805696 -30.39512 58.82997 -0.07433203 -30.4205 58.82047 -0.06319063 -30.39713 58.80515 -0.06641853 -30.21213 58.99182 0.4048977 -30.21727 58.98882 0.4074666 -30.21159 58.98471 0.406807 -30.21248 58.99057 0.5137117 -30.22697 58.98509 0.3927165 -30.21742 58.98454 0.3475706 -30.21191 58.99678 0.346226 -30.40442 58.83443 -0.2710367 -30.41593 58.81042 -0.2760047 -30.39079 58.81723 -0.2621993 -30.82068 58.87152 0.3349131 -30.82594 58.86793 0.3321808 -30.82024 58.86498 0.3355995 -30.82233 58.86809 0.4611805 -30.82233 58.86809 0.5089608 -30.58346 58.71662 0.3516086 -30.86749 59.12523 0.3569811 -30.82476 58.8685 0.5050052 -31.06263 58.60612 0.3114591 -30.82228 58.86808 0.1871301 -30.8227 58.87071 0.1555057 -30.82236 58.8681 0.186454 -30.41085 58.82548 -0.07685977 -30.4126 58.8056 -0.09249637 -30.39043 58.82537 -0.09442084 -30.04889 58.46084 0.2559232 -30.04843 58.45569 0.2510782 -30.04394 58.46052 0.2513984 -30.04517 58.45712 0.4684249 -30.05037 58.46155 0.3929386 -30.0493 58.45714 0.4150346 -29.82444 58.15582 0.2469351 -29.8917 58.71995 0.2283998 -30.04992 58.46226 0.09808072 -30.0472 58.45715 0.06951339 -30.04416 58.45254 0.05196574</float_array>
          <technique_common>
            <accessor source="#positions-array" count="1755" stride="3">
              <param name="X" type="float" />
              <param name="Y" type="float" />
              <param name="Z" type="float" />
            </accessor>
          </technique_common>
        </source>
        <source id="normals">
          <float_array id="normals-array" count="6084">-0.6239069 0.780037 0.04777554 0.3586256 -0.9330437 -0.02858398 0.6140267 0.7886701 0.03115538 -0.5714297 0.7984282 0.1896853 0.3456149 -0.905774 -0.2452016 0.9832841 0.02094282 0.1808692 0.6147954 0.6975781 0.3679828 -0.1559291 -0.9732343 0.1688228 0.1902781 0.9817259 0.002906578 0.7934042 -0.6065678 0.05084578 -0.4255036 -0.896823 0.1210586 -0.5477997 0.4963461 0.6734657 0.393152 -0.9101108 0.1308809 0.2065666 0.4739373 -0.8559869 -0.4518471 -0.8904708 -0.05381473 0.9077391 -0.2848926 -0.3079705 -0.1285835 0.7987484 -0.5877646 0.8884261 -0.1178299 -0.4436386 -0.6263081 -0.6295162 -0.4598342 0.2633242 -0.6061264 0.7505139 0.3262519 0.6047883 0.7264921 -0.09056865 0.9955289 0.02682547 -0.8127331 0.5825158 0.01184402 -0.7020988 -0.2259639 -0.675276 0.4483854 -0.5002033 0.7407748 0.3975878 0.9153403 0.06384425 0.2921022 -0.5894247 -0.7531632 -0.7555546 0.3095582 -0.577331 -0.8566952 0.3114023 0.41122 0.9695868 0.2275304 -0.0901744 0.09909558 -0.6662576 0.7391082 0.7668304 0.5937676 0.2437439 -0.6208587 -0.783395 0.02875357 -0.3832606 -0.7853968 -0.4860691 0.8841608 -0.06437208 -0.4627267 0.9994216 0.03036179 -0.01531531 0.7606549 0.6471226 -0.05134644 -0.9968602 -0.07400345 -0.02816395 0.9992152 0.03938612 0.004203896 0.9923015 0.123714 0.005705002 -0.3946241 0.8036255 -0.4454862 -0.9856067 -0.02240619 0.1675633 -0.9815417 -0.1516947 -0.1164672 0.9596992 0.2732531 -0.0656518 -0.974251 -0.2254374 0.003589101 0.9663261 0.2573204 -8.766556e-05 -0.5564972 0.8308434 -0.003159384 -0.9585724 -0.1899503 0.2122683 -0.9410754 0.2140855 -0.2618099 -0.7238291 -0.5870747 -0.3625117 0.3571681 -0.9325262 -0.05315802 -0.9788792 0.2043572 -0.005796032 -0.5112059 0.6486326 -0.5638655 0.9796038 0.02619297 -0.1992243 -0.9362434 0.3197817 0.145561 -0.9553156 -0.2878978 0.06698555 -0.8819375 -0.1554401 0.4449995 0.1787383 -0.974103 -0.1384776 0.3473132 0.9306078 -0.1155105 0.9549283 0.2936083 -0.04365865 0.5700723 -0.6837422 0.4555371 -0.7138678 0.4268157 -0.5551766 -0.5990516 -0.7776672 0.1907115 0.05319629 -0.8378768 0.5432611 0.9197185 0.0766425 0.3850245 0.0259021 -0.7329806 -0.6797562 -0.4317923 -0.841052 -0.3258634 0.8082746 0.4741316 -0.3491296 -0.8924271 0.1726626 0.416847 0.9972972 0.07300217 0.008300792 -0.9975591 -0.06977102 0.002814283 -0.4357363 -0.8132074 -0.3857817 0.9963748 0.05606117 0.06398748 0.3855792 0.8267395 0.4096712 0.974347 0.2246435 -0.01353188 -0.6835733 0.72371 -0.09471749 0.906052 -0.3804155 0.1853479 -0.6179915 0.7609176 0.1977142 -0.9410464 0.3376316 0.02089368 -0.2670808 -0.9636488 -0.006989465 0.9673836 0.2518495 0.02721693 -0.9271074 0.3746619 -0.01001315 -0.3223949 -0.8758832 -0.3590126 0.1369931 0.9734099 -0.1835922 -0.3449241 -0.9382951 -0.02509302 0.3386118 0.9409214 0.003010032 -0.5858565 -0.6682823 0.4584441 -0.5340123 0.3660154 0.762144 0.4146515 -0.9057859 0.08726928 0.1127278 0.5929968 -0.7972749 -0.9028283 -0.414836 -0.1131905 0.8288488 -0.1062044 -0.5492998 -0.2743832 0.8203583 0.5017231 -0.7337657 -0.6635167 0.1460599 0.1249177 0.6590561 0.7416473 -0.0907389 0.9958746 0.0005402419 0.0755125 -0.9928958 0.09195574 -0.6675843 -0.5679382 -0.4814327 0.1456389 -0.8372115 0.5271301 0.1416856 0.9634382 -0.2274026 0.9439732 0.330022 -0.0001345997 0.754992 -0.6557315 -0.001815197 -0.6377938 -0.7702051 0.001769935 0.7860729 0.5348943 -0.3098024 0.5943802 -0.7478713 0.295636 -0.6462129 0.3843167 0.6593251 -0.8271872 -0.5591289 -0.05600206 0.9156103 0.3889582 -0.1018297 0.08183853 0.7587422 0.6462296 -0.9982457 -0.05872108 -0.007575525 0.9527904 0.3035155 0.008299 -0.9150755 -0.3134758 0.2537121 -0.7270311 -0.5114421 0.4580969 0.6818434 -0.65429 0.3270998 0.9938273 -0.07750832 -0.07937138 0.2966263 0.7839245 -0.5454128 0.4064752 -0.91366 -0.00182046 0.2008985 -0.9795104 -0.01411457 0.8021322 -0.5738493 0.165169 0.7166394 0.5849958 0.3797471 0.003939098 0.9792701 0.2025204 -0.7970514 -0.5271323 -0.2946873 0.966439 0.02214758 0.2559396 -0.9342364 -0.339623 0.1088975 0.9788778 0.1751411 0.1054697 -0.3734765 0.6289702 0.6818444 -0.768372 0.4699493 0.4344561 0.6042703 -0.7167838 -0.347963 0.7764871 0.5223389 -0.3524625 0.7901723 -0.6092536 -0.06661715 -0.9648682 -0.2609512 -0.03055832 -0.8359009 -0.00838069 -0.5488164 0.7981883 -0.6005524 -0.04724615 -0.9102432 0.2604605 0.321897 0.6972012 0.7168674 0.003401744 0.9578568 0.2842277 0.0415321 -0.7712635 0.1233882 0.6244422 0.8359376 0.5429646 0.07998636 -0.1499352 0.8226811 -0.5483751 0.7868387 -0.6170177 -0.01319371 0.7310921 0.6196549 -0.2855385 -0.7594088 -0.1398263 -0.6354108 0.5902242 0.6329835 -0.5009664 -0.84644 0.1399466 0.5137648 -0.04189034 -0.6858635 0.7265235 -0.6522399 -0.7568664 0.04166907 0.7510377 0.2933978 0.5914897 -0.6551341 0.6930631 0.3007703 -0.973084 -0.2006396 -0.1133638 0.6939782 -0.6672546 -0.2704914 0.9704833 0.2306525 -0.07043835 0.8150853 0.2545266 -0.5204346 0.8628321 -0.5000684 -0.07384004 -0.9281499 -0.3169947 -0.1950695 -0.2360063 -0.9253625 0.2966567 0.8817464 -0.4597294 0.1056982 -0.9985186 0.01662469 0.05180966 0.9474054 -0.3185307 -0.03100159 -0.2161279 0.9757802 0.03379002 0.8480305 -0.2666099 0.4579994 0.7810066 0.5453765 0.3042911 -0.2012282 0.959792 -0.1957208 0.9825706 -0.1846157 0.02172674 -0.5828996 0.5858292 -0.5630561 0.9842722 -0.1759035 -0.01631281 -0.4312288 0.6587791 0.6164834 -0.02283856 -0.9996071 0.01624779 0.01896814 0.9997731 -0.009692681 -0.2839777 -0.9015995 0.3263049 -0.850857 0.4805047 0.2125031 -0.7464449 -0.6644574 -0.03628314 -0.173724 0.961022 0.2150738 -0.9574508 -0.2885616 -0.004499376 -0.532989 0.2609843 -0.8048664 -0.3524468 0.9358073 -0.006784729 -0.3946414 -0.9180321 -0.03840871 0.6382633 0.5496052 -0.5390307 0.418793 0.9080768 0.002980295 -0.9572945 -0.2890907 0.003715994 -0.08196955 -0.4480775 0.8902289 0.8924583 0.1377139 -0.4295964 -0.217539 0.4929915 -0.842399 -0.4287837 -0.4664005 -0.7737022 -0.9853335 -0.1541344 -0.073216 0.1081047 0.9915898 -0.07115559 0.06468402 0.9957772 0.0651436 -0.4567956 -0.8037235 -0.3812693 0.9276437 -0.07598455 0.3656549 -0.09481702 0.9669809 0.2365537 -0.8612849 -0.1846449 -0.4733864 -0.2528168 0.9675134 -0.001226556 -0.8248824 -0.008209309 0.5652448 0.4140309 -0.8604039 -0.2971254 0.3897017 0.8944656 -0.2192348 0.8043056 -0.5924747 -0.04545709 -0.3150094 -0.8359211 -0.4494497 0.8871204 -0.05592371 -0.4581374 0.02831405 -0.9017062 0.4314211 0.8153918 -0.0002100065 0.5789094 -0.882039 0.4711612 0.00377923 0.8072169 0.08097266 0.5846745 0.2280643 0.8498132 -0.4751885 -0.4474467 0.02490676 -0.8939637 0.2293247 -0.5892783 -0.7747008 0.1733466 0.9846654 -0.01962223 0.8784953 0.4771499 -0.02395867 0.3978382 0.4288159 -0.8110744 -0.7124347 0.701729 0.003623106 0.2919002 0.9279502 0.2317385 0.3417089 -0.673052 -0.6559238 0.9739076 -0.1706525 -0.1496049 -0.2933144 0.6685876 0.6833428 0.6445037 -0.7600609 -0.0832008 0.6825307 -0.7304143 -0.0254321 0.8711444 0.4744787 0.1264019 -0.8537234 -0.3802011 0.3558138 0.5143221 -0.844419 0.1497643 0.291195 0.8882003 -0.3553951 0.1071711 -0.5720531 -0.8131849 -0.6765387 -0.4111955 -0.6109121 0.8550665 -0.4062388 0.3222285 0.9472843 -0.2939999 0.127344 -0.9225288 0.03956219 -0.3838952 0.4391013 -0.8837037 0.1620428 0.4363568 0.8724524 0.2200445 -0.09072039 0.9948824 -0.04448469 0.9805168 0.1964005 0.003707852 -0.06784176 0.9976834 0.005038673 -0.4874262 -0.596645 0.6375189 0.9199291 0.3920264 0.00675689 0.04260715 -0.9988305 0.02285391 -0.8600347 -0.5097321 0.02266161 0.5721412 -0.8201201 -0.007581142 0.4226816 0.9057974 0.02951911 -0.7907835 -0.5449514 -0.2787281 -0.1684132 -0.9844553 0.04984623 -0.6804991 0.6214318 -0.388257 -0.4719683 -0.7626723 -0.4422408 0.9998382 0.01543113 -0.009247326 -0.9735966 0.2205657 0.05882503 -0.2189325 -0.9635457 -0.1537796 0.8536125 -0.4827353 -0.1957353 0.9444916 0.3267641 -0.03407032 -0.02197422 -0.8477541 -0.529934 -0.3498508 0.9368042 0.001504681 -0.01311399 -0.7706745 0.6370941 0.5527785 0.5398258 0.6348417 -0.4269209 0.3125597 0.8485546 -0.6529459 -0.2634892 0.7100952 0.9786066 -0.149901 0.1409213 -0.6958055 0.4003963 -0.5962696 0.1463911 0.9892197 -0.003747442 -0.1440827 -0.9895117 0.01033523 0.8216104 -0.2469246 -0.5137943 -0.06701517 -0.9957298 -0.06349152 -0.7133697 -0.5214907 0.4681357 0.6327021 -0.480674 0.6071577 -0.8581687 -0.3039566 -0.4137112 0.7632247 -0.6327862 0.1306512 -0.5717076 0.8202355 0.01908223 0.815893 -0.5758914 -0.05164954 -0.9348973 0.2646444 -0.2364962 0.8533119 -0.09844563 -0.5120228 0.6072537 -0.7582065 -0.237415 0.1263631 0.9654663 -0.2278314 0.549319 -0.6988742 0.458065 -0.5952349 -0.2032402 0.7774245 -0.8555845 0.517301 0.0193588 0.262237 -0.9649153 0.01305041 0.1412568 0.8634359 0.4842777 -0.8183553 -0.1643081 0.5507245 0.520427 -0.7699973 -0.3691341 0.3517581 0.916299 -0.1914741 -0.5381395 -0.8428537 -0.001848913 0.6141813 0.324071 -0.719555 -0.8820032 0.4712386 0.002131623 -0.8540082 0.5202128 0.006970209 -0.8657829 -0.3375607 -0.3694222 -0.5727886 -0.792924 0.2078095 0.4483293 -0.4594925 0.7667252 -0.2689164 0.6384694 -0.7211386 -0.1886851 -0.9803998 0.05669369 0.4094085 0.7422611 0.5305027 -0.800008 0.1415939 0.5830423 0.1772971 -0.8262911 0.5346109 0.5122397 -0.8032998 0.3038421 -0.9976251 0.04247411 0.05422269 -0.6013136 -0.5583585 -0.5715398 0.5590974 0.5626497 0.6089626 0.5196255 0.8466248 -0.11496 -0.7873366 0.5994175 -0.1442212 0.6852989 -0.7280224 0.01867424 -0.8205907 0.3388632 0.4602201 -0.7008275 0.7133042 0.00616577 -0.9608557 -0.05704133 0.2711136 0.7327086 -0.6789009 0.04723978 0.3697729 0.855528 -0.3624084 0.9796988 -0.1998427 -0.01590891 0.1723451 -0.985014 -0.0066717 0.1734724 -0.9846322 -0.02016726 -0.04239377 0.9454668 -0.3229479 -0.5184627 0.7972727 -0.3091159 0.8115495 0.4385817 0.3860484 -0.2479048 -0.6087879 0.753605 -0.4142645 0.632249 0.6547107 -0.9159197 -0.1177921 -0.3836875 0.5596285 -0.7993841 0.2186346 0.3942418 0.8965224 0.202042 -0.06388789 0.997911 -0.00959179 -0.5329971 -0.5454786 -0.6468131 0.9819068 0.1879075 -0.02344606 -0.07435641 0.9967831 0.02990812 -0.8026685 0.594368 0.04949784 0.5854214 -0.8101881 -0.02961603 0.39176 0.919501 0.03228009 -0.7904506 0.5662619 0.233528 -0.1757306 -0.9688922 -0.1742603 0.9323294 0.3587615 -0.04529933 0.3653876 -0.4706697 -0.8030952 -0.8203275 -0.01831829 -0.5716006 -0.4109321 -0.5596408 0.7196783 0.6613307 0.7465088 0.073255 0.6770991 0.7355569 0.02220111 -0.741766 0.6191585 -0.2577325 0.5510958 -0.7509523 0.3638188 0.9516977 0.2379157 -0.1940813 0.4346342 0.7780928 -0.4535028 -0.4880724 0.7075683 -0.5110112 0.08644628 -0.996134 0.0156228 0.08718661 -0.9961793 -0.005022975 -0.7774708 0.6176272 -0.1186414 -0.1377923 -0.9598983 -0.2441485 0.8775392 0.2973895 0.3761442 0.472866 0.4784277 -0.7399355 -0.9045575 -0.4263007 -0.006590833 -0.7619413 -0.2370513 -0.602704 -0.6249679 0.6743783 0.393229 0.513341 -0.6644624 0.5431121 -0.6760998 0.502971 0.5384323 -0.3961981 -0.8816875 0.256231 -0.3620525 -0.9320967 -0.01066877 -0.1306487 -0.8530605 -0.5051918 -0.1564855 0.9876803 -8.34151e-05 -0.05669575 0.7422814 -0.6676854 0.8240597 -0.5551716 0.1127389 -0.338836 0.4504002 0.8260326 -0.2784868 0.9604305 -0.004271925 0.1760718 -0.9690867 0.1728282 0.8256489 -0.5379543 0.1700265 -0.5601805 0.7047247 -0.4353858 -0.8867872 -0.4476843 -0.114836 0.944896 0.1898474 0.266701 0.4541319 -0.8897248 -0.04641193 -0.7378606 0.124046 -0.6634564 0.6664919 -0.7451513 0.02319583 -0.4892878 0.8721212 -0.001474373 0.9369489 0.3427481 0.06819447 -0.6904474 0.5003345 0.522444 -0.2961668 -0.6556908 -0.6945177 0.6871433 -0.5407223 -0.4852355 0.2951176 0.6191078 0.7277438 0.626383 0.7794754 0.007907829 -0.1472359 -0.9862732 -0.07474518 -0.6287805 -0.7774725 -0.01310106 -0.6749357 -0.7315901 -0.09611334 0.3588733 -0.9328485 -0.0316813 0.957586 -0.2876844 0.01633023 0.4414014 0.8602974 -0.2550552 0.03660463 0.2713329 0.9617892 -0.6234921 0.7797949 -0.05636959 -0.8976406 -0.3373689 0.2835905 0.7556816 -0.6527085 -0.05400835 -0.5872802 -0.7888448 -0.181179 -0.4083206 -0.9128359 -0.00221 0.2528044 -0.9675076 -0.00436472 -0.08487536 0.9329116 -0.3499602 0.7033272 -0.7108661 -0.0005038023 0.71744 -0.693168 0.0692671 -0.4533831 -0.8868698 0.08891427 -0.4182067 0.8955846 -0.151761 -0.3592281 -0.9244928 -0.127547 0.914912 0.1506785 0.3744757 -0.7874185 -0.1217866 -0.6042683 0.358525 0.8614785 -0.3596035 -0.9287564 0.3704194 0.01417859 0.003008624 0.9997843 0.02054877 -0.7486756 0.604054 0.2731364 -0.1582232 -0.9828656 -0.09455439 0.7545028 -0.6081131 -0.2468278 0.1636898 0.9794571 0.1177686 0.2859721 -0.7491462 0.5974947 -0.3616063 0.9322777 -0.009958112 0.5140942 -0.5673383 -0.6432996 -0.5629653 0.8264797 0.001191748 -0.9960954 0.0855885 0.02164837 -0.01160429 -0.9999064 -0.00724203 0.8707078 0.4909915 0.0281997 -0.8204635 0.5243807 0.227738 -0.02007951 -0.9805913 -0.195032 0.8682524 0.4961005 -0.004693175 0.9308443 -0.3651839 -0.0130224 0.5710216 0.8098134 -0.1346722 0.7064084 -0.6158295 -0.3489143 -0.7139928 -0.3371397 0.6136376 0.7836913 0.6096672 0.1188859 -0.9879755 0.1544749 0.006470892 -0.1058524 -0.8627766 0.4943802 0.04934279 -0.9972584 -0.05514445 0.9508139 -0.304653 -0.05603103 -0.4896641 0.6102508 0.6227544 0.9484716 -0.3104508 0.06341855 -0.006076284 -0.9891705 0.1466453 -0.8051969 0.5773729 -0.1352719 0.01164054 -0.9792433 -0.2023538 0.8125989 0.4407807 0.3813076 -0.747968 -0.2400098 -0.6188208 0.9897538 -0.1427276 -0.004017515 -0.9905065 0.1373231 -0.006265605 0.590791 -0.5026213 -0.6311401 0.07299854 0.9269047 0.3681289 0.5722605 -0.814961 0.09141417 -0.58103 0.813881 0.001379064 0.3231662 -0.7176985 0.6168245 0.5059236 0.2857372 0.8138768 0.06891507 -0.9943526 -0.08070734 0.7915406 -0.1828096 -0.5831331 0.6689915 0.5949777 -0.4454794 -0.2580092 0.9367027 0.2366841 0.3599757 0.9329505 0.004556824 -0.4351857 -0.4838194 -0.7592972 -0.45215 -0.4444357 -0.7733287 0.242901 -0.969809 -0.02167016 -0.5043207 0.6970617 0.5096721 -0.5751518 -0.8056356 0.1419563 0.8082496 -0.4006596 0.4315142 0.03444789 0.9394138 -0.3410499 -0.5295107 0.8482521 0.009317654 0.9406107 0.337373 -0.0378283 0.8154628 -0.5787184 -0.01026682 0.4723969 -0.8810238 0.02526148 -0.6305144 0.1127361 0.7679467 -0.9478658 -0.2275031 -0.2231429 0.9477608 0.1890512 0.2569225 -0.4812323 -0.8106358 0.3335943 0.8451713 -0.5335374 -0.03199081 0.9474362 0.2167246 -0.2353618 0.005518472 0.9686613 -0.2483239 0.7066517 -0.706793 0.0329717 -0.2242244 0.7063551 0.6714059 -0.6630877 -0.7039844 -0.2544028 0.900425 -0.2484722 0.3570665 -0.4204324 0.8943793 -0.1527164 -0.7290051 -0.6800329 -0.07814649 0.9240119 -0.3823332 -0.004830538 -0.9306276 0.3647971 -0.02924526 0.5354392 -0.6616611 -0.52489 0.3961938 -0.6963663 0.5984183 -0.7345718 -0.1793428 0.6544008 -0.6977424 -0.7159221 0.0247192 0.2755955 0.801229 0.5311113 -0.8744524 -0.4693665 0.1225887 0.8797884 0.4651427 -0.09805461 0.587724 -0.8068745 -0.05944763 -0.4935244 0.8693688 0.02512917 -0.8651807 -0.4754247 0.1594797 0.8911924 0.01630647 0.4533323 0.7200762 -0.152841 0.6768529 0.9382302 0.1781103 0.2966494 0.4154501 -0.9078104 0.05728364 -0.1211261 0.9920449 -0.03428367 -0.7871004 -0.6156921 0.03736655 0.9644609 0.2350003 0.1207888 -0.3548178 0.6234613 -0.6967068 -0.7393048 0.3438333 -0.5789707 -0.5846387 -0.6709334 0.4561206 0.9944309 -0.09056562 -0.05389932 0.9944901 -0.08713596 -0.05828138 0.7570476 -0.6516039 -0.04786623 -0.8759605 0.3928232 -0.27997 -0.7960683 0.2965177 0.5275912 0.379157 -0.9253308 0.001681226 -0.8224253 0.5646745 -0.06898845 0.3608604 -0.8566662 -0.3686499 0.5920197 0.6474569 0.4799085 -0.8217722 0.5494026 0.1511527 -0.7631298 -0.116087 -0.6357332 0.3416973 -0.6895744 -0.6385374 0.5861075 0.8102044 -0.006839251 -0.0934019 -0.4247343 0.900487 -0.6000822 -0.7999384 0 0.8948244 -0.4461798 0.01459321 -0.06313727 -0.9424798 0.3282462 0.7780235 -0.4830297 -0.4016986 -0.6383988 -0.4422151 0.6299943 0.5918946 0.03269464 -0.805352 0.7017296 -0.7122193 -0.01786796 -0.05734152 0.7437192 -0.6660283 -0.783132 0.05065606 -0.6197888 -0.5760004 -0.1189169 0.8087535 0.7021664 -0.7116894 0.02146266 -0.5811178 0.8107198 0.07096186 0.8375115 -0.07556908 0.5411689 -0.3553856 0.8614992 -0.3626571 -0.5528497 -0.8107239 -0.1925722 0.9022502 0.4295441 -0.03790041 0.1638111 -0.7451701 -0.6464422 -0.681777 0.2508982 0.6871901 0.5494516 0.03980541 0.8345768 -0.8599553 -0.4748981 0.1869457 0.6731864 -0.7392288 0.01899265 0.3530636 -0.761854 -0.5430696 -0.9509358 0.01519801 0.3090148 -0.7274588 -0.6708515 -0.1440905 0.6071866 0.7945402 -0.005509079 0.6440128 0.1191799 -0.7556743 -0.3648913 -0.8767745 -0.3132423 -0.2296798 0.6989259 0.6773107 -0.2751914 -0.8409591 0.4658943 0.7075204 0.65169 0.2733405 0.08707854 0.9962014 -0.0001636066 0.1324151 -0.7238188 0.6771651 0.8221746 -0.4926599 0.2851582 0.7514681 0.4067862 -0.5194427 -0.9974076 0.0578458 -0.04280016 -0.6143857 0.6852444 -0.3911143 0.9839794 -0.1427797 -0.1067641 -0.7581612 -0.3411715 -0.555692 0.9497688 -0.2484473 -0.1902977 -0.7553303 0.6117881 -0.2349287 0.9480153 -0.2471118 0.2005063 0.822478 0.1728073 0.5419111 -0.5217154 0.7287884 0.4434868 0.3416286 -0.9276185 -0.1510425 0.5292088 0.7043746 0.4730692 -0.9234337 0.2353598 -0.3031106 0.8814169 -0.4721818 0.01218838 -0.4981831 0.8665867 -0.02900128 0.3490012 -0.8759144 -0.3331247 -0.09171555 0.9772274 0.19135 -0.663003 -0.6428378 0.3836489 0.5983854 0.8008968 -0.02234407 -0.5915988 -0.8062325 -0 -0.8192479 0.2215279 -0.5289218 -0.7357374 0.2797164 -0.6168056 -0.5594456 -0.8262915 0.06529173 0.7500124 0.4551228 0.4799422 -0.6613735 0.3604397 0.6577753 0.1579982 -0.5728452 0.8042916 0.8167764 0.2735966 0.5079579 -0.3041694 0.4783992 -0.823781 -0.4838062 -0.7702615 0.4154862 -0.8236858 -0.563804 -0.06055461 0.7812849 0.05993331 -0.6212905 -0.8147119 0.5798659 7.312701e-05 -0.8420863 -0.5392825 0.008062553 -0.8491587 -0.5274312 -0.02730978 -0.7354107 0.6403124 0.2217457 0.8307164 -0.5561314 0.02506201 0.4932357 0.8698553 -0.00838459 -0.9994244 -0.009226164 0.03264458 0.9675401 0.1297634 0.2168587 -0.2888664 -0.7357207 0.6125939 0.7463452 -0.6622568 0.06621737 0.9891822 -0.09089097 0.1151404 0.7762813 -0.6298952 -0.02488912 0.9363167 0.1575254 0.3138421 -0.9846328 0.1021583 -0.1416404 -0.2636717 -0.8401583 -0.4739317 -0.6440978 -0.7618922 -0.0682518 -0.9025841 0.4303855 -0.01049903 -0.4530723 -0.8840814 -0.1145672 0.5750876 0.8180635 -0.006810339 0.5546162 0.8283542 0.07893167 -0.7127667 -0.1882044 0.6756795 0.7970206 0.0928684 -0.5967693 0.0761319 0.9512889 -0.2987529 -0.5873519 0.7817993 0.2093025 -0.5555323 -0.8164589 -0.1574125 -0.713396 0.7007408 -0.005332964 -0.09506726 -0.7084717 -0.6993069 0.009856897 -0.6216624 0.7832233 0.5189642 -0.05245526 0.853185 0.1264451 0.4298582 0.8939986 0.7451108 0.6663311 0.02850853 0.8477519 0.07637435 0.5248653 -0.3946194 0.8348572 -0.3837825 -0.442494 -0.8904755 -0.1060774 0.08961899 0.9957695 -0.02028537 0.2558802 0.3741266 -0.8913779 0.9075672 0.419904 0.001583467 -0.6388824 0.01500851 -0.769158 0.07861839 -0.5622721 -0.8232067 0.4483079 0.6695442 0.5922252 0.8078289 0.548985 0.2145411 -0.2010676 -0.3045152 0.9310437 0.8421073 -0.3258603 -0.4297328 0.513235 0.8008149 0.3086832 -0.2730221 0.785686 0.5551184 0.6119403 0.7907511 -0.01555075 0.9195549 -0.3924893 -0.01925882 -0.4837266 0.6481112 -0.588184 0.7088716 0.2669641 0.6528639 -0.09060561 -0.9958335 0.0103054 0.2468394 0.6877733 -0.6826699 -0.8207369 0.5082839 -0.2608418 -0.940247 -0.1146626 0.3206058 0.1309776 -0.6398373 0.7572669 0.4720002 -0.878553 -0.07321537 0.4906507 0.7367037 0.4653273 -0.9324558 0.0870826 -0.350632 0.6855021 -0.5007677 -0.528506 0.434713 0.8851125 -0.1661337 -0.8161635 -0.05915827 0.5747847 0.7020802 0.4131257 -0.580009 0.03976246 -0.6424091 -0.7653297 -0.9946474 -0.1032623 0.003678559 0.654921 -0.7468195 0.1154952 0.8304644 0.3900252 0.3977551 -0.417442 0.3860432 -0.8226256 -0.4453995 -0.7724636 0.4526801 -0.7821912 0.6165067 -0.08998022 -0.9835322 -0.1807209 0.002104973 -0.8462881 -0.5325156 -0.01495664 0.7088414 0.01305512 0.7052471 0.5112541 -0.8582466 0.045078 -0.2274624 0.9734134 -0.02696788 -0.716298 -0.6971751 0.02939414 0.8608349 -0.3054379 -0.407027 -0.1914064 0.8968384 -0.3988038 -0.6280098 -0.364974 0.6873119 -0.9870517 -0.1601979 0.008096937 -0.6126787 -0.7902691 -0.00998395 0.7897007 -0.6131657 -0.02001743 -0.5073151 0.7966239 0.3286667 0.4864766 0.8724945 0.04575891 0.8037435 -0.5933036 0.04457836 0.396629 -0.8968419 0.195857 0.4504246 0.8480337 0.2792068 -0.4151184 0.8944056 -0.1664795 -0.4664982 -0.8476576 -0.2526974 -0.6312484 0.7752369 -0.02309288 0.6473104 0.1294098 -0.7511607 -0.4547604 -0.8031877 -0.384815 0.6969142 -0.1459791 0.70214 -0.1314337 0.7272808 0.6736377 0.2419131 -0.922553 -0.3006226 0.4743794 0.8721721 0.119499 -0.9316888 0.2026125 0.301503 0.7197668 0.6940858 -0.01344189 0.3731237 -0.9270711 -0.03630287 0.2494836 0.8234494 -0.5095969 -0.8456356 -0.3359427 -0.4147806 0.4354052 -0.8937757 -0.1076443 0.4646244 -0.8377515 0.2868738 -0.7241606 -0.6896196 -0.00403455 -0.5134991 0.8324497 -0.2081974 -0.6871945 -0.7074049 0.1653541 -0.9785155 0.1903593 -0.07918765 0.520946 0.5791104 -0.6270936 -0.8597126 -0.3059683 -0.408996 -0.09510979 0.904715 0.4152648 -0.9571583 0.09460206 0.2736759 -0.9663989 0.2549413 0.03283471 -0.2435918 0.9592204 0.1433847 0.8436109 -0.5031829 0.1874236 -0.3779757 0.7093575 0.5949338 -0.5595998 -0.2345687 -0.7948746 0.6823337 -0.5688197 -0.4592002 -0.9572544 0.2046573 -0.2044001 0.2581409 -0.9660397 -0.01143005 0.7725607 0.4994723 -0.3920171 0.1879533 0.9821061 0.01188367 0.1875262 0.9822569 0.002284548 -0.5093687 0.3737569 0.7751447 -0.6317489 0.7751531 0.005571093 0.8550176 -0.2674812 -0.4442958 -0.3948571 0.9038916 0.1645232 -0.4472566 -0.8371112 0.3149703 -0.7799185 0.04431445 -0.6243102 -0.5474142 0.8363017 -0.03061397 -0.5200619 0.8539841 0.01570859 0.7875524 0.5932035 0.1669455 -0.4440153 0.8399464 -0.3119942 -0.4984361 -0.8668981 0.007008662 0.6942916 -0.7177716 -0.05256618 -0.7477436 -0.6639573 -0.006343986 -0.7873523 -0.6164688 -0.006523561 0.05178668 0.7820721 0.6210325 0.9936164 0.02225572 -0.1105942 -0.4722021 0.7505924 0.462208 -0.4970601 -0.7966865 -0.343834 -0.6455121 0.7626557 -0.04087086 -0.8629565 0.5023848 -0.0539967 0.7560255 -0.6414285 0.1303647 -0.6600524 0.7512194 0.0005090439 -0.8433656 0.5370186 0.01858707 0.8839551 -0.4674396 0.01111483 -0.2178596 0.7395214 -0.6369029 -0.9198409 0.3215102 0.2247755 0.2713499 -0.8348523 -0.4789477 0.042479 -0.9520159 -0.3030862 -0.546917 0.8361926 0.04078997 0.1374141 -0.8749026 0.4643951 -0.2906822 -0.9567376 0.0125327 0.7105199 0.2131235 0.6706264 0.8859558 -0.4633507 0.01971196 0.3965504 0.9179893 -0.006594011 -0.9928018 -0.1169838 0.02567801 0.7400805 -0.6613758 -0.1219133 -0.4874315 0.8603858 -0.1488184 -0.3358965 -0.6630531 0.6689799 -0.5455976 0.7610484 -0.3508968 -0.6308546 -0.7757301 0.01629085 0.8906595 0.05307769 0.4515622 -0.9051012 -0.05408534 -0.4217424 0.6419391 -0.766751 0.002645058 -0.7847831 -0.4997654 -0.3665379 0.193664 0.660718 -0.7252213 -0.7828807 -0.4779603 -0.3983113 -0.2176001 0.6797494 0.700422 0.5850482 -0.3223092 0.7442012 -0.6295262 0.77633 0.03175701 0.589535 -0.7342458 -0.3366476 0.8141661 0.5779311 -0.05593926 -0.9578181 -0.1954557 0.2106693 -0.7551651 -0.6516361 -0.07138711 0.1243502 0.7308168 0.6711512 -0.614265 0.09246973 0.7836631 0.9244721 -0.3651404 0.1096532 0.9924653 0.1224831 0.003242205 -0.3909196 0.8943733 -0.2174355 -0.4006092 -0.8894577 0.2199485 -0.8919074 -0.4396117 -0.106032 0.9580978 -0.2863625 -0.006714104 0.6415488 -0.6895224 -0.3361162 0.5493899 -0.6212916 0.5587195 -0.9640092 0.2652556 0.01804858 0.8056513 -0.1540426 0.5720113 -0.789757 0.611517 0.04827947 -0.1783071 -0.5304489 -0.8287524 0.7671025 0.502783 -0.3984508 -0.4860518 0.4460849 -0.7515064 -0.7570232 0.6533878 -0.0005020873 0.7502049 -0.660267 -0.03521526 0.08333006 0.5599346 0.8243357 -0.006305121 -0.4372585 0.8993138 0.8753639 0.03079732 -0.4824827 -0.1081418 0.9941211 0.005340869 -0.5102851 -0.7880146 0.3444446 0.8146681 0.5534539 -0.1732184 -0.194183 -0.8029486 -0.5635304 0.7604638 0.6486652 0.03046619 -0.04343443 -0.7780173 0.6267397 -0.7106214 -0.702219 0.04365363 0.7892431 0.606591 0.09561794 -0.4850018 0.8729869 -0.05164447 0.9425041 0.147271 0.2999955 -0.7376492 0.5755124 -0.353071 -0.1452857 -0.9765799 0.1586942 -0.7599358 -0.6499964 -0.001520596 0.6710894 0.1034689 -0.7341207 0.7816734 0.6190041 -0.07629326 -0.2415804 0.883118 -0.4021709 -0.7096999 -0.7004638 0.0753424 0.7967311 -0.08230858 0.5987026 0.9872719 0.1547024 -0.03689584 -0.6061717 0.6638535 0.4380119 -0.4519174 -0.8157464 -0.3610103 -0.85043 0.5253661 -0.02755487 0.7496758 -0.6544554 -0.0983583 -0.8467271 0.5320266 0.0009560029 0.7767905 -0.6059294 0.1715984 0.810952 -0.5821681 0.05862751 0.5572684 -0.7031782 0.4415794 0.4089534 0.4898151 -0.7699599 -0.8095791 -0.04531861 0.5852589 -0.8570327 -0.07252916 -0.5101317 0.3192644 -0.9386824 -0.1301753 0.4002528 0.9112835 0.09674756 0.2544005 -0.9053448 0.3400459 -0.981107 -0.1884429 0.04379886 0.9927131 -0.1176186 -0.02620168 -0.4115896 0.9109217 0.02855912 -0.0004238809 -0.9957058 0.09257311 0.7722177 0.2203566 -0.5959218 0.5490889 0.68635 -0.4768911 -0.53692 0.7607523 0.3646545 -0.3240046 -0.9451576 -0.041208 -0.3207176 -0.946126 -0.0445628 -0.8129355 -0.581203 -0.0365908 0.5992037 0.7704874 -0.2174948 0.5071229 0.7476825 0.4287158 -0.9888512 -0.1489015 0.001284582 0.7443398 0.6657132 -0.05276458 -0.9449177 -0.1517649 -0.2899965 0.5138385 -0.7663269 0.3856334 0.7321002 0.6712398 0.1160449 0.07477696 0.8430562 -0.5326017 -0.8241072 -0.1848301 -0.5354299 0.6481049 -0.7615332 -0.005225746 -0.479718 0.2352247 0.8453047 -0.6348113 0.7726672 0 -0.6456857 -0.7635219 0.01115078 -0.9215202 0.2914524 0.2566243 -0.6768804 -0.6639627 -0.3177837 -0.3044884 0.7935549 0.5268372 -0.1271062 -0.6820441 -0.7201804 -0.8583726 -0.5128451 -0.01365335 0.8151882 -0.1336293 -0.5635702 0.256309 0.8169242 -0.5166628 0.02470085 0.6889827 0.7243567 -0.8579866 -0.5134102 0.01640063 0.9263746 0.3726715 0.05427703 -0.2902931 -0.8491294 0.4412586 0.9474993 0.1449691 -0.285007 -0.6616157 0.7350342 -0.1482882 0.2033855 -0.9786701 -0.02896738 -0.839223 0.01933876 -0.5434434 0.4522985 0.6725292 0.5857734 -0.1087372 -0.6446282 0.7567236 -0.2593078 0.9550157 0.1438907 -0.8778516 -0.4787128 0.01451288 -0.8795991 -0.1733047 -0.4430248 0.245198 0.9390541 0.2409466 -0.4812836 0.8695627 -0.1105746 0.6278862 -0.7782937 -0.004209371 -0.04231465 -0.7489296 -0.6612972 -0.7813507 0.5742546 -0.2443823 0.8154181 0.06379155 0.5753468 -0.788151 0.4894011 0.3732353 0.472721 -0.8552868 0.2121774 0.9471331 -0.3208409 -0.0001250076 -0.8166183 0.04781807 0.5751939 -0.6852781 -0.6937279 0.2216651 0.2302888 -0.8772206 -0.4212493 0.2928398 0.9556017 -0.03271497 0.8385281 0.4488797 -0.3088329 -0.3729403 -0.9242452 -0.08176989 -0.1624403 0.8756434 -0.4548206 -0.4701515 -0.8703404 -0.1465098 0.7824998 0.5955797 -0.1816008 -0.4688205 -0.8696765 0.1544997 -0.02900056 -0.8965718 0.4419479 0.8680065 0.3485738 0.3536397 -0.9868695 -0.1124362 -0.1159595 0.5867753 -0.7152779 0.3795686 0.4564474 0.8578375 -0.2361581 -0.6677584 -0.7443198 0.009313114 0.960177 0.2785119 -0.02216301 -0.9560309 -0.1344667 -0.2606216 0.9785857 -0.143747 0.1473325 -0.4822757 0.8221156 0.3025494 0.6362109 -0.7713263 -0.0170743 -0.6429377 0.7659185 0 0.4356367 0.7908052 -0.4299393 0.4863802 0.7067812 -0.5137068 -0.6706447 0.7400963 0.04993203 0.2779345 -0.8797819 0.3856633 0.5599132 0.6151636 0.5550413 -0.6948251 -0.02063803 0.7188825 0.07630925 -0.908526 0.4108009 0.6337972 0.2149014 -0.7430468 -0.6576196 0.6774605 0.3295203 -0.3526552 0.934607 -0.04630356 -0.1386831 -0.8439689 -0.5181539 0.7565312 0.6539576 5.587445e-05 -0.3242047 0.9459669 0.006160471 -0.3110582 0.9501617 -0.02086994 0.804724 0.5684303 0.1711909 -0.7373656 -0.6752224 0.01915173 0.7280828 -0.6854593 -0.006406542 0.2280983 0.9733184 0.02494841 -0.1044146 -0.9803542 0.1673418 -0.7034982 0.4954311 0.5095472 -0.8211083 -0.5685214 0.0506412 -0.3237745 -0.9420124 0.08821954 -0.7961222 -0.6048369 -0.01901958 -0.07047263 -0.9669913 0.2448702 0.3341449 0.9362351 -0.1086785 -0.7915686 0.4782956 -0.380332 -0.5879825 0.8071876 -0.05220006 0.632168 0.7747898 -0.008022222 -0.7534778 0.6515875 -0.08777789 0.6583531 -0.7526912 -0.005203654 0.6740731 -0.736192 0.06038799 -0.01533895 0.818967 0.5736356 -0.1070429 -0.8628142 -0.4940582 0.9234107 -0.3052793 -0.2326309 0.9070936 0.3887557 0.1614007 -0.6648626 0.7371167 -0.1208998 0.8499362 0.5268699 -0.004074804 -0.7459413 0.291744 -0.5987128 -0.7025462 0.1597415 0.6934778 -0.2084459 -0.588963 0.7808155 0.4744742 -0.2751511 0.8361615 0.4707018 -0.8820233 0.02178631 -0.1348098 -0.8945215 0.4262131 0.9336952 0.1913355 -0.3026616 -0.7619236 0.6425514 -0.08124147 0.9461921 -0.3232341 -0.01550086 0.3700855 -0.4122936 -0.8324967 0.1926988 -0.9812572 0.001209887 0.1913022 0.7107748 -0.6769066 -0.6666585 0.06722985 -0.7423251 0.5887976 -0.6430863 0.4896503 0.3450713 -0.9238666 0.1655184 -0.3103695 0.3346354 0.8897696 -0.53733 -0.7710305 -0.3417431 0.6696712 -0.7025773 0.2406774 0.8868398 0.08451613 0.4542821 0.6231053 -0.7820477 -0.01188253 -0.5994092 -0.8003075 -0.0147163 0.804506 0.3417924 -0.4857448 0.1005998 -0.8290841 0.5499993 -0.9459601 0.3241873 0.007874263 0.6790137 -0.4487669 -0.5809894 0.6983789 0.6865769 -0.2021857 0.1140515 0.9614061 0.2503807 -0.7479802 0.02807232 0.6631271 -0.9665034 -0.2504689 -0.05600448 0.6283111 -0.6828565 0.3727361 0.313863 0.9087597 -0.2750377 -0.6904175 -0.5820692 -0.4295569 0.7611569 -0.635877 -0.1276739 0.1465262 0.8688522 0.4728911 0.2532409 -0.841127 -0.4778854 -0.728501 0.1307679 -0.6724478 0.1355616 0.9907649 0.0028107 -0.8832834 -0.4604122 0.08849286 0.1882605 -0.9304212 0.3144429 0.559283 0.3704573 -0.7415955 -0.6741929 0.6439533 0.3616464 0.7857394 0.6147119 -0.06886768 0.05767632 0.998334 0.001608357 -0.3166448 0.9484753 -0.01142851 -0.174527 -0.7767698 0.605119 -0.5625235 0.8255856 0.04444883 0.2862489 -0.9577862 -0.02659099 0.6725765 0.7394598 0.02898341 -0.9138882 -0.3949483 0.09393752 0.5061953 -0.617944 -0.6015908 0.8450825 -0.2306126 -0.4823415 0.4840314 0.7932846 0.3693415 -0.9960798 -0.07794935 -0.04181965 -0.995659 -0.08135011 -0.04522406 -0.8562095 0.5152925 -0.03713412 0.9444074 -0.2438081 -0.2205725 0.8851482 -0.1680647 0.4338974 -0.5293247 0.8484184 0.001303682 0.9065116 -0.4187713 -0.0535469 -0.51386 0.8059455 -0.2939384 -0.4981679 -0.7741703 0.3904984 0.9065785 -0.4052792 0.1177466 0.8000398 0.2650195 -0.5382387 -0.4947603 0.6800388 -0.5410726 -0.4415604 -0.8972159 -0.005303445 0.02512391 0.5280588 0.8488361 0.4570579 0.8894369 0 -0.9571394 0.2894064 0.01131656 -0.09834381 0.9605379 0.2601835 -0.8768297 0.3570314 -0.322022 0.6048874 0.5921114 0.5324615 -0.6712433 -0.1529957 -0.7252756 -0.8115298 0.5841467 -0.01385632 0.2001138 -0.7974404 -0.5692481 0.8481492 0.08880583 -0.5222609 0.6371536 0.2489713 0.7294166 -0.8118941 0.5835674 0.01664443 0.7098555 -0.7021902 0.05508164 -0.8919882 -0.07055337 0.4465192 0.5086765 -0.8110418 -0.2888934 0.4117397 0.8987976 -0.1504436 -0.8174289 -0.5752789 -0.02939772 -0.3141145 0.7744813 -0.5491 0.792773 -0.1472978 0.591451 -0.6294285 -0.1548582 0.7614714 0.7732835 0.617026 0.1459849 -0.7879387 0.6155776 0.01472862 -0.5068501 0.7362972 -0.448296 0.9583769 0.1477262 0.2443168 0.6068402 0.786865 -0.1121982 -0.4649716 -0.8853153 -0.004271959 -0.6995863 -0.2568821 -0.6667763 0.2165756 0.9442949 -0.2477944 0.3804616 -0.7194831 0.5810276 0.1359089 0.9157768 0.3779969 -0.596847 -0.7729606 0.2151871 0.08163931 -0.9966619 -0.0001268663 -0.2790079 0.7646824 0.5808747 -0.9081396 0.3531989 0.2247957 -0.7117585 -0.5582106 -0.426381 0.9932992 0.1106992 -0.03320087 0.7438838 -0.5904927 -0.3129781 -0.9962445 -0.02473247 -0.08297741 0.7368627 0.495264 -0.4601596 -0.9851568 0.08586091 -0.1486405 0.8569123 -0.4814229 -0.18421 -0.9839839 0.08490031 0.1567409 -0.8319396 -0.3284469 0.4472127 0.6633514 -0.6569916 0.3582275 -0.494971 0.8609064 -0.11766 -0.4225511 -0.8207921 0.3843838 0.9677486 -0.07821078 -0.2394695 -0.9482816 0.3172894 0.009451578 0.6368873 -0.7706288 -0.02249238 -0.502533 0.8231914 -0.264228 0.2565785 -0.9548952 0.1494746 0.562241 0.7680263 0.3066278 -0.4552695 -0.8901851 -0.0173281 0.4476372 0.8942153 0 0.8962939 -0.08555791 -0.4351289 0.8384986 -0.1650799 -0.5192963 0.4129204 0.9093564 0.05067258 -0.6955309 -0.6030955 0.3905286 0.7833151 -0.2683633 0.5607126 -0.2925951 0.6246829 0.7239885 -0.8015 -0.4297196 0.4158591 0.4452412 -0.4922946 -0.7479347 0.3600371 0.8711482 0.3338773 0.717702 0.6947631 -0.04699053 -0.8263298 -0.2070231 -0.5237561 0.9006015 -0.4346457 5.670525e-05 0.7394479 0.6731847 0.006252067 0.7485138 0.6627809 -0.02118011 0.8408744 -0.5126134 0.1736601 -0.9125023 0.4086096 0.01943639 -0.3399827 -0.9404092 -0.006501796 0.9838576 0.1771528 0.02531913 -0.9408155 -0.2933395 0.1697588 0.1746635 0.8391304 0.515124 -0.8478006 0.5278191 0.05139221 -0.9930114 -0.07690461 0.08952083 -0.8712362 0.4904843 -0.01930228 -0.9146467 -0.319021 0.2482882 0.9917675 0.06509014 -0.1102749 0.1243736 0.9144332 -0.3851535 0.5073146 0.8601312 -0.05297406 0.962114 -0.272526 -0.008141496 0.2987774 0.9501569 -0.08907277 -0.4293759 -0.9031104 -0.005281025 -0.4079689 -0.9109368 0.06128255 0.7418912 0.3376239 0.5793164 -0.831344 -0.2434873 -0.499581 0.08643137 -0.9679263 -0.2358987 0.7167126 -0.6778741 0.1637367 0.4124069 0.9027029 -0.1226706 0.8210534 -0.5708364 -0.004135391 -0.02830042 0.7961946 -0.6043785 -0.1314257 0.7031665 0.6987733 -0.6176943 -0.04218259 0.7852862 -0.06345603 -0.5391059 0.8398441 -0.6225849 -0.7822398 0.0221101 -0.8721345 -0.2308556 0.4313782 0.5456195 -0.7798777 -0.3067412 0.2871366 0.9543354 -0.08244129 0.07906889 -0.996745 -0.01573128 -0.2290698 -0.4982296 -0.8362382 -0.8240572 -0.5665053 0.001227877 0.7233506 0.1059461 -0.6823044 -0.2013681 0.6333348 -0.7472201 -0.35513 -0.7929083 0.4951557 -0.7105877 -0.6832798 0.1679105 0.1817329 0.4128643 0.8924776 -0.9193982 0.1866526 -0.3462193 -0.3785599 -0.892824 0.2440443 0.4284028 -0.7779603 0.4596182 -0.4703145 -0.8824165 -0.01205918 -0.972523 0.2323273 -0.01493507 0.6309275 -0.600516 -0.4912341 -0.717723 -0.4196547 0.555665 -0.07810225 0.9969133 0.007991338 -0.141523 -0.7973648 -0.5866691 0.9068917 -0.3680967 -0.2050664 0.9267768 0.2768341 0.2538653 -0.2694844 0.6930769 0.6685975 -0.6136381 0.7875393 -0.05683454 -0.3764302 -0.846049 0.3774935 0.9575884 0.07272332 -0.2788115 -0.8061455 0.4014065 -0.4347439 -0.2812751 -0.9508436 -0.1295406 0.8527465 0.209835 0.4783229 -0.6691227 -0.564497 -0.4833404 -0.1681318 0.7156979 -0.6778703 0.963133 0.2690105 0.002852492 -0.7732115 0.6277581 0.08979812 -0.778012 -0.541444 0.3186468 0.5575111 -0.3632117 -0.7464976 0.3226574 0.8727609 0.3663067 0.8761188 -0.4770028 -0.06988671 0.9391521 0.3434976 0.001632272 0.7447511 0.6672415 -0.01159842 -0.7779505 -0.1474662 0.6107755 -0.9046498 -0.4237792 0.04494337 0.9911523 0.1299779 -0.02688723 -0.6228388 0.7818011 0.02930625 -0.9256676 -0.3665624 0.0936563 0.4513937 -0.8804491 0.1450969 0.1367441 0.9776961 -0.1594096 -0.1488097 -0.9853052 -0.08384163 -0.3914999 0.6890154 -0.6099062 0.8489387 -0.05414092 0.5257107 -0.4097745 -0.7188652 0.5615316 0.9152159 0.4018571 0.02984418 0.08904309 -0.9584794 -0.2709034 0.8887185 -0.06024391 0.4544777 -0.9749758 0.2210299 -0.02383304 0.9768829 -0.2105523 0.03698026 0.9724391 0.03902604 -0.2298675 -0.8941282 -0.1411443 0.4249859 0.5376295 -0.7872876 -0.301882 0.9068845 -0.05763654 -0.4174189 0.288924 0.6313834 -0.7196373 0.6764592 -0.02626014 0.7360118 0.7661098 -0.6426609 0.007912966 -0.7110428 0.6995433 0.07111475 -0.8697902 -0.3022886 -0.3899828 0.7624289 -0.04310965 0.6456344 0.5004909 0.8094054 -0.3071999 -0.2966708 -0.7038881 -0.6453898 0.8191992 -0.01901909 -0.5731936 -0.5045598 0.82557 -0.2526926 0.7324186 0.004499682 0.6808398 0.8454624 0.5340104 -0.00511731 -0.5572175 0.8013499 0.2175939 -0.3102851 -0.8547382 -0.4161079 -0.6834787 0.6683069 0.2936371 0.8450367 -0.5339508 -0.02845222 0.3219836 -0.7723325 -0.5475664 0.7621223 0.190677 -0.6187179 0.9964025 -0.08432545 -0.0084405 0.9970685 -0.06275348 -0.04377691 -0.9455062 0.2422352 -0.217578 0.8210674 0.3281916 0.4670531 -0.8986516 0.3360224 0.2819829 0.516269 -0.5671387 0.6417321 -0.3425277 -0.9394707 0.00834601 -0.8929895 -0.1244817 0.4325207 0.2158636 0.8789716 -0.4252198 -0.5524985 0.8226772 -0.1339686 0.2082509 0.9776036 -0.03037744 -0.9896761 0.1428316 0.01184774 0.9809191 0.1862905 -0.05561925 -0.9686274 -0.2477474 0.01954792 -0.06990212 -0.9969737 -0.03401744 0.84244 0.3884013 0.3734157 -0.7328661 0.616634 -0.2875237 -0.1925822 -0.9812673 -0.005148912 0.4154796 0.8823586 -0.2209522 -0.6690183 -0.7432361 -0.003824742 0.430794 0.8556377 0.286881 -0.6549995 -0.7555678 -0.009638368 -0.8997025 -0.3590642 0.2482102 0.6787114 -0.5547151 -0.4812919 0.2829169 0.9300147 0.2345862 -0.1553098 0.987632 -0.02149115 0.1629229 -0.986555 0.01285906 0.4637543 0.8822985 -0.08050647 -0.783518 -0.2907818 -0.5491315 0.6353127 -0.5834057 -0.5059799 0.1964404 0.913829 -0.3554263 0.5166037 -0.53221 0.6707258 0.1165161 0.8718178 0.4757706 -0.1543918 0.9873831 0.03518276 -0.5311777 -0.8472443 0.005225382 0.5240574 0.8516361 0.008930177 -0.8444564 -0.5056482 0.176673 0.9759597 -0.1303323 0.1746887 0.3810419 0.8578443 -0.3448337 -0.286435 -0.5847484 -0.7589626 0.5016909 0.528538 -0.684802 0.3008876 -0.8990977 0.3179465 -0.882043 0.3731402 0.2876916 -0.8903201 0.105041 0.4430536 0.6690834 0.3578572 0.6513568 -0.5487842 -0.835733 0.019653 0.8742215 -0.4854828 -0.006574279 -0.01812231 0.999508 0.02560122 0.8512761 -0.5185136 0.08045265 0.7118447 0.6904095 -0.1288873 -0.9694775 0.2444456 -0.01896486 -0.5202176 -0.6494668 -0.5545868 0.08438836 0.9964038 0.007615939 0.8311278 -0.01733699 -0.5558112 -0.8517797 0.5238798 -0.004617329 -0.8354145 0.5475337 0.04784939 -0.2642594 0.6839036 0.6800315 0.0788007 0.9968903 0.0003942933 -0.5089353 -0.7122322 -0.4834358 0.6781432 0.5123501 0.5268958 -0.3849752 0.9140215 0.1279015 -0.8458265 0.4574197 -0.2744898 -0.138558 0.9900771 0.0234326 -0.9737583 0.09627167 -0.2062198 0.8819509 0.4499173 -0.140489 -0.9838211 0.02699293 0.1771085 -0.7270619 -0.6662786 0.1656918 -0.6277096 -0.7285209 0.2742955 0.5089444 0.8415211 -0.181157 -0.1838595 0.9668886 0.1769807 -0.06930589 -0.9915145 -0.1099804 0.1102377 0.9939051 0.0004715801 0.84993 -0.4908437 -0.1915502 -0.1025918 -0.994674 -0.009929305 -0.751475 0.6596831 -0.01018123 -0.9819448 -0.1891422 -0.00308835 -0.8124405 -0.5704295 -0.1206262 0.4486269 -0.4440074 0.7756232 0.2061582 0.8103647 -0.5484596 -0.1442506 0.8399482 -0.5231432 0.3056342 -0.9521391 -0.004346099 -0.8481913 -0.5296786 0.003488303 -0.4761804 0.8252127 0.30377 -0.2422919 -0.6786776 0.6933191 0.7209454 -0.6929914 0.0008604858 -0.4649351 -0.7940852 -0.3914896 0.9974929 0.01626426 0.06887159 0.9516234 0.2454461 0.1848491 -0.7550506 0.6038184 0.2555424 0.8463635 -0.5291316 0.06073444 0.3901157 0.9198908 0.04013383 -0.5511895 -0.6561897 0.515369 0.5761179 -0.8011071 0.1622207 0.9389487 -0.2277255 -0.2579079 -0.9190893 -0.3743179 -0.1231299 -0.2555385 0.9667989 -0.0002571227 -0.9324563 -0.1348679 -0.3351655 0.5851013 -0.1129287 0.8030589 -0.02396416 -0.9996264 -0.01314576 0.7761265 0.5292439 0.3428243 -0.8108931 0.4857577 -0.3263309 -0.1799735 -0.9835092 -0.01786795 -0.695803 0.3516202 -0.6262759 0.6063658 0.6572538 -0.4475914 -0.1864332 -0.9823547 0.01489808 -0.6740718 -0.7382036 0.0261293 -0.852154 -0.49028 0.1829182 0.7117089 -0.5124043 -0.4805333 0.1436506 0.9428417 0.3006892 -0.7461333 -0.2155887 0.6299259 0.7024477 -0.6166763 0.3553556 -0.1551036 0.9009645 -0.4052231 -0.9966421 -0.01818338 -0.07983694 -0.7053464 0.7088574 0.002768531 0.2378384 -0.8310572 -0.5027692 -0.868969 0.3264615 -0.3719083 0.4476023 0.7014423 -0.5546448 0.1244464 0.9920476 0.01883127 0.9845926 0.1734348 0.02230916 -0.9723654 0.2284728 0.04801711 0.8581387 -0.5126136 -0.02872873 -0.003839608 0.9995022 0.03131312 -0.8087422 -0.4025143 -0.4288569 0.7698346 -0.4802481 -0.4203766 0.168483 0.6838084 0.7099434 0.5704932 0.8212571 0.008626007 -0.1427859 0.9896964 -0.0106363 -0.9896318 -0.1420359 -0.02132492 0.9187651 -0.1871674 0.3476192 0.2895641 -0.9559167 0.04874221 -0.9849958 -0.1659168 0.04748503 -0.9182536 0.3368937 0.2081176 0.2955063 -0.9083609 0.2958995 0.9299823 -0.322171 -0.1770275 -0.2843968 0.9204692 -0.2680577 0.9961178 -0.08452294 -0.02460104 -0.3437672 -0.5354868 -0.771413 -0.2592103 0.876376 -0.4059251 -0.5704858 -0.3871895 0.7243137 0.5964363 -0.3986902 0.6966418 -0.8266112 0.4640893 -0.3183318 0.2974908 -0.9462152 0.1271853 0.7881767 0.5261702 0.3192528 -0.000792127 -0.9998971 -0.01432009 -0.9259589 0.375639 -0.0386717 0.4118165 -0.7386812 -0.5336265 0.3418947 0.8320316 -0.4368426 -0.9446222 0.3075032 -0.1145889 -0.9202659 0.2464408 0.3039368 0.007057019 0.9999659 -0.00429819 0.9527205 -0.2083591 -0.2211564 -0.03135884 0.98392 0.1758353 0.8163694 0.5713405 -0.08432662 0.05323816 -0.7571919 -0.6510193 0.3729939 0.8217135 -0.4308857 0.7086208 -0.5537052 0.437341 0.7293242 0.6196208 0.2900972 0.8546876 0.5179629 0.03497781 0.857988 -0.490497 0.1525429 -0.9457631 -0.2566159 0.1991995 0.7549921 -0.2158376 0.6191939 0.2112217 0.5427994 -0.8128679 -0.8708664 -0.0942883 -0.4823913 0.8099483 0.5448225 -0.2171456 -0.8741822 0.4854453 -0.01217685 -0.1756389 -0.8934634 -0.4133693 0.5758308 -0.8174708 0.0126601 0.5762414 -0.8172759 0.002433834 0.5988947 0.1026431 0.7942226 0.996439 -0.08410764 0.005935133 -0.7761203 -0.4235691 -0.4671472 0.9227832 -0.3433102 0.174955 -0.2894699 0.8972733 0.3333285 0.5591794 0.5167771 -0.6482745 0.9817732 -0.1872374 -0.03261243 0.9755355 -0.2192039 0.01673481 -0.1202209 -0.9767462 0.1775213 0.9066875 -0.262436 -0.3302199 -0.2772702 0.960763 0.00746663 -0.998431 -0.000741909 -0.05599076 0.04189883 0.999099 -0.006758526 0.1035732 0.9945976 -0.006949834 0.5133615 -0.5660244 0.6450398 -0.6737198 -0.7295497 -0.117724 0.8556866 -0.1792385 0.4854627 -0.2259299 0.9038172 -0.3634146 0.9969011 -0.06551857 -0.04353673 0.960679 0.2716394 -0.05751389 -0.9854632 -0.09807066 0.1387246 0.998889 -0.04712236 0.0005423082 0.9721467 0.2335352 0.01980121 -0.9503128 -0.3110712 0.01184105 0.6653061 -0.3476667 -0.6606782 0.8673347 0.436779 0.2386515 -0.7770687 0.3789884 -0.5025256 -0.7098916 0.6269542 -0.3209087 0.9813012 -0.18751 0.04345058 -0.7144426 0.5017222 0.4876951 -0.4862164 0.8737364 0.01335153 -0.3304348 -0.6399878 0.6937063 -0.9487446 -0.3153452 0.02099952 0.3848009 -0.9229729 -0.007024887 0.6055466 0.7953396 0.02735476 -0.9888719 -0.07278343 -0.1297498 0.9560596 -0.2467569 -0.1583067 -0.2365299 0.6819464 0.6921003 0.9188419 -0.1351576 -0.3707588 -0.1197 0.9926584 0.01735509 -0.5727522 -0.6683747 0.4745843 0.5829326 0.6804777 -0.4440042 -0.9974765 0.07094101 0.002817903 0.1840699 0.9035217 -0.3869971 0.3292163 -0.5781444 -0.7465693 0.1979852 0.8857271 -0.4198682 0.6199084 -0.3057585 0.7226516 -0.6156793 -0.1899298 0.7647651 0.9956757 -0.08651825 0.03382992 -0.9306004 0.08540177 -0.3559346 -0.1498893 -0.9869059 -0.05958212 0.5232615 0.8222688 0.2237667 0.05589804 0.9955378 -0.07602588 0.4265018 -0.579791 0.694218 0.4740004 0.3628511 0.8022859 -0.9041534 -0.4109527 0.116724 -0.6013838 -0.7989528 0.003454069 0.9119805 -0.3390763 -0.2309087 -0.3602857 0.90313 0.2335602 0.30319 0.9462214 -0.1128752 -0.8715809 -0.4901995 -0.007152826 -0.9345588 0.01743721 -0.3553812 -0.8116339 0.03571213 0.5830739 0.8604896 0.5091051 0.01922757 -0.6561693 -0.4623751 0.5963649 0.9883563 0.143203 0.05142628 -0.2464973 0.4752277 -0.8446288 -0.1694716 -0.8915543 -0.4200122 0.6347819 0.03827289 -0.7717429 0.9958879 0.0905923 -0.000534897 -0.9960159 -0.08090215 -0.03751332 0.3300567 -0.4296642 0.8405065 -0.2944763 0.2927434 0.909717 -0.5769858 -0.6410365 -0.5061221 0.7901797 -0.6128488 0.005689866 -0.2106204 0.9072523 0.3640498 -0.1675368 -0.9685115 -0.1841651 -0.4334523 0.6830122 -0.587889 -0.06173139 -0.997565 0.03245502 -0.5159395 0.5571665 0.6506704 -0.01140997 0.9988531 0.04650027 -0.1119229 -0.9884884 0.1018035 0.9646896 -0.2575809 -0.05500937 -0.5455425 -0.7755421 0.3176757 0.9187179 0.1296721 -0.3730182 -0.6004838 0.7816222 0.1687777 0.06041094 0.9981723 -0.001619962 -0.3782791 -0.5354525 -0.755113 -0.09776621 -0.9918875 -0.08124686 0.7944171 -0.4350315 -0.4238502 -0.01078506 0.9967176 0.08023504 -0.5984034 -0.5038494 0.6229359 -0.5745487 -0.8175262 -0.03930325 0.8872035 -0.02486324 0.460708 -0.2704281 0.8840291 -0.3812626 0.9686461 0.2467046 -0.02935398 -0.9909048 -0.08451068 -0.1047173 0.9709139 0.2394266 0.001018474 -0.9735521 -0.1375079 0.1824496 -0.9818985 -0.1788185 0.06244414 -0.8814053 0.08654655 0.4643645 0.06563241 -0.6104834 -0.789305 0.5179949 0.6000852 0.6095728 0.5339321 0.6554247 -0.5341675 -0.895952 0.4219967 -0.1385235 0.3771684 -0.9203989 0.1030046 -0.821549 0.4425344 0.3594727 0.9953938 0.07956994 0.05347658 -0.9736386 0.2258403 -0.03200085 0.309048 -0.9504066 0.03487894 0.6331753 0.6168728 -0.4675009 -0.8616079 0.2174471 -0.4586377 0.04583092 -0.6634429 0.7468219 -0.2922414 -0.9562963 0.009609353 0.438382 -0.8987106 -0.01184876 0.8988412 0.4376301 -0.02375483 -0.9187293 -0.101081 0.3817316 -0.5676603 0.8214713 0.05428367 0.8869378 0.4588514 0.05288433 0.9722169 -0.0399702 0.2306439 -0.5531428 0.7665636 0.3262105 -0.980252 0.02249096 -0.1964695 0.5473514 -0.7827844 -0.2960658 -0.9742272 -0.2238981 -0.02740375 0.1530794 0.5750639 -0.8036593 0.504691 -0.7406817 -0.4434834 0.4003237 0.5116155 0.7602569 -0.6526261 0.1867407 0.7343072 0.9177484 -0.1870237 -0.3503713 -0.5712932 0.8084722 0.1414101 -0.5825758 -0.7329059 0.3513608 -0.3047875 0.9522868 -0.0159523 0.9962752 -0.07470213 -0.04307281 -0.5976754 0.5586519 -0.5750583 -0.06970292 -0.8767727 -0.4758268 0.9918362 -0.004129351 -0.1274514 0.9411345 0.046053 0.3348806 0.2988501 -0.9542881 -0.004788207 -0.9651468 -0.09219866 -0.2449306 0.3293011 -0.923837 0.1951561 -0.6022129 -0.7927988 -0.09386012 -0.2686855 0.6712538 -0.6908157 -0.1017997 -0.876981 -0.469618 -0.8251224 0.3037562 0.4763457 -0.5000479 -0.8047292 0.3199422 -0.6554286 -0.7542516 0.03895981 -0.9641338 0.2042781 0.1694595 0.8182037 0.5308157 0.2208562 -0.7509065 -0.02410842 0.6599683 -0.03273864 -0.5399726 -0.8410456 0.7788541 0.346319 -0.5229239 -0.6013111 -0.7619488 -0.240539 0.9806919 -0.1950879 -0.01356487 -0.1036745 0.8863307 -0.4512975 -0.7980745 0.6023937 0.01410318 -0.7984207 0.6020939 0.002711309 -0.5020669 -0.2615644 0.8243257 -0.9744731 -0.2244071 0.006611757 0.5941367 0.6242691 -0.5072373 -0.9799439 0.04473896 0.1941863 0.5425958 -0.7558435 0.3664564 -0.3568768 -0.6317111 -0.6881715 -0.9919002 -0.1217142 -0.03632585 -0.9958228 -0.08938325 0.01864208 -0.1833097 0.9631113 0.1970133 -0.9313533 -0.02683315 -0.3631268 0.5575942 -0.830072 0.008317829 0.9500867 0.3056922 -0.0623506 0.2654092 -0.9641065 -0.00752901 0.2053097 -0.9786664 -0.007742124 -0.6308942 0.3642488 0.6850514 0.4178596 0.8990281 -0.130927 -0.8458373 -0.08834213 0.526075 0.4836743 -0.7792396 -0.3985533 -0.9690155 -0.2421938 -0.04848918 -0.831387 -0.5519908 -0.0640454 0.9062569 0.3936063 0.1541831 -0.965508 -0.2603728 0.0006041355 -0.854241 -0.5194091 0.02205766 0.8097847 0.5865788 0.01319079 -0.7036359 0.1215005 -0.7000959 -0.6876719 -0.676301 0.2640535 0.8308007 -0.1198106 -0.5435214 0.8569502 -0.3754052 -0.3531392 -0.9914357 -0.1212984 0.04839328 0.8106729 -0.2522732 0.5283632 0.7299401 -0.6833493 0.01487339 0.1127043 0.672424 0.7315352 0.8069563 0.5901477 0.02339239 -0.6484332 0.7612314 -0.007825732 -0.3335105 -0.9422538 0.03047068 0.9174697 0.3707307 -0.14425 -0.9827683 -0.05702782 -0.1758247 0.410554 -0.5463703 0.730017 -0.9013819 -0.1496294 -0.4063518 0.4172963 -0.9085648 0.019333 0.3322151 0.7902601 0.5149 -0.3391445 -0.807109 -0.4832763 0.9714407 0.2372617 0.003139163 0.09906158 -0.900444 -0.4235415 -0.460202 0.4224095 -0.7808869 0.08045488 -0.8852492 -0.4581057 -0.6443416 0.09584777 0.7587075 0.4944871 0.3454401 0.7975924 -0.9743527 -0.2218489 0.0376816 0.8985681 0.200026 -0.3905956 -0.1587919 0.9850803 -0.06634658 -0.2454856 -0.9371971 0.2477872 0.2508182 -0.9643273 -0.0846345 -0.5520904 0.3991803 0.7320186 -0.3167624 -0.4562276 0.8315756 0.7341208 0.6664937 0.1298184 0.3284723 0.9445058 0.003847855 -0.9657865 0.04389231 -0.255597 0.6150014 -0.7449524 0.2584941 0.0004590327 -0.992087 -0.1255513 0.6800902 0.7330851 -0.007968256 0.8818629 0.2649774 -0.3900062 0.7534621 0.2057522 0.6244685 -0.6637269 -0.7476683 0.02141871 0.4640113 0.6149564 0.6375909 -0.8970336 -0.438236 0.05727103 0.3509518 -0.3484061 -0.869164 -0.108788 0.8821373 -0.4582564 -0.5542744 -0.2154727 -0.8039598 -0.9205675 -0.390583 -0.0005958794 0.9234939 0.3813308 -0.04178305 -0.4118793 0.2849477 0.8655404 0.3376988 -0.172347 0.925341 0.3430665 0.7634743 -0.5471859 -0.9396535 0.3420689 0.00633853 0.4703318 -0.7870227 0.3992284 -0.1358813 0.9694258 -0.204328 0.5970643 -0.4975774 -0.6292304 -0.2460268 0.9685886 0.03615056 0.6301505 -0.3551734 0.6904797 0.3160121 -0.9473407 0.05178817 -0.19525 0.9741908 0.1132685 -0.9968931 -0.04951263 -0.06125853 0.2790829 0.8943412 0.3496664 -0.821486 -0.3976 -0.408748 0.8078406 -0.558823 0.1873776 0.2475008 -0.968886 -0.00180465 0.1843042 0.5864358 -0.788749 -0.2098451 0.973543 -0.09043773 -0.8707043 0.1678682 -0.4622709 0.3146028 -0.9450123 0.08931321 0.397634 0.6336404 0.6636166 0.2971904 0.9538142 -0.04377598 -0.8313636 -0.2413423 0.500588 0.5186281 -0.7461473 -0.4174795 -0.846836 -0.5308482 -0.03269717 0.9164709 0.3827641 -0.1165021 -0.8513072 -0.5246664 0.001134588 0.8814349 0.4267207 0.2024398 0.8798737 0.4700933 0.0695306 0.8440364 0.1822577 0.5043656 -0.2322202 0.523311 -0.8198898 -0.2968361 -0.6990397 0.6505627 -0.2980297 -0.7614844 -0.5756039 0.9797862 -0.1277303 -0.1539607 -0.6395659 0.760146 0.1146016 0.9035194 -0.167725 0.3943615 -0.7305478 -0.6812974 0.0461932 0.9031951 0.4283397 -0.02763595 -0.8329767 0.5524875 0.03012222 -0.7429349 -0.6075991 -0.2808399 0.9674712 -0.2468577 -0.05532477 -0.2199403 0.8976639 0.3818715 0.6239142 -0.781492 -0.001141372 0.5408018 0.4421385 -0.7155746 0.2369346 -0.8772068 0.4175767 0.5586205 0.6851624 0.4674352 -0.7752259 0.5554744 0.3007872 -0.9894518 0.1448056 0.004066026 -0.536791 -0.7889986 0.2988923 -0.2956239 -0.9134249 0.2797526 0.9584539 0.1546465 -0.2396887 -0.4380833 0.8937394 -0.0965028 -0.7558558 -0.5791951 -0.3053115 0.1363832 0.9906558 0.0007967183 -0.3108662 0.950088 -0.02636349 0.9548065 0.2969493 0.01287033 -0.2536623 0.9672846 0.003984245 0.2502527 -0.9674895 0.03657353 -0.2444581 0.9696596 -0.0006609066 0.02851961 -0.4924555 0.8698702 0.9587877 0.1842989 0.216241 0.2771425 -0.9418787 0.1898858 0.6062999 0.6116776 0.508184 0.293261 0.9191599 0.2629506 -0.7364744 0.4114128 -0.5369776 0.2562612 -0.9665792 -0.007401253 0.1766366 -0.5731062 -0.8002179 0.4700322 0.8826449 -0.002760866 0.5526594 0.1677538 -0.8163493 -0.2591874 0.9658262 0.001265408 -0.2409484 -0.5256634 -0.8158565 -0.4551004 0.5559436 -0.6955648 -0.6071192 0.7349503 -0.3020834 0.3419794 -0.5275502 0.7776509 -0.9428174 -0.3331263 -0.01105831 -0.9423846 -0.3344317 0.008170991 0.8885849 -0.2845296 -0.3598052 0.3640809 0.9112931 0.1923279 -0.1530951 0.9768691 -0.1492939 0.03815148 -0.998793 -0.03093446 0.4603125 -0.8859749 -0.05622241 -0.1934324 -0.8948883 0.4021926 0.3881907 -0.9215754 0.002608523 -0.07199748 -0.914048 0.3991649 0.9538352 -0.2339194 0.1883615 -0.8232762 0.4961 -0.2758643 -0.7755046 0.6311435 -0.01582867 0.08338948 0.5440952 -0.8348692 -0.8109835 -0.5776725 -0.09273757 0.5287553 -0.815398 -0.2356775 0.6236153 -0.7187223 0.3074772 0.1574025 0.7623265 0.6277601 0.783152 0.6217381 0.01070675 0.6712323 -0.7387046 -0.0613403 0.6623665 0.6534394 0.3664527 -0.9760308 0.1027275 -0.1918618 0.0471561 -0.9988831 -0.002961242 -0.2504758 -0.8575869 -0.4492289 0.6086572 0.7932531 -0.01691167 -0.4791328 0.6297982 -0.6113803 -0.05000932 0.9987482 0.001036904 0.04913739 -0.998792 0 -0.595689 -0.8032061 0.003829278 0.01673962 -0.9930698 0.1163274 0.7840883 -0.5414822 -0.3033192 0.1374688 -0.9573672 0.2540676 0.3702039 0.9278986 -0.04419648 0.1464409 0.9882784 -0.04313685 0.6662419 0.745693 0.007984607 -0.6398921 -0.4517915 0.621629 -0.7941844 -0.579945 -0.1814802 0.8191131 -0.3990948 0.4120402 -0.01665832 0.9768527 -0.2132635 0.1080274 -0.9267245 -0.3598774 0.4965346 0.7568292 -0.4250446 -0.8607028 -0.508979 0.01145142 -0.1811636 -0.9832709 0.01892194 0.5413225 0.6391683 0.546291 0.4057572 -0.6025598 0.6872283 0.6626157 0.6271022 0.4094914 -0.1431419 -0.8137293 -0.5633427 0.9192789 -0.2301261 -0.3193247 0.9109857 0.3933493 0.1240217 -0.1160632 0.7813604 0.6131926 -0.08791219 0.96136 -0.26088 -0.3587965 -0.9331228 0.02338647 0.7003806 -0.7135955 0.01576269 -0.2653223 -0.9639481 0.02020046 0.9811248 -0.1932576 -0.00675748 -0.3244706 0.9455297 0.02631417 -0.6286021 -0.7080647 -0.3217201 0.9787835 -0.2019628 -0.03455237 -0.3717179 0.8578894 0.3547557 0.2366091 -0.8086482 -0.5386133 -0.9902596 0.1392331 0.0001870073 0.9903464 -0.138609 -0.001208024 -0.744223 0.462745 -0.4816629 -0.1268415 -0.9916837 0.02178762 0.9892344 -0.1462476 -0.005186068 0.9787698 -0.005452738 -0.2048902 -0.5268652 0.847206 -0.06822764 0.9716357 0.1954941 -0.1330644 0.1800653 -0.9775753 0.1091924 -0.7959594 0.06691591 -0.6016402 0.7090662 0.2832444 0.6457536 -0.4496567 -0.3388181 0.8264449 -0.9905039 0.1374802 0.001122071 0.677144 0.21527 0.7036581 -0.5939297 -0.3160273 0.7398475 -0.6866557 -0.7267149 0.01973297 0.4384223 -0.8013166 -0.4070352 -0.1940522 0.8988071 0.3930515 -0.9485995 -0.051598 0.3122445 -0.09499709 0.9951876 0.02402427 0.2430593 0.72337 0.6462647 -0.3774036 0.926013 0.00815607 -0.6672889 -0.695199 0.2672526 0.9671011 0.2525223 -0.03078779 -0.3214513 0.864843 -0.3856366 -0.4418202 0.8969904 -0.01425133 -0.7519141 -0.235819 -0.6156416 -0.7704819 0.13559 0.6228747 0.7611221 -0.6484396 0.01480597 -0.766811 0.641755 0.01230076 0.3872327 -0.9060035 -0.170905 0.4242197 0.8311355 0.3595155 -0.9685374 0.1838065 -0.1677812 -0.5976526 -0.801755 -0.0005251695 0.7665997 0.2580712 -0.5879831 0.7542534 0.1178597 0.6459186 -0.5407969 0.5000245 0.6763979 -0.2504038 -0.8665744 0.4316791 -0.7256467 -0.5572676 0.403596 0.8562515 0.3163443 -0.4083622 0.142046 0.9769867 -0.1591222 -0.8090758 0.4573481 0.3690923 -0.192303 -0.9811891 -0.01695631 -0.183057 -0.983078 0.006906261 0.1112869 0.9913935 0.06895037 -0.4257882 -0.9038923 0.04102653 0.8958733 0.3344794 0.2924628 -0.4197562 0.8429725 -0.3364552 0.2399404 0.9703547 -0.02898999 -0.8688375 -0.4950377 -0.007689893 0.2205429 0.9753751 0.00206044 -0.7319554 -0.6162584 -0.2906319 -0.6696205 0.5295366 0.5207681 0.7197848 -0.6936864 -0.02662745 -0.2821808 -0.9593137 -0.009546265 -0.3177231 -0.9469304 -0.04873294 -0.4052608 0.8983073 0.1697281 -0.5342756 0.8399463 0.0950775 0.2575305 0.9650352 0.04883654 -0.5381193 -0.8423621 -0.02921974 0.9991507 -0.02614664 0.03184822 0.3057571 0.9050677 -0.2955756 -0.9508078 -0.30421 -0.05848745 0.6572093 -0.6385924 0.4003445 -0.9435613 0.3311957 -0.001206837 -0.2172147 -0.6426252 -0.7347453 -0.6596335 0.6114471 0.437054 -0.1084095 -0.866088 0.4879948 0.9468033 -0.05901647 0.3163551 0.9154438 0.4024228 0.004299236 0.0359969 0.9486135 0.314383 -0.2331749 0.9267866 0.2944418 -0.7277765 -0.6376079 -0.2525817 0.8451752 -0.52467 -0.1019818 0.3313852 0.8871882 -0.3210622 0.4102005 -0.911995 0.0008424153 0.7676946 -0.6402093 -0.02787447 -0.6516146 -0.7584281 0.01360839 0.7283706 -0.6851705 0.004212764 -0.725533 0.6871002 0.03866821 0.721831 -0.6920691 -0.000698814 -0.2735881 0.3853955 0.8812604 -0.7128203 -0.6632466 0.2280156 -0.733229 0.6497958 0.2003512 -0.1863911 -0.8276905 0.5293268 0.2383254 -0.930873 0.2769052 0.8285622 0.0414984 -0.5583571 -0.7301972 0.6831916 -0.007825739 -0.4376462 0.377955 -0.8158528 0.07009653 -0.9975359 -0.002919218 -0.3652692 -0.4193236 -0.8311113 0.7322798 -0.6810025 0.001337988 -0.0720098 0.5521246 -0.8306462 0.6621384 -0.2233474 -0.7153242 0.8997935 -0.2990583 -0.3177039 -0.5505293 0.2566109 0.7943981 0.6222545 0.7827277 -0.01169249 0.6211969 0.7836069 0.008639618 -0.8972876 -0.2287276 -0.3775694 0.1747175 -0.9634825 0.2029168 0.6473738 -0.7456901 -0.1576497 -0.5624108 0.8262108 -0.03270691 -0.8601979 0.5064849 -0.05943606 -0.3080946 0.8530054 0.4212595 -0.8181276 0.5750302 0.002758138 -0.4201782 0.8053592 0.418147 -0.9306096 -0.3073506 0.1987497 0.9567687 0.01641992 -0.290386 0.9922267 -0.1233127 -0.0167363 0.2096513 -0.4858114 -0.8485479 0.3805403 0.9195563 -0.09800696 -0.8780342 0.409099 -0.2483825 -0.9049591 0.2766164 0.3233146 0.2651065 -0.7132398 0.648851 -0.3337553 -0.9425918 0.01132078 -0.9607423 0.2697583 -0.06484418 -0.2128828 -0.89827 0.3844372 0.8798283 0.4300296 -0.2024271 -0.5701218 0.8215542 -0.003131087 -0.2400363 0.8497118 -0.4694385 -0.09483517 -0.9953324 -0.01788137 0.7245372 -0.2735065 -0.6326453 0.5724686 -0.8199259 0.001096378 -0.5717529 0.8204259 0 0.07856322 0.9969009 0.004048909 -0.5408262 0.8321071 0.1229015 -0.9468031 0.04253793 -0.3189896 -0.6222648 0.7356389 0.2676228 0.1787017 -0.9827932 -0.04672606 0.4003706 -0.9152177 -0.04560603 -0.1688833 -0.9855999 0.008442545 0.2958691 0.7065978 0.6427916 0.3645817 0.9112635 -0.1915175 -0.8970995 -0.09554636 0.4313737 0.5311583 -0.8168807 -0.2248929 -0.5790066 0.7225901 -0.3776439 -0.01894072 -0.8954751 -0.4447084 0.4593273 0.8881846 0.01210814 -0.3683205 0.9294836 0.02000681 -0.1174979 -0.8147972 0.5677145 -0.6459434 0.2874312 0.707206 -0.2265224 -0.8745597 0.4287573 -0.304912 0.7516863 -0.5848046 -0.8958812 -0.2911212 -0.3356269 -0.5628069 -0.8161392 0.1310163 0.5020558 -0.5877283 0.634441 0.5824147 -0.7650555 -0.2747421 -0.191157 0.981248 0.02472704 -0.9723187 0.2330636 0.01666654 -0.2867389 0.9577707 0.02135858 -0.9341006 -0.3569383 -0.007145047 0.7768052 -0.629126 0.02782233 0.1560045 0.9280848 -0.3381143 -0.9366732 -0.3482941 -0.0365316 0.7647081 -0.5259068 0.3723487 -0.6192124 0.5504308 -0.5600017 0.9131718 0.4075749 0.0001977334 -0.9129141 -0.4081498 -0.001277312 0.8645971 0.002767781 -0.5024581 -0.4188212 0.9077765 0.02303664 -0.9160244 -0.4010851 -0.005483514 -0.8303759 -0.5135889 -0.2161073 0.8959411 -0.4382785 -0.07212115 -0.7189807 -0.6806706 -0.1405498 -0.6709856 0.7324392 0.1153742 0.6954178 0.3581718 -0.6229824 -0.4399289 -0.6017661 0.6665884 0.1936185 0.5058239 0.8406272 0.9124484 0.4091901 0.001186429 -0.4467783 -0.5266733 0.7231904 0.3253003 0.5651048 0.7581796 0.1962533 0.9803312 0.02086431 -0.7891962 0.442146 -0.426235 0.635737 -0.6528484 0.4118584 0.7721512 0.5440779 0.3282708 0.6086866 -0.793004 0.02540136 0.1736989 -0.7244432 0.6670912 0.8113375 -0.5845144 0.008623841 0.1957477 0.9394137 0.2813979 -0.6855823 -0.727267 -0.03255185 0.7251189 -0.5574994 -0.404224 0.8505218 -0.5257238 -0.01506856 0.5010269 0.5859803 -0.6368666 0.7089238 0.287508 0.6440234 -0.9892189 0.1456051 0.01565499 0.9904966 -0.136921 0.01300617 -0.8076605 0.5613746 -0.1803969 0.08097038 -0.9225569 0.3772699 0.9168972 0.357675 -0.1771107 0.08099759 0.9967141 -0.0005552914 -0.5025951 -0.6132113 -0.6094014 -0.5630055 -0.4883321 0.6667507 0.7049493 -0.1332096 0.696636 -0.2450292 0.8579668 0.4515016 0.3162132 0.8493129 0.4227018 -0.5523904 -0.7155592 -0.4275978 0.3975528 -0.902069 -0.1679981 0.9210784 0.041468 0.3871627 -0.3577763 0.9336352 -0.01792856 -0.3666202 0.930342 0.00730236 0.4317408 -0.8990482 0.07288468 -0.1188599 0.9919632 0.04337537 -0.5788405 -0.7551632 0.3076885 0.797851 -0.4884075 -0.3534006 0.3116425 -0.9497049 -0.03065124 0.4736229 0.8806902 -0.008130931 0.3307624 -0.9437115 0.002178619 0.2918245 0.906276 -0.3057814 0.8353131 -0.09193808 0.5420327 -0.9781709 0.2058861 -0.02815353 -0.2699965 0.9628084 -0.01009375 -0.2332698 0.9710462 -0.05152088 0.8188552 -0.545324 0.1791589 0.8981357 -0.4280848 0.1004772 -0.4760902 0.8775406 0.05710161 0.1881552 -0.9815446 -0.0341745 0.743517 0.6676789 0.03724759 -0.9463384 -0.2999087 0.1204093 0.396914 -0.5988773 -0.6955611 0.7617426 -0.2931942 -0.5777416 0.538127 0.7095235 0.4549678 -0.9982933 0.02288778 -0.05372798 -0.9981213 0.019462 -0.0580962 -0.7995185 0.5987433 -0.04771398 0.9008188 -0.3325695 -0.2791471 0.8150743 -0.2420379 0.5263758 -0.4410644 0.8974739 0.001675866 0.8588548 -0.5075817 -0.06876955 -0.4183323 0.8305682 -0.3676336 -0.5471287 -0.6866354 0.4787296 0.8572164 -0.4924175 0.1506817 0.7544664 0.1678118 -0.6345232 -0.3881998 0.6656667 -0.6373294 -0.5297869 -0.8481034 -0.006817447 0.06453642 0.4312071 0.8999419 0.5444258 0.838809 0 -0.9230351 0.3844406 0.01454669 -0.0009531651 0.9449158 0.327312 -0.8094188 0.4293505 -0.4006237 0.6076929 0.485123 0.6287806 -0.5895309 -0.07292842 -0.8044469 -0.7484355 0.6629684 -0.01781101 0.107821 -0.7391594 -0.6648443 0.7857257 0.00259717 -0.6185697 0.5677884 0.1580523 0.8078588 -0.7488356 0.6624104 0.02139426 0.634794 -0.7694367 0.07073676 -0.8414936 0.01858946 0.5399471 0.41319 -0.8357521 -0.3616524 0.496629 0.846465 -0.1919809 -0.8710318 -0.4897717 -0.03777975 -0.2142766 0.733315 -0.64524 0.6982791 -0.2043708 0.6860312 -0.5466983 -0.07716372 0.8337666 0.8258451 0.5322086 0.1863704 -0.7217907 0.6918524 0.01893212 -0.4043194 0.7368361 -0.5418471 0.9500645 0.04937036 0.3081233 0.680312 0.7187092 -0.1436406 -0.5518802 -0.8339053 -0.005491515 -0.6355992 -0.1628961 -0.754638 0.304659 0.8997921 -0.3123412 0.2769754 -0.6827299 0.6761394 0.217651 0.8582855 0.4647301 -0.6618322 -0.6983577 0.2725339 -0.01928839 -0.9998139 -0.000163085 -0.1814842 0.7142102 0.6759936 -0.8539267 0.4358552 0.2843226 -0.7227582 -0.4572267 -0.5182319 0.9990398 0.009958878 -0.04266396 0.6597832 -0.6422938 -0.3900573 -0.9914352 0.07569318 -0.1064276 0.7339885 0.3922102 -0.5544656 -0.9645479 0.1834568 -0.1897129 0.7952377 -0.5592295 -0.2342209 -0.9627198 0.1822455 0.1998926 -0.8096154 -0.2284256 0.540689 0.5703166 -0.6921455 0.44235 -0.4038071 0.902368 -0.1505719 -0.480542 -0.7391836 0.4718972 0.9375485 -0.1722154 -0.3022326 -0.9114225 0.4112923 0.01214953 0.5558321 -0.8307918 -0.0289089 -0.4077694 0.8505178 -0.33218 0.1578248 -0.9688659 0.1907622 0.6181502 0.6866612 0.3826051 -0.5426688 -0.8396514 -0.02227287 0.535535 0.8445131 0 0.8331324 -0.1655812 -0.5277056 0.7539336 -0.2294321 -0.6155851 0.5021017 0.862356 0.06508445 -0.717932 -0.505331 0.4787633 0.6852487 -0.3151711 0.6565831 -0.196906 0.5619638 0.8033833 -0.7969864 -0.3286522 0.5067548 0.3366545 -0.4576494 -0.8229342 0.430668 0.8017522 0.4143893 0.7835444 0.6183968 -0.06036226 -0.7763728 -0.1129421 -0.6200721 0.8521769 -0.5232538 7.289387e-05 0.8035573 0.5951732 0.00803685 0.8114192 0.5838302 -0.02722278 0.7772812 -0.5890336 0.2210733 -0.8665359 0.4984892 0.02498216 -0.433082 -0.9013158 -0.00835786 0.9964989 0.07701333 0.03254061 -0.9566497 -0.1951385 0.2161996 0.2385693 0.754526 0.6113716 -0.7895687 0.6101018 0.06600718 -0.9931115 0.02356926 0.1147782 -0.8172307 0.5757763 -0.02480982 -0.9237611 -0.2207582 0.3129396 0.9893582 -0.03512054 -0.1411979 0.2062093 0.8567244 -0.4727589 0.5909301 0.8038487 -0.06803521 0.9297051 -0.3681561 -0.01046556 0.3920622 0.912822 -0.1142067 -0.5182592 -0.8551967 -0.006788628 -0.4971466 -0.8640917 0.07868159 0.6993722 0.2364738 0.6745062 -0.789779 -0.1468967 -0.5955422 -0.0114174 -0.9545335 -0.297885 0.6391305 -0.7402509 0.2086643 0.4988971 0.8523361 -0.156923 0.7592955 -0.6507242 -0.005315962 0.04685336 0.7144021 -0.698165 -0.05211411 0.6207745 0.7822552 -0.5225394 0.01716393 0.8524423 -0.09723674 -0.4385638 0.8934242 -0.698187 -0.7153512 0.02841771 -0.8413548 -0.1338334 0.5236514 0.4505641 -0.8065378 -0.3827384 0.3810717 0.9184785 -0.105743 -0.02185232 -0.9995567 -0.02022073 -0.2304909 -0.391617 -0.8907919 -0.8769866 -0.4805123 0.001578419 0.6396342 0.02842605 -0.7681537 -0.1168381 0.5568449 -0.822358 -0.4022975 -0.6991988 0.5909972 -0.768833 -0.6026173 0.2138885 0.1804424 0.3183349 0.9306468 -0.8627829 0.2681325 -0.4286148 -0.4578582 -0.8340442 0.3077924 0.3260195 -0.7661036 0.5538922 -0.5568803 -0.8304481 -0.01550119 -0.9440664 0.329196 -0.01919744 0.5271654 -0.6144753 -0.5869555 -0.6900622 -0.3148714 0.6516672 0.0228323 0.9996865 0.01027255 -0.1999039 -0.7039809 -0.6815052 0.8535162 -0.4515258 -0.2600666 0.9306054 0.1782498 0.3196883 -0.1744056 0.6306286 0.7562342 -0.530529 0.8445191 -0.0729832 -0.4398401 -0.7688255 0.4641638 0.9365821 -0.02362666 -0.349651 -0.7185373 0.4535078 -0.5272901 -0.3736917 -0.9126472 -0.1656186 0.8111226 0.1145169 0.5735556 -0.6731542 -0.4603011 -0.57878 -0.08341216 0.6394243 -0.7643161 0.9853494 0.1705085 0.003666831 -0.7041114 0.7006938 0.1151318 -0.8024929 -0.4456957 0.3966868 0.4436287 -0.3576025 -0.8217749 0.3922196 0.8014257 0.4515315 0.8222383 -0.562031 -0.08969566 0.9690044 0.2470344 0.002098262 0.8082088 0.5887072 -0.01490897 -0.7074432 -0.06121494 0.7041143</float_array>
          <technique_common>
            <accessor source="#normals-array" count="2028" stride="3">
              <param name="X" type="float" />
              <param name="Y" type="float" />
              <param name="Z" type="float" />
            </accessor>
          </technique_common>
        </source>
        <source id="uv">
          <float_array id="uv-array" count="12168">-12.21588 -0.3082528 -12.21567 0.328618 -12.2071 0.3287929 -12.19282 -0.3090532 -12.2045 0.3284366 -12.22705 -0.3093725 -12.21588 -0.3082528 -12.2071 0.3287929 -12.19282 -0.3090532 -12.21895 0.08082924 -12.27965 0.4847908 -12.20727 0.08609358 -12.20614 0.08133828 -12.27739 0.4844816 -12.28078 0.4833878 23.48923 0.08609358 23.34087 0.4844816 23.47719 0.08133828 -12.20727 0.08609358 -12.27965 0.4847908 -12.27739 0.4844816 -12.29387 0.5902658 -12.16677 0.4586078 -12.2778 0.6014721 -12.28112 0.5892525 -12.28079 0.3640554 -12.29387 0.5902658 23.34181 0.5902658 23.33995 0.3640554 23.34234 0.3778429 -12.16677 0.4586078 -12.27933 0.3764445 -12.28079 0.3640554 -12.21439 23.49 -12.01058 23.57948 -12.01096 23.58232 -12.2065 0.1504292 -12.01058 0.2569276 -12.21198 0.1640081 -12.2065 23.47953 -12.01096 23.58232 -12.00928 23.57975 -12.00986 0.3831861 -11.87835 0.2875074 -12.00865 0.3968809 23.58078 0.3902288 23.57971 0.3968809 23.46588 0.2601592 -12.00865 0.3968809 -11.87835 0.2875074 -12.09076 0.2601592 23.58078 0.3902288 23.46588 0.2601592 23.7109 0.2668974 -12.00986 0.3831861 -12.0549 0.2668974 -11.87835 0.2875074 -12.12701 23.57693 -11.96702 23.58446 -12.0549 23.7109 -12.12701 23.57693 -12.09076 23.46588 -12.01041 23.58066 -11.96702 0.1339466 -12.01041 0.1285308 -12.01024 0.1341747 23.46588 0.2601592 23.58051 0.1447408 23.58066 0.1285308 23.47648 0.07720441 23.57469 0.2930558 23.4874 0.07277143 -12.206 23.48308 -12.45153 23.57503 -12.45327 23.57218 -12.21394 0.07277143 -12.45153 0.2959982 -12.206 0.08528713 -12.45291 23.574 -12.54828 23.65274 -12.32442 23.72212 23.72212 0.3189928 23.4755 0.3098313 23.57398 0.4076683 23.4755 0.3098313 23.72212 0.3189928 23.56352 0.1737984 23.4755 0.3098313 23.56352 0.1737984 23.57377 0.1807575 -12.54828 23.65274 -12.45289 23.57407 -12.32442 23.72212 23.4755 0.3098313 23.57377 0.1807575 23.65274 0.2864678 -12.54828 0.2864678 -12.45353 0.1807575 -12.45289 0.2027623 -12.2062 0.04862193 -12.08774 0.3050846 -12.21791 0.05628863 23.47939 0.04862193 23.2654 0.3069956 23.26286 0.3050846 23.26482 0.4605712 23.26078 0.3640646 23.39115 0.3037391 23.26131 0.4005842 23.23214 0.1640811 23.26078 0.3640646 23.26131 0.4005842 23.39115 0.3037391 23.23214 0.1640811 23.39115 0.3037391 23.26078 0.3640646 23.26434 0.167161 23.26394 0.1573642 23.26434 0.167161 23.26078 0.3640646 -12.21558 0.1167865 -12.1573 0.4911778 -12.15484 0.4902314 23.47684 0.1250546 23.72429 0.4911778 23.48813 0.1167865 23.72357 0.5743982 23.58136 0.4754329 23.72158 0.6073749 23.72357 0.5743982 23.72375 0.5927572 23.58136 0.4754329 23.72375 0.5927572 23.72299 0.4538158 23.58136 0.4754329 23.58136 0.4754329 23.72398 0.4315382 23.72158 0.6073749 -12.15433 0.5927572 -12.15031 0.436958 -12.15467 0.4538158 23.58136 0.4754329 23.72299 0.4538158 23.72398 0.4315382 23.48593 0.0839482 23.39575 0.504657 23.39926 0.5056937 23.47547 0.0847229 23.39575 0.504657 23.48593 0.0839482 -12.20958 0.0847229 -12.35269 0.5058898 -12.35523 0.504657 23.39739 0.6404579 23.23708 0.4855629 23.39766 0.6662443 -12.31951 0.5944769 -12.38693 0.4855629 -12.35439 0.6404579 23.39766 0.6662443 23.23708 0.4855629 23.55845 0.4881861 23.3849 0.5944769 23.39805 0.3561736 23.23708 0.4855629 23.55845 0.4881861 23.39762 0.3544793 23.39753 0.3774064 23.47501 0.01643562 23.45121 0.5119556 23.48933 0.01838097 -12.21322 0.01643562 -11.95615 0.5103163 -11.959 0.5119556 -12.21476 0.01838097 -11.95741 0.511245 -12.20441 0.01185865 23.32597 0.5697234 23.45336 0.5850726 23.45248 0.6302307 -11.87702 0.4979807 -11.95774 0.4216286 -11.94906 0.3972044 23.48375 0.08633272 23.65165 0.3767802 23.6544 0.3760553 -12.2071 0.09580041 -12.34296 0.3767802 -12.21746 0.08633272 -12.2071 0.09580041 -12.33973 0.3778758 -12.34296 0.3767802 23.4882 0.0897147 23.65257 0.3778758 23.47809 0.09580041 -12.34143 0.4959324 -12.48026 0.3548363 -12.24661 0.3661755 -12.34143 0.4959324 -12.34335 0.4999774 -12.48026 0.3548363 23.48752 0.3080509 23.7787 0.3548363 23.65218 0.4999774 23.52684 0.4384647 23.77645 0.3661755 23.48752 0.3080509 23.48752 0.3080509 23.65279 0.2439809 23.65277 0.2597367 23.48752 0.3080509 23.65277 0.2597367 23.65278 0.2409932 -12.20677 -0.0148126 -12.22898 0.492313 -12.21838 -0.01251973 23.48981 -0.007859418 23.25011 0.493461 23.47684 -0.0148126 -12.20795 -0.007859418 -12.22983 0.4939903 -12.22666 0.493461 23.24987 0.5983413 23.32155 0.6077189 23.24987 0.5990358 -12.22583 0.6342796 -12.19106 0.4538308 -12.2795 0.4837975 23.17886 0.4837975 23.25079 0.3975619 23.32155 0.6077189 -12.2795 0.4837975 -12.19106 0.4538308 -12.22865 0.368982 23.51081 -0.3082528 23.47974 -0.3093725 23.47196 0.328618 -12.22705 -0.3093725 -12.2045 0.3284366 -12.21567 0.328618 23.49289 -0.3090532 23.47881 0.3287929 23.46887 0.3284366 23.48212 0.08082924 23.33987 0.4833878 23.3427 0.4847908 -12.21895 0.08082924 -12.20614 0.08133828 -12.28078 0.4833878 -12.2778 0.6014721 -12.16677 0.4586078 -12.28112 0.5892525 -12.29387 0.5902658 -12.27985 0.3778429 -12.16677 0.4586078 -12.28112 0.5892525 -12.16677 0.4586078 -12.28079 0.3640554 -12.16677 0.4586078 -12.27985 0.3778429 -12.27933 0.3764445 -12.21439 23.49 -12.21198 23.47912 -12.01058 23.57948 -12.2065 0.1504292 -12.00928 0.2535088 -12.01058 0.2569276 -12.2065 23.47953 -12.21439 23.49 -12.01096 23.58232 23.58115 0.3831861 23.58078 0.3902288 23.7109 0.2668974 23.46588 0.2601592 23.57693 0.1839953 23.7109 0.2668974 -11.87835 0.2875074 -11.96702 0.1339466 -12.09076 0.2601592 23.5202 0.2875074 23.7109 0.2668974 23.58446 0.1339466 -12.09076 23.46588 -11.96702 23.58446 -12.01028 23.58051 -11.96702 0.1339466 -12.01024 0.1341747 -12.01028 0.1447408 -11.96702 0.1339466 -12.12701 0.1839953 -12.01041 0.1285308 23.47648 0.07720441 23.57218 0.295125 23.57469 0.2930558 -12.21469 0.07720441 -12.206 0.08528713 -12.45327 0.295125 -12.21394 0.07277143 -12.4539 0.2930558 -12.45153 0.2959982 23.574 0.3925449 23.57398 0.4076683 23.4755 0.3098313 23.57398 0.4076683 23.574 0.3850803 23.72212 0.3189928 -12.45291 0.3850803 -12.45289 0.3925449 -12.54828 0.2864678 23.574 0.3925449 23.4755 0.3098313 23.65274 0.2864678 -12.32442 0.3189928 -12.45289 0.2027623 -12.45177 0.1737984 -12.20901 23.48899 -12.21791 23.48036 -12.08928 23.26485 23.48036 0.05628863 23.26286 0.3050846 23.26485 0.3079863 23.47939 0.04862193 23.48899 0.05998094 23.2654 0.3069956 -12.20901 0.05998094 -12.08928 0.3079863 -12.08656 0.3069956 23.26482 0.4605712 23.39115 0.3037391 23.26131 0.4005842 23.26078 0.3640646 23.23214 0.1640811 23.26394 0.1573642 23.23214 0.1640811 23.39115 0.3037391 23.26434 0.167161 23.47684 0.1250546 23.72202 0.4924642 23.72429 0.4911778 23.47684 0.1250546 23.48414 0.1176859 23.72202 0.4924642 23.48414 0.1176859 23.72497 0.4902314 23.72202 0.4924642 -12.20338 0.1176859 -12.21558 0.1167865 -12.15484 0.4902314 -12.15433 0.5927572 -12.15914 0.6073749 -12.15031 0.436958 -12.15031 0.436958 -12.15914 0.6073749 -12.15979 0.4315382 23.47547 0.0847229 23.48478 0.08922549 23.39665 0.5058898 23.48478 0.08922549 23.39926 0.5056937 23.39665 0.5058898 -12.20384 0.08922549 -12.21767 0.0839482 -12.35472 0.5056937 23.39766 0.6662443 23.55845 0.4881861 23.3849 0.5944769 23.23708 0.4855629 23.39762 0.3544793 23.55845 0.4881861 23.3849 0.5944769 23.55845 0.4881861 23.39805 0.3561736 23.39805 0.3561736 23.55845 0.4881861 23.39753 0.3774064 -12.3559 23.39762 -12.38693 23.23708 -12.35207 23.39805 23.48933 0.01838097 23.45121 0.5119556 23.45446 0.511245 -12.21322 0.01643562 -12.20441 0.01185865 -11.95615 0.5103163 23.48466 0.01185865 23.45446 0.511245 23.45196 0.5103163 23.45336 0.5850726 23.57067 0.4979807 23.45258 0.6224876 23.45248 0.6302307 23.45258 0.6224876 23.32597 0.5697234 23.45258 0.6224876 23.57067 0.4979807 23.32597 0.5697234 23.57067 0.4979807 23.45336 0.5850726 23.45964 0.4103309 23.32597 0.5697234 23.57067 0.4979807 23.44347 0.3972044 -11.96013 0.5850726 -11.94906 0.3972044 -11.96575 0.4103309 23.45336 0.5850726 23.32597 0.5697234 23.44347 0.3972044 23.57067 0.4979807 23.45964 0.4103309 23.4525 0.4216286 23.4882 0.0897147 23.6544 0.3760553 23.65257 0.3778758 -12.2054 0.0897147 -12.21746 0.08633272 -12.34075 0.3760553 23.65274 0.5065239 23.65276 0.4959324 23.77645 0.3661755 23.65218 0.4999774 23.65274 0.5065239 23.52684 0.4384647 23.65274 0.5065239 23.77645 0.3661755 23.52684 0.4384647 -12.26114 0.4384647 -12.32966 0.3080509 -12.34335 0.4999774 23.48752 0.3080509 23.77645 0.3661755 23.65279 0.2439809 -12.24661 23.77645 -12.48026 23.7787 -12.34123 23.65279 -12.48026 0.3548363 -12.34141 0.2409932 -12.34123 0.2439809 23.7787 0.3548363 23.48752 0.3080509 23.65278 0.2409932 -12.20795 -0.007859418 -12.21838 -0.01251973 -12.22983 0.4939903 23.48197 -0.01251973 23.24816 0.492313 23.25133 0.4939903 23.47684 -0.0148126 23.25011 0.493461 23.24816 0.492313 23.24987 0.5990358 23.32155 0.6077189 23.24925 0.6342796 23.24987 0.5983413 23.17886 0.4837975 23.32155 0.6077189 23.24987 0.5983413 23.24925 0.6342796 23.17886 0.4837975 23.32155 0.6077189 23.25848 0.4538308 23.24925 0.6342796 -12.24494 0.6077189 -12.23166 0.3975619 -12.19106 0.4538308 23.25079 0.3975619 23.17886 0.4837975 23.24999 0.368982 23.11242 -0.2217147 23.08951 0.3248871 23.09972 0.3250372 23.11832 -0.2224017 23.09569 0.3247314 23.08597 -0.2226757 -12.44293 -0.2217147 -12.41477 0.3250372 -12.4164 -0.2224017 23.09628 0.1452839 23.13398 0.3990491 23.13071 0.3989949 23.10651 0.1413832 23.13398 0.3990491 23.09628 0.1452839 -12.42001 0.1413832 -12.542 0.3980167 -12.53959 0.3990491 23.13232 0.5095984 23.01092 0.4044909 23.12621 0.4318396 -12.41543 0.3783192 -12.56127 0.4044909 -12.54078 0.5095984 23.01092 0.4044909 23.13224 0.2721372 23.12621 0.4318396 -12.41543 0.3783192 -12.54074 0.2891526 -12.56127 0.4044909 -12.41543 0.3783192 -12.54053 0.3044117 -12.54074 0.2891526 -12.41543 0.3783192 -12.54178 0.2721372 -12.54053 0.3044117 -12.54124 0.4189122 -12.54178 0.2721372 -12.41543 0.3783192 23.10032 0.04967191 23.00978 0.4911719 23.01241 0.491503 23.09245 0.0472538 23.00978 0.4911719 23.10032 0.04967191 -12.42721 0.04967191 -12.36651 0.491503 -12.41382 0.04858154 23.01067 0.5617545 22.87677 0.4913911 23.01065 0.5796296 -12.36652 23.01067 -12.21203 23.06825 -12.32583 22.87677 -12.36652 0.5617545 -12.36656 0.5764915 -12.21203 0.4781172 -12.36656 0.5764915 -12.3666 0.5796296 -12.506 0.4799203 23.01065 0.5796296 22.87677 0.4913911 23.07475 0.4799203 -12.506 0.4799203 -12.36657 0.4130081 -12.36653 0.4052804 22.87677 0.4913911 23.01064 0.4216027 23.01067 0.4130081 -12.41327 23.09749 -12.39959 23.26926 -12.42678 23.09921 23.10243 0.2109712 23.27056 0.3044447 23.09749 0.2193473 -12.41807 23.10243 -12.40211 23.27052 -12.39902 23.27056 -12.40017 23.27015 -12.41752 23.41913 -12.27951 23.25208 23.2706 0.4173773 23.41913 0.3203667 23.27015 0.4005644 -12.27951 0.3445836 -12.4893 0.2771951 -12.40149 0.4173773 -12.27951 0.3445836 -12.38824 0.1906649 -12.4893 0.2771951 -12.42196 0.1835572 -12.52874 0.4618623 -12.53119 0.4613445 23.1029 0.1891996 23.02478 0.4627301 23.02152 0.4618623 -12.42606 0.1847031 -12.52881 0.4627301 -12.4146 0.1891996 23.13559 0.4305061 22.96479 0.4188116 23.02235 0.6005079 -12.63558 0.4277999 -12.52954 0.3476447 -12.52957 0.3372734 23.10575 0.1114488 23.08655 0.4098925 23.08954 0.4099827 -12.42194 0.1098685 -12.21641 0.4083247 -12.21885 0.4098925 -12.42355 0.1114488 -12.21641 0.4083247 -12.41415 0.1049459 23.0881 0.490004 23.12763 0.3996507 23.08957 0.499984 -12.21801 0.490004 -12.30865 0.4457159 -12.19399 0.3996507 23.08957 0.499984 22.97936 0.3989425 23.08808 0.4969697 -12.30865 0.4457159 -12.21792 0.3179072 -12.19399 0.3996507 22.97936 0.3989425 23.08777 0.3179072 23.14607 0.4457159 23.0968 0.4058215 23.08777 0.3179072 22.97936 0.3989425 23.10539 0.1026223 23.22741 0.2601818 23.09467 0.1086861 -12.41523 0.1026223 -12.54411 0.2584539 -12.54159 0.2601818 -12.54306 23.22652 -12.44743 23.32313 -12.47876 23.10635 -12.54306 23.22652 -12.70344 23.25346 -12.44743 23.32313 -12.5431 0.3383607 -12.54316 0.3333104 -12.70344 0.2689324 23.22652 0.3368955 23.10635 0.3013641 23.22652 0.3333104 -12.54316 23.22652 -12.47876 23.10635 -12.70344 23.25346 23.22664 0.174299 23.22652 0.1975317 23.32313 0.2917184 -12.54178 0.1865304 -12.54306 0.174299 -12.70344 0.2689324 -12.4174 0.01043325 -12.4221 0.2599943 -12.4251 0.2591913 23.10298 0.01874545 22.84923 0.2599943 23.09483 0.01043325 -12.42761 23.1003 -12.4249 22.85058 -12.41469 23.10298 -12.42388 0.3530999 -12.34226 0.2585526 -12.42426 0.3675986 -12.43579 0.2691815 -12.34226 0.2585526 -12.42388 0.3530999 22.82051 0.2077445 22.84927 0.1600095 22.84126 0.2691815 23.09367 0.08002771 23.20134 0.3974506 23.20419 0.3969033 -12.4125 0.07555317 -12.33872 0.3974506 -12.42306 0.08002771 -12.4125 0.07555317 -12.34021 0.3969033 -12.33711 0.3965033 -12.33881 23.20305 -12.41166 23.19031 -12.31475 23.32774 23.32774 0.3984446 23.22532 0.3504409 23.20266 0.5089044 23.19031 0.4823526 23.20649 0.3160509 23.32774 0.3984446 23.20649 0.3160509 23.2031 0.2898363 23.32774 0.3984446 23.09343 0.02398252 23.08579 0.4958157 23.10539 0.02449335 -12.41289 0.02879893 -12.62009 0.4958777 -12.42382 0.02398252 -12.41289 0.02879893 -12.62049 0.4958157 -12.6179 0.4968562 -12.61952 0.5973879 -12.4883 0.4958315 -12.62037 0.5573727 23.237 0.5074043 23.08229 0.5573727 23.08495 0.3887254 -12.4883 0.4958315 -12.61946 0.3768244 -12.62037 0.5573727 -12.65117 23.237 -12.62027 23.08495 -12.4883 23.09158 23.08326 0.3768244 23.08495 0.3887254 23.08229 0.5573727 -12.4883 0.4958315 -12.61953 0.4165772 -12.61946 0.3768244 23.11242 -0.2217147 23.08597 -0.2226757 23.08951 0.3248871 -12.42728 -0.2226757 -12.4061 0.3247314 -12.41495 0.3248871 -12.4164 -0.2224017 -12.41477 0.3250372 -12.4061 0.3247314 23.09806 0.1393816 23.13071 0.3989949 23.13326 0.3980167 -12.42658 0.1393816 -12.41439 0.1452839 -12.54059 0.3989949 23.10651 0.1413832 23.09806 0.1393816 23.13326 0.3980167 -12.54124 0.4189122 -12.41543 0.3783192 -12.54078 0.5095984 23.12621 0.4318396 23.13224 0.2721372 23.18519 0.4189122 23.13224 0.2721372 23.01092 0.4044909 23.13229 0.2891526 -12.42008 0.0472538 -12.36544 0.4907475 -12.36808 0.4911719 23.09245 0.0472538 23.10299 0.04858154 23.00925 0.4907475 23.10299 0.04858154 23.01241 0.491503 23.00925 0.4907475 -12.36656 0.5764915 -12.506 0.4799203 -12.21203 0.4781172 -12.21203 0.4781172 -12.36653 0.4052804 -12.36653 0.4216027 -12.21203 0.4781172 -12.506 0.4799203 -12.36653 0.4052804 -12.506 23.07475 -12.32583 22.87677 -12.36657 23.01067 -12.32583 22.87677 -12.21203 23.06825 -12.36653 23.01064 -12.42678 23.09921 -12.39959 23.26926 -12.40211 23.27052 23.09749 0.2193473 23.27056 0.3044447 23.26926 0.3070648 23.10243 0.2109712 23.09921 0.2189695 23.27052 0.305218 -12.40027 0.3876979 -12.40017 0.4005644 -12.27951 0.3445836 -12.40027 0.3876979 -12.27951 0.3445836 -12.40149 0.4173773 23.2706 0.4173773 23.27011 0.2771951 23.41913 0.3203667 -12.27951 0.3445836 -12.39884 0.1831529 -12.38824 0.1906649 23.25208 0.3445836 23.41913 0.3203667 23.2704 0.1831529 23.41913 0.3203667 23.27011 0.2771951 23.2704 0.1831529 23.10287 0.1847031 23.09286 0.1835572 23.02316 0.4613445 23.09286 0.1835572 23.1029 0.1891996 23.02152 0.4618623 -12.42606 0.1847031 -12.53119 0.4613445 -12.52881 0.4627301 23.02315 0.580801 23.13559 0.4305061 23.02235 0.6005079 23.02315 0.580801 23.0263 0.5943725 23.13559 0.4305061 23.0263 0.5943725 23.02235 0.6005079 22.99557 0.4277999 -12.53209 0.5943725 -12.63558 0.4277999 -12.4597 0.4305061 -12.52886 0.6005079 -12.41666 0.4188116 -12.63558 0.4277999 -12.63558 0.4277999 -12.52962 0.3429138 -12.4597 0.4305061 -12.41666 22.96479 -12.4597 23.13559 -12.52954 23.02318 23.13559 0.4305061 23.02322 0.3429138 23.02318 0.3476447 -12.63558 0.4277999 -12.52957 0.3372734 -12.52962 0.3429138 -12.63558 0.4277999 -12.41666 0.4188116 -12.52954 0.3476447 23.10575 0.1114488 23.09243 0.1098685 23.08655 0.4098925 -12.42194 0.1098685 -12.41415 0.1049459 -12.21641 0.4083247 -12.42355 0.1114488 -12.21882 0.4099827 -12.21641 0.4083247 -12.21801 0.490004 -12.21801 0.4969697 -12.30865 0.4457159 -12.30865 23.14607 -12.21801 23.08808 -12.27548 22.97936 23.08957 0.499984 23.0968 0.4058215 22.97936 0.3989425 23.08957 0.499984 23.12763 0.3996507 23.0968 0.4058215 23.09792 0.1000863 23.22503 0.2601921 23.22712 0.2584539 -12.42617 0.1000863 -12.41855 0.1086861 -12.54404 0.2601921 -12.41855 23.09467 -12.54159 23.22741 -12.54404 23.22503 -12.41523 23.10539 -12.42617 23.09792 -12.54411 23.22712 -12.54306 0.3368955 -12.5431 0.3383607 -12.70344 0.2689324 -12.47876 0.3013641 -12.54178 0.1865304 -12.70344 0.2689324 23.10635 0.3013641 23.32313 0.2917184 23.22318 0.1865304 -12.44743 0.2917184 -12.70344 0.2689324 -12.54306 0.174299 -12.54178 0.1865304 -12.44743 0.2917184 -12.54306 0.1975317 23.1003 0.01582468 22.84849 0.2591913 22.85058 0.2613157 23.1003 0.01582468 23.09483 0.01043325 22.84849 0.2591913 -12.41469 23.10298 -12.4249 22.85058 -12.4221 22.84923 -12.42426 0.3675986 -12.41557 0.2077445 -12.43579 0.2691815 22.84755 0.3675986 22.92902 0.2585526 22.82051 0.2077445 -12.34226 0.2585526 -12.43579 0.2691815 -12.42431 0.1600095 22.82051 0.2077445 22.92902 0.2585526 22.84946 0.171382 -12.34226 0.2585526 -12.42431 0.1600095 -12.42401 0.171382 23.10507 0.07675973 23.09367 0.08002771 23.20419 0.3969033 23.09931 0.07555317 23.20301 0.3965033 23.20134 0.3974506 -12.4125 0.07555317 -12.42466 0.07675973 -12.34021 0.3969033 23.20266 0.5089044 23.20305 0.48299 23.32774 0.3984446 -12.33881 0.48299 -12.33882 0.4887974 -12.41166 0.4823526 -12.33882 0.4887974 -12.33847 0.5089044 -12.41166 0.4823526 -12.33847 0.5089044 -12.32636 0.350035 -12.41166 0.4823526 -12.32636 0.350035 -12.33847 0.5089044 -12.20915 0.3504409 23.19031 0.4823526 23.14894 0.350035 23.20649 0.3160509 -12.31475 23.32774 -12.33883 23.2031 -12.20915 23.22532 -12.20915 23.22532 -12.33883 23.2031 -12.32636 23.14894 23.09343 0.02398252 23.08244 0.4958777 23.08579 0.4958157 -12.41289 0.02879893 -12.6179 0.4968562 -12.62009 0.4958777 -12.41289 0.02879893 -12.42352 0.02449335 -12.62049 0.4958157 -12.61952 0.5973879 -12.61949 0.6100999 -12.4883 0.4958315 -12.61949 23.08428 -12.65117 23.237 -12.4883 23.09158 23.08428 0.6100999 23.08229 0.5573727 23.237 0.5074043 -12.4883 0.4958315 -12.62027 0.3887254 -12.61953 0.4165772 23.93556 -0.4014131 23.89476 0.2673928 23.90435 0.2675764 -12.0631 -0.4022537 -12.0687 0.2672023 -12.09544 -0.4025889 -12.09234 -0.4014131 -12.0742 0.2675764 -12.0631 -0.4022537 23.9164 -0.02370034 23.79919 0.4831583 23.80217 0.4835123 -12.07314 -0.0277887 -12.01269 0.4831583 -12.08679 -0.02531728 23.9164 -0.02370034 23.79923 0.4825896 23.90205 -0.0277887 -12.05626 23.82199 -11.94485 23.97033 -12.01064 23.80014 23.80004 0.6175628 23.97033 0.5182249 23.67702 0.4334392 -11.94485 23.97033 -12.08327 23.89119 -12.01034 23.80028 -12.05626 0.5544711 -11.87922 0.4334392 -12.01068 0.3664455 -11.87922 0.4334392 -12.01034 0.3485961 -12.01068 0.3664455 23.91443 0.0107264 24.13278 0.4291171 24.13522 0.4274142 -12.07107 0.01273909 -12.04193 0.4290568 -12.0844 0.01820898 23.90921 0.01273909 24.13522 0.4274142 24.13229 0.4290568 -12.08251 0.0107264 -12.043 0.4274142 -12.07107 0.01273909 -11.89253 0.422368 -12.09483 0.4092953 -12.04359 0.546778 -12.04315 0.5015257 -12.0511 0.4167124 -11.89253 0.422368 -12.0511 0.4167124 -12.04334 0.3302185 -11.89253 0.422368 23.90429 0.02397615 23.83764 0.3587501 23.9156 0.02964005 -12.08697 0.02397615 -12.18961 0.3583905 -12.19288 0.3573582 23.90338 0.0292482 23.83764 0.3587501 23.83397 0.3583905 -12.19125 23.83553 -12.14664 23.74136 -12.36633 23.79949 23.83549 0.4721219 23.74136 0.4548575 23.83553 0.4872328 23.98205 0.3901378 23.92937 0.2708162 23.74136 0.4548575 -12.05955 0.2708162 -12.18837 0.2292168 -12.14664 0.4548575 -12.36633 0.3520493 -12.19117 0.2305267 -12.17033 0.3901378 23.90738 -0.0009854839 23.88843 0.374958 23.89167 0.3738784 -12.07605 -0.009251439 -11.80065 0.374958 -12.08595 -0.0009854839 -11.7991 0.4737392 -11.7991 0.4689985 -11.63887 0.4106997 -11.7991 0.4689985 -11.83759 0.4892462 -11.64205 0.350755 -11.7991 0.4633061 -11.83759 0.4892462 -11.7991 0.4689985 -11.83759 0.4892462 -11.63887 0.4106997 -11.90955 0.3437683 23.88352 0.4892462 23.74716 0.3437683 23.89669 0.2958533 -11.63887 23.82804 -11.64205 23.93559 -11.90955 23.74716 -11.64205 0.350755 -11.7991 0.2529685 -11.79909 0.2582013 -11.64205 0.350755 -11.80225 0.2958533 -11.7991 0.2529685 23.74716 0.3437683 23.88964 0.2582013 23.89669 0.2958533 -12.08561 -0.02847626 -12.17656 0.2602477 -12.17409 0.2603034 23.8992 -0.02142694 24.01751 0.2602477 23.91143 -0.02847626 23.91253 -0.02410268 24.01951 0.2603034 24.01585 0.2619317 -12.17474 0.2863793 -12.05993 0.2497774 -12.17471 0.3653517 24.01736 0.3653517 24.08197 0.2497774 23.81368 0.2511314 -12.17474 0.2863793 -12.1793 0.2383569 -12.17377 0.1449757 -12.05993 0.2497774 -12.17377 0.1449757 -12.17456 0.1651237 23.81368 0.2511314 24.01752 0.1651237 24.01589 0.2383569 23.9068 0.1121045 23.77243 0.242766 23.91296 0.1196811 -12.07274 23.90343 -12.08506 23.77005 -12.08776 23.9068 23.90343 0.1088854 23.77159 0.2419575 23.77005 0.2400611 -12.07757 23.91296 -12.08627 23.77243 -12.08251 23.77159 -12.08463 0.3323389 -12.08419 0.3588393 -11.95801 0.2350166 -12.08483 0.3546956 -12.07337 0.2083947 -12.08419 0.3588393 -12.08463 0.3323389 -11.95801 0.2350166 -12.08483 0.3546956 -12.08419 0.3588393 -12.07337 0.2083947 -11.95801 0.2350166 -12.08483 0.3546956 -12.08109 0.2331892 -12.07337 0.2083947 23.77115 0.3546956 23.73598 0.2217133 23.77671 0.2331892 -11.95801 0.2350166 -12.09313 0.2217133 -12.08483 0.3546956 -11.95801 23.67059 -12.07337 23.78052 -12.09313 23.73598 -12.08596 -0.1034789 -12.00375 0.2667827 -12.00155 0.265794 23.899 -0.100949 24.00501 0.2667827 23.91252 -0.1034789 24.00547 0.384583 24.0042 0.412081 23.91473 0.1960807 -12.00093 0.4011728 -11.87305 0.2339472 -12.00201 0.412081 -12.00093 0.4011728 -12.00166 0.1538982 -11.87305 0.2339472 -12.00093 0.4011728 -12.00287 0.384583 -12.00166 0.1538982 -11.87305 0.2339472 -12.09472 0.1960807 -12.00201 0.412081 -12.00287 0.384583 -12.09472 0.1960807 -12.00166 0.1538982 23.91473 0.1960807 24.0048 0.1346418 24.00683 0.1538982 -11.87305 0.2339472 -12.00166 0.1538982 -12.00174 0.1324602 -12.08703 -0.02657812 -12.22242 0.3327356 -12.07513 -0.02144908 -12.07876 -0.02307896 -12.219 0.334204 -12.22242 0.3327356 23.91454 -0.02144908 23.9074 0.3340331 23.90425 0.334204 24.05415 0.3401469 23.80143 0.3265098 23.90568 0.4493841 -12.22173 0.4641937 -12.10998 0.3265098 -12.37529 0.3087761 24.05415 0.3401469 23.90604 0.2082353 23.90574 0.2311621 -12.37529 0.3087761 -12.22047 0.2265944 -12.22062 0.2082353 23.9125 0.09477979 23.85191 0.4571509 23.85464 0.4570896 -12.08007 0.09112428 -11.99942 0.4561802 -12.00322 0.4571509 23.91042 0.09088588 23.85139 0.4561802 23.89949 0.09112428 -12.08654 0.09477979 -12.00104 0.4570896 -12.07134 0.09088588 -12.00121 0.5676993 -12.11468 0.5225532 -11.95724 0.565299 -11.95724 0.565299 -12.01176 0.3176917 -12.00019 0.5974159 -12.11468 23.77329 -12.05137 23.9802 -11.95724 23.86748 -12.00019 0.5974159 -12.01176 0.3176917 -12.11468 0.5225532 23.93556 -0.4014131 23.89978 -0.4025889 23.89476 0.2673928 -12.09544 -0.4025889 -12.0687 0.2672023 -12.08131 0.2673928 23.92313 -0.4022537 23.90435 0.2675764 23.89462 0.2672023 23.9164 -0.02370034 23.90408 -0.02531728 23.79919 0.4831583 -12.07314 -0.0277887 -12.00877 0.4825896 -12.01269 0.4831583 23.9164 -0.02370034 23.80217 0.4835123 23.79923 0.4825896 23.80014 0.5880326 23.97033 0.5182249 23.80004 0.6175628 -12.01026 0.6175628 -11.87922 0.4334392 -12.05626 0.5544711 23.82199 0.5544711 23.89119 0.3776435 23.97033 0.5182249 23.67702 0.4334392 23.97033 0.5182249 23.80028 0.3485961 23.89119 0.3776435 23.82199 0.5544711 23.80005 0.3664455 23.91443 0.0107264 23.90208 0.01820898 24.13278 0.4291171 -12.0844 0.01820898 -12.04193 0.4290568 -12.04564 0.4291171 -12.04359 0.546778 -12.04315 0.5015257 -11.89253 0.422368 24.1324 0.546778 23.99776 0.4092953 24.1329 0.4167124 -12.09483 23.99776 -11.89253 24.14675 -12.04471 24.13208 24.1329 0.4167124 23.99776 0.4092953 24.13208 0.3170906 -12.04471 0.3170906 -11.89253 0.422368 -12.04334 0.3302185 23.90429 0.02397615 23.8347 0.3573582 23.83764 0.3587501 -12.08697 0.02397615 -12.07205 0.0292482 -12.18961 0.3583905 23.90338 0.0292482 23.9156 0.02964005 23.83764 0.3587501 23.83549 0.4721219 23.98205 0.3901378 23.74136 0.4548575 23.83549 0.4721219 23.83547 0.4686971 23.98205 0.3901378 23.83547 0.4686971 23.83553 0.4872328 23.98205 0.3901378 -12.19125 23.83553 -12.36633 23.79949 -12.17033 23.98205 -12.36633 0.3520493 -12.14664 0.4548575 -12.18837 0.2292168 -12.18837 0.2292168 -12.05955 0.2708162 -12.19114 0.2572879 -12.05955 0.2708162 -12.19117 0.2305267 -12.19114 0.2572879 -12.05955 0.2708162 -12.17033 0.3901378 -12.19117 0.2305267 -12.36633 23.79949 -12.18837 23.83426 -12.19117 23.83549 -12.07605 -0.009251439 -11.79753 0.3724716 -11.80065 0.374958 23.90053 -0.009251439 23.91304 -0.01031206 23.88885 0.3724716 23.91304 -0.01031206 23.89167 0.3738784 23.88885 0.3724716 -12.07394 -0.01031206 -12.08595 -0.0009854839 -11.7991 0.3738784 -11.7991 0.4633061 -11.7991 0.4737392 -11.63887 0.4106997 -11.7991 23.88961 -11.63887 23.82804 -11.83759 23.88352 -11.63887 23.82804 -11.7991 23.88961 -11.64205 23.93559 -11.83759 0.4892462 -11.80225 0.2958533 -11.64205 0.350755 -11.90955 0.3437683 -11.64205 0.350755 -11.79909 0.2582013 -12.08035 -0.02142694 -12.17381 0.2619317 -12.17656 0.2602477 23.8992 -0.02142694 23.91253 -0.02410268 24.01585 0.2619317 -12.07232 -0.02410268 -12.08561 -0.02847626 -12.17409 0.2603034 -12.17804 0.3846944 -12.17471 0.3653517 -12.1793 0.2383569 24.01736 0.3653517 23.81368 0.2511314 24.01589 0.2383569 24.02146 0.2863793 24.01507 0.3846944 24.01589 0.2383569 -12.05993 0.2497774 -12.17474 0.2863793 -12.17377 0.1449757 -12.10625 23.81368 -12.05993 24.08197 -12.17456 24.01752 23.9068 0.1121045 23.77005 0.2400611 23.77243 0.242766 23.90343 0.1088854 23.91296 0.1196811 23.77159 0.2419575 -12.08009 -0.100949 -12.00051 0.2666035 -12.00375 0.2667827 23.899 -0.100949 23.9117 -0.1063693 24.00302 0.2666035 23.9117 -0.1063693 24.0067 0.265794 24.00302 0.2666035 -12.07227 -0.1063693 -12.08596 -0.1034789 -12.00155 0.265794 -12.09472 0.1960807 -12.00174 0.1324602 -12.00176 0.1346418 -12.09472 0.1960807 -11.87305 0.2339472 -12.00174 0.1324602 -12.08703 -0.02657812 -12.07876 -0.02307896 -12.22242 0.3327356 23.89905 -0.02307896 23.91454 -0.02144908 23.90425 0.334204 -12.07513 -0.02144908 -12.22242 0.3327356 -12.21945 0.3340331 23.90541 0.4641937 23.90568 0.4493841 23.80143 0.3265098 23.90568 0.4493841 23.90566 0.4284044 24.05415 0.3401469 23.90566 0.4284044 23.90541 0.4641937 24.05415 0.3401469 -12.22173 0.4641937 -12.37529 0.3087761 -12.15953 0.3401469 -12.37529 0.3087761 -12.22062 0.2082353 -12.15953 0.3401469 24.05415 0.3401469 23.90574 0.2311621 23.80143 0.3265098 -12.10998 0.3265098 -12.22039 0.2311621 -12.22047 0.2265944 -12.37529 0.3087761 -12.10998 0.3265098 -12.22047 0.2265944 23.9125 0.09477979 23.89949 0.09112428 23.85191 0.4571509 23.91042 0.09088588 23.85464 0.4570896 23.85139 0.4561802 -12.00121 0.5676993 -12.00019 0.5974159 -12.11468 0.5225532 -11.95724 0.565299 -11.99794 0.2985991 -12.01176 0.3176917 23.86748 0.565299 23.9802 0.3906644 23.85209 0.2985991 23.77329 0.5225532 23.84369 0.3176917 23.9802 0.3906644 23.9802 0.3906644 23.84369 0.3176917 23.8527 0.308479 23.85209 0.2985991 23.9802 0.3906644 23.8527 0.308479 -12.28465 -0.3318572 -12.27741 0.08406175 -12.28523 0.08417595 -12.29876 -0.33238 -12.28531 0.08394328 -12.27025 -0.3325885 23.54412 -0.3318572 23.5701 0.08417595 23.56212 -0.33238 23.57095 -0.07031083 23.7571 0.135884 23.56263 -0.06354598 -12.28169 23.57095 -12.35506 23.75807 -12.3528 23.75915 23.56338 -0.06632879 23.75807 0.1345094 23.57095 -0.07031083 -12.28833 -0.06632879 -12.35287 0.135884 -12.35506 0.1345094 23.75809 0.1930954 23.65403 0.1114644 23.75629 0.1119512 23.75809 0.1930954 23.75526 0.2080412 23.65403 0.1114644 23.75629 0.1119512 23.83215 0.1252395 23.75526 0.2080412 23.75526 0.2080412 23.83215 0.1252395 23.65403 0.1114644 23.83215 0.1252395 23.75837 0.07388823 23.65403 0.1114644 -12.35815 0.1119512 -12.35358 0.07226536 -12.3536 0.07869772 23.75629 0.1119512 23.75837 0.07388823 23.75809 0.07226536 -12.27714 -0.09395939 -12.3147 0.05907464 -12.28635 -0.09670667 -12.28596 -0.09245597 -12.31545 0.06004464 -12.27714 -0.09395939 23.5717 -0.09245597 23.48379 0.05901529 23.48563 0.06004464 23.48429 0.1372598 23.58825 0.05765781 23.42071 0.04712886 -12.31558 0.1428097 -12.40969 0.02368561 -12.26505 0.05765781 -12.31598 0.1531401 -12.23079 0.04712886 -12.31684 0.002444455 -12.40969 23.54804 -12.31684 23.48258 -12.26505 23.58825 -12.23079 0.04712886 -12.31554 -0.02456737 -12.31554 -0.02457921 23.58825 0.05765781 23.48258 0.002444455 23.48429 -0.02456737 -12.27896 -0.09374097 -12.16855 0.06325333 -12.28766 -0.08909453 23.56229 -0.09374097 23.6115 0.06236363 23.60957 0.06325333 23.56449 -0.08909453 23.60957 0.06325333 23.61204 0.06352811 -12.1689 23.6108 -12.27136 23.53262 -12.26887 23.69235 -12.16895 0.123505 -12.09991 0.05428093 -12.1689 0.1357288 -12.1689 0.1357288 -12.09481 0.03522437 -12.27136 0.05725383 23.6108 0.1357288 23.68081 0.05428093 23.52651 0.03522437 -12.09481 23.52651 -12.09991 23.68081 -12.16884 23.61102 -12.09991 0.05428093 -12.16895 -0.0002166106 -12.16884 -0.005076021 -12.27136 0.05725383 -12.16889 0.005255918 -12.16895 -0.0002166106 23.57181 -0.04483459 23.61119 0.2178267 23.56058 -0.04401605 -12.27991 -0.04483459 -12.44823 0.2165646 -12.44608 0.2174698 -12.28145 -0.04401605 -12.44823 0.2165646 -12.28829 -0.04828849 23.61241 0.275137 23.61265 0.2859868 23.49853 0.2402308 -12.57994 0.2394133 -12.35144 0.2087689 -12.44647 0.2859868 -12.35144 23.70052 -12.44654 23.61233 -12.39407 23.49853 -12.57994 23.62371 -12.44778 23.61167 -12.50025 23.71827 23.61167 0.1529822 23.61241 0.159356 23.71827 0.1824375 -12.35144 0.2087689 -12.44681 0.159356 -12.44654 0.1466236 -12.27683 -0.1257468 -12.195 0.1606661 -12.28708 -0.1254878 23.56167 -0.1254878 23.40162 0.1615913 23.57068 -0.1216224 23.56167 -0.1254878 23.40036 0.1606661 23.40162 0.1615913 -12.19491 0.2312756 -12.29317 0.1593032 -12.19491 0.2339537 -12.19491 23.40169 -12.24076 23.29701 -12.29317 23.47627 -12.19445 0.2529874 -12.29317 0.1593032 -12.06868 0.1373937 -12.24076 0.1756982 -12.06868 0.1373937 -12.19502 0.08326807 -12.29317 0.1593032 -12.1949 0.08273947 -12.06868 0.1373937 23.47627 0.1593032 23.40161 0.08326807 23.4017 0.08273947 -12.06868 0.1373937 -12.1949 0.08273947 -12.19491 0.09309475 -12.28344 -0.08031368 -12.24461 0.08141428 -12.24743 0.08193952 23.56781 -0.08592674 23.72011 0.08141428 23.56171 -0.08031368 23.56781 -0.08592674 23.72162 0.08053437 23.72011 0.08141428 23.72048 0.1492207 23.72243 0.1759807 23.829 0.08678896 -12.2447 0.1650328 -12.28769 0.08722367 -12.24715 0.1759807 23.72048 0.1492207 23.829 0.08678896 23.71837 0.1650328 23.71837 0.1650328 23.829 0.08678896 23.76664 0.02088763 23.63541 0.08722367 23.829 0.08678896 23.72243 0.1759807 23.71837 0.1650328 23.76664 0.02088763 23.63541 0.08722367 23.63541 0.08722367 23.72102 -0.00285906 23.829 0.08678896 23.7164 0.0009782724 23.72102 -0.00285906 23.63541 0.08722367 -12.16077 0.02088763 -12.24788 0.0009782724 -12.28769 0.08722367 -12.27705 -0.0565354 -12.36079 0.1214607 -12.28696 -0.06077205 -12.27705 -0.0565354 -12.36081 0.1221867 -12.35876 0.1224376 23.56222 -0.06077205 23.50808 0.1221867 23.57162 -0.05776285 23.50582 0.1628385 23.50348 0.0991501 23.50799 0.09966139 -12.36063 0.1628385 -12.35497 0.1168287 -12.361 0.0991501 -12.28353 -0.1355713 -12.12397 0.09380925 -12.12607 0.09484821 -12.28828 -0.1322108 -12.12606 0.09510925 -12.27853 -0.1374605 23.56028 -0.1355713 23.53539 0.09484821 23.56718 -0.1322108 -12.12535 0.1428629 -12.21234 0.1011969 -12.12444 0.1595278 -12.12535 0.1610319 -12.21234 0.1011969 -12.12535 0.1428629 23.53644 0.1595278 23.43762 0.1032399 23.53665 0.1610319 23.53644 0.1595278 23.63014 0.08592957 23.43762 0.1032399 -12.21234 0.1011969 -12.12528 0.02662646 -12.12537 0.038652 23.43762 0.1032399 23.53565 0.02662646 23.60049 0.1011969 23.63014 0.08592957 23.53665 0.03839491 23.43762 0.1032399 -12.21234 23.60049 -12.12537 23.53666 -12.02711 23.63014 23.57104 -0.06767926 23.71167 0.06481138 23.56352 -0.06173326 -12.28862 23.56409 -12.40922 23.71364 -12.27967 23.57104 -12.28862 -0.06841106 -12.40918 0.06481138 -12.41105 0.06309076 23.71318 0.1456176 23.83357 0.06139355 23.71307 0.1253154 23.71318 0.1456176 23.61712 0.05434529 23.83357 0.06139355 23.71136 0.1169131 23.71111 0.004789924 23.61712 0.05434529 23.71307 0.1253154 23.83357 0.06139355 23.71111 0.004789924 23.83357 0.06139355 23.71312 -0.006073141 23.71111 0.004789924 23.61712 0.05434529 23.71111 0.004789924 23.71495 -0.01274584 23.54412 -0.3318572 23.5656 -0.3325885 23.57367 0.08406175 -12.27025 -0.3325885 -12.28531 0.08394328 -12.27741 0.08406175 23.56212 -0.33238 23.5701 0.08417595 23.57815 0.08394328 23.57095 -0.07031083 23.75915 0.1343195 23.7571 0.135884 -12.28833 -0.06632879 -12.28051 -0.06354598 -12.35287 0.135884 23.83215 0.1252395 23.75629 0.1119512 23.75809 0.07869772 23.75629 0.1119512 23.65403 0.1114644 23.75837 0.07388823 23.75837 0.07388823 23.83215 0.1252395 23.75809 0.07869772 23.56475 -0.09395939 23.48563 0.06004464 23.48307 0.05907464 23.5717 -0.09245597 23.56205 -0.09670667 23.48379 0.05901529 -12.28635 -0.09670667 -12.3147 0.05907464 -12.31687 0.05901529 -12.31555 0.1372598 -12.23079 0.04712886 -12.31598 0.1531401 23.48429 0.1372598 23.48437 0.1428097 23.58825 0.05765781 -12.31558 0.1428097 -12.31598 0.1531401 -12.40969 0.02368561 -12.31598 0.1531401 -12.31684 0.002444455 -12.40969 0.02368561 -12.23079 0.04712886 -12.31554 -0.02457921 -12.31684 0.002444455 23.42071 0.04712886 23.58825 0.05765781 23.48429 -0.02456737 23.56229 -0.09374097 23.5712 -0.0947632 23.6115 0.06236363 -12.28076 -0.0947632 -12.16999 0.06352811 -12.16781 0.06236363 -12.28076 -0.0947632 -12.28766 -0.08909453 -12.16999 0.06352811 -12.16897 0.134273 -12.1689 0.1357288 -12.26887 0.06556355 23.61106 0.123505 23.61112 0.134273 23.68081 0.05428093 -12.09991 0.05428093 -12.16897 0.134273 -12.26887 0.06556355 -12.09991 23.68081 -12.26887 23.69235 -12.16895 23.61106 -12.26887 23.69235 -12.27136 23.53262 -12.16895 23.61106 -12.27136 23.53262 -12.09481 23.52651 -12.16889 23.61062 23.52651 0.03522437 23.61102 -0.005076021 23.61062 0.005255918 23.57181 -0.04483459 23.61368 0.2174698 23.61119 0.2178267 -12.27991 -0.04483459 -12.28829 -0.04828849 -12.44823 0.2165646 -12.28145 -0.04401605 -12.44607 0.2178267 -12.44823 0.2165646 -12.44681 0.2728862 -12.57994 0.2394133 -12.44647 0.2859868 -12.44681 23.61241 -12.39407 23.49853 -12.57994 23.62371 23.61241 0.2728862 23.61241 0.275137 23.49853 0.2402308 -12.44647 23.61265 -12.35144 23.70052 -12.39407 23.49853 -12.35144 23.70052 -12.57994 23.62371 -12.50025 23.71827 -12.57994 0.2394133 -12.39407 0.2402308 -12.44778 0.1529822 23.61167 0.1529822 23.49853 0.2402308 23.61233 0.1466236 -12.35144 23.70052 -12.50025 23.71827 -12.44681 23.61241 23.5666 -0.1257468 23.40265 0.1614158 23.40036 0.1606661 -12.27683 -0.1257468 -12.28568 -0.1216224 -12.19373 0.1614158 -12.28568 -0.1216224 -12.19635 0.1615913 -12.19373 0.1614158 -12.19491 0.2339537 -12.29317 0.1593032 -12.19445 0.2529874 23.40169 0.2312756 23.40172 0.2529874 23.29701 0.1756982 -12.19445 0.2529874 -12.06868 0.1373937 -12.24076 0.1756982 23.29701 0.1756982 23.40161 0.08326807 23.47627 0.1593032 -12.19502 0.08326807 -12.06868 0.1373937 -12.19491 0.09309475 -12.27784 -0.08592674 -12.28658 -0.08638316 -12.24603 0.08053437 23.57049 -0.08638316 23.72009 0.08193952 23.72162 0.08053437 23.57049 -0.08638316 23.56171 -0.08031368 23.72009 0.08193952 -12.16077 23.76664 -12.23714 23.829 -12.24633 23.72102 -12.27705 -0.0565354 -12.35876 0.1224376 -12.36079 0.1214607 -12.27705 -0.0565354 -12.28555 -0.05776285 -12.36081 0.1221867 23.56222 -0.06077205 23.50536 0.1214607 23.50808 0.1221867 23.56028 -0.1355713 23.56912 -0.1374605 23.53662 0.09380925 -12.27853 -0.1374605 -12.12606 0.09510925 -12.12397 0.09380925 23.56718 -0.1322108 23.53539 0.09484821 23.53789 0.09510925 23.53665 0.1610319 23.43762 0.1032399 23.60049 0.1011969 -12.12444 23.53644 -12.21234 23.60049 -12.02711 23.63014 23.53565 0.02662646 23.43762 0.1032399 23.53665 0.03839491 -12.02711 0.08592957 -12.12537 0.038652 -12.12534 0.03839491 23.57104 -0.06767926 23.71364 0.06296903 23.71167 0.06481138 -12.28862 23.56409 -12.41105 23.71192 -12.40922 23.71364 -12.28862 -0.06841106 -12.28085 -0.06173326 -12.40918 0.06481138 23.71136 0.1169131 23.61712 0.05434529 23.71318 0.1456176 23.71307 0.1253154 23.71111 0.004789924 23.71136 0.1169131 23.83357 0.06139355 23.71495 -0.01274584 23.71312 -0.006073141 23.83357 0.06139355 23.61712 0.05434529 23.71495 -0.01274584 -12.62353 0.135406 -12.61717 0.9752925 -12.6289 0.9755231 -12.6489 0.1343504 -12.63041 0.9750533 -12.60447 0.1339294 21.67849 0.135406 21.71942 0.9755231 21.70451 0.1343504 21.71529 0.7065582 21.87797 0.9821615 21.87444 0.9849077 -12.63302 0.7186812 -12.43027 0.9821615 -12.61831 0.7065582 -12.6246 21.70575 -12.43327 21.87691 -12.63302 21.71754 21.87649 1.108724 21.87696 1.113423 21.87993 0.9507643 -12.43124 1.108724 -12.43309 0.9507643 -12.39398 0.9949061 21.87696 1.113423 21.76168 1.006776 21.87993 0.9507643 -12.39398 0.9949061 -12.43131 0.8711008 -12.52349 1.006776 -12.39398 0.9949061 -12.43126 0.8651244 -12.43131 0.8711008 21.87635 0.8711008 21.87993 0.9507643 21.76168 1.006776 -12.62009 0.684628 -12.77354 0.9874927 -12.7766 0.985415 -12.62113 0.6846837 -12.77687 0.9854357 -12.77354 0.9874927 -12.6334 0.6763825 -12.77687 0.9854357 -12.62113 0.6846837 -12.62009 0.684628 -12.7766 0.985415 -12.6334 0.6763825 -12.77566 1.11713 -12.94807 0.9668742 -12.77498 1.141207 -12.77498 21.70474 -12.94807 21.55861 -12.94235 21.85611 -12.77498 1.141207 -12.94235 1.023054 -12.65473 0.7773876 -12.94807 21.55861 -12.77615 21.70376 -12.94235 21.85611 -12.62812 1.04178 -12.77576 0.8442216 -12.94807 0.9668742 -12.61681 0.5091086 -12.48397 1.050632 -12.63037 0.5121956 -12.62527 0.516401 -12.48447 1.05229 -12.4809 1.050457 21.70558 0.5121956 21.57276 1.05229 21.72276 0.516401 21.57078 1.188104 21.57144 1.221211 21.4222 1.055004 -12.48603 1.223811 -12.66988 1.026706 -12.48318 1.221211 -12.34237 1.055004 -12.66988 1.026706 -12.48603 1.223811 21.57144 1.221211 21.64202 0.9868289 21.4222 1.055004 -12.48318 1.221211 -12.66988 1.026706 -12.39625 0.9868289 -12.66988 1.026706 -12.48307 0.9193207 -12.39625 0.9868289 21.4222 1.055004 21.57078 0.9271241 21.57075 0.9193207 -12.61784 0.7175199 -12.63771 1.228604 -12.63403 1.22803 -12.62455 0.7222855 -12.63771 1.228604 -12.63432 0.7192456 21.83577 1.355316 21.83834 1.389804 21.9781 1.18641 -12.63742 21.83834 -12.57563 21.7257 -12.81837 21.77278 21.83583 1.379384 21.9781 1.18641 21.7257 1.337104 -12.57563 1.337104 -12.63546 1.090991 -12.81837 1.178935 21.7257 1.337104 21.9781 1.18641 21.83237 1.090991 21.9781 1.18641 21.83571 1.080431 21.83237 1.090991 -12.63546 1.090991 -12.63514 1.068812 -12.81837 1.178935 21.70675 0.7126079 21.45781 0.9194174 21.45563 0.9152574 -12.62663 0.7259948 -12.81738 0.9164674 -12.81407 0.9194174 -12.63183 21.71443 -12.81445 21.45563 -12.81738 21.45852 21.45732 1.064944 21.49059 0.7674943 21.55647 1.072306 21.55647 1.072306 21.57556 0.8110524 21.24782 0.9092564 -12.98975 0.7674943 -12.66983 0.8110524 -12.7297 1.072306 21.24782 0.9092564 21.49059 0.7674943 21.45732 1.064944 -12.98975 0.7674943 -12.81532 0.7592102 -12.81534 0.7525758 -12.98975 0.7674943 -12.81531 0.7724899 -12.81532 0.7592102 -12.66983 21.57556 -12.81531 21.45727 -12.76087 21.24782 -12.66983 0.8110524 -12.81534 0.7525758 -12.81531 0.7724899 21.70482 0.5320327 21.74751 1.003066 21.74429 1.00381 -12.63318 0.540564 -12.36575 1.005759 -12.62126 0.5312284 -12.62022 0.5320327 -12.36575 1.005759 -12.63318 0.540564 21.74572 1.167217 21.74639 1.167687 21.84065 0.9796739 -12.20791 0.9796739 -12.3703 1.114255 -12.36343 1.167217 -12.20791 0.9796739 -12.36639 0.8705154 -12.3703 1.114255 21.72218 0.6229616 21.81049 1.098955 21.80726 1.100708 -12.63404 0.6191979 -12.78823 1.098955 -12.62082 0.6229616 -12.61976 0.6277559 -12.7904 1.098734 -12.63404 0.6191979 -12.78814 1.232412 -12.78462 1.272172 -12.91703 1.098408 21.95956 1.135557 21.80918 1.005646 21.80867 1.272172 21.80867 1.272172 21.80918 1.005646 21.72342 1.043736 -12.91703 1.098408 -12.71597 1.043736 -12.78844 0.9430716 21.72093 0.566386 21.46584 1.029762 21.70719 0.557032 -12.63512 0.5634793 -12.56244 1.032474 -12.61924 0.566386 -12.63512 0.5634793 -12.56195 1.029762 -12.56563 1.031471 -12.56101 1.098226 -12.66895 1.034097 -12.56409 1.187934 21.46761 1.147386 21.57777 1.017407 21.46626 1.098226 21.37146 1.034097 21.46799 0.8979204 21.57777 1.017407 -12.56101 1.098226 -12.56135 0.8812142 -12.66895 1.034097 21.57777 1.017407 21.46799 0.8979204 21.46761 0.9226639 21.71161 0.6654728 21.93305 0.8671865 21.93076 0.8714689 -12.62943 0.6638391 -12.50471 0.8689636 -12.50148 0.8671865 21.70959 0.6791289 21.93362 0.8689636 21.72022 0.6638391 -12.52157 1.070394 -12.65479 0.852623 -12.50283 1.019512 -12.65479 0.852623 -12.37916 0.8161243 -12.50283 1.019512 -12.37916 0.8161243 -12.50253 0.7076675 -12.52157 1.070394 -12.65479 0.852623 -12.50285 0.7173493 -12.37916 0.8161243 -12.65479 0.852623 -12.50279 0.7068631 -12.50285 0.7173493 21.98035 0.852623 21.92887 0.7076675 21.93226 0.7068631 21.67849 0.135406 21.71487 0.1339294 21.7264 0.9752925 -12.60447 0.1339294 -12.63041 0.9750533 -12.61717 0.9752925 21.70451 0.1343504 21.71942 0.9755231 21.73212 0.9750533 21.70575 0.7201134 21.71529 0.7065582 21.87444 0.9849077 -12.63302 0.7186812 -12.43327 0.9858234 -12.43027 0.9821615 -12.6246 21.70575 -12.43023 21.87444 -12.43327 21.87691 -12.43127 1.113423 -12.39398 0.9949061 -12.52349 1.006776 -12.39398 0.9949061 -12.43309 0.9507643 -12.43126 0.8651244 21.70494 0.684628 21.72196 0.6846837 21.70321 0.9874927 21.71472 0.6763825 21.7014 0.985415 21.70566 0.9854357 -12.77566 1.11713 -12.77583 1.144807 -12.94807 0.9668742 21.70343 1.144807 21.70474 1.141207 21.54705 1.04178 -12.77583 21.70343 -12.62812 21.54705 -12.94807 21.55861 21.70474 1.141207 21.81096 0.7773876 21.54705 1.04178 -12.62812 21.54705 -12.65473 21.81096 -12.77576 21.70336 -12.94235 21.85611 -12.77615 21.70376 -12.65473 21.81096 -12.77615 0.8264123 -12.94807 0.9668742 -12.77576 0.8442216 -12.61681 0.5091086 -12.4809 1.050457 -12.48397 1.050632 21.71014 0.5091086 21.72276 0.516401 21.57106 1.050457 21.70558 0.5121956 21.56851 1.050632 21.57276 1.05229 21.5702 1.223811 21.57078 1.188104 21.4222 1.055004 -12.66988 1.026706 -12.34237 1.055004 -12.48307 0.9193207 -12.34237 21.4222 -12.39625 21.64202 -12.48315 21.57078 21.70453 0.7222855 21.72008 0.7175199 21.83395 1.229248 21.72008 0.7175199 21.83778 1.22803 21.83395 1.229248 -12.61784 0.7175199 -12.63432 0.7192456 -12.63771 1.228604 -12.62455 0.7222855 -12.63356 1.229248 -12.63771 1.228604 21.83834 1.389804 21.83583 1.379384 21.7257 1.337104 21.83583 1.379384 21.83577 1.355316 21.9781 1.18641 -12.63742 1.389804 -12.81837 1.178935 -12.59377 1.18641 -12.59377 1.18641 -12.81837 1.178935 -12.63514 1.068812 21.9781 1.18641 21.83577 1.068812 21.83571 1.080431 21.70675 0.7126079 21.71991 0.7259948 21.45781 0.9194174 21.71991 0.7259948 21.71443 0.7103181 21.45852 0.9164674 -12.63183 21.71443 -12.61964 21.70675 -12.81445 21.45563 21.45732 1.064944 21.4573 1.068797 21.24782 0.9092564 -12.81529 21.4573 -12.7297 21.55647 -12.76087 21.24782 21.4573 1.068797 21.45732 1.107746 21.55647 1.072306 21.45732 1.107746 21.45732 1.064944 21.55647 1.072306 -12.98975 21.49059 -12.76087 21.24782 -12.81531 21.45727 -12.66983 21.57556 -12.98975 21.49059 -12.81534 21.45739 21.70482 0.5320327 21.72186 0.5312284 21.74751 1.003066 -12.62126 0.5312284 -12.36575 1.005759 -12.3621 1.003066 -12.62022 0.5320327 -12.36272 1.00381 -12.36575 1.005759 21.74639 1.167687 21.73929 1.114255 21.88447 1.014501 -12.36377 1.167687 -12.49014 1.014501 -12.20791 0.9796739 21.73929 1.114255 21.74615 0.8705154 21.88447 1.014501 -12.20791 0.9796739 -12.49014 1.014501 -12.36379 0.851991 21.88447 1.014501 21.74631 0.848336 21.7465 0.851991 21.88447 1.014501 21.74615 0.8705154 21.74631 0.848336 -12.20791 0.9796739 -12.36379 0.851991 -12.36639 0.8705154 21.70565 0.6277559 21.72218 0.6229616 21.80726 1.100708 21.71379 0.6191979 21.80757 1.098734 21.81049 1.098955 -12.61976 0.6277559 -12.78618 1.100708 -12.7904 1.098734 21.80818 1.231963 21.80817 1.232412 21.95956 1.135557 -12.78814 21.80817 -12.91703 21.69332 -12.91744 21.95956 21.80818 1.231963 21.95956 1.135557 21.80867 1.272172 -12.78462 1.272172 -12.71597 1.043736 -12.91703 1.098408 21.95956 1.135557 21.80815 0.9430716 21.80918 1.005646 21.95956 1.135557 21.69332 1.098408 21.80815 0.9430716 21.72093 0.566386 21.46965 1.032474 21.46584 1.029762 -12.63512 0.5634793 -12.56563 1.031471 -12.56244 1.032474 -12.63512 0.5634793 -12.61997 0.557032 -12.56195 1.029762 21.46761 1.147386 21.46846 1.187934 21.57777 1.017407 21.57777 1.017407 21.46846 1.187934 21.37146 1.034097 21.46626 1.098226 21.57777 1.017407 21.46611 0.8812142 21.37146 1.034097 21.46611 0.8812142 21.46799 0.8979204 21.46611 0.8812142 21.57777 1.017407 21.46761 0.9226639 -12.62941 0.6791289 -12.61604 0.6654728 -12.50274 0.8714689 -12.61604 21.71161 -12.62943 21.72022 -12.50148 21.93305 21.70959 0.6791289 21.93076 0.8714689 21.93362 0.8689636 21.89872 1.070394 21.93228 1.033227 22.00427 0.8161243 -12.50229 1.033227 -12.50283 1.019512 -12.37916 0.8161243 -12.65479 0.852623 -12.52157 1.070394 -12.50253 0.7076675 -12.50253 0.7076675 -12.37916 0.8161243 -12.50285 0.7173493 21.0589 0.2459221 21.03765 1.069313 21.05042 1.069539 21.07317 0.2448872 21.04766 1.069079 21.03003 0.2444745 -12.90875 0.2459221 -12.87035 1.069539 -12.87723 0.2448872 -12.87039 0.7637032 -12.57131 1.171905 -12.88303 0.7770955 21.04492 0.7637032 21.08561 1.169184 21.0819 1.168808 -12.87912 0.7715864 -12.56909 1.169184 -12.87039 0.7637032 -12.87912 0.7715864 -12.57131 1.171905 -12.56909 1.169184 -12.5696 1.285166 -12.71752 1.123562 -12.5706 1.124526 -12.5696 1.285166 -12.57398 1.314754 -12.71752 1.123562 21.09079 1.124526 20.96639 1.150832 21.08353 1.314754 -12.57398 1.314754 -12.48285 1.150832 -12.71752 1.123562 -12.48285 1.150832 -12.5692 1.049173 -12.71752 1.123562 21.09079 1.124526 21.08344 1.04596 21.08345 1.058694 21.09079 1.124526 21.08325 1.049173 21.08344 1.04596 21.04046 0.7168864 21.12494 1.019846 21.05495 0.7114476 -12.86775 0.7198627 -12.98365 1.021767 -12.88112 0.7168864 21.05092 0.7198627 21.12788 1.019729 21.12514 1.021767 -12.98558 1.174629 -12.85092 1.017042 -13.10941 0.9961975 21.12577 1.185616 21.24124 0.9497871 21.01426 1.017042 -12.98698 1.206067 -13.10941 0.9961975 -12.98763 0.9077362 -12.85814 21.24124 -12.98763 21.12827 -12.85092 21.01426 -13.10941 0.9961975 -12.98558 0.8542611 -12.98558 0.8542377 -12.85092 1.017042 -12.98763 0.9077362 -12.98558 0.8542611 21.04401 0.7173188 20.8648 1.028119 21.05601 0.7265173 21.04401 0.7173188 20.86303 1.026358 20.8648 1.028119 -12.87773 0.7265173 -12.85421 1.028119 -12.85007 1.028663 -12.85228 20.86488 -12.93041 21.04349 -12.69658 20.98254 20.86486 1.147399 20.73839 1.010356 20.86488 1.171598 20.86488 1.171598 20.78625 0.9726303 21.04349 1.016242 -12.85228 1.171598 -12.77414 1.010356 -13.00273 0.9726303 -13.00273 20.78625 -12.77414 20.73839 -12.85198 20.86472 20.73839 1.010356 20.86486 0.9024681 20.86472 0.892848 21.04349 1.016242 20.86493 0.913302 20.86486 0.9024681 -12.86975 0.8141383 -12.75227 1.334127 -12.8857 0.8157588 21.04199 0.8141383 21.27477 1.331628 21.27115 1.33342 -12.8857 0.8157588 -12.74971 1.331628 -12.8749 0.8073006 -12.75023 1.447583 -12.75 1.469063 -12.93649 1.37848 21.46426 1.376861 21.10094 1.316195 21.27211 1.469063 -12.65495 1.316195 -12.75044 1.193166 -12.93649 1.37848 -12.68586 21.46426 -12.75096 21.27438 -12.5755 21.31324 -12.75096 1.205754 -12.75022 1.218373 -12.5755 1.264067 21.10094 1.316195 21.27268 1.218373 21.27232 1.193166 21.03934 0.6539571 20.97873 1.220966 21.05617 0.6544698 -12.88208 0.6544698 -13.14982 1.222798 -12.86934 0.6621221 -12.88208 0.6544698 -13.15215 1.220966 -13.14982 1.222798 -13.15024 1.360751 -13.00539 1.218268 -13.15021 1.366053 -13.15024 1.360751 -13.28761 1.250725 -13.00539 1.218268 20.97742 1.403734 21.09575 1.218268 20.79658 1.174894 21.08303 1.250725 20.79658 1.174894 20.97831 1.067742 21.09575 1.218268 20.97809 1.066696 20.79658 1.174894 -13.00539 1.218268 -13.15031 1.067742 -13.15022 1.066696 20.79658 1.174894 20.97809 1.066696 20.97811 1.087196 21.0508 0.7439006 20.93692 1.064072 20.94107 1.065112 -12.87638 0.7327885 -12.66449 1.064072 -12.88334 0.7439006 -12.87638 0.7327885 -12.66176 1.06233 -12.66449 1.064072 -12.66341 1.198308 -12.66018 1.251284 -12.50716 1.074712 20.93769 1.229611 21.03061 1.075573 20.93982 1.251284 -12.66341 1.198308 -12.50716 1.074712 -12.66702 1.229611 -12.66702 1.229611 -12.50716 1.074712 -12.62619 0.944248 -12.7735 1.075573 -12.50716 1.074712 -12.66018 1.251284 20.93769 1.229611 20.79704 0.944248 21.03061 1.075573 -12.7735 1.075573 -12.66254 0.8972369 -12.50716 1.074712 -12.66878 0.9048336 -12.66254 0.8972369 -12.7735 1.075573 20.79704 0.944248 20.94306 0.9048336 21.03061 1.075573 21.04017 0.7909743 21.18469 1.143352 21.05579 0.782587 -12.88052 0.7909743 -12.93439 1.144789 -12.93764 1.145285 -12.88132 0.782587 -12.93439 1.144789 -12.86802 0.7885443 -12.93777 1.225267 -12.94108 1.099184 -12.93531 1.100196 21.18428 1.225267 21.17535 1.134182 21.18567 1.099184 21.05145 0.6345076 20.82547 1.08861 20.82899 1.090667 21.05595 0.6411604 20.82809 1.091184 21.04093 0.6307677 -12.88539 0.6345076 -12.97846 1.090667 -12.87355 0.6411604 -12.97686 1.185721 -12.85185 1.103236 -12.97751 1.218713 -12.97686 1.22169 -12.85185 1.103236 -12.97686 1.185721 -12.97751 1.218713 -13.12617 1.10728 -12.97686 1.22169 -12.97751 1.218713 -12.87472 1.073011 -13.12617 1.10728 -12.85185 1.103236 -12.97836 0.9556091 -12.97684 0.979416 -13.12617 1.10728 -12.97836 0.9556091 -12.85185 1.103236 -12.87472 1.073011 -12.97687 0.978907 -13.12617 1.10728 -12.85185 20.93242 -12.97684 20.82751 -12.87472 20.64958 -12.87097 0.7689129 -12.61786 1.031203 -12.88159 0.7806842 -12.87797 21.05757 -12.61494 21.18114 -12.87097 21.04192 -12.87797 0.7674642 -12.61786 1.031203 -12.61682 1.027797 -12.61516 1.191175 -12.41092 1.024437 -12.6159 1.150983 -12.61516 1.191175 -12.73293 1.010484 -12.41092 1.024437 21.18109 1.134349 21.18146 0.9123795 21.31347 1.010484 -12.6159 1.150983 -12.41092 1.024437 -12.61882 0.9123795 -12.41092 1.024437 -12.61554 0.890874 -12.61882 0.9123795 21.31347 1.010484 21.18146 0.9123795 21.18293 0.8776641 21.0589 0.2459221 21.03003 0.2444745 21.03765 1.069313 21.03003 0.2444745 21.04766 1.069079 21.03765 1.069313 -12.87723 0.2448872 -12.87035 1.069539 -12.8585 1.069079 -12.87039 0.7637032 -12.56832 1.168808 -12.57131 1.171905 21.05738 0.7715864 21.04617 0.7770955 21.08274 1.171905 20.96639 1.150832 21.09079 1.124526 21.08345 1.058694 -12.5706 1.124526 -12.71752 1.123562 -12.5692 1.049173 21.08325 1.049173 20.96639 1.150832 21.08345 1.058694 -12.88112 0.7168864 -12.98365 1.021767 -12.98767 1.019846 -12.86775 0.7198627 -12.88178 0.7114476 -12.98584 1.019729 21.05495 0.7114476 21.12494 1.019846 21.12788 1.019729 -12.98558 1.174629 -13.10941 0.9961975 -12.98698 1.206067 -12.98558 1.174629 -12.98546 1.185616 -12.85092 1.017042 21.12577 1.185616 21.12677 1.206067 21.24124 0.9497871 -12.98698 1.206067 -12.98763 0.9077362 -12.85814 0.9497871 -13.10941 0.9961975 -12.98558 0.8542377 -12.98763 0.9077362 -13.10941 0.9961975 -12.85092 1.017042 -12.98558 0.8542611 -12.88408 0.7173188 -12.87035 0.7152951 -12.85164 1.026358 21.04347 0.7152951 20.86603 1.028663 20.86303 1.026358 21.04347 0.7152951 21.05601 0.7265173 20.86603 1.028663 -12.85178 1.168716 -12.85228 1.171598 -12.69658 1.032693 20.86486 1.147399 20.86486 1.168716 20.73839 1.010356 20.73839 1.010356 20.86486 1.168716 20.98254 1.032693 20.73839 1.010356 20.98254 1.032693 20.86486 0.9024681 -12.69658 20.98254 -12.93041 21.04349 -12.85188 20.86486 -12.93041 21.04349 -13.00273 20.78625 -12.85254 20.86493 -13.00273 0.9726303 -12.85198 0.892848 -12.85254 0.913302 -12.86975 0.8141383 -12.74862 1.33342 -12.75227 1.334127 21.04199 0.8141383 21.0563 0.8073006 21.27477 1.331628 21.04828 0.8157588 21.27204 1.334127 21.27477 1.331628 21.27269 1.443127 21.46426 1.376861 21.27211 1.469063 -12.75022 21.27269 -12.93649 21.23603 -12.68586 21.46426 -12.75022 1.443127 -12.75023 1.447583 -12.93649 1.37848 -12.75 1.469063 -12.65495 1.316195 -12.93649 1.37848 -12.65495 21.10094 -12.68586 21.46426 -12.5755 21.31324 -12.68586 1.376861 -12.93649 1.37848 -12.75096 1.205754 -12.75096 1.205754 -12.93649 1.37848 -12.75044 1.193166 -12.65495 21.10094 -12.5755 21.31324 -12.75022 21.27268 -12.87851 0.6539571 -13.14924 1.22245 -13.15215 1.220966 -12.87851 0.6539571 -12.86934 0.6621221 -13.14924 1.22245 21.05088 0.6621221 20.98025 1.222798 20.97604 1.22245 -13.15021 1.366053 -13.00539 1.218268 -13.15036 1.403734 -13.15024 1.360751 -13.15036 1.403734 -13.28761 1.250725 20.97742 1.403734 20.79658 1.174894 21.08303 1.250725 -13.28761 1.250725 -13.15031 1.067742 -13.00539 1.218268 20.97831 1.067742 20.79658 1.174894 20.97811 1.087196 21.04038 0.7327885 21.05227 0.7318849 20.93848 1.06233 21.05227 0.7318849 20.94107 1.065112 20.93848 1.06233 -12.8693 0.7318849 -12.88334 0.7439006 -12.66351 1.065112 20.79704 0.944248 20.88688 1.074712 20.93912 0.8972369 21.04017 0.7909743 21.18134 1.145285 21.18469 1.143352 -12.88052 0.7909743 -12.86802 0.7885443 -12.93439 1.144789 -12.88132 0.782587 -12.93839 1.143352 -12.93439 1.144789 21.05145 0.6345076 21.04093 0.6307677 20.82547 1.08861 21.04093 0.6307677 20.82809 1.091184 20.82547 1.08861 -12.87355 0.6411604 -12.97846 1.090667 -12.97478 1.091184 -12.97686 1.22169 -13.12617 1.10728 -12.85185 1.103236 20.82622 1.218713 20.93242 1.103236 20.64958 1.073011 -12.97836 0.9556091 -13.12617 1.10728 -12.97687 0.978907 20.64958 1.073011 20.82751 0.979416 20.82746 0.978907 -12.87097 0.7689129 -12.61494 1.027556 -12.61786 1.031203 -12.87797 21.05757 -12.61682 21.18445 -12.61494 21.18114 21.05757 0.7674642 21.04635 0.7806842 21.18178 1.031203 21.18109 1.134349 21.31347 1.010484 21.18318 1.191175 -12.6159 1.150983 -12.61882 0.9123795 -12.61851 1.134349 -12.41092 1.024437 -12.61247 0.8776641 -12.61554 0.890874 -12.41092 1.024437 -12.73293 1.010484 -12.61247 0.8776641 -12.24378 -0.4085114 -12.24665 0.3020247 -12.23724 0.3022197 -12.22134 -0.4094045 -12.23534 0.3018222 -12.2578 -0.4097606 -12.24378 -0.4085114 -12.23724 0.3022197 -12.22134 -0.4094045 23.86555 0.03830192 23.63832 0.3905553 23.87615 0.04985866 -12.24167 0.03830192 -12.10418 0.3882069 -12.1069 0.3878826 23.87691 0.04510463 23.63753 0.3882069 23.86555 0.03830192 -12.23469 0.04510463 -12.10726 0.3905553 -12.10418 0.3882069 23.63718 0.4882925 23.77617 0.348838 23.64055 0.3496696 23.63718 0.4882925 23.64074 0.5138252 23.77617 0.348838 23.64055 0.3496696 23.52675 0.3723707 23.64074 0.5138252 23.64074 0.5138252 23.52675 0.3723707 23.77617 0.348838 23.52675 0.3723707 23.6368 0.2846447 23.77617 0.348838 -12.10055 0.3496696 -12.10611 0.2818723 -12.10609 0.292861 23.64055 0.3496696 23.6368 0.2846447 23.63719 0.2818723 -12.24899 -0.002098152 -12.21814 0.2593379 -12.23757 -0.006791486 -12.23593 0.0004702099 -12.21658 0.260995 -12.24899 -0.002098152 23.86553 0.0004702099 23.9872 0.2592365 23.98449 0.260995 23.98625 0.3929056 23.83925 0.2569174 24.0504 0.2389303 -12.2167 0.4023868 -12.07962 0.1988809 -12.25955 0.2569174 -12.21643 0.4200348 -12.34159 0.2389303 -12.21545 0.1625936 -12.07962 23.92398 -12.21545 23.98877 -12.25955 23.83925 -12.34159 0.2389303 -12.21676 0.1164478 -12.21676 0.1164276 23.83925 0.2569174 23.98877 0.1625936 23.98625 0.1164478 -12.24716 -0.001725019 -12.38082 0.2664765 -12.23531 0.006212728 23.87625 -0.001725019 23.78723 0.2649566 23.78991 0.2664765 23.87531 0.006212728 23.78991 0.2664765 23.78701 0.266946 -12.38008 23.78839 -12.2637 23.9133 -12.23137 23.70416 23.78806 0.3694075 23.6816 0.2511485 23.78839 0.3902901 -12.38008 0.3902901 -12.4956 0.2185932 -12.2637 0.2562273 23.78839 0.3902901 23.6816 0.2511485 23.88197 0.2185932 -12.4956 23.88197 -12.45458 23.6816 -12.38011 23.7881 23.6816 0.2511485 23.78806 0.1580475 23.7881 0.1497459 23.9133 0.2562273 23.78862 0.1673965 23.78806 0.1580475 23.86402 0.0818243 23.8496 0.5305423 23.87903 0.08322265 -12.24381 0.0818243 -12.01496 0.5283862 -12.01749 0.5299326 -12.24429 0.08322265 -12.01496 0.5283862 -12.2341 0.07592382 23.84819 0.6284484 23.8478 0.6469838 23.98514 0.5688163 -11.84045 0.5674198 -12.12172 0.5150684 -12.0172 0.6469838 23.71188 0.5150684 23.84823 0.4089024 23.98514 0.5688163 -11.84045 23.86307 -12.0157 23.84936 -11.92345 23.72185 23.84936 0.419765 23.84818 0.4306537 23.72185 0.4700851 23.71188 0.5150684 23.84818 0.4306537 23.84823 0.4089024 -12.24898 -0.05640223 -12.39286 0.4328919 -12.2367 -0.05595979 23.87887 -0.05595979 24.06766 0.4344723 23.86679 -0.04935637 -12.2367 -0.05595979 -12.39286 0.4328919 -12.39082 0.4344723 -12.39268 0.5535178 -12.24777 0.4305636 -12.39268 0.5580929 24.06726 0.5535178 24.21416 0.4585719 23.99174 0.4305636 -12.39329 0.5906091 -12.24777 0.4305636 -12.55997 0.3931344 -12.35613 0.4585719 -12.55997 0.3931344 -12.39256 0.3006688 -12.24777 0.4305636 -12.3927 0.2997657 -12.55997 0.3931344 -12.24777 0.4305636 -12.39256 0.3006688 -12.3927 0.2997657 -12.55997 0.3931344 -12.3927 0.2997657 -12.39268 0.3174562 -12.24144 0.02121351 -12.25687 0.2975018 -12.2532 0.2983991 23.86879 0.01162444 23.6625 0.2975018 23.87801 0.02121351 23.86879 0.01162444 23.66085 0.2959986 23.6625 0.2975018 23.66236 0.4133391 23.66005 0.4590546 23.51865 0.3066837 23.6648 0.4403516 23.7827 0.3074263 23.66005 0.4590546 23.66236 0.4133391 23.51865 0.3066837 23.6648 0.4403516 23.6648 0.4403516 23.51865 0.3066837 23.58308 0.194101 23.7827 0.3074263 23.51865 0.3066837 23.66005 0.4590546 23.6648 0.4403516 23.58308 0.194101 23.7827 0.3074263 23.7827 0.3074263 23.6617 0.1535333 23.51865 0.3066837 23.66809 0.1600888 23.6617 0.1535333 23.7827 0.3074263 23.58308 0.194101 23.66809 0.1600888 23.7827 0.3074263 -12.24901 0.06183519 -12.15298 0.3659152 -12.23673 0.0545975 -12.24901 0.06183519 -12.15235 0.3671555 -12.15541 0.367584 23.87812 0.0545975 23.96527 0.3671555 23.86554 0.05973827 23.96817 0.436603 23.97132 0.3278009 23.96489 0.3286743 -12.15309 0.436603 -12.1601 0.3580021 -12.15312 0.3278009 -12.24164 -0.07318602 -12.45527 0.3186768 -12.45281 0.3204517 -12.23391 -0.067445 -12.45226 0.3208977 -12.2462 -0.07641332 -12.24164 -0.07318602 -12.45281 0.3204517 -12.23391 -0.067445 -12.45347 0.4024777 -12.32565 0.3312975 -12.45471 0.4309472 -12.45347 0.4335168 -12.32565 0.3312975 -12.45347 0.4024777 23.87559 0.4309472 24.0025 0.3347876 23.87551 0.4335168 23.87559 0.4309472 23.73155 0.3052155 24.0025 0.3347876 -12.32565 0.3312975 -12.45379 0.2039049 -12.45344 0.2244488 24.0025 0.3347876 23.87681 0.2039049 23.81153 0.3312975 23.73155 0.3052155 23.87552 0.2240096 24.0025 0.3347876 -12.32565 23.81153 -12.45344 23.87551 -12.56093 23.73155 23.86498 0.04279756 23.71018 0.2691382 23.87506 0.05295543 -12.23414 23.87605 -12.04335 23.70761 -12.24428 23.86498 -12.23414 0.04154739 -12.04385 0.2691382 -12.04134 0.2661988 23.7085 0.4071838 23.56826 0.2632994 23.7083 0.3725003 23.7085 0.4071838 23.84846 0.2512585 23.56826 0.2632994 23.71046 0.3581464 23.71084 0.1666004 23.84846 0.2512585 23.7083 0.3725003 23.56826 0.2632994 23.71084 0.1666004 23.56826 0.2632994 23.70841 0.1480425 23.71084 0.1666004 23.84846 0.2512585 23.71084 0.1666004 23.70624 0.1366432 23.90125 -0.4085114 23.86999 -0.4097606 23.86104 0.3020247 -12.2578 -0.4097606 -12.23534 0.3018222 -12.24665 0.3020247 23.88088 -0.4094045 23.86744 0.3022197 23.85695 0.3018222 23.86555 0.03830192 23.63562 0.3878826 23.63832 0.3905553 -12.23469 0.04510463 -12.24506 0.04985866 -12.10726 0.3905553 23.52675 0.3723707 23.64055 0.3496696 23.63718 0.292861 23.64055 0.3496696 23.77617 0.348838 23.6368 0.2846447 23.6368 0.2846447 23.52675 0.3723707 23.63718 0.292861 23.87263 -0.002098152 23.98449 0.260995 23.98765 0.2593379 23.86553 0.0004702099 23.8782 -0.006791486 23.9872 0.2592365 -12.23757 -0.006791486 -12.21814 0.2593379 -12.21514 0.2592365 -12.21676 0.3929056 -12.34159 0.2389303 -12.21643 0.4200348 23.98625 0.3929056 23.98616 0.4023868 23.83925 0.2569174 -12.2167 0.4023868 -12.21643 0.4200348 -12.07962 0.1988809 -12.21643 0.4200348 -12.21545 0.1625936 -12.07962 0.1988809 -12.34159 0.2389303 -12.21676 0.1164276 -12.21545 0.1625936 24.0504 0.2389303 23.83925 0.2569174 23.98625 0.1164478 23.87625 -0.001725019 23.86502 -0.003471354 23.78723 0.2649566 -12.24283 -0.003471354 -12.37839 0.266946 -12.38135 0.2649566 23.86502 -0.003471354 23.87531 0.006212728 23.78701 0.266946 -12.37992 0.3878032 -12.38008 0.3902901 -12.23137 0.2704232 23.78806 0.3694075 23.78798 0.3878032 23.6816 0.2511485 -12.45458 0.2511485 -12.37992 0.3878032 -12.23137 0.2704232 -12.45458 0.2511485 -12.23137 0.2704232 -12.37996 0.1580475 -12.23137 23.70416 -12.2637 23.9133 -12.37996 23.78806 -12.2637 23.9133 -12.4956 23.88197 -12.38014 23.78862 -12.4956 0.2185932 -12.38011 0.1497459 -12.38014 0.1673965 23.86402 0.0818243 23.84636 0.5299326 23.8496 0.5305423 -12.24381 0.0818243 -12.2341 0.07592382 -12.01496 0.5283862 -12.24429 0.08322265 -12.01804 0.5305423 -12.01496 0.5283862 -12.01681 0.6246033 -11.84045 0.5674198 -12.0172 0.6469838 -12.01681 23.84818 -12.11105 23.98514 -11.84045 23.86307 23.84818 0.6246033 23.84819 0.6284484 23.98514 0.5688163 23.8478 0.6469838 23.71188 0.5150684 23.98514 0.5688163 -12.12172 23.71188 -11.84045 23.86307 -11.92345 23.72185 -11.84045 0.5674198 -12.11105 0.5688163 -12.0157 0.419765 23.84936 0.419765 23.98514 0.5688163 23.84823 0.4089024 -12.12172 23.71188 -11.92345 23.72185 -12.01682 23.84818 23.87014 -0.05640223 24.06573 0.4341726 24.06901 0.4328919 -12.24898 -0.05640223 -12.23652 -0.04935637 -12.39401 0.4341726 -12.23652 -0.04935637 -12.39082 0.4344723 -12.39401 0.4341726 -12.39268 0.5580929 -12.24777 0.4305636 -12.39329 0.5906091 24.06726 0.5535178 24.06711 0.5906091 24.21416 0.4585719 24.06711 0.5906091 24.05352 0.3931344 24.21416 0.4585719 24.21416 0.4585719 24.06738 0.3006688 23.99174 0.4305636 -12.39256 0.3006688 -12.55997 0.3931344 -12.39268 0.3174562 -12.2474 0.01162444 -12.23539 0.0108447 -12.25468 0.2959986 23.86724 0.0108447 23.66316 0.2983991 23.66085 0.2959986 23.86724 0.0108447 23.87801 0.02121351 23.66316 0.2983991 -12.35599 0.194101 -12.24238 0.3066837 -12.25443 0.1535333 -12.24901 0.06183519 -12.15541 0.367584 -12.15298 0.3659152 -12.24901 0.06183519 -12.23648 0.05973827 -12.15235 0.3671555 23.87812 0.0545975 23.96882 0.3659152 23.96527 0.3671555 23.87989 -0.07318602 23.86723 -0.07641332 23.87525 0.3186768 -12.2462 -0.07641332 -12.45226 0.3208977 -12.45527 0.3186768 23.87194 -0.067445 23.87732 0.3204517 23.87406 0.3208977 23.87551 0.4335168 24.0025 0.3347876 23.81153 0.3312975 -12.45471 0.4309472 -12.32565 0.3312975 -12.56093 0.3052155 23.87681 0.2039049 24.0025 0.3347876 23.87552 0.2240096 23.73155 0.3052155 23.87551 0.2244488 23.87552 0.2240096 23.86498 0.04279756 23.70761 0.2659909 23.71018 0.2691382 -12.23414 23.87605 -12.04134 23.71027 -12.04335 23.70761 -12.23414 0.04154739 -12.24441 0.05295543 -12.04385 0.2691382 23.71046 0.3581464 23.84846 0.2512585 23.7085 0.4071838 23.7083 0.3725003 23.71084 0.1666004 23.71046 0.3581464 23.56826 0.2632994 23.70624 0.1366432 23.70841 0.1480425 23.56826 0.2632994 23.84846 0.2512585 23.70624 0.1366432 22.45635 -0.02032244 22.44943 0.5064458 22.45716 0.5065905 22.47052 -0.02098451 22.45731 0.5062958 22.44224 -0.02124856 -12.18162 -0.02032244 -12.15582 0.5065905 -12.16386 -0.02098451 22.45016 0.2450131 22.528 0.6771804 22.53057 0.6766272 -12.15368 0.2437343 -12.14998 0.6771804 -12.16288 0.2450131 -12.16009 0.242468 -12.15105 0.6766272 -12.14857 0.6766318 -12.15 0.7610374 -12.03108 0.6605009 -12.14991 0.7622845 -12.03108 0.6605009 -12.20778 0.6775927 -12.14993 0.7474117 22.43488 0.6775927 22.52986 0.5945358 22.63451 0.6842444 -12.19916 0.6842444 -12.14988 0.5858665 -12.03108 0.6605009 22.63451 0.6842444 22.52986 0.5945358 22.52957 0.5858665 -12.15441 0.3092015 -12.3051 0.5914272 -12.16372 0.3032358 22.45169 0.3092015 22.36036 0.5923219 22.35792 0.5914272 22.35916 0.6622494 22.35926 0.6741797 22.43906 0.6077251 22.35926 0.6741797 22.36335 0.5371462 22.43906 0.6077251 22.43906 0.6077251 22.36335 0.5371462 22.35912 0.5118909 22.44901 0.2581478 22.44056 0.4791138 22.46029 0.2597851 -12.15443 0.2546127 -12.05272 0.4778249 -12.16081 0.2581478 22.45472 0.2546127 22.44115 0.477932 22.43859 0.4778249 -12.05326 22.43991 -12.10744 22.37634 -12.15518 22.45122 -12.15518 22.45122 -12.10744 22.37634 -12.05223 22.44155 22.37634 0.474874 22.4399 0.3913626 22.44155 0.4264577 22.37634 0.474874 22.43894 0.4164547 22.4399 0.3913626 22.45713 0.3235171 22.61089 0.5053123 22.61296 0.5031284 22.45899 0.3290728 22.61269 0.5052074 22.45082 0.3339518 -12.15518 0.3290728 -12.29734 0.5031284 -12.29564 0.5052074 -12.29688 0.5946684 -12.37406 0.4960587 -12.16726 0.489181 22.52978 0.499759 22.73512 0.4960587 22.61232 0.6104051 -12.2967 0.6100955 -12.16726 0.489181 -12.37624 0.499759 22.73512 0.4960587 22.52978 0.499759 22.61219 0.413883 22.73512 0.4960587 22.61219 0.413883 22.61162 0.4022303 -12.37624 0.499759 -12.29662 0.4022303 -12.29692 0.3994393 -12.15685 0.2384306 -12.17135 0.4742872 -12.16482 0.2393952 22.45989 0.2444559 22.34193 0.474853 22.34313 0.4757244 22.34184 0.534188 22.42658 0.4443794 22.34105 0.566186 -12.17229 0.534188 -12.22738 0.4726901 -12.12178 0.4443794 22.34184 0.534188 22.22898 0.4871478 22.36248 0.4726901 22.34184 0.534188 22.34173 0.5561709 22.22898 0.4871478 22.34173 0.5561709 22.34105 0.566186 22.22898 0.4871478 22.34105 0.566186 22.42658 0.4443794 22.22898 0.4871478 22.22898 0.4871478 22.34123 0.3887573 22.36248 0.4726901 22.42658 0.4443794 22.34123 0.3887573 22.22898 0.4871478 -12.22738 22.36248 -12.17229 22.34184 -12.12178 22.42658 -12.22738 0.4726901 -12.17115 0.3887573 -12.17229 0.4102776 22.45536 0.3743531 22.51405 0.5112312 22.51609 0.5104036 -12.1575 0.3680694 -12.1077 0.5104036 -12.10512 0.5096561 -12.16513 0.3743531 -12.1077 0.5104036 -12.1575 0.3680694 -12.10579 0.5867658 -12.1153 0.4394299 -12.1074 0.5887237 22.51431 0.5867658 22.51651 0.5703831 22.51378 0.4373294 22.51471 0.5887237 22.51176 0.4394299 22.62019 0.4684822 22.51651 0.5703831 22.62019 0.4684822 22.51378 0.4373294 -12.15475 0.4020857 -12.26445 0.6434583 -12.16432 0.3967409 22.45151 0.4020857 22.45321 0.6443531 22.45089 0.6447967 22.46115 0.3992739 22.45097 0.6434583 22.45321 0.6443531 -12.38368 0.6382764 -12.26232 0.599768 -12.26229 0.7629298 -12.26367 0.7641751 -12.17784 0.6268179 -12.38368 0.6382764 -12.26232 0.599768 -12.17784 0.6268179 -12.26229 0.7629298 -12.38368 0.6382764 -12.17784 0.6268179 -12.2633 0.5305207 -12.17784 0.6268179 -12.26314 0.5449285 -12.2633 0.5305207 22.44903 0.2673112 22.33553 0.5940371 22.45878 0.273327 22.44903 0.2673112 22.33558 0.5926533 22.33353 0.5925945 -12.16319 0.273327 -12.02297 0.5926533 -12.15447 0.2678802 -12.02438 0.6750231 -12.14024 0.5702781 -12.02449 0.6915859 -12.02438 0.6750231 -12.0248 0.6870127 -12.14024 0.5702781 -12.0248 0.6870127 -12.02449 0.6915859 -11.93043 0.5885324 22.33525 0.6915859 22.46666 0.5784126 22.2764 0.5885324 22.3144 0.5702781 22.46666 0.5784126 22.33525 0.6915859 -11.93043 0.5885324 -12.14024 0.5702781 -12.0248 0.6870127 -11.99394 22.46666 -12.14024 22.3144 -12.02431 22.33513 -11.93043 0.5885324 -12.02448 0.5044621 -12.14024 0.5702781 -12.14024 0.5702781 -12.02448 0.5044621 -12.02431 0.4974285 -11.93043 0.5885324 -12.02438 0.5231214 -12.02448 0.5044621 -11.93043 0.5885324 -12.02431 0.4974285 -12.02438 0.5231214 22.45012 0.2793672 22.54312 0.4713933 22.54512 0.4699878 22.45731 0.2760194 22.54549 0.4700256 22.54312 0.4713933 -12.16196 0.2735772 -12.1772 0.4700256 -12.15425 0.2760194 -12.17808 22.5444 -12.11343 22.60902 -12.17237 22.53896 -12.17807 22.5444 -12.17237 22.53896 -12.28223 22.55555 -12.28223 0.4914371 -12.17921 0.3642257 -12.11343 0.4829027 22.54504 0.3642257 22.54497 0.3689472 22.60902 0.4829027 22.60902 0.4829027 22.54497 0.3689472 22.43104 0.433351 22.43104 0.433351 22.5444 0.3905879 22.55555 0.4914371 -12.18162 -0.02032244 -12.16016 -0.02124856 -12.1522 0.5064458 22.44224 -0.02124856 22.45731 0.5062958 22.44943 0.5064458 -12.16386 -0.02098451 -12.15582 0.5065905 -12.14783 0.5062958 22.45467 0.2437343 22.53022 0.6766318 22.528 0.6771804 22.45467 0.2437343 22.46104 0.242468 22.53022 0.6766318 22.46104 0.242468 22.45016 0.2450131 22.53057 0.6766272 -12.15 0.7610374 -12.19916 0.6842444 -12.03108 0.6605009 -12.14993 0.7474117 -12.14991 0.7622845 -12.03108 0.6605009 22.52956 0.7610374 22.43488 0.6775927 22.63451 0.6842444 22.52956 0.7610374 22.52955 0.7474117 22.43488 0.6775927 22.52986 0.5945358 22.43488 0.6775927 22.52956 0.6048653 -12.20778 0.6775927 -12.03108 0.6605009 -12.14988 0.6048653 -12.03108 0.6605009 -12.14988 0.5858665 -12.14988 0.6048653 -12.16372 0.3032358 -12.3051 0.5914272 -12.30719 0.5908507 22.45169 0.3092015 22.46084 0.3087904 22.36036 0.5923219 -12.16101 0.3087904 -12.30719 0.5908507 -12.30539 0.5923219 22.46084 0.3087904 22.45251 0.3032358 22.35981 0.5908507 -12.30607 0.6741797 -12.29092 0.5939099 -12.3 0.5371462 22.36328 0.5939099 22.35916 0.6622494 22.43906 0.6077251 22.36335 0.5371462 22.36328 0.5939099 22.34927 0.5109543 22.36328 0.5939099 22.43906 0.6077251 22.35912 0.5118909 22.34927 0.5109543 22.36328 0.5939099 22.35912 0.5118909 -12.16081 0.2581478 -12.05272 0.4778249 -12.05445 0.4791138 -12.15443 0.2546127 -12.16181 0.2597851 -12.05251 0.477932 -12.16181 0.2597851 -12.05445 0.4791138 -12.05251 0.477932 -12.05326 0.5592628 -12.15518 0.5214157 -12.05239 0.5552646 -12.05326 0.5592628 -12.05326 0.5524034 -12.15518 0.5214157 22.43991 0.5524034 22.44029 0.5552646 22.37634 0.474874 -12.15518 0.5214157 -12.05223 0.4264577 -12.05239 0.5552646 22.44029 0.5552646 22.43894 0.4164547 22.37634 0.474874 22.44029 0.5552646 22.44155 0.4264577 22.43894 0.4164547 22.45713 0.3235171 22.45082 0.3339518 22.61089 0.5053123 -12.15977 22.45082 -12.29564 22.61269 -12.2976 22.61089 -12.15518 0.3290728 -12.16266 0.3235171 -12.29734 0.5031284 -12.2967 0.6100955 -12.37624 0.499759 -12.2969 0.6104051 -12.2967 0.6100955 -12.29688 0.5946684 -12.16726 0.489181 22.61217 0.5946684 22.61232 0.6104051 22.73512 0.4960587 -12.16726 0.489181 -12.29662 0.4022303 -12.37624 0.499759 -12.16726 22.65426 -12.37406 22.73512 -12.29662 22.61162 22.52978 0.499759 22.61217 0.3994393 22.61219 0.413883 -12.16482 0.2393952 -12.17135 0.4742872 -12.17377 0.474853 22.45035 0.2384306 22.45989 0.2444559 22.34079 0.4742872 22.45989 0.2444559 22.34313 0.4757244 22.34079 0.4742872 22.45989 0.2444559 22.45278 0.2393952 22.34193 0.474853 22.34123 0.3887573 22.42658 0.4443794 22.34184 0.4101363 -12.22738 0.4726901 -12.17229 0.4102776 -12.17229 0.4101363 -12.16513 0.3743531 -12.15823 0.3742185 -12.10701 0.5112312 -12.15823 0.3742185 -12.10512 0.5096561 -12.10701 0.5112312 22.44947 0.3742185 22.45946 0.3680694 22.51509 0.5096561 22.51471 0.5887237 22.62019 0.4684822 22.51651 0.5703831 -12.10579 0.5867658 -12.10766 0.4373294 -12.1153 0.4394299 22.51378 0.4373294 22.62019 0.4684822 22.51517 0.4334789 -12.13425 22.62019 -12.1153 22.51176 -12.10647 22.51517 -12.15475 0.4020857 -12.26205 0.6447967 -12.26445 0.6434583 22.45151 0.4020857 22.46115 0.3992739 22.45321 0.6443531 22.46115 0.3992739 22.45237 0.3967409 22.45097 0.6434583 -12.26403 0.7648479 -12.38368 0.6382764 -12.26229 0.7629298 22.45153 0.7641751 22.45203 0.7629298 22.37672 0.6268179 -12.26367 0.7641751 -12.38368 0.6382764 -12.26403 0.7648479 -12.38368 0.6382764 -12.2633 0.5305207 -12.26232 0.599768 -12.17784 0.6268179 -12.26232 0.599768 -12.26314 0.5449285 22.44903 0.2673112 22.33353 0.5925945 22.33553 0.5940371 22.44903 0.2673112 22.4575 0.2678802 22.33558 0.5926533 -12.16319 0.273327 -12.02553 0.5940371 -12.02297 0.5926533 22.46666 0.5784126 22.33513 0.4974285 22.2764 0.5885324 22.45012 0.2793672 22.45731 0.2760194 22.54312 0.4713933 -12.16196 0.2735772 -12.17925 0.4699878 -12.1772 0.4700256 22.45976 0.2735772 22.45012 0.2793672 22.54512 0.4699878 -12.17808 0.5570836 -12.17807 0.5591366 -12.11343 0.4829027 -12.17807 0.5591366 -12.28223 0.4914371 -12.11343 0.4829027 22.43104 0.433351 22.53896 0.5591201 22.60902 0.4829027 -12.28223 0.4914371 -12.17237 0.5591201 -12.15909 0.433351 -12.17921 0.3642257 -12.28223 0.4914371 -12.17809 0.3905879 22.43104 0.433351 22.54497 0.3689472 22.5444 0.3905879 23.35246 -0.3259186 23.31702 0.4119615 23.32946 0.4121641 23.35262 -0.326846 23.32222 0.4117513 23.31597 -0.3272159 -12.99241 -0.3259186 -12.96137 0.4121641 -12.95841 -0.326846 23.32502 0.1758657 23.09264 0.4179962 23.09491 0.4204089 23.33346 0.1865163 23.09264 0.4179962 23.32502 0.1758657 -12.97337 23.33545 -12.98255 23.09535 -12.95996 23.33346 -12.98415 0.5291878 -12.98382 0.5333153 -12.98064 0.3904123 -12.98415 0.5291878 -12.98064 0.3904123 -13.02686 0.429193 23.09398 0.5333153 23.23102 0.4396208 23.09327 0.3904123 23.08702 0.429193 23.0944 0.3204241 23.23102 0.4396208 -13.02686 0.429193 -12.98404 0.3151736 -12.9842 0.3204241 23.0944 0.3204241 23.09327 0.3904123 23.23102 0.4396208 23.33295 0.1565989 23.43737 0.42268 23.44061 0.4208546 -12.96471 0.1566479 -12.87442 0.4208728 -12.87824 0.42268 23.33555 0.1493549 23.43802 0.4208728 23.32258 0.1566479 -12.97685 0.1565989 -12.87746 0.4208546 -12.96161 0.1493549 23.43864 0.5365722 23.64889 0.4045656 23.43735 0.557725 -12.87627 23.43735 -12.8621 23.64889 -12.66553 23.4516 -12.87627 0.557725 -12.66553 0.453922 -12.88295 0.2380927 -12.8621 23.64889 -12.87617 23.43877 -12.66553 23.4516 -13.07792 23.44102 -12.8767 23.43877 -12.8621 23.64889 23.32736 0.002396812 23.33002 0.478151 23.33945 0.005108956 -12.96148 0.008803553 -13.15402 0.4796073 -13.15749 0.4779967 23.33945 0.005108956 23.3276 0.4796073 23.32485 0.008803553 -13.1562 0.5989267 -13.15574 0.6280124 -13.34777 0.481992 23.33031 0.6302964 23.49717 0.4571305 23.32758 0.6280124 -13.34777 0.481992 -13.07981 0.4571305 -13.15473 0.6302964 -13.15574 0.6280124 -13.16475 0.4220968 -13.34777 0.481992 23.32758 0.6280124 23.49717 0.4571305 23.22317 0.4220968 23.49717 0.4571305 23.32796 0.3627876 23.22317 0.4220968 -13.34777 0.481992 -13.15621 0.3696433 -13.15628 0.3627876 23.32158 0.185496 23.25981 0.6345073 23.25596 0.6340031 -12.97423 0.1896828 -12.8774 0.6345073 -12.96197 0.1870122 23.258 0.7458299 23.25787 0.7761291 23.13761 0.5974386 -12.87577 0.7761291 -12.99178 0.72983 -12.80225 0.5908714 -12.87907 0.766975 -12.81006 0.5974386 -12.99178 0.72983 23.28952 0.72983 23.26043 0.5136079 23.42232 0.5908714 23.28952 0.72983 23.13761 0.5974386 23.26043 0.5136079 23.13761 0.5974386 23.25791 0.5043304 23.26043 0.5136079 23.26043 0.5136079 23.25801 0.4941231 23.42232 0.5908714 23.33146 0.1811806 23.62423 0.3628726 23.6259 0.3592178 23.32761 0.1929417 23.62599 0.3602809 23.62423 0.3628726 -12.96283 23.33468 -13.01831 23.6259 -13.01446 23.62599 23.62673 0.490725 23.72118 0.229401 23.50327 0.4971922 23.50327 0.4971922 23.45056 0.2676688 23.72495 0.3539457 23.72118 0.229401 23.45056 0.2676688 23.50327 0.4971922 -13.19305 0.3539457 -12.88079 0.229401 -13.01531 0.490725 -12.88079 0.229401 -13.01661 0.2221229 -13.01655 0.2162943 -12.88079 0.229401 -13.01665 0.2337898 -13.01661 0.2221229 -13.03161 23.45056 -13.01665 23.62541 -13.19305 23.72495 23.45056 0.2676688 23.62535 0.2162943 23.62541 0.2337898 23.33311 0.02253675 23.13158 0.436362 23.13409 0.4370155 23.33525 0.03003191 23.1343 0.438728 23.32274 0.02183018 -12.97685 0.02253675 -13.11384 0.438728 -12.9616 0.03003191 -13.11628 23.13364 -13.11561 23.13343 -13.15349 22.96722 22.96722 0.4158108 23.14245 0.534047 23.13364 0.5805766 22.96722 0.4158108 23.13536 0.3199098 23.14245 0.534047 -12.96477 0.1024221 -12.79646 0.5206045 -12.79997 0.522145 23.33658 0.09911548 23.37751 0.5206045 23.32223 0.1024221 -12.97658 0.1066341 -12.79701 0.5204105 -12.96182 0.09911548 23.37896 0.6378533 23.37626 0.6727842 23.5404 0.520124 -12.61209 0.5527613 -12.80088 0.4386281 -12.80004 0.6727842 -12.80004 0.6727842 -12.80088 0.4386281 -12.90206 0.4720919 -12.7916 23.5404 -12.90206 23.38548 -12.7979 23.37917 -12.96664 0.05271771 -13.17562 0.4598151 -12.97541 0.04449986 23.338 0.05016409 23.44713 0.4621978 23.32197 0.05271771 -12.96183 0.05016409 -13.17562 0.4598151 -13.17217 0.4613172 23.44837 0.519964 23.58268 0.4636238 23.44901 0.5987772 23.44903 0.5631536 23.32875 0.448961 23.44837 0.519964 23.58268 0.4636238 23.44896 0.3439864 23.32875 0.448961 23.44837 0.519964 23.4487 0.3293092 23.58268 0.4636238 23.32875 0.448961 23.44896 0.3439864 23.44901 0.3657248 23.32588 0.1397702 23.10477 0.3169853 23.10711 0.3207475 23.32929 0.1383349 23.10657 0.3185465 23.10477 0.3169853 23.33619 0.1517677 23.10657 0.3185465 23.32929 0.1383349 23.14062 0.4955129 23.17723 0.3041906 23.10506 0.4508108 23.17723 0.3041906 22.97611 0.2721247 23.10506 0.4508108 22.97611 0.2721247 23.1082 0.1768402 23.14062 0.4955129 23.17723 0.3041906 23.10611 0.1853462 22.97611 0.2721247 -12.76887 0.3041906 -12.90008 0.1761335 -12.89994 0.1853462 -12.76887 23.17723 -12.90254 23.1082 -12.90008 23.10617 23.35246 -0.3259186 23.31597 -0.3272159 23.31702 0.4119615 -12.98032 -0.3272159 -12.95185 0.4117513 -12.9643 0.4119615 -12.95841 -0.326846 -12.96137 0.4121641 -12.95185 0.4117513 23.33545 0.1877746 23.32502 0.1758657 23.09491 0.4204089 23.33346 0.1865163 23.09535 0.4212134 23.09264 0.4179962 -12.97337 23.33545 -12.98619 23.09491 -12.98255 23.09535 23.09398 0.5333153 23.08702 0.429193 23.23102 0.4396208 -13.02686 0.429193 -12.98064 0.3904123 -12.98404 0.3151736 -12.97685 0.1565989 -12.96471 0.1566479 -12.87824 0.42268 -12.96161 0.1493549 -12.87746 0.4208546 -12.87442 0.4208728 23.43864 0.5365722 23.43877 0.5608882 23.64889 0.4045656 -12.8766 0.5608882 -12.87627 0.557725 -13.07792 0.4703743 -12.8766 23.43877 -13.07792 23.44102 -12.8621 23.64889 -12.87627 0.557725 -12.88295 0.2380927 -13.07792 0.4703743 -13.07792 23.44102 -12.88295 23.28733 -12.8767 23.43877 -12.66553 23.4516 -12.87617 23.43877 -12.88295 23.28733 23.43877 0.2811632 23.64889 0.4045656 23.43877 0.2968095 23.32736 0.002396812 23.32629 0.4779967 23.33002 0.478151 -12.97548 0.002396812 -12.96148 0.008803553 -13.15749 0.4779967 -12.96974 0.005108956 -13.1572 0.478151 -13.15402 0.4796073 -13.15473 0.6302964 -13.1562 0.5989267 -13.34777 0.481992 -13.07981 23.49717 -13.34777 23.32982 -13.15628 23.32796 -13.34777 23.32982 -13.16475 23.22317 -13.15621 23.32799 23.33622 0.1896828 23.32158 0.185496 23.25813 0.6350735 -12.96812 0.185496 -12.87836 0.6340031 -12.88124 0.6350735 23.32158 0.185496 23.33709 0.1870122 23.25981 0.6345073 -12.97423 0.1896828 -12.88124 0.6350735 -12.8774 0.6345073 -12.87577 0.7761291 -12.87907 0.766975 -12.99178 0.72983 23.25784 0.766975 23.258 0.7458299 23.13761 0.5974386 23.25787 0.7761291 23.42232 0.5908714 23.13761 0.5974386 23.13761 0.5974386 23.42232 0.5908714 23.25801 0.4941231 23.13761 0.5974386 23.25801 0.4941231 23.25791 0.5043304 23.33146 0.1811806 23.32761 0.1929417 23.62423 0.3628726 23.32761 0.1929417 23.33468 0.1791689 23.62599 0.3602809 -12.96283 23.33468 -12.97592 23.33146 -13.01831 23.6259 -13.01531 0.490725 -13.01664 0.4941099 -13.19305 0.3539457 -13.01664 23.62538 -13.00553 23.50327 -13.19305 23.72495 23.62538 0.4941099 23.62538 0.5283281 23.50327 0.4971922 23.62538 0.5283281 23.62673 0.490725 23.50327 0.4971922 -12.88079 23.72118 -13.19305 23.72495 -13.01665 23.62541 -13.03161 23.45056 -12.88079 23.72118 -13.01655 23.62535 -12.97685 0.02253675 -12.9647 0.02183018 -13.11594 0.436362 23.32274 0.02183018 23.1343 0.438728 23.13158 0.436362 -12.97685 0.02253675 -13.11771 0.4370155 -13.11384 0.438728 -13.11561 0.5809895 -13.11614 0.534047 -12.94048 0.4464078 -13.11561 0.5809895 -12.94048 0.4464078 -13.15349 0.4158108 -13.11614 0.534047 -13.11407 0.3199098 -12.94048 0.4464078 -13.15349 22.96722 -12.94048 23.12873 -13.11552 23.13338 -12.94048 0.4464078 -13.11562 0.3004242 -13.11552 0.3036352 -12.94048 0.4464078 -13.11407 0.3199098 -13.11562 0.3004242 22.96722 0.4158108 23.13338 0.3036352 23.13536 0.3199098 -12.97658 0.1066341 -12.96477 0.1024221 -12.79997 0.522145 23.33658 0.09911548 23.38087 0.5204105 23.37751 0.5206045 -12.97658 0.1066341 -12.79997 0.522145 -12.79701 0.5204105 -12.79806 0.6374585 -12.79808 0.6378533 -12.61209 0.5527613 -12.79808 23.37896 -12.7916 23.5404 -12.61209 23.36756 -12.79806 0.6374585 -12.61209 0.5527613 -12.80004 0.6727842 23.37626 0.6727842 23.38548 0.4720919 23.5404 0.520124 -12.61209 0.5527613 -12.7979 0.3836539 -12.80088 0.4386281 -12.61209 23.36756 -12.7916 23.5404 -12.7979 23.37917 -12.96664 0.05271771 -13.17273 0.4621978 -13.17562 0.4598151 23.338 0.05016409 23.45074 0.4613172 23.44713 0.4621978 -12.96183 0.05016409 -12.97541 0.04449986 -13.17562 0.4598151 23.44903 0.5631536 23.44901 0.5987772 23.32875 0.448961 23.32875 0.448961 23.44901 0.5987772 23.58268 0.4636238 23.44837 0.519964 23.32875 0.448961 23.4487 0.3293092 23.58268 0.4636238 23.4487 0.3293092 23.44896 0.3439864 23.4487 0.3293092 23.32875 0.448961 23.44901 0.3657248 23.33619 0.1517677 23.32588 0.1397702 23.10711 0.3207475 -12.97499 23.32588 -12.96049 23.32929 -12.90041 23.10477 -12.96766 23.33619 -12.90113 23.10711 -12.89792 23.10657 -12.91045 0.4955129 -12.90039 0.4628596 -12.932 0.2721247 23.10582 0.4628596 23.10506 0.4508108 22.97611 0.2721247 -12.76887 0.3041906 -12.91045 0.4955129 -12.90254 0.1768402 23.1082 0.1768402 22.97611 0.2721247 23.10611 0.1853462 20.46792 0.3712331 20.48839 0.9102746 20.47802 0.9104226 20.45934 0.3705556 20.48126 0.910121 20.49318 0.3702854 -12.43591 0.3712331 -12.46568 0.9104226 -12.46221 0.3705556 20.48387 0.7378002 20.6671 0.9146831 20.66594 0.9164456 20.47457 0.7455807 20.6671 0.9146831 20.48387 0.7378002 -12.45489 20.47636 -12.50749 20.66469 -12.46578 20.47457 -12.50652 0.9959116 -12.50685 0.9989268 -12.50949 0.8945323 -12.50652 0.9959116 -12.50949 0.8945323 -12.47523 0.9228626 20.66607 0.9989268 20.56427 0.9304805 20.66583 0.8945323 20.68217 0.9228626 20.66584 0.8434041 20.56427 0.9304805 -12.47523 0.9228626 -12.50663 0.8395684 -12.50645 0.8434041 20.66584 0.8434041 20.66583 0.8945323 20.56427 0.9304805 20.47917 0.7237253 20.37373 0.9181047 20.37102 0.9167712 -12.4648 0.7237611 -12.50606 0.9167845 -12.50326 0.9181047 20.47336 0.7184333 20.37227 0.9167845 20.48418 0.7237611 -12.45282 0.7237253 -12.50306 0.9167712 -12.46398 0.7184333 20.37236 1.001306 20.20581 0.9048717 20.37325 1.016759 -12.50479 20.37325 -12.46316 20.20581 -12.66455 20.3098 -12.50479 1.016759 -12.66455 0.9409279 -12.53693 0.7832587 -12.46316 20.20581 -12.50452 20.37213 -12.66455 20.3098 -12.34762 20.42056 -12.50411 20.37226 -12.46316 20.20581 20.48316 0.6110765 20.52629 0.9586278 20.47236 0.6130578 -12.46674 0.6157568 -12.31686 0.9596917 -12.3145 0.9585151 -12.45671 0.6130578 -12.31686 0.9596917 -12.46674 0.6157568 -12.31507 1.046858 -12.31553 1.068106 -12.16617 0.9614337 20.52545 1.069774 20.37751 0.9432717 20.52781 1.068106 20.57383 0.9614337 20.37751 0.9432717 20.52545 1.069774 -12.31553 1.068106 -12.33452 0.9176787 -12.16617 0.9614337 20.52781 1.068106 20.37751 0.9432717 20.61096 0.9176787 20.37751 0.9432717 20.52765 0.8743517 20.61096 0.9176787 -12.16617 0.9614337 -12.31507 0.87936 -12.31502 0.8743517 20.4858 0.7448354 20.51111 1.07285 20.51433 1.072482 -12.45404 0.747894 -12.54807 1.07285 -12.46332 0.745943 -12.54728 1.154175 -12.54981 1.176309 -12.63064 1.045771 -12.54981 20.51221 -12.45205 20.51653 -12.56588 20.36649 -12.54726 1.169622 -12.63064 1.045771 -12.45205 1.142486 20.51653 1.142486 20.51154 0.9845301 20.36649 1.040973 -12.45205 1.142486 -12.63064 1.045771 -12.54507 0.9845301 -12.63064 1.045771 -12.54718 0.9777526 -12.54507 0.9845301 20.51154 0.9845301 20.5129 0.9702959 20.36649 1.040973 20.48009 0.7416829 20.26346 0.8744138 20.26247 0.8717439 20.47974 0.7502746 20.26144 0.8725205 20.26346 0.8744138 -12.46325 20.47434 -12.34784 20.26247 -12.3508 20.26144 20.26109 0.9678135 20.15444 0.7769092 20.35432 0.9725379 -12.38824 0.9725379 -12.38114 0.8048649 -12.1878 0.8678924 20.15444 0.7769092 20.40165 0.8048649 20.35432 0.9725379 -12.1878 0.8678924 -12.43071 0.7769092 -12.34995 0.9678135 20.15444 0.7769092 20.26244 0.7715924 20.26246 0.7673344 20.15444 0.7769092 20.26244 0.7801153 20.26244 0.7715924 -12.38114 20.40165 -12.34925 20.26244 -12.1878 20.22918 20.40165 0.8048649 20.26246 0.7673344 20.26244 0.7801153 -12.45278 0.6257892 -12.39512 0.9280998 -12.39312 0.9285772 20.47359 0.6312647 20.66716 0.9298283 20.48406 0.6252731 -12.45278 0.6257892 -12.39606 0.9298283 -12.46407 0.6312647 -12.39434 20.66828 -12.39491 20.66827 -12.40689 20.80649 20.80649 0.9130866 20.66142 0.9994614 20.66828 1.033452 20.80649 0.9130866 20.6664 0.8430283 20.66142 0.9994614 -12.46485 0.6841477 -12.58151 0.9896412 -12.57862 0.9907666 20.47261 0.6817321 20.39977 0.9896412 20.48447 0.6841477 -12.45319 0.6872246 -12.58025 0.9894995 -12.46356 0.6817321 20.39906 1.075295 20.40163 1.100813 20.27234 0.9892902 -12.72685 1.013133 -12.57879 0.9297553 -12.57906 1.100813 -12.57906 1.100813 -12.57879 0.9297553 -12.4977 0.9542015 -12.54478 20.27234 -12.4977 20.41986 -12.57999 20.39885 -12.46346 0.6478372 -12.26986 0.945233 -12.45432 0.6418339 20.47152 0.6459718 20.4394 0.9469736 20.48513 0.6478372 -12.4632 0.6459718 -12.26986 0.945233 -12.27217 0.9463302 20.43924 0.9891734 20.33358 0.9480153 20.43788 1.046749 20.43813 1.020725 20.52458 0.9373037 20.43924 0.9891734 20.33358 0.9480153 20.43807 0.8606169 20.52458 0.9373037 20.43924 0.9891734 20.43896 0.8498949 20.33358 0.9480153 20.52458 0.9373037 20.43807 0.8606169 20.43815 0.8764974 20.48418 0.7114315 20.63697 0.8408919 20.63533 0.8436403 20.47793 0.7103829 20.63495 0.8420324 20.63697 0.8408919 20.47437 0.7201959 20.63495 0.8420324 20.47793 0.7103829 20.61168 0.9713111 20.54811 0.831545 20.63636 0.9386551 20.54811 0.831545 20.74452 0.80812 20.63636 0.9386551 20.74452 0.80812 20.63484 0.7385121 20.61168 0.9713111 20.54811 0.831545 20.63582 0.7447259 20.74452 0.80812 20.54811 0.831545 20.6358 0.7379958 20.63582 0.7447259 -12.6527 20.54811 -12.56629 20.63484 -12.5687 20.6358 20.46792 0.3712331 20.49318 0.3702854 20.48839 0.9102746 -12.45435 0.3702854 -12.47486 0.910121 -12.4665 0.9102746 -12.46221 0.3705556 -12.46568 0.9104226 -12.47486 0.910121 20.47636 0.7465 20.48387 0.7378002 20.66594 0.9164456 20.47457 0.7455807 20.66469 0.9170334 20.6671 0.9146831 -12.45489 20.47636 -12.50478 20.66594 -12.50749 20.66469 20.66607 0.9989268 20.68217 0.9228626 20.56427 0.9304805 -12.47523 0.9228626 -12.50949 0.8945323 -12.50663 0.8395684 -12.45282 0.7237253 -12.4648 0.7237611 -12.50326 0.9181047 -12.46398 0.7184333 -12.50306 0.9167712 -12.50606 0.9167845 20.37236 1.001306 20.37223 1.01907 20.20581 0.9048717 -12.50418 1.01907 -12.50479 1.016759 -12.34762 0.9529467 -12.50418 20.37223 -12.34762 20.42056 -12.46316 20.20581 -12.50479 1.016759 -12.53693 0.7832587 -12.34762 0.9529467 -12.34762 20.42056 -12.53693 20.49116 -12.50411 20.37226 -12.66455 20.3098 -12.50452 20.37213 -12.53693 20.49116 20.37213 0.8147229 20.20581 0.9048717 20.37226 0.8261529 20.48316 0.6110765 20.52925 0.9585151 20.52629 0.9586278 -12.45527 0.6110765 -12.46674 0.6157568 -12.3145 0.9585151 -12.45671 0.6130578 -12.31379 0.9586278 -12.31686 0.9596917 -12.31564 1.069774 -12.31507 1.046858 -12.16617 0.9614337 -12.3322 20.37751 -12.16617 20.57383 -12.31502 20.52765 -12.16617 20.57383 -12.33452 20.61096 -12.31507 20.52761 20.47598 0.747894 20.4858 0.7448354 20.51336 1.073264 -12.46241 0.7448354 -12.54829 1.072482 -12.54551 1.073264 20.4858 0.7448354 20.47226 0.745943 20.51111 1.07285 -12.45404 0.747894 -12.54551 1.073264 -12.54807 1.07285 -12.54981 1.176309 -12.54726 1.169622 -12.45205 1.142486 -12.54726 1.169622 -12.54728 1.154175 -12.63064 1.045771 20.51221 1.176309 20.36649 1.040973 20.58905 1.045771 20.58905 1.045771 20.36649 1.040973 20.5129 0.9702959 -12.63064 1.045771 -12.54729 0.9702959 -12.54718 0.9777526 -12.45391 20.48009 -12.46525 20.47974 -12.3492 20.26346 20.47974 0.7502746 20.47434 0.7402133 20.26144 0.8725205 -12.46325 20.47434 -12.45391 20.48009 -12.34784 20.26247 -12.34995 0.9678135 -12.34926 0.9702862 -12.1878 0.8678924 -12.34926 20.26246 -12.38824 20.35432 -12.1878 20.22918 20.26246 0.9702862 20.26246 0.9952836 20.35432 0.9725379 20.26246 0.9952836 20.26109 0.9678135 20.35432 0.9725379 -12.43071 20.15444 -12.1878 20.22918 -12.34925 20.26244 -12.38114 20.40165 -12.43071 20.15444 -12.34934 20.26246 -12.45278 0.6257892 -12.46478 0.6252731 -12.39512 0.9280998 20.48406 0.6252731 20.66716 0.9298283 20.66979 0.9280998 -12.45278 0.6257892 -12.39312 0.9285772 -12.39606 0.9298283 -12.39491 1.033754 -12.39225 0.9994614 -12.53178 0.9354385 -12.39491 20.66827 -12.53178 20.62837 -12.40689 20.80649 -12.39225 0.9994614 -12.39563 0.8430283 -12.53178 0.9354385 -12.40689 20.80649 -12.53178 20.62837 -12.39499 20.6683 -12.53178 0.9354385 -12.39488 0.8287936 -12.39499 0.8311393 -12.53178 0.9354385 -12.39563 0.8430283 -12.39488 0.8287936 20.80649 0.9130866 20.6683 0.8311393 20.6664 0.8430283 -12.45319 0.6872246 -12.46485 0.6841477 -12.57862 0.9907666 20.47261 0.6817321 20.39731 0.9894995 20.39977 0.9896412 20.47963 0.6872246 20.40009 0.9907666 20.39731 0.9894995 -12.57992 1.075006 -12.5799 1.075295 -12.72685 1.013133 -12.5799 20.39906 -12.54478 20.27234 -12.72685 20.36163 -12.57992 1.075006 -12.72685 1.013133 -12.57906 1.100813 20.40163 1.100813 20.41986 0.9542015 20.27234 0.9892902 -12.72685 1.013133 -12.57999 0.8895951 -12.57879 0.9297553 -12.72685 20.36163 -12.54478 20.27234 -12.57999 20.39885 -12.46346 0.6478372 -12.27264 0.9469736 -12.26986 0.945233 20.47152 0.6459718 20.43647 0.9463302 20.4394 0.9469736 -12.4632 0.6459718 -12.45432 0.6418339 -12.26986 0.945233 20.43813 1.020725 20.43788 1.046749 20.52458 0.9373037 20.52458 0.9373037 20.43788 1.046749 20.33358 0.9480153 20.43924 0.9891734 20.52458 0.9373037 20.43896 0.8498949 20.33358 0.9480153 20.43896 0.8498949 20.43807 0.8606169 20.43896 0.8498949 20.52458 0.9373037 20.43815 0.8764974 20.47437 0.7201959 20.48418 0.7114315 20.63533 0.8436403 -12.45601 20.48418 -12.4664 20.47793 -12.56879 20.63697 -12.45913 0.7201959 -12.56766 0.8436403 -12.57028 0.8420324 -12.5521 0.9713111 -12.56855 0.9474571 -12.57631 0.80812 20.63615 0.9474571 20.63636 0.9386551 20.74452 0.80812 -12.6527 0.831545 -12.5521 0.9713111 -12.56629 0.7385121 20.63484 0.7385121 20.74452 0.80812 20.63582 0.7447259 23.79378 -0.4578339 23.79611 0.02972976 23.80205 0.02986363 23.8118 -0.4584467 23.80453 0.02959087 23.78728 -0.4586911 23.79378 -0.4578339 23.80205 0.02986363 23.8118 -0.4584467 23.79963 -0.2142892 23.66968 0.08542287 23.6715 0.08629131 23.80299 -0.2119435 23.66968 0.08542287 23.79415 -0.2167988 -13.14944 -0.2119435 -13.16827 0.08629131 -13.16595 0.08664259 -13.1669 0.1834696 -13.06203 0.1036647 -13.16689 0.1851396 -13.1669 23.67101 -13.17934 23.58259 -13.29407 23.69 -13.06203 0.1036647 -13.29407 0.09909404 -13.16692 -0.01235696 -13.17934 0.1194313 -13.16699 -0.02494971 -13.29407 0.09909404 23.75485 0.1036647 23.67129 -0.01235696 23.58259 0.1194313 23.58259 0.1194313 23.67101 0.003180058 23.67102 -0.02494971 -13.15027 -0.2156855 -13.08032 0.1282082 -13.15895 -0.21506 -13.15027 -0.2156855 -13.07791 0.1278148 -13.08032 0.1282082 23.80431 -0.2179065 23.87807 0.1272899 23.79435 -0.2156855 -13.15243 -0.2179065 -13.08032 0.1282082 -13.07801 0.1272899 23.87808 0.2311208 23.99665 0.1072475 23.89358 0.04548893 -13.07808 0.176925 -13.07922 0.03988567 -13.08136 0.1949029 -13.07671 0.2311208 -13.0136 0.04548893 -13.07808 0.176925 23.87656 0.1949029 23.87639 0.03988567 23.99665 0.1072475 -13.07808 0.176925 -13.0136 0.04548893 -13.07922 0.03988567 -13.0136 0.04548893 -13.07892 0.05702367 -13.07922 0.03988567 -13.0136 0.04548893 -13.07899 0.03829687 -13.07892 0.05702367 -13.11753 23.99665 -13.07899 23.87709 -13.0136 23.89358 23.99665 0.1072475 23.87639 0.03988567 23.87709 0.03829687 -13.14926 -0.1665633 -13.32936 0.05388367 -13.15674 -0.173951 -13.14926 -0.1665633 -13.3286 0.0547246 -13.32749 0.0557134 -13.1565 -0.1733772 -13.3286 0.0547246 -13.14926 -0.1665633 23.80329 -0.1733772 23.79048 0.05388367 23.79295 0.0547246 -13.32848 0.1306419 -13.20828 0.07433477 -13.3285 0.135637 -13.32848 23.7915 -13.43564 23.84837 -13.31243 23.90672 -13.32846 0.1271324 -13.43564 0.06626118 -13.32848 0.1306419 -13.32846 23.79148 -13.37617 23.68449 -13.43564 23.84837 -13.3285 0.135637 -13.20828 0.07433477 -13.32846 0.1271324 -13.32848 23.7915 -13.31243 23.90672 -13.20828 23.8238 -13.32846 23.79148 -13.20828 23.8238 -13.37617 23.68449 -13.20828 0.07433477 -13.29929 -0.02228449 -13.37617 0.07284405 -13.43564 23.84837 -13.3285 23.79149 -13.31243 23.90672 23.70891 -0.02228449 23.79149 -0.01601998 23.79149 -0.01943731 23.70891 -0.02228449 23.79148 -0.01045393 23.79149 -0.01601998 23.80038 -0.1240046 23.75124 0.02467177 23.74894 0.02411398 -13.15691 -0.1194283 -13.10393 0.02467177 -13.14839 -0.1240046 -13.11097 0.06982035 -13.10031 0.09989193 -12.98728 0.02700064 -13.10031 0.09989193 -13.10961 -0.03776568 -12.98728 0.02700064 -13.10031 0.09989193 -13.16111 0.01533375 -13.10961 -0.03776568 -12.98728 0.02700064 -13.10961 -0.03776568 -13.10506 -0.0504981 -13.16111 0.01533375 -13.10506 -0.0504981 -13.10507 -0.03202117 -13.14969 -0.1568843 -13.17589 0.1386085 -13.15831 -0.1578516 23.79548 -0.1568843 23.92879 0.1374863 23.92658 0.1386085 23.79573 -0.1578516 23.92794 0.137703 23.80394 -0.161726 23.9278 0.2012865 23.92793 0.2110169 23.99396 0.1078461 -13.17624 23.92779 -13.11026 23.84297 -13.28162 23.87517 23.9278 0.2012865 23.84297 0.1532773 23.92779 0.2019642 -13.17626 0.2110169 -13.28162 0.1571448 -13.12041 0.1078461 -13.28162 0.1571448 -13.17643 0.06684091 -13.12041 0.1078461 -13.11026 0.1532773 -13.17643 0.06684091 -13.28162 0.1571448 23.92749 0.05356956 23.92781 0.06684091 23.84297 0.1532773 -13.14842 -0.228465 -13.21886 0.05499058 -13.15568 -0.2329584 23.80036 -0.228465 23.71457 0.05512666 23.7128 0.05499058 23.79413 -0.2329584 23.71457 0.05512666 23.80418 -0.2290733 -13.22021 0.1323465 -13.10031 0.05424794 -13.22022 0.1421247 -13.22021 0.1323465 -13.3096 0.05488528 -13.10031 0.05424794 -13.2202 0.1438209 -13.22022 0.1421247 -13.3096 0.05488528 -13.10031 0.05424794 -13.25868 0.03238359 -13.22022 0.1421247 -13.10031 0.05424794 -13.2202 -0.04681618 -13.22025 -0.03727714 -13.10031 0.05424794 -13.2202 -0.02713746 -13.2202 -0.04681618 -13.3096 0.05488528 -13.22025 -0.03727714 -13.2202 -0.02713746 -13.15228 -0.1121453 -13.07071 0.06021971 -13.07247 0.06125064 23.80026 -0.1150318 23.81515 0.06021971 23.79359 -0.1121453 -13.07161 0.1320113 -13.00036 0.04640534 -13.06624 0.133095 -13.06624 0.133095 -13.06795 0.02495217 -13.07398 0.07603447 -13.06624 0.133095 -13.00036 0.04640534 -13.06795 0.02495217 -13.07398 0.07603447 -13.06795 0.02495217 -13.07163 -0.01764563 23.8037 0.04640534 23.81652 -0.01764563 23.81617 -0.01788375 23.79334 -0.1792727 23.87985 0.1915988 23.80131 -0.1837775 23.8024 -0.1794975 23.87883 0.1930069 23.79334 -0.1792727 -13.15831 -0.1837775 -13.29967 0.192174 -13.149 -0.1794975 -13.30014 0.2815445 -13.40318 0.1918951 -13.30395 0.265136 -13.30019 0.2710796 -13.24805 0.1709911 -13.40318 0.1918951 23.88573 0.265136 23.78909 0.1709911 23.8795 0.2710796 -13.40318 0.1918951 -13.30059 0.1134236 -13.30395 0.265136 -13.24805 0.1709911 -13.30012 0.1168507 -13.40318 0.1918951 -13.40318 23.90261 -13.30018 23.87949 -13.30059 23.88219 23.88219 0.1134236 23.87946 0.1168507 23.78909 0.1709911 -13.14846 -0.08907633 -13.11215 0.1286871 -13.15908 -0.08649233 23.79754 -0.08907633 23.64219 0.1300951 23.6404 0.1286871 23.80336 -0.0829622 23.64219 0.1300951 23.79754 -0.08907633 -13.1518 -0.0829622 -13.11384 0.1302538 -13.11121 0.1300951 -13.11249 0.2540215 -13.06702 0.1917031 -13.15553 0.1225412 -13.11213 0.1628293 -13.11246 0.01257647 -13.06702 0.1917031 -13.15553 0.1225412 -13.11246 0.01257647 -13.11213 0.1628293 -13.17392 -0.4578339 -13.15036 -0.4586911 -13.14526 0.02972976 23.78728 -0.4586911 23.80453 0.02959087 23.79611 0.02972976 -13.16198 -0.4584467 -13.15079 0.02986363 -13.1436 0.02959087 -13.15943 -0.2142892 -13.15198 -0.2167988 -13.16645 0.08542287 23.80299 -0.2119435 23.67192 0.08664259 23.66968 0.08542287 -13.14944 -0.2119435 -13.15943 -0.2142892 -13.16827 0.08629131 -13.1669 0.1834696 -13.29407 0.09909404 -13.06203 0.1036647 23.67101 0.1834696 23.67101 0.1745363 23.58259 0.1194313 23.67101 0.1745363 23.67102 0.1851396 23.58259 0.1194313 23.67102 0.1851396 23.75485 0.1036647 23.58259 0.1194313 -13.16692 -0.01235696 -13.29407 0.09909404 -13.16699 -0.02494971 23.58259 0.1194313 23.67129 -0.01235696 23.67101 0.003180058 23.79435 -0.2156855 23.87807 0.1272899 23.87613 0.1278148 -13.15243 -0.2179065 -13.15895 -0.21506 -13.08032 0.1282082 23.87656 0.1949029 23.99665 0.1072475 23.87808 0.2311208 -13.14926 -0.1665633 -13.32749 0.0557134 -13.32936 0.05388367 23.80329 -0.1733772 23.79534 -0.173951 23.79048 0.05388367 23.68449 0.07284405 23.70891 -0.02228449 23.84837 0.06626118 -13.20828 23.8238 -13.31243 23.90672 -13.29929 23.70891 23.90672 0.05166536 23.79149 -0.01943731 23.79148 -0.01045393 -13.43564 23.84837 -13.29929 23.70891 -13.3285 23.79149 -13.29929 23.70891 -13.31243 23.90672 -13.32849 23.79148 -13.1575 -0.1225788 -13.10489 0.02411398 -13.1064 0.02534649 -13.1575 -0.1225788 -13.14839 -0.1240046 -13.10489 0.02411398 -13.15691 -0.1194283 -13.1064 0.02534649 -13.10393 0.02467177 23.80281 -0.1194283 23.79467 -0.1225788 23.75041 0.02534649 -13.11097 0.06982035 -12.98728 0.02700064 -13.10506 -0.0504981 -13.10961 -0.03776568 -13.16111 0.01533375 -13.10507 -0.03202117 -13.16111 0.01533375 -13.11097 0.06982035 -13.10506 -0.0504981 -13.15831 -0.1578516 -13.17589 0.1386085 -13.17767 0.137703 23.79548 -0.1568843 23.80394 -0.161726 23.92879 0.1374863 -13.15206 -0.161726 -13.17767 0.137703 -13.17513 0.1374863 -13.17626 0.2110169 -13.17624 0.2019642 -13.28162 0.1571448 23.9278 0.2012865 23.99396 0.1078461 23.84297 0.1532773 23.84297 0.1532773 23.99396 0.1078461 23.92749 0.05356956 23.92749 0.05356956 23.99396 0.1078461 23.9278 0.07981532 23.99396 0.1078461 23.92781 0.06684091 23.9278 0.07981532 -13.15568 -0.2329584 -13.21886 0.05499058 -13.22098 0.05409597 -13.14842 -0.228465 -13.15539 -0.2290733 -13.22068 0.05512666 23.79413 -0.2329584 23.71207 0.05409597 23.71457 0.05512666 -13.22021 0.1323465 -13.2202 0.1438209 -13.3096 0.05488528 23.77985 0.05488528 23.71314 0.1421247 23.57735 0.03238359 23.77985 0.05488528 23.57735 0.03238359 23.71315 -0.03727714 -13.25868 23.57735 -13.10031 23.71906 -13.22025 23.71315 -13.10031 0.05424794 -13.3096 0.05488528 -13.2202 -0.02713746 23.8024 -0.1099651 23.79359 -0.1121453 23.81524 0.06125064 23.80026 -0.1150318 23.8176 0.06039254 23.81515 0.06021971 -13.14879 -0.1150318 -13.15784 -0.1099651 -13.07153 0.06039254 23.8024 -0.1099651 23.81524 0.06125064 23.8176 0.06039254 -13.07161 0.1320113 -13.07398 0.07603447 -13.00036 0.04640534 -13.00036 0.04640534 -13.07398 0.07603447 -13.07163 -0.01764563 -13.06795 0.02495217 -13.00036 0.04640534 -13.07161 -0.01788375 -13.15353 -0.1792727 -13.29914 0.1930069 -13.30145 0.1915988 23.8024 -0.1794975 23.88097 0.192174 23.87883 0.1930069 -13.15831 -0.1837775 -13.30145 0.1915988 -13.29967 0.192174 -13.30014 0.2815445 -13.30019 0.2710796 -13.40318 0.1918951 23.88573 0.265136 23.88219 0.1134236 23.78909 0.1709911 -13.40318 0.1918951 -13.30012 0.1168507 -13.30018 0.1108074 23.79762 -0.08649233 23.6404 0.1286871 23.64167 0.1302538 23.80336 -0.0829622 23.79762 -0.08649233 23.64167 0.1302538 23.64527 0.1628293 23.6414 0.2540215 23.60178 0.1225412 -13.11249 0.2540215 -13.11229 0.2368263 -13.06702 0.1917031 -13.11229 0.2368263 -13.11213 0.1628293 -13.06702 0.1917031 -13.15553 0.1225412 -13.06702 0.1917031 -13.11245 0.01736775 -13.15553 0.1225412 -13.11245 0.01736775 -13.11246 0.01257647 -12.54429 0.3488808 -12.58983 1.259786 -12.57433 1.260036 -12.54537 0.3477359 -12.58378 1.259527 -12.59054 0.3472793 20.59154 0.3488808 20.55345 1.260036 20.54886 0.3477359 -12.56241 0.8038905 -12.6869 1.363836 -12.68195 1.365459 20.55047 0.808273 20.79149 1.363836 20.56792 0.7992018 20.55047 0.808273 20.79034 1.365459 20.78721 1.366115 20.78974 1.547015 20.53942 1.397917 20.78971 1.550135 -12.68476 20.78974 -12.75663 20.95082 -12.45194 20.89128 20.53942 1.397917 20.89128 1.389378 20.7893 1.181156 -12.75663 1.427374 -12.68459 1.15763 -12.45194 1.389378 20.53942 1.397917 20.7893 1.181156 20.95082 1.427374 20.95082 1.427374 20.78972 1.210184 20.78982 1.15763 -12.58329 0.8012819 -12.61372 1.443772 -12.56232 0.8024504 -12.58329 0.8012819 -12.61869 1.443036 -12.61372 1.443772 20.55139 0.7971324 20.34987 1.442056 20.5658 0.8012819 20.55139 0.7971324 20.35403 1.443772 20.34987 1.442056 -12.61866 1.636041 -12.426 1.404611 -12.70807 1.289229 -12.6184 1.534788 -12.61622 1.27876 -12.61246 1.568376 20.34849 1.636041 20.25638 1.289229 20.3532 1.534788 -12.61246 1.568376 -12.61622 1.27876 -12.426 1.404611 20.3532 1.534788 20.25638 1.289229 20.35395 1.27876 20.25638 1.289229 20.35242 1.310779 20.35395 1.27876 20.25638 1.289229 20.35255 1.275792 20.35242 1.310779 -12.426 20.19277 -12.61587 20.35255 -12.70807 20.25638 20.19277 1.404611 20.35395 1.27876 20.35255 1.275792 20.5569 0.8930558 20.76004 1.304912 20.57092 0.8792536 -12.58006 0.8930558 -12.2862 1.306484 -12.29005 1.308331 -12.56347 0.8803256 -12.2862 1.306484 -12.58006 0.8930558 20.55736 0.8803256 20.76004 1.304912 20.75512 1.306484 20.75742 1.448318 20.57732 1.343121 20.75752 1.457651 -12.28791 20.75742 -12.04887 20.77456 -12.19397 20.54768 -12.28797 1.441762 -12.04887 1.328037 -12.28791 1.448318 -12.28797 20.75743 -12.32024 20.98658 -12.04887 20.77456 20.75752 1.457651 20.57732 1.343121 20.75743 1.441762 -12.28791 20.75742 -12.19397 20.54768 -12.45528 20.57732 -12.28797 20.75743 -12.45528 20.57732 -12.32024 20.98658 20.57732 1.343121 20.8651 1.162609 20.98658 1.340336 -12.04887 20.77456 -12.28788 20.75746 -12.19397 20.54768 -12.42337 1.162609 -12.28782 1.174313 -12.28788 1.167928 -12.42337 1.162609 -12.2879 1.184712 -12.28782 1.174313 20.55374 0.9725674 20.5894 1.250336 20.59424 1.249294 -12.5633 0.9811172 -12.70608 1.250336 -12.5801 0.9725674 -12.69904 1.334687 -12.71031 1.390869 -12.89267 1.254687 -12.71031 1.390869 -12.69066 1.133686 -12.89267 1.254687 20.58271 1.390869 20.69036 1.23289 20.58591 1.133686 -12.89267 1.254687 -12.69066 1.133686 -12.7053 1.109898 20.69036 1.23289 20.59237 1.109898 20.59229 1.144418 -12.58307 0.9111389 -12.40174 1.463202 -12.56838 0.9093316 20.56331 0.9111389 20.36679 1.461105 20.37128 1.463202 20.57191 0.9093316 20.37087 1.46151 20.55161 0.9020932 20.36953 1.580302 20.36941 1.598481 20.2003 1.405729 -12.3999 20.36962 -12.5993 20.44244 -12.27863 20.56821 -12.40001 1.580302 -12.5993 1.490607 -12.3999 1.581568 20.36941 1.598481 20.56821 1.497833 20.2003 1.405729 20.56821 1.497833 20.36978 1.32912 20.2003 1.405729 -12.5993 1.490607 -12.39956 1.32912 -12.27863 1.497833 -12.40064 1.304326 -12.39956 1.32912 -12.5993 1.490607 20.5538 0.7774061 20.77425 1.30698 20.57185 0.7690112 -12.58009 0.7774061 -12.54904 1.307235 -12.55394 1.30698 20.57185 0.7690112 20.77319 1.307235 20.55471 0.7762697 -12.55131 1.451503 -12.74587 1.305593 -12.55131 1.469771 -12.55131 1.451503 -12.33173 1.306784 -12.74587 1.305593 -12.55132 1.47294 -12.55131 1.469771 -12.33173 1.306784 20.63947 1.305593 21.04278 1.264744 20.77511 1.469771 -12.74587 1.305593 -12.55133 1.116777 -12.55126 1.134599 -12.74587 1.305593 -12.55133 1.153542 -12.55133 1.116777 -12.33173 1.306784 -12.55126 1.134599 -12.55133 1.153542 -12.58071 0.9947239 -12.69467 1.31675 -12.69163 1.318676 20.55436 0.9893311 20.44756 1.31675 20.56919 0.9947239 -12.69208 1.450877 -12.82447 1.290941 -12.69997 1.452901 -12.69997 1.452901 -12.70178 1.25086 -12.68662 1.346296 -12.69997 1.452901 -12.82447 1.290941 -12.70178 1.25086 -12.68662 1.346296 -12.70178 1.25086 -12.6917 1.171276 -12.82447 1.290941 -12.6917 1.171276 -12.6921 1.170831 -12.57889 0.8693111 -12.24052 1.562203 -12.56252 0.8608948 20.55099 0.8688911 20.58045 1.564834 20.57091 0.8693111 -12.56252 0.8608948 -12.24233 1.563277 -12.57697 0.8688911 -12.24277 1.730247 -12.04634 1.562756 -12.23018 1.699591 -12.24301 1.710695 -12.42509 1.523702 -12.04634 1.562756 -12.23018 1.699591 -12.42509 1.523702 -12.24301 1.710695 -12.04634 1.562756 -12.23951 1.41615 -12.23018 1.699591 -12.42509 1.523702 -12.24316 1.422553 -12.04634 1.562756 -12.04634 20.64972 -12.24304 20.58043 -12.23951 20.57633 -12.23951 1.41615 -12.24316 1.422553 -12.42509 1.523702 -12.58298 1.037823 -12.80852 1.444666 -12.5651 1.042651 20.55855 1.037823 20.77961 1.447297 20.78359 1.444666 -12.57128 1.049246 -12.80821 1.447297 -12.58298 1.037823 -12.57128 20.55232 -12.80435 20.78323 -12.80821 20.77961 -12.80691 1.678826 -12.8964 1.562398 -12.77638 1.433184 -12.80345 1.508453 -12.80672 1.227739 -12.8964 1.562398 20.89372 1.433184 20.78185 1.227739 20.77541 1.508453 -12.54429 0.3488808 -12.59054 0.3472793 -12.58983 1.259786 20.57773 0.3472793 20.54177 1.259527 20.5576 1.259786 20.54886 0.3477359 20.55345 1.260036 20.54177 1.259527 -12.56241 0.8038905 -12.58064 0.7992018 -12.6869 1.363836 20.55047 0.808273 20.78721 1.366115 20.79149 1.363836 20.55047 0.808273 20.56657 0.8038905 20.79034 1.365459 20.78974 1.547015 20.89128 1.389378 20.53942 1.397917 20.78974 1.547015 20.78973 1.530325 20.95082 1.427374 20.78973 1.530325 20.78971 1.550135 20.95082 1.427374 20.78971 1.550135 20.53942 1.397917 20.95082 1.427374 -12.68443 1.181156 -12.45194 1.389378 -12.68459 1.15763 20.95082 1.427374 20.7893 1.181156 20.78972 1.210184 20.5658 0.8012819 20.34987 1.442056 20.35301 1.443036 20.55139 0.7971324 20.56462 0.8024504 20.35403 1.443772 20.35591 1.568376 20.19277 1.404611 20.34849 1.636041 -12.58006 0.8930558 -12.29005 1.308331 -12.2875 1.304912 20.55736 0.8803256 20.57092 0.8792536 20.76004 1.304912 -12.32024 20.98658 -12.42337 20.8651 -12.04887 20.77456 -12.45528 20.57732 -12.19397 20.54768 -12.42337 20.8651 20.54768 1.300768 20.75746 1.167928 20.75746 1.184712 -12.04887 20.77456 -12.42337 20.8651 -12.28788 20.75746 -12.42337 20.8651 -12.19397 20.54768 -12.2879 20.75746 -12.57084 0.9752312 -12.70687 1.249294 -12.70281 1.251597 20.57284 0.9752312 20.55374 0.9725674 20.59424 1.249294 -12.5633 0.9811172 -12.70281 1.251597 -12.70608 1.250336 20.55859 0.9811172 20.57284 0.9752312 20.59338 1.251597 -12.69904 1.334687 -12.89267 1.254687 -12.7053 1.109898 -12.69066 1.133686 -12.63601 1.23289 -12.70524 1.144418 20.69036 1.23289 20.60437 1.334687 20.59237 1.109898 -12.56838 0.9093316 -12.40174 1.463202 -12.39734 1.46151 -12.58307 0.9111389 -12.57023 0.9020932 -12.40071 1.461105 20.55161 0.9020932 20.37087 1.46151 20.36679 1.461105 20.36941 1.598481 20.36962 1.581568 20.56821 1.497833 -12.40001 20.36953 -12.42399 20.2003 -12.5993 20.44244 20.44244 1.490607 20.2003 1.405729 20.36986 1.304326 20.36986 1.304326 20.2003 1.405729 20.36959 1.35336 20.2003 1.405729 20.36978 1.32912 20.36959 1.35336 20.57185 0.7690112 20.77425 1.30698 20.7777 1.305309 -12.58009 0.7774061 -12.56441 0.7762697 -12.54904 1.307235 20.57185 0.7690112 20.7777 1.305309 20.77319 1.307235 -12.55131 1.451503 -12.55132 1.47294 -12.33173 1.306784 -12.33173 1.306784 -12.55131 1.469771 -12.62929 1.264744 -12.33173 20.75712 -12.62929 21.04278 -12.55126 20.77512 21.04278 1.264744 20.63947 1.305593 20.77512 1.134599 -12.74587 1.305593 -12.33173 1.306784 -12.55133 1.153542 -12.56217 0.9987971 -12.58071 0.9947239 -12.69163 1.318676 -12.57956 0.9893311 -12.69073 1.317073 -12.69467 1.31675 -12.57956 0.9893311 -12.56217 0.9987971 -12.69073 1.317073 20.56026 0.9987971 20.44926 1.318676 20.44433 1.317073 -12.69208 1.450877 -12.68662 1.346296 -12.82447 1.290941 -12.82447 1.290941 -12.68662 1.346296 -12.6917 1.171276 -12.70178 1.25086 -12.82447 1.290941 -12.6921 1.170831 -12.57889 0.8693111 -12.24546 1.564834 -12.24052 1.562203 -12.57697 0.8688911 -12.24233 1.563277 -12.24546 1.564834 20.56259 0.8608948 20.58115 1.562203 20.57741 1.563277 -12.24277 1.730247 -12.24301 1.710695 -12.04634 1.562756 -12.23018 1.699591 -12.23951 1.41615 -12.42509 1.523702 -12.04634 1.562756 -12.24316 1.422553 -12.24304 1.411262 -12.5651 1.042651 -12.80852 1.444666 -12.80435 1.447593 20.55232 1.049246 20.56956 1.042651 20.78323 1.447593 20.77541 1.508453 20.78226 1.678826 20.89372 1.433184 -12.80691 1.678826 -12.80712 1.6467 -12.8964 1.562398 -12.80712 1.6467 -12.80345 1.508453 -12.8964 1.562398 20.89372 1.433184 20.75595 1.562398 20.78275 1.23669 20.89372 1.433184 20.78275 1.23669 20.78185 1.227739 -12.16175 -0.3148892 -12.16722 0.1226189 -12.1593 0.122739 -12.14571 -0.3154391 -12.15864 0.1224942 -12.17529 -0.3156584 23.55076 -0.3148892 23.52362 0.122739 23.53293 -0.3154391 23.52248 -0.03976671 23.33281 0.1771311 23.5311 -0.03265072 -12.16294 23.52248 -12.07287 23.33195 -12.07516 23.33066 23.53087 -0.03557799 23.33195 0.1756851 23.52248 -0.03976671 -12.15653 -0.03557799 -12.07523 0.1771311 -12.07287 0.1756851 23.33182 0.2373121 23.44167 0.1514439 23.33403 0.151956 23.33182 0.2373121 23.33474 0.2530337 23.44167 0.1514439 23.33403 0.151956 23.24996 0.165934 23.33474 0.2530337 23.33474 0.2530337 23.24996 0.165934 23.44167 0.1514439 23.24996 0.165934 23.33153 0.1119173 23.44167 0.1514439 -12.06977 0.151956 -12.07441 0.1102102 -12.0744 0.1169764 23.33403 0.151956 23.33153 0.1119173 23.33183 0.1102102 -12.16814 -0.0646428 -12.13466 0.09633476 -12.1587 -0.06753269 -12.15842 -0.06306135 -12.13369 0.0973551 -12.16814 -0.0646428 23.52201 -0.06306135 23.61617 0.09627232 23.61414 0.0973551 23.61555 0.1785782 23.5032 0.09484438 23.67603 0.0837689 -12.13365 0.1844162 -12.03066 0.05910879 -12.17912 0.09484438 -12.13331 0.1952829 -12.22687 0.0837689 -12.13246 0.03676507 -12.03066 23.55556 -12.13246 23.61743 -12.17912 23.5032 -12.22687 0.0837689 -12.13369 0.008351143 -12.13369 0.008338694 23.5032 0.09484438 23.61743 0.03676507 23.61555 0.008351143 -12.16641 -0.06441304 -12.27855 0.1007304 -12.15715 -0.05952543 23.53134 -0.06441304 23.47196 0.09979446 23.47403 0.1007304 -12.15715 23.52966 -12.27855 23.47403 -12.27687 23.47155 -12.2781 23.47277 -12.17647 23.56184 -12.16771 23.39457 23.4725 0.1641095 23.39462 0.09129222 23.47277 0.1769677 -12.2781 0.1769677 -12.3616 0.0712465 -12.17647 0.09441943 23.47277 0.1769677 23.39462 0.09129222 23.55568 0.0712465 -12.3616 23.55568 -12.34529 23.39462 -12.27814 23.47254 23.39462 0.09129222 23.4725 0.03396588 23.47254 0.02885423 -12.17647 0.09441943 -12.27812 0.03972247 -12.27803 0.03396588 23.52145 -0.01296808 23.49207 0.2633272 23.53331 -0.01210706 -12.16474 -0.01296808 -11.98577 0.2619996 -11.98793 0.2629517 -12.16393 -0.01210706 -11.98577 0.2619996 -12.15637 -0.01660126 23.49086 0.3236122 23.49058 0.3350253 23.60624 0.2868941 -11.84718 0.2860342 -12.08075 0.2537992 -11.98759 0.3350253 23.39189 0.2537992 23.49092 0.1884282 23.60624 0.2868941 -11.84718 23.48851 -11.98628 23.4917 -11.92382 23.38391 23.4917 0.1951167 23.49085 0.2018214 23.38391 0.226101 23.39189 0.2537992 23.49085 0.2018214 23.49092 0.1884282 -12.16833 -0.09808019 -12.26576 0.2031995 -12.15796 -0.09780776 23.53257 -0.09780776 23.69355 0.2041727 23.52305 -0.09374174 -12.15796 -0.09780776 -12.26576 0.2031995 -12.26426 0.2041727 -12.26576 0.2774742 -12.15767 0.2017659 -12.26576 0.2802912 -12.26576 23.69338 -12.22525 23.80615 -12.15767 23.62234 -12.26625 0.3003129 -12.15767 0.2017659 -12.3986 0.1787192 -12.22525 0.2190118 -12.3986 0.1787192 -12.26565 0.121784 -12.15767 0.2017659 -12.26577 0.121228 -12.3986 0.1787192 -12.15767 0.2017659 -12.26565 0.121784 -12.26577 0.121228 -12.3986 0.1787192 -12.26577 0.121228 -12.26576 0.1321207 -12.16177 -0.05028879 -12.19112 0.119834 -12.18817 0.1203865 23.5255 -0.0561932 23.3638 0.119834 23.53227 -0.05028879 23.5255 -0.0561932 23.36232 0.1189084 23.3638 0.119834 23.36352 0.19116 23.36156 0.2193091 23.24935 0.1254876 23.36563 0.2077928 23.45547 0.1259449 23.36156 0.2193091 23.36352 0.19116 23.24935 0.1254876 23.36563 0.2077928 23.36563 0.2077928 23.24935 0.1254876 23.30916 0.05616558 23.45547 0.1259449 23.24935 0.1254876 23.36156 0.2193091 23.36563 0.2077928 23.30916 0.05616558 23.45547 0.1259449 23.45547 0.1259449 23.36297 0.03118627 23.24935 0.1254876 23.36792 0.03522278 23.36297 0.03118627 23.45547 0.1259449 -12.27551 0.05616558 -12.18796 0.03522278 -12.15207 0.1259449 -12.1682 -0.02527625 -12.08485 0.1619591 -12.15805 -0.02973281 -12.1682 -0.02527625 -12.08464 0.1627228 -12.08691 0.1629866 23.53199 -0.02973281 23.59388 0.1627228 23.52206 -0.02656741 23.59623 0.2054847 23.59871 0.1384904 23.59382 0.1390282 -12.08499 0.2054847 -12.09079 0.1570866 -12.08477 0.1384904 -12.16177 -0.1084147 -12.33038 0.1328723 -12.32827 0.1339652 -12.15631 -0.1048797 -12.3281 0.1342398 -12.16637 -0.1104019 -12.16177 -0.1084147 -12.32827 0.1339652 -12.15631 -0.1048797 -12.32893 0.1844722 -12.23339 0.1406434 -12.3299 0.2020021 -12.32893 0.2035843 -12.23339 0.1406434 -12.32893 0.1844722 23.5474 0.2020021 23.65009 0.1427925 23.54724 0.2035843 23.5474 0.2020021 23.44245 0.1245836 23.65009 0.1427925 -12.23339 0.1406434 -12.32908 0.06220229 -12.32891 0.07485204 23.65009 0.1427925 23.54828 0.06220229 23.48665 0.1406434 23.44245 0.1245836 23.54724 0.0745816 23.65009 0.1427925 -12.23339 23.48665 -12.32891 23.54723 -12.42505 23.44245 23.52224 -0.03699855 23.38434 0.1023693 23.53019 -0.03074391 -12.15617 23.53015 -12.01937 23.38228 -12.16504 23.52224 -12.15617 -0.03776834 -12.01956 0.1023693 -12.01758 0.1005593 23.38285 0.1873699 23.26233 0.09877404 23.38286 0.1660138 23.38285 0.1873699 23.48798 0.09135992 23.26233 0.09877404 23.38462 0.1571755 23.3849 0.03923229 23.48798 0.09135992 23.38286 0.1660138 23.26233 0.09877404 23.3849 0.03923229 23.26233 0.09877404 23.38286 0.02780535 23.3849 0.03923229 23.48798 0.09135992 23.3849 0.03923229 23.38102 0.0207863 23.55076 -0.3148892 23.52727 -0.3156584 23.51933 0.1226189 -12.17529 -0.3156584 -12.15864 0.1224942 -12.16722 0.1226189 23.53293 -0.3154391 23.52362 0.122739 23.5152 0.1224942 23.52248 -0.03976671 23.33066 0.1754853 23.33281 0.1771311 -12.15653 -0.03557799 -12.16476 -0.03265072 -12.07523 0.1771311 23.24996 0.165934 23.33403 0.151956 23.33182 0.1169764 23.33403 0.151956 23.44167 0.1514439 23.33153 0.1119173 23.33153 0.1119173 23.24996 0.165934 23.33182 0.1169764 23.52865 -0.0646428 23.61414 0.0973551 23.61676 0.09633476 23.52201 -0.06306135 23.53212 -0.06753269 23.61617 0.09627232 -12.1587 -0.06753269 -12.13466 0.09633476 -12.13234 0.09627232 -12.13368 0.1785782 -12.22687 0.0837689 -12.13331 0.1952829 23.61555 0.1785782 23.61547 0.1844162 23.5032 0.09484438 -12.13365 0.1844162 -12.13331 0.1952829 -12.03066 0.05910879 -12.13331 0.1952829 -12.13246 0.03676507 -12.03066 0.05910879 -12.22687 0.0837689 -12.13369 0.008338694 -12.13246 0.03676507 23.67603 0.0837689 23.5032 0.09484438 23.61555 0.008351143 23.53134 -0.06441304 23.52216 -0.06548834 23.47196 0.09979446 -12.16389 -0.06548834 -12.27687 0.1010194 -12.27919 0.09979446 -12.16389 -0.06548834 -12.15715 -0.05952543 -12.27687 0.1010194 -12.27801 0.1754365 -12.2781 0.1769677 -12.16771 0.1031605 23.4725 0.1641095 23.47243 0.1754365 23.39462 0.09129222 -12.34529 0.09129222 -12.27801 0.1754365 -12.16771 0.1031605 -12.34529 23.39462 -12.16771 23.39457 -12.27803 23.4725 -12.16771 23.39457 -12.17647 23.56184 -12.27803 23.4725 -12.17647 23.56184 -12.3616 23.55568 -12.27812 23.47295 -12.3616 0.0712465 -12.27814 0.02885423 -12.27812 0.03972247 23.52145 -0.01296808 23.48947 0.2629517 23.49207 0.2633272 -12.16474 -0.01296808 -12.15637 -0.01660126 -11.98577 0.2619996 -12.16393 -0.01210706 -11.98811 0.2633272 -11.98577 0.2619996 -11.98725 0.3212446 -11.84718 0.2860342 -11.98759 0.3350253 -11.98725 23.49086 -12.05053 23.60624 -11.84718 23.48851 23.49086 0.3212446 23.49086 0.3236122 23.60624 0.2868941 -11.98759 23.49058 -12.08075 23.39189 -12.05053 23.60624 -12.08075 23.39189 -11.84718 23.48851 -11.92382 23.38391 -11.84718 0.2860342 -12.05053 0.2868941 -11.98628 0.1951167 23.4917 0.1951167 23.60624 0.2868941 23.49092 0.1884282 -12.08075 23.39189 -11.92382 23.38391 -11.98725 23.49085 23.52668 -0.09808019 23.69228 0.2039881 23.69477 0.2031995 -12.16833 -0.09808019 -12.15878 -0.09374174 -12.26692 0.2039881 -12.15878 -0.09374174 -12.26426 0.2041727 -12.26692 0.2039881 -12.26576 0.2802912 -12.15767 0.2017659 -12.26625 0.3003129 23.69338 0.2774742 23.69332 0.3003129 23.80615 0.2190118 -12.26625 0.3003129 -12.3986 0.1787192 -12.22525 0.2190118 23.80615 0.2190118 23.69347 0.121784 23.62234 0.2017659 -12.26565 0.121784 -12.3986 0.1787192 -12.26576 0.1321207 -12.16719 -0.0561932 -12.15786 -0.05667332 -12.18952 0.1189084 23.52331 -0.05667332 23.36402 0.1203865 23.36232 0.1189084 23.52331 -0.05667332 23.53227 -0.05028879 23.36402 0.1203865 -12.27551 23.30916 -12.19119 23.24935 -12.18926 23.36297 -12.1682 -0.02527625 -12.08691 0.1629866 -12.08485 0.1619591 -12.1682 -0.02527625 -12.15885 -0.02656741 -12.08464 0.1627228 23.53199 -0.02973281 23.59673 0.1619591 23.59388 0.1627228 23.53377 -0.1084147 23.52417 -0.1104019 23.54717 0.1328723 -12.16637 -0.1104019 -12.3281 0.1342398 -12.33038 0.1328723 23.52689 -0.1048797 23.54861 0.1339652 23.54599 0.1342398 23.54724 0.2035843 23.65009 0.1427925 23.48665 0.1406434 -12.3299 23.5474 -12.23339 23.48665 -12.42505 23.44245 23.54828 0.06220229 23.65009 0.1427925 23.54724 0.0745816 23.44245 0.1245836 23.54723 0.07485204 23.54724 0.0745816 23.52224 -0.03699855 23.38228 0.1004313 23.38434 0.1023693 -12.15617 23.53015 -12.01758 23.38421 -12.01937 23.38228 -12.15617 -0.03776834 -12.16434 -0.03074391 -12.01956 0.1023693 23.38462 0.1571755 23.48798 0.09135992 23.38285 0.1873699 23.38286 0.1660138 23.3849 0.03923229 23.38462 0.1571755 23.26233 0.09877404 23.38102 0.0207863 23.38286 0.02780535 23.26233 0.09877404 23.48798 0.09135992 23.38102 0.0207863</float_array>
          <technique_common>
            <accessor source="#uv-array" count="6084" stride="2">
              <param name="S" type="float" />
              <param name="T" type="float" />
            </accessor>
          </technique_common>
        </source>
        <vertices id="vertices">
          <input semantic="POSITION" source="#positions" />
        </vertices>
        <triangles count="780" material="m0">
          <input semantic="VERTEX" source="#vertices" offset="0" />
          <input semantic="NORMAL" source="#normals" offset="1" />
          <input semantic="TEXCOORD" source="#uv" offset="2" set="0" />
          <p>0 0 0 4 0 1 3 0 2 2 1 3 5 1 4 1 1 5 0 2 6 3 2 7 2 2 8 7 3 9 9 3 10 6 3 11 8 4 12 11 4 13 10 4 14 6 5 15 11 5 16 8 5 17 6 6 18 9 6 19 11 6 20 19 11 33 23 11 34 22 11 35 21 12 36 23 12 37 20 12 38 21 13 39 22 13 40 24 13 41 37 23 69 39 23 70 36 23 71 38 24 72 41 24 73 40 24 74 36 25 75 41 25 76 38 25 77 53 33 99 55 33 100 52 33 101 53 34 102 56 34 103 55 34 104 64 40 120 68 40 121 67 40 122 65 41 123 68 41 124 64 41 125 77 48 144 81 48 145 80 48 146 78 49 147 81 49 148 77 49 149 78 50 150 82 50 151 81 50 152 92 56 168 95 56 169 91 56 170 92 57 171 96 57 172 95 57 173 91 58 174 94 58 175 93 58 176 105 61 183 109 61 184 108 61 185 106 62 186 109 62 187 105 62 188 106 63 189 110 63 190 109 63 191 107 64 192 110 64 193 106 64 194 123 71 213 125 71 214 122 71 215 121 72 216 126 72 217 123 72 218 121 73 219 124 73 220 126 73 221 0 78 234 1 78 235 4 78 236 1 79 237 5 79 238 4 79 239 2 80 240 3 80 241 5 80 242 7 81 243 10 81 244 9 81 245 7 82 246 8 82 247 10 82 248 19 87 261 20 87 262 23 87 263 21 88 264 24 88 265 23 88 266 21 89 267 19 89 268 22 89 269 37 97 291 40 97 292 39 97 293 37 98 294 38 98 295 40 98 296 36 99 297 39 99 298 41 99 299 51 105 315 52 105 316 54 105 317 52 106 318 55 106 319 54 106 320 53 107 321 51 107 322 56 107 323 51 108 324 54 108 325 56 108 326 65 112 336 69 112 337 68 112 338 65 113 339 66 113 340 69 113 341 66 114 342 67 114 343 69 114 344 66 115 345 64 115 346 67 115 347 78 118 354 79 118 355 82 118 356 79 119 357 80 119 358 82 119 359 79 120 360 77 120 361 80 120 362 91 126 378 95 126 379 94 126 380 92 127 381 93 127 382 96 127 383 93 128 384 94 128 385 96 128 386 107 137 411 108 137 412 110 137 413 107 138 414 105 138 415 108 138 416 121 147 441 122 147 442 124 147 443 122 148 444 125 148 445 124 148 446 123 149 447 126 149 448 125 149 449 135 156 468 139 156 469 138 156 470 137 157 471 140 157 472 136 157 473 135 158 474 138 158 475 137 158 476 142 159 477 146 159 478 145 159 479 143 160 480 146 160 481 142 160 482 143 161 483 144 161 484 146 161 485 155 169 507 158 169 508 160 169 509 156 170 510 158 170 511 155 170 512 155 171 513 160 171 514 157 171 515 171 179 537 174 179 538 170 179 539 172 180 540 175 180 541 171 180 542 172 181 543 173 181 544 175 181 545 185 186 558 188 186 559 187 186 560 186 187 561 189 187 562 188 187 563 184 188 564 189 188 565 186 188 566 199 191 573 203 191 574 202 191 575 200 192 576 204 192 577 203 192 578 199 193 579 204 193 580 201 193 581 215 200 600 218 200 601 214 200 602 215 201 603 216 201 604 218 201 605 229 209 627 233 209 628 232 209 629 230 210 630 233 210 631 229 210 632 228 211 633 231 211 634 230 211 635 242 215 645 245 215 646 244 215 647 243 216 648 245 216 649 242 216 650 243 217 651 244 217 652 246 217 653 257 222 666 259 222 667 256 222 668 258 223 669 260 223 670 257 223 671 258 224 672 259 224 673 261 224 674 135 231 693 136 231 694 139 231 695 136 232 696 140 232 697 139 232 698 137 233 699 138 233 700 140 233 701 141 234 702 145 234 703 144 234 704 141 235 705 142 235 706 145 235 707 143 236 708 141 236 709 144 236 710 156 240 720 159 240 721 158 240 722 156 241 723 157 241 724 159 241 725 157 242 726 160 242 727 159 242 728 170 248 744 174 248 745 173 248 746 171 249 747 175 249 748 174 249 749 172 250 750 170 250 751 173 250 752 184 257 771 185 257 772 187 257 773 185 258 774 186 258 775 188 258 776 184 259 777 187 259 778 189 259 779 199 270 810 200 270 811 203 270 812 200 271 813 201 271 814 204 271 815 199 272 816 202 272 817 204 272 818 213 277 831 217 277 832 216 277 833 213 278 834 214 278 835 217 278 836 214 279 837 218 279 838 217 279 839 215 280 840 213 280 841 216 280 842 228 286 858 232 286 859 231 286 860 228 287 861 229 287 862 232 287 863 230 288 864 231 288 865 233 288 866 241 294 882 242 294 883 244 294 884 243 295 885 246 295 886 245 295 887 243 296 888 241 296 889 244 296 890 257 305 915 260 305 916 259 305 917 258 306 918 261 306 919 260 306 920 258 307 921 256 307 922 259 307 923 270 312 936 274 312 937 273 312 938 272 313 939 275 313 940 271 313 941 270 314 942 273 314 943 272 314 944 276 315 945 280 315 946 279 315 947 278 316 948 280 316 949 277 316 950 276 317 951 281 317 952 278 317 953 290 323 969 294 323 970 293 323 971 292 324 972 295 324 973 291 324 974 292 325 975 293 325 976 295 325 977 290 326 978 293 326 979 292 326 980 304 330 990 306 330 991 303 330 992 304 331 993 308 331 994 307 331 995 305 332 996 306 332 997 308 332 998 319 338 1014 323 338 1015 322 338 1016 320 339 1017 323 339 1018 319 339 1019 335 349 1047 339 349 1048 338 349 1049 336 350 1050 339 350 1051 335 350 1052 337 351 1053 338 351 1054 340 351 1055 350 357 1071 352 357 1072 349 357 1073 351 358 1074 353 358 1075 350 358 1076 351 359 1077 354 359 1078 353 359 1079 349 360 1080 352 360 1081 354 360 1082 362 369 1107 366 369 1108 365 369 1109 363 370 1110 366 370 1111 362 370 1112 376 379 1137 379 379 1138 378 379 1139 377 380 1140 380 380 1141 379 380 1142 378 381 1143 381 381 1144 380 381 1145 391 386 1158 395 386 1159 394 386 1160 392 387 1161 396 387 1162 395 387 1163 393 388 1164 396 388 1165 392 388 1166 391 389 1167 394 389 1168 393 389 1169 270 394 1182 271 394 1183 274 394 1184 271 395 1185 275 395 1186 274 395 1187 272 396 1188 273 396 1189 275 396 1190 276 397 1191 277 397 1192 280 397 1193 278 398 1194 281 398 1195 280 398 1196 276 399 1197 279 399 1198 281 399 1199 290 405 1215 291 405 1216 294 405 1217 291 406 1218 295 406 1219 294 406 1220 304 412 1236 307 412 1237 306 412 1238 304 413 1239 305 413 1240 308 413 1241 305 414 1242 303 414 1243 306 414 1244 320 424 1272 324 424 1273 323 424 1274 320 425 1275 321 425 1276 324 425 1277 321 426 1278 322 426 1279 324 426 1280 321 427 1281 319 427 1282 322 427 1283 336 433 1299 340 433 1300 339 433 1301 336 434 1302 337 434 1303 340 434 1304 337 435 1305 335 435 1306 338 435 1307 350 441 1323 353 441 1324 352 441 1325 351 442 1326 349 442 1327 354 442 1328 363 443 1329 367 443 1330 366 443 1331 363 444 1332 364 444 1333 367 444 1334 364 445 1335 365 445 1336 367 445 1337 364 446 1338 362 446 1339 365 446 1340 376 449 1347 377 449 1348 379 449 1349 377 450 1350 378 450 1351 380 450 1352 378 451 1353 379 451 1354 381 451 1355 391 460 1380 392 460 1381 395 460 1382 393 461 1383 394 461 1384 396 461 1385 405 468 1404 409 468 1405 408 468 1406 407 469 1407 410 469 1408 406 469 1409 405 470 1410 408 470 1411 407 470 1412 412 471 1413 414 471 1414 411 471 1415 412 472 1416 416 472 1417 415 472 1418 413 473 1419 416 473 1420 412 473 1421 413 474 1422 414 474 1423 416 474 1424 426 482 1446 428 482 1447 425 482 1448 427 483 1449 429 483 1450 426 483 1451 427 484 1452 430 484 1453 429 484 1454 440 491 1473 443 491 1474 442 491 1475 440 492 1476 444 492 1477 443 492 1478 442 493 1479 443 493 1480 445 493 1481 457 501 1503 459 501 1504 456 501 1505 457 502 1506 461 502 1507 460 502 1508 456 503 1509 461 503 1510 458 503 1511 473 510 1530 475 510 1531 472 510 1532 472 511 1533 477 511 1534 474 511 1535 472 512 1536 475 512 1537 477 512 1538 487 520 1560 491 520 1561 490 520 1562 488 521 1563 491 521 1564 487 521 1565 488 522 1566 492 522 1567 491 522 1568 502 532 1596 504 532 1597 501 532 1598 502 533 1599 506 533 1600 505 533 1601 501 534 1602 506 534 1603 503 534 1604 511 537 1611 515 537 1612 514 537 1613 513 538 1614 516 538 1615 512 538 1616 511 539 1617 514 539 1618 513 539 1619 527 548 1644 529 548 1645 526 548 1646 528 549 1647 530 549 1648 527 549 1649 528 550 1650 529 550 1651 531 550 1652 405 557 1671 406 557 1672 409 557 1673 406 558 1674 410 558 1675 409 558 1676 407 559 1677 408 559 1678 410 559 1679 412 560 1680 415 560 1681 414 560 1682 413 561 1683 411 561 1684 414 561 1685 426 565 1695 429 565 1696 428 565 1697 427 566 1698 425 566 1699 430 566 1700 425 567 1701 428 567 1702 430 567 1703 440 574 1722 441 574 1723 444 574 1724 441 575 1725 445 575 1726 444 575 1727 441 576 1728 442 576 1729 445 576 1730 457 584 1752 460 584 1753 459 584 1754 457 585 1755 458 585 1756 461 585 1757 456 586 1758 459 586 1759 461 586 1760 473 595 1785 476 595 1786 475 595 1787 473 596 1788 474 596 1789 476 596 1790 474 597 1791 477 597 1792 476 597 1793 488 603 1809 489 603 1810 492 603 1811 489 604 1812 490 604 1813 492 604 1814 489 605 1815 487 605 1816 490 605 1817 502 607 1821 505 607 1822 504 607 1823 502 608 1824 503 608 1825 506 608 1826 501 609 1827 504 609 1828 506 609 1829 511 610 1830 512 610 1831 515 610 1832 512 611 1833 516 611 1834 515 611 1835 513 612 1836 514 612 1837 516 612 1838 527 617 1851 530 617 1852 529 617 1853 528 618 1854 531 618 1855 530 618 1856 528 619 1857 526 619 1858 529 619 1859 540 624 1872 544 624 1873 543 624 1874 542 625 1875 545 625 1876 541 625 1877 540 626 1878 543 626 1879 542 626 1880 547 627 1881 550 627 1882 549 627 1883 548 628 1884 550 628 1885 547 628 1886 546 629 1887 551 629 1888 548 629 1889 559 636 1908 563 636 1909 562 636 1910 560 637 1911 564 637 1912 563 637 1913 561 638 1914 564 638 1915 560 638 1916 559 639 1917 562 639 1918 561 639 1919 575 645 1935 577 645 1936 574 645 1937 576 646 1938 579 646 1939 578 646 1940 574 647 1941 579 647 1942 576 647 1943 589 655 1965 593 655 1966 592 655 1967 588 656 1968 593 656 1969 590 656 1970 603 664 1992 607 664 1993 606 664 1994 604 665 1995 608 665 1996 607 665 1997 605 666 1998 606 666 1999 608 666 2000 619 675 2025 623 675 2026 622 675 2027 621 676 2028 624 676 2029 620 676 2030 619 677 2031 624 677 2032 621 677 2033 634 681 2043 637 681 2044 636 681 2045 635 682 2046 637 682 2047 634 682 2048 633 683 2049 638 683 2050 635 683 2051 648 688 2064 650 688 2065 647 688 2066 649 689 2067 651 689 2068 648 689 2069 649 690 2070 650 690 2071 652 690 2072 662 696 2088 665 696 2089 664 696 2090 663 697 2091 666 697 2092 665 697 2093 661 698 2094 666 698 2095 663 698 2096 540 705 2115 541 705 2116 544 705 2117 541 706 2118 545 706 2119 544 706 2120 542 707 2121 543 707 2122 545 707 2123 546 708 2124 547 708 2125 549 708 2126 548 709 2127 551 709 2128 550 709 2129 546 710 2130 549 710 2131 551 710 2132 559 713 2139 560 713 2140 563 713 2141 561 714 2142 562 714 2143 564 714 2144 575 722 2166 578 722 2167 577 722 2168 575 723 2169 576 723 2170 578 723 2171 574 724 2172 577 724 2173 579 724 2174 588 728 2184 589 728 2185 591 728 2186 589 729 2187 592 729 2188 591 729 2189 589 730 2190 590 730 2191 593 730 2192 588 731 2193 591 731 2194 593 731 2195 603 737 2211 604 737 2212 607 737 2213 604 738 2214 605 738 2215 608 738 2216 605 739 2217 603 739 2218 606 739 2219 619 746 2238 620 746 2239 623 746 2240 620 747 2241 624 747 2242 623 747 2243 619 748 2244 622 748 2245 624 748 2246 633 756 2268 634 756 2269 636 756 2270 635 757 2271 638 757 2272 637 757 2273 633 758 2274 636 758 2275 638 758 2276 648 765 2295 651 765 2296 650 765 2297 649 766 2298 652 766 2299 651 766 2300 649 767 2301 647 767 2302 650 767 2303 661 773 2319 662 773 2320 664 773 2321 662 774 2322 663 774 2323 665 774 2324 661 775 2325 664 775 2326 666 775 2327 675 780 2340 679 780 2341 678 780 2342 677 781 2343 680 781 2344 676 781 2345 675 782 2346 678 782 2347 677 782 2348 682 783 2349 684 783 2350 681 783 2351 682 784 2352 686 784 2353 685 784 2354 683 785 2355 686 785 2356 682 785 2357 683 786 2358 684 786 2359 686 786 2360 696 794 2382 698 794 2383 695 794 2384 697 795 2385 699 795 2386 696 795 2387 697 796 2388 700 796 2389 699 796 2390 710 803 2409 713 803 2410 712 803 2411 710 804 2412 714 804 2413 713 804 2414 712 805 2415 713 805 2416 715 805 2417 727 813 2439 729 813 2440 726 813 2441 727 814 2442 731 814 2443 730 814 2444 726 815 2445 731 815 2446 728 815 2447 743 822 2466 745 822 2467 742 822 2468 742 823 2469 747 823 2470 744 823 2471 742 824 2472 745 824 2473 747 824 2474 757 832 2496 761 832 2497 760 832 2498 758 833 2499 761 833 2500 757 833 2501 758 834 2502 762 834 2503 761 834 2504 772 844 2532 774 844 2533 771 844 2534 772 845 2535 776 845 2536 775 845 2537 771 846 2538 776 846 2539 773 846 2540 781 849 2547 785 849 2548 784 849 2549 783 850 2550 786 850 2551 782 850 2552 781 851 2553 784 851 2554 783 851 2555 797 860 2580 799 860 2581 796 860 2582 798 861 2583 800 861 2584 797 861 2585 798 862 2586 799 862 2587 801 862 2588 675 869 2607 676 869 2608 679 869 2609 676 870 2610 680 870 2611 679 870 2612 677 871 2613 678 871 2614 680 871 2615 682 872 2616 685 872 2617 684 872 2618 683 873 2619 681 873 2620 684 873 2621 696 877 2631 699 877 2632 698 877 2633 697 878 2634 695 878 2635 700 878 2636 695 879 2637 698 879 2638 700 879 2639 710 886 2658 711 886 2659 714 886 2660 711 887 2661 715 887 2662 714 887 2663 711 888 2664 712 888 2665 715 888 2666 727 896 2688 730 896 2689 729 896 2690 727 897 2691 728 897 2692 731 897 2693 726 898 2694 729 898 2695 731 898 2696 743 907 2721 746 907 2722 745 907 2723 743 908 2724 744 908 2725 746 908 2726 744 909 2727 747 909 2728 746 909 2729 758 915 2745 759 915 2746 762 915 2747 759 916 2748 760 916 2749 762 916 2750 759 917 2751 757 917 2752 760 917 2753 772 919 2757 775 919 2758 774 919 2759 772 920 2760 773 920 2761 776 920 2762 771 921 2763 774 921 2764 776 921 2765 781 922 2766 782 922 2767 785 922 2768 782 923 2769 786 923 2770 785 923 2771 783 924 2772 784 924 2773 786 924 2774 797 929 2787 800 929 2788 799 929 2789 798 930 2790 801 930 2791 800 930 2792 798 931 2793 796 931 2794 799 931 2795 810 936 2808 814 936 2809 813 936 2810 812 937 2811 815 937 2812 811 937 2813 810 938 2814 813 938 2815 812 938 2816 817 939 2817 819 939 2818 816 939 2819 817 940 2820 821 940 2821 820 940 2822 818 941 2823 821 941 2824 817 941 2825 818 942 2826 819 942 2827 821 942 2828 831 950 2850 833 950 2851 830 950 2852 832 951 2853 834 951 2854 831 951 2855 832 952 2856 835 952 2857 834 952 2858 845 959 2877 848 959 2878 847 959 2879 845 960 2880 849 960 2881 848 960 2882 847 961 2883 848 961 2884 850 961 2885 862 969 2907 864 969 2908 861 969 2909 862 970 2910 866 970 2911 865 970 2912 861 971 2913 866 971 2914 863 971 2915 878 978 2934 880 978 2935 877 978 2936 877 979 2937 882 979 2938 879 979 2939 877 980 2940 880 980 2941 882 980 2942 892 988 2964 896 988 2965 895 988 2966 893 989 2967 896 989 2968 892 989 2969 893 990 2970 897 990 2971 896 990 2972 907 1000 3000 909 1000 3001 906 1000 3002 907 1001 3003 911 1001 3004 910 1001 3005 906 1002 3006 911 1002 3007 908 1002 3008 916 1005 3015 920 1005 3016 919 1005 3017 918 1006 3018 921 1006 3019 917 1006 3020 916 1007 3021 919 1007 3022 918 1007 3023 932 1016 3048 934 1016 3049 931 1016 3050 933 1017 3051 935 1017 3052 932 1017 3053 933 1018 3054 934 1018 3055 936 1018 3056 810 1025 3075 811 1025 3076 814 1025 3077 811 1026 3078 815 1026 3079 814 1026 3080 812 1027 3081 813 1027 3082 815 1027 3083 817 1028 3084 820 1028 3085 819 1028 3086 818 1029 3087 816 1029 3088 819 1029 3089 831 1033 3099 834 1033 3100 833 1033 3101 832 1034 3102 830 1034 3103 835 1034 3104 830 1035 3105 833 1035 3106 835 1035 3107 845 1042 3126 846 1042 3127 849 1042 3128 846 1043 3129 850 1043 3130 849 1043 3131 846 1044 3132 847 1044 3133 850 1044 3134 862 1052 3156 865 1052 3157 864 1052 3158 862 1053 3159 863 1053 3160 866 1053 3161 861 1054 3162 864 1054 3163 866 1054 3164 878 1063 3189 881 1063 3190 880 1063 3191 878 1064 3192 879 1064 3193 881 1064 3194 879 1065 3195 882 1065 3196 881 1065 3197 893 1071 3213 894 1071 3214 897 1071 3215 894 1072 3216 895 1072 3217 897 1072 3218 894 1073 3219 892 1073 3220 895 1073 3221 907 1075 3225 910 1075 3226 909 1075 3227 907 1076 3228 908 1076 3229 911 1076 3230 906 1077 3231 909 1077 3232 911 1077 3233 916 1078 3234 917 1078 3235 920 1078 3236 917 1079 3237 921 1079 3238 920 1079 3239 918 1080 3240 919 1080 3241 921 1080 3242 932 1085 3255 935 1085 3256 934 1085 3257 933 1086 3258 936 1086 3259 935 1086 3260 933 1087 3261 931 1087 3262 934 1087 3263 945 1092 3276 949 1092 3277 948 1092 3278 947 1093 3279 950 1093 3280 946 1093 3281 945 1094 3282 948 1094 3283 947 1094 3284 951 1095 3285 955 1095 3286 954 1095 3287 952 1096 3288 955 1096 3289 951 1096 3290 953 1097 3291 954 1097 3292 956 1097 3293 967 1103 3309 970 1103 3310 966 1103 3311 967 1104 3312 971 1104 3313 970 1104 3314 980 1108 3324 982 1108 3325 979 1108 3326 981 1109 3327 983 1109 3328 980 1109 3329 981 1110 3330 984 1110 3331 983 1110 3332 993 1115 3345 997 1115 3346 996 1115 3347 995 1116 3348 998 1116 3349 994 1116 3350 995 1117 3351 996 1117 3352 998 1117 3353 1009 1124 3372 1012 1124 3373 1008 1124 3374 1010 1125 3375 1011 1125 3376 1013 1125 3377 1023 1136 3408 1027 1136 3409 1026 1136 3410 1025 1137 3411 1026 1137 3412 1028 1137 3413 1023 1138 3414 1026 1138 3415 1025 1138 3416 1037 1143 3429 1039 1143 3430 1036 1143 3431 1037 1144 3432 1041 1144 3433 1040 1144 3434 1038 1145 3435 1039 1145 3436 1041 1145 3437 1051 1151 3453 1053 1151 3454 1050 1151 3455 1051 1152 3456 1055 1152 3457 1054 1152 3458 1050 1153 3459 1055 1153 3460 1052 1153 3461 1065 1165 3495 1069 1165 3496 1068 1165 3497 1066 1166 3498 1070 1166 3499 1069 1166 3500 1067 1167 3501 1070 1167 3502 1066 1167 3503 945 1174 3522 946 1174 3523 949 1174 3524 946 1175 3525 950 1175 3526 949 1175 3527 947 1176 3528 948 1176 3529 950 1176 3530 952 1177 3531 956 1177 3532 955 1177 3533 952 1178 3534 953 1178 3535 956 1178 3536 953 1179 3537 951 1179 3538 954 1179 3539 966 1187 3561 970 1187 3562 969 1187 3563 967 1188 3564 968 1188 3565 971 1188 3566 968 1189 3567 969 1189 3568 971 1189 3569 968 1190 3570 966 1190 3571 969 1190 3572 980 1196 3588 983 1196 3589 982 1196 3590 981 1197 3591 979 1197 3592 984 1197 3593 979 1198 3594 982 1198 3595 984 1198 3596 993 1205 3615 994 1205 3616 997 1205 3617 994 1206 3618 998 1206 3619 997 1206 3620 995 1207 3621 993 1207 3622 996 1207 3623 1008 1214 3642 1012 1214 3643 1011 1214 3644 1009 1215 3645 1010 1215 3646 1012 1215 3647 1010 1216 3648 1013 1216 3649 1012 1216 3650 1010 1217 3651 1008 1217 3652 1011 1217 3653 1023 1220 3660 1024 1220 3661 1027 1220 3662 1024 1221 3663 1028 1221 3664 1027 1221 3665 1024 1222 3666 1025 1222 3667 1028 1222 3668 1037 1227 3681 1040 1227 3682 1039 1227 3683 1037 1228 3684 1038 1228 3685 1041 1228 3686 1038 1229 3687 1036 1229 3688 1039 1229 3689 1051 1235 3705 1054 1235 3706 1053 1235 3707 1051 1236 3708 1052 1236 3709 1055 1236 3710 1050 1237 3711 1053 1237 3712 1055 1237 3713 1065 1239 3717 1066 1239 3718 1069 1239 3719 1067 1240 3720 1068 1240 3721 1070 1240 3722 1067 1241 3723 1065 1241 3724 1068 1241 3725 1080 1248 3744 1084 1248 3745 1083 1248 3746 1082 1249 3747 1085 1249 3748 1081 1249 3749 1080 1250 3750 1083 1250 3751 1082 1250 3752 1087 1251 3753 1090 1251 3754 1089 1251 3755 1088 1252 3756 1090 1252 3757 1087 1252 3758 1086 1253 3759 1091 1253 3760 1088 1253 3761 1099 1260 3780 1103 1260 3781 1102 1260 3782 1100 1261 3783 1104 1261 3784 1103 1261 3785 1101 1262 3786 1104 1262 3787 1100 1262 3788 1099 1263 3789 1102 1263 3790 1101 1263 3791 1115 1269 3807 1117 1269 3808 1114 1269 3809 1116 1270 3810 1119 1270 3811 1118 1270 3812 1114 1271 3813 1119 1271 3814 1116 1271 3815 1129 1279 3837 1133 1279 3838 1132 1279 3839 1128 1280 3840 1133 1280 3841 1130 1280 3842 1143 1288 3864 1147 1288 3865 1146 1288 3866 1144 1289 3867 1148 1289 3868 1147 1289 3869 1145 1290 3870 1146 1290 3871 1148 1290 3872 1159 1299 3897 1163 1299 3898 1162 1299 3899 1161 1300 3900 1164 1300 3901 1160 1300 3902 1159 1301 3903 1164 1301 3904 1161 1301 3905 1174 1305 3915 1177 1305 3916 1176 1305 3917 1175 1306 3918 1177 1306 3919 1174 1306 3920 1173 1307 3921 1178 1307 3922 1175 1307 3923 1188 1312 3936 1190 1312 3937 1187 1312 3938 1189 1313 3939 1191 1313 3940 1188 1313 3941 1189 1314 3942 1190 1314 3943 1192 1314 3944 1202 1320 3960 1205 1320 3961 1204 1320 3962 1203 1321 3963 1206 1321 3964 1205 1321 3965 1201 1322 3966 1206 1322 3967 1203 1322 3968 1080 1329 3987 1081 1329 3988 1084 1329 3989 1081 1330 3990 1085 1330 3991 1084 1330 3992 1082 1331 3993 1083 1331 3994 1085 1331 3995 1086 1332 3996 1087 1332 3997 1089 1332 3998 1088 1333 3999 1091 1333 4000 1090 1333 4001 1086 1334 4002 1089 1334 4003 1091 1334 4004 1099 1337 4011 1100 1337 4012 1103 1337 4013 1101 1338 4014 1102 1338 4015 1104 1338 4016 1115 1346 4038 1118 1346 4039 1117 1346 4040 1115 1347 4041 1116 1347 4042 1118 1347 4043 1114 1348 4044 1117 1348 4045 1119 1348 4046 1128 1352 4056 1129 1352 4057 1131 1352 4058 1129 1353 4059 1132 1353 4060 1131 1353 4061 1129 1354 4062 1130 1354 4063 1133 1354 4064 1128 1355 4065 1131 1355 4066 1133 1355 4067 1143 1361 4083 1144 1361 4084 1147 1361 4085 1144 1362 4086 1145 1362 4087 1148 1362 4088 1145 1363 4089 1143 1363 4090 1146 1363 4091 1159 1370 4110 1160 1370 4111 1163 1370 4112 1160 1371 4113 1164 1371 4114 1163 1371 4115 1159 1372 4116 1162 1372 4117 1164 1372 4118 1173 1380 4140 1174 1380 4141 1176 1380 4142 1175 1381 4143 1178 1381 4144 1177 1381 4145 1173 1382 4146 1176 1382 4147 1178 1382 4148 1188 1389 4167 1191 1389 4168 1190 1389 4169 1189 1390 4170 1192 1390 4171 1191 1390 4172 1189 1391 4173 1187 1391 4174 1190 1391 4175 1201 1397 4191 1202 1397 4192 1204 1397 4193 1202 1398 4194 1203 1398 4195 1205 1398 4196 1201 1399 4197 1204 1399 4198 1206 1399 4199 1215 1404 4212 1219 1404 4213 1218 1404 4214 1217 1405 4215 1220 1405 4216 1216 1405 4217 1215 1406 4218 1218 1406 4219 1217 1406 4220 1222 1407 4221 1225 1407 4222 1224 1407 4223 1223 1408 4224 1225 1408 4225 1222 1408 4226 1221 1409 4227 1226 1409 4228 1223 1409 4229 1234 1416 4248 1238 1416 4249 1237 1416 4250 1235 1417 4251 1239 1417 4252 1238 1417 4253 1236 1418 4254 1239 1418 4255 1235 1418 4256 1234 1419 4257 1237 1419 4258 1236 1419 4259 1250 1425 4275 1252 1425 4276 1249 1425 4277 1251 1426 4278 1254 1426 4279 1253 1426 4280 1249 1427 4281 1254 1427 4282 1251 1427 4283 1264 1435 4305 1268 1435 4306 1267 1435 4307 1263 1436 4308 1268 1436 4309 1265 1436 4310 1278 1444 4332 1282 1444 4333 1281 1444 4334 1279 1445 4335 1283 1445 4336 1282 1445 4337 1280 1446 4338 1281 1446 4339 1283 1446 4340 1294 1455 4365 1298 1455 4366 1297 1455 4367 1296 1456 4368 1299 1456 4369 1295 1456 4370 1294 1457 4371 1299 1457 4372 1296 1457 4373 1309 1461 4383 1312 1461 4384 1311 1461 4385 1310 1462 4386 1312 1462 4387 1309 1462 4388 1308 1463 4389 1313 1463 4390 1310 1463 4391 1323 1468 4404 1325 1468 4405 1322 1468 4406 1324 1469 4407 1326 1469 4408 1323 1469 4409 1324 1470 4410 1325 1470 4411 1327 1470 4412 1337 1476 4428 1340 1476 4429 1339 1476 4430 1338 1477 4431 1341 1477 4432 1340 1477 4433 1336 1478 4434 1341 1478 4435 1338 1478 4436 1215 1485 4455 1216 1485 4456 1219 1485 4457 1216 1486 4458 1220 1486 4459 1219 1486 4460 1217 1487 4461 1218 1487 4462 1220 1487 4463 1221 1488 4464 1222 1488 4465 1224 1488 4466 1223 1489 4467 1226 1489 4468 1225 1489 4469 1221 1490 4470 1224 1490 4471 1226 1490 4472 1234 1493 4479 1235 1493 4480 1238 1493 4481 1236 1494 4482 1237 1494 4483 1239 1494 4484 1250 1502 4506 1253 1502 4507 1252 1502 4508 1250 1503 4509 1251 1503 4510 1253 1503 4511 1249 1504 4512 1252 1504 4513 1254 1504 4514 1263 1508 4524 1264 1508 4525 1266 1508 4526 1264 1509 4527 1267 1509 4528 1266 1509 4529 1264 1510 4530 1265 1510 4531 1268 1510 4532 1263 1511 4533 1266 1511 4534 1268 1511 4535 1278 1517 4551 1279 1517 4552 1282 1517 4553 1279 1518 4554 1280 1518 4555 1283 1518 4556 1280 1519 4557 1278 1519 4558 1281 1519 4559 1294 1526 4578 1295 1526 4579 1298 1526 4580 1295 1527 4581 1299 1527 4582 1298 1527 4583 1294 1528 4584 1297 1528 4585 1299 1528 4586 1308 1536 4608 1309 1536 4609 1311 1536 4610 1310 1537 4611 1313 1537 4612 1312 1537 4613 1308 1538 4614 1311 1538 4615 1313 1538 4616 1323 1545 4635 1326 1545 4636 1325 1545 4637 1324 1546 4638 1327 1546 4639 1326 1546 4640 1324 1547 4641 1322 1547 4642 1325 1547 4643 1336 1553 4659 1337 1553 4660 1339 1553 4661 1337 1554 4662 1338 1554 4663 1340 1554 4664 1336 1555 4665 1339 1555 4666 1341 1555 4667 1350 1560 4680 1354 1560 4681 1353 1560 4682 1352 1561 4683 1355 1561 4684 1351 1561 4685 1350 1562 4686 1353 1562 4687 1352 1562 4688 1356 1563 4689 1360 1563 4690 1359 1563 4691 1358 1564 4692 1360 1564 4693 1357 1564 4694 1358 1565 4695 1359 1565 4696 1361 1565 4697 1372 1572 4716 1374 1572 4717 1371 1572 4718 1372 1573 4719 1375 1573 4720 1374 1573 4721 1373 1574 4722 1376 1574 4723 1372 1574 4724 1373 1575 4725 1374 1575 4726 1376 1575 4727 1386 1585 4755 1388 1585 4756 1385 1585 4757 1386 1586 4758 1390 1586 4759 1389 1586 4760 1387 1587 4761 1390 1587 4762 1386 1587 4763 1387 1588 4764 1388 1588 4765 1390 1588 4766 1403 1600 4800 1407 1600 4801 1406 1600 4802 1404 1601 4803 1407 1601 4804 1403 1601 4805 1416 1607 4821 1419 1607 4822 1415 1607 4823 1416 1608 4824 1420 1608 4825 1419 1608 4826 1415 1609 4827 1418 1609 4828 1417 1609 4829 1431 1617 4851 1434 1617 4852 1430 1617 4853 1431 1618 4854 1435 1618 4855 1434 1618 4856 1430 1619 4857 1435 1619 4858 1432 1619 4859 1446 1627 4881 1449 1627 4882 1448 1627 4883 1447 1628 4884 1449 1628 4885 1446 1628 4886 1459 1634 4902 1461 1634 4903 1458 1634 4904 1460 1635 4905 1462 1635 4906 1459 1635 4907 1458 1636 4908 1463 1636 4909 1460 1636 4910 1473 1644 4932 1476 1644 4933 1472 1644 4934 1473 1645 4935 1477 1645 4936 1476 1645 4937 1474 1646 4938 1477 1646 4939 1473 1646 4940 1474 1647 4941 1475 1647 4942 1477 1647 4943 1350 1651 4953 1351 1651 4954 1354 1651 4955 1351 1652 4956 1355 1652 4957 1354 1652 4958 1352 1653 4959 1353 1653 4960 1355 1653 4961 1356 1654 4962 1357 1654 4963 1360 1654 4964 1358 1655 4965 1361 1655 4966 1360 1655 4967 1358 1656 4968 1356 1656 4969 1359 1656 4970 1372 1663 4989 1376 1663 4990 1375 1663 4991 1373 1664 4992 1371 1664 4993 1374 1664 4994 1386 1666 4998 1389 1666 4999 1388 1666 5000 1387 1667 5001 1385 1667 5002 1388 1667 5003 1402 1673 5019 1406 1673 5020 1405 1673 5021 1402 1674 5022 1403 1674 5023 1406 1674 5024 1404 1675 5025 1405 1675 5026 1407 1675 5027 1404 1676 5028 1402 1676 5029 1405 1676 5030 1415 1680 5040 1419 1680 5041 1418 1680 5042 1416 1681 5043 1417 1681 5044 1420 1681 5045 1417 1682 5046 1418 1682 5047 1420 1682 5048 1430 1688 5064 1434 1688 5065 1433 1688 5066 1431 1689 5067 1432 1689 5068 1435 1689 5069 1430 1690 5070 1433 1690 5071 1435 1690 5072 1445 1696 5088 1446 1696 5089 1448 1696 5090 1447 1697 5091 1450 1697 5092 1449 1697 5093 1447 1698 5094 1445 1698 5095 1450 1698 5096 1445 1699 5097 1448 1699 5098 1450 1699 5099 1459 1703 5109 1462 1703 5110 1461 1703 5111 1460 1704 5112 1463 1704 5113 1462 1704 5114 1458 1705 5115 1461 1705 5116 1463 1705 5117 1472 1709 5127 1476 1709 5128 1475 1709 5129 1474 1710 5130 1472 1710 5131 1475 1710 5132 1485 1716 5148 1489 1716 5149 1488 1716 5150 1487 1717 5151 1490 1717 5152 1486 1717 5153 1485 1718 5154 1488 1718 5155 1487 1718 5156 1491 1719 5157 1495 1719 5158 1494 1719 5159 1493 1720 5160 1495 1720 5161 1492 1720 5162 1493 1721 5163 1494 1721 5164 1496 1721 5165 1507 1728 5184 1509 1728 5185 1506 1728 5186 1507 1729 5187 1510 1729 5188 1509 1729 5189 1508 1730 5190 1511 1730 5191 1507 1730 5192 1508 1731 5193 1509 1731 5194 1511 1731 5195 1521 1741 5223 1523 1741 5224 1520 1741 5225 1521 1742 5226 1525 1742 5227 1524 1742 5228 1522 1743 5229 1525 1743 5230 1521 1743 5231 1522 1744 5232 1523 1744 5233 1525 1744 5234 1538 1756 5268 1542 1756 5269 1541 1756 5270 1539 1757 5271 1542 1757 5272 1538 1757 5273 1551 1763 5289 1554 1763 5290 1550 1763 5291 1551 1764 5292 1555 1764 5293 1554 1764 5294 1550 1765 5295 1553 1765 5296 1552 1765 5297 1566 1773 5319 1569 1773 5320 1565 1773 5321 1566 1774 5322 1570 1774 5323 1569 1774 5324 1565 1775 5325 1570 1775 5326 1567 1775 5327 1581 1783 5349 1584 1783 5350 1583 1783 5351 1582 1784 5352 1584 1784 5353 1581 1784 5354 1594 1790 5370 1596 1790 5371 1593 1790 5372 1595 1791 5373 1597 1791 5374 1594 1791 5375 1593 1792 5376 1598 1792 5377 1595 1792 5378 1608 1800 5400 1611 1800 5401 1607 1800 5402 1608 1801 5403 1612 1801 5404 1611 1801 5405 1609 1802 5406 1612 1802 5407 1608 1802 5408 1609 1803 5409 1610 1803 5410 1612 1803 5411 1485 1807 5421 1486 1807 5422 1489 1807 5423 1486 1808 5424 1490 1808 5425 1489 1808 5426 1487 1809 5427 1488 1809 5428 1490 1809 5429 1491 1810 5430 1492 1810 5431 1495 1810 5432 1493 1811 5433 1496 1811 5434 1495 1811 5435 1493 1812 5436 1491 1812 5437 1494 1812 5438 1507 1819 5457 1511 1819 5458 1510 1819 5459 1508 1820 5460 1506 1820 5461 1509 1820 5462 1521 1822 5466 1524 1822 5467 1523 1822 5468 1522 1823 5469 1520 1823 5470 1523 1823 5471 1537 1829 5487 1541 1829 5488 1540 1829 5489 1537 1830 5490 1538 1830 5491 1541 1830 5492 1539 1831 5493 1540 1831 5494 1542 1831 5495 1539 1832 5496 1537 1832 5497 1540 1832 5498 1550 1836 5508 1554 1836 5509 1553 1836 5510 1551 1837 5511 1552 1837 5512 1555 1837 5513 1552 1838 5514 1553 1838 5515 1555 1838 5516 1565 1844 5532 1569 1844 5533 1568 1844 5534 1566 1845 5535 1567 1845 5536 1570 1845 5537 1565 1846 5538 1568 1846 5539 1570 1846 5540 1580 1852 5556 1581 1852 5557 1583 1852 5558 1582 1853 5559 1585 1853 5560 1584 1853 5561 1582 1854 5562 1580 1854 5563 1585 1854 5564 1580 1855 5565 1583 1855 5566 1585 1855 5567 1594 1859 5577 1597 1859 5578 1596 1859 5579 1595 1860 5580 1598 1860 5581 1597 1860 5582 1593 1861 5583 1596 1861 5584 1598 1861 5585 1607 1865 5595 1611 1865 5596 1610 1865 5597 1609 1866 5598 1607 1866 5599 1610 1866 5600 1620 1872 5616 1624 1872 5617 1623 1872 5618 1622 1873 5619 1625 1873 5620 1621 1873 5621 1620 1874 5622 1623 1874 5623 1622 1874 5624 1627 1875 5625 1629 1875 5626 1626 1875 5627 1627 1876 5628 1631 1876 5629 1630 1876 5630 1628 1877 5631 1631 1877 5632 1627 1877 5633 1628 1878 5634 1629 1878 5635 1631 1878 5636 1641 1886 5658 1643 1886 5659 1640 1886 5660 1642 1887 5661 1644 1887 5662 1641 1887 5663 1642 1888 5664 1645 1888 5665 1644 1888 5666 1655 1895 5685 1658 1895 5686 1657 1895 5687 1655 1896 5688 1659 1896 5689 1658 1896 5690 1657 1897 5691 1658 1897 5692 1660 1897 5693 1672 1905 5715 1674 1905 5716 1671 1905 5717 1672 1906 5718 1676 1906 5719 1675 1906 5720 1671 1907 5721 1676 1907 5722 1673 1907 5723 1688 1914 5742 1690 1914 5743 1687 1914 5744 1687 1915 5745 1692 1915 5746 1689 1915 5747 1687 1916 5748 1690 1916 5749 1692 1916 5750 1702 1924 5772 1706 1924 5773 1705 1924 5774 1703 1925 5775 1706 1925 5776 1702 1925 5777 1703 1926 5778 1707 1926 5779 1706 1926 5780 1717 1936 5808 1719 1936 5809 1716 1936 5810 1717 1937 5811 1721 1937 5812 1720 1937 5813 1716 1938 5814 1721 1938 5815 1718 1938 5816 1726 1941 5823 1730 1941 5824 1729 1941 5825 1728 1942 5826 1731 1942 5827 1727 1942 5828 1726 1943 5829 1729 1943 5830 1728 1943 5831 1742 1952 5856 1744 1952 5857 1741 1952 5858 1743 1953 5859 1745 1953 5860 1742 1953 5861 1743 1954 5862 1744 1954 5863 1746 1954 5864 1620 1961 5883 1621 1961 5884 1624 1961 5885 1621 1962 5886 1625 1962 5887 1624 1962 5888 1622 1963 5889 1623 1963 5890 1625 1963 5891 1627 1964 5892 1630 1964 5893 1629 1964 5894 1628 1965 5895 1626 1965 5896 1629 1965 5897 1641 1969 5907 1644 1969 5908 1643 1969 5909 1642 1970 5910 1640 1970 5911 1645 1970 5912 1640 1971 5913 1643 1971 5914 1645 1971 5915 1655 1978 5934 1656 1978 5935 1659 1978 5936 1656 1979 5937 1660 1979 5938 1659 1979 5939 1656 1980 5940 1657 1980 5941 1660 1980 5942 1672 1988 5964 1675 1988 5965 1674 1988 5966 1672 1989 5967 1673 1989 5968 1676 1989 5969 1671 1990 5970 1674 1990 5971 1676 1990 5972 1688 1999 5997 1691 1999 5998 1690 1999 5999 1688 2000 6000 1689 2000 6001 1691 2000 6002 1689 2001 6003 1692 2001 6004 1691 2001 6005 1703 2007 6021 1704 2007 6022 1707 2007 6023 1704 2008 6024 1705 2008 6025 1707 2008 6026 1704 2009 6027 1702 2009 6028 1705 2009 6029 1717 2011 6033 1720 2011 6034 1719 2011 6035 1717 2012 6036 1718 2012 6037 1721 2012 6038 1716 2013 6039 1719 2013 6040 1721 2013 6041 1726 2014 6042 1727 2014 6043 1730 2014 6044 1727 2015 6045 1731 2015 6046 1730 2015 6047 1728 2016 6048 1729 2016 6049 1731 2016 6050 1742 2021 6063 1745 2021 6064 1744 2021 6065 1743 2022 6066 1746 2022 6067 1745 2022 6068 1743 2023 6069 1741 2023 6070 1744 2023 6071</p>
        </triangles>
        <triangles count="132" material="m3">
          <input semantic="VERTEX" source="#vertices" offset="0" />
          <input semantic="NORMAL" source="#normals" offset="1" />
          <input semantic="TEXCOORD" source="#uv" offset="2" set="0" />
          <p>12 7 21 15 7 22 13 7 23 14 8 24 16 8 25 12 8 26 12 9 27 16 9 28 18 9 29 15 10 30 17 10 31 16 10 32 58 35 105 59 35 106 60 35 107 57 36 108 62 36 109 59 36 110 57 37 111 60 37 112 62 37 113 60 38 114 59 38 115 63 38 116 61 39 117 63 39 118 59 39 119 97 59 177 99 59 178 100 59 179 101 60 180 104 60 181 102 60 182 13 83 249 15 83 250 14 83 251 12 84 252 18 84 253 15 84 254 14 85 255 15 85 256 16 85 257 15 86 258 18 86 259 17 86 260 58 109 327 60 109 328 57 109 329 59 110 330 62 110 331 61 110 332 62 111 333 60 111 334 63 111 335 99 129 387 101 129 388 98 129 389 100 130 390 98 130 391 97 130 392 98 131 393 101 131 394 97 131 395 101 132 396 99 132 397 103 132 398 97 133 399 101 133 400 102 133 401 99 134 402 102 134 403 103 134 404 99 135 405 97 135 406 102 135 407 101 136 408 103 136 409 104 136 410 312 333 999 311 333 1000 313 333 1001 309 334 1002 311 334 1003 312 334 1004 315 335 1005 314 335 1006 311 335 1007 314 336 1008 316 336 1009 311 336 1010 313 337 1011 318 337 1012 315 337 1013 397 390 1170 400 390 1171 399 390 1172 399 391 1173 403 391 1174 398 391 1175 400 392 1176 401 392 1177 399 392 1178 398 393 1179 403 393 1180 400 393 1181 309 415 1245 315 415 1246 311 415 1247 309 416 1248 310 416 1249 315 416 1250 310 417 1251 312 417 1252 315 417 1253 312 418 1254 313 418 1255 315 418 1256 313 419 1257 311 419 1258 316 419 1259 316 420 1260 314 420 1261 317 420 1262 314 421 1263 318 421 1264 317 421 1265 314 422 1266 315 422 1267 318 422 1268 313 423 1269 316 423 1270 318 423 1271 397 462 1386 398 462 1387 400 462 1388 399 463 1389 402 463 1390 403 463 1391 399 464 1392 401 464 1393 402 464 1394 400 465 1395 403 465 1396 401 465 1397 401 466 1398 403 466 1399 404 466 1400 402 467 1401 401 467 1402 404 467 1403 609 667 2001 614 667 2002 612 667 2003 612 668 2004 615 668 2005 613 668 2006 614 669 2007 615 669 2008 612 669 2009 613 670 2010 614 670 2011 609 670 2012 614 671 2013 617 671 2014 616 671 2015 614 672 2016 618 672 2017 617 672 2018 615 673 2019 618 673 2020 613 673 2021 615 674 2022 616 674 2023 618 674 2024 609 740 2220 610 740 2221 613 740 2222 610 741 2223 612 741 2224 613 741 2225 610 742 2226 611 742 2227 612 742 2228 611 743 2229 609 743 2230 612 743 2231 614 744 2232 613 744 2233 618 744 2234 615 745 2235 614 745 2236 616 745 2237 973 1105 3315 974 1105 3316 975 1105 3317 974 1106 3318 977 1106 3319 975 1106 3320 975 1107 3321 977 1107 3322 978 1107 3323 1029 1139 3417 1035 1139 3418 1031 1139 3419 1029 1140 3420 1030 1140 3421 1033 1140 3422 1031 1141 3423 1035 1141 3424 1032 1141 3425 1030 1142 3426 1032 1142 3427 1033 1142 3428 974 1191 3573 972 1191 3574 977 1191 3575 972 1192 3576 973 1192 3577 975 1192 3578 977 1193 3579 972 1193 3580 976 1193 3581 972 1194 3582 975 1194 3583 978 1194 3584 976 1195 3585 972 1195 3586 978 1195 3587 1031 1223 3669 1032 1223 3670 1030 1223 3671 1029 1224 3672 1033 1224 3673 1035 1224 3674 1033 1225 3675 1032 1225 3676 1034 1225 3677 1032 1226 3678 1035 1226 3679 1034 1226 3680 1149 1291 3873 1154 1291 3874 1152 1291 3875 1152 1292 3876 1155 1292 3877 1153 1292 3878 1154 1293 3879 1155 1293 3880 1152 1293 3881 1153 1294 3882 1154 1294 3883 1149 1294 3884 1154 1295 3885 1157 1295 3886 1156 1295 3887 1154 1296 3888 1158 1296 3889 1157 1296 3890 1155 1297 3891 1158 1297 3892 1153 1297 3893 1155 1298 3894 1156 1298 3895 1158 1298 3896 1149 1364 4092 1150 1364 4093 1153 1364 4094 1150 1365 4095 1152 1365 4096 1153 1365 4097 1150 1366 4098 1151 1366 4099 1152 1366 4100 1151 1367 4101 1149 1367 4102 1152 1367 4103 1154 1368 4104 1153 1368 4105 1158 1368 4106 1155 1369 4107 1154 1369 4108 1156 1369 4109 1284 1447 4341 1289 1447 4342 1287 1447 4343 1287 1448 4344 1290 1448 4345 1288 1448 4346 1289 1449 4347 1290 1449 4348 1287 1449 4349 1288 1450 4350 1289 1450 4351 1284 1450 4352 1289 1451 4353 1292 1451 4354 1291 1451 4355 1289 1452 4356 1293 1452 4357 1292 1452 4358 1290 1453 4359 1293 1453 4360 1288 1453 4361 1290 1454 4362 1291 1454 4363 1293 1454 4364 1284 1520 4560 1285 1520 4561 1288 1520 4562 1285 1521 4563 1287 1521 4564 1288 1521 4565 1285 1522 4566 1286 1522 4567 1287 1522 4568 1286 1523 4569 1284 1523 4570 1287 1523 4571 1289 1524 4572 1288 1524 4573 1293 1524 4574 1290 1525 4575 1289 1525 4576 1291 1525 4577 1436 1620 4860 1438 1620 4861 1439 1620 4862 1436 1621 4863 1440 1621 4864 1438 1621 4865 1437 1622 4866 1439 1622 4867 1440 1622 4868 1438 1623 4869 1441 1623 4870 1439 1623 4871 1438 1624 4872 1443 1624 4873 1442 1624 4874 1438 1625 4875 1444 1625 4876 1443 1625 4877 1440 1626 4878 1442 1626 4879 1444 1626 4880 1436 1691 5073 1437 1691 5074 1440 1691 5075 1440 1692 5076 1439 1692 5077 1441 1692 5078 1440 1693 5079 1441 1693 5080 1442 1693 5081 1441 1694 5082 1438 1694 5083 1442 1694 5084 1438 1695 5085 1440 1695 5086 1444 1695 5087 1571 1776 5328 1573 1776 5329 1574 1776 5330 1571 1777 5331 1575 1777 5332 1573 1777 5333 1572 1778 5334 1574 1778 5335 1575 1778 5336 1573 1779 5337 1576 1779 5338 1574 1779 5339 1573 1780 5340 1578 1780 5341 1577 1780 5342 1573 1781 5343 1579 1781 5344 1578 1781 5345 1575 1782 5346 1577 1782 5347 1579 1782 5348 1571 1847 5541 1572 1847 5542 1575 1847 5543 1575 1848 5544 1574 1848 5545 1576 1848 5546 1575 1849 5547 1576 1849 5548 1577 1849 5549 1576 1850 5550 1573 1850 5551 1577 1850 5552 1573 1851 5553 1575 1851 5554 1579 1851 5555</p>
        </triangles>
        <triangles count="318" material="m2">
          <input semantic="VERTEX" source="#vertices" offset="0" />
          <input semantic="NORMAL" source="#normals" offset="1" />
          <input semantic="TEXCOORD" source="#uv" offset="2" set="0" />
          <p>27 14 42 28 14 43 26 14 44 25 15 45 26 15 46 30 15 47 26 16 48 28 16 49 30 16 50 25 17 51 30 17 52 29 17 53 27 18 54 29 18 55 28 18 56 31 19 57 32 19 58 29 19 59 31 20 60 30 20 61 33 20 62 32 21 63 33 21 64 35 21 65 30 22 66 34 22 67 33 22 68 70 42 126 74 42 127 73 42 128 70 43 129 71 43 130 74 43 131 71 44 132 75 44 133 74 44 134 74 45 135 76 45 136 73 45 137 71 46 138 72 46 139 75 46 140 74 47 141 75 47 142 76 47 143 128 74 222 130 74 223 127 74 224 129 75 225 134 75 226 131 75 227 131 76 228 132 76 229 130 76 230 131 77 231 134 77 232 133 77 233 27 90 270 25 90 271 29 90 272 30 91 273 31 91 274 29 91 275 28 92 276 32 92 277 30 92 278 28 93 279 29 93 280 32 93 281 30 94 282 32 94 283 34 94 284 32 95 285 35 95 286 34 95 287 32 96 288 31 96 289 33 96 290 71 116 348 73 116 349 72 116 350 72 117 351 73 117 352 76 117 353 127 150 450 130 150 451 129 150 452 128 151 453 131 151 454 130 151 455 128 152 456 129 152 457 131 152 458 130 153 459 134 153 460 129 153 461 130 154 462 132 154 463 134 154 464 132 155 465 131 155 466 133 155 467 177 182 546 179 182 547 180 182 548 178 183 549 179 183 550 177 183 551 180 184 552 182 184 553 178 184 554 180 185 555 181 185 556 182 185 557 219 202 606 223 202 607 222 202 608 219 203 609 224 203 610 223 203 611 220 204 612 221 204 613 224 204 614 219 205 615 222 205 616 221 205 617 221 206 618 222 206 619 224 206 620 226 207 621 227 207 622 223 207 623 225 208 624 226 208 625 224 208 626 176 251 753 177 251 754 180 251 755 176 252 756 180 252 757 178 252 758 178 253 759 182 253 760 179 253 761 180 254 762 183 254 763 181 254 764 180 255 765 179 255 766 183 255 767 179 256 768 182 256 769 183 256 770 219 281 843 220 281 844 224 281 845 222 282 846 225 282 847 224 282 848 222 283 849 223 283 850 225 283 851 223 284 852 224 284 853 226 284 854 225 285 855 223 285 856 227 285 857 326 340 1020 328 340 1021 327 340 1022 328 341 1023 329 341 1024 330 341 1025 325 342 1026 329 342 1027 328 342 1028 329 343 1029 327 343 1030 331 343 1031 329 344 1032 331 344 1033 332 344 1034 327 345 1035 330 345 1036 331 345 1037 330 346 1038 334 346 1039 333 346 1040 330 347 1041 332 347 1042 334 347 1043 331 348 1044 333 348 1045 332 348 1046 325 428 1284 326 428 1285 327 428 1286 325 429 1287 327 429 1288 329 429 1289 327 430 1290 328 430 1291 330 430 1292 329 431 1293 332 431 1294 330 431 1295 331 432 1296 330 432 1297 333 432 1298 433 485 1455 434 485 1456 436 485 1457 431 486 1458 437 486 1459 434 486 1460 432 487 1461 436 487 1462 435 487 1463 437 488 1464 435 488 1465 434 488 1466 436 489 1467 439 489 1468 438 489 1469 434 490 1470 435 490 1471 439 490 1472 507 535 1605 510 535 1606 509 535 1607 507 536 1608 508 536 1609 510 536 1610 517 540 1620 519 540 1621 521 540 1622 518 541 1623 519 541 1624 517 541 1625 521 542 1626 520 542 1627 518 542 1628 521 543 1629 522 543 1630 520 543 1631 519 544 1632 524 544 1633 523 544 1634 520 545 1635 524 545 1636 519 545 1637 522 546 1638 525 546 1639 520 546 1640 519 547 1641 523 547 1642 522 547 1643 433 568 1704 436 568 1705 432 568 1706 433 569 1707 431 569 1708 434 569 1709 431 570 1710 432 570 1711 437 570 1712 432 571 1713 435 571 1714 437 571 1715 436 572 1716 438 572 1717 435 572 1718 436 573 1719 434 573 1720 439 573 1721 518 613 1839 520 613 1840 519 613 1841 521 614 1842 519 614 1843 522 614 1844 524 615 1845 520 615 1846 525 615 1847 522 616 1848 523 616 1849 525 616 1850 565 640 1920 570 640 1921 566 640 1922 566 641 1923 570 641 1924 568 641 1925 566 642 1926 568 642 1927 573 642 1928 570 643 1929 571 643 1930 568 643 1931 569 644 1932 572 644 1933 570 644 1934 657 691 2073 655 691 2074 653 691 2075 654 692 2076 656 692 2077 657 692 2078 655 693 2079 658 693 2080 656 693 2081 657 694 2082 659 694 2083 655 694 2084 656 695 2085 658 695 2086 660 695 2087 670 699 2097 669 699 2098 667 699 2099 669 700 2100 671 700 2101 667 700 2102 671 701 2103 673 701 2104 670 701 2105 669 702 2106 672 702 2107 671 702 2108 669 703 2109 674 703 2110 672 703 2111 669 704 2112 673 704 2113 674 704 2114 565 715 2145 567 715 2146 570 715 2147 567 716 2148 566 716 2149 569 716 2150 567 717 2151 569 717 2152 570 717 2153 566 718 2154 573 718 2155 569 718 2156 569 719 2157 573 719 2158 572 719 2159 568 720 2160 571 720 2161 573 720 2162 571 721 2163 570 721 2164 572 721 2165 654 768 2304 653 768 2305 656 768 2306 656 769 2307 653 769 2308 655 769 2309 657 770 2310 656 770 2311 659 770 2312 655 771 2313 659 771 2314 658 771 2315 659 772 2316 656 772 2317 660 772 2318 670 776 2328 668 776 2329 671 776 2330 668 777 2331 667 777 2332 671 777 2333 669 778 2334 670 778 2335 673 778 2336 673 779 2337 671 779 2338 672 779 2339 703 797 2391 704 797 2392 706 797 2393 701 798 2394 707 798 2395 704 798 2396 702 799 2397 706 799 2398 705 799 2399 707 800 2400 705 800 2401 704 800 2402 706 801 2403 709 801 2404 708 801 2405 704 802 2406 705 802 2407 709 802 2408 777 847 2541 780 847 2542 779 847 2543 777 848 2544 778 848 2545 780 848 2546 787 852 2556 789 852 2557 791 852 2558 788 853 2559 789 853 2560 787 853 2561 791 854 2562 790 854 2563 788 854 2564 791 855 2565 792 855 2566 790 855 2567 789 856 2568 794 856 2569 793 856 2570 790 857 2571 794 857 2572 789 857 2573 792 858 2574 795 858 2575 790 858 2576 789 859 2577 793 859 2578 792 859 2579 703 880 2640 706 880 2641 702 880 2642 703 881 2643 701 881 2644 704 881 2645 701 882 2646 702 882 2647 707 882 2648 702 883 2649 705 883 2650 707 883 2651 706 884 2652 708 884 2653 705 884 2654 706 885 2655 704 885 2656 709 885 2657 788 925 2775 790 925 2776 789 925 2777 791 926 2778 789 926 2779 792 926 2780 794 927 2781 790 927 2782 795 927 2783 792 928 2784 793 928 2785 795 928 2786 838 953 2859 839 953 2860 841 953 2861 836 954 2862 842 954 2863 839 954 2864 837 955 2865 841 955 2866 840 955 2867 842 956 2868 840 956 2869 839 956 2870 841 957 2871 844 957 2872 843 957 2873 839 958 2874 840 958 2875 844 958 2876 912 1003 3009 915 1003 3010 914 1003 3011 912 1004 3012 913 1004 3013 915 1004 3014 922 1008 3024 924 1008 3025 926 1008 3026 923 1009 3027 924 1009 3028 922 1009 3029 926 1010 3030 925 1010 3031 923 1010 3032 926 1011 3033 927 1011 3034 925 1011 3035 924 1012 3036 929 1012 3037 928 1012 3038 925 1013 3039 929 1013 3040 924 1013 3041 927 1014 3042 930 1014 3043 925 1014 3044 924 1015 3045 928 1015 3046 927 1015 3047 838 1036 3108 841 1036 3109 837 1036 3110 838 1037 3111 836 1037 3112 839 1037 3113 836 1038 3114 837 1038 3115 842 1038 3116 837 1039 3117 840 1039 3118 842 1039 3119 841 1040 3120 843 1040 3121 840 1040 3122 841 1041 3123 839 1041 3124 844 1041 3125 923 1081 3243 925 1081 3244 924 1081 3245 926 1082 3246 924 1082 3247 927 1082 3248 929 1083 3249 925 1083 3250 930 1083 3251 927 1084 3252 928 1084 3253 930 1084 3254 1001 1118 3354 1004 1118 3355 1000 1118 3356 1002 1119 3357 1004 1119 3358 999 1119 3359 1003 1120 3360 1000 1120 3361 1002 1120 3362 1004 1121 3363 1002 1121 3364 1005 1121 3365 1004 1122 3366 1005 1122 3367 1006 1122 3368 1002 1123 3369 1006 1123 3370 1007 1123 3371 1003 1208 3624 1002 1208 3625 999 1208 3626 1003 1209 3627 1001 1209 3628 1000 1209 3629 1001 1210 3630 999 1210 3631 1004 1210 3632 1000 1211 3633 1006 1211 3634 1002 1211 3635 1000 1212 3636 1004 1212 3637 1006 1212 3638 1002 1213 3639 1007 1213 3640 1005 1213 3641 1105 1264 3792 1110 1264 3793 1106 1264 3794 1106 1265 3795 1110 1265 3796 1108 1265 3797 1106 1266 3798 1108 1266 3799 1113 1266 3800 1110 1267 3801 1111 1267 3802 1108 1267 3803 1109 1268 3804 1112 1268 3805 1110 1268 3806 1197 1315 3945 1195 1315 3946 1193 1315 3947 1194 1316 3948 1196 1316 3949 1197 1316 3950 1195 1317 3951 1198 1317 3952 1196 1317 3953 1197 1318 3954 1199 1318 3955 1195 1318 3956 1196 1319 3957 1198 1319 3958 1200 1319 3959 1210 1323 3969 1209 1323 3970 1207 1323 3971 1209 1324 3972 1211 1324 3973 1207 1324 3974 1211 1325 3975 1213 1325 3976 1210 1325 3977 1209 1326 3978 1212 1326 3979 1211 1326 3980 1209 1327 3981 1214 1327 3982 1212 1327 3983 1209 1328 3984 1213 1328 3985 1214 1328 3986 1105 1339 4017 1107 1339 4018 1110 1339 4019 1107 1340 4020 1106 1340 4021 1109 1340 4022 1107 1341 4023 1109 1341 4024 1110 1341 4025 1106 1342 4026 1113 1342 4027 1109 1342 4028 1109 1343 4029 1113 1343 4030 1112 1343 4031 1108 1344 4032 1111 1344 4033 1113 1344 4034 1111 1345 4035 1110 1345 4036 1112 1345 4037 1194 1392 4176 1193 1392 4177 1196 1392 4178 1196 1393 4179 1193 1393 4180 1195 1393 4181 1197 1394 4182 1196 1394 4183 1199 1394 4184 1195 1395 4185 1199 1395 4186 1198 1395 4187 1199 1396 4188 1196 1396 4189 1200 1396 4190 1210 1400 4200 1208 1400 4201 1211 1400 4202 1208 1401 4203 1207 1401 4204 1211 1401 4205 1209 1402 4206 1210 1402 4207 1213 1402 4208 1213 1403 4209 1211 1403 4210 1212 1403 4211 1240 1420 4260 1245 1420 4261 1241 1420 4262 1241 1421 4263 1245 1421 4264 1243 1421 4265 1241 1422 4266 1243 1422 4267 1248 1422 4268 1245 1423 4269 1246 1423 4270 1243 1423 4271 1244 1424 4272 1247 1424 4273 1245 1424 4274 1332 1471 4413 1330 1471 4414 1328 1471 4415 1329 1472 4416 1331 1472 4417 1332 1472 4418 1330 1473 4419 1333 1473 4420 1331 1473 4421 1332 1474 4422 1334 1474 4423 1330 1474 4424 1331 1475 4425 1333 1475 4426 1335 1475 4427 1345 1479 4437 1344 1479 4438 1342 1479 4439 1344 1480 4440 1346 1480 4441 1342 1480 4442 1346 1481 4443 1348 1481 4444 1345 1481 4445 1344 1482 4446 1347 1482 4447 1346 1482 4448 1344 1483 4449 1349 1483 4450 1347 1483 4451 1344 1484 4452 1348 1484 4453 1349 1484 4454 1240 1495 4485 1242 1495 4486 1245 1495 4487 1242 1496 4488 1241 1496 4489 1244 1496 4490 1242 1497 4491 1244 1497 4492 1245 1497 4493 1241 1498 4494 1248 1498 4495 1244 1498 4496 1244 1499 4497 1248 1499 4498 1247 1499 4499 1243 1500 4500 1246 1500 4501 1248 1500 4502 1246 1501 4503 1245 1501 4504 1247 1501 4505 1329 1548 4644 1328 1548 4645 1331 1548 4646 1331 1549 4647 1328 1549 4648 1330 1549 4649 1332 1550 4650 1331 1550 4651 1334 1550 4652 1330 1551 4653 1334 1551 4654 1333 1551 4655 1334 1552 4656 1331 1552 4657 1335 1552 4658 1345 1556 4668 1343 1556 4669 1346 1556 4670 1343 1557 4671 1342 1557 4672 1346 1557 4673 1344 1558 4674 1345 1558 4675 1348 1558 4676 1348 1559 4677 1346 1559 4678 1347 1559 4679 1377 1576 4728 1380 1576 4729 1381 1576 4730 1378 1577 4731 1384 1577 4732 1379 1577 4733 1377 1578 4734 1381 1578 4735 1378 1578 4736 1379 1579 4737 1384 1579 4738 1380 1579 4739 1378 1580 4740 1381 1580 4741 1384 1580 4742 1381 1581 4743 1382 1581 4744 1384 1581 4745 1381 1582 4746 1383 1582 4747 1382 1582 4748 1380 1583 4749 1383 1583 4750 1381 1583 4751 1380 1584 4752 1384 1584 4753 1383 1584 4754 1451 1629 4887 1454 1629 4888 1452 1629 4889 1452 1630 4890 1453 1630 4891 1455 1630 4892 1452 1631 4893 1454 1631 4894 1453 1631 4895 1455 1632 4896 1453 1632 4897 1456 1632 4898 1454 1633 4899 1456 1633 4900 1457 1633 4901 1379 1665 4995 1380 1665 4996 1377 1665 4997 1451 1700 5100 1455 1700 5101 1454 1700 5102 1454 1701 5103 1455 1701 5104 1456 1701 5105 1453 1702 5106 1454 1702 5107 1457 1702 5108 1512 1732 5196 1515 1732 5197 1516 1732 5198 1513 1733 5199 1519 1733 5200 1514 1733 5201 1512 1734 5202 1516 1734 5203 1513 1734 5204 1514 1735 5205 1519 1735 5206 1515 1735 5207 1513 1736 5208 1516 1736 5209 1519 1736 5210 1516 1737 5211 1517 1737 5212 1519 1737 5213 1516 1738 5214 1518 1738 5215 1517 1738 5216 1515 1739 5217 1518 1739 5218 1516 1739 5219 1515 1740 5220 1519 1740 5221 1518 1740 5222 1586 1785 5355 1589 1785 5356 1587 1785 5357 1587 1786 5358 1588 1786 5359 1590 1786 5360 1587 1787 5361 1589 1787 5362 1588 1787 5363 1590 1788 5364 1588 1788 5365 1591 1788 5366 1589 1789 5367 1591 1789 5368 1592 1789 5369 1514 1821 5463 1515 1821 5464 1512 1821 5465 1586 1856 5568 1590 1856 5569 1589 1856 5570 1589 1857 5571 1590 1857 5572 1591 1857 5573 1588 1858 5574 1589 1858 5575 1592 1858 5576 1648 1889 5667 1649 1889 5668 1651 1889 5669 1646 1890 5670 1652 1890 5671 1649 1890 5672 1647 1891 5673 1651 1891 5674 1650 1891 5675 1652 1892 5676 1650 1892 5677 1649 1892 5678 1651 1893 5679 1654 1893 5680 1653 1893 5681 1649 1894 5682 1650 1894 5683 1654 1894 5684 1722 1939 5817 1725 1939 5818 1724 1939 5819 1722 1940 5820 1723 1940 5821 1725 1940 5822 1732 1944 5832 1734 1944 5833 1736 1944 5834 1733 1945 5835 1734 1945 5836 1732 1945 5837 1736 1946 5838 1735 1946 5839 1733 1946 5840 1736 1947 5841 1737 1947 5842 1735 1947 5843 1734 1948 5844 1739 1948 5845 1738 1948 5846 1735 1949 5847 1739 1949 5848 1734 1949 5849 1737 1950 5850 1740 1950 5851 1735 1950 5852 1734 1951 5853 1738 1951 5854 1737 1951 5855 1648 1972 5916 1651 1972 5917 1647 1972 5918 1648 1973 5919 1646 1973 5920 1649 1973 5921 1646 1974 5922 1647 1974 5923 1652 1974 5924 1647 1975 5925 1650 1975 5926 1652 1975 5927 1651 1976 5928 1653 1976 5929 1650 1976 5930 1651 1977 5931 1649 1977 5932 1654 1977 5933 1733 2017 6051 1735 2017 6052 1734 2017 6053 1736 2018 6054 1734 2018 6055 1737 2018 6056 1739 2019 6057 1735 2019 6058 1740 2019 6059 1737 2020 6060 1738 2020 6061 1740 2020 6062</p>
        </triangles>
        <triangles count="244" material="m5">
          <input semantic="VERTEX" source="#vertices" offset="0" />
          <input semantic="NORMAL" source="#normals" offset="1" />
          <input semantic="TEXCOORD" source="#uv" offset="2" set="0" />
          <p>43 26 78 47 26 79 45 26 80 45 27 81 46 27 82 44 27 83 46 28 84 45 28 85 49 28 86 46 29 87 49 29 88 48 29 89 47 30 90 50 30 91 45 30 92 46 31 93 48 31 94 47 31 95 47 32 96 48 32 97 50 32 98 42 100 300 44 100 301 46 100 302 44 101 303 43 101 304 45 101 305 43 102 306 42 102 307 47 102 308 42 103 309 46 103 310 47 103 311 45 104 312 50 104 313 49 104 314 148 162 486 151 162 487 150 162 488 147 163 489 151 163 490 148 163 491 151 164 492 152 164 493 150 164 494 147 165 495 153 165 496 151 165 497 147 166 498 154 166 499 153 166 500 147 167 501 152 167 502 154 167 503 149 168 504 152 168 505 147 168 506 161 172 516 166 172 517 163 172 518 161 173 519 165 173 520 166 173 521 161 174 522 162 174 523 165 174 524 162 175 525 163 175 526 164 175 527 163 176 528 166 176 529 164 176 530 164 177 531 169 177 532 168 177 533 166 178 534 167 178 535 169 178 536 193 189 567 195 189 568 192 189 569 194 190 570 196 190 571 198 190 572 247 218 654 250 218 655 252 218 656 252 219 657 251 219 658 249 219 659 250 220 660 254 220 661 252 220 662 254 221 663 253 221 664 252 221 665 149 237 711 147 237 712 148 237 713 150 238 714 152 238 715 149 238 716 152 239 717 151 239 718 153 239 719 162 243 729 164 243 730 165 243 731 165 244 732 168 244 733 167 244 734 165 245 735 164 245 736 168 245 737 164 246 738 166 246 739 169 246 740 166 247 741 165 247 742 167 247 743 190 260 780 193 260 781 192 260 782 190 261 783 191 261 784 193 261 785 191 262 786 192 262 787 194 262 788 191 263 789 194 263 790 193 263 791 192 264 792 195 264 793 194 264 794 194 265 795 197 265 796 193 265 797 195 266 798 193 266 799 196 266 800 193 267 801 197 267 802 196 267 803 194 268 804 198 268 805 197 268 806 194 269 807 195 269 808 196 269 809 249 297 891 247 297 892 252 297 893 247 298 894 248 298 895 250 298 896 248 299 897 249 299 898 250 299 899 249 300 900 255 300 901 250 300 902 255 301 903 249 301 904 251 301 905 250 302 906 255 302 907 254 302 908 252 303 909 253 303 910 251 303 911 251 304 912 253 304 913 255 304 914 355 361 1083 356 361 1084 357 361 1085 358 362 1086 360 362 1087 356 362 1088 355 363 1089 357 363 1090 358 363 1091 356 364 1092 360 364 1093 357 364 1094 358 365 1095 359 365 1096 360 365 1097 358 366 1098 361 366 1099 359 366 1100 357 367 1101 361 367 1102 358 367 1103 357 368 1104 360 368 1105 361 368 1106 385 382 1146 386 382 1147 384 382 1148 382 383 1149 386 383 1150 387 383 1151 385 384 1152 388 384 1153 390 384 1154 387 385 1155 389 385 1156 388 385 1157 382 452 1356 384 452 1357 386 452 1358 384 453 1359 383 453 1360 385 453 1361 383 454 1362 382 454 1363 385 454 1364 382 455 1365 387 455 1366 385 455 1367 387 456 1368 388 456 1369 385 456 1370 385 457 1371 390 457 1372 386 457 1373 386 458 1374 390 458 1375 389 458 1376 387 459 1377 386 459 1378 389 459 1379 582 648 1944 580 648 1945 583 648 1946 581 649 1947 584 649 1948 580 649 1949 583 650 1950 584 650 1951 581 650 1952 580 651 1953 585 651 1954 583 651 1955 580 652 1956 584 652 1957 585 652 1958 584 653 1959 587 653 1960 585 653 1961 583 654 1962 586 654 1963 587 654 1964 640 684 2052 642 684 2053 644 684 2054 641 685 2055 643 685 2056 642 685 2057 642 686 2058 643 686 2059 645 686 2060 644 687 2061 645 687 2062 646 687 2063 581 725 2175 582 725 2176 583 725 2177 584 726 2178 583 726 2179 587 726 2180 583 727 2181 585 727 2182 586 727 2183 639 759 2277 640 759 2278 641 759 2279 640 760 2280 644 760 2281 641 760 2282 639 761 2283 641 761 2284 642 761 2285 642 762 2286 645 762 2287 644 762 2288 641 763 2289 646 763 2290 643 763 2291 641 764 2292 644 764 2293 646 764 2294 959 1098 3294 961 1098 3295 957 1098 3296 961 1099 3297 960 1099 3298 958 1099 3299 960 1100 3300 964 1100 3301 962 1100 3302 962 1101 3303 963 1101 3304 961 1101 3305 962 1102 3306 964 1102 3307 963 1102 3308 1014 1126 3378 1020 1126 3379 1018 1126 3380 1014 1127 3381 1016 1127 3382 1020 1127 3383 1014 1128 3384 1017 1128 3385 1016 1128 3386 1014 1129 3387 1015 1129 3388 1017 1129 3389 1015 1130 3390 1018 1130 3391 1017 1130 3392 1018 1131 3393 1020 1131 3394 1017 1131 3395 1017 1132 3396 1019 1132 3397 1016 1132 3398 1020 1133 3399 1019 1133 3400 1017 1133 3401 1016 1134 3402 1021 1134 3403 1020 1134 3404 1016 1135 3405 1019 1135 3406 1022 1135 3407 1044 1146 3438 1048 1146 3439 1043 1146 3440 1042 1147 3441 1047 1147 3442 1044 1147 3443 1048 1148 3444 1047 1148 3445 1043 1148 3446 1044 1149 3447 1047 1149 3448 1046 1149 3449 1047 1150 3450 1049 1150 3451 1046 1150 3452 959 1180 3540 962 1180 3541 961 1180 3542 958 1181 3543 957 1181 3544 961 1181 3545 959 1182 3546 960 1182 3547 962 1182 3548 959 1183 3549 958 1183 3550 960 1183 3551 964 1184 3552 960 1184 3553 965 1184 3554 960 1185 3555 961 1185 3556 965 1185 3557 961 1186 3558 963 1186 3559 965 1186 3560 1019 1218 3654 1020 1218 3655 1021 1218 3656 1016 1219 3657 1022 1219 3658 1021 1219 3659 1045 1230 3690 1044 1230 3691 1043 1230 3692 1042 1231 3693 1043 1231 3694 1047 1231 3695 1042 1232 3696 1044 1232 3697 1045 1232 3698 1044 1233 3699 1046 1233 3700 1048 1233 3701 1047 1234 3702 1048 1234 3703 1049 1234 3704 1122 1272 3816 1120 1272 3817 1123 1272 3818 1121 1273 3819 1124 1273 3820 1120 1273 3821 1123 1274 3822 1124 1274 3823 1121 1274 3824 1120 1275 3825 1125 1275 3826 1123 1275 3827 1120 1276 3828 1124 1276 3829 1125 1276 3830 1124 1277 3831 1127 1277 3832 1125 1277 3833 1123 1278 3834 1126 1278 3835 1127 1278 3836 1180 1308 3924 1182 1308 3925 1184 1308 3926 1181 1309 3927 1183 1309 3928 1182 1309 3929 1182 1310 3930 1183 1310 3931 1185 1310 3932 1184 1311 3933 1185 1311 3934 1186 1311 3935 1121 1349 4047 1122 1349 4048 1123 1349 4049 1124 1350 4050 1123 1350 4051 1127 1350 4052 1123 1351 4053 1125 1351 4054 1126 1351 4055 1179 1383 4149 1180 1383 4150 1181 1383 4151 1180 1384 4152 1184 1384 4153 1181 1384 4154 1179 1385 4155 1181 1385 4156 1182 1385 4157 1182 1386 4158 1185 1386 4159 1184 1386 4160 1181 1387 4161 1186 1387 4162 1183 1387 4163 1181 1388 4164 1184 1388 4165 1186 1388 4166 1257 1428 4284 1255 1428 4285 1258 1428 4286 1256 1429 4287 1259 1429 4288 1255 1429 4289 1258 1430 4290 1259 1430 4291 1256 1430 4292 1255 1431 4293 1260 1431 4294 1258 1431 4295 1255 1432 4296 1259 1432 4297 1260 1432 4298 1259 1433 4299 1262 1433 4300 1260 1433 4301 1258 1434 4302 1261 1434 4303 1262 1434 4304 1315 1464 4392 1317 1464 4393 1319 1464 4394 1316 1465 4395 1318 1465 4396 1317 1465 4397 1317 1466 4398 1318 1466 4399 1320 1466 4400 1319 1467 4401 1320 1467 4402 1321 1467 4403 1256 1505 4515 1257 1505 4516 1258 1505 4517 1259 1506 4518 1258 1506 4519 1262 1506 4520 1258 1507 4521 1260 1507 4522 1261 1507 4523 1314 1539 4617 1315 1539 4618 1316 1539 4619 1315 1540 4620 1319 1540 4621 1316 1540 4622 1314 1541 4623 1316 1541 4624 1317 1541 4625 1317 1542 4626 1320 1542 4627 1319 1542 4628 1316 1543 4629 1321 1543 4630 1318 1543 4631 1316 1544 4632 1319 1544 4633 1321 1544 4634 1392 1589 4767 1393 1589 4768 1391 1589 4769 1392 1590 4770 1395 1590 4771 1394 1590 4772 1396 1591 4773 1395 1591 4774 1392 1591 4775 1396 1592 4776 1397 1592 4777 1395 1592 4778 1391 1593 4779 1393 1593 4780 1396 1593 4781 1392 1594 4782 1394 1594 4783 1393 1594 4784 1396 1595 4785 1393 1595 4786 1397 1595 4787 1393 1596 4788 1398 1596 4789 1397 1596 4790 1395 1597 4791 1400 1597 4792 1394 1597 4793 1398 1598 4794 1401 1598 4795 1400 1598 4796 1398 1599 4797 1399 1599 4798 1401 1599 4799 1421 1610 4830 1422 1610 4831 1426 1610 4832 1423 1611 4833 1425 1611 4834 1424 1611 4835 1421 1612 4836 1425 1612 4837 1423 1612 4838 1422 1613 4839 1424 1613 4840 1426 1613 4841 1424 1614 4842 1428 1614 4843 1426 1614 4844 1425 1615 4845 1428 1615 4846 1424 1615 4847 1427 1616 4848 1428 1616 4849 1425 1616 4850 1481 1648 4944 1479 1648 4945 1482 1648 4946 1478 1649 4947 1483 1649 4948 1479 1649 4949 1482 1650 4950 1483 1650 4951 1478 1650 4952 1397 1668 5004 1398 1668 5005 1395 1668 5006 1393 1669 5007 1394 1669 5008 1398 1669 5009 1394 1670 5010 1400 1670 5011 1399 1670 5012 1395 1671 5013 1398 1671 5014 1400 1671 5015 1398 1672 5016 1394 1672 5017 1399 1672 5018 1422 1683 5049 1423 1683 5050 1424 1683 5051 1421 1684 5052 1426 1684 5053 1425 1684 5054 1425 1685 5055 1426 1685 5056 1427 1685 5057 1427 1686 5058 1426 1686 5059 1429 1686 5060 1426 1687 5061 1428 1687 5062 1429 1687 5063 1478 1711 5133 1481 1711 5134 1482 1711 5135 1481 1712 5136 1480 1712 5137 1479 1712 5138 1480 1713 5139 1478 1713 5140 1479 1713 5141 1482 1714 5142 1479 1714 5143 1484 1714 5144 1482 1715 5145 1484 1715 5146 1483 1715 5147 1527 1745 5235 1528 1745 5236 1526 1745 5237 1527 1746 5238 1530 1746 5239 1529 1746 5240 1531 1747 5241 1530 1747 5242 1527 1747 5243 1531 1748 5244 1532 1748 5245 1530 1748 5246 1526 1749 5247 1528 1749 5248 1531 1749 5249 1527 1750 5250 1529 1750 5251 1528 1750 5252 1531 1751 5253 1528 1751 5254 1532 1751 5255 1528 1752 5256 1533 1752 5257 1532 1752 5258 1530 1753 5259 1535 1753 5260 1529 1753 5261 1533 1754 5262 1536 1754 5263 1535 1754 5264 1533 1755 5265 1534 1755 5266 1536 1755 5267 1556 1766 5298 1557 1766 5299 1561 1766 5300 1558 1767 5301 1560 1767 5302 1559 1767 5303 1556 1768 5304 1560 1768 5305 1558 1768 5306 1557 1769 5307 1559 1769 5308 1561 1769 5309 1559 1770 5310 1563 1770 5311 1561 1770 5312 1560 1771 5313 1563 1771 5314 1559 1771 5315 1562 1772 5316 1563 1772 5317 1560 1772 5318 1616 1804 5412 1614 1804 5413 1617 1804 5414 1613 1805 5415 1618 1805 5416 1614 1805 5417 1617 1806 5418 1618 1806 5419 1613 1806 5420 1532 1824 5472 1533 1824 5473 1530 1824 5474 1528 1825 5475 1529 1825 5476 1533 1825 5477 1529 1826 5478 1535 1826 5479 1534 1826 5480 1530 1827 5481 1533 1827 5482 1535 1827 5483 1533 1828 5484 1529 1828 5485 1534 1828 5486 1557 1839 5517 1558 1839 5518 1559 1839 5519 1556 1840 5520 1561 1840 5521 1560 1840 5522 1560 1841 5523 1561 1841 5524 1562 1841 5525 1562 1842 5526 1561 1842 5527 1564 1842 5528 1561 1843 5529 1563 1843 5530 1564 1843 5531 1613 1867 5601 1616 1867 5602 1617 1867 5603 1616 1868 5604 1615 1868 5605 1614 1868 5606 1615 1869 5607 1613 1869 5608 1614 1869 5609 1617 1870 5610 1614 1870 5611 1619 1870 5612 1617 1871 5613 1619 1871 5614 1618 1871 5615</p>
        </triangles>
        <triangles count="198" material="m1">
          <input semantic="VERTEX" source="#vertices" offset="0" />
          <input semantic="NORMAL" source="#normals" offset="1" />
          <input semantic="TEXCOORD" source="#uv" offset="2" set="0" />
          <p>83 51 153 86 51 154 85 51 155 84 52 156 86 52 157 83 52 158 85 53 159 86 53 160 87 53 161 84 54 162 89 54 163 86 54 164 87 55 165 88 55 166 90 55 167 111 65 195 116 65 196 117 65 197 111 66 198 112 66 199 116 66 200 115 67 201 116 67 202 112 67 203 113 68 204 117 68 205 115 68 206 115 69 207 119 69 208 118 69 209 115 70 210 118 70 211 120 70 212 85 121 363 87 121 364 84 121 365 86 122 366 88 122 367 87 122 368 84 123 369 87 123 370 89 123 371 89 124 372 87 124 373 90 124 374 88 125 375 86 125 376 89 125 377 114 139 417 111 139 418 117 139 419 112 140 420 114 140 421 113 140 422 114 141 423 117 141 424 113 141 425 113 142 426 115 142 427 112 142 428 115 143 429 117 143 430 119 143 431 117 144 432 116 144 433 119 144 434 116 145 435 120 145 436 119 145 437 116 146 438 115 146 439 120 146 440 206 194 582 209 194 583 205 194 584 206 195 585 207 195 586 209 195 587 205 196 588 210 196 589 208 196 590 207 197 591 211 197 592 209 197 593 210 198 594 211 198 595 207 198 596 212 199 597 211 199 598 210 199 599 234 212 636 238 212 637 236 212 638 235 213 639 238 213 640 234 213 641 237 214 642 239 214 643 235 214 644 262 225 675 265 225 676 263 225 677 266 226 678 263 226 679 268 226 680 265 227 681 267 227 682 263 227 683 266 228 684 268 228 685 265 228 686 267 229 687 268 229 688 263 229 689 265 230 690 269 230 691 267 230 692 206 273 819 208 273 820 207 273 821 207 274 822 208 274 823 210 274 824 205 275 825 212 275 826 210 275 827 205 276 828 209 276 829 212 276 830 236 289 867 237 289 868 235 289 869 236 290 870 238 290 871 237 290 872 238 291 873 235 291 874 239 291 875 237 292 876 238 292 877 240 292 878 238 293 879 239 293 880 240 293 881 262 308 924 264 308 925 265 308 926 264 309 927 266 309 928 265 309 929 264 310 930 263 310 931 266 310 932 265 311 933 268 311 934 269 311 935 297 327 981 299 327 982 296 327 983 298 328 984 302 328 985 297 328 986 302 329 987 301 329 988 297 329 989 341 352 1056 345 352 1057 343 352 1058 343 353 1059 345 353 1060 344 353 1061 341 354 1062 348 354 1063 346 354 1064 345 355 1065 346 355 1066 347 355 1067 344 356 1068 347 356 1069 348 356 1070 296 407 1221 298 407 1222 297 407 1223 296 408 1224 299 408 1225 302 408 1226 299 409 1227 297 409 1228 300 409 1229 302 410 1230 299 410 1231 300 410 1232 300 411 1233 297 411 1234 301 411 1235 342 436 1308 343 436 1309 348 436 1310 343 437 1311 344 437 1312 348 437 1313 341 438 1314 342 438 1315 348 438 1316 345 439 1317 341 439 1318 346 439 1319 344 440 1320 345 440 1321 347 440 1322 480 513 1539 479 513 1540 478 513 1541 480 514 1542 482 514 1543 479 514 1544 481 515 1545 479 515 1546 483 515 1547 482 516 1548 483 516 1549 485 516 1550 479 517 1551 484 517 1552 483 517 1553 479 518 1554 485 518 1555 484 518 1556 483 519 1557 484 519 1558 486 519 1559 478 598 1794 479 598 1795 481 598 1796 480 599 1797 481 599 1798 482 599 1799 481 600 1800 483 600 1801 482 600 1802 482 601 1803 485 601 1804 479 601 1805 485 602 1806 483 602 1807 486 602 1808 594 657 1971 595 657 1972 598 657 1973 595 658 1974 596 658 1975 599 658 1976 597 659 1977 598 659 1978 596 659 1979 596 660 1980 601 660 1981 599 660 1982 596 661 1983 598 661 1984 601 661 1985 598 662 1986 602 662 1987 601 662 1988 601 663 1989 600 663 1990 599 663 1991 595 732 2196 597 732 2197 596 732 2198 597 733 2199 594 733 2200 598 733 2201 595 734 2202 599 734 2203 598 734 2204 598 735 2205 599 735 2206 600 735 2207 598 736 2208 600 736 2209 602 736 2210 750 825 2475 749 825 2476 748 825 2477 750 826 2478 752 826 2479 749 826 2480 751 827 2481 749 827 2482 753 827 2483 752 828 2484 753 828 2485 755 828 2486 749 829 2487 754 829 2488 753 829 2489 749 830 2490 755 830 2491 754 830 2492 753 831 2493 754 831 2494 756 831 2495 748 910 2730 749 910 2731 751 910 2732 750 911 2733 751 911 2734 752 911 2735 751 912 2736 753 912 2737 752 912 2738 752 913 2739 755 913 2740 749 913 2741 755 914 2742 753 914 2743 756 914 2744 885 981 2943 884 981 2944 883 981 2945 885 982 2946 887 982 2947 884 982 2948 886 983 2949 884 983 2950 888 983 2951 887 984 2952 888 984 2953 890 984 2954 884 985 2955 889 985 2956 888 985 2957 884 986 2958 890 986 2959 889 986 2960 888 987 2961 889 987 2962 891 987 2963 883 1066 3198 884 1066 3199 886 1066 3200 885 1067 3201 886 1067 3202 887 1067 3203 886 1068 3204 888 1068 3205 887 1068 3206 887 1069 3207 890 1069 3208 884 1069 3209 890 1070 3210 888 1070 3211 891 1070 3212 1056 1154 3462 1059 1154 3463 1058 1154 3464 1056 1155 3465 1057 1155 3466 1059 1155 3467 1057 1156 3468 1058 1156 3469 1061 1156 3470 1058 1157 3471 1060 1157 3472 1061 1157 3473 1059 1158 3474 1060 1158 3475 1058 1158 3476 1061 1159 3477 1059 1159 3478 1057 1159 3479 1060 1160 3480 1059 1160 3481 1062 1160 3482 1061 1161 3483 1063 1161 3484 1059 1161 3485 1059 1162 3486 1063 1162 3487 1062 1162 3488 1061 1163 3489 1064 1163 3490 1063 1163 3491 1061 1164 3492 1062 1164 3493 1064 1164 3494 1071 1168 3504 1074 1168 3505 1073 1168 3506 1072 1169 3507 1073 1169 3508 1075 1169 3509 1075 1170 3510 1078 1170 3511 1074 1170 3512 1078 1171 3513 1077 1171 3514 1074 1171 3515 1074 1172 3516 1077 1172 3517 1076 1172 3518 1076 1173 3519 1079 1173 3520 1075 1173 3521 1060 1238 3714 1062 1238 3715 1061 1238 3716 1071 1242 3726 1072 1242 3727 1074 1242 3728 1072 1243 3729 1075 1243 3730 1074 1243 3731 1076 1244 3732 1073 1244 3733 1074 1244 3734 1075 1245 3735 1073 1245 3736 1076 1245 3737 1078 1246 3738 1075 1246 3739 1079 1246 3740 1076 1247 3741 1077 1247 3742 1079 1247 3743 1134 1281 3843 1135 1281 3844 1138 1281 3845 1135 1282 3846 1136 1282 3847 1139 1282 3848 1137 1283 3849 1138 1283 3850 1136 1283 3851 1136 1284 3852 1141 1284 3853 1139 1284 3854 1136 1285 3855 1138 1285 3856 1141 1285 3857 1138 1286 3858 1142 1286 3859 1141 1286 3860 1141 1287 3861 1140 1287 3862 1139 1287 3863 1135 1356 4068 1137 1356 4069 1136 1356 4070 1137 1357 4071 1134 1357 4072 1138 1357 4073 1135 1358 4074 1139 1358 4075 1138 1358 4076 1138 1359 4077 1139 1359 4078 1140 1359 4079 1138 1360 4080 1140 1360 4081 1142 1360 4082 1269 1437 4311 1270 1437 4312 1273 1437 4313 1270 1438 4314 1271 1438 4315 1274 1438 4316 1272 1439 4317 1273 1439 4318 1271 1439 4319 1271 1440 4320 1276 1440 4321 1274 1440 4322 1271 1441 4323 1273 1441 4324 1276 1441 4325 1273 1442 4326 1277 1442 4327 1276 1442 4328 1276 1443 4329 1275 1443 4330 1274 1443 4331 1270 1512 4536 1272 1512 4537 1271 1512 4538 1272 1513 4539 1269 1513 4540 1273 1513 4541 1270 1514 4542 1274 1514 4543 1273 1514 4544 1273 1515 4545 1274 1515 4546 1275 1515 4547 1273 1516 4548 1275 1516 4549 1277 1516 4550 1465 1637 4911 1469 1637 4912 1464 1637 4913 1466 1638 4914 1467 1638 4915 1469 1638 4916 1464 1639 4917 1467 1639 4918 1466 1639 4919 1469 1640 4920 1468 1640 4921 1464 1640 4922 1467 1641 4923 1471 1641 4924 1469 1641 4925 1469 1642 4926 1470 1642 4927 1468 1642 4928 1468 1643 4929 1471 1643 4930 1467 1643 4931 1465 1706 5118 1466 1706 5119 1469 1706 5120 1464 1707 5121 1468 1707 5122 1467 1707 5123 1469 1708 5124 1471 1708 5125 1470 1708 5126 1600 1793 5379 1604 1793 5380 1599 1793 5381 1601 1794 5382 1602 1794 5383 1604 1794 5384 1599 1795 5385 1602 1795 5386 1601 1795 5387 1604 1796 5388 1603 1796 5389 1599 1796 5390 1602 1797 5391 1606 1797 5392 1604 1797 5393 1604 1798 5394 1605 1798 5395 1603 1798 5396 1603 1799 5397 1606 1799 5398 1602 1799 5399 1600 1862 5586 1601 1862 5587 1604 1862 5588 1599 1863 5589 1603 1863 5590 1602 1863 5591 1604 1864 5592 1606 1864 5593 1605 1864 5594 1695 1917 5751 1694 1917 5752 1693 1917 5753 1695 1918 5754 1697 1918 5755 1694 1918 5756 1696 1919 5757 1694 1919 5758 1698 1919 5759 1697 1920 5760 1698 1920 5761 1700 1920 5762 1694 1921 5763 1699 1921 5764 1698 1921 5765 1694 1922 5766 1700 1922 5767 1699 1922 5768 1698 1923 5769 1699 1923 5770 1701 1923 5771 1693 2002 6006 1694 2002 6007 1696 2002 6008 1695 2003 6009 1696 2003 6010 1697 2003 6011 1696 2004 6012 1698 2004 6013 1697 2004 6014 1697 2005 6015 1700 2005 6016 1694 2005 6017 1700 2006 6018 1698 2006 6019 1701 2006 6020</p>
        </triangles>
        <triangles count="356" material="m4">
          <input semantic="VERTEX" source="#vertices" offset="0" />
          <input semantic="NORMAL" source="#normals" offset="1" />
          <input semantic="TEXCOORD" source="#uv" offset="2" set="0" />
          <p>284 318 954 285 318 955 282 318 956 283 319 957 285 319 958 286 319 959 285 320 960 288 320 961 287 320 962 284 321 963 286 321 964 289 321 965 286 322 966 287 322 967 289 322 968 369 371 1113 368 371 1114 372 371 1115 371 372 1116 370 372 1117 368 372 1118 371 373 1119 373 373 1120 370 373 1121 371 374 1122 369 374 1123 373 374 1124 370 375 1125 372 375 1126 368 375 1127 369 376 1128 372 376 1129 373 376 1130 372 377 1131 374 377 1132 373 377 1133 370 378 1134 373 378 1135 375 378 1136 282 400 1200 285 400 1201 283 400 1202 283 401 1203 286 401 1204 284 401 1205 284 402 1206 288 402 1207 285 402 1208 286 403 1209 285 403 1210 287 403 1211 288 404 1212 284 404 1213 289 404 1214 372 447 1341 375 447 1342 374 447 1343 372 448 1344 370 448 1345 375 448 1346 418 475 1425 419 475 1426 417 475 1427 418 476 1428 420 476 1429 419 476 1430 417 477 1431 421 477 1432 420 477 1433 420 478 1434 421 478 1435 419 478 1436 421 479 1437 422 479 1438 419 479 1439 417 480 1440 424 480 1441 423 480 1442 417 481 1443 422 481 1444 424 481 1445 449 494 1482 451 494 1483 448 494 1484 447 495 1485 450 495 1486 449 495 1487 449 496 1488 452 496 1489 451 496 1490 449 497 1491 450 497 1492 452 497 1493 452 498 1494 450 498 1495 455 498 1496 450 499 1497 453 499 1498 455 499 1499 451 500 1500 454 500 1501 453 500 1502 463 504 1512 464 504 1513 466 504 1514 467 505 1515 465 505 1516 464 505 1517 465 506 1518 470 506 1519 466 506 1520 467 507 1521 469 507 1522 468 507 1523 469 508 1524 471 508 1525 468 508 1526 465 509 1527 471 509 1528 470 509 1529 494 523 1569 493 523 1570 496 523 1571 495 524 1572 497 524 1573 493 524 1574 494 525 1575 496 525 1576 495 525 1577 495 526 1578 496 526 1579 499 526 1580 497 527 1581 496 527 1582 493 527 1583 495 528 1584 499 528 1585 497 528 1586 497 529 1587 498 529 1588 496 529 1589 500 530 1590 498 530 1591 497 530 1592 499 531 1593 500 531 1594 497 531 1595 532 551 1653 535 551 1654 534 551 1655 532 552 1656 536 552 1657 535 552 1658 533 553 1659 537 553 1660 536 553 1661 534 554 1662 535 554 1663 537 554 1664 535 555 1665 538 555 1666 537 555 1667 536 556 1668 537 556 1669 539 556 1670 421 562 1686 417 562 1687 423 562 1688 417 563 1689 419 563 1690 422 563 1691 422 564 1692 421 564 1693 423 564 1694 446 577 1731 449 577 1732 448 577 1733 447 578 1734 446 578 1735 450 578 1736 450 579 1737 446 579 1738 448 579 1739 450 580 1740 448 580 1741 453 580 1742 448 581 1743 451 581 1744 453 581 1745 451 582 1746 452 582 1747 454 582 1748 452 583 1749 455 583 1750 454 583 1751 462 587 1761 467 587 1762 464 587 1763 462 588 1764 466 588 1765 467 588 1766 462 589 1767 463 589 1768 466 589 1769 464 590 1770 465 590 1771 466 590 1772 465 591 1773 467 591 1774 468 591 1775 467 592 1776 466 592 1777 469 592 1778 469 593 1779 466 593 1780 470 593 1781 465 594 1782 468 594 1783 471 594 1784 499 606 1818 496 606 1819 498 606 1820 533 620 1860 536 620 1861 532 620 1862 534 621 1863 537 621 1864 533 621 1865 535 622 1866 539 622 1867 538 622 1868 535 623 1869 536 623 1870 539 623 1871 552 630 1890 553 630 1891 558 630 1892 552 631 1893 558 631 1894 554 631 1895 553 632 1896 555 632 1897 558 632 1898 554 633 1899 557 633 1900 555 633 1901 554 634 1902 556 634 1903 557 634 1904 557 635 1905 558 635 1906 555 635 1907 627 678 2034 625 678 2035 628 678 2036 628 679 2037 626 679 2038 627 679 2039 628 680 2040 632 680 2041 626 680 2042 553 711 2133 554 711 2134 555 711 2135 554 712 2136 558 712 2137 556 712 2138 625 749 2247 626 749 2248 629 749 2249 625 750 2250 629 750 2251 628 750 2252 626 751 2253 632 751 2254 629 751 2255 628 752 2256 629 752 2257 630 752 2258 629 753 2259 631 753 2260 630 753 2261 629 754 2262 632 754 2263 631 754 2264 628 755 2265 630 755 2266 632 755 2267 688 787 2361 689 787 2362 687 787 2363 688 788 2364 690 788 2365 689 788 2366 687 789 2367 691 789 2368 690 789 2369 690 790 2370 691 790 2371 689 790 2372 691 791 2373 692 791 2374 689 791 2375 687 792 2376 694 792 2377 693 792 2378 687 793 2379 692 793 2380 694 793 2381 719 806 2418 721 806 2419 718 806 2420 717 807 2421 720 807 2422 719 807 2423 719 808 2424 722 808 2425 721 808 2426 719 809 2427 720 809 2428 722 809 2429 722 810 2430 720 810 2431 725 810 2432 720 811 2433 723 811 2434 725 811 2435 721 812 2436 724 812 2437 723 812 2438 733 816 2448 734 816 2449 736 816 2450 737 817 2451 735 817 2452 734 817 2453 735 818 2454 740 818 2455 736 818 2456 737 819 2457 739 819 2458 738 819 2459 739 820 2460 741 820 2461 738 820 2462 735 821 2463 741 821 2464 740 821 2465 764 835 2505 763 835 2506 766 835 2507 765 836 2508 767 836 2509 763 836 2510 764 837 2511 766 837 2512 765 837 2513 765 838 2514 766 838 2515 769 838 2516 767 839 2517 766 839 2518 763 839 2519 765 840 2520 769 840 2521 767 840 2522 767 841 2523 768 841 2524 766 841 2525 770 842 2526 768 842 2527 767 842 2528 769 843 2529 770 843 2530 767 843 2531 802 863 2589 805 863 2590 804 863 2591 802 864 2592 806 864 2593 805 864 2594 803 865 2595 807 865 2596 806 865 2597 804 866 2598 805 866 2599 807 866 2600 805 867 2601 808 867 2602 807 867 2603 806 868 2604 807 868 2605 809 868 2606 691 874 2622 687 874 2623 693 874 2624 687 875 2625 689 875 2626 692 875 2627 692 876 2628 691 876 2629 693 876 2630 716 889 2667 719 889 2668 718 889 2669 717 890 2670 716 890 2671 720 890 2672 720 891 2673 716 891 2674 718 891 2675 720 892 2676 718 892 2677 723 892 2678 718 893 2679 721 893 2680 723 893 2681 721 894 2682 722 894 2683 724 894 2684 722 895 2685 725 895 2686 724 895 2687 732 899 2697 737 899 2698 734 899 2699 732 900 2700 736 900 2701 737 900 2702 732 901 2703 733 901 2704 736 901 2705 734 902 2706 735 902 2707 736 902 2708 735 903 2709 737 903 2710 738 903 2711 737 904 2712 736 904 2713 739 904 2714 739 905 2715 736 905 2716 740 905 2717 735 906 2718 738 906 2719 741 906 2720 769 918 2754 766 918 2755 768 918 2756 803 932 2796 806 932 2797 802 932 2798 804 933 2799 807 933 2800 803 933 2801 805 934 2802 809 934 2803 808 934 2804 805 935 2805 806 935 2806 809 935 2807 823 943 2829 824 943 2830 822 943 2831 823 944 2832 825 944 2833 824 944 2834 822 945 2835 826 945 2836 825 945 2837 825 946 2838 826 946 2839 824 946 2840 826 947 2841 827 947 2842 824 947 2843 822 948 2844 829 948 2845 828 948 2846 822 949 2847 827 949 2848 829 949 2849 854 962 2886 856 962 2887 853 962 2888 852 963 2889 855 963 2890 854 963 2891 854 964 2892 857 964 2893 856 964 2894 854 965 2895 855 965 2896 857 965 2897 857 966 2898 855 966 2899 860 966 2900 855 967 2901 858 967 2902 860 967 2903 856 968 2904 859 968 2905 858 968 2906 868 972 2916 869 972 2917 871 972 2918 872 973 2919 870 973 2920 869 973 2921 870 974 2922 875 974 2923 871 974 2924 872 975 2925 874 975 2926 873 975 2927 874 976 2928 876 976 2929 873 976 2930 870 977 2931 876 977 2932 875 977 2933 899 991 2973 898 991 2974 901 991 2975 900 992 2976 902 992 2977 898 992 2978 899 993 2979 901 993 2980 900 993 2981 900 994 2982 901 994 2983 904 994 2984 902 995 2985 901 995 2986 898 995 2987 900 996 2988 904 996 2989 902 996 2990 902 997 2991 903 997 2992 901 997 2993 905 998 2994 903 998 2995 902 998 2996 904 999 2997 905 999 2998 902 999 2999 937 1019 3057 940 1019 3058 939 1019 3059 937 1020 3060 941 1020 3061 940 1020 3062 938 1021 3063 942 1021 3064 941 1021 3065 939 1022 3066 940 1022 3067 942 1022 3068 940 1023 3069 943 1023 3070 942 1023 3071 941 1024 3072 942 1024 3073 944 1024 3074 826 1030 3090 822 1030 3091 828 1030 3092 822 1031 3093 824 1031 3094 827 1031 3095 827 1032 3096 826 1032 3097 828 1032 3098 851 1045 3135 854 1045 3136 853 1045 3137 852 1046 3138 851 1046 3139 855 1046 3140 855 1047 3141 851 1047 3142 853 1047 3143 855 1048 3144 853 1048 3145 858 1048 3146 853 1049 3147 856 1049 3148 858 1049 3149 856 1050 3150 857 1050 3151 859 1050 3152 857 1051 3153 860 1051 3154 859 1051 3155 867 1055 3165 872 1055 3166 869 1055 3167 867 1056 3168 871 1056 3169 872 1056 3170 867 1057 3171 868 1057 3172 871 1057 3173 869 1058 3174 870 1058 3175 871 1058 3176 870 1059 3177 872 1059 3178 873 1059 3179 872 1060 3180 871 1060 3181 874 1060 3182 874 1061 3183 871 1061 3184 875 1061 3185 870 1062 3186 873 1062 3187 876 1062 3188 904 1074 3222 901 1074 3223 903 1074 3224 938 1088 3264 941 1088 3265 937 1088 3266 939 1089 3267 942 1089 3268 938 1089 3269 940 1090 3270 944 1090 3271 943 1090 3272 940 1091 3273 941 1091 3274 944 1091 3275 986 1111 3333 990 1111 3334 987 1111 3335 987 1112 3336 990 1112 3337 991 1112 3338 990 1113 3339 992 1113 3340 991 1113 3341 990 1114 3342 988 1114 3343 992 1114 3344 985 1199 3597 987 1199 3598 989 1199 3599 985 1200 3600 986 1200 3601 987 1200 3602 986 1201 3603 989 1201 3604 990 1201 3605 987 1202 3606 991 1202 3607 989 1202 3608 989 1203 3609 988 1203 3610 990 1203 3611 989 1204 3612 991 1204 3613 988 1204 3614 1092 1254 3762 1093 1254 3763 1098 1254 3764 1092 1255 3765 1098 1255 3766 1094 1255 3767 1093 1256 3768 1095 1256 3769 1098 1256 3770 1094 1257 3771 1097 1257 3772 1095 1257 3773 1094 1258 3774 1096 1258 3775 1097 1258 3776 1097 1259 3777 1098 1259 3778 1095 1259 3779 1167 1302 3906 1165 1302 3907 1168 1302 3908 1168 1303 3909 1166 1303 3910 1167 1303 3911 1168 1304 3912 1172 1304 3913 1166 1304 3914 1093 1335 4005 1094 1335 4006 1095 1335 4007 1094 1336 4008 1098 1336 4009 1096 1336 4010 1165 1373 4119 1166 1373 4120 1169 1373 4121 1165 1374 4122 1169 1374 4123 1168 1374 4124 1166 1375 4125 1172 1375 4126 1169 1375 4127 1168 1376 4128 1169 1376 4129 1170 1376 4130 1169 1377 4131 1171 1377 4132 1170 1377 4133 1169 1378 4134 1172 1378 4135 1171 1378 4136 1168 1379 4137 1170 1379 4138 1172 1379 4139 1227 1410 4230 1228 1410 4231 1233 1410 4232 1227 1411 4233 1233 1411 4234 1229 1411 4235 1228 1412 4236 1230 1412 4237 1233 1412 4238 1229 1413 4239 1232 1413 4240 1230 1413 4241 1229 1414 4242 1231 1414 4243 1232 1414 4244 1232 1415 4245 1233 1415 4246 1230 1415 4247 1302 1458 4374 1300 1458 4375 1303 1458 4376 1303 1459 4377 1301 1459 4378 1302 1459 4379 1303 1460 4380 1307 1460 4381 1301 1460 4382 1228 1491 4473 1229 1491 4474 1230 1491 4475 1229 1492 4476 1233 1492 4477 1231 1492 4478 1300 1529 4587 1301 1529 4588 1304 1529 4589 1300 1530 4590 1304 1530 4591 1303 1530 4592 1301 1531 4593 1307 1531 4594 1304 1531 4595 1303 1532 4596 1304 1532 4597 1305 1532 4598 1304 1533 4599 1306 1533 4600 1305 1533 4601 1304 1534 4602 1307 1534 4603 1306 1534 4604 1303 1535 4605 1305 1535 4606 1307 1535 4607 1362 1566 4698 1367 1566 4699 1364 1566 4700 1362 1567 4701 1366 1567 4702 1365 1567 4703 1367 1568 4704 1365 1568 4705 1369 1568 4706 1366 1569 4707 1370 1569 4708 1365 1569 4709 1367 1570 4710 1369 1570 4711 1366 1570 4712 1366 1571 4713 1368 1571 4714 1370 1571 4715 1410 1602 4806 1408 1602 4807 1409 1602 4808 1408 1603 4809 1412 1603 4810 1409 1603 4811 1408 1604 4812 1411 1604 4813 1412 1604 4814 1409 1605 4815 1412 1605 4816 1414 1605 4817 1411 1606 4818 1414 1606 4819 1413 1606 4820 1362 1657 4971 1365 1657 4972 1367 1657 4973 1362 1658 4974 1363 1658 4975 1366 1658 4976 1363 1659 4977 1364 1659 4978 1366 1659 4979 1364 1660 4980 1367 1660 4981 1366 1660 4982 1369 1661 4983 1365 1661 4984 1370 1661 4985 1366 1662 4986 1369 1662 4987 1368 1662 4988 1410 1677 5031 1409 1677 5032 1414 1677 5033 1412 1678 5034 1411 1678 5035 1413 1678 5036 1411 1679 5037 1410 1679 5038 1414 1679 5039 1497 1722 5166 1502 1722 5167 1499 1722 5168 1497 1723 5169 1501 1723 5170 1500 1723 5171 1502 1724 5172 1500 1724 5173 1504 1724 5174 1501 1725 5175 1505 1725 5176 1500 1725 5177 1502 1726 5178 1504 1726 5179 1501 1726 5180 1501 1727 5181 1503 1727 5182 1505 1727 5183 1545 1758 5274 1543 1758 5275 1544 1758 5276 1543 1759 5277 1547 1759 5278 1544 1759 5279 1543 1760 5280 1546 1760 5281 1547 1760 5282 1544 1761 5283 1547 1761 5284 1549 1761 5285 1546 1762 5286 1549 1762 5287 1548 1762 5288 1497 1813 5439 1500 1813 5440 1502 1813 5441 1497 1814 5442 1498 1814 5443 1501 1814 5444 1498 1815 5445 1499 1815 5446 1501 1815 5447 1499 1816 5448 1502 1816 5449 1501 1816 5450 1504 1817 5451 1500 1817 5452 1505 1817 5453 1501 1818 5454 1504 1818 5455 1503 1818 5456 1545 1833 5499 1544 1833 5500 1549 1833 5501 1547 1834 5502 1546 1834 5503 1548 1834 5504 1546 1835 5505 1545 1835 5506 1549 1835 5507 1633 1879 5637 1634 1879 5638 1632 1879 5639 1633 1880 5640 1635 1880 5641 1634 1880 5642 1632 1881 5643 1636 1881 5644 1635 1881 5645 1635 1882 5646 1636 1882 5647 1634 1882 5648 1636 1883 5649 1637 1883 5650 1634 1883 5651 1632 1884 5652 1639 1884 5653 1638 1884 5654 1632 1885 5655 1637 1885 5656 1639 1885 5657 1664 1898 5694 1666 1898 5695 1663 1898 5696 1662 1899 5697 1665 1899 5698 1664 1899 5699 1664 1900 5700 1667 1900 5701 1666 1900 5702 1664 1901 5703 1665 1901 5704 1667 1901 5705 1667 1902 5706 1665 1902 5707 1670 1902 5708 1665 1903 5709 1668 1903 5710 1670 1903 5711 1666 1904 5712 1669 1904 5713 1668 1904 5714 1678 1908 5724 1679 1908 5725 1681 1908 5726 1682 1909 5727 1680 1909 5728 1679 1909 5729 1680 1910 5730 1685 1910 5731 1681 1910 5732 1682 1911 5733 1684 1911 5734 1683 1911 5735 1684 1912 5736 1686 1912 5737 1683 1912 5738 1680 1913 5739 1686 1913 5740 1685 1913 5741 1709 1927 5781 1708 1927 5782 1711 1927 5783 1710 1928 5784 1712 1928 5785 1708 1928 5786 1709 1929 5787 1711 1929 5788 1710 1929 5789 1710 1930 5790 1711 1930 5791 1714 1930 5792 1712 1931 5793 1711 1931 5794 1708 1931 5795 1710 1932 5796 1714 1932 5797 1712 1932 5798 1712 1933 5799 1713 1933 5800 1711 1933 5801 1715 1934 5802 1713 1934 5803 1712 1934 5804 1714 1935 5805 1715 1935 5806 1712 1935 5807 1747 1955 5865 1750 1955 5866 1749 1955 5867 1747 1956 5868 1751 1956 5869 1750 1956 5870 1748 1957 5871 1752 1957 5872 1751 1957 5873 1749 1958 5874 1750 1958 5875 1752 1958 5876 1750 1959 5877 1753 1959 5878 1752 1959 5879 1751 1960 5880 1752 1960 5881 1754 1960 5882 1636 1966 5898 1632 1966 5899 1638 1966 5900 1632 1967 5901 1634 1967 5902 1637 1967 5903 1637 1968 5904 1636 1968 5905 1638 1968 5906 1661 1981 5943 1664 1981 5944 1663 1981 5945 1662 1982 5946 1661 1982 5947 1665 1982 5948 1665 1983 5949 1661 1983 5950 1663 1983 5951 1665 1984 5952 1663 1984 5953 1668 1984 5954 1663 1985 5955 1666 1985 5956 1668 1985 5957 1666 1986 5958 1667 1986 5959 1669 1986 5960 1667 1987 5961 1670 1987 5962 1669 1987 5963 1677 1991 5973 1682 1991 5974 1679 1991 5975 1677 1992 5976 1681 1992 5977 1682 1992 5978 1677 1993 5979 1678 1993 5980 1681 1993 5981 1679 1994 5982 1680 1994 5983 1681 1994 5984 1680 1995 5985 1682 1995 5986 1683 1995 5987 1682 1996 5988 1681 1996 5989 1684 1996 5990 1684 1997 5991 1681 1997 5992 1685 1997 5993 1680 1998 5994 1683 1998 5995 1686 1998 5996 1714 2010 6030 1711 2010 6031 1713 2010 6032 1748 2024 6072 1751 2024 6073 1747 2024 6074 1749 2025 6075 1752 2025 6076 1748 2025 6077 1750 2026 6078 1754 2026 6079 1753 2026 6080 1750 2027 6081 1751 2027 6082 1754 2027 6083</p>
        </triangles>
      </mesh>
    </geometry>
  </library_geometries>
  <library_visual_scenes>
    <visual_scene id="Scene">
      <node id="Node" type="NODE">
        <instance_geometry url="#geometry">
          <bind_material>
            <technique_common>
              <instance_material symbol="m0" target="#m0">
                <bind_vertex_input semantic="UVSET0" input_semantic="TEXCOORD" input_set="0" />
              </instance_material>
              <instance_material symbol="m1" target="#m1">
                <bind_vertex_input semantic="UVSET0" input_semantic="TEXCOORD" input_set="0" />
              </instance_material>
              <instance_material symbol="m2" target="#m2">
                <bind_vertex_input semantic="UVSET0" input_semantic="TEXCOORD" input_set="0" />
              </instance_material>
              <instance_material symbol="m3" target="#m3">
                <bind_vertex_input semantic="UVSET0" input_semantic="TEXCOORD" input_set="0" />
              </instance_material>
              <instance_material symbol="m4" target="#m4">
                <bind_vertex_input semantic="UVSET0" input_semantic="TEXCOORD" input_set="0" />
              </instance_material>
              <instance_material symbol="m5" target="#m5">
                <bind_vertex_input semantic="UVSET0" input_semantic="TEXCOORD" input_set="0" />
              </instance_material>
            </technique_common>
          </bind_material>
        </instance_geometry>
      </node>
    </visual_scene>
  </library_visual_scenes>
  <scene>
    <instance_visual_scene url="#Scene" />
  </scene>
</COLLADA>