<?xml version='1.0' encoding='utf-8'?>
<COLLADA xmlns="http://www.collada.org/2005/11/COLLADASchema" version="1.4.1">
  <asset>
    <created>2026-09-15T00:00:00Z</created>
    <modified>2026-09-15T00:00:00Z</modified>
    <unit name="meter" meter="1" />
    <up_axis>Z_UP</up_axis>
  </asset>
  <library_images />
  <library_effects>
    <effect id="e0">
      <profile_COMMON>
        <technique sid="common">
          <phong>
            <ambient>
              <color>0.1755 0.18 0.1485 1</color>
            </ambient>
            <diffuse>
              <color>0.39 0.4 0.33 1</color>
            </diffuse>
            <specular>
              <color>0.02 0.02 0.02 1</color>
            </specular>
            <shininess>
              <float>8</float>
            </shininess>
          </phong>
        </technique>
      </profile_COMMON>
    </effect>
    <effect id="e1">
      <profile_COMMON>
        <technique sid="common">
          <phong>
            <ambient>
              <color>0.045 0.09 0.06075 1</color>
            </ambient>
            <diffuse>
              <color>0.1 0.2 0.135 1</color>
            </diffuse>
            <specular>
              <color>0.02 0.02 0.02 1</color>
            </specular>
            <shininess>
              <float>8</float>
            </shininess>
          </phong>
        </technique>
      </profile_COMMON>
    </effect>
    <effect id="e2">
      <profile_COMMON>
        <technique sid="common">
          <phong>
            <ambient>
              <color>0.0765 0.1215 0.0765 1</color>
            </ambient>
            <diffuse>
              <color>0.17 0.27 0.17 1</color>
            </diffuse>
            <specular>
              <color>0.02 0.02 0.02 1</color>
            </specular>
            <shininess>
              <float>8</float>
            </shininess>
          </phong>
        </technique>
      </profile_COMMON>
    </effect>
    <effect id="e3">
      <profile_COMMON>
        <technique sid="common">
          <phong>
            <ambient>
              <color>0.099 0.1395 0.09225 1</color>
            </ambient>
            <diffuse>
              <color>0.22 0.31 0.205 1</color>
            </diffuse>
            <specular>
              <color>0.02 0.02 0.02 1</color>
            </specular>
            <shininess>
              <float>8</float>
            </shininess>
          </phong>
        </technique>
      </profile_COMMON>
    </effect>
    <effect id="e4">
      <profile_COMMON>
        <technique sid="common">
          <phong>
            <ambient>
              <color>0.054 0.1035 0.09 1</color>
            </ambient>
            <diffuse>
              <color>0.12 0.23 0.2 1</color>
            </diffuse>
            <specular>
              <color>0.02 0.02 0.02 1</color>
            </specular>
            <shininess>
              <float>8</float>
            </shininess>
          </phong>
        </technique>
      </profile_COMMON>
    </effect>
    <effect id="e5">
      <profile_COMMON>
        <technique sid="common">
          <phong>
            <ambient>
              <color>0.126 0.1485 0.0855 1</color>
            </ambient>
            <diffuse>
              <color>0.28 0.33 0.19 1</color>
            </diffuse>
            <specular>
              <color>0.02 0.02 0.02 1</color>
            </specular>
            <shininess>
              <float>8</float>
            </shininess>
          </phong>
        </technique>
      </profile_COMMON>
    </effect>
  </library_effects>
  <library_materials>
    <material id="m0" name="m0">
      <instance_effect url="#e0" />
    </material>
    <material id="m1" name="m1">
      <instance_effect url="#e1" />
    </material>
    <material id="m2" name="m2">
      <instance_effect url="#e2" />
    </material>
    <material id="m3" name="m3">
      <instance_effect url="#e3" />
    </material>
    <material id="m4" name="m4">
      <instance_effect url="#e4" />
    </material>
    <material id="m5" name="m5">
      <instance_effect url="#e5" />
    </material>
  </library_materials>
  <library_geometries>
    <geometry id="geometry" name="forest_22_19">
      <mesh>
        <source id="positions">
          <float_array id="positions-array" count="7695">25.99071 -6.538077 -1.543995 25.98323 -6.456052 -1.549874 25.91968 -6.521855 -1.548197 25.93714 -6.474963 1.329687 25.94931 -6.450446 1.32923 25.92078 -6.455221 1.328756 25.95988 -6.494204 0.9022163 25.95928 -6.466555 0.9224357 25.93206 -6.486411 0.9064318 25.92735 -6.791591 1.442328 25.93233 -6.785393 1.447177 25.92379 -6.785501 1.446632 25.88967 -6.792783 1.821255 25.93941 -6.787568 1.785286 25.9279 -6.787506 1.730887 25.83569 -6.42393 1.55071 25.92653 -6.79041 1.094189 25.92027 -6.793848 1.307817 26.03807 -6.721832 1.360414 25.9652 -6.492143 0.1049855 25.95487 -6.465873 0.08821983 25.93435 -6.479074 0.1387753 26.36878 -6.15872 1.139879 26.36462 -6.150913 1.138304 26.36156 -6.154881 1.143369 26.3959 -6.161785 1.186146 26.36551 -6.155188 1.36785 26.36548 -6.155239 1.418618 26.36164 -5.7176 1.254155 26.77611 -6.255623 1.19666 26.34285 -6.162986 0.9242059 26.35506 -6.160132 0.8631417 26.36585 -6.155092 0.8855474 25.96069 -6.495318 0.4015792 25.94999 -6.460559 0.3910111 25.93291 -6.482801 0.3726736 25.58876 -6.491252 1.512171 25.59126 -6.482641 1.513555 25.58415 -6.484338 1.509808 25.58436 -6.487756 1.838997 25.58812 -6.486134 1.751862 25.58903 -6.487746 1.827754 25.36479 -6.216988 1.491096 25.42046 -6.781977 1.573213 25.5845 -6.483571 1.209336 25.58813 -6.486224 1.25964 25.95566 -6.374863 1.419701 25.58814 -6.486129 1.278462 25.96317 -6.492573 -0.07497939 25.94891 -6.462205 -0.04603692 25.93168 -6.482802 -0.04817758 26.22585 -6.757807 1.493218 26.22454 -6.749583 1.496266 26.2195 -6.756972 1.495517 26.22332 -6.754169 1.759907 26.22268 -6.754662 1.810288 26.22322 -6.754448 1.771908 25.97095 -6.442102 1.517808 26.23204 -7.085335 1.425375 26.63367 -6.721184 1.378535 26.22333 -6.754203 1.186447 26.22379 -6.755013 1.176301 26.22333 -6.754104 1.240906 25.94876 -6.498944 -0.09510157 25.96914 -6.47906 -0.1097092 25.93951 -6.465243 -0.1206133 25.94851 -6.145107 1.537433 25.94395 -6.138229 1.53484 25.94057 -6.146215 1.537798 25.94384 -6.140937 1.922378 25.94416 -6.142973 1.941919 25.99506 -6.203335 1.983404 25.94498 -6.137853 1.253143 25.7384 -6.336115 1.467121 26.21041 -6.028299 1.373426 25.94619 -6.139272 1.142927 25.94446 -6.144345 1.166428 25.96793 -6.490512 0.07732551 25.94799 -6.463418 0.09213569 25.93393 -6.485886 0.0509661 25.60941 -6.936301 1.406435 25.60849 -6.928951 1.410573 25.60227 -6.930547 1.406656 25.60673 -6.932485 1.639028 25.34426 -6.672664 1.399956 25.60665 -6.932487 1.706435 25.60459 -6.936023 1.739809 25.45668 -7.386409 1.434793 25.61712 -6.904491 1.386647 25.60235 -6.934488 1.022335 25.60461 -6.93776 1.055364 25.95076 -6.499943 0.2498322 25.96373 -6.467533 0.22783 25.93478 -6.473216 0.2675122 26.51771 -6.425299 1.641923 26.51956 -6.417651 1.640144 26.51226 -6.418634 1.645102 26.51644 -6.42056 1.948887 26.22983 -6.226758 1.697392 26.51564 -6.420523 2.012138 26.5171 -6.420158 2.005283 26.86171 -6.443553 1.579238 26.46087 -6.747415 1.560687 26.51342 -6.420021 1.293977 26.51645 -6.420581 1.345059 26.51702 -6.420167 1.285226 25.95412 -6.499015 0.003546163 25.95795 -6.462924 -0.009111091 25.93171 -6.482708 -0.01738357 25.62503 -6.263522 1.771756 25.61645 -6.261699 1.768685 25.61848 -6.268476 1.770731 25.60492 -6.25393 2.08699 25.62072 -6.264495 2.046893 25.61808 -6.260462 1.839512 25.30615 -6.113678 1.772928 25.70261 -6.484248 1.711882 25.62226 -6.265792 1.475397 25.6204 -6.264098 1.51769 25.6152 -6.26255 1.486158 25.9538 -6.498578 0.3000424 25.96578 -6.469955 0.3185714 25.93167 -6.471911 0.3238307 26.02312 -6.740204 1.500197 26.02104 -6.734179 1.502595 26.01423 -6.739541 1.501284 26.01892 -6.738312 1.781473 26.01902 -6.737235 1.878182 25.70365 -6.506576 1.353775 26.01868 -6.73845 1.823341 26.24714 -6.574993 1.653341 26.05641 -7.140378 1.55343 26.04283 -6.723763 1.18495 26.01875 -6.738339 1.145431 26.01889 -6.738301 1.179963 20.83822 -6.518438 -1.637179 20.90987 -6.558385 -1.642332 20.89148 -6.469158 -1.640863 20.92022 -6.509861 0.8042562 20.93354 -6.533646 0.8038722 20.94564 -6.507511 0.8034739 20.8927 -6.517732 0.3790304 20.91141 -6.530788 0.3559065 20.91667 -6.501537 0.3766459 21.21938 -6.914579 0.8198803 21.22643 -6.914671 0.8153082 21.22446 -6.908631 0.8214049 21.22352 -6.912667 1.02602 21.22445 -6.912618 1.033842 21.16679 -6.985623 0.8365265 20.99909 -6.722517 0.8562875 21.22382 -6.912624 0.6204558 21.22325 -6.912517 0.6304059 21.23047 -6.909146 0.7630358 20.89084 -6.526697 0.279379 20.92488 -6.525501 0.2795735 20.91106 -6.500624 0.2506056 20.89193 -6.214029 0.8207248 20.89538 -6.220246 0.8241841 20.90044 -6.213723 0.8207593 20.896 -6.216011 1.040014 20.89851 -6.217438 1.080099 20.89593 -6.215682 1.086093 21.20944 -5.89116 0.8833888 20.57603 -6.502436 0.9145663 20.61576 -5.864264 0.7898567 20.89662 -6.215058 0.5560051 20.89578 -6.215822 0.5856552 21.10432 -6.463049 0.474385 20.89265 -6.506201 -0.3223387 20.90105 -6.533508 -0.3331113 20.92669 -6.517274 -0.3076637 20.61138 -6.791351 0.9293035 20.61631 -6.797628 0.929011 20.61988 -6.790569 0.9320632 20.61719 -6.793085 1.213296 20.61485 -6.787332 1.217624 20.61587 -6.793095 1.158178 20.31191 -7.066449 0.9365822 20.4921 -6.416822 0.8894689 20.75357 -6.970307 0.8230788 20.61587 -6.793115 0.7236777 20.6158 -6.79326 0.710686 20.89025 -6.517764 0.3826466 20.92096 -6.531972 0.3747125 20.90828 -6.498722 0.3775858 21.14911 -6.506505 1.226677 21.15678 -6.50577 1.224648 21.15273 -6.498327 1.225604 21.15282 -6.503471 1.436564 21.15809 -6.499035 1.493982 20.92997 -6.616533 1.406244 21.15294 -6.503851 1.476635 21.43484 -6.593453 1.155357 21.0366 -6.134362 1.142912 21.15283 -6.503458 0.9595711 21.14606 -6.502641 0.9964955 21.1527 -6.503857 0.9789144 20.89444 -6.527687 0.3665348 20.92107 -6.514417 0.3888222 20.9104 -6.503748 0.3627225 20.40321 -6.125677 0.7039211 20.40754 -6.126543 0.7108471 20.40913 -6.119975 0.7059357 20.40673 -6.120055 0.9531316 20.40658 -6.124078 0.9595462 20.40662 -6.12406 1.024391 20.60014 -6.300137 0.9653872 19.98554 -6.221836 0.6939303 20.48213 -5.777502 0.4579139 20.63513 -6.420653 0.5304328 20.40678 -6.123989 0.4330764 20.40661 -6.124023 0.4441218 20.40654 -6.124046 0.4662308 20.89061 -6.526424 -0.2531156 20.92468 -6.525229 -0.2559221 20.91152 -6.501077 -0.2233448 20.95601 -7.042576 0.8513505 20.96242 -7.043987 0.8501119 20.96179 -7.036673 0.8545956 20.96027 -7.040593 1.124186 20.94642 -7.027181 1.035228 20.95891 -7.041233 1.123403 21.14035 -7.356668 0.8111667 21.24251 -6.795477 0.869149 20.96048 -7.040556 0.5985903 20.96011 -7.040467 0.5925052 20.95992 -7.035344 0.6294312 20.89225 -6.527383 0.08091873 20.9253 -6.526133 0.06418885 20.90924 -6.499297 0.05105484 21.10378 -6.200421 1.012674 21.11032 -6.196485 1.009754 21.10461 -6.192003 1.009387 21.10572 -6.196525 1.231197 21.10569 -6.196546 1.231945 21.41467 -5.946291 1.070692 21.10651 -6.203616 1.29814 21.10742 -6.207263 0.8544063 20.88309 -5.933254 1.008844 20.93273 -6.336223 0.9178213 21.10567 -6.195962 0.7502283 20.89533 -6.527046 -0.1658782 20.92273 -6.529225 -0.1332369 20.90718 -6.497085 -0.1433799 20.41045 -6.630327 0.8945564 20.41809 -6.629535 0.8990717 20.41376 -6.623051 0.8974028 20.4158 -6.626195 1.157894 20.41406 -6.627726 1.090386 20.22759 -6.411784 0.901774 20.63024 -6.777738 0.8739874 20.41124 -6.632223 1.008541 20.41484 -6.627203 0.6750572 20.41095 -6.631535 0.6472434 20.41405 -6.62778 0.7162521 20.90062 -6.508335 0.2601893 20.90395 -6.535132 0.2125354 20.92184 -6.508847 0.2068343 21.33558 -6.772734 0.6310187 21.34008 -6.775375 0.6238891 21.34141 -6.768948 0.6268476 21.34206 -6.772723 0.877493 21.3386 -6.773711 0.9003258 21.44251 -6.47174 0.5996427 21.2726 -6.733467 0.9622048 21.47592 -7.023295 0.5388768 21.33889 -6.772608 0.3744285 21.33179 -6.773048 0.3583096 21.33858 -6.772708 0.3569703 27.77459 -1.813264 -1.653181 27.71013 -1.888691 -1.658549 27.82032 -1.888162 -1.657019 27.7652 -1.91254 0.9846044 27.73383 -1.922661 0.9841892 27.76193 -1.943245 0.9837586 27.74181 -1.882093 -0.1150717 27.75464 -1.919541 -0.1224848 27.78216 -1.898052 -0.1298248 28.04427 -1.966264 1.472648 28.03391 -1.969136 1.474236 28.04174 -1.975595 1.472661 28.03938 -1.970089 1.718504 28.03983 -1.970085 1.675816 28.03988 -1.969814 1.714924 27.70491 -1.702643 1.475419 27.9464 -2.421066 1.426362 28.46589 -1.832062 1.494511 28.03988 -1.970283 1.212144 28.04117 -1.968858 1.237027 28.03986 -1.970252 1.266675 27.75121 -1.88003 0.2224365 27.74356 -1.915287 0.257019 27.78184 -1.89442 0.2546357 27.46519 -1.285373 1.22645 27.45695 -1.292477 1.228105 27.46643 -1.292533 1.230673 27.47064 -1.349384 1.235231 27.46203 -1.290361 1.431381 27.46255 -1.289381 1.465623 27.75888 -1.403481 1.274884 27.41989 -1.31936 0.9971293 27.47531 -1.314621 1.072306 27.46189 -1.290346 0.9998177 27.78012 -1.891086 -0.02944084 27.73638 -1.889481 -0.0389321 27.75518 -1.91667 -0.05942423 27.65264 -2.293053 0.90574 27.64424 -2.298727 0.9020407 27.65395 -2.300776 0.9023481 27.64954 -2.297292 1.135786 27.64955 -2.297294 1.116098 27.74215 -1.912136 1.027156 27.64508 -2.302807 0.7258944 27.65059 -2.300789 1.12431 27.43207 -2.058913 0.8935711 27.65538 -2.302018 0.7546053 27.64954 -2.297295 0.6538745 27.76842 -1.886319 0.3400038 27.7428 -1.894334 0.4004923 27.77192 -1.915889 0.3722097 28.43071 -1.44535 0.9746674 28.4229 -1.443355 0.9809356 28.42886 -1.451763 0.9806346 28.42802 -1.44674 1.282576 28.52618 -1.963894 0.9346352 28.42746 -1.446767 1.237408 28.14999 -1.102808 0.9649965 28.42732 -1.447417 1.281687 28.93595 -1.210322 0.9543758 28.42756 -1.44663 0.718513 28.42522 -1.447471 0.685067 28.42748 -1.446615 0.6770565 27.75276 -1.875914 -0.1476377 27.73962 -1.905296 -0.1532296 27.77644 -1.90771 -0.1183017 27.33226 -1.788077 0.8935107 27.32671 -1.796818 0.8918866 27.33609 -1.794567 0.8960116 27.33119 -1.793703 1.063815 27.33067 -1.794323 1.126911 27.43688 -1.592527 0.8873026 26.90341 -1.701057 0.9287994 27.32786 -1.795514 1.155657 27.32828 -1.79781 0.6463966 27.63155 -2.028236 0.8060447 27.3312 -1.793704 0.7077592 27.33117 -1.793704 0.7081648 27.76281 -1.875998 0.6050533 27.73689 -1.899568 0.6046669 27.77484 -1.907212 0.5870176 27.96782 -2.125444 0.9955489 27.95968 -2.127085 0.9979242 27.96276 -2.134849 0.9934032 27.9601 -2.131888 1.214726 27.96846 -2.133413 1.167704 27.96242 -2.12593 1.220345 28.37966 -2.073961 0.875225 27.95896 -2.124479 0.7858096 27.96372 -2.129685 0.7747578 27.95491 -2.094209 0.7918385 27.75095 -1.877631 0.6693112 27.74306 -1.913909 0.6846522 27.78257 -1.898134 0.6765817 27.79395 -1.493202 1.377446 27.7925 -1.502367 1.381287 27.80178 -1.500151 1.380014 27.7957 -1.496459 1.72393 27.79698 -1.501982 1.720356 27.94943 -1.048538 1.362572 27.7989 -1.495461 1.725861 27.79746 -1.498105 1.053289 27.46753 -1.789285 1.329684 27.80029 -1.502308 1.252045 27.79614 -1.498571 1.094643 27.775 -1.885056 0.0490597 27.73653 -1.888906 0.0141868 27.76588 -1.917863 0.01748533 27.2361 -2.353177 1.235596 27.22805 -2.355427 1.231455 27.23507 -2.36299 1.231624 27.23316 -2.357283 1.468044 27.2337 -2.355711 1.502457 27.23453 -2.357013 1.515583 27.21055 -1.903299 1.167402 27.72347 -2.537553 1.19075 26.96356 -2.689119 1.219796 27.23399 -2.357649 0.9583074 27.23301 -2.356856 0.9784955 27.23316 -2.357261 1.032052 27.74136 -1.88449 0.08407394 27.76505 -1.918647 0.06466739 27.77815 -1.890248 0.05050989 28.11367 -1.8652 0.8795465 28.10525 -1.869966 0.8835806 28.1141 -1.873272 0.8796548 28.11034 -1.86936 1.129531 28.11032 -1.869374 1.135424 28.08674 -1.888607 1.135376 28.32678 -2.148336 0.9166153 28.20335 -1.47556 0.9411108 27.66668 -1.887394 0.7743907 28.11231 -1.871091 0.5895371 28.11332 -1.865342 0.5759853 28.11033 -1.86932 0.6516509 24.31072 -2.596066 -1.715725 24.26574 -2.67933 -1.722843 24.36839 -2.656747 -1.720813 24.32187 -2.690531 1.781411 24.29464 -2.70626 1.78086 24.32497 -2.719822 1.780289 24.29396 -2.666826 0.3234769 24.31343 -2.699177 0.3136487 24.33478 -2.67362 0.3039174 24.59289 -2.684689 2.428452 24.58381 -2.689444 2.430557 24.59241 -2.693897 2.428469 24.58911 -2.689236 2.754403 24.58952 -2.689142 2.697808 24.58952 -2.688879 2.749658 24.22357 -2.50687 2.432126 24.5928 -3.128453 2.367086 24.9592 -2.475009 2.457437 24.58961 -2.689317 2.08308 24.59052 -2.687729 2.116069 24.58958 -2.689292 2.155376 24.3023 -2.663019 0.7709401 24.30224 -2.697431 0.8167891 24.33376 -2.670297 0.8136293 23.91635 -2.165786 2.102046 23.91009 -2.174062 2.10424 23.91895 -2.172213 2.107645 23.93427 -2.224388 2.113687 23.91441 -2.17107 2.37374 23.9147 -2.170052 2.419138 24.21392 -2.217055 2.166259 23.88092 -2.206563 1.798016 23.93165 -2.191033 1.897684 23.91427 -2.171086 1.80158 24.33148 -2.667534 0.4370049 24.29037 -2.674804 0.4244216 24.31336 -2.696392 0.3972534 24.29318 -3.067959 1.676854 24.28648 -3.074935 1.671949 24.29595 -3.074899 1.672357 24.29114 -3.072534 1.981845 24.29115 -3.072534 1.955743 24.3003 -2.694775 1.837825 24.28809 -3.078571 1.438417 24.29282 -3.075585 1.96663 24.04054 -2.893821 1.66072 24.29753 -3.075771 1.476481 24.29114 -3.072537 1.342934 24.31961 -2.665434 0.926809 24.29733 -2.678043 1.007004 24.32881 -2.692308 0.9695071 24.84886 -2.12142 1.768236 24.84118 -2.121124 1.776547 24.84842 -2.127769 1.776148 24.84663 -2.123254 2.176457 25.04185 -2.585869 1.715162 24.84611 -2.123392 2.116574 24.51839 -1.858244 1.755415 24.84611 -2.124027 2.175278 25.27292 -1.800947 1.741334 24.84617 -2.123245 1.428631 24.84416 -2.124498 1.384289 24.8461 -2.123246 1.373668 24.30293 -2.658868 0.2803013 24.29656 -2.688904 0.2728876 24.33139 -2.683774 0.3191946 23.89316 -2.661251 1.66064 23.88974 -2.670514 1.658487 23.89804 -2.666535 1.663956 23.89329 -2.666711 1.886428 23.89293 -2.667396 1.970079 23.95153 -2.457909 1.65241 23.47577 -2.66607 1.707425 23.89055 -2.669069 2.00819 23.8914 -2.671126 1.33302 24.22043 -2.825221 1.544679 23.8933 -2.666712 1.414374 23.89327 -2.666717 1.414911 24.31232 -2.656931 1.278208 24.29287 -2.684109 1.277695 24.32979 -2.68363 1.254296 24.55351 -2.848464 1.795921 24.54625 -2.851626 1.79907 24.55068 -2.858249 1.793076 24.5476 -2.856022 2.086502 24.55571 -2.855768 2.024161 24.54857 -2.850001 2.093952 24.92727 -2.71789 1.636397 24.54505 -2.849342 1.517852 24.55053 -2.853242 1.503199 24.53521 -2.821924 1.525845 24.30158 -2.660832 1.3634 24.30149 -2.696247 1.383739 24.33518 -2.673615 1.373039 24.26461 -2.293698 2.302234 24.2651 -2.302535 2.307327 24.27331 -2.298608 2.305639 24.2669 -2.296383 2.761598 24.2692 -2.301278 2.756859 24.32047 -1.84784 2.282515 24.26969 -2.294811 2.764158 24.26887 -2.297565 1.872472 24.01955 -2.63526 2.238912 24.27236 -2.300918 2.135979 24.26773 -2.298266 1.927299 24.32549 -2.662937 0.5410798 24.29039 -2.67424 0.4948458 24.32357 -2.69536 0.499219 23.91678 -3.207535 2.114171 23.90972 -3.211247 2.108682 23.91778 -3.216893 2.108906 23.91485 -3.211953 2.422348 23.91504 -3.210381 2.467972 23.91607 -3.211427 2.485374 23.80275 -2.793106 2.023761 24.40825 -3.28178 2.054715 23.72995 -3.575468 2.093224 23.9157 -3.212129 1.746547 23.91462 -3.211586 1.773312 23.91485 -3.211934 1.844316 24.29401 -2.669153 0.5875011 24.32295 -2.696257 0.5617722 24.32948 -2.667146 0.5430024 24.63736 -2.576524 1.642127 24.63047 -2.582657 1.647475 24.63938 -2.583965 1.64227 24.63509 -2.581071 1.973552 24.63508 -2.581087 1.981365 24.61694 -2.603753 1.981302 24.89286 -2.797853 1.691272 24.64289 -2.195171 1.723748 24.22495 -2.686831 1.502713 24.63728 -2.58229 1.257637 24.63706 -2.576727 1.23967 24.63507 -2.581037 1.339986 22.39346 -3.015759 -1.869003 22.31363 -2.957283 -1.875014 22.32238 -3.066843 -1.8733 22.29402 -3.013839 1.103052 22.28161 -2.983383 1.102584 22.26323 -3.012873 1.102098 22.32333 -2.996987 0.3366433 22.29136 -3.000173 0.2810331 22.31922 -3.026744 0.3137672 21.56837 -3.242729 1.315145 21.56053 -3.242115 1.308728 21.56429 -3.250953 1.309506 21.57062 -3.263031 1.216979 21.56447 -3.245304 1.54981 21.96009 -3.314985 1.214982 21.57538 -3.243352 1.611114 21.2911 -2.998128 1.271484 21.5634 -3.245031 1.060855 21.56445 -3.245343 1.080582 21.56448 -3.245299 1.054199 22.32462 -3.019394 0.06404658 22.31578 -2.983772 0.08663056 22.28782 -3.016375 0.09898934 22.62206 -3.140324 1.000094 22.61218 -3.142803 1.004072 22.61898 -3.148515 0.9998503 22.61698 -3.143481 1.343552 22.62125 -3.145199 1.385925 22.61727 -3.143382 1.320788 22.22784 -2.933801 0.9942823 22.6236 -3.148587 0.7678124 22.87381 -2.829452 0.9510955 22.35861 -3.493188 0.8549377 22.61727 -3.143373 0.6569688 22.61727 -3.143373 0.6570172 22.32488 -2.991107 0.08842614 22.29055 -2.996585 0.08002295 22.31508 -3.024034 0.126622 22.16166 -2.561478 1.017234 22.1544 -2.55835 1.013584 22.15199 -2.566586 1.018361 22.15567 -2.56283 1.308537 22.15591 -2.562769 1.264369 21.82925 -2.931889 1.02671 22.15692 -2.562635 1.314508 21.9002 -2.287758 0.9804313 22.43952 -2.966764 0.9926253 22.49095 -2.292777 0.9022665 22.15591 -2.562773 0.7568975 22.15759 -2.562616 0.7793442 22.1561 -2.562384 0.7369655 22.33102 -3.000893 0.4971886 22.28833 -2.993212 0.4904597 22.30822 -3.026148 0.4620671 22.11136 -3.622238 1.651251 22.10185 -3.621854 1.649787 22.10636 -3.630274 1.646075 22.1066 -3.624869 1.87709 22.10661 -3.62488 1.886322 22.10575 -3.623534 1.930825 21.78489 -3.246267 1.614099 22.55035 -3.441313 1.743146 22.04225 -4.132033 1.739793 21.6934 -3.812337 1.506095 22.10927 -3.628702 1.385277 22.10696 -3.623843 1.359196 22.1066 -3.624848 1.41142 22.32597 -3.022253 -0.1725479 22.30873 -2.9823 -0.1746769 22.29173 -3.015469 -0.1407727 22.95729 -2.695866 1.416794 22.94873 -2.690648 1.419869 22.95226 -2.700808 1.420589 22.95218 -2.695303 1.7174 22.65149 -3.059096 1.411204 22.95225 -2.69531 1.706415 22.95221 -2.693516 1.795471 23.34516 -2.887204 1.478452 23.0144 -2.214467 1.321337 22.9522 -2.695254 1.09716 22.95252 -2.695736 1.099329 22.95219 -2.6953 1.139635 22.3264 -3.008325 0.1988049 22.30397 -2.98594 0.1526629 22.29232 -3.018937 0.1489107 21.72661 -2.845487 1.093879 21.72696 -2.834715 1.091725 21.72098 -2.839916 1.088116 21.71772 -2.844045 1.47961 21.72532 -2.840395 1.369848 21.73362 -2.835344 1.434705 21.31186 -2.788848 1.11377 22.04394 -3.012878 1.115553 21.72323 -2.841125 0.7460589 21.56242 -2.506801 0.8434612 21.74066 -2.847811 0.7617985 22.32388 -3.021704 0.3594464 22.31414 -2.98336 0.3942737 22.28818 -3.014833 0.3841834 22.52955 -3.313023 1.255984 22.52601 -3.305085 1.259991 22.51914 -3.312662 1.258962 22.52779 -3.312304 1.425705 22.52214 -3.290413 1.236985 22.51982 -3.304181 1.16657 22.5367 -3.31412 1.164472 22.33183 -3.008917 -0.2554393 22.29883 -2.988388 -0.2709688 22.30471 -3.025957 -0.2278139 22.45201 -2.410856 1.146827 22.44764 -2.402648 1.142566 22.44245 -2.410449 1.147898 22.4473 -2.407906 1.34377 22.4473 -2.407906 1.418295 22.18943 -2.73035 1.172868 22.8276 -2.383377 1.181247 22.44828 -2.404452 1.412125 22.10549 -2.017473 1.110245 22.44727 -2.407988 0.9163257 22.45116 -2.407793 0.8670004 22.44732 -2.407865 0.9152713 22.31987 -2.998157 0.3515447 22.29131 -2.992453 0.3026659 22.31646 -3.027776 0.2966501 21.73309 -3.465218 1.023624 21.72554 -3.465072 1.016068 21.73183 -3.47235 1.016567 21.7271 -3.470027 1.35507 21.73436 -3.463179 1.237331 21.72779 -3.464038 1.271795 21.25474 -3.742264 1.009605 22.08398 -3.734606 0.9806953 21.73531 -3.463957 0.7774329 21.72747 -3.46708 0.7328756 21.72029 -3.470753 0.705506 22.89239 -7.413506 -1.566513 22.81434 -7.385331 -1.570875 22.84728 -7.471411 -1.569631 22.81193 -7.43547 0.7209287 22.79474 -7.413899 0.7205715 22.78693 -7.441971 0.7202007 22.84181 -7.429516 -0.3270997 22.818 -7.409016 -0.3398713 22.80712 -7.438273 -0.3151622 22.90526 -6.99795 0.8715347 22.89958 -6.991313 0.8692168 22.89729 -6.998763 0.8724722 22.90075 -6.995914 1.130904 22.90075 -6.995937 1.107061 22.90071 -6.995936 1.135361 23.32642 -7.093489 0.9057052 22.96603 -6.699746 0.9599856 22.5237 -7.252391 0.9179045 22.90069 -6.995902 0.6497101 22.90076 -6.996864 0.6082416 22.90107 -6.995978 0.5746315 22.83995 -7.432302 -0.3310224 22.81217 -7.409237 -0.3342053 22.81689 -7.443542 -0.3455082 22.55366 -7.670934 0.9834113 22.54573 -7.667254 0.9823611 22.54556 -7.67383 0.9809602 22.54116 -7.673539 1.258086 22.54634 -7.667281 1.113437 22.55732 -7.669618 1.16142 22.64838 -8.085731 0.9274669 22.32341 -7.70951 0.7626327 22.54892 -7.670857 0.7934191 22.54917 -7.670772 0.7434371 22.55011 -7.668481 0.7476776 22.83382 -7.4143 -0.121816 22.80753 -7.424837 -0.08421996 22.83094 -7.441157 -0.118896 23.41964 -7.442997 0.7850384 23.41318 -7.444365 0.789922 23.41642 -7.451136 0.7872829 23.41649 -7.446066 1.003239 23.41639 -7.446211 0.9899067 23.00092 -7.524139 0.8396226 23.33191 -7.832186 0.7791177 23.7644 -7.66681 0.8180741 23.41633 -7.446132 0.9805399 23.6059 -7.09633 0.8356438 23.33916 -7.158881 0.581745 23.41645 -7.446163 0.6133209 23.41649 -7.446179 0.5893442 23.41662 -7.446179 0.598465 22.83657 -7.412227 0.1396198 22.80425 -7.429167 0.132364 22.83243 -7.439638 0.155653 22.67511 -7.24896 0.7088724 22.67037 -7.243611 0.7055829 22.66652 -7.251119 0.7070716 22.65384 -7.256035 0.9078348 22.26933 -7.248731 0.7132874 22.69155 -7.237605 0.8275736 22.86659 -7.18314 0.6821483 22.68427 -7.271701 0.5404256 22.67065 -7.247971 0.5557577 22.67063 -7.247805 0.5064427 22.83902 -7.416023 -0.03988567 22.80993 -7.412903 -0.0349629 22.81572 -7.442198 -0.05960273 22.87002 -7.868792 1.008753 22.86436 -7.863726 1.01117 22.8612 -7.870998 1.008174 22.86496 -7.867914 1.178457 22.86524 -7.868374 1.204428 22.86521 -7.867915 1.180266 23.23585 -7.717294 1.060643 22.66395 -7.563427 1.050321 22.65885 -8.077384 0.9290646 22.86444 -7.86682 0.7842001 22.86584 -7.868041 0.8196214 22.86518 -7.86794 0.8542502 22.83056 -7.409902 -0.4221084 22.80432 -7.429097 -0.3992412 22.82693 -7.443862 -0.4023365 23.07315 -7.149106 0.7856051 23.06579 -7.151045 0.7879928 23.07149 -7.15751 0.788356 23.07024 -7.152628 0.9944564 23.07024 -7.152596 1.025082 22.66269 -7.141214 0.7860107 23.07031 -7.152532 1.020554 23.3555 -7.401829 0.7877117 23.23607 -6.70276 0.7276545 23.07039 -7.152575 0.5417294 23.07022 -7.152604 0.5162697 23.07022 -7.152604 0.5687923 22.83571 -7.438484 0.2038117 22.81919 -7.40718 0.1927167 22.80562 -7.428866 0.1780269 22.54327 -7.459639 0.8047009 22.53732 -7.45887 0.8019494 22.53947 -7.467371 0.8024107 22.5401 -7.462609 0.9935618 22.52162 -7.46479 0.9964542 22.5286 -7.450117 0.7078199 22.30207 -7.401685 0.7650787 22.54775 -7.468075 0.8441591 22.54008 -7.463751 0.5941261 22.54011 -7.462555 0.5934906 22.8376 -7.4349 -0.1718242 22.82347 -7.406671 -0.1488986 22.80577 -7.436165 -0.1500427 23.30176 -7.738338 1.152601 23.29421 -7.734265 1.156359 23.29543 -7.741655 1.154136 23.30868 -7.758897 1.348873 23.29732 -7.737827 1.392667 23.29757 -7.736822 1.364736 23.14467 -7.417004 1.097599 23.29823 -7.746037 0.9439509 23.64031 -7.841999 1.153392 23.29754 -7.736763 0.9369682 23.29736 -7.736662 0.953098 22.84116 -7.422628 0.323266 22.8052 -7.419575 0.3101158 22.815 -7.440153 0.341231 22.72877 -6.88269 0.9888709 22.72336 -6.877936 0.9846893 22.71972 -6.883747 0.9884473 22.72202 -6.894416 1.075815 22.57361 -6.826327 1.15288 22.72353 -6.881739 1.273314 22.72423 -6.881409 1.319208 22.88035 -6.758517 0.9682859 22.72408 -6.882175 0.6747891 22.7242 -6.880348 0.6875771 26.34121 -8.159885 -1.391035 26.29113 -8.220998 -1.396076 26.37886 -8.218776 -1.394639 26.33537 -8.239088 1.252284 26.31054 -8.247659 1.251871 26.33326 -8.26359 1.251443 26.33952 -8.210373 0.04120455 26.31355 -8.225234 0.02644596 26.33635 -8.244299 0.05499931 25.9723 -8.016323 1.426321 25.96454 -8.019308 1.423643 25.9705 -8.023736 1.427405 25.96904 -8.019719 1.726043 25.96906 -8.019726 1.698491 25.96905 -8.019765 1.731194 26.19185 -7.66864 1.465808 25.72394 -7.867044 1.528533 26.07947 -8.439636 1.479905 25.96901 -8.019769 1.169986 25.9699 -8.02002 1.122065 25.9692 -8.019452 1.083226 26.34142 -8.212931 0.03667158 26.31189 -8.230539 0.03299347 26.34419 -8.237202 0.0199321 26.46467 -8.545713 1.555604 26.45885 -8.551658 1.55439 26.46469 -8.5539 1.552771 26.46303 -8.557755 1.873012 26.45906 -8.551125 1.705858 26.46465 -8.542005 1.761307 26.86707 -8.592468 1.490955 26.42614 -8.764637 1.300477 26.46309 -8.549939 1.336053 26.46309 -8.54969 1.278295 26.46134 -8.548116 1.283195 26.32332 -8.212717 0.278426 26.32442 -8.239656 0.3218713 26.34651 -8.223829 0.2818003 26.53518 -7.696002 1.326368 26.53436 -7.702233 1.332011 26.54146 -7.701483 1.328962 26.53694 -7.699808 1.578516 26.53704 -7.69994 1.56311 26.47499 -8.097619 1.389444 26.85664 -7.898392 1.319526 26.8456 -7.45765 1.364543 26.53695 -7.699971 1.552286 26.28319 -7.418685 1.384847 26.2546 -7.677979 1.091447 26.53701 -7.69987 1.127935 26.53704 -7.699847 1.100228 26.53708 -7.699728 1.110768 26.32233 -8.209585 0.5805358 26.32727 -8.243982 0.5721512 26.34562 -8.222011 0.5990635 26.12449 -8.302642 1.238352 26.11818 -8.305197 1.234551 26.1237 -8.311037 1.236271 26.12408 -8.323987 1.468269 25.99538 -8.666793 1.243454 26.11952 -8.284278 1.375521 26.12624 -8.109867 1.20747 26.14781 -8.301643 1.043699 26.12219 -8.306335 1.061416 26.12203 -8.3063 1.004429 26.32652 -8.208589 0.3731031 26.31447 -8.233715 0.3787917 26.34261 -8.237821 0.3503185 26.74277 -8.324604 1.584888 26.73642 -8.328081 1.587681 26.74194 -8.333228 1.584219 26.74037 -8.328869 1.780995 26.74087 -8.328759 1.811006 26.74045 -8.328644 1.783085 26.723 -7.948117 1.644851 26.40321 -8.412561 1.632923 26.86291 -8.58042 1.492802 26.73922 -8.328991 1.325399 26.74076 -8.328116 1.366331 26.74046 -8.328676 1.406348 26.31833 -8.214244 -0.06858549 26.32723 -8.243891 -0.04216061 26.34766 -8.228287 -0.04573758 26.16132 -7.913644 1.327023 26.16072 -7.920867 1.329782 26.16833 -7.917804 1.330202 26.16355 -7.917375 1.568367 26.16352 -7.91737 1.603757 26.02383 -8.279567 1.327492 26.16349 -7.917283 1.598525 26.47785 -7.740496 1.329457 25.81244 -7.625616 1.260056 26.16355 -7.917227 1.045205 26.16352 -7.917387 1.015785 26.16352 -7.917387 1.076479 26.34562 -8.218703 0.6547146 26.31228 -8.223579 0.6418935 26.32743 -8.242651 0.6249183 26.27171 -8.487913 1.34909 26.26913 -8.493003 1.34591 26.27744 -8.493781 1.346443 26.27337 -8.491696 1.567333 26.26946 -8.50898 1.570676 26.2585 -8.498051 1.237136 26.14306 -8.686 1.303303 26.2807 -8.486573 1.394687 26.27439 -8.492082 1.105754 26.27332 -8.491671 1.105019 26.34301 -8.215866 0.2206377 26.31318 -8.219581 0.24713 26.33403 -8.244838 0.2458079 26.76283 -7.895636 1.751116 26.75677 -7.901123 1.755459 26.7638 -7.902369 1.75289 26.78348 -7.895959 1.977923 26.76096 -7.899457 2.028531 26.76014 -7.898919 1.996254 26.4245 -7.934557 1.687557 26.76862 -7.901252 1.510004 26.96342 -7.624693 1.75203 26.76008 -7.898921 1.501935 26.75993 -7.899054 1.520574 26.33313 -8.208768 0.7927535 26.31896 -8.240082 0.7775575 26.34054 -8.237819 0.8135135 25.81278 -8.138124 1.561913 25.80679 -8.141464 1.557081 25.81085 -8.146577 1.561423 25.82116 -8.147903 1.662384 25.71289 -8.259486 1.751438 25.81026 -8.142518 1.890609 25.81019 -8.141785 1.943643 25.74948 -7.962612 1.538125 25.81083 -8.142166 1.198966 25.80923 -8.141475 1.213744 27.91667 -5.421509 -1.557721 27.83163 -5.358954 -1.565602 27.84073 -5.475854 -1.563355 27.81058 -5.419247 2.220841 27.79741 -5.386729 2.220252 27.77775 -5.418151 2.21964 27.84567 -5.398115 1.403541 27.80473 -5.408865 1.451945 27.83627 -5.433639 1.419956 28.25787 -5.354144 2.507464 28.24997 -5.347979 2.511306 28.25121 -5.359653 2.511519 27.85456 -5.516822 2.430103 28.25277 -5.3528 2.945694 28.32532 -5.519308 2.589529 28.24274 -5.334264 2.640301 28.15423 -4.941465 2.532891 28.25581 -5.351199 2.01308 28.25259 -5.352741 2.079907 28.25225 -5.353793 2.139836 27.8507 -5.404403 0.6678541 27.81758 -5.389096 0.6480237 27.81195 -5.43084 0.6589122 27.54199 -5.197734 2.873325 27.53294 -5.199601 2.871658 27.54057 -5.208168 2.874625 27.53828 -5.202651 3.150533 27.53853 -5.202886 3.208412 27.53849 -5.202472 3.220736 28.06536 -5.217591 2.829135 27.12734 -5.59247 2.822053 27.22955 -4.834087 2.874186 27.53827 -5.20254 2.600096 27.5383 -5.202629 2.535991 27.53843 -5.202553 2.566341 27.84783 -5.40147 1.804267 27.80283 -5.414196 1.805751 27.82463 -5.423368 1.772855 28.00027 -5.976176 2.143003 27.99063 -5.975589 2.150256 27.99055 -5.980469 2.139966 27.9939 -5.977373 2.466937 27.99365 -5.977609 2.517469 27.99844 -5.977268 2.583501 28.24888 -6.42524 2.202498 27.58791 -6.082792 2.297609 27.95467 -5.990699 1.693103 28.27536 -5.857624 2.032944 27.98978 -5.980213 1.6636 27.85049 -5.414026 1.669688 27.82405 -5.387872 1.665188 27.81429 -5.429517 1.687348 28.0756 -5.020639 2.75618 28.06566 -5.018756 2.758213 28.07028 -5.028963 2.761621 28.0704 -5.022824 3.225337 28.08267 -5.02935 3.278639 28.06717 -5.021219 3.302734 28.00084 -5.472188 2.635064 28.3685 -4.792995 2.624435 27.63505 -4.990178 2.589134 28.07042 -5.022901 2.309631 28.07073 -5.02292 2.291051 28.07048 -5.022799 2.268898 27.84644 -5.426478 1.174472 27.82343 -5.386538 1.161512 27.80905 -5.421137 1.121142 27.17746 -5.650604 2.554459 27.17354 -5.641104 2.554105 27.16812 -5.649826 2.547948 27.1697 -5.65403 2.907934 27.17294 -5.647149 2.868738 27.53745 -5.708482 2.694799 27.17292 -5.6471 2.896095 27.1502 -5.80441 2.513881 27.20838 -5.226104 2.5111 27.17223 -5.646215 2.192839 27.16794 -5.68176 2.538117 27.84418 -5.398221 1.08129 27.81572 -5.398194 1.151815 27.81966 -5.436549 1.102087 28.3908 -5.647982 1.95934 28.38777 -5.641487 1.966166 28.38321 -5.652289 1.966126 28.38667 -5.647514 2.267414 28.38693 -5.647751 2.273169 28.38699 -5.647388 2.253334 28.02178 -5.354131 2.127867 28.21429 -6.081551 2.089984 28.92987 -5.516947 2.000494 28.37811 -5.638687 1.676865 28.38684 -5.647892 1.628827 28.38667 -5.647516 1.720072 27.85193 -5.40381 0.3902811 27.8123 -5.400236 0.3460674 27.81471 -5.42965 0.4142336 27.50748 -4.618063 1.970579 27.50531 -4.611176 1.962236 27.49682 -4.617558 1.96539 27.50276 -4.615921 2.331056 27.52937 -4.573956 2.001472 27.50141 -4.609343 2.387998 27.43755 -4.535553 1.760182 27.35178 -4.977165 1.959728 27.50385 -4.614705 1.572705 27.50317 -4.61572 1.61737 27.84903 -5.422857 0.8899946 27.82864 -5.388962 0.9167945 27.80285 -5.420983 0.8800999 27.7154 -5.849759 2.503091 27.70684 -5.842769 2.50524 27.704 -5.850211 2.50152 27.70943 -5.848044 2.841191 27.70939 -5.847908 2.863999 27.70782 -5.847266 2.942968 27.92259 -5.709774 2.838687 27.3295 -6.092832 2.320613 27.80108 -6.274571 2.509144 27.70957 -5.848186 2.082592 27.72194 -5.855582 2.185548 27.59729 -5.693726 2.319019 27.84586 -5.425406 0.4613707 27.83072 -5.387188 0.4571817 27.80466 -5.42186 0.4966799 28.44216 -5.098512 2.891563 28.43636 -5.088452 2.891806 28.43188 -5.097071 2.89565 28.43688 -5.094626 3.290481 28.43705 -5.087582 3.133324 28.43695 -5.095056 3.340407 28.03204 -5.294601 2.891625 28.74252 -5.535239 2.937077 28.43548 -5.091886 2.424232 28.4403 -5.096135 2.470973 28.43691 -5.094665 2.580359 26.24736 -1.561941 -1.65519 26.26342 -1.460411 -1.661093 26.16639 -1.520574 -1.65941 26.20186 -1.469183 1.175361 26.22409 -1.443246 1.174919 26.18812 -1.440292 1.174461 26.23583 -1.490077 0.5631153 26.20822 -1.459477 0.5993744 26.2009 -1.497832 0.5754115 26.45824 -1.826885 1.390072 26.46004 -1.817294 1.39295 26.4505 -1.823588 1.39311 26.13715 -1.550861 1.332121 26.45712 -1.821868 1.718354 26.34558 -1.959099 1.451548 26.46867 -1.804909 1.489582 26.76878 -1.552655 1.40912 26.45987 -1.823785 1.019725 26.4571 -1.821689 1.069786 26.45603 -1.821867 1.114679 26.23265 -1.497239 0.01200608 26.23107 -1.461748 -0.002849035 26.19245 -1.475553 0.005307679 26.27328 -1.137811 1.664141 26.26762 -1.130819 1.662893 26.26362 -1.14125 1.665116 26.26737 -1.136797 1.8718 26.26728 -1.137119 1.915158 26.26762 -1.136899 1.92439 26.49022 -1.599315 1.631038 25.74643 -0.9557896 1.625734 26.44801 -0.7049386 1.664786 26.26746 -1.136745 1.459464 26.2674 -1.136809 1.411442 26.26752 -1.136884 1.434178 26.2339 -1.49344 0.8633023 26.20276 -1.460219 0.8644137 26.20458 -1.483177 0.8397706 25.80507 -1.88235 1.117052 25.80126 -1.873751 1.122485 25.79701 -1.875869 1.114776 25.80118 -1.87738 1.359714 25.80087 -1.87727 1.397568 25.8033 -1.881254 1.447032 25.52792 -2.298229 1.16162 25.52841 -1.573423 1.232868 25.77211 -1.849412 0.7800278 26.03065 -2.067223 1.034606 25.79688 -1.875083 0.7579272 26.22423 -1.501357 0.7624879 26.23502 -1.466793 0.7591165 26.19464 -1.476982 0.7757168 26.66513 -1.520072 1.576387 26.66231 -1.510627 1.57791 26.65555 -1.519191 1.580464 26.66092 -1.516551 1.927837 26.66076 -1.530081 1.967765 26.66086 -1.513035 1.985816 26.24118 -1.6574 1.485658 26.99302 -1.671544 1.477696 26.49441 -1.125443 1.451252 26.66086 -1.516597 1.241874 26.66098 -1.516878 1.227955 26.66097 -1.516604 1.211361 26.21165 -1.503425 0.3915173 26.23589 -1.46566 0.3818089 26.19954 -1.4687 0.3515677 25.71857 -1.025134 1.425277 25.72503 -1.017492 1.425012 25.71506 -1.016705 1.420399 25.71214 -1.019959 1.690067 25.71953 -1.019677 1.660706 25.82954 -1.362347 1.530407 25.71957 -1.019639 1.681199 25.57336 -1.070359 1.39488 26.09952 -0.8619845 1.392796 25.72003 -1.018649 1.154384 25.68737 -1.030836 1.413035 26.23507 -1.488833 0.3217142 26.22237 -1.464207 0.3745453 26.19096 -1.484768 0.3372934 26.26359 -2.07328 0.9794682 26.26785 -2.067755 0.9845821 26.25647 -2.068648 0.9845516 26.26215 -2.069504 1.210249 26.26206 -2.06983 1.21456 26.2624 -2.06972 1.199701 26.35265 -1.622702 1.105713 25.80967 -2.114582 1.077335 26.61805 -2.480871 1.010297 26.26595 -2.058151 0.767864 26.26189 -2.069814 0.7318783 26.26215 -2.069505 0.8002307 26.23371 -1.498034 -0.195926 26.21907 -1.462163 -0.2290469 26.19471 -1.477408 -0.177983 26.75916 -0.8486636 0.9878877 26.76414 -0.8437088 0.9816375 26.75482 -0.8392189 0.9840003 26.7589 -0.8436231 1.257924 26.80709 -0.8478646 1.01103 26.76398 -0.8395121 1.30058 26.79923 -0.7512819 0.8302774 26.37895 -0.8746446 0.9797587 26.76043 -0.844021 0.6898374 26.75925 -0.8438868 0.7232963 26.21594 -1.504048 0.1784133 26.23613 -1.471251 0.1984893 26.1969 -1.463268 0.1710011 25.78697 -1.579441 1.386796 25.78918 -1.56891 1.388407 25.78148 -1.569785 1.385619 25.78578 -1.573511 1.64007 25.78588 -1.57342 1.657156 25.78573 -1.571776 1.716312 26.00071 -1.696002 1.638194 25.40413 -1.354441 1.250101 25.45791 -1.843567 1.391331 25.78572 -1.573692 1.071798 25.78486 -1.587702 1.148923 25.86908 -1.407504 1.248907 26.21232 -1.502448 -0.1426722 26.23859 -1.472259 -0.1458103 26.19695 -1.465225 -0.1162219 26.76176 -1.87191 1.677804 26.76786 -1.862399 1.677986 26.7584 -1.862372 1.680865 26.76275 -1.865603 1.976637 26.76892 -1.862604 1.858909 26.76242 -1.865862 2.014036 26.40872 -1.604948 1.67785 26.51842 -2.327028 1.711899 26.7645 -1.863171 1.327723 26.76298 -1.869239 1.362736 26.76273 -1.865648 1.444678 21.92747 -5.493023 -1.667131 21.89143 -5.575125 -1.673068 21.98662 -5.545862 -1.671375 21.94531 -5.581361 1.377957 21.92081 -5.598319 1.377482 21.9505 -5.608779 1.37699 21.9449 -5.549442 0.2401353 21.91534 -5.571884 0.2319705 21.94597 -5.58763 0.219491 22.01402 -5.874035 1.93617 22.00634 -5.879273 1.935255 22.01562 -5.882333 1.933785 22.01195 -5.878676 2.206364 22.01275 -5.879213 2.282702 21.92162 -5.790435 2.119605 22.304 -5.529179 2.025905 22.22381 -6.275144 1.806727 22.01276 -5.878588 1.5874 21.91329 -5.605185 1.66249 22.01178 -5.878859 1.633542 21.93374 -5.550847 0.4139736 21.91938 -5.578544 0.4517569 21.95661 -5.572377 0.4241367 22.20428 -5.060651 1.791151 22.19609 -5.064322 1.795554 22.20445 -5.068449 1.795398 22.20061 -5.066851 2.099717 22.56922 -5.154121 1.778107 22.2037 -5.061244 1.982736 21.97147 -5.343992 1.744313 22.19773 -5.066713 1.505956 22.20251 -5.063226 1.539892 22.18328 -5.05964 1.763486 21.94332 -5.551038 0.5094783 21.91507 -5.571243 0.4808784 21.94962 -5.585372 0.5074997 21.61569 -5.645327 1.613649 21.6089 -5.650774 1.610051 21.61605 -5.655131 1.612719 21.61367 -5.650311 1.906725 21.61361 -5.650344 1.897871 21.64331 -5.908517 1.862095 21.6134 -5.650128 1.945788 21.17065 -5.594849 1.596327 22 -5.533952 1.386332 21.78042 -5.320576 1.694789 21.61921 -5.655442 1.278794 21.61362 -5.650376 1.351361 21.61358 -5.650294 1.28218 21.91996 -5.564765 0.3548342 21.93787 -5.588899 0.3130952 21.95289 -5.56101 0.3077396 22.5854 -5.832033 1.652757 22.57914 -5.838445 1.655548 22.58685 -5.839961 1.64912 22.58375 -5.836896 1.883935 22.58372 -5.837022 1.910906 22.91312 -6.110988 1.747943 22.58376 -5.836897 1.898651 22.4879 -5.820428 1.950993 22.99187 -5.854225 1.592981 22.2084 -6.085007 1.57492 22.58198 -5.817642 1.451055 22.58379 -5.836842 1.353722 22.58375 -5.836896 1.340194 21.924 -5.55547 0.2160192 21.92663 -5.588598 0.2516148 21.95632 -5.563538 0.2381036 21.80159 -5.229002 1.359156 21.79414 -5.231745 1.359012 21.7993 -5.237886 1.363365 21.80162 -5.223863 1.426564 21.78869 -5.236331 1.680717 21.79838 -5.233592 1.630715 21.79679 -5.76997 1.335445 22.12154 -5.172943 1.331945 21.80108 -5.232996 1.061024 21.79887 -5.233332 1.113108 21.78637 -5.23338 1.302422 21.94426 -5.558301 0.9641418 21.91522 -5.564679 0.9258839 21.94802 -5.584714 0.9096288 21.81094 -5.88351 1.31382 21.81188 -5.890098 1.306828 21.81914 -5.888509 1.31173 21.81395 -5.887342 1.545374 21.81449 -5.889171 1.61388 22.03242 -6.227121 1.293787 21.8133 -5.887686 1.603168 21.82662 -5.877531 1.289063 21.84791 -5.874714 1.224967 21.76547 -5.964159 1.259397 21.92405 -5.552613 -0.1627075 21.9271 -5.58928 -0.1499328 21.95575 -5.565532 -0.1773031 22.19914 -5.397702 1.37335 22.19259 -5.399925 1.375905 22.19865 -5.407252 1.375442 22.19606 -5.403261 1.751514 22.19505 -5.39955 1.680429 22.45668 -5.636941 1.291023 22.19996 -5.400085 1.723315 21.90514 -5.54035 1.193134 22.19898 -5.397313 1.084089 22.19712 -5.402026 1.03431 22.1971 -5.402234 1.02867 21.91798 -5.562165 0.2256039 21.93028 -5.590231 0.2432729 21.95129 -5.55652 0.2515031 21.5961 -5.45906 1.546399 21.60295 -5.465415 1.550195 21.60441 -5.45762 1.549754 21.59742 -5.460486 1.88623 21.60051 -5.460879 1.793711 21.6008 -5.460931 1.847946 21.86379 -5.158797 1.565558 21.77816 -5.795941 1.530305 21.23367 -5.339584 1.484462 21.60057 -5.459892 1.224555 21.60061 -5.460903 1.272015 21.60087 -5.460788 1.283823 21.92268 -5.552202 0.8384025 21.92753 -5.588121 0.8199438 21.95693 -5.569291 0.8187401 22.07837 -5.757552 1.867865 22.07102 -5.76226 1.868023 22.07958 -5.766534 1.865514 22.07632 -5.762209 2.153801 22.07757 -5.766444 2.230621 22.19219 -5.762335 2.147596 21.74448 -5.858672 2.037094 22.06012 -5.420371 1.69615 22.08363 -5.766074 1.458153 22.04425 -5.774832 1.507509 22.07646 -5.762018 1.483694 25.21556 -2.44815 -1.699985 25.20182 -2.336792 -1.70669 25.11815 -2.429142 -1.704778 25.13988 -2.364539 1.594174 25.15539 -2.33063 1.593656 25.11676 -2.338368 1.593118 25.18315 -2.368262 0.22086 25.1421 -2.350383 0.2116022 25.13903 -2.389749 0.2024357 24.88203 -2.556391 2.203661 24.88755 -2.545554 2.205644 24.87617 -2.547164 2.203677 24.88257 -2.549395 2.510694 24.88223 -2.549773 2.457384 24.88242 -2.550022 2.506224 25.36106 -2.474453 2.207121 24.57723 -2.127554 2.145857 24.67217 -3.010658 2.230964 24.88203 -2.549662 1.878334 24.88223 -2.551825 1.909409 24.88207 -2.549667 1.946434 25.1777 -2.377675 0.6423521 25.15411 -2.344384 0.68554 25.1423 -2.392254 0.6825636 25.89224 -2.592939 1.8962 25.8926 -2.580644 1.898266 25.88531 -2.588513 1.901473 25.83466 -2.548629 1.907165 25.89048 -2.586499 2.152124 25.89091 -2.587681 2.194888 25.5695 -2.74785 1.956685 25.89846 -2.529195 1.609816 25.86011 -2.579058 1.703699 25.89061 -2.586387 1.613173 25.14641 -2.393359 0.3277988 25.18113 -2.35809 0.3159458 25.14409 -2.353024 0.2903545 24.90829 -1.980149 1.495686 24.90997 -1.968805 1.491066 24.90085 -1.975344 1.49145 24.90712 -1.974324 1.782975 24.90711 -1.974333 1.758388 25.15782 -2.345613 1.647314 24.90592 -1.966396 1.271088 24.9034 -1.972531 1.768644 25.27204 -1.974824 1.480489 24.89872 -1.975588 1.306943 24.90712 -1.97432 1.181147 25.15931 -2.387235 0.7891743 25.17218 -2.359745 0.8647145 25.13196 -2.367587 0.8293942 25.02172 -3.276494 1.581765 25.02934 -3.271502 1.589593 25.01778 -3.27006 1.589217 25.02261 -3.273192 1.966291 24.51614 -2.960329 1.531771 25.02302 -3.272702 1.909884 25.52184 -3.303729 1.569687 25.02258 -3.272088 1.965182 24.83216 -3.8775 1.556424 25.02305 -3.272888 1.26187 25.02414 -3.270294 1.220102 25.02312 -3.272838 1.210098 25.17995 -2.382114 0.1801904 25.16546 -2.34872 0.173207 25.13534 -2.377604 0.2168262 25.57423 -2.098277 1.480413 25.57117 -2.086979 1.478385 25.56589 -2.096522 1.483537 25.57035 -2.093095 1.693096 25.57023 -2.092182 1.771892 25.65754 -2.334855 1.47266 25.97421 -1.806851 1.524483 25.57138 -2.088929 1.807791 25.56915 -2.087528 1.171808 25.14537 -2.164698 1.371183 25.57035 -2.093096 1.24844 25.57037 -2.093075 1.248947 25.1722 -2.39044 1.120178 25.17232 -2.350815 1.119695 25.13697 -2.376649 1.097654 24.80756 -2.371093 1.607842 24.81241 -2.363046 1.610809 24.80357 -2.359693 1.605163 24.80808 -2.359727 1.881558 24.80042 -2.365542 1.822835 24.81128 -2.366211 1.888576 24.53615 -2.754046 1.457578 24.81513 -2.36443 1.345912 24.80716 -2.364429 1.33211 24.84348 -2.384158 1.353442 25.17989 -2.379296 1.200425 25.15565 -2.345015 1.219583 25.13865 -2.390029 1.209505 25.46786 -2.708627 2.084768 25.46131 -2.700423 2.089566 25.45608 -2.70986 2.087976 25.4638 -2.707604 2.517471 25.45822 -2.704455 2.513007 25.72022 -3.177797 2.066194 25.46219 -2.711037 2.519882 25.46108 -2.707816 1.679951 25.46997 -2.210231 2.025122 25.45542 -2.706968 1.928163 25.46171 -2.706356 1.731595 25.15534 -2.393689 0.425833 25.1815 -2.358649 0.3822825 25.13493 -2.361041 0.3864019 25.17608 -1.586674 1.907621 25.18035 -1.578238 1.90245 25.16869 -1.578322 1.902661 25.17491 -1.581085 2.197911 25.17581 -1.582731 2.240887 25.17409 -1.582432 2.257279 25.57099 -1.908763 1.822459 24.65021 -1.852608 1.851616 25.10381 -1.102812 1.88789 25.17397 -1.581494 1.561334 25.17538 -1.581281 1.586545 25.17492 -1.581101 1.653428 25.1815 -2.366051 0.4695601 25.13491 -2.359747 0.4453245 25.1486 -2.392359 0.4276441 24.91338 -2.691454 1.462974 24.91583 -2.68079 1.468012 24.90632 -2.685651 1.46311 24.91246 -2.685499 1.775164 24.91246 -2.685474 1.782523 24.91441 -2.651112 1.782464 24.51445 -2.653145 1.509267 25.17006 -3.06372 1.539858 25.23608 -2.301523 1.331652 24.90951 -2.685824 1.1008 24.91353 -2.691055 1.083876 24.9125 -2.685518 1.17837 24.63666 -4.577279 -1.717368 24.72646 -4.595625 -1.723387 24.67673 -4.506795 -1.721671 24.7211 -4.540441 1.369834 24.74332 -4.561276 1.369353 24.74738 -4.52935 1.368853 24.68929 -4.547723 0.216276 24.71808 -4.572429 0.2079982 24.72722 -4.538434 0.1953462 24.99881 -4.408787 1.935767 25.00569 -4.415326 1.934839 25.00675 -4.4054 1.933348 25.00389 -4.409852 2.209698 25.00425 -4.408934 2.287092 24.93514 -4.519116 2.121739 24.59175 -4.193204 2.026743 25.35452 -4.112792 1.804533 25.00363 -4.409059 1.582173 24.7518 -4.567308 1.658302 25.00411 -4.409979 1.628954 24.69309 -4.55857 0.3925184 24.72387 -4.566964 0.4308243 24.70969 -4.531076 0.4028221 24.14497 -4.3937 1.788743 24.15041 -4.401095 1.793206 24.15273 -4.39185 1.793048 24.15196 -4.39603 2.101576 24.15984 -4.008872 1.775517 24.14569 -4.394154 1.982977 24.47825 -4.565381 1.741256 24.15244 -4.39894 1.499602 24.14793 -4.394918 1.534008 24.14848 -4.414902 1.760695 24.69122 -4.548953 0.489344 24.7175 -4.572834 0.4603485 24.72418 -4.535272 0.4873381 24.85597 -4.856093 1.608785 24.86287 -4.861707 1.605137 24.86569 -4.853624 1.607843 24.86138 -4.857037 1.905914 24.86143 -4.857085 1.896939 25.11305 -4.771843 1.860667 24.86126 -4.857348 1.945518 24.9013 -5.311719 1.591224 24.66195 -4.495988 1.378325 24.49596 -4.761358 1.691047 24.86532 -4.850395 1.2693 24.86146 -4.85707 1.342869 24.86139 -4.857134 1.272732 24.70997 -4.569343 0.3325611 24.73024 -4.546258 0.2902449 24.69913 -4.537245 0.2848152 24.83385 -3.846791 1.648434 24.84161 -3.851668 1.651264 24.84146 -3.843634 1.644747 24.83907 -3.847395 1.88281 24.8392 -3.847401 1.910153 25.04211 -3.459241 1.744937 24.83907 -3.847382 1.897728 24.84324 -3.946736 1.950795 24.76855 -3.435795 1.587832 25.16781 -4.169112 1.56952 24.82021 -3.853313 1.443943 24.83901 -3.847367 1.345263 24.83907 -3.847395 1.331549 24.69981 -4.567306 0.1918263 24.73235 -4.557554 0.2279142 24.70092 -4.533276 0.2142162 24.39989 -4.75991 1.350773 24.40423 -4.766762 1.350626 24.40926 -4.760283 1.35504 24.39475 -4.760983 1.419113 24.40999 -4.771223 1.676781 24.40517 -4.762132 1.626087 24.94156 -4.648273 1.326734 24.275 -4.452222 1.323186 24.40399 -4.759561 1.048517 24.4048 -4.761696 1.101322 24.40754 -4.774176 1.293254 24.69828 -4.546456 0.9502955 24.7109 -4.574107 0.9115084 24.72387 -4.53701 0.8950286 25.05198 -4.609702 1.30481 25.05836 -4.607338 1.297721 25.05521 -4.600427 1.302691 25.05516 -4.605865 1.539566 25.05688 -4.604927 1.609019 25.34771 -4.314405 1.2845 25.05565 -4.606438 1.598159 25.04263 -4.595314 1.279711 25.03524 -4.574642 1.214728 25.14237 -4.637779 1.249634 24.69695 -4.567877 -0.1921381 24.73293 -4.556934 -0.1791868 24.70303 -4.533413 -0.2069355 24.48292 -4.326296 1.365163 24.48656 -4.332364 1.367754 24.49257 -4.324729 1.367284 24.48914 -4.328176 1.748557 24.48565 -4.329988 1.676489 24.66659 -4.017424 1.281697 24.48513 -4.324959 1.719968 24.68876 -4.58941 1.182455 24.48257 -4.326537 1.071902 24.48768 -4.327385 1.021434 24.48789 -4.327356 1.015716 24.7078 -4.571881 0.2015436 24.7332 -4.553548 0.219457 24.69499 -4.539809 0.227801 24.67403 -4.915754 1.540605 24.67891 -4.907546 1.544454 24.6708 -4.90776 1.544006 24.67517 -4.914133 1.885136 24.6749 -4.910962 1.791338 24.67489 -4.91066 1.846322 24.31634 -4.712857 1.560029 24.97152 -4.661302 1.524289 24.63263 -5.303676 1.477811 24.6739 -4.911113 1.214311 24.6749 -4.910852 1.262427 24.67473 -4.910619 1.274398 24.69683 -4.569336 0.8228171 24.73168 -4.556756 0.8041032 24.70654 -4.53142 0.8028829 24.86854 -4.369542 1.866517 24.87483 -4.375875 1.866678 24.87726 -4.366395 1.864134 24.87364 -4.370591 2.156407 24.8776 -4.368424 2.23429 24.84883 -4.254763 2.150117 25.04146 -4.68146 2.038087 24.5355 -4.460351 1.692428 24.87593 -4.362451 1.451139 24.89316 -4.399925 1.501178 24.87342 -4.370486 1.477033 28.4158 -3.351827 -1.625328 28.35503 -3.280895 -1.632453 28.33947 -3.383461 -1.630422 28.32482 -3.328644 1.756795 28.31998 -3.297984 1.756269 28.29674 -3.321126 1.755723 28.35068 -3.342804 0.8839599 28.34954 -3.304132 0.850462 28.31951 -3.328751 0.8537012 28.09159 -2.959794 2.226359 28.08622 -2.953062 2.222135 28.08393 -2.962797 2.225428 28.10929 -2.923594 2.543844 28.08526 -2.962221 2.577576 28.08538 -2.951495 2.540794 27.82522 -3.175737 2.147546 28.08642 -2.953135 1.862938 28.08677 -2.958104 1.90023 28.09098 -2.958806 1.904439 28.36254 -3.326377 1.239985 28.33241 -3.317063 1.260783 28.32577 -3.331129 1.21991 28.30498 -3.955844 1.533255 28.29748 -3.95281 1.540476 28.29631 -3.956367 1.530186 28.30066 -3.954642 1.941721 28.29533 -3.957867 1.961744 28.30057 -3.956913 1.920522 27.96669 -4.195068 1.632524 28.68269 -4.027672 1.570486 28.13027 -3.596685 1.550204 28.45408 -3.662894 1.320946 28.24878 -4.066888 1.170296 28.30014 -3.954854 1.153995 28.29959 -3.954974 1.202788 28.29956 -3.955096 1.170983 28.35553 -3.323833 0.7991888 28.32971 -3.306709 0.8273965 28.33378 -3.337325 0.8788283 28.9059 -2.855797 1.649225 28.89886 -2.853862 1.655453 28.90343 -2.862114 1.658081 28.90279 -2.857332 1.948693 28.90283 -2.857276 1.926224 28.90272 -2.857327 1.994215 29.08735 -3.380502 1.727297 28.6124 -2.804195 1.69972 29.22991 -2.732901 1.629394 28.90314 -2.855441 1.3112 28.87545 -2.845417 1.290253 28.90298 -2.857435 1.377436 28.35254 -3.338186 0.7178011 28.34377 -3.304226 0.6943064 28.32499 -3.331678 0.6455219 27.63378 -3.319073 1.694166 27.62675 -3.320079 1.685432 27.63132 -3.326536 1.691184 27.62157 -3.320271 1.972891 27.63114 -3.323557 2.153456 27.6231 -3.314573 1.862965 27.95056 -3.484949 1.681382 27.62975 -3.320944 1.240785 27.53747 -3.301227 1.261003 27.6309 -3.321247 1.270274 28.3596 -3.320826 1.079264 28.32951 -3.309123 1.131875 28.33272 -3.345246 1.084987 28.85711 -3.801543 2.242735 28.85887 -3.794558 2.245584 28.84994 -3.7973 2.249456 28.85464 -3.797889 2.496082 28.85339 -3.8011 2.551344 28.85293 -3.813906 2.082379 28.85478 -3.786234 2.595344 28.45772 -3.681865 2.198191 28.852 -3.799215 2.133122 28.8616 -3.78798 2.066065 28.35712 -3.312608 0.8703083 28.32008 -3.317884 0.8752381 28.33496 -3.345011 0.9038887 28.33571 -2.854309 2.289278 28.32778 -2.848138 2.286157 28.32645 -2.855642 2.289868 28.33064 -2.852507 2.694926 28.25114 -2.920798 2.55652 28.33143 -2.852641 2.772544 27.98193 -2.548185 2.228683 28.78357 -2.977968 2.236579 28.33332 -2.849101 1.834113 28.32903 -2.859125 1.839213 28.33082 -2.853 1.903125 28.36143 -3.324517 0.4530939 28.32403 -3.308269 0.4407151 28.33544 -3.343449 0.4115914 27.91563 -3.908649 2.305987 27.90985 -3.900192 2.308126 27.90772 -3.90825 2.303192 27.54961 -3.816791 2.482011 27.91122 -3.905596 2.640834 27.91671 -3.900408 2.528212 27.9113 -3.904923 2.664141 28.08896 -4.268949 2.266061 27.87691 -3.913827 1.962718 27.94003 -3.895401 2.00223 27.91127 -3.905098 2.036237 28.35147 -3.310076 0.8854815 28.32307 -3.327633 0.9457259 28.34555 -3.34597 0.9070016 28.94365 -3.245615 1.899058 28.93997 -3.236333 1.90124 28.9377 -3.245551 1.904538 28.94056 -3.241649 2.259895 28.94182 -3.236108 2.272071 28.51855 -3.262939 2.086914 28.94028 -3.242013 2.291776 28.51771 -3.039407 1.694361 29.44453 -3.076404 1.835188 29.11209 -3.647872 1.869319 28.94049 -3.241838 1.548932 28.94034 -3.242178 1.501506 28.94058 -3.241718 1.492513 28.35306 -3.341939 0.2861221 28.34838 -3.305325 0.2564678 28.31952 -3.32669 0.2418779 27.79718 -2.95449 2.254049 27.7882 -2.952142 2.249001 27.78975 -2.960592 2.252456 27.79177 -2.955638 2.570243 27.79178 -2.955613 2.568152 27.78646 -2.961422 2.676329 27.99102 -3.015575 2.596379 27.68843 -2.73093 2.223369 27.79841 -2.949243 1.963794 27.79223 -2.955507 1.877767 27.7605 -3.059852 2.133167 22.73291 -5.497153 -1.699582 22.71713 -5.572311 -1.705176 22.79178 -5.531054 -1.703581 22.76339 -5.568071 0.9826083 22.74583 -5.586592 0.98219 22.77256 -5.590143 0.9817558 22.73882 -5.551208 0.402453 22.75828 -5.575075 0.4368116 22.76517 -5.54673 0.4141047 22.58548 -5.291561 1.186066 22.58378 -5.298651 1.188793 22.59113 -5.294312 1.188944 22.81473 -5.509549 1.131152 22.58613 -5.295347 1.49714 22.6745 -5.197128 1.244319 22.57688 -5.307569 1.280359 22.3435 -5.484552 1.204115 22.58415 -5.293814 0.8351303 22.58614 -5.295482 0.882567 22.58694 -5.295389 0.9251073 22.74147 -5.545983 -0.1197703 22.74132 -5.572525 -0.1338468 22.77065 -5.56367 -0.1261176 22.69768 -5.812655 1.44577 22.70165 -5.818085 1.444587 22.70502 -5.81045 1.446693 22.70206 -5.813633 1.642544 22.70214 -5.813396 1.683629 22.70187 -5.813548 1.692378 22.55309 -5.46017 1.414402 23.08399 -5.968208 1.409375 22.55109 -6.129106 1.446381 22.70198 -5.813669 1.25182 22.70203 -5.813623 1.206316 22.70195 -5.813563 1.22786 22.74039 -5.548771 0.6869059 22.76238 -5.574726 0.6879591 22.76188 -5.557527 0.6646077 23.07494 -5.274642 0.9273553 23.07746 -5.281201 0.9325038 23.08071 -5.27978 0.9251993 23.07765 -5.278496 1.157298 23.07788 -5.27859 1.193168 23.07621 -5.275526 1.24004 23.29732 -4.974708 0.9695876 23.2698 -5.515516 1.037101 23.0983 -5.300454 0.6079962 22.91354 -5.128246 0.8492309 23.08077 -5.280371 0.587054 22.7479 -5.543226 0.5913757 22.73856 -5.568612 0.588181 22.76907 -5.562522 0.6039112 22.41961 -5.512746 1.362615 22.42136 -5.5199 1.364059 22.42673 -5.513762 1.366478 22.42263 -5.515531 1.695644 22.42325 -5.505442 1.733479 22.42254 -5.518157 1.750584 22.7411 -5.426157 1.276642 22.18063 -5.387441 1.269097 22.53222 -5.813601 1.244039 22.42267 -5.515499 1.045635 22.42259 -5.515285 1.032446 22.42259 -5.51549 1.016721 22.75737 -5.542155 0.2398492 22.73786 -5.569425 0.2306497 22.7651 -5.568519 0.2019935 23.10737 -5.917509 1.219425 23.10226 -5.92297 1.219174 23.10967 -5.92393 1.214803 23.11198 -5.921611 1.470337 23.10645 -5.921545 1.442514 23.0372 -5.661735 1.319045 23.10642 -5.921572 1.461933 23.21742 -5.889203 1.190621 22.81701 -6.024977 1.188646 23.10604 -5.922293 0.9627309 23.13087 -5.914423 1.207824 22.73934 -5.552165 0.1737047 22.7479 -5.571016 0.2237667 22.77211 -5.55685 0.1884674 22.73996 -5.115001 0.7969831 22.73657 -5.118964 0.801829 22.74509 -5.118724 0.8018001 22.74089 -5.117873 1.015668 22.74097 -5.117633 1.019753 22.74071 -5.117702 1.005673 22.65663 -5.447872 0.916611 23.0802 -5.101186 0.8897199 22.49074 -4.797593 0.8261959 22.73763 -5.126201 0.59647 22.74109 -5.117651 0.5623704 22.74089 -5.117872 0.6271402 22.74071 -5.545351 -0.3168038 22.75028 -5.572665 -0.3481886 22.76903 -5.562202 -0.2998012 22.32431 -6.010208 0.8049613 22.3204 -6.013718 0.7990388 22.32719 -6.017418 0.8012776 22.32431 -6.013979 1.060844 22.28851 -6.009009 0.8268902 22.32036 -6.016856 1.101264 22.29076 -6.08137 0.6556121 22.60898 -6.005063 0.7972584 22.32318 -6.013624 0.5225331 22.32406 -6.013769 0.5542382 22.75419 -5.541529 0.03791483 22.73789 -5.565244 0.05693862 22.76687 -5.57267 0.03089114 23.0771 -5.501341 1.182962 23.07505 -5.509116 1.184487 23.08083 -5.508752 1.181846 23.07776 -5.50581 1.42296 23.07768 -5.505874 1.43915 23.07773 -5.507106 1.495206 22.92198 -5.40636 1.421183 23.35433 -5.683569 1.053431 23.33252 -5.316584 1.187259 23.07781 -5.505677 0.8844732 23.07898 -5.495256 0.9575557 23.00939 -5.626559 1.052299 22.75683 -5.542858 -0.2663412 22.73609 -5.5644 -0.2693148 22.7669 -5.571209 -0.2412772 22.3607 -5.246597 1.458716 22.35578 -5.253465 1.458889 22.36284 -5.253839 1.461617 22.35972 -5.251265 1.741886 22.355 -5.253272 1.630329 22.35998 -5.251085 1.777325 22.61412 -5.459019 1.45876 22.55931 -4.916117 1.491024 22.35832 -5.253015 1.126984 22.35968 -5.248544 1.160163 22.35973 -5.251233 1.23781 28.16914 -7.406861 -1.413046 28.1866 -7.322222 -1.418751 28.10276 -7.368955 -1.417125 28.13456 -7.327183 1.29006 28.15424 -7.306269 1.289634 28.12415 -7.302383 1.289194 28.15118 -7.352345 0.8192586 28.15838 -7.329405 0.7936562 28.12732 -7.333382 0.8166185 28.4465 -6.898422 1.307358 28.44436 -6.891307 1.302296 28.43891 -6.895199 1.309046 28.44326 -6.894863 1.535592 28.44292 -6.893951 1.544252 28.53454 -6.928771 1.325789 28.32327 -7.180591 1.347668 28.44313 -6.894579 1.08656 28.4432 -6.895188 1.097576 28.43753 -6.888995 1.244421 28.16078 -7.351379 0.7089266 28.1488 -7.317546 0.7091419 28.12818 -7.339308 0.6770693 27.84626 -7.449289 1.308293 27.85141 -7.44385 1.312123 27.84326 -7.440833 1.308332 27.84696 -7.444568 1.551085 27.8476 -7.441599 1.595467 27.84665 -7.444747 1.602104 27.42129 -7.232492 1.377674 28.23609 -7.675384 1.412193 27.58226 -7.837544 1.274117 27.84581 -7.444249 1.015201 27.84684 -7.44485 1.048029 28.02922 -7.157014 0.9248331 28.13961 -7.356046 0.04271738 28.16439 -7.338958 0.03079015 28.13996 -7.31833 0.05896515 28.51521 -7.548379 1.428509 28.51995 -7.541434 1.428186 28.51173 -7.54008 1.431565 28.51511 -7.541984 1.74294 28.51007 -7.546162 1.747732 28.51554 -7.543315 1.681914 28.88646 -7.762182 1.436568 28.17664 -7.786835 1.384405 28.65 -7.348828 1.3109 28.51556 -7.543305 1.200845 28.51572 -7.543326 1.186461 28.15199 -7.354796 0.8232623 28.15654 -7.319433 0.8144779 28.12715 -7.342707 0.8176591 28.05871 -7.098249 1.757755 28.05554 -7.090779 1.755509 28.04934 -7.097201 1.756567 28.05448 -7.095484 1.990138 28.04836 -7.091595 2.05371 28.23866 -7.283607 1.956568 28.05483 -7.095242 2.034503 28.05559 -6.783605 1.678792 27.72039 -7.329147 1.665013 28.05447 -7.09548 1.462021 28.05579 -7.102536 1.502903 28.05491 -7.09548 1.483438 28.16063 -7.347439 0.8054237 28.13887 -7.324886 0.8300999 28.13153 -7.338985 0.8012028 27.91224 -7.968348 1.178971 27.91174 -7.963717 1.186639 27.90463 -7.964197 1.181201 27.90548 -7.966585 1.454891 27.90957 -7.96546 1.461994 27.90953 -7.965428 1.533788 28.02518 -7.715222 1.468461 28.14112 -8.35758 1.167909 27.53739 -7.999295 0.9065967 28.1352 -7.641896 0.9868881 27.90941 -7.965296 0.8790971 27.9095 -7.965455 0.8913264 27.90955 -7.965515 0.915805 28.16058 -7.351692 0.1193597 28.14859 -7.317833 0.1162524 28.12849 -7.33871 0.1523213 28.65851 -7.12253 1.342201 28.6579 -7.115643 1.34083 28.65075 -7.118595 1.345794 28.65517 -7.118879 1.644279 28.64608 -7.137043 1.545787 28.65624 -7.120041 1.643413 28.91575 -6.837841 1.297711 28.3195 -6.912898 1.361908 28.65507 -7.118676 1.062351 28.65509 -7.119077 1.055613 28.65001 -7.120892 1.096497 28.16102 -7.349744 0.4891955 28.1493 -7.316924 0.4706726 28.12742 -7.341558 0.4561309 27.7655 -7.240729 1.520815 27.75947 -7.235403 1.517583 27.75678 -7.242556 1.517176 27.76097 -7.240011 1.762759 27.761 -7.240033 1.763587 27.4117 -7.008812 1.585052 27.76785 -7.236974 1.836878 27.77122 -7.234902 1.345585 27.56693 -7.547078 1.516575 27.95612 -7.3696 1.415797 27.76042 -7.240238 1.230241 28.15971 -7.34675 0.2159472 28.15322 -7.318527 0.2520869 28.12585 -7.344331 0.2408568 28.41703 -7.801264 1.390038 28.41382 -7.793841 1.395037 28.40867 -7.800243 1.39319 28.41119 -7.797199 1.6816 28.41327 -7.798459 1.606857 28.25534 -8.054209 1.398029 28.49556 -7.533736 1.367265 28.41869 -7.799871 1.516239 28.4125 -7.797848 1.147013 28.41809 -7.800376 1.116218 28.41333 -7.798457 1.192623 28.13923 -7.347365 0.6876802 28.1651 -7.335528 0.6349187 28.13303 -7.325876 0.6286066 28.26717 -6.826572 1.098255 28.2684 -6.821215 1.090361 28.26152 -6.821922 1.093637 28.26511 -6.820067 1.371146 28.2672 -6.82323 1.396426 27.93086 -6.814444 1.063516 28.24766 -6.902299 1.464937 28.4745 -6.606218 0.9962371 28.266 -6.823286 0.8141634 28.26869 -6.830282 0.7963169 28.26619 -6.823566 0.7948341 29.90819 -1.111179 -1.509053 29.90466 -1.019748 -1.51572 29.83034 -1.089053 -1.513819 29.85243 -1.038048 1.649672 29.86736 -1.011557 1.649175 29.83544 -1.015196 1.64866 29.8759 -1.059696 1.099515 29.87747 -1.03429 1.069598 29.84656 -1.046257 1.09643 30.06432 -0.5181725 1.669886 30.06031 -0.5114023 1.663971 30.0557 -0.5167845 1.671859 30.06009 -0.5153344 1.93659 30.05951 -0.5144834 1.946709 30.16252 -0.527036 1.691423 30.00922 -0.8394883 1.71699 30.05988 -0.5150779 1.411871 30.06011 -0.5156849 1.424745 30.0527 -0.5107588 1.596341 29.88552 -1.056268 0.9705865 29.86462 -1.024529 0.9708382 29.84894 -1.05213 0.9333595 29.58705 -1.236702 1.670979 29.59096 -1.229803 1.675455 29.58181 -1.228771 1.671024 29.58657 -1.231671 1.954694 29.58648 -1.228457 2.006557 29.5863 -1.231932 2.014312 29.0952 -1.121652 1.752054 30.04513 -1.370224 1.792391 29.41416 -1.702778 1.631042 29.5853 -1.231636 1.328485 29.58652 -1.231991 1.366846 29.70098 -0.8898445 1.222885 29.86494 -1.066436 0.1920852 29.88608 -1.042584 0.1781476 29.85573 -1.027578 0.2110716 30.29983 -1.168864 1.811458 30.30294 -1.160521 1.811079 30.29414 -1.161215 1.815028 30.2981 -1.162316 2.178887 30.29398 -1.167888 2.184487 30.29888 -1.163574 2.107575 30.73569 -1.294462 1.820875 30.01229 -1.499869 1.75992 30.38776 -0.9295425 1.674025 30.2989 -1.163559 1.54542 30.29907 -1.163538 1.528611 29.87735 -1.06201 1.104194 29.87306 -1.024505 1.093929 29.84875 -1.055886 1.097646 29.71638 -0.8219587 2.196199 29.71123 -0.8150833 2.193575 29.70649 -0.8232564 2.194811 29.71134 -0.820187 2.467751 29.70405 -0.8177433 2.542038 29.94838 -0.9668468 2.428522 29.71163 -0.8198512 2.519594 29.63336 -0.4993117 2.103926 29.42719 -1.145131 2.087825 29.71132 -0.8201873 1.850618 29.71447 -0.827105 1.898391 29.71177 -0.8200752 1.875644 29.88437 -1.052256 1.083349 29.85627 -1.034593 1.112184 29.8523 -1.050949 1.078416 29.78655 -1.753528 1.519859 29.78485 -1.748896 1.528819 29.77767 -1.751191 1.522465 29.77914 -1.753432 1.842287 29.78306 -1.751238 1.850586 29.78302 -1.751213 1.934482 29.83843 -1.464677 1.858143 30.12057 -2.095575 1.506932 29.40907 -1.88043 1.201575 29.93292 -1.361394 1.2954 29.78287 -1.751108 1.16944 29.783 -1.751249 1.183731 29.78306 -1.751299 1.212335 29.88539 -1.056641 0.2816459 29.86448 -1.024878 0.2780148 29.84911 -1.051437 0.3201633 30.33911 -0.6947604 1.710602 30.33673 -0.6878365 1.709 30.33013 -0.6926843 1.714801 30.33475 -0.6918552 2.063596 30.33001 -0.7128327 1.948503 30.33614 -0.6927774 2.062584 30.53131 -0.336861 1.658613 29.93744 -0.5652707 1.73363 30.33459 -0.6916725 1.383582 30.33472 -0.6920779 1.375709 30.32995 -0.6952339 1.423484 29.88536 -1.054525 0.713819 29.86498 -1.023763 0.6921739 29.84874 -1.054636 0.6751811 29.45112 -1.0428 1.919322 29.44358 -1.038854 1.915545 29.44262 -1.046891 1.915069 29.44629 -1.043211 2.202047 29.44632 -1.043226 2.203015 29.0286 -0.8941534 1.994387 29.45258 -1.038345 2.288658 29.45553 -1.035359 1.714556 29.32471 -1.408084 1.914367 29.67977 -1.126915 1.796602 29.44578 -1.043584 1.579771 29.88324 -1.051782 0.3945135 29.86942 -1.024416 0.4367448 29.84783 -1.057884 0.4236217 30.26306 -1.45372 1.766502 30.25787 -1.446906 1.772344 30.25421 -1.454792 1.770185 30.25602 -1.451025 2.107208 30.25848 -1.45179 2.019867 30.16101 -1.754752 1.77584 30.27591 -1.158797 1.73989 30.26441 -1.451868 1.913975 30.25754 -1.451358 1.482514 30.26392 -1.45254 1.446529 30.25854 -1.451773 1.535812 29.86235 -1.057608 0.945759 29.88594 -1.038877 0.8841044 29.85052 -1.037092 0.8767283 29.86175 -0.4898064 1.425538 29.86166 -0.4839874 1.416313 29.85477 -0.4864593 1.420141 29.85798 -0.483643 1.744426 29.86093 -0.4863639 1.773967 29.51297 -0.5626532 1.384943 29.86091 -0.5725993 1.854026 30.01898 -0.2106989 1.306324 29.85971 -0.486727 1.093561 29.86425 -0.4932358 1.072707 29.85998 -0.4869642 1.070974 27.91287 -2.135767 -1.649498 27.97827 -2.141026 -1.65332 27.93524 -2.082215 -1.65223 27.96968 -2.10228 0.310531 27.98727 -2.11516 0.3102254 27.9874 -2.092123 0.3099085 27.94771 -2.110208 -0.4218497 27.9703 -2.12527 -0.4271052 27.97386 -2.100324 -0.4351378 28.1556 -1.984687 0.6698353 28.16106 -1.988737 0.6692464 28.16096 -1.981593 0.6682999 28.15931 -1.985004 0.843751 28.15949 -1.98432 0.8928874 28.11992 -2.068593 0.7879066 27.84771 -1.866754 0.7275951 28.38272 -1.743569 0.5865167 28.15905 -1.984463 0.4453427 27.99382 -2.118712 0.493676 28.15947 -1.985075 0.4750432 27.95135 -2.117586 -0.3099554 27.97394 -2.120886 -0.2856354 27.96076 -2.096614 -0.3034138 27.54761 -2.047901 0.5764913 27.55211 -2.052686 0.5793248 27.55296 -2.045916 0.5792245 27.55278 -2.048952 0.7751056 27.52486 -1.773177 0.5680948 27.54816 -2.048162 0.6998085 27.79928 -2.14103 0.5463426 27.55337 -2.050978 0.3929196 27.54982 -2.048511 0.4147635 27.55194 -2.062663 0.5586842 27.94919 -2.110915 -0.248482 27.96993 -2.125609 -0.2668909 27.97142 -2.09834 -0.2497555 28.09284 -2.314885 0.4622384 28.09824 -2.318276 0.4599225 28.09954 -2.312289 0.4616401 28.09677 -2.315087 0.6508822 28.09681 -2.315117 0.6451836 28.26822 -2.232761 0.6221554 28.09671 -2.315319 0.6760261 28.16451 -2.634701 0.4510887 27.9238 -2.075816 0.3159218 27.82884 -2.278745 0.5144657 28.09899 -2.310026 0.2467028 28.09683 -2.315104 0.2934115 28.09678 -2.315155 0.2488823 27.96428 -2.12378 -0.3480216 27.97668 -2.105622 -0.3748877 27.95379 -2.101911 -0.3783349 27.98973 -1.599649 0.4874111 27.99567 -1.602443 0.4892074 27.99487 -1.596747 0.4850702 27.99349 -1.599627 0.6362134 27.99359 -1.59962 0.6535734 28.10415 -1.306246 0.5486795 27.99349 -1.599617 0.6456852 28.00506 -1.669851 0.6793762 27.90774 -1.313274 0.4489351 28.25493 -1.799754 0.4373097 27.9806 -1.605465 0.357582 27.99345 -1.599612 0.2949314 27.99349 -1.599627 0.2862243 27.95688 -2.123212 -0.4373725 27.97916 -2.113465 -0.4144607 27.95472 -2.098936 -0.4231575 27.76045 -2.286035 0.2984291 27.76413 -2.290528 0.2983364 27.76714 -2.285489 0.3011386 27.75689 -2.287243 0.3418179 27.76861 -2.293199 0.5054081 27.7644 -2.287157 0.4732231 28.13566 -2.159809 0.2831674 27.64507 -2.078224 0.2809145 27.76334 -2.285432 0.1065308 27.7641 -2.286879 0.1400557 27.76712 -2.29551 0.2619115 27.95399 -2.10853 0.04417084 27.96535 -2.127084 0.01954537 27.97135 -2.099602 0.009082504 28.21079 -2.122841 0.269248 28.21511 -2.120609 0.264747 28.21228 -2.115971 0.2679026 28.21271 -2.119839 0.4182918 28.21385 -2.119025 0.4623869 28.39534 -1.887412 0.2563533 28.21311 -2.120204 0.455492 28.20289 -2.113427 0.2533127 28.19585 -2.09938 0.212056 28.27744 -2.134964 0.2342175 27.95489 -2.123866 -0.6811471 27.97952 -2.112974 -0.6729245 27.95624 -2.098851 -0.6905419 27.7819 -1.970745 0.3075652 27.78501 -1.974742 0.3092101 27.78862 -1.968796 0.3089121 27.78649 -1.971543 0.5509778 27.78416 -1.973132 0.5052228 27.88566 -1.735375 0.2545739 27.78335 -1.969604 0.5328272 27.95094 -2.139875 0.1915663 27.78167 -1.970947 0.1213772 27.78538 -1.971107 0.08933571 27.78553 -1.971068 0.08570564 27.96295 -2.125771 -0.4312031 27.97941 -2.110545 -0.4198301 27.95107 -2.104092 -0.4145326 27.96874 -2.373031 0.4189519 27.97149 -2.366776 0.4213952 27.96575 -2.36763 0.4211109 27.96941 -2.37178 0.6376903 27.96894 -2.369551 0.578139 27.96891 -2.369337 0.613048 27.69701 -2.259837 0.4312839 28.15808 -2.166472 0.4085925 27.97291 -2.65225 0.3790846 27.96824 -2.369745 0.211791 27.96893 -2.369472 0.2423393 27.96879 -2.369321 0.2499397 27.95494 -2.124913 -0.0367637 27.97861 -2.112956 -0.04864497 27.95855 -2.097131 -0.04941972 28.05965 -1.968082 0.6258695 28.06466 -1.972037 0.6259714 28.06557 -1.965091 0.6243563 28.06336 -1.968385 0.8099174 28.06599 -1.966503 0.859364 28.0357 -1.888233 0.8059235 28.20952 -2.174739 0.734797 27.83087 -2.061444 0.515342 28.06428 -1.962404 0.3621508 28.07977 -1.987539 0.3939198 28.06319 -1.96833 0.3785904 23.60728 -7.092073 -1.558355 23.61036 -7.214895 -1.566723 23.71141 -7.123193 -1.564337 23.68083 -7.191273 2.413858 23.6603 -7.22657 2.41324 23.70323 -7.222263 2.412598 23.66621 -7.155353 1.388736 23.63526 -7.195748 1.349394 23.68634 -7.19558 1.353198 23.6124 -7.761206 2.965347 23.61229 -7.77254 2.960387 23.62271 -7.764512 2.964254 23.56428 -7.783437 3.338226 23.62087 -7.763988 3.377843 23.61184 -7.774831 3.334644 24.06344 -7.76216 2.872784 23.61215 -7.772299 2.538519 23.61591 -7.766935 2.582318 23.61221 -7.762727 2.587261 23.64047 -7.162264 1.806878 23.66346 -7.196782 1.831305 23.68193 -7.187956 1.783301 24.22195 -6.567989 2.151316 24.22709 -6.577318 2.159797 24.23123 -6.574656 2.147711 24.22537 -6.57281 2.631048 24.23347 -6.573939 2.654565 24.22735 -6.570568 2.606151 24.76569 -6.604926 2.267904 23.89633 -6.181035 2.195043 24.10188 -7.079441 2.171222 23.82658 -6.742983 1.901965 24.3715 -6.501398 1.725031 24.22607 -6.573024 1.705885 24.22673 -6.573353 1.763191 24.22687 -6.57326 1.725837 23.64551 -7.170677 1.289175 23.65763 -7.209591 1.322304 23.6789 -7.17498 1.382709 22.69541 -7.191003 2.287519 22.70099 -7.198828 2.294834 22.70317 -7.186609 2.297921 22.69987 -7.192026 2.639236 22.69977 -7.192047 2.612847 22.69992 -7.192081 2.692701 22.94609 -6.505095 2.379213 22.95194 -7.487393 2.346824 22.26285 -7.04727 2.264229 22.69793 -7.193662 1.890518 22.71786 -7.226884 1.865916 22.69975 -7.191758 1.968311 23.66048 -7.158522 1.193587 23.64122 -7.200448 1.165993 23.68318 -7.188044 1.108697 24.37776 -7.774948 2.340302 24.38576 -7.779759 2.330044 24.38646 -7.769374 2.3368 24.39121 -7.783864 2.667657 24.38418 -7.772569 2.879725 24.38491 -7.788405 2.538552 24.19239 -7.342662 2.325287 24.38342 -7.776382 1.807817 24.46118 -7.873137 1.831564 24.3825 -7.775122 1.842451 23.63886 -7.170366 1.618116 23.65983 -7.20729 1.679906 23.68656 -7.167782 1.624837 23.53062 -6.266842 2.984581 23.52303 -6.272506 2.987927 23.53441 -6.277121 2.992475 23.53011 -6.272619 3.28213 23.53405 -6.270385 3.347034 23.54516 -6.257705 2.796247 23.52028 -6.28439 3.398711 23.83862 -6.720611 2.932265 23.5339 -6.273456 2.855843 23.51478 -6.276947 2.777087 23.63456 -7.180805 1.372703 23.67673 -7.206188 1.378493 23.68408 -7.166163 1.412142 23.27579 -7.666069 3.039244 23.27875 -7.678946 3.035579 23.28634 -7.672398 3.039937 23.27946 -7.672114 3.515667 23.41727 -7.668479 3.353113 23.27876 -7.671321 3.606828 23.38242 -8.272134 2.968077 22.92166 -7.167987 2.97735 23.2739 -7.673366 2.504666 23.2866 -7.666699 2.510655 23.27968 -7.671459 2.585718 23.64006 -7.165085 0.8826958 23.66471 -7.212714 0.8681572 23.68229 -7.167356 0.8339521 24.57991 -6.939489 3.058869 24.57878 -6.952915 3.061381 24.58764 -6.94646 3.055586 24.87697 -7.337162 3.265604 24.58187 -6.946261 3.452137 24.57196 -6.946994 3.319867 24.58123 -6.946884 3.479511 24.70233 -6.42802 3.011976 24.6237 -6.966364 2.655709 24.54402 -6.932737 2.702114 24.58141 -6.946731 2.742054 23.63822 -7.188082 1.390523 23.68177 -7.193759 1.461279 23.67408 -7.156389 1.415798 22.98066 -6.762034 2.580942 22.9767 -6.774555 2.583505 22.98666 -6.767033 2.587378 22.98051 -6.768644 3.004736 22.97462 -6.773246 3.019035 23.42865 -7.097406 2.801574 22.9811 -6.768503 3.042179 23.24386 -7.32611 2.34053 22.32921 -6.518646 2.505928 23.14291 -6.211824 2.546014 22.98074 -6.76851 2.169728 22.98117 -6.768285 2.114028 22.98055 -6.768555 2.103466 23.66306 -7.154262 0.6865919 23.63743 -7.195496 0.6517637 23.68461 -7.197668 0.6346282 23.9083 -8.011126 2.99787 23.91552 -8.020983 2.99194 23.92095 -8.011078 2.995998 23.91477 -8.014445 3.36923 23.91474 -8.014463 3.366775 23.925 -8.012963 3.493825 23.76131 -7.787836 3.399927 23.83357 -8.329483 2.961836 23.90269 -8.015455 2.656973 23.9142 -8.014205 2.555936 24.03322 -7.934116 2.855897 22.5164 -8.267726 -1.505891 22.55802 -8.351603 -1.510727 22.59836 -8.25575 -1.509348 22.59911 -8.312626 0.9823884 22.59628 -8.343614 0.9819929 22.62455 -8.326837 0.9815823 22.56516 -8.300278 -0.3286772 22.58348 -8.332063 -0.3419541 22.59604 -8.297647 -0.3091183 22.22896 -8.768575 1.025059 22.23672 -8.77107 1.026406 22.23336 -8.761681 1.02904 22.60676 -8.722719 1.059729 22.23297 -8.765798 1.285028 22.25137 -8.807819 1.06107 22.23287 -8.766896 1.286787 22.22975 -8.75228 0.8810152 22.23106 -8.76918 0.7422078 22.23315 -8.766469 0.7670954 22.56142 -8.311273 0.303988 22.5958 -8.330593 0.2847521 22.59321 -8.294355 0.2796644 22.89909 -8.21905 1.167812 22.90342 -8.227334 1.167144 22.90859 -8.221466 1.164763 22.90108 -8.225352 1.452051 22.90772 -8.206834 1.453635 22.9034 -8.221587 1.421978 22.54477 -7.807385 1.206727 23.37476 -8.336464 1.155889 22.62037 -8.645549 1.11975 22.90776 -8.223107 0.8883058 22.90158 -8.223818 0.9125704 22.90347 -8.221923 0.9421766 22.57887 -8.293027 -0.2646693 22.57066 -8.332167 -0.2485577 22.60118 -8.311419 -0.2280451 21.95069 -7.948417 1.000481 21.95694 -7.952893 1.005636 21.95767 -7.943176 1.002774 21.95518 -7.948183 1.213381 21.95517 -7.948185 1.207811 22.08346 -8.073051 1.239401 21.95501 -7.948061 1.235115 22.35033 -7.780043 0.8802979 21.62651 -8.151113 1.162329 21.84866 -7.557656 1.106943 22.00633 -7.959922 0.7889275 21.94216 -7.939597 0.7350094 21.96733 -7.954869 0.731662 22.58465 -8.295037 0.1794797 22.56837 -8.32585 0.1447871 22.59843 -8.322484 0.137963 22.73599 -8.859289 1.001485 22.73843 -8.866068 0.9963048 22.74525 -8.861751 0.997951 22.74197 -8.865463 1.297924 22.73978 -8.86183 1.240645 23.13119 -8.661198 0.9672956 22.73674 -8.861202 1.302636 22.39203 -8.721494 1.051909 22.73908 -8.867314 0.8124128 22.73498 -8.85993 0.6932139 22.73983 -8.861933 0.7359524 22.57363 -8.293884 -0.01025176 22.56872 -8.327598 0.01122783 22.60646 -8.314659 -0.005528941 22.74163 -7.900097 1.288319 22.74185 -7.909773 1.291342 22.74957 -7.905677 1.289086 22.74509 -7.90795 1.531589 22.74905 -7.902451 1.499098 22.74301 -7.908686 1.594704 22.6432 -7.52765 1.237395 22.7412 -7.900374 1.216362 22.74403 -7.907895 0.9550308 22.74411 -7.904623 0.9721341 22.56408 -8.308719 0.02166935 22.5921 -8.332893 0.04092993 22.59351 -8.295359 0.05704727 21.88578 -8.572769 1.312231 21.8876 -8.582235 1.311269 21.8937 -8.576691 1.315681 21.88902 -8.577225 1.562994 21.88901 -8.577249 1.574561 21.89053 -8.567635 1.610942 22.00615 -8.232288 1.324766 22.08149 -8.847557 1.368963 21.58582 -8.550366 1.372546 21.92023 -8.563072 0.9997889 21.88895 -8.577305 1.067612 21.88903 -8.577221 1.051116 22.56627 -8.301016 0.583187 22.5738 -8.332625 0.5722179 22.60147 -8.302113 0.5618361 22.89332 -8.422376 1.380553 22.90306 -8.420708 1.377706 22.89826 -8.414436 1.37988 22.898 -8.419729 1.636805 22.89652 -8.417033 1.593074 22.85038 -8.474456 1.481116 23.21021 -8.559394 1.385509 22.89766 -8.420541 1.120554 22.89815 -8.419664 1.166669 22.89612 -8.418068 1.147721 22.57733 -8.294892 0.2107873 22.57031 -8.329277 0.2461359 22.60302 -8.313206 0.2483511 22.30376 -7.802915 1.069262 22.30285 -7.811379 1.074084 22.3101 -7.804817 1.072546 22.30523 -7.806902 1.355846 22.62088 -7.916947 1.29064 22.30404 -7.80628 1.341974 22.30508 -7.807155 1.340789 21.95787 -8.037511 1.183581 22.43331 -8.156471 0.8609599 22.50732 -7.494469 0.8650417 21.95871 -7.568122 1.005214 22.30515 -7.806805 0.8056954 22.30504 -7.806861 0.7929346 22.57093 -8.295034 0.1815384 22.58179 -8.331204 0.1523981 22.6025 -8.305261 0.1813285 22.41234 -8.841868 1.262499 22.42257 -8.84147 1.264193 22.4175 -8.835372 1.266291 22.41728 -8.840259 1.5261 22.41703 -8.839807 1.537808 22.69525 -8.43291 1.267117 22.40765 -8.839681 1.428858 22.31258 -9.26286 1.30629 22.41703 -8.847972 0.9552737 22.40817 -8.843766 0.9701981 22.41711 -8.840125 1.038752</float_array>
          <technique_common>
            <accessor source="#positions-array" count="2565" stride="3">
              <param name="X" type="float" />
              <param name="Y" type="float" />
              <param name="Z" type="float" />
            </accessor>
          </technique_common>
        </source>
        <source id="normals">
          <float_array id="normals-array" count="8892">0.895586 -0.4441014 0.02644984 -0.7194367 0.6943781 -0.01580697 -0.2236019 -0.9745282 0.017235 0.8378305 -0.4979819 -0.2237279 -0.6774361 0.6478731 0.3483401 -0.9021087 -0.3715128 -0.2194954 -0.3033727 -0.8268715 -0.4735488 -0.835951 -0.3988351 -0.3769833 0.5144917 0.8570089 0.02888094 0.8648976 0.372962 0.3359338 0.4854345 -0.8740023 0.02175769 0.9136763 0.109203 -0.3914977 -0.7292264 0.6781595 0.09126056 -0.04686659 -0.9452947 0.3228336 0.9989255 -0.008364961 -0.04558361 -0.5095246 -0.3066023 -0.8039774 0.07053031 0.9973314 -0.01885692 -0.1264571 0.9917485 0.02106197 -0.06030178 -0.9703559 -0.2340365 0.8861649 0.3611659 0.2902947 -0.6846983 0.6982024 -0.2090493 -0.7694577 -0.5931824 -0.2367899 0.8751571 -0.4833905 -0.02082786 -0.4856198 0.8507567 -0.2009638 0.8479188 0.006492082 -0.5300863 -0.6270291 0.6831314 -0.3743874 -0.2803305 -0.8352115 -0.4731136 0.2881039 -0.9575876 0.004705812 -0.7556605 0.6061951 0.2480015 -0.1772391 -0.9748386 -0.1351892 0.9998074 0.01764054 0.008598951 0.8613949 0.3954521 -0.3187735 -0.5890639 0.5769049 -0.5658484 0.997616 0.05566645 0.04078732 0.07510497 -0.9970692 0.01456633 -0.7769886 -0.6295137 0.001126248 0.7414279 -0.6557828 0.1422445 0.8455831 0.5251623 -0.09588435 -0.9716183 -0.2321788 0.04528611 0.8032289 0.3424593 -0.4873858 -0.4823898 -0.7819933 -0.394698 0.6912696 -0.7225937 -0.002154142 0.382917 -0.9237757 -0.00360583 -0.5383646 0.8411487 0.051307 -0.5106779 0.8395299 0.1854662 0.3752527 -0.9267836 0.01604642 0.7169438 -0.6954943 0.04774157 0.967091 -0.02204328 0.2534742 -0.830296 0.5569473 -0.02045148 0.09752592 -0.9512081 -0.2927317 0.6842478 0.7281445 0.04013005 0.9449323 -0.3264025 0.0237579 -0.9486677 0.3162482 0.004090611 0.863026 0.1593283 0.4793752 -0.9163327 0.3874879 0.100933 0.7993974 -0.5219297 -0.297579 -0.124109 0.9921726 0.01380154 -0.7045361 -0.6332109 0.3204262 -0.5032352 0.6951887 -0.5132904 0.7800266 0.4580565 -0.426313 -0.3546545 -0.9044079 -0.2372056 0.8443898 0.2503193 0.4736518 -0.2730477 -0.9299789 0.2461386 0.8012955 0.5044797 0.3215986 0.2299205 0.9709866 -0.06573877 -0.5498018 0.8116163 -0.1974765 -0.9393524 -0.3188281 -0.1263556 0.6625085 0.6464615 0.378378 -0.9365238 -0.3505588 -0.005631744 -0.4062734 -0.9137101 0.008704746 0.9482766 0.3163503 0.02634244 -0.02219151 0.9755325 0.2187326 -0.6325419 0.3366501 -0.6975367 -0.5850595 0.8109467 -0.008422337 0.6130253 0.7897766 -0.02128085 0.1513436 -0.8680604 -0.472828 -0.9137992 0.2519757 0.3185581 -0.3351584 -0.8459036 0.4148686 0.5910948 0.8065954 -0.003301182 0.6741247 0.5354641 0.5087574 -0.4845258 0.5706368 0.6630297 -0.289821 -0.8270353 0.4816809 0.995726 0.09163065 0.01155329 -0.1650445 0.9862786 -0.003864986 -0.7703865 -0.6373994 0.01505824 0.9989422 -0.01092114 0.04466849 -0.0438667 0.8547861 0.5171232 0.9681826 0.1441929 -0.2045257 -0.1104517 0.9938439 -0.008643333 -0.867843 -0.4193705 -0.266415 -0.524751 0.8511989 0.009840598 0.8295905 0.3557166 -0.4304013 -0.5759387 0.8172387 -0.02038731 -0.2729075 -0.8755732 0.3986139 0.239487 0.9708877 0.004804702 0.2380354 0.9712558 0.001107045 0.2396754 0.9708503 -0.002340268 -0.5371374 -0.4873592 0.6884508 -0.5425354 0.8368665 0.072868 0.900965 -0.3106947 0.3028711 -0.2083175 0.9769142 -0.04735373 -0.3175634 -0.9426373 -0.1029005 -0.8623872 0.5054882 -0.02775056 0.8454655 0.157462 0.5102879 -0.8230549 0.5609507 0.08896557 -0.4393222 0.758836 0.4807952 -0.1297505 -0.7687886 0.6262019 -0.3074046 0.9501929 0.05134165 0.9709546 0.2018257 -0.1285048 0.8766364 0.4763364 -0.06791315 -0.81217 0.5292854 0.2454319 -0.3683255 -0.9247716 -0.09557139 -0.9998284 -0.01331691 -0.01287962 -0.7720676 -0.635375 -0.01450256 -0.4229699 -0.7524098 -0.5049515 0.8736934 0.299554 0.3833108 -0.4070851 0.5434122 0.7341559 -0.1655599 -0.7261527 0.6673021 0.4677173 0.8668829 -0.172495 -0.9279331 0.3661453 -0.06984097 0.1446425 -0.9670263 0.2096157 0.7720946 -0.6306998 -0.07802433 -0.4906875 0.8584732 0.1491628 0.8341951 0.4162224 0.3617698 -0.3712585 0.9014298 0.2226912 -0.5878539 -0.7150401 -0.3783457 -0.7030999 -0.7110905 -0.0008989169 0.7948615 0.0959496 -0.5991568 -0.6473786 -0.75677 -0.09055391 -0.9489492 0.3153803 -0.00553475 -0.6424069 -0.7612103 0.08872577 0.8925668 -0.2952047 -0.3408499 -0.1571243 0.9872165 0.02675046 -0.6604855 -0.6857615 0.3057614 -0.4439854 -0.8847854 -0.1415335 -0.9832013 0.1820917 -0.01256248 0.05814572 0.9982777 -0.007785288 -0.9767492 0.2057772 0.06013893 -0.4456811 0.5445508 0.7105159 0.06133062 0.9980894 0.007487643 0.9814752 -0.03815759 0.1877512 -0.58514 -0.8109147 -0.005349094 0.5681059 -0.7952735 0.21165 -0.8482202 0.3233843 -0.4194581 -0.9345214 -0.3558718 0.005010289 -0.4260033 -0.9047208 0.001239374 0.6324636 0.7226081 -0.2789755 -0.427311 -0.9040617 0.008819019 -0.9621263 -0.2293936 0.1472804 0.9287088 0.3698872 0.02614199 0.9408686 -0.3174612 -0.1182564 -0.6294976 0.7469731 0.213925 -0.8005622 -0.5940347 -0.0788851 -0.09623984 -0.9768397 -0.1911074 -0.9959716 -0.08946942 -0.005981383 0.8490709 0.3471224 -0.3982269 -0.8719052 -0.4886924 0.03100064 0.9791886 0.202105 -0.01852704 -0.6783001 0.7345073 0.02020098 -0.3162935 -0.8233914 -0.4711529 0.8728406 0.1679061 -0.4582105 -0.3171445 0.5799948 0.7503502 -0.1344184 0.9908771 0.009712926 -0.7740169 0.6330516 -0.01197646 -0.6334818 -0.773385 -0.02401074 0.791034 0.4752437 0.3852385 0.8591249 -0.5088163 0.05486654 -0.6137805 -0.7876651 0.05345276 -0.8995518 -0.3774647 0.219834 0.8232012 -0.4750787 0.3108697 0.9286866 0.337947 -0.1527513 -0.8770363 0.4167851 -0.2389507 0.7913317 0.6107593 -0.02769891 0.1007117 -0.5823228 -0.8066953 -0.7665383 0.4607945 -0.4473113 -0.1487784 -0.6282142 0.7636831 0.6670295 0.1026721 0.7379228 -0.947646 -0.1904151 -0.256338 0.8675402 -0.4855757 0.107658 0.1968125 0.946085 0.2572702 0.6750657 -0.7375814 -0.01612421 -0.9362093 -0.3487361 -0.04353622 0.7737498 -0.2566242 -0.579185 -0.3025718 0.8235663 -0.47978 -0.9025263 -0.410921 -0.1288026 -0.8346312 -0.4348482 0.3380796 -0.6705109 0.7418839 -0.004839818 0.8376165 0.4870183 -0.24741 -0.6851563 0.7012 0.1971785 0.2154992 0.9718854 -0.09486252 0.5220646 -0.494844 -0.6946783 -0.2735914 0.8371968 -0.4735496 0.8743906 0.06893803 0.4803006 0.1175963 0.9390532 0.3230327 0.2799734 0.9591998 0.03937911 0.9609159 0.2175317 0.1712328 -0.5209962 -0.8238822 0.2231169 0.6688747 0.334328 0.6639514 -0.1945691 0.500366 -0.8436686 -0.5610148 -0.6383824 -0.5270012 0.2274578 0.9429867 -0.2429795 -0.972411 -0.232871 -0.01371106 0.463779 -0.7600919 -0.4551586 0.9768441 -0.2134771 0.01425517 0.9770352 -0.2130605 0.002740534 0.3441642 0.444282 0.8271424 0.7913482 0.6113291 0.006683022 -0.2696767 -0.8784139 -0.3945421 0.9322816 0.3393918 0.1251565 -0.8705305 0.4233293 0.2509362 0.05971696 0.7193784 -0.6920467 0.8501087 0.5253257 -0.03671688 0.8672002 0.497603 0.01884296 0.5630897 -0.8083743 0.171642 0.875838 0.376054 -0.3024752 -0.8525628 0.5225876 0.006235505 -0.7351757 -0.6749408 -0.06301985 -0.6442394 0.764786 -0.007610158 -0.595735 0.803143 -0.007825569 0.7217403 -0.06672225 0.6889406 0.02352571 -0.9959959 -0.08624816 0.7583228 0.4992055 0.4192141 -0.8074601 0.4935958 -0.3230655 0.7789335 0.6251884 -0.0490106 0.5243678 0.8490277 -0.06473287 -0.6584612 -0.7363108 0.155805 0.7681656 0.640251 0.0006106477 0.5587725 0.8290212 0.0222953 -0.4914079 -0.8708411 0.01241074 0.7438566 0.1471457 -0.6519398 0.4057279 0.9011393 0.1527507 -0.8022136 -0.237813 -0.5476297 -0.9341486 -0.01730884 -0.3564643 0.8498512 0.5247479 0.04891368 -0.8393491 -0.1095002 0.5324498 -0.9488046 0.3155057 0.01503375 0.1777739 -0.6541581 0.7351691 -0.4862078 -0.8737383 0.0135415 0.9073732 -0.4203015 -0.004530252 -0.09148834 0.9956497 0.01764984 -0.6796119 -0.7193174 -0.1439102 0.8685835 0.4626013 -0.1776592 -0.5979624 0.3227735 0.7336608 0.7548738 0.5119242 -0.409999 -0.7589819 0.6508184 0.0195413 0.02781001 -0.8713387 0.4898933 -0.03022055 0.892647 -0.4497423 -0.7832187 -0.6217381 0.003173 -0.4656087 0.7750115 -0.4272771 0.5907783 -0.190017 -0.7841394 -0.4422526 0.7687484 -0.4619941 0.6215177 0.1812439 0.7621459 -0.3026512 -0.5170106 0.8006886 0.7922968 0.6089459 0.0380873 -0.7582919 -0.5823875 -0.2929475 0.5656304 -0.8234459 -0.04471119 -0.1500017 0.9707536 0.1874486 -0.6310291 0.7710286 -0.08554014 0.6645771 -0.1309856 0.7356494 0.09624498 0.5428293 0.8343101 -0.3880858 -0.9122377 0.1311938 0.09657696 -0.9953179 0.003889331 0.8950159 0.363724 -0.2581694 -0.8695299 0.4192243 0.2610915 -0.4151957 0.9008405 -0.1268815 -0.3112308 -0.9503002 -0.00805414 -0.6891242 -0.6084547 -0.3935617 -0.5958757 -0.4998583 0.628549 0.2902674 0.9567007 0.02164948 -0.1636266 -0.7493461 0.6416438 0.6315679 0.7731566 0.05788645 -0.4607277 0.168357 -0.8714275 0.4666323 -0.754106 -0.4621455 0.4105213 0.4245407 -0.8069929 0.6728944 0.7397383 -0.0006023024 -0.6794087 -0.7325437 -0.04223263 0.4893369 -0.08591372 0.8678526 -0.3753581 0.01520365 0.9267552 -0.003214104 -0.9054005 -0.4245465 0.9965309 0.08307557 0.00496463 -0.7591318 0.5713208 0.311948 0.5285652 -0.8234091 -0.2064371 -0.7472245 0.2014566 -0.6333015 0.6284987 -0.7769519 0.03653971 -0.7172348 0.05882477 0.6943443 -0.6831752 0.7283761 0.05234412 0.5846446 -0.8031728 0.1144735 0.884812 0.4618161 -0.06191648 0.1816213 -0.9400531 0.2886415 0.5917899 0.724682 -0.3530166 -0.9731927 0.1606789 0.1645548 -0.6299709 0.7766166 -0.001824102 0.0772864 -0.6057015 -0.7919296 0.5976599 -0.7965224 -0.09140422 0.8591336 0.2111166 -0.4661752 -0.6808828 0.7268083 0.09026812 -0.09578258 -0.7383412 0.6675912 0.1239641 -0.9916422 -0.03575862 0.7085537 0.5773111 0.4057875 -0.7841518 0.5398983 -0.3059669 0.5472592 0.8363104 -0.03304924 -0.6723438 -0.7308153 -0.1177406 0.553912 0.8325744 0.001146818 -0.62196 -0.7558656 0.2045311 -0.6026497 -0.7949054 0.07027639 -0.6775269 -0.660341 0.3238936 0.452994 -0.4723074 -0.7561231 -0.05909269 0.7787435 0.6245532 -0.04752824 0.8134208 -0.5797306 -0.9431818 -0.2936032 -0.1555803 0.8986985 -0.4229972 0.1158204 -0.8893712 -0.2250762 0.3979441 -0.3071769 0.9510196 0.03470036 0.005089943 -0.9997719 -0.0207411 0.8537501 0.5201916 0.02261452 -0.2516975 0.9627307 0.09898489 -0.9255922 -0.3470542 0.151104 0.9517948 -0.2575228 -0.1666395 -0.9562471 0.2700536 -0.1125279 0.6420347 0.2649389 -0.7194434 -0.1444651 -0.7551167 0.6394752 -0.5907239 0.4429802 0.6743988 0.2841867 -0.9579278 0.04015294 -0.9653737 -0.04309681 -0.2572863 -0.1416946 -0.851738 0.5044453 0.3411033 0.9394786 -0.03206964 -0.3308414 -0.9423744 0.04974435 -0.08112758 -0.9495459 -0.3029537 -0.05056178 0.9200332 0.3885645 -0.8748515 -0.4069859 -0.2626734 -0.1793147 -0.9069794 -0.3810966 0.495336 -0.3067698 -0.8127328 -0.09219767 -0.5566392 0.8256224 -0.7333753 -0.6797406 0.01064985 0.7813443 0.6167474 0.09551808 -0.1441968 0.8767968 -0.4587315 0.0002590877 -0.7952105 0.6063334 0.7403391 -0.5595902 -0.3725007 -0.5716846 0.3305382 -0.7509469 -0.107764 -0.7200718 -0.6854805 0.8601673 0.3874816 -0.3316176 -0.0742468 -0.6199297 0.7811368 0.4241216 -0.905579 -0.006887344 0.8485759 0.4442105 0.2873952 -0.8200818 0.4370761 -0.3693649 0.777778 0.5653831 0.2745967 -0.635195 -0.7714026 -0.03828144 -0.7233199 -0.1999089 -0.6609423 0.08202522 -0.6813067 -0.7273879 -0.2082224 -0.9780155 -0.01135979 -0.1867638 -0.9806392 -0.05887384 0.3518424 0.890856 -0.2873718 0.2055226 -0.7886934 0.5794162 0.4320111 0.8234438 0.3678407 -0.5430257 -0.3820719 0.7477594 -0.8892545 0.4572749 0.01123261 -0.01105891 0.8400374 0.5424158 0.789176 -0.3026136 -0.5344402 0.8789166 0.4421096 -0.1790105 0.9435467 -0.3287085 -0.04086988 0.2654197 0.9640011 0.01594504 0.06212217 -0.9952643 -0.07476451 -0.1246922 0.9918467 0.02630559 -0.9799536 0.1938987 -0.04576279 0.2654233 -0.8382342 0.4763547 0.6809458 0.6292646 -0.3746184 -0.9494835 0.3137405 -0.006929874 0.8076532 -0.5124753 -0.2916598 -0.6537646 0.7566804 -0.00514771 0.7697806 -0.5173841 0.3738335 -0.6677309 0.7442897 -0.01297185 -0.300231 0.925978 0.2289676 -0.6321168 -0.5977129 -0.4931202 0.8677366 -0.4480708 0.2150948 0.9991127 0.03061765 -0.02891953 -0.9991161 -0.03830875 0.01730583 0.8152599 -0.5689219 -0.1080703 -0.1707958 0.7293663 -0.6624602 -0.5989689 -0.5071948 -0.619669 0.8400934 -0.2944186 -0.4555884 -0.5072236 -0.3817477 0.7726532 0.7816497 -0.2064317 0.5885658 0.9984369 0.02972869 0.04732892 -0.7741843 0.6329212 0.007032794 0.7794151 -0.6263925 0.01201879 -0.4201471 0.8904112 0.1750553 -0.277153 -0.9454251 0.1713404 0.7943741 -0.5216662 -0.3111818 -0.4493686 0.2949462 -0.8432524 0.3929256 -0.4798703 -0.7844323 -0.8937254 -0.1789327 0.4113854 0.4651156 0.8019819 0.3748234 0.2001666 0.8082124 0.5538285 0.2340849 -0.6111383 0.7561179 -0.7607027 0.6489234 0.01516034 -0.5909319 -0.8067055 -0.005071893 0.9941071 -0.1065864 0.01975892 -0.6234649 -0.777228 0.08490132 0.587522 -0.7980717 -0.1337887 0.3615617 0.9321451 -0.01945948 -0.5182624 0.5343576 -0.667732 0.9780142 -0.2082862 0.01025014 -0.1082891 -0.7354125 -0.668911 0.6262492 0.7795982 -0.006214437 0.6470762 0.7597056 0.06434102 0.6067766 0.1506665 0.7804625 0.9792184 -0.202808 0.0005306816 -0.6141045 0.5898846 -0.5243203 0.4201134 -0.7054727 0.5708003 0.9549695 0.2553117 0.1511595 0.6211774 0.7390191 -0.2607478 0.999409 0.01369422 0.03153105 0.2135959 0.9380358 -0.2728839 0.3334713 -0.9239087 -0.1875887 0.1479024 0.9605802 0.2353944 -0.5639121 0.7958363 0.2205623 -0.6165484 0.7422829 0.2624579 0.7913908 -0.5918377 -0.1530646 0.9808794 0.09017946 0.1724624 -0.9703215 0.1917768 -0.1473021 0.9723265 -0.2336252 0.0006347024 -0.5846073 -0.7705133 -0.2540542 -0.9740063 0.2261264 -0.01336337 0.7484214 0.6630819 -0.0137024 -0.06490101 0.9978831 -0.004156612 -0.4930986 0.8648582 -0.09420197 -0.4594514 -0.3550194 0.8141656 0.7566731 -0.438496 -0.4849403 0.770158 0.03447685 -0.6369208 -0.9828706 -0.1842041 -0.005849395 -0.4194851 0.9077501 0.004694904 0.8471249 0.3561866 0.3943482 -0.5454269 0.2758549 0.791463 -0.7776831 -0.6286555 0.001158135 -0.7592297 0.546914 -0.3527823 -0.1182869 -0.9913896 0.05616833 0.1558484 -0.9719607 0.1760788 0.6780622 0.7029934 0.2145506 -0.6298461 -0.7724196 0.08162065 0.8633401 -0.5017269 0.05398108 -0.5280078 0.5704253 0.6291445 -0.8577356 -0.4664939 0.2160394 -0.3344145 -0.8796848 -0.3381148 -0.2549187 0.9528309 -0.1647112 0.9911602 0.1326701 -0.0003460629 -0.01650365 0.9017956 -0.4318476 -0.1500444 -0.4589056 0.8757239 -0.9887191 0.1487333 -0.01769171 0.4090057 -0.7989694 0.4408653 0.5596407 0.7136106 -0.4213813 -0.9531708 0.3014753 -0.02404545 0.3796048 0.5629759 -0.7341378 0.5344837 -0.6341679 -0.5587111 -0.9512556 0.3077513 0.02004961 -0.6479642 0.7608589 0.03515784 -0.3577247 0.9121262 0.2001468 -0.5827682 -0.6468338 -0.4919221 0.9171789 -0.2286459 0.3263493 -0.1049071 0.6672856 0.7373768 -0.6821335 -0.6563182 0.3223978 0.9255928 0.04417629 -0.3759341 0.09352731 0.9933012 -0.0678624 0.7914723 0.6111937 0.00372617 -0.7781808 -0.1203144 -0.6164083 0.4101298 0.7787961 -0.4746263 0.5725024 -0.4757097 -0.6677883 0.968568 -0.2474546 0.02534144 0.04897611 -0.9983487 0.03001993 -0.5003297 0.8654747 0.02497395 0.2151123 -0.9764753 -0.01492465 0.7254482 0.6880844 0.01627302 -0.4494686 0.8904391 0.07138792 -0.8366026 -0.5367912 0.1093221 0.9913205 -0.05209078 -0.1207072 -0.994688 0.06324938 -0.08121154 0.6603542 0.4547923 -0.5975753 0.0194848 -0.8578563 0.5135201 -0.7590306 0.3496638 0.5491882 0.479346 -0.87715 0.02890104 -0.9500461 -0.2490266 -0.1881439 0.04321106 -0.9208548 0.3875038 0.1360767 0.9904294 -0.02307964 -0.1254765 -0.99145 0.03581214 0.1229956 -0.9670362 -0.2229644 -0.2521427 0.9231067 0.2903415 -0.7829181 -0.5916855 -0.1922174 0.01586808 -0.9585932 -0.2843365 0.6647641 -0.2372192 -0.7083895 0.03276732 -0.6879016 0.7250639 -0.5741569 -0.8187094 0.00766271 0.6356779 0.7688756 0.0688764 -0.3431246 0.8723667 -0.3481981 0.184535 -0.8570929 0.4809767 0.8710625 -0.4052993 -0.2774574 -0.7364743 0.2379306 -0.6332414 0.05227846 -0.8262791 -0.5608295 0.7805048 0.5750609 -0.2451881 0.06868202 -0.7400552 0.66903 0.6049744 -0.7962295 -0.004955459 0.7513875 0.6252081 0.2110253 -0.9245608 0.263792 -0.2749564 0.6535809 0.7296058 0.2012645 -0.459052 -0.887982 -0.027553 -0.7486881 -0.3910952 -0.5352669 0.2588328 -0.7518392 -0.6064185 0.001969233 -0.9999647 -0.008173555 0.0235196 -0.9988241 -0.04239483 0.1599794 0.9643041 -0.2110074 0.400547 -0.7951024 0.4553836 0.2578628 0.9265915 0.2737424 -0.5272774 -0.5706446 0.629558 -0.9655255 0.2601831 0.00808204 -0.2022552 0.8840804 0.4213011 0.8993965 -0.1400016 -0.414108 0.7723651 0.6217742 -0.129804 0.9919557 -0.1231196 -0.02941749 0.05689943 0.998314 0.01147306 0.2702657 -0.9612778 -0.05386528 -0.3304107 0.9436474 0.01892988 -0.9993229 -0.01638863 -0.0329427 0.4616554 -0.8093028 0.3631849 0.5525182 0.7853658 -0.2791489 -0.9942261 0.1071898 -0.00498606 0.916313 -0.3383052 -0.2142896 -0.7981942 0.6023889 -0.003703771 0.8919075 -0.3562676 0.2785218 -0.8092722 0.5873597 -0.009333545 -0.494422 0.8530552 0.166864 -0.524075 -0.7633732 -0.3776332 0.9532201 -0.2586006 0.1565156 0.9705603 0.2399574 -0.02081162 -0.9688214 -0.2474469 0.01245234 0.9192107 -0.3859683 -0.07797587 -0.3607094 0.7626971 -0.5368258 -0.5306542 -0.6887968 -0.4939282 0.9310399 -0.1173151 -0.3455459 -0.4925941 -0.568621 0.6588029 0.8848773 -0.04114274 0.4640036 0.970415 0.239027 0.03407128 -0.8899205 0.4560876 0.005060114 0.893683 -0.4486156 0.008647747 -0.6023623 0.7880723 0.1268925 -0.07278834 -0.9895888 0.1241606 0.9077187 -0.3513724 -0.2293126 -0.6184749 0.2392371 -0.7485014 0.5783632 -0.4609911 -0.6730403 -0.8725304 -0.378542 0.3088636 0.2964009 0.9133076 0.2793128 0.02799459 0.9015894 0.4316861 0.4198398 -0.6442736 0.6392542 -0.8801412 0.4745866 0.01090838 -0.4081984 -0.912886 -0.00364922 0.9943994 0.104727 0.01421776 -0.446975 -0.892451 0.06119246 0.7453491 -0.6596271 -0.09667842 0.1576 0.9874037 -0.01400226 -0.6986557 0.4667245 -0.5422623 0.999971 0.00190664 0.007375101 0.05497742 -0.8376179 -0.543483 0.4484255 0.893809 -0.004471291 0.4734367 0.8796081 0.04633927 0.6682393 0.3270302 0.6682122 0.9999717 0.007515464 0.0003818222 -0.7777581 0.4806485 -0.4050546 0.6088801 -0.6550981 0.4473382 0.8848747 0.4528097 0.1093627 0.4595895 0.867403 -0.1907604 0.9744445 0.2234794 0.02269185 0.01190218 0.9797313 -0.1999622 0.5246656 -0.840354 -0.1361291 -0.05805897 0.9834414 0.1716745 -0.727154 0.6674267 0.1605885 -0.7717064 0.6062874 0.1920543 0.9032158 -0.4146495 -0.1107567 0.946837 0.2964427 0.1249854 -0.994171 -0.01651717 -0.106542 0.9997104 -0.02406189 0.0004566646 -0.4161476 -0.8901322 -0.1857039 -0.9998196 0.01637822 -0.009615282 0.5923791 0.805599 -0.009859242 -0.2731694 0.9619613 -0.00299067 -0.6652713 0.7435055 -0.06792327 -0.4541498 -0.5378931 0.7102246 0.8835461 -0.2864116 -0.3705599 0.8314818 0.2180578 -0.5109685 -0.9222148 -0.386655 -0.00420864 -0.600894 0.7993216 0.003377973 0.783298 0.5471863 0.2950107 -0.7077239 0.1856233 0.6816677 -0.6281957 -0.7780549 0.0008332715 -0.8841619 0.3869318 -0.2618042 0.09277753 -0.9948651 0.04044356 0.3593335 -0.9244382 0.1276457 0.5209927 0.8391639 0.1561106 -0.4541769 -0.8889677 0.05882015 0.9501705 -0.3092981 0.03886639 -0.7071748 0.4966353 0.5032467 -0.7490193 -0.6436244 0.1572188 -0.1461566 -0.9570807 -0.2502694 -0.452444 0.8837782 -0.1192918 0.9411421 0.3380109 -0.0002489902 -0.2155822 0.9205652 -0.3257055 -0.06330259 -0.604932 0.7937569 -0.997971 -0.06238389 -0.01273004 0.5964283 -0.7302393 0.3332024 0.4153526 0.8526158 -0.3170623 -0.9953806 0.09443559 -0.01730297 0.293878 0.7325483 -0.6140103 0.7115773 -0.5508353 -0.436163 -0.9947848 0.1009706 0.01442697 -0.793633 0.6078704 0.0253034 -0.5467371 0.8245803 0.1454161 -0.4615865 -0.8031903 -0.3765942 0.9699904 -0.03160622 0.2410801 -0.2826824 0.7338684 0.6176794 -0.5427461 -0.8054687 0.238006 0.9278178 0.246255 -0.2802009 -0.1174458 0.9918756 -0.04888091 0.6453488 0.7638834 0.002680966 -0.8138634 -0.3111215 -0.4907441 0.2513446 0.897772 -0.3617061 0.7446147 -0.3891495 -0.5423206 0.9990969 -0.03837826 0.01823584 0.2577529 -0.9659693 0.02160385 0.9254849 0.3775366 0.03072305 -0.9966339 -0.07989758 -0.01836247 0.5826623 -0.8124677 0.02002115 -0.2226795 0.9722032 0.07235181 -0.7188924 -0.3584021 -0.5956019 -0.3097897 -0.849911 -0.4262412 0.6921206 -0.608855 0.3876399 0.1318063 0.9899989 -0.05029118 0.1283855 0.9902322 -0.05438163 0.6825799 0.7294451 -0.04466018 -0.431056 -0.8632934 -0.2625171 -0.3354309 -0.7976024 0.5013148 0.9402774 0.3404055 0.001568392 -0.5985203 -0.7985167 -0.06437835 0.897126 0.3728846 -0.2369009 -0.651578 0.683526 0.3289959 -0.6008239 -0.7925052 0.1046235 0.08659863 -0.7882347 -0.609251 0.7225378 0.3213832 -0.6120882 -0.7851698 0.6192477 -0.006380233 0.4445196 -0.1172997 0.8880558 0.7743299 -0.6327821 0 0.4829593 0.8755369 0.01361391 0.9780829 -0.05967508 0.1994813 0.4982158 0.816991 -0.2903562 0.4544789 -0.7560673 0.4709684 -0.008451263 0.6193722 -0.785052 0.7407597 0.6715632 -0.01666904 -0.7678813 -0.02720331 -0.6400143 -0.08528427 -0.8005558 -0.5931585 0.09919783 -0.6067551 0.7886748 0.7402552 0.6720278 0.02002272 -0.8344242 -0.5471299 0.06622099 0.08039822 0.8711768 0.484342 -0.8863775 -0.3320385 -0.3226227 0.8237957 -0.5493642 -0.1398561 -0.391744 0.9193946 -0.03535973 0.772563 0.1364777 -0.620097 -0.2879523 -0.692312 0.6616552 -0.01777703 0.5773318 0.8163161 0.4397768 -0.8809331 0.174795 0.7665634 0.6419242 0.01771831 0.8465276 0.3433933 -0.4067827 -0.007831033 -0.9796145 0.2007341 0.654828 -0.7482428 -0.1064563 -0.7686428 0.6396576 -0.005139429 -0.09595707 0.6738465 -0.7326139 0.8663981 -0.4035616 -0.2940959 -0.7299138 -0.2067039 0.6515361 0.840728 -0.3143323 0.4408759 -0.6247919 0.7375518 0.2562274 -0.9917262 0.1283709 -0.0001526257 0.834756 0.0813152 0.5445826 0.4989739 0.8498312 0.169741 -0.4490433 0.796839 -0.4042373 -0.09922522 -0.9942634 -0.03993224 -0.7173191 -0.5912973 -0.3685386 0.1836523 0.977925 -0.09967204 0.3157844 -0.7876117 -0.5291012 0.2883505 0.9408454 -0.1779438 -0.6449387 -0.7318991 -0.2199495 0.2870146 0.9393891 0.1875385 -0.1412215 0.8452006 0.5154537 -0.7595772 -0.4973888 0.4191024 0.9364712 0.3342761 -0.1062133 -0.707585 0.588112 0.3917241 -0.3318515 -0.9162673 -0.2243409 0.5083804 0.8610575 0.01137043 -0.8865748 -0.4617934 -0.02705625 0.9034484 0.3609089 -0.2313563 -0.9933772 -0.02720156 0.1116321 0.6788146 -0.6946415 0.2380837 -0.775383 0.6311471 -0.02084505 0.7809709 -0.6245675 0 -0.2601202 -0.8244414 -0.5026269 -0.317973 -0.7420312 -0.5901549 0.8025697 -0.593439 0.06092646 -0.4300603 0.7800074 0.4545729 -0.3989508 -0.6647618 0.631609 0.6048479 0.1400812 0.7839236 -0.3508744 0.8842606 0.3081725 -0.6249282 -0.3240182 -0.7102654 0.8005693 -0.4867154 0.3495666 0.5292399 -0.8465887 -0.05650374 -0.02815256 0.8034758 -0.5946713 -0.6131968 -0.7899302 6.821886e-05 0.5038517 -0.8637574 0.007521442 0.4917385 -0.8703701 -0.02547804 -0.6724463 -0.710457 0.2075255 0.5901937 0.8071501 0.01342146 -0.8486692 0.5289049 -0.004490045 -0.03189359 -0.9993382 0.01749279 -0.07093112 0.981012 0.1805111 0.754375 -0.4624478 0.4658974 0.6928748 0.7184055 0.06179052 0.1320021 0.9854025 0.1075048 0.6616137 0.7494853 -0.02321954 -0.1545088 0.9638668 0.2169975 -0.1612991 -0.9832445 -0.08492874 0.8885884 -0.3244314 -0.3242759 0.7347108 -0.6753841 -0.06369012 -0.4674976 -0.8839401 -0.009794426 0.8652419 -0.4898103 -0.1069688 -0.7934796 0.6085636 -0.006353262 -0.8049345 0.5887734 0.07366371 0.1633557 -0.7422846 0.6498681 -0.03891299 0.9023442 -0.4292559 -0.963907 0.1576227 -0.2145654 -0.834532 -0.5370795 0.1228899 0.7939633 -0.5899056 -0.1470838 -0.7297616 -0.6836836 -0.004975035 0.7273639 -0.1285492 -0.6741044 0.6478483 -0.01664216 0.7615876 0.07772085 0.5425932 0.8363923 -0.4481033 0.1522975 0.8809137 -0.634849 0.7721783 0.02659656 -0.03711 0.8809619 0.4717298 -0.9086456 -0.2883351 -0.3020366 0.8710219 -0.4822004 -0.09382727 -0.9912156 0.1308947 -0.01892429 -0.3834801 0.286355 -0.8780341 -0.381855 0.9242211 0.001477188 -0.04321707 -0.6636854 -0.7467623 0.5916574 0.05780146 -0.8041147 -0.665671 0.4869309 0.5654913 -0.5165106 0.8324179 0.2007418 0.3140905 -0.2266642 0.9219385 0.4067008 0.8557727 -0.3197616 -0.7734515 0.6013249 0.2004522 -0.8656604 -0.2711307 0.4208565 -0.7646701 0.6442586 -0.0145072 0.4303458 0.9024853 -0.01796663 -0.6831454 -0.4669966 -0.5614503 -0.2441438 0.7400989 0.6266158 0.991219 -0.1318805 0.009613813 -0.7753872 0.3347128 -0.5354831 -0.577833 -0.7910885 -0.2007188 0.02229854 -0.9808687 0.1933891 0.6701331 0.1084057 0.7342819 0.899934 0.4319162 -0.05972571 -0.7700262 0.5138104 0.3782308 -0.1140287 -0.9522402 -0.2832598 0.6087301 0.7082338 -0.3575649 -0.8611428 0.4952836 -0.1145742 0.00679846 -0.9130363 0.4078217 -0.3922708 0.734844 -0.5532882 0.6694433 0.01357799 -0.7427391 0.06187042 -0.9980783 0.003431664 0.7740426 0.6238806 0.1078472 -0.3183302 0.8868011 0.3350369 -0.5064719 -0.4866327 -0.7118109 0.7683359 -0.5819832 0.2663746 -0.6487964 -0.7563133 -0.08398504 0.1397238 -0.9901886 0.001963692 0.4969212 -0.8676835 -0.01395298 0.01694677 0.7328084 0.680224 0.7814533 0.6230653 0.03347215 -0.9336656 -0.3575867 -0.02000858 0.7880745 -0.6151933 0.02181535 0.777331 0.5776596 -0.2491303 -0.9480669 0.3148976 -0.04481742 0.13449 -0.9325999 0.3349176 -0.561869 0.8272249 -0.001452447 -0.4994896 -0.3478105 -0.7934343 -0.1602361 0.8482203 0.5048235 -0.5722407 -0.6007416 0.5582563 0.710504 -0.5970335 0.3724715 0.9753544 -0.2205832 0.005174176 0.5972277 0.7561976 0.2673654 0.3800024 0.8901785 0.2513572 -0.9753953 -0.06471737 -0.2107502 0.3589453 -0.9292105 -0.08789871 0.7761304 0.5048872 -0.3777705 -0.2122797 -0.9772084 0.00101386 0.2367148 -0.971 -0.03354155 -0.9747916 -0.2225153 0.01637723 0.1784063 -0.9839438 0.005070106 -0.1749195 0.983483 0.04652212 0.1690474 -0.9856076 -0.0008410335 0.007834345 0.4069607 0.9134121 -0.9563831 -0.1083446 0.27128 -0.1797933 0.97267 0.1469265 -0.7059568 -0.5231424 0.477438 -0.3351332 -0.919284 0.206404 0.7542587 -0.4346539 -0.4921075 -0.1810497 0.9834288 -0.00941827 -0.1116705 0.4950215 -0.8616747 -0.5366172 -0.8438185 -0.003513318 -0.4744567 -0.1049042 -0.8740057 0.1840282 -0.9829197 0.001610289 0.236219 0.4254028 -0.8736321 0.3604559 -0.5169573 -0.7764192 0.5338301 -0.7583905 -0.373991 -0.2561641 0.471098 0.8440655 0.9656379 0.2595098 -0.01407179 0.9653236 0.2608491 0.01039768 -0.8661606 0.3795334 -0.3251463 -0.4579255 -0.8742685 0.1611176 0.07687178 -0.9790243 -0.1886853 0.03887872 0.9984687 -0.03935384 -0.3903243 0.9178988 -0.07147563 0.2495792 0.836431 0.4879482 -0.3160559 0.9487348 0.003319462 0.1623414 0.9092144 0.3833724 -0.9267279 0.325128 0.1883273 0.8093697 -0.5301031 -0.252807 0.7245331 -0.6889456 -0.02014114 -0.1045085 -0.448005 -0.8879017 0.8508045 0.5121313 -0.1176997 -0.4565939 0.839385 -0.2948811 -0.5505169 0.7431697 0.3803024 -0.1933416 -0.6705655 0.7162129 -0.8286833 -0.5595519 0.01362434 -0.6167789 0.7856613 -0.04816751 -0.7228732 -0.6202832 0.3044719 0.9693351 -0.1924537 -0.1528103 0.02991923 0.9995452 -0.003768304 0.2977251 0.7879526 -0.5389717 -0.6678874 -0.7439512 -0.02151896 0.3867604 -0.5990897 -0.7010763 -0.02706416 -0.9996328 0.001319507 0.02793688 0.9996097 0 0.6557805 0.7549359 0.004872908 0.07353657 0.9902819 0.1180426 -0.7181701 0.6378581 -0.2781524 -0.06209367 0.9463783 0.317037 -0.4403059 -0.8960867 -0.05620801 -0.2219965 -0.9735028 -0.05486198 -0.7216828 -0.6921493 0.01016057 0.6043434 0.3603519 0.7105741 0.8226242 0.5445595 -0.1635369 -0.7922188 0.4598732 0.401131 -0.093655 -0.9766012 -0.1935944 -0.0349551 0.897008 -0.4406299 -0.5247698 -0.6793368 -0.5129504 0.8973118 0.4411566 0.01457186 0.2563299 0.9662895 0.02407635 -0.5410582 -0.5471511 0.6386562 -0.315019 0.5559218 0.7692295 -0.6747727 -0.5465242 0.4959769 0.277328 0.7653105 -0.580852 -0.8774168 0.316465 -0.3605408 -0.9511339 -0.2890858 0.1085072 0.05727214 -0.752873 0.6556693 0.01332767 -0.9455519 -0.3251984 0.4295283 0.902563 0.0297553 -0.6432885 0.7653611 0.02005719 0.3387552 0.9407609 0.01462528 -0.9633484 0.2682086 -0.004892794 0.2511158 -0.9677694 0.01906077 0.7075615 0.6518193 -0.2729254 -0.9589594 0.2817912 -0.03147336 0.33017 -0.8935456 0.3042433 -0.1598545 0.7590884 -0.6310558 0.9765941 -0.2150906 0.0002379752 -0.9767283 0.214475 -0.001537264 0.6605079 -0.485014 -0.5731411 0.2028157 0.9788244 0.02772172 -0.9750235 0.2220035 -0.006599438 -0.9804591 0.06496396 -0.1856867 0.4668158 -0.8824159 -0.05852488 -0.978456 -0.1194235 -0.1684098 -0.126063 0.9859749 0.1093688 0.8286711 -0.1473791 -0.5399848 -0.6496895 -0.2030702 0.7325749 0.3976969 0.25415 0.881615 0.9769722 -0.2133616 0.001427885 -0.6051214 -0.1421366 0.7833423 0.5327736 0.2327615 0.8136181 0.7426087 0.6694667 0.01862082 -0.3672931 0.8563503 -0.3629876 0.1555152 -0.9194554 0.3611328 0.9628922 0.01220533 0.26961 0.01806098 -0.9993695 0.03056651 -0.2656656 -0.6261624 0.7330364 0.3049534 -0.9523107 0.01037875 0.7030424 0.6602179 0.2642794 -0.9847298 -0.1719643 -0.02712079 0.2480359 -0.8952723 -0.3700887 0.371397 -0.928297 -0.01813432 0.6910078 0.1594728 -0.7050367 0.6803973 -0.1746728 0.7117225 -0.7088694 0.7050881 0.01883999 0.7150708 -0.6988767 0.01565254 -0.2955851 0.9443181 -0.1445435 -0.4930459 -0.8174286 0.2978528 0.9612226 -0.2363828 -0.142036 0.6576294 0.7533413 -0.0006683019 -0.7116946 -0.1799296 -0.6790554 -0.6784621 -0.05296532 0.7327236 0.4419594 -0.4768394 0.7598 0.2995879 0.7998173 0.5201341 0.752889 0.5336463 0.385201 -0.8864138 -0.2446811 -0.3929398 -0.1898821 -0.9716496 -0.1408612 0.7877254 -0.4955721 0.3659194 0.2672805 0.9633772 -0.02157575 0.2582274 0.9660442 0.008788397 -0.1870396 -0.9784376 0.08761357 0.4901404 0.8706432 0.04174618 -0.925785 -0.2412235 0.29109 0.3742702 -0.8667139 -0.3297405 -0.3138841 -0.9487447 -0.03688169 0.9043684 0.4266403 -0.009785557 -0.2950121 -0.9554899 0.002621999 0.7547266 0.5660075 -0.3316975 0.6922324 -0.4988164 0.5215329 -0.6640722 0.7469006 -0.03387722 0.3552202 0.9347037 -0.01214771 0.3894268 0.9189704 -0.06196937 0.33192 -0.9186929 0.2140852 0.46669 -0.8761525 0.1206531 -0.3266883 0.9447295 0.02758465 0.02557961 -0.9995368 -0.01648731 0.8429465 0.537697 0.01797633 -0.2880862 0.9348863 -0.2073497 -0.6133737 -0.7889285 -0.03693964 0.9411354 -0.1877918 0.2810664 -0.9672905 -0.2536683 -0.001196757 0.1804965 -0.6570693 -0.7319023 -0.8902802 0.1377094 0.4340937 0.3957096 -0.7799391 0.4848803 0.8183158 0.4814348 0.3139742 0.5333728 0.8458695 0.004263328 -0.5195977 0.8248314 0.2228708 -0.7197183 0.6619846 0.2092413 -0.2663382 -0.9478784 -0.1749012 0.9969635 0.0283804 -0.07251495 -0.2221489 0.9214714 -0.3186539 0.8503843 -0.5261614 0.000835379 0.9945183 -0.1008425 -0.02764186 -0.1154801 -0.9932181 0.01349475 0.9870902 -0.1601108 0.004177578 -0.985831 0.1633002 0.03834566 0.985532 -0.1694879 -0.0006929773 -0.445316 0.1673242 0.8796001 -0.2195712 -0.9490081 0.2262123 -0.9803246 0.1555813 0.1214832 0.2676011 -0.8725899 0.4086276 0.760005 -0.6269514 0.1712438 0.6887245 0.5893938 -0.4222244 -0.9874967 0.1574487 -0.00776038 -0.5774236 0.06862962 -0.8135551 0.6164237 -0.7874093 -0.002894836 -0.06838556 -0.5551325 -0.8289459 0.9879968 -0.1544688 0.001326813 -0.3708401 0.4196477 -0.8284765 0.6766009 0.1863187 -0.7123879 0.9138005 0.2560177 -0.3153152 -0.603018 -0.09599504 0.7919307 0.07754883 0.9969211 -0.01159495 0.07618025 0.9970573 0.008567416 -0.6580452 -0.7019118 -0.2725736 0.6741989 -0.7264187 0.1333111 0.9540402 -0.2556505 -0.1563653 -0.9285123 0.3698823 -0.03243402 -0.9963497 -0.06175086 -0.05894137 -0.7338372 0.5352184 0.418359 -0.9998232 0.01860082 0.002735106 -0.8225929 0.4675645 0.3236115 -0.6192364 -0.7695388 0.1560652 0.7777951 0.5922294 -0.2104735 0.8912657 0.4531777 -0.01659655 0.4483436 -0.2869632 -0.846546 -0.1993572 0.9750947 -0.09719614 -0.957084 -0.1525128 -0.2464346 -0.9055403 -0.2775326 0.3208933 0.6210794 -0.4442255 0.6456966 0.2510048 -0.9679207 0.01122624 -0.9467817 -0.3194183 -0.03970285 0.3487823 -0.901933 0.2546916 0.5067478 0.85278 -0.1263842 -0.9322877 0.3617042 -0.003104935 -0.6757506 0.570839 -0.4663732 0.4785151 -0.8779002 -0.01773206 0.7560199 0.1794819 -0.6294602 0.9333211 -0.3590413 0.001087221 -0.9330078 0.3598562 0 -0.4928762 0.8700902 0.004015092 -0.9110405 0.4006279 0.09748059 -0.8515686 -0.4700707 -0.2320872 -0.9279627 0.261478 0.2655457 0.6981842 -0.7144171 -0.04633662 0.8440568 -0.5343433 -0.04522589 0.4117041 -0.9112791 0.008372034 -0.1508301 0.7537444 0.6396246 -0.239918 0.9613143 -0.1353301 -0.7166024 -0.6093349 0.3393995 0.8947912 -0.4166462 -0.1604824 -0.8853092 0.2750463 -0.3749361 0.4863155 -0.7539095 -0.4417213 -0.1164925 0.993119 0.01200703 -0.8254703 0.5640967 0.01983978 0.3596508 -0.7429701 0.5644881 -0.6990775 -0.1238705 0.7042349 0.3022508 -0.8528277 0.4258278 -0.6660359 0.5472758 -0.5068387 -0.6038165 -0.737096 -0.3034717 -0.04491088 -0.994967 0.089575 0.7850332 -0.2124106 0.5818974 0.9114237 -0.3081977 -0.2726188 -0.7076317 0.7061559 0.02452063 -0.9361975 -0.3510857 0.01652738 -0.7738532 0.6332504 0.01205105 -0.5742631 -0.8186608 -0.004031478 0.9961562 -0.08617555 0.01570622 -0.3829978 0.8952669 -0.2276179 -0.585694 -0.8101172 -0.02593689 0.9669825 0.01331778 0.2544946 -0.823367 0.1098383 -0.5567785 0.5286062 0.8488671 0.0001960819 -0.5280709 -0.8491994 -0.001266643 0.7164357 0.4872457 -0.499311 -0.8551707 0.5178428 0.02284439 -0.5346027 -0.845086 -0.005437705 -0.3905397 -0.9076388 -0.1538523 0.9881475 0.1457276 -0.04824865 -0.2148627 -0.9666447 -0.139399 -0.9734076 0.2105364 0.09028902 0.4363487 0.7688906 -0.4673404 -0.02784824 -0.7476778 0.6634775 -0.1233957 0.5306682 0.8385492 0.5271027 0.8498008 0.001176519 -0.07578208 -0.6895208 0.7202903 -0.04695105 0.6535014 0.7554678 -0.3833538 0.9234741 0.01534365 -0.9501422 -0.06184693 -0.3056218 0.9385161 -0.1636357 0.3039917 0.3134429 0.9226184 0.2247864 0.9482709 -0.3164615 0.02518933 0.5514667 -0.5049868 0.6639826 0.9995055 -0.03026071 0.008551817 -0.3922382 0.8931092 0.220239 -0.1664649 -0.9857941 -0.02234906 0.9478035 -0.06636092 -0.3118729 0.9990722 0.04039028 -0.01494273 0.08750723 0.7686226 -0.633689 0.4280313 0.6372511 0.640859 -0.9012503 -0.4330207 0.01552427 0.8974479 0.4409319 0.01289756 -0.9921614 0.03654775 -0.1194994 0.6149038 -0.7482627 0.2489905 0.5453187 0.8299649 -0.1174128 -0.4907543 0.8712979 -0.0005506535 -0.07349697 -0.7919191 -0.6061868 -0.1939461 -0.7224726 0.6636402 0.6614157 0.285336 0.6936229 -0.6844304 0.5748134 0.4484914 -0.2580881 0.9097333 0.325232 -0.0667683 -0.9408769 -0.3321034 0.8553459 -0.5048031 -0.1164354 0.7462164 0.5900622 0.3082007 -0.8190557 0.5734385 -0.01777886 -0.8245394 0.5657582 0.00724137 0.861026 -0.5033985 0.07227913 -0.6574011 0.7527549 0.03440678 -0.08261956 -0.9664569 0.2431772 0.9588095 0.06478488 -0.2765632 0.7898236 -0.6125804 -0.03039564 -0.1004512 0.9949093 -0.008063024 0.8023074 -0.5969072 0.002160423 -0.2868715 0.9166644 -0.2782646 0.7339797 0.5088636 0.4498128 -0.9258394 -0.3768846 -0.02791859 -0.762641 0.6467446 -0.01000946 -0.7368326 0.674142 -0.05109174 0.9840619 0.006425202 0.1777099 0.9839599 0.1479648 0.09964641 0.9263733 0.3757229 0.02578397 -0.9968416 -0.0779059 -0.01540818 0.5810367 -0.8137039 0.01680045 -0.9162618 -0.09024016 0.3902833 -0.4473098 -0.864659 0.2286456 0.5686561 -0.8065659 -0.1614985 -0.9764652 -0.2148358 0.01900572 0.7959396 -0.3231035 -0.5119416 -0.9745963 -0.2235137 -0.01426946 0.6860681 -0.4582826 0.5650554 -0.3703676 0.9287765 0.01421262 0.3739866 -0.9273953 -0.008478406 -0.09286037 0.9527964 0.2890604 0.9822106 -0.1152164 0.1482821 0.4312508 0.9019088 -0.02415107 0.5335926 -0.8325095 0.1490194 0.7680376 0.6403926 -0.003935671 0.6436042 -0.03417793 -0.764595 0.6907059 -0.7231114 -0.005934722 0.003704082 0.9994284 -0.03360242 -0.3855117 -0.782808 -0.4884591 -0.0298247 -0.9995517 0.002606905 0.7676861 0.6408178 0.003250433 -0.1108562 0.4926055 0.8631632 -0.7844836 -0.4868075 -0.3841926 0.4307303 -0.403629 -0.8071896 0.2286262 0.6440367 -0.730032 0.8468575 0.5279448 -0.06408333 0.2889299 -0.9553225 -0.06227775 0.3305165 -0.9420768 0.05701034 0.1075016 0.9344991 -0.3393446 -0.897543 -0.2979938 0.3249866 0.4689362 -0.8583205 0.20829 0.7399704 0.521016 -0.4254246 0.6114397 -0.7912903 -0.001072884 0.8175169 0.354483 0.453881 -0.7438743 0.6265292 -0.2326202 0.05171361 -0.9894462 -0.1353585 -0.9723004 0.2303263 -0.03977174 -0.03834346 0.9144795 -0.4028115 -0.8596406 -0.3034591 -0.4110117 -0.3876626 0.8371379 0.3858988 -0.781779 -0.3324042 0.5275689 0.9960967 -0.08820685 0.003305745 -0.7586901 -0.5435184 0.3591339 0.1985242 -0.9126252 -0.357356 0.467647 0.1689482 -0.867619 -0.4766017 0.4881615 -0.7311287 0.2260236 -0.9739706 -0.01716459 -0.6215884 -0.7830636 -0.02095817 -0.2155352 -0.5985246 -0.7715652 0.9303052 -0.3667726 0.003169182 0.09532191 -0.9743201 0.2039953 -0.6388339 0.6365268 -0.4321167 -0.9673263 -0.2434516 -0.0707892 0.6856481 -0.5811205 0.4383899 -0.8913592 0.4474077 -0.07283605 -0.9140875 0.4049062 -0.02224746 -0.6169871 -0.7791381 0.1107734 0.6491662 0.7167867 0.2545587 -0.8258134 0.5558046 0.09546495 0.07290901 -0.9652188 -0.2510716 -0.350996 0.5270833 -0.7739412 0.4831996 0.6734443 -0.559456 -0.957606 0.03951244 0.2853584 -0.9886531 -0.1005481 0.1116023 0.9057155 0.3295772 -0.2665677 -0.7364498 0.6688911 0.1011253 -0.07702758 -0.9851397 0.153514 0.4731094 -0.8801436 -0.03892031 -0.8253451 -0.5646192 0.003243312 0.4530453 -0.8914766 0.004407407 0.2259683 0.7779144 0.5863339 -0.6930043 -0.7209092 0.005910372 -0.4302994 0.9024648 0.01999184 0.5918111 0.805998 0.01126171 -0.8476067 0.5306115 -0.00376746 -0.03389923 -0.9993175 0.0146786 0.5269883 0.8183354 -0.2293698 -0.2154774 0.9759001 0.03447405 0.8732541 -0.3749992 -0.3111316 0.1389125 0.9076663 -0.3960369 -0.913986 -0.4056651 -0.008088834 0.9826283 0.1783029 0.05147583 -0.1820027 0.9775027 -0.1065994 -0.9860634 0.09783808 -0.1345609 -0.7424444 -0.66949 -0.02365374 -0.3225152 0.8160518 -0.4796285 0.688704 -0.7250415 0.001316164 -0.3045521 0.7509773 0.585902 -0.3124493 -0.7495136 0.5836136 0.5652218 -0.1321488 0.8142856 0.5300324 0.5305033 0.6615376 -0.9614167 -0.2457898 0.1235529 0.8325424 -0.1002847 -0.5448084 0.2526006 -0.9675651 -0.003277941 -0.2548418 0.9669405 0.009040476 -0.8804281 -0.09754146 -0.4640388 -0.3283436 0.9429227 -0.05556313 0.4643517 0.7794876 0.4204482 -0.8060751 0.2035953 0.5556905 0.684554 0.6284463 -0.3693792 -0.9519564 0.2840175 0.114512 0.8472458 -0.5309387 0.01669219 -0.9765401 0.2105398 -0.04519267 0.9702714 0.1233303 -0.2082378 -0.8503275 -0.2513754 -0.4623349 -0.8613527 0.4629968 -0.2090585 0.2633395 -0.9436349 -0.2005132 -0.7990302 0.4389623 0.4109291 0.505386 0.4534835 0.7341238 0.9898609 -0.1410268 0.01693413 -0.6191029 0.7852269 0.01141559 0.2140561 -0.8742306 0.4357762 0.7128623 0.5513099 0.4334567 -0.7601367 0.6018022 -0.2450025 0.02212822 -0.988467 -0.1498107 0.16518 0.9862621 -0.001617269 -0.4676228 -0.574747 -0.6715615 0.9960929 -0.08829196 0.00186456 0.9895126 -0.1443179 0.00609697 0.7280422 0.6281522 -0.274553 0.2596541 0.9600395 0.1044218 -0.7332499 0.3068916 0.6067636 0.5554049 -0.6421148 -0.5284071 -0.2103083 0.9763756 0.04961055 -0.08910583 -0.8726328 0.4801793 0.825208 0.1907047 0.531661 -0.5038628 0.7153371 0.4841643 -0.7945197 0.5445518 0.2687038 0.9399305 0.3394525 0.03609241 0.4387753 0.8375448 -0.3255688 -0.2415734 -0.8791559 0.4107642 -0.1468958 -0.9840114 -0.1007134 0.9615201 -0.2438988 -0.1264614 -0.9156664 0.4016071 0.01633527 0.9106957 0.009716083 0.4129637 0.9241593 -0.3819693 0.005393286 0.8992508 0.3986801 0.1800062 -0.9392559 0.3416108 0.03317154 0.01531694 -0.9669188 -0.2546239 -0.9797595 -0.199694 -0.01391618 -0.544247 0.8389047 -0.005835852 -0.5451581 0.8381476 -0.01764146 0.4142894 -0.8640379 -0.2860117 0.7982331 -0.5366898 -0.273474 -0.5853823 -0.7342769 0.3437515 -0.01100197 0.7060211 0.7081053 0.6629942 -0.4424431 0.6038898 0.8323528 0.4858734 -0.2666755 -0.8470508 0.5091552 0.1525316 0.02392286 -0.9915491 0.1275071 0.4494998 -0.8932411 -0.008390197 0.291574 0.7483312 -0.5958062 -0.8300017 -0.5573837 -0.0205099 0.4587343 -0.8881882 0.02616377 0.7591469 -0.6500565 0.03350522 -0.5271261 0.8495511 -0.02002525 -0.4557604 -0.8898347 0.02183438 -0.4767011 0.7347671 0.4825696 -0.9564277 6.327599e-05 0.2919691 -0.4511151 -0.8678777 -0.2080468 -0.6393518 0.7685176 0.02469974 0.07241627 -0.7872433 -0.6123756 -0.6462353 0.7629129 -0.01854554 -0.08316187 -0.7422912 0.6648969 0.6547549 0.7556156 0.01847167 -0.6518948 -0.7582294 -0.01101959 0.7814378 0.5058519 0.3653338 0.3462981 -0.9184156 0.1912865 0.999017 0.03130664 -0.03138421 -0.4905644 -0.8499393 0.1922232 0.9216572 -0.3879716 -0.005115389 0.2240034 -0.4958796 -0.8390029 -0.3249503 -0.9456996 -0.007713603 0.8890658 0.4556929 -0.04365799 -0.8084597 -0.01595901 -0.5883351 -0.9015196 -0.4327251 0.003388335 0.9218749 -0.3874646 0.004224757 0.3142437 0.2639854 0.9119005 -0.755304 0.4507638 -0.4757393 -0.1334288 -0.4718503 -0.871524 0.5790197 0.07937291 -0.8114408 0.8567837 -0.508924 -0.0831751 -0.7148383 -0.6946016 -0.08083794 -0.6841564 -0.7255698 0.07401672 0.8464708 0.3213346 -0.4245366 -0.6536573 0.6375081 0.4078181 -0.5389355 -0.7989894 0.2667666 0.7569044 -0.3940297 -0.5213792 -0.4219285 -0.9066281 -0.001394488 0.6460892 -0.52709 0.5520371 0.2108449 0.931352 -0.2968634 -0.8497357 -0.4973759 -0.1748325 -0.2419852 0.9689034 -0.05166543 0.7536104 0.4307384 -0.4965237 -0.628867 0.5906847 -0.5055867 0.538494 0.694168 0.4776557 -0.5994296 0.4961635 0.628097 0.3792813 -0.9252715 0.004296649 -0.7966597 0.4064908 0.4473238 -0.6896855 -0.5710093 -0.445289 0.2960857 -0.2740508 -0.9150024 0.1834728 0.5535837 -0.8123317 -0.7611802 -0.6481567 -0.02230753 -0.9809543 0.1923194 -0.0272364 -0.5310229 -0.07033835 -0.844433 0.1016293 -0.9948138 0.004119153 -0.8100779 -0.5248169 0.2614211 0.2559075 0.8093446 -0.5286518 -0.6595117 0.7460616 -0.09185025 -0.1890267 -0.8231519 0.5354342 -0.01209326 0.9954517 -0.09449653 -0.06029758 0.9977617 -0.02891136 -0.9714023 0.1892661 0.1433734 0.9146973 -0.2419477 0.3237132 0.1139206 0.9857596 0.1236933 -0.8064914 -0.4975078 -0.3194647 0.2581967 0.4659981 -0.8462743 0.743828 -0.1086421 -0.6594822 -0.3939444 0.8453137 0.3609052 -0.5412 0.8283964 0.1444372 0.6920941 -0.6376267 -0.3382868 0.2548822 0.9580605 0.1309774 -0.9031004 -0.3810952 0.1979296 -0.5641074 -0.824152 -0.05056055 -0.880684 0.4736854 0.004215502 -0.583682 -0.8119621 0.00572852 0.7145927 0.1408759 0.6852089 -0.9586948 0.2843331 0.007681956 0.6038126 0.7967028 0.02598095 0.9877501 -0.1553563 0.01463685 0.08188825 0.9966295 -0.004896759 -0.9031184 -0.4289675 0.01907719 0.9518631 -0.09049198 -0.2928615 0.7675022 0.6394797 0.04478954 0.06594709 -0.917794 -0.3915421 0.8264897 0.2789257 -0.4889941 -0.7802074 0.6254326 -0.01051328 0.6092575 -0.79015 0.06684505 0.7815638 0.6083669 -0.1380138 -0.3638548 0.9150946 -0.173815 -0.9355683 0.3518054 -0.03073818 0.535743 0.6144476 -0.5791662 -0.3275881 -0.9448191 0.001710693 0.4740028 0.5535063 0.6848008 -0.7282807 -0.06013287 0.6826355 0.1178848 -0.4662013 0.8767893 0.6264364 -0.1990145 0.7536383 -0.656566 0.7371573 0.1597504 0.2673357 -0.7157324 -0.6451812 -0.7433552 -0.6688833 -0.004260511 0.7417526 0.6705706 0.01175009 -0.4582885 0.6879075 -0.5628099 0.6859425 0.7240707 -0.07214185 0.8550837 -0.05129526 0.5159463 -0.1720618 0.7350433 0.6558247 0.8343403 -0.3052761 -0.4590018 -0.1842503 0.9716468 0.1481696 -0.08233716 -0.9963684 0.0216937 -0.2614557 0.963429 -0.05869819 0.5471906 -0.7933806 -0.2667016 -0.5731578 0.597293 -0.5610091 0.01528819 0.9633749 -0.267722 -0.7074323 -0.6583687 -0.2570801 0.02157988 0.8625592 0.5054957 0.5421963 -0.2054032 0.8147593 0.3294696 -0.9439096 0.02200808 0.4130038 0.9106084 0.01483683 -0.6377066 -0.5564659 0.5326125 0.768909 -0.3574485 0.5301034 0.1815882 0.9325496 -0.3120527 -0.8611714 -0.4701559 -0.1932285 0.9519021 0.3063953 -0.002102054 -0.6335119 0.132145 -0.762365 0.3792049 -0.9253096 0.002423472 0.3264148 -0.9451934 0.007924478 0.8700945 -0.3491166 -0.3479269 0.9683823 0.2096482 0.1352157 -0.05741124 0.707561 0.7043162 -0.2886169 -0.7219019 -0.6289339 0.7699607 0.6348304 0.06442703 -0.7580037 -0.298884 0.5797402 0.5017918 -0.5903874 0.6321769 0.3747435 0.720171 0.5838845 0.1158128 0.9329498 0.3408695 0.7330042 -0.678606 0.04689032 0.9127463 -0.00476958 -0.408499 -0.844124 -0.1791993 0.5053141 -0.9382291 -0.3204834 -0.1304477 0.2238783 -0.96081 -0.1634704 -0.06395762 0.9977268 0.02122993 0.4039396 -0.7609449 0.5077358 0.08530714 -0.99633 0.007009891 0.7588229 -0.6088058 0.2313943 -0.1280423 0.9908318 0.0430986 -0.8333775 -0.4479289 -0.3237925 -0.6274537 0.7784438 -0.01808644 0.4950847 0.8688116 -0.007585101 0.4939465 0.86919 -0.02292716 -0.5615046 -0.7442411 -0.3616874 -0.1072411 -0.9318527 -0.3466266 -0.885765 0.1755916 0.429637 0.5362348 0.2880406 0.7934008 -0.07901511 -0.7081253 0.7016518 0.7947159 -0.5038854 -0.3384172 0.06258628 0.9784675 0.1966831 -0.8648875 -0.4741394 0.1648072 -0.5868678 -0.8096093 -0.01090495 0.7158372 0.07602553 -0.6941162 -0.8762727 0.4810776 -0.02665402 -0.5780151 -0.8153175 0.03399852 -0.5692681 0.8217028 0.02717203 0.2940812 -0.9556424 -0.01623996 0.6668158 0.7450122 0.01770682 -0.5693168 0.8028697 0.1768575 -0.494448 -0.8596236 -0.1287182 0.9984211 0.04566148 -0.03271502 0.1991146 -0.575821 -0.7929587 -0.7914769 0.249073 -0.558146 -0.5792252 -0.4050247 0.7074272 0.8663286 0.4944383 0.07074948 0.8775979 0.4789179 0.02143825 -0.4900519 0.8471775 -0.2052788 0.3472807 -0.8987894 0.2675325 0.9858992 -0.062813 -0.155104 0.7195885 0.5973932 -0.3539968 -0.2368624 0.8342875 -0.497856 -0.2383011 -0.9710741 0.01508584 -0.2376129 -0.9713478 -0.004850302 -0.5230119 0.8482987 -0.08275152 -0.4598459 -0.8683332 -0.1858473 0.9571841 0.007692315 0.2893777 0.6129908 0.3067932 -0.7280935 -0.9935795 -0.1129566 -0.006364231 -0.8076778 0.02067014 -0.5892616 -0.3770378 0.8438837 0.3817103 0.2753031 -0.8022319 0.5297474 -0.5462802 0.7198174 0.4283 -0.6357858 -0.7543537 0.1634835 -0.6424227 -0.7662812 -0.01030204 -0.4013701 -0.7724959 -0.4920896 0.1692589 0.9855716 -8.05475e-05 0.1877319 0.7322339 -0.654668 0.6021633 -0.7909096 0.10891 -0.1803048 0.5481926 0.8166854 0.04497253 0.9989797 -0.004125037 -0.1448821 -0.9752444 0.1670555 0.609539 -0.7755346 0.1643422 -0.325596 0.8993809 -0.2917211 -0.9859496 -0.152161 -0.06892348 0.969599 -0.163034 0.1824768 0.1440887 -0.9885493 -0.04481969 -0.6688657 0.3600084 -0.6503942 0.3916442 -0.9198441 0.02239883 -0.1830267 0.9831069 -0.001423691 0.9975537 0.02342994 0.06586047 -0.6422547 0.6678134 0.3762102 -0.6115696 -0.5119556 -0.6032281 0.4629225 -0.7722687 -0.4350906 0.4984494 0.5318084 0.6846371 0.8436752 0.5367996 0.007635994 -0.4564997 -0.8867901 -0.07218926 -0.845305 -0.5341343 -0.01265075 -0.8745327 -0.4759975 -0.09283819 0.04001489 -0.9987306 -0.03059323 0.8143246 -0.5801955 0.01576899 0.6960143 0.6742692 -0.2468302 0.1258666 0.2532136 0.9591874 -0.3334375 0.9421112 -0.03529662 -0.9845218 -0.02137525 0.1739539 0.5058559 -0.8610398 -0.05215682 -0.8105562 -0.5588586 -0.1751449 -0.6800432 -0.733169 -0.002134026 -0.07156696 -0.9974269 -0.004214676 0.2203808 0.9144851 -0.3393365 0.4375375 -0.8992 -0.0004864829 0.4566637 -0.8871207 0.06689658 -0.7145601 -0.6942827 0.08588057 -0.09061993 0.9909088 -0.0994374 -0.6500918 -0.7544141 -0.09077482 0.9499536 -0.1633757 0.266264 -0.7946475 0.139484 -0.5908295 0.619094 0.7036215 -0.3487684 -0.7604313 0.649274 0.01369128 0.3241857 0.9457853 0.01984269 -0.5196149 0.8194023 0.2420336 -0.4642484 -0.8818117 -0.08295482 0.5201481 -0.8261498 -0.216616 0.489043 0.8666339 0.0989076 0.03039147 -0.8111543 0.584042 -0.04278534 0.999038 -0.009615809 0.3088232 -0.7125005 -0.6300565 -0.2674644 0.9635671 0.001150779 -0.9159184 0.4011889 0.01187011 -0.3323214 -0.9431578 -0.00397096 0.9825137 0.1855465 0.01547069 -0.6253604 0.7614094 0.1708218 -0.330917 -0.9321708 -0.1468043 0.98169 0.1904524 -0.003557326 0.7640903 -0.6449867 -0.0125748 0.8014913 0.5836778 -0.1301223 0.4729495 -0.8135493 -0.3383138 -0.7946427 -0.09093831 0.6002277 0.9385072 0.3255962 0.1148537 -0.885277 0.4650439 0.004339228 -0.3999836 -0.8254782 0.3982446 -0.2738236 -0.9603044 -0.05325429 0.8025359 -0.594145 -0.05411056 -0.2711248 0.7450792 0.6093835 0.7984778 -0.5989007 0.0612467 -0.3239101 -0.9354151 0.141707 -0.5885442 0.8018631 -0.1031084 -0.2777004 -0.9498493 -0.1437668 0.9432243 0.1560717 0.2932058 -0.7957861 0.01329552 -0.6054319 0.8913682 -0.4532635 -0.003879405 -0.8938186 0.4483879 -0.006050191 0.4033681 -0.6749812 -0.6178144 0.368726 0.8582026 0.3571125 0.2800476 -0.9559169 0.08829652 -0.2886198 0.9574429 0.001331653 0.07633824 -0.7937557 0.6034272 0.5841403 0.110492 0.8040968 -0.2432776 -0.9678626 -0.06370262 0.7451964 -0.4886126 -0.4538061 0.8802163 0.3214016 -0.3491708 0.1023945 0.9833697 0.1499979 0.6407285 0.7677549 0.004400175 -0.5789873 -0.3246691 -0.7479062 -0.5829019 -0.2812756 -0.7623053 -0.08168581 -0.9964384 -0.02092552 -0.2557812 0.8294792 0.4965281 -0.7950011 -0.5986711 0.0978069 0.690851 -0.6630371 0.2882824 0.3737457 0.9016731 -0.2174851 -0.2287877 0.9734348 0.008997363 0.9991852 0.0171603 -0.03652963 0.5861981 -0.8101071 -0.009913906 0.1641742 -0.9861297 0.02439358 -0.5723481 0.3157584 0.7567789 -0.9766339 0.07386849 -0.2018161 0.9671362 -0.1961319 0.1618016 -0.7470622 -0.6312678 0.2083244 0.6273647 -0.778499 -0.01878316 0.9858728 -0.08240576 -0.1458224 0.3128251 0.9377954 -0.1506 0.4420111 -0.8964443 0.03183999 0.01492475 0.7524934 0.6584307 -0.8581486 -0.4839618 -0.1713532 0.7926353 -0.5553769 0.2515666 -0.1268679 0.9859121 -0.1090041 -0.9090774 -0.4097337 -0.07547559 0.7521049 -0.659027 -0.00466448 -0.7640272 0.6445657 -0.0282407 0.2971506 -0.8061859 -0.5116305 0.1532251 -0.7964517 0.5849673 -0.7643795 0.06724511 0.6412504 -0.8908391 -0.4536915 0.02386991 0.5235026 0.676621 0.5178118 -0.9773161 -0.1850179 0.1030608 0.9840684 0.1556179 -0.0859795 0.297246 -0.9530733 -0.05741083 -0.1879272 0.9818832 0.02426581 -0.9729154 -0.172278 0.1541297 0.8551076 -0.2728906 0.4408194 0.6427754 -0.3821265 0.6639421 0.9485198 -0.1332851 0.2873069 0.9091359 -0.4153122 0.0314276 -0.7411363 0.6710918 -0.0187836 -0.1924508 -0.9810929 0.02048036 0.881008 -0.4645165 0.08971856 0.3694409 0.9190819 0.1371198 -0.8345359 -0.529776 -0.151285 0.8456634 0.5238752 -0.1020201 -0.2497896 -0.6852309 -0.6841519 -0.4775476 0.6402803 0.6016556 0.7572139 0.1428274 0.6373598 -0.8987471 0.4369566 0.03636727 0.6235289 0.7458355 -0.2343952 -0.5454379 0.6955584 0.4676494 0.4629918 -0.8858866 -0.02904454 -0.4721172 0.8803835 0.04505788 -0.6512534 0.7066377 -0.2766446 0.7228507 -0.591786 0.3567578 0.2920308 0.9259713 -0.239364 -0.5554781 0.7544158 -0.3497153 -0.5972998 -0.1687615 -0.7840615 -0.3720385 0.4737441 0.7982192 -0.006529869 0.9999322 0.009644463 -0.07238646 -0.9936124 0.08657103 0.7587673 -0.4948804 -0.4235158 -0.6073425 0.5552327 0.5682004 -0.9242077 -0.1706865 -0.3416229 0.6643602 0.209625 -0.717414 -0.4792652 0.5910791 -0.6487914 -0.2976514 -0.9052061 -0.3033243 -0.4316772 0.501549 0.7497355 -0.9544484 0.2983108 -0.006237117 -0.2468524 -0.932902 0.262217 0.8869806 0.3139508 -0.3386744 -0.1085573 -0.9620434 0.2503753 -0.1404495 0.9894806 -0.03467175 0.3549563 0.6965608 -0.6235456 -0.5866818 0.4198248 -0.6924966 -0.581081 0.8137807 -0.0102874 -0.5976805 0.7999586 -0.05333203 0.4229785 -0.867377 -0.2621953 -0.7434547 0.3927517 0.5413143 0.3198908 -0.8854026 0.3372419 0.08922783 0.6944086 0.7140274 0.9376313 0.3474825 0.01017222 0.6445693 -0.5742497 0.5047452 -0.7761603 -0.3881333 -0.4969183 -0.2678138 -0.9496546 -0.162579 -0.8795373 -0.474388 -0.0370168 0.5321393 -0.8465337 0.01443995 -0.7766677 0.6262576 -0.06773985 0.8160394 -0.577505 0.02382349 0.8046624 0.592284 -0.04145001 -0.8144348 0.3777383 0.4404653 0.004735314 -0.9390986 -0.3436152 0.872372 0.4888022 -0.006275632 -0.930418 -0.2519463 -0.2661679 0.9995867 -0.02836679 -0.004661712 -0.9128791 -0.2215567 0.3428767 0.999884 -0.009698598 -0.01174732 0.89008 -0.4054062 0.208335 -0.01467809 0.889518 -0.4566643 -0.920143 -0.3392291 0.1956029 -0.6518345 -0.7579088 -0.02619112 0.6461304 0.7630661 0.01567236 -0.9710746 -0.2177522 -0.09797006 0.6808705 -0.381661 -0.6251002 0.03115588 0.8128681 -0.581614 -0.799343 -0.4292198 -0.420501 0.06424263 0.6688602 0.7406071 -0.7021397 -0.4516984 0.5504257 -0.6521166 -0.7569056 0.0428691 0.9895545 0.1440188 0.006368837 -0.9882765 -0.1522864 0.0108842 0.9431738 -0.2918096 0.1589667 -0.5118549 0.8448674 0.155575 -0.9292191 -0.2360749 -0.2842895 0.5578389 0.1418657 -0.8177346 -0.6566988 0.03603756 -0.7532914 0.4785608 0.7923579 0.3783498 0.2813718 -0.8958939 0.3438082 0.4745024 -0.7131713 0.5159788 -0.6428839 0.2531589 0.7229183 0.9922779 0.1232724 0.0137293 -0.1963559 0.9805219 -0.004593052 -0.7496678 -0.6615723 0.01789405 -0.1527458 0.9852663 0.07693545 -0.9870028 0.1053511 -0.1213529 0.4437442 -0.8959802 -0.01762286 0.7758535 0.02264386 -0.6305067 -0.8138251 -0.5810358 0.009282483 -0.4896463 0.6009824 -0.6317173 0.1525168 -0.9882849 -0.005627734 0.1238271 -0.9905904 0.05828812 -0.3162211 -0.5822286 0.7490087 -0.8105882 -0.5856164 0.0004805784 0.8715733 0.05636513 -0.4870143 -0.8287488 0.1712964 0.5327598 -0.4571422 -0.8787521 0.1371704 0.1267764 -0.9630576 -0.2375874 -0.6645317 -0.7467143 0.02855667 0.5516565 -0.7961015 -0.2487923 -0.9096662 0.3787679 -0.1704182 0.6119824 -0.7613005 0.2142407 0.9720902 -0.1216262 0.2006182 0.9698698 -0.04639678 0.2391651 -0.9729036 -0.1848341 -0.1389064 -0.5971312 -0.786709 0.1565993 0.7980028 0.5876458 -0.1336561 -0.8286745 -0.5597305 0.0005747784 -0.1749389 0.9569969 -0.2314158 0.8242886 0.5660405 -0.01210189 -0.01591771 -0.9997963 -0.01240893 0.7800861 -0.6256608 -0.00376418 0.9717327 -0.2201057 -0.08537628 0.05132857 0.6165627 0.7856308 -0.8525051 -0.2680619 -0.4487515 -0.5134927 -0.614369 -0.5990625 0.5275019 0.8495374 -0.005297154 0.9529186 -0.3031965 0.004251653 -0.3133948 -0.8778272 0.3622197 0.6069075 0.2295652 0.7608962 0.06106951 0.998133 0.001048792 0.926427 0.1932122 -0.323113 -0.6518315 0.7566551 0.05087976 -0.8246487 0.5425736 0.1599013 0.06127588 -0.9788666 0.1951039 -0.1448786 0.9866814 0.07395895 -0.9531775 -0.2984321 0.0488974 0.8065229 0.004734071 0.5911839 0.2357442 0.9517481 0.1964691 -0.4277674 0.8492894 -0.3093907 0.8772444 -0.4561626 -0.1495257 -0.5711194 -0.820867 -0.0003133902 0.6881639 -0.6067789 -0.3978062 -0.2556107 0.452859 0.8541557 0.7771243 0.6291432 -0.01602184 -0.8811233 0.2417685 0.4064109 0.1512221 -0.9092359 -0.3878427 0.8658524 0.4998254 -0.02177639 0.1674897 -0.6946179 -0.6996093 -0.8529761 0.03467173 -0.5207972 0.8691768 0.494168 0.01815733 0.9988633 -0.03547081 0.03184203 0.917772 -0.3529933 0.1819071 -0.08579427 0.8860899 -0.4555042 -0.795435 -0.5274792 0.2984105 0.5929058 -0.3926981 0.7030298 -0.02406073 0.9552782 0.294728 -0.5998321 -0.7219955 -0.3448535 0.6700467 -0.7397686 -0.06148079 -0.08326099 -0.9965221 0.003374376 0.4522099 0.6790011 -0.5783283 0.3040243 -0.8455911 -0.4387994 -0.7689126 -0.1056498 -0.6305644 -0.8363898 -0.5476544 0.02295021 -0.769742 0.6377759 0.02718786 -0.6834342 -0.7294978 0.02739877 0.8723092 0.4886803 -0.01637554 -0.8686969 0.4950221 0.01785464 -0.6648428 -0.7253948 0.1782876 0.9443221 -0.3023477 -0.1297751 -0.2548332 0.9664222 -0.03298791 0.5182703 0.3142269 -0.7953976 -0.07666115 -0.8240253 -0.5613424 0.5157314 -0.4789676 0.7103599 -0.6657168 0.7427868 0.0713373 -0.6529421 0.7570993 0.02161719 -0.7247635 -0.6571926 -0.2069199 0.8050493 0.5284022 0.2696048 -0.1461265 0.9768297 -0.1563677 -0.7347273 0.5770855 -0.3565784 -0.7641358 -0.4063524 -0.5009733 0.9994775 -0.02852005 0.01521179 0.9996018 -0.02778966 -0.004890804 -0.7191353 -0.6898424 -0.08343777 0.9454091 -0.2666523 -0.187345 -0.2088891 0.9334564 0.2915895 -0.4270757 0.532302 -0.7309316 0.319603 -0.9475298 -0.006417375 0.149399 -0.7916257 -0.5924598 -0.7446831 -0.5455839 0.3844284 0.7245891 0.4369994 0.5329185 -0.5877727 -0.6845275 0.4312138 0.8711034 -0.4626186 0.1648118 0.8843553 -0.4666989 -0.01038806 0.8379828 -0.2292758 -0.4951944 -0.9991165 -0.0420268 -8.122013e-05 -0.7526457 0.02926224 -0.6577752 0.6463457 0.7551022 0.1098086 -0.4951848 -0.2900569 0.8189377 -0.9860579 -0.1663504 -0.004159483 0.9836585 0.06366822 0.1684111 0.6296842 0.7589789 0.165677 -0.8100979 -0.5072832 -0.2939475 0.3563083 -0.9317804 -0.06949627 -0.04473703 0.9819171 0.1839493 0.9360426 0.3489726 -0.04519321 -0.2103786 -0.7270926 -0.6535114 0.8167718 0.5765187 0.02258578 -0.9225404 -0.3858979 -0.00143558 -0.2329112 0.970228 0.06640803 -0.517019 -0.7675444 0.3789024 0.6273237 -0.4885922 -0.6064179 0.6564599 0.6141587 -0.4380291 -0.6223862 0.3738498 0.6876568 -0.702387 0.7117536 0.007699757 0.9629796 -0.2595613 -0.07278891 0.700124 -0.7139074 -0.01275638 0.6493975 -0.754666 -0.0936067 0.9679146 0.2493787 -0.03084847 0.3957514 0.91822 0.01590064 -0.8052776 0.5381861 -0.2487643 -0.2719471 0.06920467 0.9598206 -0.8507887 -0.5243014 -0.035591 0.2281095 -0.957713 0.175362 0.7352271 0.6757775 -0.05259117 0.716795 -0.6745597 -0.1765621 0.8599061 -0.5104477 -0.002151847 0.9901388 0.1400251 -0.004249871 -0.9394792 0.02289297 -0.3418403 0.786932 0.6170396 -0.0004905454 0.7710678 0.6331703 0.06745269 0.829107 -0.5523436 0.08659238 -0.9495431 -0.2971801 -0.1002595 0.874309 -0.476662 -0.09152653 -0.04025557 0.9624861 0.268328 0.03084904 -0.8038533 -0.5940271 -0.817356 0.4566197 -0.3513227 -0.4746279 -0.8800783 0.01380559 -0.9928353 0.1178035 0.02000832 -0.6913034 -0.6801436 0.243935 0.9597308 -0.2681803 -0.08364273 0.6978524 0.6821511 -0.218339 -0.9500906 0.2956057 0.09972538 0.7843357 0.1999115 0.5872418 -0.9676387 -0.2521535 -0.009696101 0.6294233 0.4504075 -0.6332136 -0.8856618 -0.4643294 0.001160389 -0.1993688 -0.9798514 0.01196922 0.9919827 -0.1263104 -0.00400412 -0.3882356 0.9214281 0.01559985 -0.6125374 -0.7714551 0.1722062 0.9807692 -0.1272275 -0.1480035 -0.3928588 0.9195918 -0.003587032 0.4696664 0.8827529 -0.01267979 -0.739229 0.6605525 -0.1311903 0.6950788 0.6330186 -0.340812 0.2554256 -0.7554087 0.6034198 -0.5158255 0.8488312 0.1158 -0.2682438 -0.9633411 0.004375463 0.8900028 -0.2169429 0.4010373 0.9964059 -0.06551227 -0.05369773 0.4118608 0.9096119 -0.05456109 -0.6692195 -0.4206019 0.6125678 0.4173613 0.9066398 0.06175622 0.9824773 -0.1196975 0.1428664 -0.6599263 -0.7441032 -0.1039602 0.9868539 -0.07149241 -0.1449422 -0.3508977 0.8885861 0.2954414 0.1540663 -0.7783608 -0.6086198 0.255445 0.9668157 -0.0039118 -0.2501629 -0.9681845 -0.006100713 0.5731007 0.5347225 -0.6209892 -0.9156173 0.1795927 0.3597102 0.8754767 0.474989 0.08902804 -0.875221 -0.4837214 0.001342774 0.7575844 0.2410018 0.6066169 -0.2297522 0.5448403 0.8064509 0.9973536 -0.03406006 -0.0642324 0.3202229 0.8299302 -0.4568076 -0.4990001 0.7920145 -0.3517272 -0.9827016 -0.1069089 0.1512219 -0.8854399 0.4647328 0.004436919 0.4372404 -0.4953402 -0.750639 0.3957659 -0.5081505 -0.7649526 0.9912994 0.1299245 -0.02110018 -0.7554786 -0.4238034 0.4996426 0.7525644 -0.6510927 0.09861575 0.502382 0.814389 0.2904874 -0.9597683 0.1754705 -0.2192144 -0.9034503 -0.4285967 0.009072491 -0.2271314 0.9731673 -0.03683427 0.6685378 0.743611 -0.009996686 0.9294598 0.3681025 0.02459716 -0.1872878 -0.6230119 0.7594599 0.1333521 -0.9699653 -0.2034319 -0.01187229 0.9865353 0.1631169 0.7741166 -0.5972006 0.2099877 0.62897 0.7771988 -0.01893996 -0.1269741 0.9809508 -0.1470139 -0.9824491 0.1083594 -0.1518287 0.7832895 0.6208275 0.0321056 -0.736099 -0.143312 0.6615285 0.6536199 -0.7368456 -0.1727416 0.3758567 0.8913208 0.2535329 -0.9370124 -0.3315553 -0.1099034 0.5919102 -0.8024031 -0.07610223 0.4859159 0.8739929 -0.004703431 -0.4692657 -0.8825978 -0.02847634 0.7239707 0.45921 -0.5147743 0.7442103 0.3165607 0.5881669 0.09486018 -0.758793 0.6443871 0.6310683 -0.7753538 0.02406912 -0.7699399 0.3684931 0.5209658 0.386591 -0.9163786 0.1039121 -0.3592836 0.9291931 -0.08669212 0.8691093 0.4912208 -0.05788865 -0.9203078 -0.390429 0.02446833 0.3731701 -0.914658 0.1553859 0.08660778 0.8919418 0.443778 0.2373629 0.7062124 0.6670254 -0.06934592 0.954661 0.2895058 0.9873631 0.1564118 0.02548611 -0.9886257 0.1496237 -0.01522981 0.3818833 -0.9240614 0.01660606 0.977398 0.1541685 0.1446553 -0.9655329 0.156895 -0.2076783 -0.5147758 -0.8462499 0.1373571 0.3124719 -0.8958575 0.3159124 -0.7701177 0.6177796 0.1589563 0.7592365 -0.6508091 0.002732166 -0.9196714 -0.3897685 0.04780191 -0.569616 0.8139818 0.1138915 0.7216009 0.2370701 0.6504536 -0.9864514 0.108387 0.12315 0.3239335 -0.4327564 -0.8413019 -0.5506757 0.8331846 -0.05059402 -0.7003421 -0.6517521 -0.2911018 0.7735686 -0.2890513 -0.5639513 -0.5480184 -0.7222842 -0.4218783 -0.2404753 0.8663857 -0.4376612 -0.6797118 0.07326196 0.7298113 0.3761048 -0.6013873 0.7048961 0.9101376 -0.413538 0.02521683 0.9081915 0.4184067 0.01113339 0.03129981 0.8668615 -0.4975656 -0.7304102 -0.1968851 0.6540162 0.6127279 -0.7895799 0.03358757 -0.6795827 0.0388518 -0.7325693 0.6554992 0.513734 -0.5535325 0.7012047 0.5965696 0.3904058 -0.2817791 -0.9557243 -0.08480332 -0.6490898 0.2514254 0.7179607 0.1374186 -0.9634602 0.2299141 -0.3739617 0.9270502 0.02702947 -0.4407257 0.8441157 -0.3053352 -0.5675303 -0.7340809 -0.3728734 -0.4677839 -0.8837256 -0.01439649 0.186401 -0.9812871 -0.04827272 0.4285973 0.9031076 -0.02647515 -0.459832 -0.8879971 0.003951638 -0.3831156 -0.9236848 0.005362673 0.9085478 -0.06028297 -0.4134088 0.5286897 0.8409534 0.1152586 0.353753 0.9288996 -0.1095647 -0.2370741 -0.9695285 -0.06172775 0.2857716 0.9582918 0.003373736 -0.25414 -0.9671674 -8.240505e-05 0.9973352 0.07289558 -0.002969804 0.3096778 0.9295575 0.2000562 0.6521438 0.7242251 -0.2240677 -0.1743694 0.9345459 -0.3101924 -0.9872005 0.152855 -0.04550331 0.6616402 0.7498017 -0.005448243 0.8321063 0.1259772 -0.5401193 -0.4626722 -0.8664305 -0.1877037 0.7418002 0.656479 0.1369955 0.2221759 0.9729702 0.06298243 0.2754325 0.8971071 0.3454502 -0.9426674 0.315395 -0.1091061 0.6629346 -0.7448782 -0.07532704 -0.2169869 -0.9753113 -0.0410434 -0.8869647 -0.1593665 0.4334696 0.7724244 0.4183124 -0.4778864 -0.324987 0.9380506 0.1201856 -0.7969967 0.3673083 0.4794589 -0.2918026 -0.9188288 0.2657159 -0.6681349 0.3494392 -0.6568775 -0.5207728 0.796113 -0.3082204 0.01255162 -0.943711 -0.330533 0.5974164 0.697417 0.3958576 -0.4296657 -0.9029543 0.007802741 0.4326021 0.901581 0.002645415 -0.4750581 0.8337651 -0.281346 -0.4579298 -0.8880407 0.04103727 0.5625894 -0.766488 0.3098214 -0.2865119 -0.9579922 -0.01272001 0.9675524 0.2364466 -0.08908035 -0.7802214 -0.600648 0.1745753 0.9691685 0.1612891 0.1862744 0.7588022 0.651226 0.01113128 -0.7055939 0.7086067 -0.00372383 -0.2590923 -0.9657436 0.01450874 0.7837921 0.6209656 -0.0084636 -0.6233231 0.7204314 -0.3040508 0.7798862 -0.6015629 -0.1729151 -0.6450441 0.7637812 -0.02358815 0.6504247 -0.7595654 0.002829413 -0.2948233 0.8501278 0.4363049 0.6029282 0.293277 0.7419341 -0.992779 0.0874913 0.08206814 0.4777106 -0.4065229 -0.7788015 0.08589427 0.9905981 -0.1064777 -0.5111991 -0.6799741 -0.5256527 0.8614442 -0.1696386 0.4786822 -0.2141839 0.967072 0.1374662 0.5282809 -0.4490669 0.7205958 0.9104841 -0.4135437 0.0005078238 -0.9008097 0.4255151 0.08648036 -0.117295 0.9030394 -0.4132332 -0.8332063 0.4436457 0.3300692 0.7914277 -0.5799634 -0.1930926 -0.179895 -0.9836858 -0.0001265228 -0.9432733 -0.3320128 -0.001706273 -0.3541055 0.935204 0.001663728 0.07668477 -0.9530775 -0.2928528 -0.9487854 -0.1476026 0.2793201 0.6910651 0.5233908 0.4984888 -0.08539615 0.9952911 -0.04585918 -0.09040102 -0.9943811 -0.05507984 0.7152983 -0.449145 0.5353664 0.4425476 0.8967168 -0.007120968 -0.2072951 -0.9782474 0.007801035 0.180667 0.9539674 0.2393861 -0.08789536 0.8971789 0.432833 -0.887392 -0.3925335 0.2417703 -0.557983 -0.8266298 -0.07306252 0.5182834 -0.6891795 -0.5063732 -0.9951402 0.09845326 -0.001711222 -0.9507402 0.3097048 -0.01326775 -0.9197956 -0.3717495 0.125612 0.155148 -0.9312304 0.329756 0.8831635 -0.4422995 0.1561842 -0.06440611 0.958299 -0.2784148 -0.4603676 -0.8542467 0.2415041 0.1668506 0.9806468 0.1024337 -0.3319918 -0.9380511 0.09920503 0.7520031 0.01401485 0.6590106 0.8135668 0.4690788 0.3436193 -0.9626415 -0.1057987 -0.2492548 0.04901334 -0.9600314 -0.2755675 -0.9205072 -0.3856724 -0.06263587 0.2502769 0.967748 -0.02872618 0.4133411 0.7438696 -0.5251734 -0.916789 -0.3968942 -0.04441686 0.6805839 0.6664326 0.3044227 0.27837 -0.9604686 0.003197621 -0.2265872 -0.973208 0.03904383 0.5000857 0.6236952 0.600765 0.05282818 -0.996222 0.06892712 0.8027376 -0.39848 -0.4436508 -0.9253791 -0.37884 -0.01240212 0.1779614 -0.9463607 -0.2696872 0.2601423 0.7469845 -0.6118335 0.2622116 -0.8383435 -0.4779385 0.5486631 0.6770143 0.4905308 -0.5939806 0.3876376 0.7049284 -0.3354023 0.9412602 0.03917261 -0.1187751 -0.8146383 0.5676768 0.9350067 0.2875955 0.2074881 0.2964168 0.9512439 -0.08527618 -0.9452101 -0.2561326 -0.2024204 -0.2794562 -0.9578715 -0.06623071 -0.1847223 -0.8477997 -0.4971049 -0.8615657 -0.5028757 -0.06943119 0.1838021 0.9656318 -0.1837716 -0.691184 0.6661078 0.2802948 -0.8361255 -0.5394531 0.0994203 -0.7257546 0.687446 0.02642222 0.4839063 -0.8749774 -0.01578976 0.4998456 0.8659434 0.01721649 0.4599959 -0.7935085 0.398432 0.97101 -0.04880886 0.2340028 0.4981562 0.8511676 -0.1653908 0.6000861 -0.7996983 0.01947633 -0.03546801 0.8526921 -0.5212085 0.6072122 -0.7944051 -0.01462286 0.1318008 0.8078439 0.5744708 -0.6918601 -0.7218847 0.01456461 0.6891058 0.7246086 -0.008688408 -0.8269687 -0.4782701 0.295602 -0.3019136 0.9411606 0.1518715 -0.9995165 0.01882357 -0.02474895 0.5363228 0.8300983 0.1526257 -0.9010509 0.4336946 -0.00403316 -0.2321678 0.5913203 -0.7722943 0.37196 0.9282288 -0.006081725 -0.9111232 -0.4106932 -0.0344338 0.8670108 -0.02638277 -0.4975903 0.9220832 0.3869826 0.00267148 -0.9012924 0.4331985 0.003330948 -0.3950938 -0.2994433 0.8684668 0.7652545 -0.5104092 -0.3922601 0.1858867 0.5503314 -0.8139911 -0.6719612 -0.05798219 -0.7383131 -0.8312791 0.5519631 -0.06566397 0.7496917 0.6587033 -0.06381422 0.7204207 0.6910727 0.05841778 -0.8924856 -0.2885022 -0.3467506 0.6413815 -0.6915928 0.3321582 0.5862633 0.7815584 0.2132177 -0.7772541 0.4555461 -0.4339975 0.4668533 0.8843341 -0.00109946 -0.6579446 0.594122 0.4627396 -0.2616743 -0.9353364 -0.2380595 0.8786999 0.4567968 -0.1386478 0.193201 -0.9803124 -0.0407553 -0.8131113 -0.4121048 -0.41112 0.6296868 -0.6538973 -0.4194197 -0.5990614 -0.6970638 0.3939892 0.6221064 -0.5698412 0.5369028 -0.3324155 0.943127 0.003387631 0.8064058 -0.4638256 0.3668453 0.7459755 0.5570151 -0.3650409 -0.3411376 0.3490953 -0.8727873 -0.2435867 -0.6276649 -0.7393932 0.7927939 0.6092359 -0.01758964 0.9702146 -0.2412932 -0.02147708 0.6247782 0.05105382 -0.7791314 -0.05162501 0.9986613 0.003247685 0.8463865 0.4899181 0.2088306 -0.3131849 -0.8412161 -0.4407615 0.6222712 -0.779434 -0.0725336 0.2436535 0.8606596 0.4470995 -0.03789461 -0.996491 -0.07463033 0.01019897 -0.9996881 -0.02279827 0.9644494 -0.2386609 0.1134825 -0.9198366 0.2933783 0.2604415 -0.1636745 -0.9816539 0.09780735 0.846934 0.4655242 -0.2568851 -0.3293834 -0.5299297 -0.7814609 -0.8068126 0.1595129 -0.5688665 0.3600523 -0.8861132 0.2918317 0.5009675 -0.8578811 0.1143311 -0.6740092 0.6865525 -0.2726854 -0.3035824 -0.9471557 0.1036037 0.9279749 0.3378509 0.1572238 0.6050108 0.7952178 -0.03988288 0.8558303 -0.517246 0.003323651 0.6236608 0.781682 0.00451658 -0.7948053 -0.1156457 0.5957438 0.9432441 -0.3320449 0.006056773 -0.6430794 -0.7655254 0.02048685 -0.9787585 0.2046917 0.01154064 -0.1317535 -0.991275 -0.003860782 0.9235532 0.3831751 0.01504212 -0.9618651 0.1403983 -0.234742 -0.7989016 -0.6004234 0.03532695 -0.02045108 0.9478475 -0.3180674 -0.8801963 -0.2486526 -0.4042602 0.7478848 -0.6637768 -0.008289189 -0.5693573 0.8203962 0.05274743 -0.814021 -0.5704763 -0.1092088 0.3193479 -0.9375603 -0.1378315 0.9169173 -0.3983404 -0.02423932 -0.605611 -0.6280203 -0.4886981 0.3745464 0.9272072 0.001348767 -0.5525739 -0.5833227 0.5953123 0.8047651 0.02594152 0.5930263 -0.1120573 0.5599442 0.8209176 -0.6948442 0.259771 0.6706047 0.621791 -0.7728889 0.126565 -0.2517931 0.793391 -0.5541939 0.7759585 0.630775 -0.003359138 -0.7744601 -0.6325549 0.009264398 0.451119 -0.7568195 -0.4729862 -0.7220936 -0.6894485 -0.05693508 -0.8978539 0.09923185 0.4289656 0.1475301 -0.8117272 0.5650963 -0.8526777 0.3614283 -0.3772405 0.135869 -0.9837571 0.11731 0.1321999 0.9910755 0.01710555 0.2129627 -0.9759622 -0.04630976 -0.5136847 0.831077 -0.2131643 0.577997 -0.6662027 -0.4712679 -0.06444926 -0.9747047 -0.2140026 0.748975 0.6299995 -0.2052733 -0.06817819 -0.9052673 0.4193362 -0.6138775 0.2684808 0.7423426 -0.2817567 0.959329 0.01735348 -0.4581583 -0.8887936 0.01169833 0.7036383 0.5543909 0.4444591 -0.7933848 0.418419 0.4421155 -0.232437 -0.9397475 -0.2506943 0.8899692 0.4294326 -0.1534353 -0.9660673 -0.258285 -0.00165733 0.7088668 -0.1853896 -0.6805429 -0.3323365 0.943159 0.001910747 -0.2786188 0.9603815 0.006247992 -0.871694 0.4016064 -0.2808236 -0.9810749 -0.1613924 0.1069792 0.02425923 -0.7872699 0.6161312 0.3518444 0.7661834 -0.537744 -0.8014502 -0.5958969 0.05083631 0.8263664 0.278837 0.489253 -0.5118458 0.6673252 0.5410093 -0.4397189 -0.7505569 0.4932663 -0.1661351 -0.9470215 0.2748626 -0.6983499 0.7148003 0.03698525 -0.9415692 0.05220042 -0.3327501 0.8964519 0.1437742 0.4191694 0.9562004 0.273924 -0.1031819 -0.1763187 0.9757718 -0.129542 0.01385573 -0.9997639 0.01673979 -0.3845149 0.821325 0.4213948 -0.03524757 0.9993633 0.005526878 -0.7348268 0.6527307 0.1843154 0.07823179 -0.9963555 0.03399229 0.8722632 0.413875 -0.260508 0.5876725 -0.8089732 -0.01426082 -0.5380272 -0.8429063 -0.005980406 -0.5369569 -0.8434159 -0.01807832 0.6134881 0.7335379 -0.2924971 0.1574467 0.9470824 -0.279724 0.908135 -0.227882 0.3512273 -0.6301415 -0.2987931 0.7166898 0.1268409 0.779626 0.6132655 -0.7856647 0.55526 -0.2727953 -0.1123902 -0.9813073 0.1562189 0.8921679 0.4324083 0.1306123 0.6267349 0.7791851 -0.008598015 -0.7948403 -0.04427921 -0.605201 0.8511655 -0.5244765 -0.02101772 0.6183007 0.7854842 0.02681141 0.7281972 -0.6847325 0.02950013 -0.4870828 0.8731779 -0.01762977 -0.4966759 -0.8677232 0.0192227 0.8897724 -0.05475837 -0.4531076 -0.426749 0.7898915 -0.4404052 -0.4705463 -0.4900297 0.7337963 -0.9046603 -0.4260332 0.009242418 -0.3711349 -0.928509 -0.01139633 0.9280546 -0.3717427 -0.02284815 -0.6959293 0.6159485 0.3691745 0.2270931 0.9724722 0.05221593 0.9358539 -0.3486971 0.05087008 0.6318345 -0.746208 0.2096636 0.2066269 0.9321992 0.2971701 -0.6021206 0.7850332 -0.1455118 -0.1342643 -0.9643616 -0.2279908 -0.8203983 0.5711846 -0.02635798 0.5420651 0.2798288 -0.792377 -0.2110945 -0.8779382 -0.429725 0.6624049 0.0482736 0.747589 -0.3064054 0.621536 0.7209776 0.4679004 -0.8492353 -0.2446808 0.2024764 0.9739083 0.1024986 -0.9645163 -0.09695736 0.2455762 0.5005766 0.8655563 -0.01534325 0.6140623 -0.7881694 -0.04143079 0.01238936 0.8283465 -0.5600791 -0.7022234 -0.5420513 -0.4615871 0.6637135 -0.7378613 -0.1226589 0.669232 -0.6689592 0.3234536 -0.5060436 -0.8624956 -0.004605355 -0.7183429 0.6543977 -0.2361082 -0.4636914 -0.8658273 0.1879719 -0.9921398 -0.08662263 -0.09030527 0.3224875 0.6619364 -0.6766403 -0.7239667 -0.5180988 -0.4554623 -0.3322092 0.8222539 0.4620992 -0.9356036 -0.1709385 0.3089108 -0.999071 -0.02128148 0.03747411 -0.4969853 0.8522812 0.1631636 0.9446072 -0.249859 0.2128093 -0.531098 0.5490193 0.645378 -0.4335903 -0.3478764 -0.831253 0.787901 -0.3477908 -0.5081866 -0.970462 -0.06668032 -0.2318562 0.5143856 -0.8574597 -0.01304694 0.5913667 0.6774624 -0.4374131 -0.0900056 0.9958489 0.0135647 -0.09045959 0.9958967 0.002607768 -0.5451084 0.2013321 0.8138318 -0.8209188 0.5710096 0.006359272 0.9256896 0.006869352 -0.3782217 -0.6043623 0.7877448 0.1191815 -0.1425234 -0.9603801 0.2394934 -0.7205657 -0.1630014 -0.6739551 -0.7566003 0.6529435 -0.03494033 -0.7352608 0.6775471 0.0179304 0.6025864 0.7811143 0.1635547 -0.6246236 0.7254524 -0.2890746 -0.2421681 -0.9702162 0.005933433 0.8648659 -0.4984071 -0.05997807 -0.535784 -0.844324 -0.007241499 -0.5869466 -0.8095914 -0.007446476 -0.1568567 0.7248722 0.6707878 0.9432012 0.3219182 -0.08209869 -0.7099744 0.5780333 0.4022608 -0.2292067 -0.9230487 -0.3089425 -0.8304982 0.5550651 -0.04664155 -0.9675695 0.2449766 -0.06160905 0.9012124 -0.4071678 0.1484273 -0.8415335 0.5402047 0.0005810645 -0.9586601 0.2837619 0.02121569 0.9782829 -0.2069373 0.01180958 -0.371463 0.6790152 -0.633209 -0.9825044 0.1162392 0.1455111 0.4747166 -0.7036871 -0.5286479 0.299088 -0.8911195 -0.3412512 -0.7560091 0.6529038 0.04654929 0.3615995 -0.7781238 0.5135847 -0.01573405 -0.9997739 0.01430558 0.5856347 0.3759042 0.718142 0.9794845 -0.201107 0.01288558 0.128137 0.9917471 -0.004310785 -0.9221253 -0.3865266 0.01679503 0.8912001 -0.4324042 -0.1370726 -0.7033312 0.6904064 -0.1693051 -0.1315083 -0.6849854 0.7165896 -0.720897 0.5706515 -0.3932739 -0.3926037 -0.9195197 0.01859495 0.8321842 0.2917518 0.4715404 -0.8504582 -0.300009 -0.4321058 0.8284016 -0.5601264 0.003019283 -0.6044658 -0.682944 -0.4101323 0.003771249 0.6394384 -0.768833 -0.6064228 -0.6595544 -0.4441164 -0.3699756 0.5537211 0.7459967 0.6026205 -0.1374902 0.7860947 -0.8189853 0.5726687 0.03624462 0.7865754 -0.5504171 -0.2798933 0.6154157 0.7870534 -0.04254915 -0.882246 -0.4355696 0.1786645 -0.545896 -0.8338871 -0.08142426 -0.07681453 0.6911303 0.7186365 -0.5655842 -0.07383481 0.8213787 0.9875064 -0.09602687 0.1249397 0.9202665 0.3912748 0.003700912 -0.6178705 0.7466615 -0.2464399 -0.1389326 -0.9584224 0.2492472 -0.7349492 -0.6672711 -0.1208266 0.9999078 -0.01120706 -0.007663976 0.7932797 -0.4778872 -0.3772679 0.6684501 -0.4261133 0.6095916 -0.9997304 -0.010711 0.02060111 0.7791927 0.07055779 0.6228004 -0.9273832 0.3700344 0.05509083 -0.02292937 -0.5086252 -0.8606826 0.5849155 0.6786034 -0.4442649 -0.5453561 0.2724551 -0.7926885 -0.9077848 0.4194359 -0.0005731235 0.902957 -0.4278475 -0.04019003 -0.06759016 0.5110648 0.8568806 0.1025737 -0.3782537 0.9200015 0.8719617 0.2713936 -0.4074657 -0.3787624 0.9254819 0.004724121 -0.3181971 -0.8999006 0.2982104 0.6277291 0.7531354 -0.196833 0.03308593 -0.788315 -0.6143817 0.5521519 0.8330181 0.03477172 0.1632387 -0.7183122 0.6762993 -0.4894167 -0.8706261 0.04981472 0.5906728 0.7995159 0.1089953 -0.706538 0.7052174 -0.05892758 0.8453305 0.457581 0.2757462 -0.8742124 0.3486673 -0.337911 0.1394427 -0.9777395 0.1567836 -0.5513549 -0.834269 -0.001735732 0.5716708 0.2637062 -0.7769502 0.5802811 0.8097549 -0.08701045 -0.4643801 0.7638392 -0.4482196 -0.4887353 -0.8681902 0.08592812 0.7489379 0.1334111 0.6490712 0.9085832 0.4163156 -0.03402833 -0.7696005 0.506223 0.38917 -0.2804842 -0.9142247 -0.2924411 -0.9621788 0.2705973 -0.03144977 0.8996986 -0.4218693 -0.11211 -0.9605655 0.2780515 0.00109126 0.9096576 -0.3667352 0.1950085 0.9395067 -0.3359362 0.06688743 0.8376154 -0.4499557 0.3097423 0.3231664 0.5901812 -0.7397632 -0.738722 -0.2959357 0.6055674 -0.7739172 -0.2945382 -0.5606241 0.5641655 -0.8122501 -0.1482128 0.1334 0.9849076 0.1102793 0.4856366 -0.786505 0.3815324 0.8711125 -0.4903555 0.02673109 -0.6821222 0.7310637 -0.01597415 -0.2743178 -0.9614814 0.01741757 0.8935532 0.1630449 -0.4183049 -0.6143334 0.6764886 -0.4061499 -0.3570823 -0.6190962 0.699437 -0.7762418 -0.6303797 0.008374287 -0.137862 -0.9903976 -0.01032593 0.9901368 -0.1385659 -0.02070285 -0.8334685 0.4366283 0.3386532 -0.01252231 0.9988012 0.04732253 0.992371 -0.1143429 0.04610223 0.7953539 -0.5753588 0.1907207 -0.02292211 0.962191 0.2714094 -0.7741403 0.6190783 -0.1320936 0.1011729 -0.9729801 -0.2075423 -0.9334129 0.3580082 -0.0238835 0.4874467 0.4262251 -0.762055 0.005493732 -0.9182516 -0.3959594 0.6657323 0.2167036 0.7140308 -0.4687425 0.5565518 0.6859524 0.661297 -0.7162433 -0.2228943 -0.03679765 0.9949898 0.09295776 -0.9181634 -0.3269952 0.2237189 0.2786209 0.9603005 -0.01390226 0.7851375 -0.6181824 -0.03754472 -0.1919049 0.8308578 -0.5223484 -0.5627362 -0.70815 -0.4264406 0.8222766 -0.5581007 -0.1112868 0.8177127 -0.4937778 0.2958538 -0.2846566 -0.9586205 -0.004172754 -0.8585046 0.4655564 -0.2150049 -0.2435107 -0.9547308 0.1708559 -0.9431768 -0.3220449 -0.08188216 0.1612496 0.751378 -0.6398669 -0.589804 -0.68939 -0.4205623 -0.5297655 0.7328555 0.4269325 -0.8749033 -0.3935002 0.2823151 -0.9649938 -0.260065 0.03395821 -0.6883532 0.7100771 0.1481903 0.9809436 -0.01632623 0.1936054 -0.6727413 0.4218139 0.6078587 -0.3606589 -0.4717762 -0.8045821 0.8686 -0.1524513 -0.4714791 -0.9307094 -0.2986953 -0.211095 0.7048557 -0.7092522 -0.01182154 0.4190673 0.8134728 -0.4032923 -0.3259881 0.945294 0.01229069 -0.3264352 0.9452166 0.002362806 -0.6150906 0.06908947 0.7854236 -0.9338216 0.3576926 0.005761929 0.9087955 0.2314415 -0.3471679 -0.7764857 0.6207892 0.1081237 0.09220318 -0.9715568 0.2181193 -0.6891408 -0.3452324 -0.6371024 -0.8911013 0.4526985 -0.03166164 -0.8762061 0.4816627 0.01624656 0.3988415 0.9049084 0.1485472 -0.7861473 0.5588634 -0.2639018 -0.002657196 -0.999982 0.005376087 0.9593993 -0.2767632 -0.05436148 -0.3178855 -0.9481064 -0.006561292 -0.37588 -0.9266438 -0.006747018 -0.3399436 0.6947507 0.6338452 0.8391059 0.5388517 -0.0744316 -0.8400467 0.3968836 0.3698715 -0.001386243 -0.959312 -0.2823446 -0.9394815 0.3399823 -0.04226846 -0.9984215 0.006020124 -0.05584073 0.9744415 -0.1797387 0.1347507 -0.9464519 0.3228445 0.0005264817 -0.9987652 0.04581014 0.01922355 0.9993821 0.03348055 0.01070037 -0.5431919 0.5918788 -0.5955015 -0.9836037 -0.122781 0.132093 0.6458545 -0.5842573 -0.4914421 0.5092196 -0.8019088 -0.3124702 -0.8905933 0.45284 0.04218482 0.550661 -0.6851985 0.4767342 0.2242675 -0.9744414 0.01296201 0.5022641 0.5303488 0.6829795 0.9991542 0.03942907 0.01167534 -0.1132114 0.9935633 -0.003905854 -0.802678 -0.5962185 0.01521776 0.9704774 -0.206632 -0.124406 -0.8504475 0.5030763 -0.1537965 0.03824033 -0.730955 0.6813534 -0.8484543 0.3867001 -0.3613701 -0.1608627 -0.986833 0.01684874 0.7531886 0.4925438 0.4360131 -0.7667323 -0.503523 -0.3982287 0.9384764 -0.3453326 0.002735666 -0.4297519 -0.8203256 -0.3773317 -0.1581466 0.6574828 -0.7366859 -0.4385482 -0.7998898 -0.4096972 -0.5183706 0.4731401 0.7123415 0.6553255 0.0115563 0.7552582 -0.9324482 0.3598077 0.03284381 0.9018889 -0.348379 -0.2553988 0.4089842 0.9117265 -0.0385585 -0.7543484 -0.6360835 0.1623461 -0.3303982 -0.9409504 -0.07381942 -0.2521058 0.6850355 0.6834976 -0.5667526 -0.2209701 0.7937025 0.9831259 0.1435708 0.1133619 0.7997163 0.6003687 0.003353267 -0.7830382 0.5800384 -0.2245144 0.09527707 -0.9691995 0.2271005 -0.5543939 -0.8250035 -0.10962 0.9734741 0.2286918 -0.00694409 0.8961654 -0.2774616 -0.3462696 0.7773807 -0.2624264 0.5716744 -0.9680821 -0.2499372 0.01866663 0.7666944 0.2645435 0.5849756 -0.9892982 0.1370989 0.04992939 0.1069463 -0.5361228 -0.837338 0.4126468 0.8134829 -0.4098392 -0.6313231 0.1420869 -0.7623925 -0.9818381 0.18972 -0.0005192866 0.9793079 -0.1990721 -0.03642001 -0.2018013 0.5150318 0.8330777 0.2065031 -0.372006 0.9049685 0.7934223 0.4795871 -0.3748029 -0.5894708 0.8077783 0.004280365 -0.09407085 -0.9575816 0.2723749 0.4304949 0.8846726 -0.1789651 0.2288664 -0.7843969 -0.5764908 0.3365204 0.9411489 0.03150881 0.3450158 -0.6870108 0.6395157 -0.2666247 -0.9627425 0.04514536 0.3823166 0.9187276 0.09886192 -0.8551902 0.5155553 -0.05340877 0.7159658 0.651237 0.251562 -0.9419665 0.1303962 -0.3093476 0.3704572 -0.9178738 0.1423697 -0.3354106 -0.9420707 -0.001572685 0.5207862 0.4161246 -0.7454006 0.3696182 0.9258287 -0.07889053 -0.6455825 0.6419808 -0.413623 -0.2666638 -0.9606356 0.0779079 0.7229611 0.3213223 0.6116201 0.7824539 0.6219447 -0.03083504 -0.8804927 0.3113376 0.3574934 -0.05368513 -0.9621937 -0.2670227 -0.9990755 0.03218699 -0.02849803 0.9756689 -0.1942386 -0.1016934 -0.9992069 0.0398077 0.0009887516 0.9743524 -0.1385782 0.1772948 0.9930279 -0.1010925 0.06062858 0.9290389 -0.2382178 0.2830883 0.1814699 0.6848359 -0.7057396 -0.6686245 -0.4803462 0.5676344 -0.7008107 -0.4852356 -0.522887 0.7438072 -0.6547105 -0.1345551 -0.1065789 0.9892599 0.1000291 0.6687049 -0.6558447 0.3502878 -0.5901067 -0.8067342 0.0308873 0.8067574 0.5905944 -0.01846175 -0.9221608 0.3862826 0.02012915 -0.5697584 -0.7970672 0.2001479 0.9717464 -0.1854685 -0.1459806 -0.3698165 0.9283603 -0.03718639 0.4401928 0.3461062 -0.8285173 0.02263809 -0.7940252 -0.6074631 0.5344948 -0.3874099 0.7511517 -0.7501663 0.6563465 0.08037305 -0.7396874 0.6725093 0.02437053 -0.6362571 -0.7357835 -0.2319473 0.7280765 0.6158707 0.3010116 -0.2623536 0.9488389 -0.1757136 -0.7857143 0.4758344 -0.3952654 -0.6863986 -0.4797531 -0.546529 0.9955562 0.09259461 0.01714983 0.9956193 0.09333727 -0.005514067 -0.6298087 -0.7710436 -0.09398237 0.9661374 -0.1496165 -0.2102223 -0.3166476 0.8911191 0.3250246 -0.4563958 0.445551 -0.7701865 0.4318774 -0.9019033 -0.007235161 0.2332207 -0.7336245 -0.6382815 -0.6601194 -0.6193759 0.4249892 0.6421398 0.5024589 0.5789572 -0.4884862 -0.7323703 0.4743574 0.9172981 -0.3525468 0.1851348 0.9343041 -0.3562846 -0.01171174 0.8323412 -0.1222226 -0.5406197 -0.9866949 -0.1625826 -9.157077e-05 -0.7101603 -0.05865625 -0.7015923 0.549356 0.8263963 0.1236006 -0.4198799 -0.3199555 0.8493111 -0.9586904 -0.2844128 -0.004689554 0.9650293 0.1814986 0.1891475 0.5312719 0.826509 0.1860996 -0.7342315 -0.5946317 -0.3275931 0.4661052 -0.8812575 -0.07830158 -0.1624488 0.9648783 0.2064469 0.8867072 0.4595168 -0.0509385 -0.1144326 -0.7073712 -0.6975179 0.7409799 0.6710443 0.02546233 -0.8690824 -0.4946647 -0.001618529 -0.3483622 0.9343687 0.07482631 -0.4124212 -0.8088603 0.4191107 0.6501801 -0.3901294 -0.65197 0.5628883 0.671809 -0.4814867 -0.624232 0.2784991 0.7299127 -0.7833241 0.6215529 0.008680939 0.9865986 -0.1410609 -0.08200621 0.7813273 -0.6239557 -0.01438173 0.7350486 -0.6697702 -0.1054107 0.9305185 0.3645901 -0.03477529 0.281757 0.9593183 0.01792639 -0.8573067 0.4331992 -0.2781431 -0.2489613 0.03202222 0.9679839 -0.7809809 -0.6232649 -0.0401198 0.340872 -0.9192607 0.196891 0.6478351 0.7594713 -0.05927114 0.7898026 -0.5804463 -0.1982271 0.9153399 -0.4026748 -0.002426075 0.9659259 0.2587745 -0.00479146 -0.9208754 -0.08951821 -0.3794404 0.7065086 0.7077042 -0.0005530602 0.6883852 0.7213526 0.07600195 0.8889326 -0.4475343 0.09752857 -0.9053865 -0.4093077 -0.1128827 0.9245013 -0.3669785 -0.1030736 -0.1548887 0.9414039 0.2996134 0.1221558 -0.7587522 -0.6398227 -0.8524456 0.3486048 -0.3896294 -0.3646686 -0.9310073 0.01556457 -0.9997405 -0.003166108 0.02255695 -0.5991351 -0.752729 0.2728299 0.9841917 -0.1499687 -0.0942128 0.6063011 0.7566872 -0.2445885 -0.9775559 0.178261 0.112283 0.7214203 0.2805053 0.6331425 -0.9300171 -0.3673535 -0.01093163 0.5416338 0.4969285 -0.678008 -0.8229868 -0.568059 0.001308268 -0.0793692 -0.9967539 0.01349431 0.9999753 -0.005381273 -0.004514392 -0.4968344 0.8676671 0.01758731 -0.5126582 -0.8365328 0.1933762 0.9860336 -0.007625615 -0.1663716 -0.501217 0.8653122 -0.004044154 0.3594216 0.9330658 -0.01429538 -0.8118162 0.5649593 -0.1475652 0.603961 0.7014945 -0.3783339 0.329072 -0.6859028 0.649037 -0.6136071 0.7787829 0.1303208 -0.1497368 -0.9887136 0.004933056 0.8905027 -0.1054111 0.4425985 0.9966239 0.0554837 -0.06051728 0.2986786 0.9523708 -0.06148951 -0.5844162 -0.4748976 0.6579741 0.3044614 0.9499792 0.06959042 0.9870148 3.304172e-05 0.1606293 -0.5642386 -0.8172741 -0.1170375 0.9854525 0.04827635 -0.1629502 -0.4505146 0.82985 0.3292196 0.2355493 -0.7187777 -0.6541217 0.1366118 0.9906148 -0.004410309 -0.1312025 -0.9913317 -0.006878149 0.4797499 0.5710159 -0.6661688 -0.9147126 0.06635651 0.3986198 0.8107166 0.5767888 0.100266 -0.8102768 -0.5860454 0.001513896 0.6892989 0.315513 0.6521646 -0.2710482 0.4730336 0.838315 0.9935937 0.08679272 -0.07237766 0.2115709 0.8391616 -0.5010444 -0.5814753 0.7139586 -0.3900635 -0.9595816 -0.2243082 0.1699675 -0.935154 0.354206 0.005002343 0.4600592 -0.4087004 -0.7882319 0.4220821 -0.4241365 -0.8012209 0.9682437 0.2488741 -0.02378774 -0.6761549 -0.4955854 0.5451694 0.8247146 -0.5545418 0.111037 0.3956743 0.8594068 0.3238236 -0.9676634 0.05770269 -0.2455564 -0.8449581 -0.5347347 0.01022857 -0.3431256 0.9383714 -0.04152077 0.5736647 0.8190127 -0.0112705 0.878032 0.477798 0.02772953 -0.1027999 -0.5961719 0.7962483 0.2483215 -0.9414433 -0.2280812 -0.1306572 0.974346 0.1832447 0.8356952 -0.4962116 0.2353458 0.5303063 0.8475372 -0.02135262 -0.2439947 0.9555908 -0.1652658 -0.9852683 -0.01124951 -0.1706452 0.7023366 0.7109244 0.03619206 -0.6744659 -0.2186961 0.7051721 0.7349898 -0.649742 -0.1939726 0.2629904 0.9222415 0.2833843 -0.8885686 -0.4417493 -0.123707 0.6840941 -0.7243377 -0.08573337 0.3766181 0.9263534 -0.005302817 -0.3590109 -0.9327811 -0.03210182 0.6404937 0.5248891 -0.5605884 0.6697458 0.386543 0.6340545 0.1762967 -0.703217 0.6887709 0.7201727 -0.693264 0.02713434 -0.7806509 0.2631368 0.5668714 0.493885 -0.861622 0.1169835 -0.4685736 0.878012 -0.09764068 0.8029383 0.5924815 -0.06523632 -0.8662481 -0.4988521 0.02758431 0.4795101 -0.8599877 0.1746175 -0.02136469 0.8728685 0.4874876 0.1418749 0.6893466 0.7104033 -0.182264 0.9287679 0.3227538 -0.8643555 0.5020707 0.02854108 0.6721603 -0.7402091 -0.01705629 0.287288 0.9576637 0.01859748 -0.8530162 0.4962415 0.1615789 0.6461474 -0.7273113 -0.2313263 0.9312704 0.3304291 0.1534668 0.3192906 0.8808921 0.3494032 0.2064853 -0.9622231 0.1774555 -0.177855 0.9840519 0.003059916 0.958993 -0.2783307 0.05352071 -0.07209565 -0.9892349 0.1273441 -0.6739321 0.2582287 0.6921947 0.6951909 -0.7055211 0.137658 0.02028441 0.4972175 -0.8673888 -0.09899421 -0.9934745 -0.05664488 0.9444776 0.06255944 -0.3225654 -0.4014577 0.6853905 -0.6075126 0.8617245 0.2094133 -0.4621439 -0.3520672 -0.8043312 -0.4786439 0.4512489 -0.4560645 0.7670591 0.08296219 0.6631709 0.7438559 -0.4446477 0.8952603 0.02823957 -0.9684357 0.2489514 0.01246876 -0.5544079 -0.6328453 -0.5404986 0.655965 -0.2929675 0.6956148 0.02337206 0.9990191 0.03761136 0.4713311 -0.4307516 -0.7696103 -0.8020226 0.01491574 -0.5971074 -0.9030918 -0.01951829 0.4290038 0.8211896 0.562711 -0.09488965 0.3240201 -0.5686718 0.7560577 0.4984102 0.8283497 0.2557812 -0.2953007 -0.9549248 0.03026912 -0.1889641 -0.921988 -0.3379802 0.8880267 0.2072957 -0.4104109 0.9206984 0.3899417 -0.01612307 0.4748795 0.8783896 -0.05404754 -0.9024916 -0.4296857 -0.02964848 0.9172513 0.3982844 0.00442567 0.8802912 0.4743957 0.006005961 -0.652462 0.6073319 -0.4532563 -0.9393622 -0.3177922 0.1288676 -0.8595061 -0.4962235 -0.1225212 0.7956032 0.6018645 -0.06909918 -0.8266561 -0.5626947 0.003778446 0.8077319 0.58955 -9.229041e-05 -0.8194282 0.5731722 -0.00332606 -0.8228764 -0.5226658 0.2229235 -0.9568929 -0.1489146 -0.2493602 -0.449374 -0.8247767 -0.3432293 0.6688587 -0.7416417 -0.0509485 -0.9864914 -0.1636996 -0.006101794 -0.6993361 0.4126532 -0.5836491 0.9018077 0.3780776 -0.2092852 -0.9873809 -0.04062267 0.1530647 -0.786212 -0.6139219 0.07050229 -0.7684353 -0.5140347 0.3811502 0.5310722 -0.8384962 -0.12201 -0.04375073 0.9954793 -0.08430251 0.7838947 0.6191906 -0.04595715 0.7702484 -0.4263632 0.4742698 -0.8390854 0.158762 -0.5203175 -0.3396288 -0.9309138 0.1343566 0.3753199 -0.7659756 0.5219352 0.7992741 0.5236053 0.2949551 0.2823978 -0.6576838 -0.6983578 -0.09763639 -0.9349432 -0.3410989 0.5781339 0.7296777 -0.365146 -0.8861322 -0.1604613 0.4347665 0.9032968 0.4289272 0.008738694 -0.904713 -0.4260112 0.002962758 -0.1564651 -0.937119 -0.3119721 0.9156095 0.3994345 0.04595029 0.04710513 0.9382162 0.3428286 0.8270253 0.5619842 -0.01424562 -0.8986906 0.4271088 -0.09966597 0.9804858 -0.02673087 0.1947641 -0.8496565 0.4847084 0.2077056 -0.9995865 -0.02591085 0.0124664 0.09976435 -0.9950024 -0.004170536 0.8106515 0.5853034 0.01624878 -0.9998662 0.01333295 -0.009478813 0.02817079 -0.9412294 -0.3365912 -0.2241113 0.9552768 -0.192926 0.01797246 -0.9994895 -0.02641592 -0.02480794 0.9996872 0.003168828 -0.3009319 -0.8256466 0.4772292 -0.6113342 0.1435337 0.7782471 0.714019 -0.6940773 0.09183447 -0.1059036 0.5741703 -0.8118577 -0.6910605 -0.7129204 -0.1190793 0.7981769 0.1977086 -0.5690562 -0.5452559 0.6565919 0.5211364 -0.4434361 -0.8830488 0.1535881 -0.118548 0.6407885 0.7585094 -0.4449489 0.8955558 0.0005687427 0.4294798 -0.8978776 0.09676263 -0.4691275 -0.7580537 -0.4530717 0.3610488 -0.8582982 0.3646476 -0.2463841 0.9449696 -0.215238 0.7605865 0.6492366 -0.0001417006 0.9411078 -0.3381012 -0.001910958 -0.3158741 -0.9487993 0.001863309 0.5364721 0.7790511 -0.3244643 0.8208457 -0.4798492 0.3097695 -0.8402193 0.02953426 0.5414419 -0.5620382 -0.825516 -0.05134675 0.6976703 0.7137603 -0.06166347 -0.2617385 0.7722758 0.5788636 -0.9093491 -0.4159574 -0.007975152 0.7783947 0.6277144 0.008736784 -0.73707 -0.6211933 0.2661705 -0.4868414 -0.7339508 0.473605 0.9291054 -0.2540057 0.2687829 0.9539727 0.2885299 -0.08177165 0.03219025 0.834883 -0.5494853 0.7095399 -0.7046627 -0.001916501 0.5417163 -0.84043 -0.01485903 0.9460947 -0.2918782 0.1403991 0.461316 0.8089902 0.3643108 -0.4043543 0.8978247 0.1743801 -0.5497176 -0.7761846 -0.3087849 0.8897844 0.3690476 0.2684912 -0.7475555 -0.6542436 0.114569 0.8486587 0.5171699 0.110967 -0.5617933 0.4402585 0.7004004 -0.9134528 0.1477147 0.3791891 0.8069498 -0.5216476 -0.2769761 0.5627321 0.7680416 -0.3056872 0.9568563 -0.281975 -0.07011474 -0.8050183 -0.5923772 -0.03216882 -0.7638658 -0.305345 -0.5685714 0.9612943 -0.2709979 -0.04973266 -0.9375636 -0.08608076 0.3369934 0.390556 0.9205722 0.003581205 0.7900263 0.6115121 0.04371908 -0.7480176 -0.1606982 0.6439299 0.5876768 0.8054092 0.07714906 -0.3619572 0.7961623 -0.4848841 0.9567789 -0.2904844 -0.01388962 0.4553213 0.8385176 -0.2992839 -0.6434355 -0.3965674 -0.654771 0.3169044 0.7929599 -0.5203712 -0.8279712 -0.1733622 0.5333004 0.2033967 -0.6366027 0.7438863 -0.3341366 -0.9415034 0.04386323 0.5830354 0.5352349 0.6112228 -0.9017304 0.3653318 0.2311168 -0.8296956 -0.5500006 -0.09541777 0.8900752 -0.3961086 -0.2255309 0.8210367 0.5660414 -0.07413445 0.6581679 0.5245808 -0.5400278 0.9850227 -0.153919 -0.07771258 -0.7490078 -0.6300694 -0.2049387 0.1142871 -0.9435696 0.3108293 0.987752 -0.1094486 0.1112071 -0.9952897 0.0905159 0.03471699 0.9216237 -0.3875294 -0.02075281 -0.1436215 0.989374 0.02262676 -0.8377517 0.5457109 -0.01927916 0.9028866 -0.4194216 0.09424043 -0.243288 0.9349368 0.2582713 -0.229232 0.9542891 -0.1917943 0.926043 0.3773814 0.005251589 0.02044627 -0.9924389 0.1210251 -0.230379 0.9641741 0.1315057 0.9934021 -0.08771388 -0.0738814 -0.812406 -0.4538907 0.3660323 -0.4262016 0.9018912 0.0703173 0.6652069 0.1361758 -0.7341362 -0.4972444 -0.7358882 -0.459583 -0.2680622 0.5628524 0.7818823 0.812455 0.5388184 0.2226916 0.6177756 -0.02584078 0.7859297 0.2372105 0.9714552 -0.002456806 -0.8951788 0.00442378 -0.4456852 -0.5664828 -0.823593 -0.02813856 0.5768143 0.8148282 0.0577951 -0.6975412 -0.7165445 0.0004213922 0.6973763 0.7167046 0.000880889 -0.3362684 -0.3751928 -0.863802 0.1711276 -0.02940822 -0.9848099 0.333817 -0.210708 -0.9187863 -0.522752 -0.4276748 -0.7374446 -0.5028519 0.8140786 0.2905444 0.833581 -0.2669035 0.4836375 0.01619777 -0.6955294 0.7183151 -0.5057636 0.7582748 0.4113666 -0.9451881 -0.3260261 -0.01806638 -0.02594895 -0.8464566 -0.531825 0.4138832 -0.9073695 -0.07335659 -0.4651103 0.8852525 -0.0006120779 0.124263 -0.8799945 0.4584412 0.4116404 0.9103675 0.0422282 -0.4990232 0.8611469 0.096963 -0.9798133 0.1872665 0.06997965 0.4064719 -0.8833614 0.2333519 0.567558 0.7649924 -0.3044086 -0.9430708 -0.3226677 -0.08064163 0.2636282 0.9644186 0.01992577 -0.7338623 0.6788246 0.02536354 -0.9643689 -0.2643087 0.01155332 0.9671981 0.2539239 0.007104959 0.683481 0.7298413 -0.01361691 -0.4278902 -0.8121191 -0.396702 0.8726363 -0.2199807 0.4360211 -0.3940936 0.9188713 -0.01912771 0.2092905 0.9575683 -0.1981424 -0.8497947 -0.1405536 -0.5080292 0.4355844 -0.6664903 -0.6050264 -0.9362913 -0.09026989 0.3394258 0.5527829 -0.6526439 0.5181573 -0.0940498 -0.9955521 -0.005541644 0.3815343 0.8052552 0.4538675 0.1219227 -0.9800422 -0.1570101 0.7485373 0.6370215 -0.1841074 0.09290357 0.9904075 0.1022834 0.77882 -0.627247 0.0007583913 0.3871262 0.9213149 0.0362227 0.952161 -0.294727 0.0807803 -0.9599095 -0.05370267 -0.2751179 0.6183478 -0.5514767 0.559928 0.7186982 0.676256 -0.161712 -0.3317093 -0.9432806 -0.01380468 -0.1684615 0.7161523 -0.6773083 -0.3560941 -0.8952131 -0.2679375 0.5540297 -0.2965809 -0.7778758 0.04401169 0.5170417 -0.854828 -0.08751873 0.8858633 -0.4556169 -0.9312963 0.1019599 0.3497017 0.5860138 0.2869186 0.7578031 0.5641055 0.8256617 -0.008233621 0.1020904 -0.9095637 -0.4028293 0.8382709 -0.5310432 -0.1236732 0.7710213 0.5103795 0.3808398 -0.8645298 0.3832699 -0.3251038 0.9766888 -0.1910749 -0.09782277 0.8176393 -0.5756989 0.006057099 0.9754888 -0.2200275 0.003069271 -0.8794942 0.416391 0.2304529 -0.9471585 0.3022225 0.1074822 -0.8953386 -0.4451276 0.01516921 0.510225 -0.860026 -0.0050748 0.4880247 0.8726059 0.01976966 -0.8692716 -0.3588281 -0.3400136 -0.2313009 -0.907798 -0.3498609 0.9145951 0.2347215 0.3292744 -0.2218146 -0.8216223 -0.5251049 0.09415207 -0.9949757 -0.03404096 0.944919 0.3270642 -0.0125349 -0.3728912 -0.8976131 0.235038 0.7060296 -0.688558 -0.1655601 0.9412777 0.0199988 -0.3370407 0.1981891 0.9685592 -0.1503801 -0.472908 0.2421007 -0.8471985 0.7909442 0.5060809 -0.3439323 -0.7110176 -0.6888908 -0.1410086 -0.2542244 0.6986872 -0.6687348 -0.4535013 -0.7566779 0.47093 -0.2689341 -0.9599474 0.07858404 0.3078261 -0.8584603 0.4102304 0.8921794 0.06523963 0.4469448 -0.4453753 0.7829065 -0.4343941 -0.5243599 0.8514519 -0.008732008 -0.2063745 0.9400747 0.2714206 -0.1460403 -0.4353259 0.8883488 -0.05571657 0.9105783 0.4095642 -0.9415555 0.1706056 0.2904597 0.5448134 -0.6654297 -0.510276 0.9294118 0.3625933 0.06870078 0.390372 0.7909983 0.471096 -0.473623 0.88014 -0.03216943 0.01330287 -0.8655766 -0.5005998 0.4955065 0.8423676 -0.2118731 0.3839463 0.9233372 -0.005800754 -0.4820404 0.8743048 0.05681701 -0.9915822 0.01806895 0.1282114 0.5053721 -0.837297 0.2086454 0.5400289 0.7834792 -0.3074558 0.9671369 0.2542545 0.0009624615 0.9524145 0.2984698 -0.06182541 -0.86884 -0.1180754 -0.4808069 0.5907288 -0.7881246 0.1729135 0.2848444 0.8895324 0.3572056 -0.08693997 -0.9962114 -0.002090643 0.4278214 0.7201234 -0.5462519 0.716187 0.6667705 -0.2061392 0.4520969 0.8078935 0.3780431 0.4768895 0.7907474 0.3837903 -0.8920315 -0.3223414 0.3168214 0.6377574 -0.6928599 -0.3364679 -0.7661016 0.5095088 0.3917768 -0.4351487 -0.8994361 -0.040747 0.1219193 0.9241188 -0.3621327 -0.4118933 -0.9112287 0.002486664 0.2704033 0.9463435 0.1769635 -0.4212061 -0.9067052 0.02170332 -0.9616586 -0.07482258 -0.2638452 0.3291318 -0.7491066 0.5749014 0.4284512 0.8360893 -0.3426139 0.3256212 0.9453076 -0.01908749 -0.08024551 -0.7180385 -0.6913619 -0.3245559 0.03045536 0.9453761 0.2766008 -0.3825841 0.8815449 0.6347475 0.3421595 0.6928366 -0.9704706 -0.1256178 -0.2059295 0.2765002 0.8440232 0.4595352 -0.8163683 0.554686 0.1608299 -0.8365836 0.5464935 -0.03837644 0.8012596 -0.5942425 -0.06970563 0.5004808 -0.7088812 0.4969974 0.9735056 -0.2277428 0.02049654</float_array>
          <technique_common>
            <accessor source="#normals-array" count="2964" stride="3">
              <param name="X" type="float" />
              <param name="Y" type="float" />
              <param name="Z" type="float" />
            </accessor>
          </technique_common>
        </source>
        <source id="uv">
          <float_array id="uv-array" count="17784">-2.615231 -0.6175979 -2.580178 0.531692 -2.589985 0.5318747 -2.608742 -0.619279 -2.582088 0.5315024 -2.582421 -0.6199494 10.39628 -0.6175979 10.37485 0.5318747 10.36787 -0.619279 -2.597682 0.3608865 -2.714157 0.5788707 -2.716636 0.5769312 -2.594564 0.3625727 -2.7142 0.5786528 -2.586622 0.3689743 -2.594564 0.3625727 -2.716636 0.5769312 -2.7142 0.5786528 10.38395 0.3608865 10.37094 0.5769312 10.37282 0.3625727 -2.715002 0.6923548 -2.717113 0.7285022 -2.569572 0.6202839 10.35587 0.7285022 10.36811 0.5231269 10.37061 0.4376755 -2.717113 0.7285022 -2.688733 0.5441656 -2.569572 0.6202839 10.35587 0.7285022 10.37061 0.4376755 10.41523 0.5441656 -2.586349 0.03528793 -2.463488 0.4559516 -2.596857 0.04199421 -2.59163 0.05551012 -2.461952 0.4573475 -2.460365 0.4553217 10.38608 0.04199421 10.54751 0.4559516 10.37374 0.05551012 -2.462095 0.567447 -2.465195 0.3696824 -2.28704 0.501662 10.54619 -2.462095 10.54465 -2.28704 10.71044 -2.502249 10.55836 0.4744583 10.53714 0.3696824 10.54619 0.567447 10.55836 0.4744583 10.54203 0.3452567 10.53714 0.3696824 10.71044 0.4786641 10.53714 0.3696824 10.54634 0.354219 -2.584223 0.1564044 -2.593057 0.6054222 -2.598127 0.1606317 10.37316 0.1490695 10.23366 0.6039231 10.38 0.1564044 -2.593121 0.1490695 -2.596501 0.6048686 -2.593735 0.6039231 -2.595098 0.7311015 -2.712791 0.6292852 -2.594453 0.7007447 10.23561 0.7311015 10.23374 0.7355987 10.38226 0.5678803 -2.712791 0.6292852 -2.486795 0.5964383 -2.595102 0.7355987 10.38226 0.5678803 10.16818 0.6292852 10.23561 0.7311015 10.23374 0.7355987 10.14592 0.5964383 10.38226 0.5678803 10.38226 0.5678803 10.23526 0.5113847 10.23525 0.5038559 -2.593121 -0.01927103 -2.699833 0.5985063 -2.584882 -0.01841477 10.38527 -0.02999176 10.49034 0.5972872 10.4878 0.5982068 -2.701668 0.7039629 -2.701779 0.7087632 -2.834134 0.5701499 -2.701865 0.7241153 -2.834134 0.5701499 -2.576841 0.6071231 -2.701779 0.7087632 -2.688474 0.5514142 -2.834134 0.5701499 -2.834134 0.5701499 -2.702005 0.4705204 -2.701681 0.4745788 10.65347 0.5514142 10.48933 0.4963626 10.48952 0.4705204 -2.576841 0.6071231 -2.701681 0.4745788 -2.701642 0.4963626 -2.591624 -0.04388367 -2.458043 0.6149731 -2.599578 -0.03804063 -2.591624 -0.04388367 -2.455292 0.6139359 -2.458043 0.6149731 -2.599578 -0.03804063 -2.458486 0.6151191 -2.586097 -0.04824532 -2.481334 0.7933617 -2.534446 0.5868483 -2.457189 0.7767675 10.37754 0.7689512 10.48416 0.5493704 10.39803 0.7933617 10.29536 0.5868483 10.37799 0.5012573 10.37754 0.7689512 10.37754 0.7689512 10.37799 0.5012573 10.48416 0.5493704 10.39803 0.7933617 10.48416 0.5493704 10.29536 0.5868483 10.48416 0.5493704 10.37778 0.4665711 10.29536 0.5868483 10.37799 0.5012573 10.37848 0.4571706 10.48416 0.5493704 -2.457738 0.4665711 -2.455141 0.5012573 -2.534446 0.5868483 -2.596205 0.0309302 -2.77158 0.5642293 -2.77452 0.5625742 -2.594354 0.02038644 -2.772219 0.5626626 -2.585367 0.03685428 10.38717 0.0309302 10.24376 0.5625742 10.37357 0.02038644 10.24269 0.6556114 10.1377 0.5599823 10.24183 0.6959236 -2.774409 0.6959236 -2.954564 0.5739173 -2.772995 0.6825739 -2.954564 0.5739173 -2.761797 0.5546588 -2.775104 0.4221457 -2.954564 0.5739173 -2.773795 0.4089341 -2.669065 0.5599823 -2.954564 0.5739173 -2.775104 0.4221457 -2.773795 0.4089341 -2.587013 0.09113202 -2.57012 0.6567693 -2.599977 0.09993289 10.38549 0.09113202 10.6049 0.6580407 10.60782 0.6560578 -2.599977 0.09993289 -2.567453 0.6580407 -2.589286 0.1070049 10.60658 0.7795547 10.74468 0.6316953 10.58435 0.6242749 -2.568209 0.8048553 -2.698966 0.6242749 -2.490703 0.678957 10.49193 0.678957 10.74468 0.6316953 10.60684 0.802113 -2.698966 0.6242749 -2.568008 0.5175908 -2.490703 0.678957 10.49193 0.678957 10.60681 0.5140904 10.74468 0.6316953 -2.568008 0.5175908 -2.568067 0.5140904 -2.490703 0.678957 10.38318 -0.003644436 10.24658 0.7074741 10.25001 0.7087025 10.37269 -0.006953427 10.24658 0.7074741 10.38318 -0.003644436 -2.593083 -0.006953427 -2.50739 0.7082922 -2.50468 0.7074741 -2.593699 0.6847526 -2.50502 0.5944632 -2.445471 0.7091713 -2.504185 0.7358048 -2.506317 0.5901587 -2.593699 0.6847526 10.24723 0.7358048 10.24608 0.5944632 10.2489 0.5901587 -2.587982 0.1274285 -2.693671 0.6010381 -2.696081 0.6000788 10.37267 0.1295323 10.40842 0.6010381 10.38631 0.1274285 10.40757 -2.695325 10.49886 -2.629997 10.42256 -2.856151 10.40757 0.7125892 10.40761 0.751273 10.49886 0.6613362 10.40747 0.7293363 10.28146 0.5415098 10.40761 0.751273 10.28146 0.5415098 10.49886 0.6613362 10.40761 0.751273 -2.629997 0.6613362 -2.689505 0.4739799 -2.856151 0.6213721 10.49886 0.6613362 10.28146 0.5415098 10.41713 0.4739799 10.28146 0.5415098 10.40756 0.4719853 10.4075 0.4581726 -2.856151 0.6213721 -2.69532 0.4719853 -2.602631 0.5415098 10.42256 -2.856151 10.41713 -2.689505 10.40756 -2.69532 10.28146 0.5415098 10.4075 0.4581726 10.41713 0.4739799 -2.615231 -0.6175979 -2.582421 -0.6199494 -2.580178 0.531692 10.39329 -0.6199494 10.36831 0.5315024 10.37972 0.531692 -2.608742 -0.619279 -2.589985 0.5318747 -2.582088 0.5315024 -2.597682 0.3608865 -2.586622 0.3689743 -2.714157 0.5788707 10.38371 0.3689743 10.36952 0.5786528 10.37293 0.5788707 -2.715002 0.6923548 -2.569572 0.6202839 -2.715027 0.7141142 10.37576 0.7141142 10.36811 0.5231269 10.35587 0.7285022 -2.715027 0.7141142 -2.569572 0.6202839 -2.688733 0.5441656 10.36811 0.5231269 10.37576 0.7141142 10.41523 0.5441656 -2.586349 0.03528793 -2.460365 0.4553217 -2.463488 0.4559516 10.38195 0.03528793 10.37374 0.05551012 10.54585 0.4553217 10.37374 0.05551012 10.54751 0.4559516 10.54463 0.4573475 10.5462 0.5471398 10.71044 0.4786641 10.55836 0.4744583 10.5462 0.5471398 10.54619 0.567447 10.71044 0.4786641 10.55836 0.4744583 10.71044 0.4786641 10.54634 0.354219 10.71044 -2.502249 10.54465 -2.28704 10.53714 -2.465195 10.55836 0.4744583 10.54634 0.354219 10.54203 0.3452567 -2.598127 0.1606317 -2.593057 0.6054222 -2.596501 0.6048686 10.38 0.1564044 10.23366 0.6039231 10.2365 0.6054222 10.37316 0.1490695 10.38428 0.1606317 10.2355 0.6048686 -2.594453 0.7007447 -2.712791 0.6292852 -2.595102 0.7355987 -2.486795 0.5964383 -2.712791 0.6292852 -2.593428 0.4837342 -2.712791 0.6292852 -2.59449 0.5038559 -2.593428 0.4837342 10.16818 0.6292852 10.38226 0.5678803 10.23525 0.5038559 10.38226 0.5678803 10.14592 0.5964383 10.2338 0.4837342 10.38226 0.5678803 10.2338 0.4837342 10.23526 0.5113847 -2.597029 -0.02999176 -2.699833 0.5985063 -2.703123 0.5972872 -2.597029 -0.02999176 -2.584882 -0.01841477 -2.699833 0.5985063 -2.593121 -0.01927103 -2.702789 0.5982068 -2.699833 0.5985063 10.37267 -0.01927103 10.38527 -0.02999176 10.4878 0.5982068 -2.701668 0.7039629 -2.834134 0.5701499 -2.701865 0.7241153 -2.701779 0.7087632 -2.701865 0.7241153 -2.576841 0.6071231 10.48929 0.7087632 10.38838 0.6071231 10.65347 0.5514142 -2.576841 0.6071231 -2.834134 0.5701499 -2.701681 0.4745788 10.49282 -2.834134 10.65347 -2.688474 10.48952 -2.702005 10.65347 0.5514142 10.38838 0.6071231 10.48933 0.4963626 10.38766 -0.04388367 10.37581 -0.04824532 10.37758 0.6139359 -2.586097 -0.04824532 -2.458486 0.6151191 -2.455292 0.6139359 10.3795 -0.03804063 10.37941 0.6149731 10.37623 0.6151191 -2.457189 0.7767675 -2.534446 0.5868483 -2.456375 0.7689512 10.48416 0.5493704 10.37848 0.4571706 10.37778 0.4665711 -2.596205 0.0309302 -2.585367 0.03685428 -2.77158 0.5642293 10.3792 0.03685428 10.24091 0.5626626 10.2434 0.5642293 10.37357 0.02038644 10.24376 0.5625742 10.24091 0.5626626 10.24269 0.6556114 10.24266 0.6825739 10.1377 0.5599823 -2.669065 0.5599823 -2.772995 0.6825739 -2.954564 0.5739173 10.24183 0.6959236 10.1377 0.5599823 10.24685 0.5546588 -2.774409 0.6959236 -2.761797 0.5546588 -2.954564 0.5739173 10.1377 0.5599823 10.24094 0.4089341 10.24685 0.5546588 -2.587013 0.09113202 -2.567061 0.6560578 -2.57012 0.6567693 10.38549 0.09113202 10.37391 0.1070049 10.6049 0.6580407 10.38031 0.09993289 10.60708 0.6567693 10.6049 0.6580407 10.60684 0.802113 10.60626 0.8048553 10.49193 0.678957 -2.568224 0.7795547 -2.698966 0.6242749 -2.568209 0.8048553 10.60658 0.7795547 10.60684 0.802113 10.74468 0.6316953 -2.568008 0.5175908 -2.698966 0.6242749 -2.568232 0.5380237 10.58435 -2.698966 10.74468 -2.577421 10.60658 -2.568232 10.74468 0.6316953 10.60681 0.5140904 10.60658 0.5380237 -2.599606 0.001418465 -2.58517 -0.003644436 -2.505409 0.7087025 10.37269 -0.006953427 10.38165 0.001418465 10.24739 0.7082922 10.38165 0.001418465 10.25001 0.7087025 10.24739 0.7082922 -2.505798 0.8187574 -2.593699 0.6847526 -2.501572 0.8347959 -2.505798 0.8187574 -2.504185 0.7358048 -2.593699 0.6847526 10.24723 0.7358048 10.24197 0.8347959 10.12246 0.7091713 10.24197 0.8347959 10.28104 0.6847526 10.12246 0.7091713 10.24723 0.7358048 10.12246 0.7091713 10.24608 0.5944632 -2.50502 0.5944632 -2.593699 0.6847526 -2.505639 0.607076 -2.593699 0.6847526 -2.506317 0.5901587 -2.505639 0.607076 -2.599431 0.120017 -2.587982 0.1274285 -2.696081 0.6000788 10.37267 0.1295323 10.40569 0.6005137 10.40842 0.6010381 -2.588764 0.1295323 -2.599431 0.120017 -2.695816 0.6005137 10.38152 0.120017 10.40925 0.6000788 10.40569 0.6005137 -2.69538 0.7293363 -2.695325 0.7125892 -2.856151 0.6213721 -2.602631 0.5415098 -2.69538 0.7293363 -2.856151 0.6213721 -2.607375 -0.6548716 -2.613458 0.3215489 -2.603945 0.3217025 -2.587663 -0.656345 -2.603005 0.3213896 -2.623354 -0.6569327 8.335289 -0.6548716 8.368088 0.3217025 8.356591 -0.656345 8.364565 0.1423626 8.490572 0.3261233 8.487752 0.3279521 -2.600615 0.1506584 -2.765869 0.3261233 -2.612315 0.1423626 8.357079 -2.607093 8.489784 -2.763453 8.36667 -2.600615 8.489409 0.410408 8.489779 0.4135367 8.492189 0.3052143 -2.765067 0.410408 -2.763658 0.3052143 -2.794249 0.3346106 8.489779 0.4135367 8.399637 0.342515 8.492189 0.3052143 -2.794249 0.3346106 -2.765007 0.2521623 -2.689007 0.342515 -2.794249 0.3346106 -2.76505 0.2481823 -2.765007 0.2521623 8.489299 0.2521623 8.492189 0.3052143 8.399637 0.342515 -2.610679 0.1117516 -2.488098 0.3296736 -2.485612 0.3282899 -2.6102 0.1118294 -2.485489 0.3283037 -2.488098 0.3296736 -2.60025 0.1002422 -2.485489 0.3283037 -2.6102 0.1118294 -2.610679 0.1117516 -2.485612 0.3282899 -2.60025 0.1002422 -2.486404 0.4160054 -2.345706 0.3159427 -2.486975 0.4320395 8.359403 -2.486975 8.246306 -2.345706 8.483774 -2.356464 -2.486975 0.4320395 -2.356464 0.3533555 -2.58522 0.189754 8.246306 -2.345706 8.358648 -2.486023 8.483774 -2.356464 8.230412 -2.600974 8.358313 -2.486329 8.246306 -2.345706 -2.613403 -0.1332445 -2.71654 0.3717214 -2.60248 -0.1289355 -2.60691 -0.1230655 -2.716228 0.3728253 -2.719051 0.3716044 8.35706 -0.1289355 8.247953 0.3728253 8.370678 -0.1230655 8.246347 0.463271 8.246878 0.4853184 8.124762 0.3746329 -2.714933 0.4870496 -2.566729 0.3557876 -2.717234 0.4853184 -2.826579 0.3746329 -2.566729 0.3557876 -2.714933 0.4870496 8.246878 0.4853184 8.301429 0.3292315 8.124762 0.3746329 -2.717234 0.4853184 -2.566729 0.3557876 -2.788123 0.3292315 -2.566729 0.3557876 -2.717304 0.2842744 -2.788123 0.3292315 8.124762 0.3746329 8.246348 0.2894711 8.246322 0.2842744 -2.612789 0.149885 -2.599331 0.4902416 -2.602308 0.4898593 8.3561 0.1530586 8.461093 0.4902416 8.363312 0.1510343 8.461128 0.5746256 8.463236 0.5975929 8.573938 0.462143 8.463236 -2.599614 8.371988 -2.646613 8.414641 -2.453745 8.461177 0.5906539 8.573938 0.462143 8.371988 0.5624975 -2.646613 0.5624975 -2.601057 0.3985982 -2.453745 0.457165 8.371988 0.5624975 8.573938 0.462143 8.458426 0.3985982 8.573938 0.462143 8.461081 0.3915658 8.458426 0.3985982 -2.601057 0.3985982 -2.601383 0.3838285 -2.453745 0.457165 8.357777 0.1466139 8.163017 0.2843388 8.161283 0.2815684 -2.605767 0.1555289 -2.44799 0.2823743 -2.450617 0.2843388 8.364161 -2.601499 8.161283 -2.450271 8.163654 -2.44799 8.162693 0.3812527 8.192853 0.1831656 8.240055 0.3861549 8.240055 0.3861549 8.254053 0.2121731 7.994216 0.2775721 -2.311001 0.1831656 -2.568261 0.2121731 -2.520055 0.3861549 7.994216 0.2775721 8.192853 0.1831656 8.162693 0.3812527 -2.311001 0.1831656 -2.449609 0.1776487 -2.449595 0.1732305 -2.311001 0.1831656 -2.449618 0.1864923 -2.449609 0.1776487 8.254053 -2.568261 8.162616 -2.449618 7.994216 -2.488735 -2.568261 0.2121731 -2.449595 0.1732305 -2.449618 0.1864923 8.356244 -0.1012462 8.384967 0.3400448 8.382404 0.3405402 -2.600431 -0.0893379 -2.814669 0.3418382 -2.610092 -0.1023688 -2.61057 -0.1012462 -2.814669 0.3418382 -2.600431 -0.0893379 8.383564 0.4493614 8.384107 0.4496743 8.456139 0.3244667 -2.942667 0.3244667 -2.810872 0.4140913 -2.816493 0.4493614 -2.942667 0.3244667 -2.814137 0.2517725 -2.810872 0.4140913 8.370121 0.02567554 8.444127 0.4039017 8.441511 0.4050694 -2.599719 0.02042194 -2.478594 0.4039017 -2.610453 0.02567554 -2.610953 0.03236749 -2.476801 0.4037547 -2.599719 0.02042194 -2.478619 0.4927779 -2.481446 0.519256 -2.373302 0.4035375 8.565867 0.428277 8.442968 0.3417625 8.442603 0.519256 8.442603 0.519256 8.442968 0.3417625 8.373091 0.3671285 -2.373302 0.4035375 -2.534489 0.3671285 -2.478385 0.3000913 8.369093 -0.05329475 8.164181 0.3578226 8.358132 -0.06635126 -2.598834 -0.05735196 -2.651814 0.3596287 -2.61169 -0.05329475 -2.598834 -0.05735196 -2.652131 0.3578226 -2.64922 0.3589611 -2.652889 0.4034162 -2.564714 0.3607096 -2.650478 0.4631577 8.165625 0.4361545 8.252096 0.349595 8.164496 0.4034162 8.091037 0.3607096 8.165934 0.2700229 8.252096 0.349595 -2.652889 0.4034162 -2.652614 0.2588974 -2.564714 0.3607096 8.252096 0.349595 8.165934 0.2700229 8.165619 0.2865008 8.361581 0.08501414 8.536034 0.2495556 8.534234 0.2524075 -2.603539 0.0827337 -2.707579 0.250739 -2.71015 0.2495556 8.360246 0.1040757 8.536562 0.250739 8.368736 0.0827337 -2.693387 0.3848819 -2.588696 0.2398571 -2.709089 0.3509972 -2.588696 0.2398571 -2.809318 0.2155507 -2.709089 0.3509972 -2.809318 0.2155507 -2.709219 0.1433238 -2.693387 0.3848819 -2.588696 0.2398571 -2.709043 0.1497714 -2.809318 0.2155507 -2.588696 0.2398571 -2.709083 0.1427881 -2.709043 0.1497714 8.577004 -2.588696 8.532717 -2.709219 8.535434 -2.709083 8.335289 -0.6548716 8.363946 -0.6569327 8.373415 0.3215489 -2.623354 -0.6569327 -2.603005 0.3213896 -2.613458 0.3215489 8.356591 -0.656345 8.368088 0.3217025 8.378257 0.3213896 8.357079 0.1516122 8.364565 0.1423626 8.487752 0.3279521 -2.600615 0.1506584 -2.763453 0.328562 -2.765869 0.3261233 8.357079 -2.607093 8.487752 -2.765832 8.489784 -2.763453 -2.765047 0.4135367 -2.794249 0.3346106 -2.689007 0.342515 -2.794249 0.3346106 -2.763658 0.3052143 -2.76505 0.2481823 8.356334 0.1117516 8.369953 0.1118294 8.358154 0.3296736 8.364426 0.1002422 8.356772 0.3282899 8.360177 0.3283037 -2.486404 0.4160054 -2.486273 0.4344373 -2.345706 0.3159427 8.358372 0.4344373 8.359403 0.4320395 8.230412 0.3658265 8.358372 -2.486273 8.230412 -2.600974 8.246306 -2.345706 8.359403 0.4320395 8.44173 0.189754 8.230412 0.3658265 8.230412 -2.600974 8.44173 -2.58522 8.358313 -2.486329 8.483774 -2.356464 8.358648 -2.486023 8.44173 -2.58522 -2.486023 0.222402 -2.345706 0.3159427 -2.486329 0.2342621 -2.613403 -0.1332445 -2.719051 0.3716044 -2.71654 0.3717214 8.36042 -0.1332445 8.370678 -0.1230655 8.246524 0.3716044 8.35706 -0.1289355 8.244551 0.3717214 8.247953 0.3728253 8.24594 0.4870496 8.246347 0.463271 8.124762 0.3746329 8.196838 -2.566729 8.124762 -2.826579 8.246322 -2.717304 8.124762 -2.826579 8.301429 -2.788123 8.246348 -2.717246 8.3561 0.1530586 8.368386 0.149885 8.459645 0.4906708 8.368386 0.149885 8.462711 0.4898593 8.459645 0.4906708 -2.612789 0.149885 -2.599489 0.1510343 -2.599331 0.4902416 -2.607106 0.1530586 -2.602602 0.4906708 -2.599331 0.4902416 8.463236 0.5975929 8.461177 0.5906539 8.371988 0.5624975 8.461177 0.5906539 8.461128 0.5746256 8.573938 0.462143 -2.599614 0.5975929 -2.453745 0.457165 -2.637381 0.462143 8.573938 -2.637381 8.414641 -2.453745 8.461131 -2.601383 8.573938 0.462143 8.461131 0.3838285 8.461081 0.3915658 8.357777 0.1466139 8.368428 0.1555289 8.163017 0.2843388 8.368428 0.1555289 8.364161 0.145089 8.163654 0.2823743 8.364161 -2.601499 8.357777 -2.611075 8.161283 -2.450271 8.162693 0.3812527 8.162634 0.3838185 7.994216 0.2775721 8.162634 -2.449631 8.240055 -2.520055 7.994216 -2.488735 8.162634 0.3838185 8.162649 0.4097563 8.240055 0.3861549 8.162649 0.4097563 8.162693 0.3812527 8.240055 0.3861549 8.192853 -2.311001 7.994216 -2.488735 8.162616 -2.449618 8.254053 -2.568261 8.192853 -2.311001 8.16271 -2.449595 8.356244 -0.1012462 8.369873 -0.1023688 8.384967 0.3400448 -2.610092 -0.1023688 -2.814669 0.3418382 -2.817595 0.3400448 -2.61057 -0.1012462 -2.81703 0.3405402 -2.814669 0.3418382 8.384107 0.4496743 8.378567 0.4140913 8.497002 0.3476596 -2.816237 0.4496743 -2.718191 0.3476596 -2.942667 0.3244667 8.378567 0.4140913 8.383968 0.2517725 8.497002 0.3476596 -2.942667 0.3244667 -2.718191 0.3476596 -2.816223 0.2394361 8.497002 0.3476596 8.384044 0.2370021 8.384193 0.2394361 8.497002 0.3476596 8.383968 0.2517725 8.384044 0.2370021 -2.942667 0.3244667 -2.816223 0.2394361 -2.814137 0.2517725 8.356898 0.03236749 8.370121 0.02567554 8.441511 0.4050694 8.363697 0.02042194 8.441844 0.4037547 8.444127 0.4039017 -2.610953 0.03236749 -2.480168 0.4050694 -2.476801 0.4037547 8.442288 0.4924786 8.442276 0.4927779 8.565867 0.428277 8.442276 -2.478619 8.353238 -2.373302 8.565867 -2.378516 8.442288 0.4924786 8.565867 0.428277 8.442603 0.519256 -2.481446 0.519256 -2.534489 0.3671285 -2.373302 0.4035375 8.565867 0.428277 8.442268 0.3000913 8.442968 0.3417625 8.565867 0.428277 8.353238 0.4035375 8.442268 0.3000913 8.369093 -0.05329475 8.167235 0.3596287 8.164181 0.3578226 -2.598834 -0.05735196 -2.64922 0.3589611 -2.651814 0.3596287 -2.598834 -0.05735196 -2.610818 -0.06635126 -2.652131 0.3578226 8.165625 0.4361545 8.16632 0.4631577 8.252096 0.349595 8.252096 0.349595 8.16632 0.4631577 8.091037 0.3607096 8.164496 0.4034162 8.252096 0.349595 8.164382 0.2588974 8.091037 0.3607096 8.164382 0.2588974 8.165934 0.2700229 8.164382 0.2588974 8.252096 0.349595 8.165619 0.2865008 -2.603334 0.1040757 -2.614053 0.08501414 -2.709094 0.2524075 8.361581 -2.614053 8.368736 -2.603539 8.536034 -2.71015 8.360246 0.1040757 8.534234 0.2524075 8.536562 0.250739 8.509038 0.3848819 8.535441 0.3601303 8.590367 0.2155507 -2.709485 0.3601303 -2.709089 0.3509972 -2.809318 0.2155507 -2.588696 0.2398571 -2.693387 0.3848819 -2.709219 0.1433238 -2.709219 0.1433238 -2.809318 0.2155507 -2.709043 0.1497714 11.10983 -0.6612723 11.09353 0.3936757 11.10608 0.3938418 11.12813 -0.6628075 11.10477 0.3935034 11.08405 -0.6634197 -0.7253056 -0.6612723 -0.7650162 0.3938418 -0.7552649 -0.6628075 11.09673 -0.04602867 11.21356 0.5896943 11.21771 0.5890592 -0.7678164 -0.04899391 -0.7876543 0.5896943 -0.7528374 -0.04602867 -0.7592209 -0.05192993 -0.7865056 0.5890592 -0.7902379 0.5890645 -0.7879256 0.6859697 -0.9684265 0.5705448 -0.7880358 0.6874015 11.17856 -0.9684265 11.08196 -0.6810571 11.21593 -0.788034 11.08196 0.5901677 11.21647 0.4948108 11.38636 0.5978044 11.38636 -0.7328248 11.21595 -0.7881131 11.17856 -0.9684265 11.38636 0.5978044 11.21647 0.4948108 11.21595 0.4848578 -0.7661147 0.1028076 -0.5169907 0.4912419 -0.7520121 0.08897459 11.09743 0.1028076 10.98657 0.4922692 10.98278 0.4912419 10.98481 0.5725522 10.98502 0.5862493 11.10355 0.5099534 10.98502 0.5862493 10.99012 0.4289224 11.10355 0.5099534 11.10355 0.5099534 10.99012 0.4289224 10.98475 0.3999271 11.09455 -0.01557284 11.06106 0.362296 11.11205 -0.01177634 -0.7666682 -0.02376969 -0.9194906 0.3608163 -0.7557923 -0.01557284 11.10207 -0.02376969 11.06158 0.3609392 11.0577 0.3608163 11.05982 -0.9189175 10.97283 -0.8235653 11.09686 -0.7648546 11.09686 -0.7648546 10.97283 -0.8235653 11.06215 -0.9208072 -0.8235653 0.3574284 -0.9189179 0.2615498 -0.9208072 0.3018421 -0.8235653 0.3574284 -0.9211229 0.2903578 -0.9189179 0.2615498 11.10737 0.1360015 11.36916 0.3923743 11.37228 0.3898669 11.10877 0.1488839 11.37154 0.3922538 11.09712 0.1601969 -0.7663557 0.1488839 -0.5781401 0.3898669 -0.580705 0.3922538 11.37098 -0.5787068 11.57438 -0.4841288 11.41047 -0.7855574 11.25999 0.3859986 11.57438 0.3817503 11.37121 0.5130302 -0.5789669 0.5126748 -0.7855574 0.3738541 -0.441123 0.3859986 11.57438 -0.4841288 11.25999 -0.441123 11.37102 -0.5786522 11.57438 0.3817503 11.37102 0.2874052 11.37009 0.2740268 -0.441123 0.3859986 -0.5789885 0.2740268 -0.5786462 0.2708226 -0.7621182 -0.06129185 -0.7187271 0.3567546 -0.7503655 -0.05905508 -0.7630841 -0.04732068 -0.7152306 0.3574043 -0.7178268 0.3584046 10.93248 0.4255262 11.05262 0.3224179 10.93114 0.4622628 -0.7174811 0.4255262 -0.6370107 0.354921 -0.8112945 0.3224179 10.93248 -0.7174811 10.76136 -0.680423 10.97475 -0.6370107 10.93248 0.4255262 10.93227 0.4507645 10.76136 0.3715198 10.93227 0.4507645 10.93114 0.4622628 10.76136 0.3715198 10.93114 0.4622628 11.05262 0.3224179 10.76136 0.3715198 10.76136 0.3715198 10.93131 0.2585586 10.97475 0.354921 11.05262 0.3224179 10.93131 0.2585586 10.76136 0.3715198 10.97475 -0.6370107 10.93248 -0.7174817 11.05262 -0.8112945 -0.6370107 0.354921 -0.7191239 0.2585586 -0.7174817 0.2832659 11.10513 0.2420213 11.18387 0.3991697 11.18713 0.3982195 -0.7628847 0.2348071 -0.8501775 0.3982195 -0.8539394 0.3973613 -0.7503992 0.2420213 -0.8501775 0.3982195 -0.7628847 0.2348071 -0.8527552 0.4858902 -0.8376837 0.3167354 -0.850372 0.4881381 11.18404 0.4858902 11.18738 0.4670814 11.18358 0.3143238 11.18497 0.4881381 11.18196 0.3167354 11.35186 0.35009 11.18738 0.4670814 11.35186 0.35009 11.18358 0.3143238 -0.7655636 0.2738609 -0.5972808 0.5509783 -0.7510522 0.2677245 11.09722 0.2738609 11.12071 0.5520056 11.117 0.5525149 -0.7592538 0.2706327 -0.5972808 0.5509783 -0.6000605 0.5520056 -0.4194152 0.545029 -0.6009231 0.5008179 -0.6007928 0.6881424 -0.5985836 0.6895721 -0.715714 0.5318737 -0.4194152 0.545029 11.12012 0.5008179 10.98701 0.5318737 11.11879 0.6881424 -0.4194152 0.545029 -0.715714 0.5318737 -0.5992419 0.4213158 10.98701 0.5318737 11.11846 0.4378573 11.11898 0.4213158 11.09461 0.005674719 10.89444 0.4942383 11.11 0.01962388 -0.7555625 0.005674719 -0.9451958 0.4926496 -0.9421707 0.4925821 -0.7540224 0.01962388 -0.9451958 0.4926496 -0.7671454 0.006994134 -0.942913 0.5872176 -0.7613195 0.4669609 -0.942805 0.6062331 -0.942913 0.5872176 -0.9422845 0.6009828 -0.7613195 0.4669609 -0.9422845 0.6009828 -0.942805 0.6062331 -1.075647 0.4879184 10.89381 0.6062331 11.08939 0.4762999 10.78542 0.4879184 10.88422 -0.7613195 11.08939 -1.015021 10.89381 -0.942805 -1.075647 0.4879184 -0.7613195 0.4669609 -0.9422845 0.6009828 11.08939 -1.015021 10.88422 -0.7613195 10.89359 -0.9430595 -1.075647 0.4879184 -0.9427423 0.3913982 -0.7613195 0.4669609 -0.7613195 0.4669609 -0.9427423 0.3913982 -0.9430595 0.383323 -1.075647 0.4879184 -0.9429046 0.4128207 -0.9427423 0.3913982 -1.075647 0.4879184 -0.9430595 0.383323 -0.9429046 0.4128207 11.09654 0.03362958 11.2421 0.3534322 11.24547 0.3518186 11.10602 0.02586696 11.24564 0.3518619 11.2421 0.3534322 -0.7560993 0.02020395 -0.7493087 0.3518619 -0.7674587 0.02586696 11.24414 -0.747744 11.33071 -0.8593344 11.2347 -0.755443 11.24413 -0.7477494 11.2347 -0.755443 11.28134 -0.5902241 -0.5902241 0.3764443 -0.746137 0.2303941 -0.8593344 0.3666461 11.24533 0.2303941 11.24493 0.2358148 11.33071 0.3666461 11.33071 0.3666461 11.24493 0.2358148 11.06667 0.3097563 11.06667 -0.7549575 11.24413 -0.7477281 11.28134 -0.5902241 -0.7253056 -0.6612723 -0.7554766 -0.6634197 -0.7690643 0.3936757 11.08405 -0.6634197 11.10477 0.3935034 11.09353 0.3936757 -0.7552649 -0.6628075 -0.7650162 0.3938418 -0.7772979 0.3935034 11.10186 -0.04899391 11.2167 0.5890645 11.21356 0.5896943 11.10186 -0.04899391 11.11286 -0.05192993 11.2167 0.5890645 11.11286 -0.05192993 11.09673 -0.04602867 11.21771 0.5890592 11.21595 -0.7879256 11.38636 -0.7328248 11.17856 -0.9684265 -0.788034 0.6703263 -0.7880358 0.6874015 -0.9684265 0.5705448 11.21595 0.6859697 11.08196 0.5901677 11.38636 0.5978044 11.21595 0.6859697 11.21593 0.6703263 11.08196 0.5901677 11.21647 0.4948108 11.08196 0.5901677 11.21594 0.5066701 11.08196 -0.6810571 11.17856 -0.9684265 11.21594 -0.7881006 -0.9684265 0.5705448 -0.7881131 0.4848578 -0.7881006 0.5066701 -0.7520121 0.08897459 -0.5169907 0.4912419 -0.5141492 0.49058 11.09743 0.1028076 11.11274 0.1018543 10.98657 0.4922692 -0.757768 0.1018543 -0.5141492 0.49058 -0.5170133 0.4922692 11.11274 0.1018543 11.10048 0.08897459 10.98607 0.49058 -0.5157524 0.5862493 -0.5397536 0.4940923 -0.5258483 0.4289224 10.98826 0.4940923 10.98481 0.5725522 11.10355 0.5099534 10.99012 0.4289224 10.98826 0.4940923 10.96795 0.3988517 10.98826 0.4940923 11.10355 0.5099534 10.98475 0.3999271 10.96795 0.3988517 10.98826 0.4940923 10.98475 0.3999271 11.09455 -0.01557284 11.0577 0.3608163 11.06106 0.362296 -0.7666682 -0.02376969 -0.7564343 -0.01177634 -0.9203103 0.3609392 -0.7564343 -0.01177634 -0.9172213 0.362296 -0.9203103 0.3609392 -0.9189168 0.4543143 -0.7648546 0.4108624 -0.9203158 0.449724 -0.9189168 0.4543143 -0.9189175 0.4464391 -0.7648546 0.4108624 11.05982 0.4464391 11.06024 0.449724 10.97283 0.3574284 -0.7648546 0.4108624 -0.9208072 0.3018421 -0.9203158 0.449724 -0.9203158 0.449724 -0.9211229 0.2903578 -0.8235653 0.3574284 11.06024 0.449724 11.06215 0.3018421 11.05803 0.2903578 11.10737 0.1360015 11.09712 0.1601969 11.36916 0.3923743 11.09712 -0.7577336 11.37154 -0.580705 11.36916 -0.5773419 -0.7663557 0.1488839 -0.7545278 0.1360015 -0.5781401 0.3898669 -0.5789669 0.5126748 -0.441123 0.3859986 -0.5786962 0.5130302 -0.5789669 0.5126748 -0.5787068 0.4949631 -0.7855574 0.3738541 11.37098 0.4949631 11.37121 0.5130302 11.57438 0.3817503 -0.7855574 0.3738541 -0.5789885 0.2740268 -0.441123 0.3859986 11.41047 -0.7855574 11.57438 -0.4841288 11.37009 -0.5789885 -0.441123 0.3859986 -0.5786462 0.2708226 -0.5786522 0.2874052 -0.7503655 -0.05905508 -0.7187271 0.3567546 -0.7152306 0.3574043 11.09585 -0.06129185 11.11058 -0.04732068 10.93069 0.3567546 11.11058 -0.04732068 10.93444 0.3584046 10.93069 0.3567546 11.11058 -0.04732068 11.1011 -0.05905508 10.9329 0.3574043 10.93131 0.2585586 11.05262 0.3224179 10.93248 0.2831037 -0.6370107 0.354921 -0.7174817 0.2832659 -0.7174817 0.2831037 11.10513 -0.7503992 11.09476 -0.7598272 11.18387 -0.8508339 -0.7598272 0.2418668 -0.8539394 0.3973613 -0.8508339 0.3991697 11.09476 0.2418668 11.10994 0.2348071 11.18511 0.3973613 11.18497 0.4881381 11.35186 0.35009 11.18738 0.4670814 -0.8527552 0.4858902 -0.8497917 0.3143238 -0.8376837 0.3167354 11.18358 0.3143238 11.35186 0.35009 11.18549 0.3099031 11.35186 -0.8295845 11.18196 -0.8376837 11.18549 -0.8518738 -0.7655636 0.2738609 -0.6009467 0.5525149 -0.5972808 0.5509783 11.09722 0.2738609 11.11303 0.2706327 11.12071 0.5520056 11.11303 0.2706327 11.10038 0.2677245 11.11758 0.5509783 -0.5981845 0.6903446 -0.4194152 0.545029 -0.6007928 0.6881424 11.11828 -0.5985836 11.11879 -0.6007928 10.98701 -0.715714 11.11828 0.6895721 11.17977 0.545029 11.11956 0.6903446 -0.4194152 0.545029 -0.5992419 0.4213158 -0.6009231 0.5008179 10.98701 0.5318737 11.12012 0.5008179 11.11846 0.4378573 11.09461 0.005674719 10.89122 0.4925821 10.89444 0.4942383 11.09461 0.005674719 11.10635 0.006994134 10.89403 0.4926496 -0.7540224 0.01962388 -0.941271 0.4942383 -0.9451958 0.4926496 11.08939 -1.015021 10.89359 -0.9430595 10.78542 -1.075647 -0.7537962 0.03362958 -0.7674587 0.02586696 -0.7479865 0.3534322 -0.7560993 0.02020395 -0.7460802 0.3518186 -0.7493087 0.3518619 11.11126 0.02020395 11.09654 0.03362958 11.24547 0.3518186 -0.747744 0.4518124 -0.7477494 0.4541695 -0.8593344 0.3666461 -0.7477494 0.4541695 -0.5902241 0.3764443 -0.8593344 0.3666461 11.06667 0.3097563 11.2347 0.4541505 11.33071 0.3666461 11.28134 -0.5902241 11.2347 -0.755443 11.06667 -0.7549575 -0.746137 0.2303941 -0.5902241 0.3764443 -0.7477281 0.2606603 11.06667 0.3097563 11.24493 0.2358148 11.24413 0.2606603 9.724288 -0.68629 9.717855 0.7123441 9.728749 0.7125643 9.747356 -0.6883253 9.72999 0.7121158 9.706294 -0.689137 -1.038426 -0.68629 -1.076213 0.7125643 -1.062699 -0.6883253 9.717582 0.1293907 9.833523 0.9722227 9.837158 0.9713807 -1.079671 0.1254595 -1.075778 0.9722227 -1.06673 0.1293907 -1.069448 0.1215669 -1.073876 0.9713807 -1.077559 0.9713877 -1.075552 1.099863 -1.251381 0.9468345 -1.075694 1.101761 -1.251381 0.9468345 -1.002748 0.9728503 -1.075657 1.079123 9.689426 0.9728503 9.83621 0.8464276 9.983678 0.9829749 -0.9900038 0.9829749 -1.075727 0.833232 -1.251381 0.9468345 9.983678 0.9829749 9.83621 0.8464276 9.835843 0.833232 -1.078972 0.3267156 -0.8696247 0.841696 -1.065207 0.308376 9.720897 0.3267156 9.567579 0.8430579 9.564037 0.841696 9.565764 0.949496 9.565879 0.9676553 9.685569 0.8665034 9.565879 0.9676553 9.572661 0.7590737 9.685569 0.8665034 9.685569 0.8665034 9.572661 0.7590737 9.565707 0.7206321 9.716148 0.1697686 9.717273 0.6707414 9.732591 0.174802 -1.078557 0.1589014 -1.229974 0.6687796 -1.069922 0.1697686 9.725342 0.1589014 9.71838 0.6689427 9.714592 0.6687796 9.71646 -1.229013 9.616216 -1.157528 9.720118 -1.07791 9.720118 -1.07791 9.616216 -1.157528 9.719012 -1.230309 9.616216 0.6642881 9.716454 0.5371736 9.719012 0.5905926 9.616216 0.6642881 9.715235 0.5753668 9.716454 0.5371736 9.727845 0.3707236 9.93647 0.7106187 9.939543 0.7072946 9.731523 0.3878029 9.939369 0.7104591 9.718933 0.4028015 -1.076923 0.3878029 -0.8485678 0.7072946 -0.8511077 0.7104591 -0.8493567 0.8466295 -0.7203789 0.6965337 -1.034348 0.686065 9.807356 0.702166 10.10917 0.6965337 9.938652 0.8705826 -0.8496106 0.8701114 -1.034348 0.686065 -0.7432975 0.702166 10.10917 0.6965337 9.807356 0.702166 9.93847 0.5714523 10.10917 0.6965337 9.93847 0.5714523 9.937665 0.5537155 -0.7432975 0.702166 -0.8497992 0.5537155 -0.8492983 0.5494674 -1.075562 0.1091551 -1.068206 0.6633948 -1.063547 0.1121205 9.732555 0.1276778 9.557263 0.6642561 9.559214 0.6655823 9.557318 0.754571 9.68817 0.6178717 9.556219 0.8032759 -1.066685 0.754571 -0.9831634 0.6609638 -1.130089 0.6178717 9.557318 0.754571 9.390309 0.6829702 9.580612 0.6609638 9.557318 0.754571 9.557171 0.7880317 9.390309 0.6829702 9.557171 0.7880317 9.556219 0.8032759 9.390309 0.6829702 9.556219 0.8032759 9.68817 0.6178717 9.390309 0.6829702 9.390309 0.6829702 9.55656 0.533208 9.580612 0.6609638 9.68817 0.6178717 9.55656 0.533208 9.390309 0.6829702 9.580612 -0.9831634 9.557319 -1.066685 9.68817 -1.130089 -0.9831634 0.6609638 -1.06845 0.533208 -1.066687 0.5659646 9.724928 0.5112831 9.8185 0.719628 9.821406 0.7183683 -1.073452 0.5017185 -1.139385 0.7183683 -1.143299 0.7172305 -1.062772 0.5112831 -1.139385 0.7183683 -1.073452 0.5017185 -1.142409 0.8346008 -1.12877 0.6103379 -1.14 0.837581 9.819041 0.8346008 9.822283 0.8096644 9.818021 0.6071407 9.819428 0.837581 9.814083 0.6103379 9.970907 0.6545589 9.822283 0.8096644 9.970907 0.6545589 9.818021 0.6071407 -1.078499 0.5534955 -0.917479 0.9208935 -1.064333 0.54536 9.720598 0.5534955 9.709326 0.9222556 9.706041 0.9229308 9.734073 0.5492156 9.705846 0.9208935 9.709326 0.9222556 -0.7391358 0.9130061 -0.9203672 0.8543917 -0.9205111 1.102744 -0.9185534 1.104639 -1.054104 0.8955649 -0.7391358 0.9130061 -0.9203672 0.8543917 -1.054104 0.8955649 -0.9205111 1.102744 -0.7391358 0.9130061 -1.054104 0.8955649 -0.9190262 0.7489889 -1.054104 0.8955649 -0.9193062 0.7709194 -0.9190262 0.7489889 9.716156 0.1979383 9.56671 0.8456686 9.730198 0.2164319 9.716156 0.1979383 9.567112 0.8435623 9.563887 0.8434728 -1.065175 0.2164319 -1.286757 0.8435623 -1.078144 0.1996876 -1.284781 0.968939 -1.117242 0.8095045 -1.284571 0.9941496 -1.284781 0.968939 -1.284152 0.9871888 -1.117242 0.8095045 -1.284152 0.9871888 -1.284571 0.9941496 -1.430187 0.8372897 9.56643 0.9941496 9.763299 0.8218861 9.491981 0.8372897 9.521101 0.8095045 9.763299 0.8218861 9.56643 0.9941496 -1.430187 0.8372897 -1.117242 0.8095045 -1.284152 0.9871888 9.763299 -1.312712 9.521101 -1.117242 9.566279 -1.284852 -1.430187 0.8372897 -1.284634 0.7093247 -1.117242 0.8095045 -1.117242 0.8095045 -1.284634 0.7093247 -1.284852 0.6986187 -1.430187 0.8372897 -1.284773 0.7377263 -1.284634 0.7093247 -1.430187 0.8372897 -1.284852 0.6986187 -1.284773 0.7377263 9.717604 0.2350005 9.852186 0.65899 9.854945 0.6568507 9.729181 0.2247089 9.855752 0.6569081 9.852186 0.65899 -1.066858 0.217201 -1.033586 0.6569081 -1.078503 0.2247089 9.854035 -1.032429 9.957144 -1.119141 9.846775 -1.041501 9.85403 -1.032435 9.846775 -1.041501 9.857154 -0.8780683 -0.8780683 0.6894991 -1.030691 0.4958679 -1.119141 0.6765088 9.854826 0.4958679 9.85491 0.5030546 9.957144 0.6765088 9.957144 0.6765088 9.85491 0.5030546 9.68998 0.6010851 9.68998 0.6010851 9.854027 0.5359944 9.857154 0.6894991 -1.038426 -0.68629 -1.071732 -0.689137 -1.082504 0.7123441 9.706294 -0.689137 9.72999 0.7121158 9.717855 0.7123441 -1.062699 -0.6883253 -1.076213 0.7125643 -1.087929 0.7121158 9.725371 0.1254595 9.836965 0.9713877 9.833523 0.9722227 -1.079671 0.1254595 -1.069448 0.1215669 -1.077559 0.9713877 9.733914 0.1215669 9.717582 0.1293907 9.837158 0.9713807 -1.075552 1.099863 -0.9900038 0.9829749 -1.251381 0.9468345 -1.075657 1.079123 -1.075694 1.101761 -1.251381 0.9468345 9.835806 1.099863 9.689426 0.9728503 9.983678 0.9829749 9.835806 1.099863 9.835809 1.079123 9.689426 0.9728503 9.83621 0.8464276 9.689426 0.9728503 9.835832 0.8621505 -1.002748 0.9728503 -1.251381 0.9468345 -1.075717 0.8621505 -1.251381 0.9468345 -1.075727 0.833232 -1.075717 0.8621505 -1.065207 0.308376 -0.8696247 0.841696 -0.8663143 0.8408184 9.720897 0.3267156 9.733503 0.3254517 9.567579 0.8430579 -1.068119 0.3254517 -0.8663143 0.8408184 -0.8688854 0.8430579 9.733503 0.3254517 9.720921 0.308376 9.56654 0.8408184 -0.8680207 0.9676553 -0.8897552 0.8454749 -0.8764132 0.7590737 9.573709 0.8454749 9.565764 0.949496 9.685569 0.8665034 9.572661 0.7590737 9.573709 0.8454749 9.552367 0.7192065 9.573709 0.8454749 9.685569 0.8665034 9.565707 0.7206321 -0.8826252 0.7192065 -0.8897552 0.8454749 -0.8684343 0.7206321 -1.069922 0.1697686 -1.229974 0.6687796 -1.227184 0.6707414 -1.078557 0.1589014 -1.067013 0.174802 -1.22996 0.6689427 -1.067013 0.174802 -1.227184 0.6707414 -1.22996 0.6689427 -1.229014 0.7927379 -1.07791 0.7351301 -1.230234 0.7866521 -1.229014 0.7927379 -1.229013 0.7822971 -1.07791 0.7351301 9.71646 0.7822971 9.717128 0.7866521 9.616216 0.6642881 -1.07791 0.7351301 -1.230309 0.5905926 -1.230234 0.7866521 9.717128 0.7866521 9.715235 0.5753668 9.616216 0.6642881 9.717128 0.7866521 9.719012 0.5905926 9.715235 0.5753668 9.727845 0.3707236 9.718933 0.4028015 9.93647 0.7106187 9.718933 -1.071217 9.939369 -0.8511077 9.93647 -0.8484495 -1.076923 0.3878029 -1.066174 0.3707236 -0.8485678 0.7072946 -0.8496106 0.8701114 -0.7432975 0.702166 -0.8493016 0.8705826 -0.8496106 0.8701114 -0.8493567 0.8466295 -1.034348 0.686065 9.938445 0.8466295 9.938652 0.8705826 10.10917 0.6965337 -1.034348 0.686065 -0.8497992 0.5537155 -0.7432975 0.702166 -1.034348 0.686065 -0.7203789 0.6965337 -0.8497992 0.5537155 9.807356 0.702166 9.938441 0.5494674 9.93847 0.5714523 -1.063547 0.1121205 -1.068206 0.6633948 -1.064501 0.6642561 9.718624 0.1091551 9.732555 0.1276778 9.555897 0.6633948 9.732555 0.1276778 9.559214 0.6655823 9.555897 0.6633948 9.732555 0.1276778 9.72117 0.1121205 9.557263 0.6642561 9.55656 0.533208 9.68817 0.6178717 9.557319 0.5657494 -0.9831634 0.6609638 -1.066687 0.5659646 -1.066685 0.5657494 -1.062772 0.5112831 -1.073644 0.5110782 -1.140651 0.719628 -1.073644 0.5110782 -1.143299 0.7172305 -1.140651 0.719628 9.717147 0.5110782 9.731917 0.5017185 9.820273 0.7172305 9.819428 0.837581 9.970907 0.6545589 9.822283 0.8096644 -1.142409 0.8346008 -1.139737 0.6071407 -1.12877 0.6103379 9.818021 0.6071407 9.970907 0.6545589 9.820214 0.6012797 9.970907 -1.087156 9.814083 -1.12877 9.820214 -1.141297 -1.078499 0.5534955 -0.9210139 0.9229308 -0.917479 0.9208935 9.720598 0.5534955 9.734073 0.5492156 9.709326 0.9222556 9.734073 0.5492156 9.720634 0.54536 9.705846 0.9208935 -0.9179244 1.105663 -0.7391358 0.9130061 -0.9205111 1.102744 9.706761 1.104639 9.707681 1.102744 9.607821 0.8955649 -0.9185534 1.104639 -0.7391358 0.9130061 -0.9179244 1.105663 -0.7391358 0.9130061 -0.9190262 0.7489889 -0.9203672 0.8543917 -1.054104 0.8955649 -0.9203672 0.8543917 -0.9193062 0.7709194 9.716156 0.1979383 9.563887 0.8434728 9.56671 0.8456686 9.716156 0.1979383 9.729429 0.1996876 9.567112 0.8435623 -1.065175 0.2164319 -1.283014 0.8456686 -1.286757 0.8435623 9.763299 0.8218861 9.566279 0.6986187 9.491981 0.8372897 9.717604 0.2350005 9.729181 0.2247089 9.852186 0.65899 -1.066858 0.217201 -1.03061 0.6568507 -1.033586 0.6569081 9.731791 0.217201 9.717604 0.2350005 9.854945 0.6568507 9.854035 0.7894209 9.85403 0.7925459 9.957144 0.6765088 -1.032435 0.7925459 -0.8780683 0.6894991 -1.119141 0.6765088 9.68998 0.6010851 9.846775 0.7925207 9.957144 0.6765088 -0.8780683 0.6894991 -1.041501 0.7925207 -1.074732 0.6010851 -1.030691 0.4958679 -0.8780683 0.6894991 -1.032415 0.5359944 9.68998 0.6010851 9.85491 0.5030546 9.854027 0.5359944 -1.206304 -0.747601 -1.193353 0.4410337 -1.205535 0.441221 -1.226737 -0.7493199 -1.205149 0.4408392 -1.182913 -0.7500054 8.957385 -0.747601 8.917607 0.441221 8.928952 -0.7493199 8.916543 0.1124132 8.627348 0.526058 8.929333 0.1346573 -1.200069 0.1124132 -1.300381 0.5238026 -1.296846 0.5234911 8.927687 0.1255069 8.625718 0.5238026 8.916543 0.1124132 -1.210698 0.1255069 -1.297092 0.526058 -1.300381 0.5238026 8.625788 0.6199241 8.784037 0.4859929 8.62825 0.4867916 8.625788 0.6199241 8.630153 0.6444456 8.784037 0.4859929 8.62825 0.4867916 8.51644 0.5085936 8.630153 0.6444456 8.630153 0.6444456 8.51644 0.5085936 8.784037 0.4859929 8.51644 0.5085936 8.625361 0.424342 8.784037 0.4859929 -1.305212 0.4867916 -1.29812 0.4216794 -1.298137 0.4322329 8.62825 0.4867916 8.625361 0.424342 8.625791 0.4216794 -1.193509 0.03465222 -1.25613 0.4000375 -1.207758 0.02561863 8.915126 0.03959574 9.044874 0.401629 8.926311 0.03465222 8.915126 0.03959574 9.047593 0.3999401 9.044874 0.401629 9.046909 0.5283151 8.891136 0.3977129 9.149523 0.3804382 -1.257393 0.5374208 -1.397275 0.3419751 -1.17352 0.3977129 -1.25808 0.5543699 -1.131781 0.3804382 -1.259435 0.307125 8.943444 -1.397275 9.04944 -1.259435 8.891136 -1.17352 -1.131781 0.3804382 -1.257349 0.2628069 -1.257349 0.2627875 8.891136 0.3977129 9.04944 0.307125 9.046908 0.2628069 -1.196443 0.03537045 -1.024591 0.4068935 -1.209614 0.05064882 8.929951 0.03537045 8.861761 0.4054338 8.864664 0.4068935 8.926032 0.05064882 8.864664 0.4068935 8.860797 0.4073443 8.862767 -1.025054 8.975807 -1.186706 8.7317 -1.172756 -1.025108 0.5057477 -0.9151031 0.3921725 -1.025054 0.5258032 -1.025054 0.5258032 -0.9171106 0.3609066 -1.186706 0.3970501 8.862767 0.5258032 8.76008 0.3921725 8.996381 0.3609066 8.996381 -0.9171106 8.76008 -0.9151031 8.862439 -1.024953 -0.9151031 0.3921725 -1.025109 0.302759 -1.024953 0.2947862 -1.186706 0.3970501 -1.025046 0.3117377 -1.025109 0.302759 8.915333 0.1961839 8.844545 0.6605005 8.93241 0.1988754 -1.197285 0.1961839 -1.45211 0.6584298 -1.448742 0.659915 -1.200357 0.1988754 -1.45211 0.6584298 -1.210459 0.1848268 8.842644 0.7545288 8.842301 0.7723301 9.020141 0.6972585 -1.652813 0.6959173 -1.298507 0.6456394 -1.449414 0.7723301 8.713954 0.6456394 8.842784 0.5436783 9.020141 0.6972585 8.8169 -1.652813 8.843707 -1.451481 8.67736 -1.524935 8.843707 0.5541107 8.842638 0.5645682 8.67736 0.6024378 -1.298507 0.6456394 -1.449939 0.5645682 -1.449537 0.5436783 -1.19292 -0.06987076 -1.078347 0.5667177 -1.208901 -0.06901914 8.930386 -0.06901914 9.180906 0.5682356 8.916694 -0.05630907 8.930386 -0.06901914 9.182918 0.5667177 9.180906 0.5682356 -1.078124 0.682566 -1.223638 0.5644816 -1.078121 0.6869598 9.180901 -1.078124 9.338063 -1.154881 9.060594 -1.223638 -1.077406 0.7181883 -1.223638 0.5644816 -0.8857866 0.5285349 -1.154881 0.5913806 -0.8857866 0.5285349 -1.078294 0.4397315 -1.223638 0.5644816 -1.078102 0.4388642 -0.8857866 0.5285349 9.060594 0.5644816 9.181009 0.4397315 9.180881 0.4388642 -0.8857866 0.5285349 -1.078102 0.4388642 -1.07812 0.455854 -1.20333 0.07952195 -1.133886 0.4366899 -1.138195 0.4375517 8.921589 0.06106515 8.690785 0.4366899 8.930561 0.07952195 8.921589 0.06106515 8.688393 0.4352463 8.690785 0.4366899 8.690128 0.5479393 8.687089 0.5918442 8.524743 0.4455081 -1.134137 0.573882 -1.205151 0.4462214 -1.137618 0.5918442 8.690128 0.5479393 8.524743 0.4455081 8.693449 0.573882 8.693449 0.573882 8.524743 0.4455081 8.624967 0.3373845 8.817575 0.4462214 8.524743 0.4455081 8.687089 0.5918442 8.693449 0.573882 8.624967 0.3373845 8.817575 0.4462214 8.817575 0.4462214 8.68929 0.2984235 8.524743 0.4455081 8.696264 0.3047194 8.68929 0.2984235 8.817575 0.4462214 -1.00272 0.3373845 -1.139124 0.3047194 -1.205151 0.4462214 -1.193344 0.1577095 -1.325209 0.5023937 -1.208682 0.1437786 -1.193344 0.1577095 -1.325065 0.5035849 -1.322034 0.5039965 8.929552 0.1437786 9.007655 0.5035849 8.915274 0.1536734 9.011114 0.5702819 9.014681 0.465789 9.007929 0.4666278 -1.324922 0.5702819 -1.316165 0.494794 -1.325648 0.465789 -1.203567 -0.1021757 -0.9610594 0.4570263 -0.9643424 0.4587309 -1.210383 -0.09112556 -0.9641795 0.4591591 -1.195355 -0.1083875 8.932733 -0.1021757 8.980806 0.4587309 8.921882 -0.09112556 -0.9631625 0.5375081 -1.09214 0.4691471 -0.9617809 0.56485 -0.9631625 0.5673178 -1.09214 0.4691471 -0.9631625 0.5375081 8.97931 0.56485 9.13104 0.472499 8.978921 0.5673178 8.97931 0.56485 8.842198 0.4440981 9.13104 0.472499 -1.09214 0.4691471 -0.9631173 0.3468001 -0.9631953 0.3665303 9.13104 0.472499 8.980464 0.3468001 8.875773 0.4691471 8.842198 0.4440981 8.978927 0.3661085 9.13104 0.472499 8.875773 -1.09214 8.978908 -0.9631953 8.842198 -0.8069891 8.916525 0.1210664 8.693234 0.4094497 8.927947 0.1406179 8.926586 -1.211111 8.690216 -1.386029 8.916525 -1.196981 -1.211111 0.11866 -1.386087 0.4094497 -1.38894 0.4066267 8.690839 0.5420278 8.501894 0.4038421 8.691115 0.5087181 8.690839 0.5420278 8.833593 0.3922781 8.501894 0.4038421 8.693742 0.4949326 8.694123 0.3109732 8.833593 0.3922781 8.691115 0.5087181 8.501894 0.4038421 8.694123 0.3109732 8.501894 0.4038421 8.690988 0.2931502 8.694123 0.3109732 8.833593 0.3922781 8.694123 0.3109732 8.688115 0.2822024 8.957385 -0.747601 8.925451 -0.7500054 8.912644 0.4410337 -1.182913 -0.7500054 -1.205149 0.4408392 -1.193353 0.4410337 8.928952 -0.7493199 8.917607 0.441221 8.905293 0.4408392 8.916543 0.1124132 8.624213 0.5234911 8.627348 0.526058 -1.210698 0.1255069 -1.198795 0.1346573 -1.297092 0.526058 8.51644 0.5085936 8.62825 0.4867916 8.625779 0.4322329 8.62825 0.4867916 8.784037 0.4859929 8.625361 0.424342 8.625361 0.424342 8.51644 0.5085936 8.625779 0.4322329 8.926311 0.03465222 9.044874 0.401629 9.048825 0.4000375 8.915126 0.03959574 8.929848 0.02561863 9.047593 0.3999401 -1.207758 0.02561863 -1.25613 0.4000375 -1.259406 0.3999401 -1.257353 0.5283151 -1.131781 0.3804382 -1.25808 0.5543699 9.046909 0.5283151 9.046793 0.5374208 8.891136 0.3977129 -1.257393 0.5374208 -1.25808 0.5543699 -1.397275 0.3419751 -1.25808 0.5543699 -1.259435 0.307125 -1.397275 0.3419751 -1.131781 0.3804382 -1.257349 0.2627875 -1.259435 0.307125 9.149523 0.3804382 8.891136 0.3977129 9.046908 0.2628069 8.929951 0.03537045 8.916221 0.03200918 8.861761 0.4054338 -1.198634 0.03200918 -1.026634 0.4073443 -1.02334 0.4054338 -1.198634 0.03200918 -1.209614 0.05064882 -1.026634 0.4073443 -1.025132 0.5234148 -1.025054 0.5258032 -1.172756 0.4106838 -1.025108 0.5057477 -1.025132 0.5234148 -0.9151031 0.3921725 -0.9151031 0.3921725 -1.025132 0.5234148 -1.172756 0.4106838 8.76008 -0.9151031 8.7317 -1.172756 8.862365 -1.025109 8.7317 -1.172756 8.975807 -1.186706 8.862365 -1.025109 8.975807 -1.186706 8.996381 -0.9171106 8.863036 -1.025046 8.996381 0.3609066 8.862439 0.2947862 8.863036 0.3117377 8.915333 0.1961839 8.84074 0.659915 8.844545 0.6605005 -1.197285 0.1961839 -1.210459 0.1848268 -1.45211 0.6584298 -1.200357 0.1988754 -1.448895 0.6605005 -1.45211 0.6584298 -1.449948 0.750836 -1.652813 0.6959173 -1.449414 0.7723301 8.842641 -1.449948 9.020141 -1.376525 8.8169 -1.652813 8.842641 0.750836 8.842644 0.7545288 9.020141 0.6972585 8.842301 -1.449414 8.713954 -1.298507 9.020141 -1.376525 8.713954 -1.298507 8.8169 -1.652813 8.67736 -1.524935 -1.652813 0.6959173 -1.376525 0.6972585 -1.451481 0.5541107 8.843707 0.5541107 9.020141 0.6972585 8.842784 0.5436783 8.713954 -1.298507 8.67736 -1.524935 8.842638 -1.449939 8.923494 -0.06987076 9.179493 0.5679476 9.182918 0.5667177 -1.19292 -0.06987076 -1.206187 -0.05630907 -1.076259 0.5679476 -1.206187 -0.05630907 -1.080323 0.5682356 -1.076259 0.5679476 -1.078121 0.6869598 -1.223638 0.5644816 -1.077406 0.7181883 9.180901 0.682566 9.180883 0.7181883 9.338063 0.5913806 -1.077406 0.7181883 -0.8857866 0.5285349 -1.154881 0.5913806 9.338063 0.5913806 9.181009 0.4397315 9.060594 0.5644816 -1.078294 0.4397315 -0.8857866 0.5285349 -1.07812 0.455854 -1.194376 0.06106515 -1.207575 0.0595643 -1.135967 0.4352463 8.916928 0.0595643 8.690643 0.4375517 8.688393 0.4352463 8.916928 0.0595643 8.930561 0.07952195 8.690643 0.4375517 8.624967 -1.00272 8.524743 -1.115539 8.68929 -1.13645 -1.193344 0.1577095 -1.322034 0.5039965 -1.325209 0.5023937 -1.193344 0.1577095 -1.205933 0.1536734 -1.325065 0.5035849 8.929552 0.1437786 9.01182 0.5023937 9.007655 0.5035849 8.932733 -0.1021757 8.919531 -0.1083875 8.979058 0.4570263 -1.195355 -0.1083875 -0.9641795 0.4591591 -0.9610594 0.4570263 8.921882 -0.09112556 8.980806 0.4587309 8.976979 0.4591591 8.978921 0.5673178 9.13104 0.472499 8.875773 0.4691471 8.97931 -0.9617809 8.875773 -1.09214 8.842198 -0.8069891 8.980464 0.3468001 9.13104 0.472499 8.978927 0.3661085 -0.8069891 0.4440981 -0.9631953 0.3665303 -0.9631461 0.3661085 8.916525 0.1210664 8.690216 0.4064271 8.693234 0.4094497 8.926586 -1.211111 8.692732 -1.38894 8.690216 -1.386029 -1.211111 0.11866 -1.199263 0.1406179 -1.386087 0.4094497 8.693742 0.4949326 8.833593 0.3922781 8.690839 0.5420278 8.691115 0.5087181 8.694123 0.3109732 8.693742 0.4949326 8.501894 0.4038421 8.688115 0.2822024 8.690988 0.2931502 8.501894 0.4038421 8.833593 0.3922781 8.688115 0.2822024 -2.965402 -0.6266051 -2.96556 0.2882286 -2.974188 0.2883715 -2.988565 -0.6278525 -2.976788 0.2880803 -2.954132 -0.62835 -2.965402 -0.6266051 -2.974188 0.2883715 -2.988565 -0.6278525 -2.971807 -0.1308399 -2.796525 0.3476867 -2.79918 0.3486139 -2.975309 -0.1260649 -2.796525 0.3476867 -2.963606 -0.1359485 9.122846 -0.1260649 9.162103 0.3486139 9.158915 0.3489889 9.160301 0.4523617 9.00948 0.3671618 9.160284 0.4541446 9.160301 -2.798366 9.18641 -2.679899 9.33057 -2.837396 9.00948 0.3671618 9.33057 0.3622821 9.160302 0.2432966 9.18641 0.3839942 9.16043 0.2298526 9.33057 0.3622821 -2.900956 0.3671618 -2.798746 0.2432966 -2.679899 0.3839942 -2.679899 0.3839942 -2.798361 0.259884 -2.798391 0.2298526 9.124867 -0.1336821 9.021463 0.3933645 9.135979 -0.1324089 9.124867 -0.1336821 9.018293 0.3929444 9.021463 0.3933645 -2.977417 -0.1382033 -3.069532 0.3923841 -2.963695 -0.1336821 9.126755 -0.1382033 9.021463 0.3933645 9.018224 0.3923841 -3.069416 0.5032342 -3.234292 0.3709867 -3.083804 0.3050531 9.018534 0.4453746 9.020045 0.299071 9.022929 0.4645679 9.016465 0.5032342 8.929363 0.3050531 9.018534 0.4453746 -3.067847 0.4645679 -3.067392 0.299071 -3.234292 0.3709867 9.018534 0.4453746 8.929363 0.3050531 9.020045 0.299071 8.929363 0.3050531 9.019569 0.3173676 9.020045 0.299071 8.929363 0.3050531 9.019667 0.2973749 9.019569 0.3173676 9.059351 -3.234292 9.019667 -3.068309 8.929363 -3.083804 -3.234292 0.3709867 -3.067392 0.299071 -3.068309 0.2973749 9.123013 -0.03368799 9.367857 0.3140154 9.133526 -0.04872642 -2.969935 -0.03368799 -2.980454 0.3149132 -2.977746 0.3159688 9.132377 -0.04755841 9.366567 0.3149132 9.123013 -0.03368799 -2.976463 -0.04755841 -2.977199 0.3140154 -2.980454 0.3149132 9.366557 0.3959627 9.200368 0.335849 9.366596 0.4012955 9.366557 -2.978484 9.505762 -3.066724 9.332763 -3.132874 9.366532 0.3922159 9.505762 0.3272296 9.366557 0.3959627 9.366532 -2.978453 9.442361 -2.838532 9.505762 -3.066724 9.366596 0.4012955 9.200368 0.335849 9.366532 0.3922159 9.366557 -2.978484 9.332763 -3.132874 9.200368 -3.009656 9.366532 -2.978453 9.200368 -3.009656 9.442361 -2.838532 9.200368 0.335849 9.335666 0.232698 9.442361 0.3342575 9.505762 -3.066724 9.366594 -2.978472 9.332763 -3.132874 -2.863552 0.232698 -2.978472 0.239386 -2.978472 0.2357377 -2.863552 0.232698 -2.978465 0.2453284 -2.978472 0.239386 -2.971667 0.05294559 -2.900448 0.2828287 -2.897445 0.2822332 9.132972 0.06226122 9.066609 0.2828287 9.121698 0.05294559 9.076621 0.3310294 9.061534 0.3631339 8.907733 0.285315 9.061534 0.3631339 9.073709 0.2161702 8.907733 0.285315 9.061534 0.3631339 9.146634 0.2728593 9.073709 0.2161702 8.907733 0.285315 9.073709 0.2161702 9.068251 0.2025771 9.146634 0.2728593 9.068251 0.2025771 9.068259 0.2223031 9.123971 -0.01398516 9.145742 0.4044678 9.13561 -0.01595427 -2.965161 -0.01398516 -3.148399 0.4032698 -3.14549 0.4044678 -2.966409 -0.01595427 -3.147517 0.4035012 -2.976879 -0.02384109 -3.147166 0.471383 -3.14735 0.4817712 -3.230954 0.3716259 9.146084 -3.147166 9.065581 -3.025371 9.294338 -3.086917 -3.147166 0.471383 -3.025371 0.4201283 -3.147166 0.4721066 9.146098 0.4817712 9.294338 0.4242573 9.063538 0.3716259 9.294338 0.4242573 9.146337 0.3278486 9.063538 0.3716259 9.065581 -3.025371 9.146337 -3.147217 9.294338 -3.086917 -3.146728 0.31368 -3.147217 0.3278486 -3.025371 0.4201283 9.121729 -0.1596965 9.226316 0.3151971 9.132223 -0.1688433 -2.971639 -0.1596965 -2.863004 0.3153424 -2.860418 0.3151971 -2.963961 -0.1688433 -2.863004 0.3153424 -2.977545 -0.1609346 9.228096 0.3977826 9.065074 0.3144043 9.228124 0.4082217 9.228096 0.3977826 9.3422 0.3150847 9.065074 0.3144043 9.228094 0.4100327 9.228124 0.4082217 9.3422 0.3150847 9.065074 -2.856486 9.294427 -2.681104 9.228124 -2.861013 9.065074 0.3144043 9.228088 0.2065079 9.228155 0.2166918 9.065074 0.3144043 9.228088 0.2275169 9.228088 0.2065079 9.3422 0.3150847 9.228155 0.2166918 9.228088 0.2275169 9.127678 0.07708667 9.01493 0.3207798 9.017307 0.3218804 -2.971547 0.07121078 -2.983548 0.3207798 -2.962872 0.07708667 9.016042 0.3974247 8.920827 0.3060315 9.008648 0.3985817 9.008648 0.3985817 9.011441 0.283128 9.019099 0.3376636 9.008648 0.3985817 8.920827 0.3060315 9.011441 0.283128 -2.98723 0.3376636 -2.980047 0.283128 -2.9855 0.2376504 8.920827 -2.960674 9.016032 -2.9855 9.016045 -2.985022 -2.962668 -0.05955945 -3.095335 0.4610404 -2.97396 -0.06872966 -2.974466 -0.06001708 -3.093706 0.4625438 -2.962668 -0.05955945 9.135039 -0.06872966 9.318174 0.4616546 9.122307 -0.06001708 9.318929 0.5570668 9.456123 0.4613568 9.323471 0.539549 9.319027 0.5458944 9.257868 0.4390397 9.456123 0.4613568 -3.103559 0.539549 -2.966802 0.4390397 -3.094729 0.5458944 9.456123 0.4613568 9.319292 0.3775804 9.323471 0.539549 9.257868 -2.966802 9.318944 -3.094665 9.456123 -3.136799 9.456123 -3.136799 9.319018 -3.094705 9.319292 -3.098415 -3.098415 0.3775804 -3.094665 0.3812392 -2.966802 0.4390397 9.122078 0.1240463 9.089345 0.3938757 9.136465 0.1293064 -2.96783 0.1240463 -2.753499 0.3953789 -2.751174 0.3938757 -2.976061 0.1364924 -2.753499 0.3953789 -2.96783 0.1240463 9.126 0.1364924 9.091506 0.3955483 9.087889 0.3953789 9.089694 0.527683 9.029443 0.4611518 9.152142 0.3873144 9.088808 0.4303261 9.089632 0.2699156 9.029443 0.4611518 9.152142 0.3873144 9.089632 0.2699156 9.088808 0.4303261 9.156958 -0.6266051 9.125735 -0.62835 9.117898 0.2882286 -2.954132 -0.62835 -2.976788 0.2880803 -2.96556 0.2882286 9.138911 -0.6278525 9.124771 0.2883715 9.114773 0.2880803 -2.971807 -0.1308399 -2.963606 -0.1359485 -2.796525 0.3476867 -2.975309 -0.1260649 -2.799505 0.3489889 -2.796525 0.3476867 9.122846 -0.1260649 9.136725 -0.1308399 9.162103 0.3486139 9.160301 0.4523617 9.33057 0.3622821 9.00948 0.3671618 -2.798366 0.4523617 -2.798375 0.4428245 -2.679899 0.3839942 -2.798375 0.4428245 -2.798374 0.4541446 -2.679899 0.3839942 -2.798374 0.4541446 -2.900956 0.3671618 -2.679899 0.3839942 9.160302 0.2432966 9.33057 0.3622821 9.16043 0.2298526 -2.679899 0.3839942 -2.798746 0.2432966 -2.798361 0.259884 -2.963695 -0.1336821 -3.069532 0.3923841 -3.066902 0.3929444 9.126755 -0.1382033 9.135979 -0.1324089 9.021463 0.3933645 -3.067847 0.4645679 -3.234292 0.3709867 -3.069416 0.5032342 9.123013 -0.03368799 9.365274 0.3159688 9.367857 0.3140154 -2.976463 -0.04755841 -2.96572 -0.04872642 -2.977199 0.3140154 9.442361 -2.838532 9.335666 -2.863552 9.505762 -3.066724 9.200368 -3.009656 9.332763 -3.132874 9.335666 -2.863552 -3.132874 0.3116471 -2.978472 0.2357377 -2.978465 0.2453284 9.505762 -3.066724 9.335666 -2.863552 9.366594 -2.978472 9.335666 -2.863552 9.332763 -3.132874 9.366581 -2.978465 -2.964891 0.05584792 -2.897445 0.2822332 -2.899584 0.283549 9.134629 0.05584792 9.121698 0.05294559 9.068149 0.2822332 9.132972 0.06226122 9.070044 0.283549 9.066609 0.2828287 -2.975855 0.06226122 -2.964891 0.05584792 -2.899584 0.283549 9.076621 0.3310294 8.907733 0.285315 9.068251 0.2025771 9.073709 -2.908681 9.146634 -2.873256 9.068259 -2.899188 9.146634 0.2728593 9.076621 0.3310294 9.068251 0.2025771 -2.966409 -0.01595427 -3.14549 0.4044678 -3.147517 0.4035012 -2.965161 -0.01398516 -2.976879 -0.02384109 -3.148399 0.4032698 9.126289 -0.02384109 9.148009 0.4035012 9.144478 0.4032698 9.146098 0.4817712 9.146084 0.4721066 9.294338 0.4242573 9.145984 -3.147166 9.063538 -3.230954 9.065581 -3.025371 9.065581 -3.025371 9.063538 -3.230954 9.145775 -3.146728 -3.146728 0.31368 -3.230954 0.3716259 -3.147176 0.3417001 -3.230954 0.3716259 -3.147217 0.3278486 -3.147176 0.3417001 9.132223 -0.1688433 9.226316 0.3151971 9.229261 0.314242 9.121729 -0.1596965 9.130773 -0.1609346 9.228597 0.3153424 -2.963961 -0.1688433 -2.859643 0.314242 -2.863004 0.3153424 9.228096 0.3977826 9.228094 0.4100327 9.3422 0.3150847 -2.960732 0.3150847 -2.861013 0.4082217 -2.681104 0.2910618 9.3422 -2.960732 9.294427 -2.681104 9.228155 -2.86103 9.294427 -2.681104 9.065074 -2.856486 9.228155 -2.86103 9.065074 0.3144043 9.3422 0.3150847 9.228088 0.2275169 -2.975393 0.08152467 -2.962872 0.07708667 -2.983856 0.3218804 -2.971547 0.07121078 -2.986949 0.3209643 -2.983548 0.3207798 9.122249 0.07121078 9.134282 0.08152467 9.015787 0.3209643 -2.975393 0.08152467 -2.983856 0.3218804 -2.986949 0.3209643 9.016042 0.3974247 9.019099 0.3376636 8.920827 0.3060315 8.920827 0.3060315 9.019099 0.3376636 9.016032 0.2376504 9.011441 0.283128 8.920827 0.3060315 9.016045 0.2373962 9.129388 -0.05955945 9.317683 0.4625438 9.320705 0.4610404 -2.974466 -0.06001708 -3.096662 0.4616546 -3.093706 0.4625438 9.135039 -0.06872966 9.320705 0.4610404 9.318174 0.4616546 9.318929 0.5570668 9.319027 0.5458944 9.456123 0.4613568 -3.103559 0.539549 -3.098415 0.3775804 -2.966802 0.4390397 9.456123 0.4613568 9.318944 0.3812392 9.319018 0.3747873 -2.969051 0.1293064 -2.751174 0.3938757 -2.753076 0.3955483 -2.976061 0.1364924 -2.969051 0.1293064 -2.753076 0.3955483 9.088808 0.4303261 9.089694 0.527683 9.152142 0.3873144 9.089694 0.527683 9.089413 0.5093254 9.029443 0.4611518 9.089413 0.5093254 9.088808 0.4303261 9.029443 0.4611518 9.152142 0.3873144 9.029443 0.4611518 9.089682 0.2750308 9.152142 0.3873144 9.089682 0.2750308 9.089632 0.2699156 10.53649 -0.5564141 10.52422 0.5007486 10.53415 0.5009137 10.55154 -0.5578556 10.5333 0.5005772 10.51645 -0.5584305 -3.263954 -0.5564141 -3.295635 0.5009137 -3.287511 -0.5578556 10.53581 0.01648182 10.38582 0.5694572 10.38892 0.5705286 10.53454 0.02199972 10.38582 0.5694572 10.52542 0.01057838 -3.29772 0.02199972 -3.206529 0.5705286 -3.209494 0.5709619 -3.207888 0.6904173 -3.375855 0.5919621 -3.207906 0.6924776 10.38762 -3.207888 10.28958 -3.146818 10.47674 -3.067456 -3.375855 0.5919621 -3.067456 0.5863233 -3.208008 0.4488262 10.28958 0.6114134 10.38768 0.4332905 10.47674 0.5863233 -3.375855 0.5919621 -3.208008 0.4488262 -3.146818 0.6114134 10.28958 0.6114134 10.38761 0.4679942 10.38768 0.4332905 10.52476 0.01319739 10.58587 0.6222415 10.53657 0.01466863 -3.292216 0.01319739 -3.420663 0.621756 -3.418285 0.6222415 10.53767 0.007972841 10.58588 0.6211085 10.52476 0.01319739 -3.294881 0.007972841 -3.418285 0.6222415 -3.42156 0.6211085 10.58521 0.7492046 10.74683 0.5963822 10.57046 0.5201906 -3.42045 0.6823433 -3.419246 0.5132779 -3.416802 0.7045226 -3.423102 0.7492046 -3.505855 0.5201906 -3.42045 0.6823433 10.58586 0.7045226 10.58454 0.5132779 10.74683 0.5963822 -3.42045 0.6823433 -3.505855 0.5201906 -3.419246 0.5132779 -3.505855 0.5201906 -3.419975 0.5344211 -3.419246 0.5132779 -3.505855 0.5201906 -3.419876 0.5113178 -3.419975 0.5344211 10.74683 -3.436987 10.58524 -3.419876 10.57046 -3.505855 10.74683 0.5963822 10.58454 0.5132779 10.58524 0.5113178 -3.295863 0.1287485 -3.078401 0.5305472 -3.285087 0.1113704 10.52977 0.1287485 10.61659 0.5315847 10.61374 0.5328046 -3.289532 0.1127201 -3.080593 0.5315847 -3.295863 0.1287485 -3.289532 0.1127201 -3.078401 0.5305472 -3.080593 0.5315847 -3.079976 0.6252438 -3.239048 0.5557778 -3.079923 0.6314063 10.61481 -3.079976 10.73824 -2.98306 10.74266 -3.159357 10.61478 0.6209142 10.73824 0.5458174 10.61481 0.6252438 10.61478 -3.079988 10.51328 -2.967474 10.73824 -2.98306 -3.079923 0.6314063 -3.239048 0.5557778 -3.079988 0.6209142 10.61481 -3.079976 10.74266 -3.159357 10.59 -3.239048 10.61478 -3.079988 10.59 -3.239048 10.51328 -2.967474 -3.239048 0.5557778 -3.071192 0.4365786 -2.967474 0.5539387 10.73824 -2.98306 10.61481 -3.079939 10.74266 -3.159357 10.50184 0.4365786 10.61483 0.4443071 10.61481 0.4400912 10.50184 0.4365786 10.6148 0.451174 10.61483 0.4443071 10.53091 0.2288605 10.44948 0.4945085 10.44727 0.4938204 10.53825 0.2396254 10.44948 0.4945085 10.53091 0.2288605 -3.313711 0.5502083 -3.329595 0.5873076 -3.466717 0.4973817 -3.329595 0.5873076 -3.320657 0.4174795 -3.466717 0.4973817 -3.329595 0.5873076 -3.243947 0.4829882 -3.320657 0.4174795 -3.466717 0.4973817 -3.320657 0.4174795 -3.32252 0.4017715 -3.243947 0.4829882 -3.32252 0.4017715 -3.322534 0.4245664 -3.293486 0.1515167 -3.331232 0.6350722 -3.283436 0.1492412 10.52579 0.1515167 10.69678 0.6336878 10.69457 0.6350722 -3.283436 0.1492412 -3.329842 0.6339552 -3.295128 0.1401274 -3.331548 0.712398 -3.331504 0.7244024 -3.432168 0.5971207 10.69618 -3.331458 10.56128 -3.365024 10.6892 -3.179247 10.69615 0.712398 10.56128 0.6531691 10.69618 0.7132341 -3.331504 0.7244024 -3.179247 0.6579405 -3.432168 0.5971207 -3.179247 0.6579405 -3.331247 0.5465326 -3.432168 0.5971207 10.56128 -3.365024 10.69631 -3.331247 10.6892 -3.179247 10.69569 0.5301597 10.69631 0.5465326 10.56128 0.6531691 -3.297556 -0.01686425 -3.168347 0.5319129 -3.285698 -0.0274342 10.53089 -0.01686425 10.46733 0.5320807 10.46429 0.5319129 10.52733 -0.0274342 10.46733 0.5320807 10.53907 -0.01829503 -3.16695 0.6273469 -3.311827 0.5309967 -3.166913 0.6394102 -3.16695 0.6273469 -3.096199 0.5317829 -3.311827 0.5309967 10.46541 0.6415028 10.46539 0.6394102 10.59114 0.5317829 -3.311827 0.5309967 -3.050246 0.5040226 -3.166913 0.6394102 -3.311827 0.5309967 -3.166955 0.4063138 -3.166891 0.4180821 -3.311827 0.5309967 -3.166955 0.4305915 -3.166955 0.4063138 10.59114 0.5317829 10.46542 0.4180821 10.46541 0.4305915 -3.289432 0.2567574 -3.397201 0.538364 -3.395165 0.5396359 -3.29706 0.2499673 -3.397201 0.538364 -3.289432 0.2567574 -3.396678 0.6269333 -3.4744 0.5213212 -3.403592 0.6282703 10.50778 0.6282703 10.5034 0.4948544 10.51228 0.5578747 -3.403592 0.6282703 -3.4744 0.5213212 -3.39922 0.4948544 10.51228 0.5578747 10.5034 0.4948544 10.50975 0.4423015 10.45723 0.5213212 10.50975 0.4423015 10.50933 0.4420078 10.52527 0.098852 10.70513 0.7004463 10.5372 0.08825509 -3.297935 0.09832316 -3.160449 0.7021836 -3.287832 0.098852 -3.286346 0.08825509 -3.160948 0.701156 -3.297935 0.09832316 -3.159783 0.8114123 -3.049877 0.7008119 -3.158384 0.7911693 10.70405 0.7985018 10.5698 0.6750227 10.78537 0.7008119 10.71339 0.7911693 10.5698 0.6750227 10.70405 0.7985018 -3.049877 0.7008119 -3.160501 0.6040016 -3.158384 0.7911693 10.5698 0.6750227 10.70397 0.6082297 10.78537 0.7008119 10.78537 -3.049877 10.70403 -3.159568 10.70745 -3.160501 10.70745 0.6040016 10.70397 0.6082297 10.5698 0.6750227 -3.296033 0.311023 -3.256585 0.6228322 -3.283507 0.3171014 10.52758 0.311023 10.32434 0.6245693 10.32272 0.6228322 10.53622 0.3254054 10.32434 0.6245693 10.52758 0.311023 -3.295128 0.3254054 -3.25525 0.6247651 -3.258631 0.6245693 -3.256714 0.7774571 -3.303794 0.7005751 -3.185045 0.6152501 -3.259161 0.6649535 -3.256866 0.4795865 -3.303794 0.7005751 -3.185045 0.6152501 -3.256866 0.4795865 -3.259161 0.6649535 -3.263954 -0.5564141 -3.288399 -0.5584305 -3.299064 0.5007486 10.51645 -0.5584305 10.5333 0.5005772 10.52422 0.5007486 -3.287511 -0.5578556 -3.295635 0.5009137 -3.305436 0.5005772 10.53581 0.01648182 10.52542 0.01057838 10.38582 0.5694572 10.53454 0.02199972 10.3882 0.5709619 10.38582 0.5694572 -3.29772 0.02199972 -3.284149 0.01648182 -3.206529 0.5705286 -3.207888 0.6904173 -3.067456 0.5863233 -3.375855 0.5919621 10.38762 0.6904173 10.38763 0.6793964 10.28958 0.6114134 10.38763 0.6793964 10.38762 0.6924776 10.28958 0.6114134 -3.207906 0.6924776 -3.375855 0.5919621 -3.146818 0.6114134 -3.208008 0.4488262 -3.067456 0.5863233 -3.207781 0.4332905 10.28958 0.6114134 10.38796 0.4488262 10.38761 0.4679942 10.52476 0.01319739 10.58588 0.6211085 10.58354 0.621756 -3.294881 0.007972841 -3.285172 0.01466863 -3.418285 0.6222415 10.58586 0.7045226 10.74683 0.5963822 10.58521 0.7492046 -3.295863 0.1287485 -3.080893 0.5328046 -3.078401 0.5305472 10.5386 0.1127201 10.52933 0.1113704 10.61407 0.5305472 10.51328 0.5539387 10.50184 0.4365786 10.73824 0.5458174 10.59 -3.239048 10.74266 -3.159357 10.50184 -3.071192 10.74266 0.5278105 10.61481 0.4400912 10.6148 0.451174 10.73824 -2.98306 10.50184 -3.071192 10.61481 -3.079939 10.50184 -3.071192 10.74266 -3.159357 10.6148 -3.079948 10.52893 0.2322143 10.44727 0.4938204 10.4498 0.4953409 -3.283834 0.2322143 -3.297593 0.2288605 -3.322079 0.4938204 -3.288804 0.2396254 -3.321057 0.4953409 -3.324415 0.4945085 10.53825 0.2396254 10.52893 0.2322143 10.4498 0.4953409 -3.313711 0.5502083 -3.466717 0.4973817 -3.32252 0.4017715 10.45913 -3.320657 10.4505 -3.243947 10.44887 -3.322534 -3.243947 0.4829882 -3.313711 0.5502083 -3.32252 0.4017715 10.53061 0.1492412 10.69457 0.6350722 10.69711 0.6339552 10.52579 0.1515167 10.53704 0.1401274 10.69678 0.6336878 -3.295128 0.1401274 -3.329842 0.6339552 -3.333291 0.6336878 -3.331504 0.7244024 -3.331458 0.7132341 -3.179247 0.6579405 10.69615 0.712398 10.74516 0.5971207 10.56128 0.6531691 10.56128 -3.365024 10.74516 -3.432168 10.69569 -3.331596 -3.331596 0.5301597 -3.432168 0.5971207 -3.33147 0.5625391 -3.432168 0.5971207 -3.331247 0.5465326 -3.33147 0.5625391 -3.285698 -0.0274342 -3.168347 0.5319129 -3.165457 0.5308092 10.53089 -0.01686425 10.53907 -0.01829503 10.46733 0.5320807 10.52733 -0.0274342 10.46453 0.5308092 10.46733 0.5320807 10.46542 0.6273469 10.46541 0.6415028 10.59114 0.5317829 10.59114 0.5317829 10.46539 0.6394102 10.32497 0.5040226 10.59114 0.5317829 10.32497 0.5040226 10.46542 0.4180821 10.32497 -3.050246 10.40953 -3.311827 10.46542 -3.166891 -3.311827 0.5309967 -3.096199 0.5317829 -3.166955 0.4305915 10.53825 0.2618859 10.52491 0.2567574 10.50868 0.5396359 10.53097 0.2499673 10.51098 0.5385772 10.50765 0.538364 -3.29706 0.2499673 -3.287481 0.2618859 -3.397512 0.5385772 -3.287481 0.2618859 -3.395165 0.5396359 -3.397512 0.5385772 -3.396678 0.6269333 -3.394629 0.5578747 -3.4744 0.5213212 -3.4744 0.5213212 -3.394629 0.5578747 -3.396833 0.4423015 -3.39922 0.4948544 -3.4744 0.5213212 -3.396668 0.4420078 10.52527 0.098852 10.70271 0.7021836 10.70513 0.7004463 10.53361 0.09832316 10.70552 0.701156 10.70271 0.7021836 -3.286346 0.08825509 -3.158254 0.7004463 -3.160948 0.701156 -3.159783 0.8114123 -3.159568 0.7985018 -3.049877 0.7008119 10.71339 0.7911693 10.70745 0.6040016 10.5698 0.6750227 -3.049877 0.7008119 -3.159622 0.6082297 -3.159568 0.600774 10.53325 0.3171014 10.32272 0.6228322 10.32511 0.6247651 -3.295128 0.3254054 -3.283507 0.3171014 -3.25525 0.6247651 -3.259161 0.6649535 -3.256714 0.7774571 -3.185045 0.6152501 -3.256714 0.7774571 -3.257007 0.7562435 -3.303794 0.7005751 -3.257007 0.7562435 -3.259161 0.6649535 -3.303794 0.7005751 -3.185045 0.6152501 -3.303794 0.7005751 -3.25659 0.4854975 -3.185045 0.6152501 -3.25659 0.4854975 -3.256866 0.4795865 -2.168604 -0.6230885 -2.154692 0.8881007 -2.167699 0.8883365 -2.190342 -0.6253421 -2.16726 0.8878561 -2.143582 -0.6262408 11.16667 -0.6230885 11.12423 0.8883365 11.13629 -0.6253421 -2.163546 0.5807778 -2.143861 1.004607 -2.139192 1.004522 11.13451 0.5679824 11.30048 1.004607 11.12189 0.5807778 11.13451 0.5679824 11.30315 1.002986 11.30048 1.004607 -2.14112 1.178277 -1.976586 1.013156 -2.133706 1.05612 -2.206729 0.9720413 -1.976586 1.013156 -2.14112 1.178277 -1.976586 1.013156 -2.140479 0.805232 -2.133706 1.05612 -2.206729 0.9720413 -2.141096 0.8319628 -1.976586 1.013156 11.14182 0.9720413 11.3009 0.8559344 11.30104 0.8319628 11.14182 0.9720413 11.30232 0.805232 11.3009 0.8559344 11.33013 1.035812 11.30232 0.805232 11.14182 0.9720413 -2.161761 0.2671416 -2.079093 1.14933 -2.083267 1.14985 11.12703 0.2592095 11.0168 1.14933 11.14028 0.2671416 11.14028 0.2671416 11.01623 1.14985 11.12478 0.2635649 -2.08106 1.260213 -1.933635 1.149674 -2.080989 1.288295 11.01531 -2.08106 10.85094 -2.236988 10.89182 -1.933635 11.01531 1.260213 11.01541 1.283365 10.85094 1.128821 11.01541 1.283365 11.01539 1.288295 11.22614 1.131654 11.01539 1.288295 10.89182 1.149674 11.22614 1.131654 11.22614 1.131654 11.01537 1.026537 11.01532 1.014397 -1.933635 1.149674 -2.081016 1.040038 -2.081021 1.026537 11.12113 -2.165678 11.19625 -2.390236 11.13913 -2.160588 -2.169347 0.7091418 -2.392188 0.8559863 -2.165678 0.7223004 11.12985 -2.169347 11.20011 -2.39047 11.19622 -2.392188 11.19746 -2.391044 11.29955 -2.570096 11.03516 -2.433117 -2.390907 1.0334 -2.570096 0.8809992 -2.391044 1.006988 11.03516 0.9190435 11.31014 0.8131778 11.19937 1.0334 11.03516 0.9190435 11.18187 0.677241 11.31014 0.8131778 11.12962 0.6660751 11.22626 1.103285 11.23024 1.102472 -2.171807 0.6749391 -2.011585 1.104649 -2.007502 1.103285 11.1402 0.6678753 11.22811 1.104649 11.12572 0.6749391 -2.188875 1.054026 -1.996071 1.035654 -2.008488 1.321094 11.3474 1.049774 11.22817 0.9238523 11.22819 0.9075593 -2.170591 0.4697886 -2.256442 1.021642 -2.260241 1.021784 -2.154615 0.4646047 -2.25993 1.019179 -2.256442 1.021642 11.13858 0.4697886 10.86725 1.019179 11.12362 0.4484569 -2.258859 1.147495 -2.321764 1.005553 -2.261612 1.163173 10.86917 1.147495 11.01498 1.07792 10.86008 1.005553 -2.261612 1.163173 -2.090442 1.00444 -2.25884 1.158438 11.01498 1.07792 10.86889 0.8771355 10.86008 1.005553 -2.090442 1.00444 -2.258486 0.8771355 -2.283393 1.07792 -2.272704 1.015247 -2.258486 0.8771355 -2.090442 1.00444 -2.174619 0.4408348 -2.260916 0.7864503 -2.159278 0.4607261 11.12786 0.4408348 11.35632 0.7837359 11.35329 0.7864503 11.35467 -2.259005 11.28572 -2.432621 11.20871 -2.141653 11.35467 -2.259005 11.57195 -2.206779 11.28572 -2.432621 11.35477 0.9092674 11.3548 0.9013335 11.57195 0.8001974 11.35467 0.9069657 11.20871 0.8511467 11.3548 0.9013335 11.3548 -2.258955 11.20871 -2.141653 11.57195 -2.206779 -2.259157 0.6515307 -2.259006 0.6880287 -2.432621 0.8359935 11.35124 0.6707459 11.35473 0.6515307 11.57195 0.8001974 -2.160094 0.138427 -1.847023 0.7861559 -1.84447 0.7848943 -2.17186 0.1656934 -1.847023 0.7861559 -2.160094 0.138427 -2.161524 0.1561124 -1.847225 0.7882317 -2.17186 0.1656934 -1.846368 0.9324223 -1.990866 0.783891 -1.843737 0.9551994 -1.829582 0.8005887 -1.990866 0.783891 -1.846368 0.9324223 10.97502 0.7040728 11.00154 0.6290822 11.01175 0.8005887 11.13146 0.3667178 11.08274 1.002096 11.08616 1.001236 -2.168393 0.3520399 -2.337107 1.002096 -2.155585 0.3667178 11.12114 0.3520399 11.08616 1.001236 11.0816 1.000608 11.08377 -2.339218 11.16903 -2.28391 11.12043 -2.509828 11.12043 1.003658 10.9318 0.9282451 11.08313 1.177187 -2.28391 1.135475 -2.342233 0.8742192 -2.509828 1.003658 -2.342233 0.8742192 -2.339274 0.8330369 -2.509828 1.003658 -2.154875 0.1828727 -2.039405 1.156625 -2.170163 0.1845483 -2.168744 0.198672 -2.035381 1.156723 -2.154875 0.1828727 11.12186 0.198672 11.37686 1.156625 11.37275 1.15826 11.37475 1.316193 11.21282 1.15665 11.37482 1.25333 -2.214096 1.174831 -2.035033 1.25333 -2.038454 0.9883891 11.21282 1.15665 11.37419 0.9696929 11.37482 1.25333 11.49701 1.174831 11.37612 0.9883891 11.21282 1.15665 11.37419 0.9696929 11.37612 0.9883891 11.37482 1.25333 11.21282 1.15665 11.37476 1.032144 11.37419 0.9696929 11.16667 -0.6230885 11.13265 -0.6262408 11.11897 0.8881007 -2.143582 -0.6262408 -2.16726 0.8878561 -2.154692 0.8881007 11.13629 -0.6253421 11.12423 0.8883365 11.1111 0.8878561 11.13827 0.5614166 11.29999 1.004522 11.30315 1.002986 11.13827 0.5614166 11.12189 0.5807778 11.29999 1.004522 -2.173456 0.5679824 -2.159246 0.5614166 -2.141658 1.002986 11.33013 1.035812 11.14182 0.9720413 11.30111 1.178277 -2.133706 1.05612 -2.140479 0.805232 -2.207723 1.035812 -2.140479 0.805232 -1.976586 1.013156 -2.141096 0.8319628 11.12703 0.2592095 11.01318 1.148663 11.0168 1.14933 -2.155639 0.2592095 -2.172336 0.2635649 -2.07984 1.148663 -2.172336 0.2635649 -2.083267 1.14985 -2.07984 1.148663 11.01541 1.283365 11.22614 1.131654 10.85094 1.128821 10.85094 1.128821 11.01532 1.014397 11.01531 1.040038 10.85094 1.128821 11.22614 1.131654 11.01532 1.014397 11.22614 1.131654 10.89182 1.149674 11.01537 1.026537 10.89182 -1.933635 10.85094 -2.236988 11.01531 -2.081016 11.13913 -2.160588 11.19625 -2.390236 11.20011 -2.39047 -2.165678 0.7223004 -2.392188 0.8559863 -2.390236 0.8601024 -2.169347 0.7091418 -2.160588 0.721707 -2.39047 0.8572011 11.19756 0.9867749 11.19746 1.006988 11.03516 0.9190435 11.19756 0.9867749 11.03516 0.9190435 11.19937 1.0334 -2.390907 1.0334 -2.34305 0.8131778 -2.570096 0.8809992 11.03516 0.9190435 11.19591 0.66544 11.18187 0.677241 11.03516 0.9190435 11.29955 0.8809992 11.19591 0.66544 -2.570096 0.8809992 -2.34305 0.8131778 -2.392085 0.66544 -2.165611 0.6678753 -2.155149 0.6660751 -2.008255 1.102472 -2.155149 0.6660751 -2.171807 0.6749391 -2.007502 1.103285 -2.165611 0.6678753 -2.008255 1.102472 -2.011585 1.104649 -2.00913 1.290135 -2.188875 1.054026 -2.008488 1.321094 -2.00913 1.290135 -2.01174 1.311455 -2.188875 1.054026 -2.01174 1.311455 -2.008488 1.321094 -1.917198 1.049774 -2.01174 1.311455 -1.917198 1.049774 -2.188875 1.054026 11.22687 1.321094 11.05402 1.035654 11.3474 1.049774 -1.917198 1.049774 -2.009168 0.9164202 -2.188875 1.054026 11.05402 -1.996071 11.20034 -2.188875 11.22817 -2.00916 -2.188875 1.054026 -2.009168 0.9164202 -2.00916 0.9238523 11.3474 1.049774 11.22819 0.9075593 11.22829 0.9164202 11.3474 1.049774 11.05402 1.035654 11.22817 0.9238523 -2.170591 0.4697886 -2.154615 0.4646047 -2.256442 1.021642 -2.154615 0.4646047 -2.168455 0.4484569 -2.25993 1.019179 11.13858 0.4697886 10.87098 1.021784 10.86725 1.019179 10.86917 1.147495 10.86917 1.158438 11.01498 1.07792 11.01498 -2.283393 10.86917 -2.25884 10.88335 -2.090442 -2.261612 1.163173 -2.272704 1.015247 -2.090442 1.00444 -2.261612 1.163173 -2.321764 1.005553 -2.272704 1.015247 -2.159288 0.432516 -2.256595 0.7864666 -2.259193 0.7837359 11.13767 0.432516 11.12629 0.4607261 11.35511 0.7864666 -2.159278 0.4607261 -2.260916 0.7864503 -2.256595 0.7864666 11.12786 0.4408348 11.13767 0.432516 11.35632 0.7837359 11.35467 0.9069657 11.35477 0.9092674 11.57195 0.8001974 11.20871 0.8511467 11.35124 0.6707459 11.57195 0.8001974 -2.141653 0.8511467 -2.432621 0.8359935 -2.255475 0.6707459 11.28572 0.8359935 11.57195 0.8001974 11.35473 0.6515307 -2.255475 0.6707459 -2.432621 0.8359935 -2.259006 0.6880287 -2.161524 0.1561124 -1.84447 0.7848943 -1.847225 0.7882317 11.14077 0.1561124 11.12492 0.138427 11.00212 0.7848943 11.12589 0.1656934 11.00299 0.7882317 10.99873 0.7861559 11.00056 0.9551994 10.97502 0.7040728 11.01175 0.8005887 -1.843737 0.9551994 -1.990866 0.783891 -1.814221 0.7040728 -1.990866 0.783891 -1.829582 0.8005887 -1.845882 0.6290822 -1.814221 0.7040728 -1.990866 0.783891 -1.846288 0.6469482 -1.990866 0.783891 -1.845882 0.6290822 -1.846288 0.6469482 -2.169143 0.3559978 -2.155585 0.3667178 -2.339904 1.001236 -2.168393 0.3520399 -2.340085 1.000608 -2.337107 1.002096 11.12114 0.3520399 11.13961 0.3559978 11.08616 1.001236 -2.338907 1.177187 -2.339218 1.136476 -2.509828 1.003658 11.08377 1.136476 11.08376 1.1456 11.16903 1.135475 11.08376 1.1456 11.08313 1.177187 11.16903 1.135475 11.08313 1.177187 11.03892 0.9276075 11.16903 1.135475 -2.277491 0.9276075 -2.338907 1.177187 -2.437133 0.9282451 11.16903 1.135475 11.03892 0.9276075 11.08878 0.8742192 11.12043 -2.509828 11.08383 -2.339274 10.9318 -2.437133 -2.437133 0.9282451 -2.339274 0.8330369 -2.277491 0.9276075 -2.154875 0.1828727 -2.035381 1.156723 -2.039405 1.156625 -2.168744 0.198672 -2.038828 1.15826 -2.035381 1.156723 11.12186 0.198672 11.13835 0.1845483 11.37686 1.156625 11.37475 1.316193 11.37478 1.336163 11.21282 1.15665 11.37478 1.336163 11.49701 1.174831 11.21282 1.15665 -2.038023 1.336163 -2.035033 1.25333 -2.214096 1.174831 11.21282 1.15665 11.37612 0.9883891 11.37476 1.032144 -0.6247766 -0.662076 -0.5772982 0.4699678 -0.5876732 0.4701444 10.46656 -0.6637641 10.47525 0.4697845 10.50537 -0.6644374 10.49894 -0.662076 10.48074 0.4701444 10.46656 -0.6637641 10.48329 0.2397498 10.5802 0.5572438 10.58402 0.55718 -0.5991329 0.2301646 -0.7294354 0.5572438 -0.5837906 0.2397498 10.48036 0.2301646 10.5833 0.5560289 10.5802 0.5572438 10.58285 0.6873414 10.70751 0.5636478 10.58747 0.5958326 10.45486 0.5328483 10.70751 0.5636478 10.58285 0.6873414 10.70751 0.5636478 10.58395 0.4078902 10.58747 0.5958326 10.45486 0.5328483 10.58284 0.4279144 10.70751 0.5636478 10.45486 0.5328483 10.58241 0.4458717 10.58284 0.4279144 10.45486 0.5328483 10.58395 0.4078902 10.58241 0.4458717 -0.7836397 0.5806192 -0.7295139 0.4078902 -0.6203446 0.5328483 10.49306 0.004802431 10.50931 0.6656566 10.50545 0.6660463 -0.584699 -0.001139614 -0.4551245 0.6656566 -0.5988956 0.004802431 10.49306 0.004802431 10.50545 0.6660463 10.47698 0.002123071 -0.4547187 0.7487202 -0.2819754 0.6659146 -0.4547596 0.7697561 10.50695 -0.4547187 10.29857 -0.3823158 10.5792 -0.2819754 10.50695 0.7487202 10.50691 0.7660631 10.29857 0.6502935 -0.4548475 0.7660631 -0.4547596 0.7697561 -0.6397258 0.6524154 -0.4547596 0.7697561 -0.2819754 0.6659146 -0.6397258 0.6524154 -0.6397258 0.6524154 -0.4547536 0.5736712 -0.4547238 0.564577 -0.2819754 0.6659146 -0.4546979 0.5837855 -0.4547536 0.5736712 10.4811 -0.5840874 10.3205 -0.7495003 10.49356 -0.5973761 -0.5932707 0.3359083 -0.7503477 0.4459106 -0.5840874 0.3457655 10.48183 -0.5932707 10.32203 -0.7529401 10.3188 -0.7503477 10.32035 -0.750908 10.21117 -0.9192915 10.21136 -0.6293693 -0.7525017 0.578813 -0.9192915 0.464648 -0.750908 0.559027 -0.6293693 0.4931472 -0.826889 0.4138424 -0.7525017 0.578813 10.21136 0.4931472 10.30884 0.3120111 10.41226 0.4138424 -0.5867173 0.3036466 -0.6042508 0.6311642 -0.6080287 0.6305549 -0.5907927 0.3102867 -0.6076765 0.6321854 -0.6042508 0.6311642 10.48969 0.3049952 10.66222 0.6321854 10.47785 0.3102867 -0.6629601 0.5942634 -0.4501773 0.5805009 -0.6052141 0.7943263 10.79721 0.5910786 10.66434 0.4967496 10.66439 0.4845443 -0.6013699 0.1566069 -0.4069967 0.5700047 -0.4100534 0.5701108 10.49436 0.1527236 10.28602 0.5681596 10.29001 0.5700047 -0.6013699 0.1566069 -0.4066822 0.5681596 -0.5874799 0.1406271 10.28781 0.6642822 10.22934 0.5579518 10.28485 0.6760269 -0.4078709 0.6642822 -0.5449389 0.6121626 -0.4281437 0.5579518 -0.4079837 0.6760269 -0.3447938 0.5571183 -0.4078556 0.6724796 10.33182 0.6121626 10.28801 0.4617536 10.22934 0.5579518 10.43981 -0.3447938 10.28801 -0.4074597 10.33182 -0.5449389 10.27495 0.5652138 10.28801 0.4617536 10.43981 0.5571183 -0.5939073 0.1349174 -0.8274592 0.3938206 -0.5856826 0.1498181 -0.5939073 0.1349174 -0.8293121 0.3917873 -0.8274592 0.3938206 10.50486 -0.8278015 10.32387 -0.8458326 10.54106 -0.6490809 10.50486 -0.8278015 10.64722 -0.9923483 10.32387 -0.8458326 -0.8279321 0.4858239 -0.8278882 0.4798806 -0.9923483 0.4041187 -0.8278015 0.4840997 -0.6490809 0.4422852 -0.8278882 0.4798806 10.50496 -0.8278882 10.54106 -0.6490809 10.64722 -0.9923483 10.50476 0.2927513 10.50486 0.3200923 10.32387 0.4309338 -0.8232606 0.3071456 -0.8279255 0.2927513 -0.9923483 0.4041187 10.48763 -0.09161874 10.70193 0.3936001 10.70566 0.392655 10.47788 -0.0711932 10.70193 0.3936001 10.48763 -0.09161874 10.49348 -0.07837041 10.70366 0.3951551 10.47788 -0.0711932 10.70356 0.5031694 10.55158 0.3919035 10.70559 0.5202319 10.72284 0.4044118 10.55158 0.3919035 10.70356 0.5031694 -0.3005127 0.332111 -0.3376084 0.2759349 -0.3391458 0.4044118 -0.5885005 0.07939574 -0.6275642 0.5553627 -0.6317766 0.5547186 10.47876 0.06840043 10.31567 0.5553627 10.49445 0.07939574 -0.5853074 0.06840043 -0.6317766 0.5547186 -0.627914 0.5542478 10.31431 -0.6294045 10.40028 -0.6784009 10.18316 -0.7374269 -0.7374269 0.5565324 -0.5417763 0.5000403 -0.6287105 0.6865247 10.40028 0.6552778 10.31394 0.4595691 10.18316 0.5565324 10.31394 0.4595691 10.31429 0.4287191 10.18316 0.5565324 -0.5889036 -0.0583241 -0.7487639 0.6711216 -0.6009792 -0.05706888 10.47878 -0.04648874 10.70715 0.6711945 10.49544 -0.0583241 -0.5860899 -0.04648874 -0.7487639 0.6711216 -0.7449489 0.6723461 10.7051 0.7906547 10.56349 0.6711401 10.70757 0.7435635 -0.9308111 0.6847594 -0.7450416 0.7435635 -0.7476955 0.5450946 10.56349 0.6711401 10.7058 0.5310891 10.70757 0.7435635 -0.9308111 0.6847594 -0.7476955 0.5450946 -0.6419794 0.6711401 -0.7452684 0.5310891 -0.7476955 0.5450946 -0.7450416 0.7435635 10.56349 0.6711401 10.70509 0.5778714 10.7058 0.5310891 -0.6247766 -0.662076 -0.5841644 -0.6644374 -0.5772982 0.4699678 10.50537 -0.6644374 10.47525 0.4697845 10.48964 0.4699678 -0.6082295 -0.6637641 -0.5876732 0.4701444 -0.5761169 0.4697845 -0.5960307 0.2252461 -0.7269175 0.55718 -0.7307542 0.5560289 -0.5960307 0.2252461 -0.5837906 0.2397498 -0.7269175 0.55718 10.48036 0.2301646 10.49433 0.2252461 10.5833 0.5560289 -0.7836397 0.5806192 -0.6203446 0.5328483 -0.7287472 0.6873414 -0.7219636 0.5958326 -0.7295139 0.4078902 -0.7836397 0.5806192 10.58395 0.4078902 10.70751 0.5636478 10.58284 0.4279144 -0.584699 -0.001139614 -0.4523275 0.6651572 -0.4551245 0.6656566 10.49243 -0.001139614 10.47698 0.002123071 10.50705 0.6651572 -0.5902213 0.002123071 -0.4565002 0.6660463 -0.4523275 0.6651572 10.50691 0.7660631 10.59609 0.6524154 10.29857 0.6502935 10.29857 0.6502935 10.50696 0.564577 10.50699 0.5837855 10.29857 -0.3823158 10.59609 -0.6397258 10.50696 -0.4547238 -0.6397258 0.6524154 -0.2819754 0.6659146 -0.4547536 0.5736712 10.5792 -0.2819754 10.29857 -0.3823158 10.50699 -0.4546979 10.49356 -0.5973761 10.3205 -0.7495003 10.32203 -0.7529401 10.4811 0.3457655 10.3188 0.4459106 10.3205 0.448994 10.48183 0.3359083 10.49356 0.3453209 10.32203 0.4468207 -0.750952 0.5438854 -0.750908 0.559027 -0.6293693 0.4931472 -0.750952 0.5438854 -0.6293693 0.4931472 -0.7525017 0.578813 10.32132 0.578813 10.41226 0.4138424 10.21117 0.464648 10.21136 0.4931472 10.31875 0.3031709 10.30884 0.3120111 -0.6293693 0.4931472 -0.9192915 0.464648 -0.7500331 0.3031709 10.21117 0.464648 10.41226 0.4138424 10.31875 0.3031709 -0.6005428 0.3049952 -0.5867173 0.3036466 -0.6080287 0.6305549 10.49401 0.3036466 10.47785 0.3102867 10.66493 0.6311642 10.48969 0.3049952 10.66605 0.6305549 10.66222 0.6321854 10.66437 0.7711347 10.49647 0.5942634 10.66434 0.7943263 10.66437 0.7711347 10.66431 0.7871061 10.49647 0.5942634 10.66431 0.7871061 10.66434 0.7943263 10.79721 0.5910786 10.66431 0.7871061 10.79721 0.5910786 10.49647 0.5942634 -0.6052141 0.7943263 -0.4501773 0.5805009 -0.6686176 0.5910786 10.79721 0.5910786 10.66439 0.4911821 10.49647 0.5942634 10.59776 -0.4501773 10.49647 -0.6629601 10.66434 -0.6066388 10.49647 0.5942634 10.66439 0.4911821 10.66434 0.4967496 10.79721 0.5910786 10.66439 0.4845443 10.66439 0.4911821 -0.6686176 0.5910786 -0.4501773 0.5805009 -0.6066388 0.4967496 -0.6013699 0.1566069 -0.5862638 0.1527236 -0.4069967 0.5700047 10.49436 0.1527236 10.47982 0.1406271 10.28602 0.5681596 -0.6013699 0.1566069 -0.4100534 0.5701108 -0.4066822 0.5681596 -0.4078709 0.6642822 -0.4078556 0.6724796 -0.5449389 0.6121626 10.33182 -0.5449389 10.28783 -0.4078556 10.43981 -0.3447938 10.28485 0.6760269 10.27495 0.5652138 10.43981 0.5571183 10.28485 0.6760269 10.22934 0.5579518 10.27495 0.5652138 -0.5955333 0.1286857 -0.8271021 0.3938328 -0.8293121 0.3917873 -0.5955333 0.1286857 -0.5856826 0.1498181 -0.8271021 0.3938328 10.48895 0.1498181 10.50259 0.3938206 10.50714 0.3938328 10.47638 0.1349174 10.49403 0.1286857 10.50544 0.3917873 -0.8278015 0.4840997 -0.8279321 0.4858239 -0.9923483 0.4041187 -0.6490809 0.4422852 -0.8232606 0.3071456 -0.9923483 0.4041187 10.54106 -0.6490809 10.32387 -0.8458326 10.50638 -0.8232606 10.32387 0.4309338 10.64722 0.4041187 10.50476 0.2927513 10.50638 0.3071456 10.32387 0.4309338 10.50486 0.3200923 -0.5992135 -0.07837041 -0.3374835 0.392655 -0.3394655 0.3951551 -0.5992135 -0.07837041 -0.5848651 -0.09161874 -0.3374835 0.392655 -0.5909632 -0.0711932 -0.3394655 0.3951551 -0.3356876 0.3936001 -0.3358048 0.5202319 -0.3005127 0.332111 -0.3391458 0.4044118 10.70559 0.5202319 10.55158 0.3919035 10.71969 0.332111 10.55158 0.3919035 10.72284 0.4044118 10.70417 0.2759349 10.71969 0.332111 10.55158 0.3919035 10.7037 0.2893185 10.55158 0.3919035 10.70417 0.2759349 10.7037 0.2893185 -0.6016192 0.07136531 -0.5885005 0.07939574 -0.6317766 0.5547186 10.47876 0.06840043 10.31259 0.5542478 10.31567 0.5553627 -0.5853074 0.06840043 -0.6016192 0.07136531 -0.6317766 0.5547186 10.31429 0.6865247 10.31431 0.6560279 10.18316 0.5565324 10.31431 0.6560279 10.31435 0.6628622 10.40028 0.6552778 10.31435 0.6628622 10.31429 0.6865247 10.40028 0.6552778 10.31429 0.6865247 10.34763 0.4995626 10.40028 0.6552778 10.34763 0.4995626 10.31429 0.6865247 10.16165 0.5000403 -0.6784009 0.6552778 -0.5630016 0.4995626 -0.6350808 0.4595691 10.18316 -0.7374269 10.31429 -0.629477 10.16165 -0.5417763 10.16165 0.5000403 10.31429 0.4287191 10.34763 0.4995626 -0.5889036 -0.0583241 -0.7449595 0.6711945 -0.7487639 0.6711216 10.47878 -0.04648874 10.70336 0.6723461 10.70715 0.6711945 -0.5860899 -0.04648874 -0.6009792 -0.05706888 -0.7487639 0.6711216 10.7051 0.7906547 10.70497 0.8056145 10.56349 0.6711401 -0.746345 0.8056145 -0.9308111 0.6847594 -0.6419794 0.6711401 -0.746345 0.8056145 -0.7450416 0.7435635 -0.9308111 0.6847594 10.56349 0.6711401 10.70519 0.5450946 10.70509 0.5778714 8.770989 -0.6668523 8.768324 0.550993 8.778124 0.5511829 8.794648 -0.6685502 8.780201 0.550796 8.756573 -0.6692273 8.770989 -0.6668523 8.778124 0.5511829 8.794648 -0.6685502 8.777959 0.09605412 8.802538 0.7741021 8.805606 0.774468 8.778387 0.0877964 8.802538 0.7741021 8.766137 0.09278819 -2.219777 0.09605412 -2.352933 0.7735139 -2.235052 0.0877964 8.768649 -2.316174 8.921599 -2.211671 8.80478 -2.35147 -2.351685 0.9130809 -2.211671 0.8103621 -2.510058 0.7226907 8.921599 -2.211671 8.765318 -2.242074 8.805105 -2.351435 -2.316174 0.847842 -2.510058 0.7226907 -2.351544 0.6534169 -2.510058 0.7226907 -2.351435 0.63496 -2.351544 0.6534169 8.773496 0.1655894 8.878435 0.7182214 8.881712 0.7164606 8.782646 0.1696547 8.88178 0.7181591 8.76775 0.1807028 -2.228951 0.1696547 -2.02426 0.7164606 -2.02738 0.7181591 -2.220339 0.1655894 -2.02426 0.7164606 -2.228951 0.1696547 9.027686 0.7112427 8.788589 0.697725 8.880245 0.8398869 8.881479 0.7930945 8.873313 0.7053946 9.027686 0.7112427 8.873313 0.7053946 8.881002 0.6159569 9.027686 0.7112427 8.76603 0.1923514 8.646275 0.6454596 8.777329 0.2037913 8.76603 0.1923514 8.646419 0.6450878 8.643558 0.6440203 -2.234149 0.2029999 -2.258131 0.6454596 -2.262052 0.6450878 8.645359 -2.260051 8.657324 -2.363407 8.46826 -2.23794 -2.260125 0.7626899 -2.363407 0.744838 -2.260051 0.7783152 -2.12823 0.6779155 -2.213581 0.554533 -2.363407 0.744838 8.8 0.554533 8.647684 0.5115177 8.657324 0.744838 8.46826 0.6385307 8.64543 0.5128721 8.712167 0.6779155 8.767985 0.1419337 9.031657 0.6622191 9.034161 0.6611028 8.775146 0.1252381 9.031657 0.6622191 8.767985 0.1419337 9.033487 0.7643623 9.033506 0.7594602 9.165247 0.6991773 9.033506 0.7594602 8.995158 0.7803971 9.196749 0.6371924 9.0335 0.7535741 8.995158 0.7803971 9.033506 0.7594602 8.995158 0.7803971 9.165247 0.6991773 8.883361 0.6299679 8.995158 0.7803971 8.883361 0.6299679 9.03279 0.5804222 9.165247 -2.444395 9.196749 -2.34169 8.883361 -2.434003 9.196749 0.6371924 9.0335 0.5360778 9.033516 0.5414887 9.196749 0.6371924 9.03279 0.5804222 9.0335 0.5360778 8.883361 0.6299679 9.033516 0.5414887 9.03279 0.5804222 8.769601 0.08640768 8.717656 0.5436047 8.720635 0.5436623 -2.235439 0.1006459 -2.092698 0.5436047 -2.222188 0.08640768 -2.225415 0.09524143 -2.091601 0.5436623 -2.095155 0.5453461 8.720648 0.5706258 8.848615 0.5327781 8.71935 0.6522859 -2.093437 0.6522859 -2.069177 0.5327781 -2.307988 0.5341781 8.720648 0.5706258 8.714548 0.5209689 8.720431 0.4244095 8.848615 0.5327781 8.720431 0.4244095 8.719547 0.4452432 -2.307988 0.5341781 -2.093333 0.4452432 -2.093352 0.5209689 8.766086 0.3703535 8.724374 0.5255281 8.777703 0.3856567 -2.233885 0.3638515 -2.356039 0.522731 -2.225871 0.3703535 8.779208 0.3638515 8.727656 0.524692 8.724753 0.522731 8.777703 -2.22332 8.724374 -2.353404 8.727656 -2.355404 -2.354937 0.6181495 -2.355669 0.6455518 -2.490849 0.5175148 8.725321 0.6412671 8.739164 0.4899869 8.725798 0.6455518 -2.354937 0.6181495 -2.490849 0.5175148 -2.355074 0.6412671 -2.355669 0.6455518 -2.349886 0.4899869 -2.490849 0.5175148 8.725321 0.6412671 8.730648 0.5156253 8.739164 0.4899869 -2.355074 0.6412671 -2.385664 0.5037588 -2.351012 0.5156253 -2.490849 0.5175148 -2.385664 0.5037588 -2.355074 0.6412671 8.812966 -2.490849 8.739164 -2.349886 8.706189 -2.385664 8.769619 -0.065083 8.877035 0.5503621 8.879655 0.5493398 -2.235712 -0.05997313 -2.15997 0.5503621 -2.221045 -0.065083 8.878018 0.6721717 8.878424 0.7006056 8.762057 0.4772538 -2.160034 0.6893261 -2.254776 0.5164091 -2.161304 0.7006056 8.879985 0.6893261 8.879592 0.4336357 8.982672 0.5164091 8.879985 0.6893261 8.878018 0.6721717 8.879592 0.4336357 8.982672 0.5164091 8.762057 0.4772538 8.878424 0.7006056 8.878018 0.6721717 8.762057 0.4772538 8.879592 0.4336357 8.762057 0.4772538 8.878847 0.4137239 8.879592 0.4336357 -2.254776 0.5164091 -2.158925 0.4336357 -2.160894 0.411468 8.767194 0.09024158 8.638441 0.6185597 8.780517 0.1006012 8.772113 0.09730916 8.641179 0.620078 8.638441 0.6185597 -2.222608 0.1006012 -2.183048 0.6199014 -2.186166 0.620078 -2.063519 0.6262233 -2.318376 0.612122 -2.184372 0.7391783 8.638967 0.7544919 8.711265 0.612122 8.493469 0.5937847 -2.063519 0.6262233 -2.183957 0.4898222 -2.184315 0.5135292 8.493469 0.5937847 8.640245 0.508806 8.640227 0.4898222 8.76907 0.335361 8.828407 0.7472094 8.831348 0.747146 8.771011 0.3279775 8.831834 0.7462057 8.828407 0.7472094 8.782774 0.3274961 8.831834 0.7462057 8.771011 0.3279775 8.76907 0.335361 8.831348 0.747146 8.782774 0.3274961 8.830527 0.8615203 8.697793 0.8148377 8.876876 0.8590383 8.876876 0.8590383 8.817698 0.6030038 8.831029 0.8922483 8.697793 0.8148377 8.824047 0.6784601 8.876876 0.8590383 8.831029 0.8922483 8.817698 0.6030038 8.697793 0.8148377 -2.197209 -0.6668523 -2.23005 -0.6692273 -2.239328 0.550993 8.756573 -0.6692273 8.780201 0.550796 8.768324 0.550993 -2.218345 -0.6685502 -2.232544 0.5511829 -2.243512 0.550796 8.777959 0.09605412 8.766137 0.09278819 8.802538 0.7741021 8.778387 0.0877964 8.806247 0.7735139 8.802538 0.7741021 -2.219777 0.09605412 -2.349614 0.774468 -2.352933 0.7735139 -2.35147 0.8825457 -2.211671 0.8103621 -2.351685 0.9130809 -2.351685 0.9130809 -2.510058 0.7226907 -2.316174 0.847842 8.768649 0.847842 8.765318 0.6649961 8.921599 0.8103621 -2.510058 0.7226907 -2.211671 0.8103621 -2.351435 0.63496 -2.242074 0.6649961 -2.316174 0.847842 -2.351544 0.6534169 -2.220339 0.1655894 -2.231418 0.1807028 -2.025729 0.7182214 8.76775 0.1807028 8.88178 0.7181591 8.878435 0.7182214 8.880245 0.8398869 8.881479 0.7930945 9.027686 0.7112427 -2.026741 0.8398869 -2.137597 0.697725 -2.023856 0.7053946 8.788589 0.697725 9.027686 0.7112427 8.879092 0.6023822 -2.023856 0.7053946 -2.137597 0.697725 -2.026685 0.6023822 8.879092 0.6023822 9.027686 0.7112427 8.881002 0.6159569 8.76603 0.1923514 8.643558 0.6440203 8.646275 0.6454596 8.76603 0.1923514 8.779847 0.2029999 8.646419 0.6450878 -2.234149 0.2029999 -2.220415 0.2037913 -2.258131 0.6454596 -2.260125 0.7626899 -2.12823 0.6779155 -2.363407 0.744838 -2.260125 0.7626899 -2.260137 0.7591486 -2.12823 0.6779155 -2.260137 0.7591486 -2.260051 0.7783152 -2.12823 0.6779155 8.645359 0.7783152 8.46826 0.6385307 8.712167 0.6779155 8.46826 0.6385307 8.657324 0.744838 8.647684 0.5115177 8.647684 0.5115177 8.8 0.554533 8.645449 0.5405442 8.8 0.554533 8.64543 0.5128721 8.645449 0.5405442 8.8 0.554533 8.712167 0.6779155 8.64543 0.5128721 8.46826 -2.23794 8.647684 -2.262177 8.64543 -2.260117 8.775146 0.1252381 9.034742 0.6596481 9.031657 0.6622191 -2.23556 0.1252381 -2.224404 0.1230958 -2.335984 0.6596481 -2.224404 0.1230958 -2.332813 0.6611028 -2.335984 0.6596481 8.781156 0.1230958 8.767985 0.1419337 9.034161 0.6611028 9.0335 0.7535741 9.033487 0.7643623 9.165247 0.6991773 9.0335 -2.334758 9.165247 -2.444395 8.995158 -2.328171 9.165247 -2.444395 9.033506 -2.334759 9.196749 -2.34169 8.995158 0.7803971 9.03279 0.5804222 9.196749 0.6371924 8.883361 0.6299679 9.196749 0.6371924 9.033516 0.5414887 -2.235439 0.1006459 -2.095155 0.5453461 -2.092698 0.5436047 -2.235439 0.1006459 -2.225415 0.09524143 -2.095155 0.5453461 8.782527 0.09524143 8.769601 0.08640768 8.720635 0.5436623 8.715475 0.6722868 8.71935 0.6522859 8.714548 0.5209689 -2.093437 0.6522859 -2.307988 0.5341781 -2.093352 0.5209689 8.720648 0.5706258 8.715475 0.6722868 8.714548 0.5209689 8.848615 0.5327781 8.720648 0.5706258 8.720431 0.4244095 8.718717 -2.307988 8.848615 -2.069177 8.719547 -2.093333 -2.225871 0.3703535 -2.356039 0.522731 -2.353404 0.5255281 -2.233885 0.3638515 -2.22332 0.3856567 -2.355404 0.524692 -2.235712 -0.05997313 -2.162901 0.5501769 -2.15997 0.5503621 8.77084 -0.05997313 8.7823 -0.07092122 8.87946 0.5501769 -2.226213 -0.07092122 -2.159081 0.5493398 -2.162901 0.5501769 8.7823 -0.07092122 8.769619 -0.065083 8.879655 0.5493398 8.762057 0.4772538 8.878841 0.411468 8.878847 0.4137239 8.762057 0.4772538 8.982672 0.5164091 8.878841 0.411468 -2.224866 0.09024158 -2.236092 0.09730916 -2.183624 0.6185597 -2.236092 0.09730916 -2.222608 0.1006012 -2.186166 0.620078 8.780517 0.1006012 8.638441 0.6185597 8.641765 0.6199014 -2.184194 0.7544919 -2.184372 0.7391783 -2.318376 0.612122 -2.184372 0.7391783 -2.184352 0.7174846 -2.063519 0.6262233 -2.184352 0.7174846 -2.184194 0.7544919 -2.063519 0.6262233 8.638967 0.7544919 8.493469 0.5937847 8.745516 0.6262233 8.493469 0.5937847 8.640227 0.4898222 8.745516 0.6262233 -2.063519 0.6262233 -2.184315 0.5135292 -2.318376 0.612122 -2.318376 0.612122 -2.184315 0.5135292 -2.184361 0.508806 8.493469 0.5937847 8.711265 0.612122 8.640245 0.508806 -2.220881 0.335361 -2.235248 0.3279775 -2.304904 0.7472094 -2.227716 0.3274961 -2.303021 0.747146 -2.306613 0.7462057 8.830527 0.8615203 8.831029 0.8922483 8.697793 0.8148377 8.876876 0.8590383 8.833452 0.5832614 8.817698 0.6030038 -2.304934 0.8590383 -2.168148 0.6784601 -2.30643 0.5832614 -2.343469 0.8148377 -2.309933 0.6030038 -2.168148 0.6784601 8.824047 -2.168148 8.817698 -2.309933 8.830585 -2.304807 -2.30643 0.5832614 -2.168148 0.6784601 -2.304807 0.5934776 -0.97926 -0.6799941 -0.9322519 0.6374623 -0.9458156 0.6376698 -0.9716567 -0.6819112 -0.9353472 0.6372473 -0.9347167 -0.6826758 10.08623 -0.6799941 10.05595 0.6376698 10.04726 -0.6819112 -0.9473049 0.08834399 -1.018222 0.8822574 -1.022556 0.8814643 10.05684 0.0846409 9.955018 0.8822574 10.07326 0.08834399 -0.9558997 0.08097428 -1.022556 0.8814643 -1.018865 0.8814708 -1.020009 1.002489 -0.8510217 0.8583427 -1.019758 1.004278 9.830893 0.8583427 10.14442 0.8828486 9.952892 0.9829534 10.14442 0.8828486 9.952894 0.7637635 9.868868 0.8923855 -1.204263 0.8923855 -1.019865 0.7513338 -0.8510217 0.8583427 -1.204263 0.8923855 -1.02073 0.7637635 -1.019865 0.7513338 10.06164 0.274216 10.35704 0.7593065 10.07108 0.2569408 10.06164 0.274216 10.35413 0.7605894 10.35704 0.7593065 10.35619 0.8608497 10.35636 0.8779551 10.2278 0.7826741 10.35636 0.8779551 10.34404 0.6814797 10.2278 0.7826741 10.2278 0.7826741 10.34404 0.6814797 10.35624 0.6452693 -0.9432361 0.1263783 -0.7920596 0.5982743 -0.9573435 0.1311195 10.05764 0.1161418 9.963989 0.5964264 10.07245 0.1263783 10.05764 0.1161418 9.96034 0.5965799 9.963989 0.5964264 9.962845 -0.7897331 10.10882 -0.7899295 10.06313 -0.9382454 10.06313 -0.9382454 10.10882 -0.7899295 9.959489 -0.7902351 10.10882 0.5921955 9.962849 0.4724589 9.959489 0.5227774 10.10882 0.5921955 9.962369 0.5084353 9.962849 0.4724589 -0.9548941 0.3156697 -1.308601 0.6358371 -1.310598 0.6327059 -0.9470349 0.3317577 -1.308024 0.6356867 -0.9438981 0.3458858 -0.9470349 0.3317577 -1.310598 0.6327059 -1.308024 0.6356867 10.00921 -1.309081 9.932864 -1.551 9.806458 -1.184132 10.20874 -1.321491 9.932864 -1.551 10.00904 -1.309277 10.00903 0.7860727 9.806458 0.6127084 10.20874 0.627875 9.932864 -1.551 10.20874 -1.321491 10.00922 -1.309155 -1.551 0.6225696 -1.309155 0.504748 -1.308118 0.4880406 10.20874 0.627875 10.00966 0.4880406 10.00925 0.4840391 -0.939488 0.06928279 -0.8347918 0.591354 -0.9528455 0.07207614 10.05413 0.08673048 10.22969 0.5921654 10.22636 0.5934146 10.22814 0.6772384 10.05815 0.5484731 10.22855 0.7231163 10.22814 0.6772384 10.26302 0.5890642 10.05815 0.5484731 10.22814 -0.8372379 10.38968 -0.7227406 10.26302 -0.9339421 10.22814 0.6772384 10.22809 0.7087569 10.38968 0.6097933 10.22809 0.7087569 10.22855 0.7231163 10.38968 0.6097933 10.22855 0.7231163 10.05815 0.5484731 10.38968 0.6097933 -0.7227406 0.6097933 -0.8350112 0.4687234 -0.9339421 0.5890642 10.05815 0.5484731 10.22766 0.4687234 10.38968 0.6097933 10.26302 -0.9339421 10.22814 -0.8372384 10.05815 -0.8658793 -0.9339421 0.5890642 -0.8350112 0.4687234 -0.8372299 0.4995788 -0.9561758 0.448071 -0.9452183 0.6443234 -0.9484374 0.6431369 -0.9506596 0.4390616 -0.9484374 0.6431369 -0.943877 0.6420651 10.06888 0.448071 9.923024 0.6431369 10.05479 0.4390616 -0.943891 0.7526231 -0.9536631 0.5413766 -0.9464842 0.7554304 9.923232 0.7526231 9.920169 0.7291341 9.926053 0.538365 -0.9464842 0.7554304 -0.9536631 0.5413766 -1.101618 0.583031 -0.9462168 0.7291341 -1.101618 0.583031 -0.9457722 0.538365 -0.938006 0.4878334 -1.083451 0.8339074 -0.9517183 0.48017 -0.938006 0.4878334 -1.083944 0.8351904 -1.080169 0.8358264 10.05546 0.4838019 10.18714 0.8339074 10.18243 0.8351904 -1.271119 0.8264777 -1.082787 0.7712654 -1.081782 1.005203 -1.083041 1.006988 -0.8840923 0.8100489 -1.271119 0.8264777 -1.082787 0.7712654 -0.8840923 0.8100489 -1.081782 1.005203 -1.271119 0.8264777 -0.8840923 0.8100489 -1.083126 0.6719803 -0.8840923 0.8100489 -1.082542 0.6926379 -1.083126 0.6719803 -0.9434596 0.152913 -0.6346698 0.7630485 -0.9574758 0.1703332 10.0726 0.152913 10.06747 0.7610645 10.07214 0.7609802 -0.9574758 0.1703332 -0.6313289 0.7610645 -0.9444163 0.1545607 10.06996 0.8791643 10.2284 0.7289835 10.06963 0.9029116 10.06996 0.8791643 10.07032 0.8963548 10.2284 0.7289835 -0.6330925 0.8963548 -0.6329729 0.9029116 -0.4411249 0.755156 -0.6329729 0.9029116 -0.7410432 0.7406465 -0.4411249 0.755156 10.2284 0.7289835 9.860082 0.7406465 10.06963 0.9029116 -0.4411249 0.755156 -0.763505 0.7289835 -0.6330925 0.8963548 9.860082 -0.7410432 10.2284 -0.763505 10.06959 -0.6325977 -0.4411249 0.755156 -0.6325126 0.6346181 -0.763505 0.7289835 10.2284 0.7289835 10.07015 0.6346181 10.06959 0.6245335 -0.4411249 0.755156 -0.6324403 0.6613713 -0.6325126 0.6346181 -0.4411249 0.755156 -0.6325977 0.6245335 -0.6324403 0.6613713 -0.9464203 0.187824 -1.072316 0.5872049 -1.076582 0.5851897 10.05396 0.1781298 9.962528 0.5852439 9.966334 0.5872049 -0.9569437 0.1710576 -1.07426 0.5852439 -0.9438988 0.1781298 9.964982 -1.0742 9.80578 -1.061258 9.965765 -1.060445 9.964983 -1.07419 9.965765 -1.060445 10.06802 -1.225488 10.06802 0.6159432 9.965413 0.4335505 9.80578 0.6037069 9.965413 0.4335505 9.963802 0.4403201 9.80578 0.6037069 9.80578 0.6037069 9.963802 0.4403201 10.09443 0.5326608 10.09443 -0.9206091 9.965 -1.074207 10.06802 -1.225488 -0.97926 -0.6799941 -0.9347167 -0.6826758 -0.9322519 0.6374623 10.08073 -0.6826758 10.04671 0.6372473 10.06216 0.6374623 -0.9716567 -0.6819112 -0.9458156 0.6376698 -0.9353472 0.6372473 10.05684 0.0846409 9.950469 0.8814708 9.955018 0.8822574 -0.9401533 0.0846409 -0.9558997 0.08097428 -1.018865 0.8814708 10.05561 0.08097428 10.07326 0.08834399 9.952813 0.8814643 -1.020009 1.002489 -1.204263 0.8923855 -0.8510217 0.8583427 -1.019909 0.9829534 -1.019758 1.004278 -0.8510217 0.8583427 9.952967 -1.020009 10.14442 -0.9897812 9.868868 -1.204263 9.952967 1.002489 9.952892 0.9829534 10.14442 0.8828486 9.952894 0.7637635 10.14442 0.8828486 9.952829 0.7785738 10.14442 -0.9897812 9.830893 -0.8510217 9.952829 -1.019867 -0.8510217 0.8583427 -1.019865 0.7513338 -1.019867 0.7785738 -0.95107 0.2569408 -1.032257 0.7593065 -1.037176 0.7584799 -0.9377538 0.274216 -0.9569018 0.2730254 -1.035405 0.7605894 10.05692 0.2730254 10.3569 0.7584799 10.35413 0.7605894 10.05692 0.2730254 10.07108 0.2569408 10.3569 0.7584799 10.35636 0.8779551 10.33386 0.7628661 10.34404 0.6814797 10.33386 0.7628661 10.35619 0.8608497 10.2278 0.7826741 -1.031623 0.6814797 -1.019452 0.7628661 -1.011678 0.6439264 10.33386 0.7628661 10.2278 0.7826741 10.35624 0.6452693 -1.011678 0.6439264 -1.019452 0.7628661 -1.034555 0.6452693 -0.9432361 0.1263783 -0.7875218 0.5964264 -0.7920596 0.5982743 -0.9412096 0.1161418 -0.9573435 0.1311195 -0.7901376 0.5965799 10.05856 0.1311195 9.963316 0.5982743 9.96034 0.5965799 -0.7897295 0.71319 -0.9382454 0.6589258 -0.7890124 0.7074574 -0.7897295 0.71319 -0.7897331 0.7033551 -0.9382454 0.6589258 9.962845 0.7033551 9.961361 0.7074574 10.10882 0.5921955 -0.9382454 0.6589258 -0.7902351 0.5227774 -0.7890124 0.7074574 9.961361 0.7074574 9.962369 0.5084353 10.10882 0.5921955 -0.7890124 0.7074574 -0.7902351 0.5227774 -0.7865583 0.5084353 -0.9548941 0.3156697 -0.9438981 0.3458858 -1.308601 0.6358371 10.06887 -0.9438981 10.00711 -1.308024 10.01174 -1.308601 -0.9470349 0.3317577 -0.9548941 0.3156697 -1.310598 0.6327059 10.00903 0.7860727 10.20874 0.627875 10.00904 0.7865165 10.00903 0.7860727 10.00921 0.7639537 9.806458 0.6127084 -1.309081 0.7639537 -1.309277 0.7865165 -1.551 0.6225696 9.806458 0.6127084 10.00966 0.4880406 10.20874 0.627875 9.806458 -1.184132 9.932864 -1.551 10.00966 -1.308118 10.20874 0.627875 10.00925 0.4840391 10.00922 0.504748 -0.9528455 0.07207614 -0.8347918 0.591354 -0.8393106 0.5921654 10.06618 0.06928279 10.05413 0.08673048 10.22847 0.591354 -0.9510417 0.08673048 -0.8386089 0.5934146 -0.8347918 0.591354 10.05413 0.08673048 10.07198 0.07207614 10.22969 0.5921654 10.22766 0.4687234 10.05815 0.5484731 10.22814 0.4993761 -0.9339421 0.5890642 -0.8372299 0.4995788 -0.8372384 0.4993761 -0.9561758 0.448071 -0.9403261 0.447878 -0.9452183 0.6443234 10.06893 0.447878 9.92143 0.6420651 9.924963 0.6443234 10.06893 0.447878 10.05479 0.4390616 9.92143 0.6420651 -0.9464842 0.7554304 -1.101618 0.583031 -0.9462168 0.7291341 9.923232 0.7526231 9.926053 0.538365 9.937393 0.5413766 -0.9457722 0.538365 -1.101618 0.583031 -0.9457715 0.5328442 9.814458 -1.101618 9.937393 -0.9536631 9.922863 -0.9457715 -0.938006 0.4878334 -1.080169 0.8358264 -1.083451 0.8339074 -0.938006 0.4878334 -0.9560114 0.4838019 -1.083944 0.8351904 10.05546 0.4838019 10.07196 0.48017 10.18714 0.8339074 -1.084415 1.007953 -1.271119 0.8264777 -1.081782 1.005203 10.18552 -1.083041 10.18329 -1.081782 10.18799 -0.8840923 -1.083041 1.006988 -1.271119 0.8264777 -1.084415 1.007953 -1.271119 0.8264777 -1.083126 0.6719803 -1.082787 0.7712654 -0.8840923 0.8100489 -1.082787 0.7712654 -1.082542 0.6926379 -0.9434596 0.152913 -0.6312952 0.7609802 -0.6346698 0.7630485 10.0726 0.152913 10.05397 0.1545607 10.06747 0.7610645 -0.9574758 0.1703332 -0.6346698 0.7630485 -0.6313289 0.7610645 9.860082 -0.7410432 10.06959 -0.6325977 10.04152 -0.4411249 10.0726 0.187824 10.05396 0.1781298 9.966334 0.5872049 10.05944 0.1710576 9.965354 0.5851897 9.962528 0.5852439 10.05944 0.1710576 10.0726 0.187824 9.965354 0.5851897 9.964982 0.7100656 9.964983 0.7130091 9.80578 0.6037069 9.964983 0.7130091 10.06802 0.6159432 9.80578 0.6037069 10.09443 0.5326608 9.965765 0.7129854 9.80578 0.6037069 -1.225488 0.6159432 -1.060445 0.7129854 -0.9206091 0.5326608 -1.076422 0.4335505 -1.225488 0.6159432 -1.074207 0.4713481 -0.9206091 0.5326608 -1.07433 0.4403201 -1.074207 0.4713481 9.854662 -0.686947 9.897328 0.547741 9.88844 0.5479336 -1.802718 -0.6886683 -1.81174 0.5475414 -1.83825 -0.6893548 -1.830912 -0.686947 -1.816176 0.5479336 -1.802718 -0.6886683 9.875716 0.08651039 10.00228 0.7739357 9.999523 0.7743067 -1.815374 0.07813846 -1.76613 0.7739357 -1.828972 0.08319929 9.875716 0.08651039 10.0027 0.7733394 9.890889 0.07813846 9.974057 -1.807646 9.8367 -1.677281 10.00156 -1.763941 10.0017 0.9148367 9.8367 0.8106972 10.14181 0.7218133 9.8367 -1.677281 9.90072 -1.826923 10.00145 -1.763623 9.974057 0.8486954 10.14181 0.7218133 10.00164 0.6515815 10.14181 0.7218133 10.00145 0.6328693 10.00164 0.6515815 -1.823428 0.1570074 -1.760438 0.7172823 -1.75748 0.7154971 -1.81243 0.1611288 -1.75674 0.7172191 -1.826786 0.1723297 9.883875 0.1611288 9.65799 0.7154971 9.661092 0.7172191 -1.823428 0.1570074 -1.75748 0.7154971 -1.81243 0.1611288 -1.603549 0.710207 -1.826152 0.6965024 -1.758412 0.8406304 -1.757662 0.7931908 -1.765961 0.704278 -1.603549 0.710207 -1.765961 0.704278 -1.757967 0.6136034 -1.603549 0.710207 -1.829134 0.1841394 -1.942437 0.6435141 -1.819581 0.1957376 -1.829134 0.1841394 -1.94145 0.6431372 -1.944683 0.642055 9.889672 0.1949352 9.942388 0.6435141 9.946276 0.6431372 9.944504 -1.942939 10.04522 -1.908737 9.960522 -2.124688 9.944554 0.7623657 10.04522 0.7442669 9.944504 0.7782071 9.798385 0.6764189 9.86478 0.55133 10.04522 0.7442669 -1.798395 0.55133 -1.940158 0.5077198 -1.908737 0.7442669 -2.124688 0.6364894 -1.942854 0.509093 -1.904543 0.6764189 9.883988 0.1330245 9.936644 0.6605054 9.933542 0.6593737 -1.818503 0.116098 -1.540667 0.6605054 -1.827737 0.1330245 -1.538961 0.7640612 -1.538953 0.7590914 -1.383697 0.6979747 -1.538953 0.7590914 -1.578694 0.7803178 -1.374318 0.6351326 -1.538958 0.7531239 -1.578694 0.7803178 -1.538953 0.7590914 -1.578694 0.7803178 -1.383697 0.6979747 -1.667645 0.6278082 9.937297 0.7803178 10.06712 0.6278082 9.928084 0.5775772 10.01684 -1.383697 9.90742 -1.374318 10.06712 -1.667645 -1.374318 0.6351326 -1.538958 0.5326196 -1.538947 0.5381053 -1.374318 0.6351326 -1.541325 0.5775772 -1.538958 0.5326196 10.06712 0.6278082 9.935603 0.5381053 9.928084 0.5775772 -1.826922 0.07673054 -1.906705 0.5402506 -1.903964 0.540309 9.892941 0.09116569 9.761694 0.5402506 9.879924 0.07673054 9.880367 0.08568646 9.759956 0.540309 9.763705 0.5420161 -1.904393 0.5676453 -1.780889 0.5292742 -1.904853 0.6504348 9.762068 0.6504348 9.710002 0.5292742 9.976623 0.5306936 -1.904393 0.5676453 -1.90967 0.5173017 -1.903824 0.419407 -1.780889 0.5292742 -1.903824 0.419407 -1.904679 0.4405287 9.976623 0.5306936 9.761921 0.4405287 9.763016 0.5173017 9.884362 0.3646034 10.02079 0.521924 9.879312 0.3801182 -1.814804 0.3580114 -1.842935 0.5190882 -1.829643 0.3646034 -1.814804 0.3580114 -1.840171 0.5210763 -1.842935 0.5190882 9.879312 -1.818582 10.02079 -1.843881 10.02209 -1.840171 10.02207 0.6158263 10.02275 0.6436076 10.13909 0.5137999 -1.842575 0.6392636 -1.829857 0.4858912 -1.841971 0.6436076 10.02207 0.6158263 10.13909 0.5137999 10.02226 0.6392636 10.02275 0.6436076 10.01409 0.4858912 10.13909 0.5137999 -1.842575 0.6392636 -1.838125 0.5118842 -1.829857 0.4858912 10.02226 0.6392636 10.05695 0.4998536 10.01705 0.5118842 -1.725762 0.5137999 -1.855111 0.4998536 -1.842575 0.6392636 10.13909 -1.725762 10.01409 -1.829857 10.05695 -1.855111 -1.827151 -0.07685525 -1.732946 0.5471014 -1.730518 0.546065 9.893173 -0.07167471 9.794622 0.5471014 9.878778 -0.07685525 -1.731995 0.6705956 -1.731271 0.6994227 -1.835764 0.472982 -1.729984 0.6879873 -1.60697 0.5126788 -1.731271 0.6994227 -1.729984 0.6879873 -1.730615 0.4287607 -1.60697 0.5126788 -1.729984 0.6879873 -1.731995 0.6705956 -1.730615 0.4287607 -1.60697 0.5126788 -1.835764 0.472982 -1.731271 0.6994227 -1.731995 0.6705956 -1.835764 0.472982 -1.730615 0.4287607 -1.835764 0.472982 -1.730954 0.4085735 -1.730615 0.4287607 -1.60697 0.5126788 -1.730615 0.4287607 -1.730942 0.4062864 -1.828752 0.08061746 -1.966301 0.6162422 -1.815923 0.0911204 -1.821419 0.08778279 -1.963018 0.6177815 -1.966301 0.6162422 9.877995 0.0911204 9.868322 0.6176025 9.871564 0.6177815 9.726536 0.6240118 9.988609 0.6097154 9.869957 0.7385289 -1.965653 0.7540544 -1.864521 0.6097154 -2.12147 0.5911246 9.726536 0.6240118 9.869561 0.4857242 9.869893 0.5097591 -2.12147 0.5911246 -1.964341 0.5049706 -1.964445 0.4857242 -1.827735 0.3291269 -1.75035 0.7466711 -1.747817 0.7466069 -1.822702 0.3216413 -1.746558 0.7456535 -1.75035 0.7466711 -1.812568 0.3211532 -1.746558 0.7456535 -1.822702 0.3216413 -1.827735 0.3291269 -1.747817 0.7466069 -1.812568 0.3211532 -1.748236 0.8625629 -1.872584 0.8152347 -1.701905 0.8600466 -1.701905 0.8600466 -1.75997 0.6004712 -1.74737 0.8937159 10.01659 -1.872584 9.8142 -1.784141 9.939531 -1.701905 -1.74737 0.8937159 -1.75997 0.6004712 -1.872584 0.8152347 9.854662 -0.686947 9.890585 -0.6893548 9.897328 0.547741 -1.83825 -0.6893548 -1.81174 0.5475414 -1.824511 0.547741 9.870693 -0.6886683 9.88844 0.5479336 9.898953 0.5475414 9.875716 0.08651039 9.887231 0.08319929 10.00228 0.7739357 -1.815374 0.07813846 -1.76216 0.7733394 -1.76613 0.7739357 9.875716 0.08651039 9.999523 0.7743067 10.0027 0.7733394 10.00156 0.8838792 9.8367 0.8106972 10.0017 0.9148367 -1.763574 0.9148367 -1.645117 0.7218133 -1.807646 0.8486954 -1.807646 0.8486954 -1.826923 0.6633208 -1.677281 0.8106972 10.14181 0.7218133 9.8367 0.8106972 10.00145 0.6328693 9.90072 0.6633208 9.974057 0.8486954 10.00164 0.6515815 9.877238 0.1570074 9.889547 0.1723297 9.660162 0.7172823 -1.826786 0.1723297 -1.75674 0.7172191 -1.760438 0.7172823 -1.758412 0.8406304 -1.757662 0.7931908 -1.603549 0.710207 9.660784 0.8406304 9.791298 0.6965024 9.659393 0.704278 -1.826152 0.6965024 -1.603549 0.710207 -1.759576 0.599841 9.659393 0.704278 9.791298 0.6965024 9.660977 0.599841 -1.759576 0.599841 -1.603549 0.710207 -1.757967 0.6136034 9.886998 0.1841394 9.94515 0.642055 9.942388 0.6435141 -1.829134 0.1841394 -1.814109 0.1949352 -1.94145 0.6431372 9.889672 0.1949352 9.876489 0.1957376 9.942388 0.6435141 9.944554 0.7623657 9.798385 0.6764189 10.04522 0.7442669 9.944554 0.7623657 9.944572 0.7587754 9.798385 0.6764189 9.944572 0.7587754 9.944504 0.7782071 9.798385 0.6764189 9.944504 -1.942939 9.960522 -2.124688 9.798385 -1.904543 -2.124688 0.6364894 -1.908737 0.7442669 -1.940158 0.5077198 -1.940158 0.5077198 -1.798395 0.55133 -1.942828 0.5371478 -1.798395 0.55133 -1.942854 0.509093 -1.942828 0.5371478 -1.798395 0.55133 -1.904543 0.6764189 -1.942854 0.509093 9.960522 -2.124688 9.946128 -1.940158 9.944555 -1.942854 -1.818503 0.116098 -1.537454 0.6578988 -1.540667 0.6605054 9.892094 0.116098 9.879652 0.1139261 9.936586 0.6578988 9.879652 0.1139261 9.933542 0.6593737 9.936586 0.6578988 -1.814898 0.1139261 -1.827737 0.1330245 -1.538716 0.6593737 -1.538958 0.7531239 -1.538961 0.7640612 -1.383697 0.6979747 9.935628 -1.538958 10.01684 -1.383697 9.937297 -1.578694 10.01684 -1.383697 9.935627 -1.538953 9.90742 -1.374318 -1.578694 0.7803178 -1.541325 0.5775772 -1.374318 0.6351326 -1.667645 0.6278082 -1.374318 0.6351326 -1.538947 0.5381053 -1.823021 0.09116569 -1.904113 0.5420161 -1.906705 0.5402506 9.892941 0.09116569 9.880367 0.08568646 9.763705 0.5420161 -1.81331 0.08568646 -1.826922 0.07673054 -1.903964 0.540309 -1.908489 0.6707124 -1.904853 0.6504348 -1.90967 0.5173017 9.762068 0.6504348 9.976623 0.5306936 9.763016 0.5173017 9.757899 0.5676453 9.763996 0.6707124 9.763016 0.5173017 -1.780889 0.5292742 -1.904393 0.5676453 -1.903824 0.419407 9.976623 -1.859309 9.710002 -1.780889 9.761921 -1.904679 9.884362 0.3646034 10.02335 0.5190882 10.02079 0.521924 9.889547 0.3580114 9.879312 0.3801182 10.02209 0.5210763 -1.822774 -0.07167471 -1.729892 0.5469136 -1.732946 0.5471014 9.893173 -0.07167471 9.881214 -0.08277422 9.797029 0.5469136 9.881214 -0.08277422 9.79317 0.546065 9.797029 0.5469136 -1.813365 -0.08277422 -1.827151 -0.07685525 -1.730518 0.546065 -1.835764 0.472982 -1.730942 0.4062864 -1.730954 0.4085735 -1.835764 0.472982 -1.60697 0.5126788 -1.730942 0.4062864 9.883119 0.08061746 9.893279 0.08778279 9.869613 0.6162422 9.893279 0.08778279 9.877995 0.0911204 9.871564 0.6177815 -1.815923 0.0911204 -1.966301 0.6162422 -1.963104 0.6176025 9.87007 0.7540544 9.869957 0.7385289 9.988609 0.6097154 9.869957 0.7385289 9.869961 0.7165352 9.726536 0.6240118 9.869961 0.7165352 9.87007 0.7540544 9.726536 0.6240118 -1.965653 0.7540544 -2.12147 0.5911246 -1.885143 0.6240118 -2.12147 0.5911246 -1.964445 0.4857242 -1.885143 0.6240118 9.726536 0.6240118 9.869893 0.5097591 9.988609 0.6097154 9.988609 0.6097154 9.869893 0.5097591 9.869961 0.5049706 -2.12147 0.5911246 -1.864521 0.6097154 -1.964341 0.5049706 9.878732 0.3291269 9.892673 0.3216413 9.949933 0.7466711 9.882614 0.3211532 9.947418 0.7466069 9.950904 0.7456535 -1.748236 0.8625629 -1.74737 0.8937159 -1.872584 0.8152347 -1.701905 0.8600466 -1.74498 0.5804557 -1.75997 0.6004712 9.939531 0.8600466 9.8142 0.676971 9.950372 0.5804557 10.01659 0.8152347 9.957263 0.6004712 9.8142 0.676971 9.8142 0.676971 9.957263 0.6004712 9.949367 0.5908132 9.950372 0.5804557 9.8142 0.676971 9.949367 0.5908132 -1.340731 -0.6501313 -1.319193 0.7025076 -1.331457 0.7027181 -1.353384 -0.6521686 -1.32845 0.7022891 -1.312358 -0.6529812 11.36632 -0.6501313 11.32993 0.7027181 11.33579 -0.6521686 -1.321653 0.3401848 -1.183918 0.8905434 -1.337122 0.353584 -1.3315 0.3414805 -1.185119 0.8901711 -1.181225 0.8888542 11.34027 0.353584 11.23357 0.8901711 11.3278 0.3414805 11.34027 0.353584 11.23664 0.8905434 11.23357 0.8901711 -1.169438 1.017538 -1.270295 0.8590184 -1.184889 1.03103 -1.180598 1.016318 -1.181254 0.745175 -1.169438 1.017538 -1.169438 1.017538 -1.181254 0.745175 -1.183522 0.7617756 11.13009 0.8590184 11.23471 0.7600918 11.23457 0.745175 -1.330551 0.4959941 -1.581124 0.6161906 -1.582338 0.613302 -1.332451 0.487964 -1.581124 0.6161906 -1.326825 0.5043133 11.33031 -1.332451 11.32199 -1.582338 11.31853 -1.582547 11.32023 0.7682089 11.18668 0.6530094 11.31813 0.7846977 -1.581857 0.7766885 -1.583147 0.7846977 -1.438674 0.6200816 -1.583147 0.7846977 -1.678027 0.6530094 -1.438674 0.6200816 11.32026 0.7766885 11.25211 0.6200816 11.47308 0.6281945 11.32023 0.7682089 11.47308 0.6281945 11.18668 0.6530094 11.38163 -1.465157 11.29951 -1.626755 11.47308 -1.611069 11.38163 -1.465157 11.25211 -1.438674 11.32005 -1.581942 -1.626755 0.4681186 -1.581942 0.4615978 -1.582038 0.4683933 -1.438674 0.6200816 -1.58199 0.4811151 -1.581942 0.4615978 11.33188 0.3309586 11.56236 0.6596898 11.34221 0.3196755 -1.33493 0.3515313 -1.144846 0.6632326 -1.141545 0.6621812 11.34221 0.3196755 11.56137 0.6632326 11.33351 0.3515313 11.56113 -1.14291 11.69197 -1.09316 11.63494 -1.352201 -1.352201 0.6909186 -1.121678 0.679888 -1.142931 0.7976861 -1.121678 0.679888 -1.352201 0.6909186 -1.138167 0.516101 11.44496 0.679888 11.55018 0.516101 11.56126 0.52448 11.69197 -1.09316 11.56119 -1.142974 11.63494 -1.352201 11.44496 0.679888 11.56126 0.52448 11.69197 0.6517578 11.69197 0.6517578 11.56126 0.52448 11.56119 0.5509743 11.32999 0.2582088 11.0507 0.6741728 11.33751 0.2777225 11.32999 0.2582088 11.05253 0.6764737 11.0507 0.6741728 11.05245 0.8613824 11.04924 0.7451862 11.18022 0.6725528 11.04863 0.7891566 11.01499 0.5044013 11.04924 0.7451862 11.04863 0.7891566 11.18022 0.6725528 11.01499 0.5044013 11.18022 0.6725528 11.04924 0.7451862 11.05236 0.5081094 11.0519 0.4963139 11.05236 0.5081094 11.04924 0.7451862 -1.32833 0.4317056 -1.517823 0.8982334 -1.520617 0.897094 11.33181 0.4527501 11.54355 0.8982334 11.34384 0.4317056 11.54186 0.9984327 11.38309 0.8792762 11.54191 1.038138 11.54186 0.9984327 11.54135 1.020537 11.38309 0.8792762 11.54135 1.020537 11.5408 0.8532488 11.38309 0.8792762 11.38309 0.8792762 11.54464 0.826426 11.54191 1.038138 -1.52044 1.020537 -1.525562 0.8329516 -1.519686 0.8532488 11.38309 0.8792762 11.5408 0.8532488 11.54464 0.826426 11.34285 0.3481233 11.33111 0.9144627 11.33428 0.915711 11.32803 0.3500952 11.33111 0.9144627 11.34285 0.3481233 -1.327153 0.3500952 -1.142257 0.9159471 -1.139255 0.9144627 11.33226 1.07797 11.19277 0.8914731 11.33257 1.109018 -1.168319 1.022608 -1.019274 0.8914731 -1.141003 1.07797 11.33257 1.109018 11.19277 0.8914731 11.51343 0.8946314 -1.168319 1.022608 -1.14365 0.7356852 -1.019274 0.8914731 11.51343 0.8946314 11.33333 0.7336452 11.33233 0.76125 11.32961 0.1762861 11.16394 0.9232504 11.34457 0.1812376 -1.323308 0.1762861 -1.5633 0.9212767 -1.560077 0.9232504 11.34457 0.1812376 11.16625 0.9223949 11.33418 0.1646365 11.01985 0.9928042 11.16669 1.011285 11.16452 1.065656 -1.70758 0.9064243 -1.562039 0.8144946 -1.565531 0.7850873 -1.32403 0.3541926 -1.294533 0.7604961 -1.298246 0.7596232 11.32923 0.3782904 11.57599 0.7604961 11.34059 0.3541926 -1.331053 0.3782904 -1.29822 0.7618151 -1.294533 0.7604961 11.33822 0.3628006 11.57508 0.7618151 11.32923 0.3782904 -1.296659 0.9039582 -1.230562 0.734075 -1.459149 0.7477278 11.57622 0.9039582 11.57673 0.9088284 11.77781 0.734075 11.40708 0.6777443 11.77781 0.734075 11.57673 0.9088284 11.40742 0.8347657 11.64484 0.7477278 11.40708 0.6777443 11.40708 0.6777443 11.57614 0.6006025 11.57619 0.6195728 11.40708 0.6777443 11.57619 0.6195728 11.57623 0.5970052 11.32781 0.09675116 11.11528 0.8996003 11.33935 0.1025871 11.34122 0.1144489 11.1159 0.9009825 11.32781 0.09675116 11.34122 0.1144489 11.11887 0.9016198 11.1159 0.9009825 11.11671 1.027261 11.19641 1.038552 11.11671 1.028097 -1.184569 1.070532 -1.223941 0.8532668 -1.092372 0.8893474 -1.092372 0.8893474 -1.179697 0.7855177 -1.20623 1.038552 -1.092372 0.8893474 -1.223941 0.8532668 -1.182203 0.7511068 -1.340731 -0.6501313 -1.312358 -0.6529812 -1.319193 0.7025076 11.34201 -0.6529812 11.3187 0.7022891 11.32799 0.7025076 11.33579 -0.6521686 11.32993 0.7027181 11.3187 0.7022891 -1.321653 0.3401848 -1.181225 0.8888542 -1.183918 0.8905434 11.33982 0.3401848 11.3278 0.3414805 11.23449 0.8888542 -1.184889 1.03103 -1.270295 0.8590184 -1.180598 1.016318 11.24371 1.017538 11.23639 0.7617756 11.13009 0.8590184 11.23415 1.016318 11.13009 0.8590184 11.23457 0.745175 11.13009 0.8590184 11.23639 0.7617756 11.23471 0.7600918 11.34502 -1.330551 11.33297 -1.326825 11.31899 -1.581124 -1.332451 0.487964 -1.582547 0.6120743 -1.581124 0.6161906 11.33031 -1.332451 11.34502 -1.330551 11.32199 -1.582338 11.32023 0.7682089 11.32026 0.7766885 11.47308 0.6281945 11.25211 0.6200816 11.38163 0.5283784 11.47308 0.6281945 -1.678027 0.6530094 -1.626755 0.4681186 -1.438674 0.6200816 11.18668 0.6530094 11.47308 0.6281945 11.29951 0.4681186 11.25211 -1.438674 11.29951 -1.626755 11.31984 -1.58199 -1.626755 0.4681186 -1.582038 0.4683933 -1.58199 0.4811151 -1.626755 0.4681186 -1.465157 0.5283784 -1.581942 0.4615978 11.33188 0.3309586 11.55954 0.6621812 11.56236 0.6596898 -1.322684 0.3309586 -1.33493 0.3515313 -1.141545 0.6621812 -1.329533 0.3196755 -1.142319 0.6596898 -1.144846 0.6632326 11.56111 0.7794771 11.56109 0.7976861 11.44496 0.679888 -1.142931 0.7976861 -1.14291 0.7704896 -1.352201 0.6909186 11.56113 0.7704896 11.56111 0.7794771 11.69197 0.6517578 11.56111 0.7794771 11.44496 0.679888 11.69197 0.6517578 -1.352201 0.6909186 -1.142974 0.5509743 -1.138167 0.516101 -1.335275 0.2871204 -1.32169 0.2777225 -1.327629 0.6776666 11.33751 0.2777225 11.0507 0.6741728 11.05351 0.6776666 11.32999 0.2582088 11.34102 0.2871204 11.05253 0.6764737 -1.335275 0.2871204 -1.327629 0.6776666 -1.330614 0.6764737 11.05245 0.8613824 11.18022 0.6725528 11.04863 0.7891566 11.04924 0.7451862 11.01499 0.5044013 11.0519 0.4963139 11.01499 0.5044013 11.18022 0.6725528 11.05236 0.5081094 11.33181 0.4527501 11.53998 0.8997824 11.54355 0.8982334 -1.323649 0.4527501 -1.338098 0.4339947 -1.51892 0.8997824 11.33309 0.4339947 11.54284 0.897094 11.53998 0.8997824 11.33309 0.4339947 11.34384 0.4317056 11.54284 0.897094 -1.52044 1.020537 -1.514494 1.038138 -1.525562 0.8329516 -1.525562 0.8329516 -1.514494 1.038138 -1.515192 0.826426 -1.327153 0.3500952 -1.338004 0.3615555 -1.142257 0.9159471 11.33398 0.3615555 11.33428 0.915711 11.33058 0.9159471 -1.338004 0.3615555 -1.325043 0.3481233 -1.141723 0.915711 11.33257 1.109018 11.51343 0.8946314 11.30046 1.022608 11.19277 0.8914731 11.33333 0.7336452 11.51343 0.8946314 11.30046 1.022608 11.51343 0.8946314 11.33161 0.7356852 11.33161 0.7356852 11.51343 0.8946314 11.33233 0.76125 -1.139641 0.7336452 -1.019274 0.8914731 -1.14365 0.7356852 -1.329807 0.1812376 -1.560077 0.9232504 -1.56346 0.9223949 -1.323308 0.1762861 -1.337379 0.1646365 -1.5633 0.9212767 11.33418 0.1646365 11.16625 0.9223949 11.16309 0.9212767 -1.560163 1.011285 -1.70758 0.9064243 -1.562238 1.056333 11.16452 1.065656 11.16449 1.056333 11.01985 0.9928042 11.16449 1.056333 11.23559 0.9064243 11.01985 0.9928042 -1.70758 0.9064243 -1.560163 1.011285 -1.558161 0.8008919 -1.526716 0.9928042 -1.70758 0.9064243 -1.565531 0.7850873 11.16669 1.011285 11.15076 0.7850873 11.17601 0.8008919 11.16669 1.011285 11.01985 0.9928042 11.15076 0.7850873 11.23559 0.9064243 11.17601 0.8008919 11.16451 0.8144946 11.33822 0.3628006 11.57746 0.7596232 11.57508 0.7618151 -1.338388 0.3628006 -1.32403 0.3541926 -1.298246 0.7596232 -1.296805 0.9167105 -1.296659 0.9039582 -1.459149 0.7477278 11.57673 0.9088284 11.57611 0.9167105 11.40742 0.8347657 11.57611 0.9167105 11.64484 0.7477278 11.40742 0.8347657 11.40742 0.8347657 11.40708 0.6777443 11.57673 0.9088284 11.40708 0.6777443 11.64484 0.7477278 11.57614 0.6006025 11.64484 -1.459149 11.77781 -1.230562 11.57614 -1.296871 11.77781 0.734075 11.57623 0.5970052 11.57614 0.6006025 11.77781 0.734075 11.40708 0.6777443 11.57623 0.5970052 -1.336775 0.1144489 -1.32213 0.1025871 -1.181796 0.9016198 11.33935 0.1025871 11.11528 0.8996003 11.11887 0.9016198 -1.330676 0.09675116 -1.184237 0.9009825 -1.180857 0.8996003 11.11671 1.028097 11.19641 1.038552 11.11458 1.070532 11.11671 1.027261 11.07537 0.8893474 11.19641 1.038552 -1.182245 1.027261 -1.184569 1.070532 -1.092372 0.8893474 11.19641 1.038552 11.1042 0.8532668 11.11458 1.070532 -1.20623 1.038552 -1.179697 0.7855177 -1.223941 0.8532668 -1.179697 0.7855177 -1.092372 0.8893474 -1.182203 0.7511068 -2.198861 -0.6798326 -2.234637 0.392876 -2.227228 0.3930433 9.116712 -0.6814323 9.109023 0.3927023 9.086851 -0.6820703 9.093165 -0.6798326 9.105355 0.3930433 9.116712 -0.6814323 9.103311 0.1747246 9.036454 0.4755776 9.033512 0.4755171 -2.218692 0.1656419 -2.117725 0.4755776 -2.23003 0.1747246 9.10607 0.1656419 9.034192 0.4744263 9.036454 0.4755776 9.034452 0.5988562 8.937399 0.4816459 9.030751 0.5121437 9.125893 0.4524607 8.937399 0.4816459 9.034452 0.5988562 8.937399 0.4816459 9.03366 0.3340521 9.030751 0.5121437 9.125893 0.4524607 9.034457 0.3530268 8.937399 0.4816459 9.125893 0.4524607 9.034777 0.3700429 9.034457 0.3530268 9.125893 0.4524607 9.03366 0.3340521 9.034777 0.3700429 -2.078851 0.4977277 -2.117526 0.3340521 -2.20382 0.4524607 9.096587 -0.04790811 9.079072 0.5783079 9.082007 0.5786772 -2.22901 -0.05353871 -2.325062 0.5783079 -2.218393 -0.04790811 9.096587 -0.04790811 9.082007 0.5786772 9.10826 -0.05044703 -2.325453 0.6570178 -2.451642 0.5785524 -2.325419 0.6769511 9.080823 -2.325453 9.233595 -2.387283 9.020436 -2.451642 9.080823 0.6570178 9.080855 0.6734517 9.233595 0.5637501 -2.325359 0.6734517 -2.325419 0.6769511 -2.184068 0.5657608 -2.325419 0.6769511 -2.451642 0.5785524 -2.184068 0.5657608 -2.184068 0.5657608 -2.325425 0.4911438 -2.325449 0.4825263 -2.451642 0.5785524 -2.325467 0.500728 -2.325425 0.4911438 9.104952 -2.229891 9.230982 -2.11248 9.096157 -2.219509 -2.223011 0.2658431 -2.111912 0.3700797 -2.229891 0.2751836 9.104752 -2.223011 9.229975 -2.109857 9.232283 -2.111912 9.231152 -2.111436 9.318927 -1.989883 9.307921 -2.206207 -2.11021 0.4960161 -1.989883 0.387835 -2.111436 0.4772672 -2.206207 0.4148405 -2.051299 0.3396924 -2.11021 0.4960161 -2.206207 0.4148405 -2.120181 0.2431985 -2.051299 0.3396924 -2.227445 0.2352724 -2.20796 0.5456234 -2.205099 0.545046 9.107628 0.2415645 8.970692 0.5465911 8.968546 0.5456234 9.099162 0.2365503 8.970692 0.5465911 9.107628 0.2415645 -2.170463 0.5106567 -2.32544 0.4976156 -2.207263 0.7002335 8.87225 0.5076389 8.96907 0.418254 8.969036 0.4066885 -2.216862 0.09593966 -2.369188 0.4876695 -2.367004 0.4877701 9.095144 0.09225987 9.243869 0.4859212 9.240905 0.4876695 -2.216862 0.09593966 -2.369572 0.4859212 -2.227407 0.08079742 9.242579 0.5770056 9.286966 0.4762484 9.244791 0.5881347 -2.368618 0.5770056 -2.264694 0.5276178 -2.355681 0.4762484 9.244791 0.5881347 9.126804 0.4754586 9.242568 0.5847733 9.214878 0.5276178 9.242416 0.3850924 9.286966 0.4762484 -2.409991 0.4754586 -2.368917 0.3850924 -2.264694 0.5276178 9.252347 0.4831298 9.242416 0.3850924 9.126804 0.4754586 -2.22274 0.07538697 -2.04749 0.32072 -2.228407 0.08950669 -2.22274 0.07538697 -2.046 0.3187933 -2.04749 0.32072 9.096356 -2.047149 9.23208 -2.040474 9.06265 -2.179149 9.096356 -2.047149 8.996294 -1.919037 9.23208 -2.040474 -2.047053 0.407901 -2.047081 0.4022692 -1.919037 0.3304783 -2.047149 0.4062672 -2.179149 0.3666444 -2.047081 0.4022692 9.096284 -2.047081 9.06265 -2.179149 8.996294 -1.919037 9.096436 0.2249482 9.096356 0.2508561 9.23208 0.355888 -2.05048 0.238588 -2.04706 0.2249482 -1.919037 0.3304783 9.100113 -0.1392754 8.930875 0.3205111 8.928161 0.3196155 9.107612 -0.1199205 8.930875 0.3205111 9.100113 -0.1392754 9.096282 -0.1267215 8.929723 0.3219845 9.107612 -0.1199205 8.929725 0.4243374 9.043592 0.3189034 8.928146 0.4405056 8.915404 0.3307561 9.043592 0.3189034 8.929725 0.4243374 -2.432548 0.2622448 -2.40545 0.2090132 -2.403603 0.3307561 -2.226098 0.02277545 -2.203646 0.473795 -2.200536 0.4731846 9.106747 0.01235645 9.23002 0.473795 9.095158 0.02277545 -2.229068 0.01235645 -2.200536 0.4731846 -2.203501 0.4727385 9.231104 -2.202324 9.168791 -2.162544 9.33301 -2.126634 -2.126634 0.4749034 -2.273428 0.4213722 -2.202843 0.5980823 9.168791 0.5684731 9.231592 0.3830223 9.33301 0.4749034 9.231592 0.3830223 9.231126 0.3537893 9.33301 0.4749034 9.094437 -0.1077259 8.944279 0.5834865 9.102733 -0.1065365 9.106761 -0.0965109 8.942313 0.5835556 9.094437 -0.1077259 -2.228483 -0.0965109 -2.098639 0.5834865 -2.101536 0.5846468 8.943886 0.6967544 9.045648 0.583504 8.942 0.6521314 -1.966447 0.5964095 -2.101309 0.6521314 -2.099418 0.4640651 9.045648 0.583504 8.943329 0.4507937 8.942 0.6521314 -1.966447 0.5964095 -2.099418 0.4640651 -2.183608 0.583504 -2.101206 0.4507937 -2.099418 0.4640651 -2.101309 0.6521314 9.045648 0.583504 8.943893 0.4951239 8.943329 0.4507937 -2.198861 -0.6798326 -2.228924 -0.6820703 -2.234637 0.392876 9.086851 -0.6820703 9.109023 0.3927023 9.098331 0.392876 -2.212421 -0.6814323 -2.227228 0.3930433 -2.236057 0.3927023 -2.220483 0.1609812 -2.11946 0.4755171 -2.116625 0.4744263 -2.220483 0.1609812 -2.23003 0.1747246 -2.11946 0.4755171 9.10607 0.1656419 9.095528 0.1609812 9.034192 0.4744263 -2.078851 0.4977277 -2.20382 0.4524607 -2.118139 0.5988562 -2.123028 0.5121437 -2.117526 0.3340521 -2.078851 0.4977277 9.03366 0.3340521 8.937399 0.4816459 9.034457 0.3530268 -2.22901 -0.05353871 -2.327234 0.5778347 -2.325062 0.5783079 9.096526 -0.05353871 9.10826 -0.05044703 9.080658 0.5778347 -2.225468 -0.05044703 -2.32418 0.5786772 -2.327234 0.5778347 9.080855 0.6734517 9.021237 0.5657608 9.233595 0.5637501 9.233595 0.5637501 9.080814 0.4825263 9.080794 0.500728 9.233595 -2.387283 9.021237 -2.184068 9.080814 -2.325449 -2.184068 0.5657608 -2.451642 0.5785524 -2.325425 0.4911438 9.020436 -2.451642 9.233595 -2.387283 9.080794 -2.325467 -2.219509 0.2747624 -2.11248 0.3730015 -2.109857 0.3709421 9.104952 0.2751836 9.232283 0.3700797 9.230982 0.3730015 9.104752 0.2658431 9.096157 0.2747624 9.229975 0.3709421 -2.111398 0.4629193 -2.111436 0.4772672 -2.206207 0.4148405 -2.111398 0.4629193 -2.206207 0.4148405 -2.11021 0.4960161 9.230485 0.4960161 9.165417 0.3396924 9.318927 0.387835 -2.206207 0.4148405 -2.112148 0.2348216 -2.120181 0.2431985 -2.206207 0.4148405 -1.989883 0.387835 -2.112148 0.2348216 9.318927 0.387835 9.165417 0.3396924 9.232309 0.2348216 -2.21729 0.2365503 -2.227445 0.2352724 -2.205099 0.545046 9.095423 0.2352724 9.107628 0.2415645 8.968546 0.5456234 9.099162 0.2365503 8.967845 0.545046 8.970692 0.5465911 8.969051 0.6782575 9.096439 0.5106567 8.969016 0.7002335 8.969051 0.6782575 8.9693 0.6933918 9.096439 0.5106567 8.9693 0.6933918 8.969016 0.7002335 8.87225 0.5076389 8.9693 0.6933918 8.87225 0.5076389 9.096439 0.5106567 -2.207263 0.7002335 -2.32544 0.4976156 -2.154976 0.5076389 8.87225 0.5076389 8.969037 0.4129784 9.096439 0.5106567 9.012889 -2.32544 9.096439 -2.170463 8.96907 -2.2062 9.096439 0.5106567 8.969037 0.4129784 8.96907 0.418254 8.87225 0.5076389 8.969036 0.4066885 8.969037 0.4129784 -2.154976 0.5076389 -2.32544 0.4976156 -2.2062 0.418254 -2.216862 0.09593966 -2.22777 0.09225987 -2.369188 0.4876695 9.095144 0.09225987 9.10604 0.08079742 9.243869 0.4859212 -2.216862 0.09593966 -2.367004 0.4877701 -2.369572 0.4859212 -2.368618 0.5770056 -2.368629 0.5847733 -2.264694 0.5276178 -2.264694 0.5276178 -2.368629 0.5847733 -2.409991 0.4754586 9.244791 0.5881347 9.252347 0.4831298 9.126804 0.4754586 9.244791 0.5881347 9.286966 0.4762484 9.252347 0.4831298 -2.220866 0.06948188 -2.047586 0.3207316 -2.046 0.3187933 -2.220866 0.06948188 -2.228407 0.08950669 -2.047586 0.3207316 9.09916 0.08950669 9.098037 0.32072 9.094628 0.3207316 9.108843 0.07538697 9.095736 0.06948188 9.095982 0.3187933 -2.047149 0.4062672 -2.047053 0.407901 -1.919037 0.3304783 -2.179149 0.3666444 -2.05048 0.238588 -1.919037 0.3304783 9.06265 0.3666444 9.23208 0.355888 9.09505 0.238588 9.23208 0.355888 8.996294 0.3304783 9.096436 0.2249482 9.09505 0.238588 9.23208 0.355888 9.096356 0.2508561 9.096282 -0.1267215 8.928161 0.3196155 8.929723 0.3219845 -2.21814 -0.1267215 -2.229066 -0.1392754 -2.405487 0.3196155 -2.224881 -0.1199205 -2.404083 0.3219845 -2.406967 0.3205111 -2.406742 0.4405056 -2.432548 0.2622448 -2.403603 0.3307561 8.928146 0.4405056 9.043592 0.3189034 8.916303 0.2622448 9.043592 0.3189034 8.915404 0.3307561 8.929272 0.2090132 8.916303 0.2622448 9.043592 0.3189034 8.929623 0.2216953 9.043592 0.3189034 8.929272 0.2090132 8.929623 0.2216953 -2.216611 0.01516593 -2.226098 0.02277545 -2.200536 0.4731846 9.106747 0.01235645 9.232333 0.4727385 9.23002 0.473795 -2.229068 0.01235645 -2.216611 0.01516593 -2.200536 0.4731846 9.231092 0.5980823 9.231104 0.5691839 9.33301 0.4749034 9.231104 0.5691839 9.231073 0.57566 9.168791 0.5684731 9.231073 0.57566 9.231092 0.5980823 9.168791 0.5684731 9.231092 0.5980823 9.203756 0.4209196 9.168791 0.5684731 9.203756 0.4209196 9.231092 0.5980823 9.341731 0.4213722 -2.162544 0.5684731 -2.250624 0.4209196 -2.198102 0.3830223 9.33301 -2.126634 9.231126 -2.202271 9.341731 -2.273428 9.341731 0.4213722 9.231126 0.3537893 9.203756 0.4209196 -2.22576 -0.1077259 -2.101386 0.5835556 -2.098639 0.5834865 9.106761 -0.0965109 8.945137 0.5846468 8.942313 0.5835556 -2.228483 -0.0965109 -2.217143 -0.1065365 -2.098639 0.5834865 8.943886 0.6967544 8.943991 0.71093 9.045648 0.583504 -2.100434 0.71093 -1.966447 0.5964095 -2.183608 0.583504 -2.100434 0.71093 -2.101309 0.6521314 -1.966447 0.5964095 9.045648 0.583504 8.943873 0.4640651 8.943893 0.4951239 -2.962744 -0.5652185 -2.922508 0.5158538 -2.930873 0.5160239 11.2411 -0.5668499 11.24966 0.5156774 11.27464 -0.5675005 11.26766 -0.5652185 11.25382 0.5160239 11.2411 -0.5668499 -2.931762 0.3174625 -2.756523 0.5209185 -2.759369 0.5229434 11.25093 0.3266474 11.37774 0.5209185 11.26335 0.3174625 11.26047 -2.940938 11.37556 -2.75808 11.25093 -2.933353 -2.757945 0.6142368 -2.75758 0.6177008 -2.755598 0.4977685 11.37731 0.6142368 11.37501 0.4977685 11.41382 0.5303155 -2.75758 0.6177008 -2.872236 0.5390671 -2.755598 0.4977685 -2.771508 0.5303155 -2.758075 0.4390305 -2.872236 0.5390671 11.41382 0.5303155 11.37725 0.4346239 11.37728 0.4390305 -2.758075 0.4390305 -2.755598 0.4977685 -2.872236 0.5390671 11.26431 0.2835706 11.14056 0.5248494 11.1385 0.5233174 11.25952 0.2836568 11.1373 0.5233326 11.14056 0.5248494 11.25127 0.2708277 11.1373 0.5233326 11.25952 0.2836568 11.26431 0.2835706 11.1385 0.5233174 11.25127 0.2708277 -2.977827 0.6204341 -3.135018 0.5096468 -2.97664 0.6381868 11.13904 -2.97664 11.0329 -3.135018 10.96852 -2.892997 11.13904 0.6381868 10.96852 0.5510695 11.21169 0.3699332 11.0329 -3.135018 11.13832 -2.9777 10.96852 -2.892997 11.29444 -3.070154 11.13874 -2.97794 11.0329 -3.135018 11.26576 0.01231606 11.40608 0.5714038 11.25585 0.01708695 11.25598 0.02358606 11.40469 0.572626 11.40798 0.5712742 -2.942418 0.01708695 -3.016032 0.572626 -2.927332 0.02358606 11.40621 0.6727656 11.40604 0.697176 11.55459 0.5746273 11.40403 0.6990928 11.27066 0.5537622 11.40604 0.697176 11.55459 0.5746273 11.27066 0.5537622 11.40403 0.6990928 -3.016794 0.697176 -2.939531 0.5243599 -3.104873 0.5746273 11.40604 0.697176 11.27066 0.5537622 11.46 0.5243599 -3.114734 0.5537622 -3.01733 0.4745843 -2.939531 0.5243599 11.55459 0.5746273 11.40622 0.4803379 11.40629 0.4745843 -2.927773 0.3257911 -2.83888 0.7026269 -2.836312 0.7022036 11.2608 0.3293049 11.21974 0.7026269 11.25086 0.3270636 -2.838193 0.7960551 -2.836638 0.821484 -2.713442 0.6715167 11.21934 -2.836638 11.29546 -2.913443 11.08816 -2.931659 -2.838097 0.8138013 -2.713442 0.6715167 -2.913443 0.7826271 11.29546 0.7826271 11.22232 0.6011612 11.08816 0.6660051 -2.913443 0.7826271 -2.713442 0.6715167 -2.841014 0.6011612 -2.713442 0.6715167 -2.838192 0.593375 -2.841014 0.6011612 11.22232 0.6011612 11.22179 0.5848085 11.08816 0.6660051 -2.938976 0.3221695 -3.185487 0.4746556 -3.187339 0.4715883 11.25555 -2.929954 11.16185 -3.185679 11.1647 -3.185487 11.25261 -2.935594 11.1649 -3.187339 11.16185 -3.185679 -3.186634 0.5819566 -3.199718 0.3626387 -3.086089 0.5873842 -3.086089 0.5873842 -3.056758 0.3947552 -3.343032 0.4671637 11.01496 0.3626387 11.25408 0.3947552 11.21007 0.5873842 11.25645 0.4671637 11.01496 0.3626387 11.16219 0.5819566 11.01496 0.3626387 11.1638 0.3565306 11.16377 0.3516388 11.01496 0.3626387 11.16382 0.366322 11.1638 0.3565306 11.25408 -3.056758 11.16382 -3.186206 11.25645 -3.343032 -3.056758 0.3947552 -3.186119 0.3516388 -3.186206 0.366322 -2.940677 0.0477439 -2.846257 0.5363321 -2.849012 0.5368806 11.2514 0.06092854 11.4603 0.5383178 11.25944 0.04650097 11.26423 0.0477439 11.4603 0.5383178 11.2514 0.06092854 -2.848016 0.6573651 -2.847552 0.6577116 -2.735136 0.5190843 -2.735136 0.5190843 -2.854817 0.6183149 -2.848016 0.6573651 -2.735136 0.5190843 -2.848357 0.4385988 -2.854817 0.6183149 11.25972 0.188269 11.10379 0.6070331 11.1062 0.608326 11.25097 0.1824523 11.10379 0.6070331 11.25972 0.188269 11.26441 0.1956782 11.10271 0.6068703 11.25097 0.1824523 -2.896013 0.705435 -2.89479 0.734751 -3.018831 0.6066299 10.96468 0.6340209 11.10849 0.5382339 11.10714 0.734751 11.10714 0.734751 11.10849 0.5382339 11.18245 0.5663187 11.02677 0.6066299 11.18245 0.5663187 11.10417 0.4920964 -2.927411 0.1008348 -3.120506 0.5560153 -2.9387 0.08637887 -2.937732 0.09634271 -3.117537 0.558015 -2.927411 0.1008348 11.25034 0.09634271 11.36681 0.5560153 11.36347 0.5572759 -3.119948 0.6064956 -3.221684 0.5592117 -3.11888 0.6726401 -3.119383 0.6427428 -3.013494 0.5469059 -3.119948 0.6064956 -3.221684 0.5592117 -3.119139 0.4588053 -3.013494 0.5469059 -3.119948 0.6064956 -3.120151 0.4464874 -3.221684 0.5592117 -3.013494 0.5469059 -3.119139 0.4588053 -3.119383 0.4770493 -2.934211 0.2539675 -2.728486 0.4361444 -2.730629 0.4393019 11.25321 0.2514426 11.30461 0.4374546 11.30736 0.4361444 -2.938946 0.2750721 -2.728769 0.4374546 -2.93035 0.2514426 11.29906 0.5859748 11.17235 0.4254064 11.30604 0.5484584 11.17235 0.4254064 11.3898 0.3984949 11.30604 0.5484584 -2.642487 0.3984949 -2.732113 0.3185268 -2.76092 0.5859748 11.17235 0.4254064 11.3064 0.3256654 11.3898 0.3984949 11.17235 0.4254064 11.30648 0.3179336 11.3064 0.3256654 11.17235 -2.725778 11.30747 -2.732113 11.30648 -2.729426 -2.962744 -0.5652185 -2.928889 -0.5675005 -2.922508 0.5158538 11.27464 -0.5675005 11.24966 0.5156774 11.2617 0.5158538 -2.947582 -0.5668499 -2.930873 0.5160239 -2.920953 0.5156774 -2.940938 0.3277034 -2.931762 0.3174625 -2.759369 0.5229434 -2.933353 0.3266474 -2.75808 0.5236186 -2.756523 0.5209185 11.26047 -2.940938 11.3786 -2.759369 11.37556 -2.75808 -2.75758 0.6177008 -2.771508 0.5303155 -2.872236 0.5390671 11.41382 0.5303155 11.37501 0.4977685 11.37725 0.4346239 -2.940551 0.2835706 -2.927018 0.2836568 -2.97754 0.5248494 -2.935723 0.2708277 -2.979716 0.5233174 -2.976333 0.5233326 -2.977827 0.6204341 -2.977899 0.6408415 -3.135018 0.5096468 11.13866 0.6408415 11.13904 0.6381868 11.29444 0.5648771 11.13866 -2.977899 11.29444 -3.070154 11.0329 -3.135018 11.13904 0.6381868 11.21169 0.3699332 11.29444 0.5648771 11.29444 -3.070154 11.21169 -2.862805 11.13874 -2.97794 10.96852 -2.892997 11.13832 -2.9777 11.21169 -2.862805 -2.9777 0.4060805 -3.135018 0.5096468 -2.97794 0.4192117 -2.935583 0.01231606 -3.016574 0.5712742 -3.019352 0.5714038 11.26576 0.01231606 11.25598 0.02358606 11.40798 0.5712742 -2.942418 0.01708695 -3.019352 0.5714038 -3.016032 0.572626 11.40403 0.6990928 11.40621 0.6727656 11.55459 0.5746273 11.27066 -3.114734 11.55459 -3.104873 11.40629 -3.01733 11.55459 -3.104873 11.46 -2.939531 11.40622 -3.017322 -2.941918 0.3293049 -2.927773 0.3257911 -2.8393 0.7031021 -2.927773 0.3257911 -2.836312 0.7022036 -2.8393 0.7031021 11.26262 0.3257911 11.25086 0.3270636 11.21974 0.7026269 11.2608 0.3293049 11.22348 0.7031021 11.21974 0.7026269 -2.836638 0.821484 -2.838097 0.8138013 -2.913443 0.7826271 -2.838097 0.8138013 -2.838193 0.7960551 -2.713442 0.6715167 -2.836638 0.821484 -2.931659 0.6660051 -2.713442 0.6715167 -2.713442 0.6715167 -2.931659 0.6660051 -2.838192 0.5848085 -2.713442 0.6715167 -2.838192 0.5848085 -2.838192 0.593375 -2.938976 0.3221695 -2.929954 0.3320399 -3.185487 0.4746556 -2.929954 0.3320399 -2.935594 0.3204811 -3.185679 0.4724805 11.25261 -2.935594 11.26425 -2.938976 11.1649 -3.187339 11.16219 0.5819566 11.16383 0.5847974 11.25645 0.4671637 11.16383 -3.186184 11.21007 -3.086089 11.25645 -3.343032 -3.186184 0.5847974 -3.186171 0.6135153 -3.086089 0.5873842 -3.186171 0.6135153 -3.186634 0.5819566 -3.086089 0.5873842 11.01496 -3.199718 11.25645 -3.343032 11.16382 -3.186206 11.25408 -3.056758 11.01496 -3.199718 11.16377 -3.186119 -2.940677 0.0477439 -2.927133 0.04650097 -2.846257 0.5363321 11.25944 0.04650097 11.4603 0.5383178 11.46316 0.5363321 11.26423 0.0477439 11.4634 0.5368806 11.4603 0.5383178 11.46207 0.6577116 11.45843 0.6183149 11.3278 0.5447631 11.46207 0.6577116 11.3278 0.5447631 11.5663 0.5190843 11.45843 0.6183149 11.46 0.4385988 11.3278 0.5447631 11.5663 0.5190843 11.3278 0.5447631 11.46203 0.4249403 11.3278 0.5447631 11.46204 0.4222454 11.46203 0.4249403 11.3278 0.5447631 11.46 0.4385988 11.46204 0.4222454 -2.735136 0.5190843 -2.84747 0.4249403 -2.848357 0.4385988 -2.939897 0.1956782 -2.92677 0.188269 -2.896292 0.608326 -2.936623 0.1824523 -2.897023 0.6068703 -2.894161 0.6070331 11.26441 0.1956782 11.1062 0.608326 11.10271 0.6068703 11.10439 0.7051037 11.1044 0.705435 10.96468 0.6340209 11.1044 -2.896013 11.02677 -3.018831 10.96468 -2.803525 11.10439 0.7051037 10.96468 0.6340209 11.10714 0.734751 11.10714 0.734751 11.18245 0.5663187 11.02677 0.6066299 10.96468 0.6340209 11.10417 0.4920964 11.10849 0.5382339 -2.803525 0.6340209 -3.018831 0.6066299 -2.896095 0.4920964 -2.927411 0.1008348 -3.117537 0.558015 -3.120506 0.5560153 -2.937732 0.09634271 -3.120097 0.5572759 -3.117537 0.558015 11.25034 0.09634271 11.26388 0.08637887 11.36681 0.5560153 -3.119383 0.6427428 -3.11888 0.6726401 -3.013494 0.5469059 -3.013494 0.5469059 -3.11888 0.6726401 -3.221684 0.5592117 -3.119948 0.6064956 -3.013494 0.5469059 -3.120151 0.4464874 -3.221684 0.5592117 -3.120151 0.4464874 -3.119139 0.4588053 -3.120151 0.4464874 -3.013494 0.5469059 -3.119383 0.4770493 -2.938946 0.2750721 -2.934211 0.2539675 -2.730629 0.4393019 11.26604 -2.934211 11.25321 -2.93035 11.30736 -2.728486 -2.938946 0.2750721 -2.730629 0.4393019 -2.728769 0.4374546 -2.76092 0.5859748 -2.729292 0.5585704 -2.642487 0.3984949 11.30688 0.5585704 11.30604 0.5484584 11.3898 0.3984949 11.17235 0.4254064 11.29906 0.5859748 11.30747 0.3185268 11.30747 0.3185268 11.3898 0.3984949 11.3064 0.3256654 -0.4444715 -0.6036213 -0.4046226 0.65967 -0.415219 0.6598688 11.93214 -0.6055277 11.93417 0.6594639 11.96186 -0.6062879 11.96328 -0.6036213 11.94097 0.6598688 11.93214 -0.6055277 -0.4137161 0.4278391 -0.2045609 0.6655884 -0.207269 0.6679546 11.93862 0.4385721 12.02412 0.6655884 11.95099 0.4278391 11.95036 -0.4238783 12.02228 -0.2067138 11.93862 -0.4185028 -0.2061338 0.7746358 -0.2057934 0.7786837 -0.2043035 0.6385364 12.02404 0.7746358 12.02108 0.6385364 12.06501 0.6765693 -0.2057934 0.7786837 -0.3357953 0.686796 -0.2043035 0.6385364 -0.2108144 0.6765693 -0.206274 0.5698978 -0.3357953 0.686796 12.06501 0.6765693 12.02395 0.5647485 12.02404 0.5698978 -0.206274 0.5698978 -0.2043035 0.6385364 -0.3357953 0.686796 -0.422507 0.3882346 -0.4919212 0.6701818 -0.4946806 0.6683916 11.94585 0.3883353 11.83273 0.6684094 11.83639 0.6701818 -0.4208521 0.3733438 -0.4915084 0.6684094 -0.4098118 0.3883353 11.95421 0.3882346 11.83482 0.6683916 11.93958 0.3733438 -0.4926682 0.7818778 -0.6811114 0.6524168 -0.4913827 0.8026227 11.83459 -0.4913827 11.76566 -0.6811114 11.63808 -0.4486606 11.83459 0.8026227 11.63808 0.7008214 11.88039 0.489154 11.76566 -0.6811114 11.83412 -0.4926543 11.63808 -0.4486606 12.01805 -0.5480894 11.83461 -0.4927964 11.76566 -0.6811114 11.95443 0.07125903 12.11993 0.7245832 11.94598 0.07683407 11.94229 0.08442863 12.11766 0.7260114 12.12118 0.7244318 -0.4265743 0.07683407 -0.464486 0.7260114 -0.4110311 0.08442863 12.11955 0.8430299 12.11924 0.8715548 12.29428 0.7283501 -0.4671551 0.8737947 -0.5999477 0.703968 -0.4649262 0.8715548 12.29428 0.7283501 12.00492 0.703968 12.11759 0.8737947 12.11924 0.8715548 12.1551 0.6696098 12.29428 0.7283501 -0.4649262 0.8715548 -0.5999477 0.703968 -0.371817 0.6696098 -0.5999477 0.703968 -0.4654151 0.6114444 -0.371817 0.6696098 12.29428 0.7283501 12.11956 0.6181678 12.11963 0.6114444 -0.4098021 0.4375716 -0.3293026 0.8779244 -0.3260333 0.8774299 11.95094 0.4416776 11.88259 0.8779244 11.9395 0.4390585 -0.3280748 0.9871003 -0.3270973 1.016815 -0.1997247 0.8415705 11.88162 1.016815 11.97935 0.971409 11.77087 0.8351299 11.88465 1.007838 11.85334 0.8415705 11.97935 0.971409 11.97935 0.971409 11.88579 0.7593564 11.77087 0.8351299 -0.3867387 0.971409 -0.1997247 0.8415705 -0.330842 0.7593564 -0.1997247 0.8415705 -0.3280301 0.7502578 -0.330842 0.7593564 11.88579 0.7593564 11.88453 0.7402473 11.77087 0.8351299 -0.4209022 0.4333394 -0.6995582 0.6115277 -0.7014113 0.6079434 -0.4138373 0.4448736 -0.7004763 0.608986 -0.6995582 0.6115277 11.94092 -0.4203795 11.91462 -0.7014113 11.91107 -0.7004763 -0.7013726 0.7369147 -0.752172 0.4806299 -0.5858708 0.7432572 -0.5858708 0.7432572 -0.5445575 0.5181598 -0.83823 0.602773 11.76363 0.4806299 11.97317 0.5181598 11.93537 0.7432572 12.04823 0.602773 11.76363 0.4806299 11.91166 0.7369147 11.76363 0.4806299 11.9132 0.4734922 11.91315 0.467776 11.76363 0.4806299 11.91322 0.4849341 11.9132 0.4734922 11.97317 -0.5445575 11.91322 -0.7005198 12.04823 -0.83823 -0.5445575 0.5181598 -0.7004433 0.467776 -0.7005198 0.4849341 -0.4226566 0.1126584 -0.2751346 0.6836 -0.2779042 0.684241 -0.4205748 0.1280653 -0.2770737 0.6859204 -0.4099512 0.1112059 11.95416 0.1126584 12.13205 0.6859204 11.93965 0.1280653 -0.277111 0.8250337 -0.2767421 0.8254386 -0.1347444 0.6634451 -0.1347444 0.6634451 -0.2851331 0.7794013 -0.277111 0.8250337 -0.1347444 0.6634451 -0.2780936 0.5693934 -0.2851331 0.7794013 11.94599 0.2768696 11.77743 0.766218 11.78045 0.7677288 -0.4218543 0.2700724 -0.4155415 0.766218 -0.4095051 0.2768696 11.95414 0.2855276 11.77705 0.7660278 11.93949 0.2700724 -0.4172902 0.8812058 -0.4153379 0.9154632 -0.5632335 0.7657468 11.61144 0.7977547 11.78221 0.6858224 11.78103 0.9154632 11.78103 0.9154632 11.78221 0.6858224 11.87191 0.7186409 11.72989 0.7657468 11.87191 0.7186409 11.77831 0.6319083 -0.4097663 0.1746979 -0.5814882 0.7066009 -0.4207129 0.1578054 -0.4231536 0.1694487 -0.5787623 0.7089376 -0.4097663 0.1746979 11.93913 0.1694487 12.10522 0.7066009 12.10168 0.708074 -0.5807472 0.7655899 -0.7019009 0.7103361 -0.58041 0.8428833 -0.5807159 0.8079466 -0.4635186 0.695956 -0.5807472 0.7655899 -0.7019009 0.7103361 -0.5805432 0.5930058 -0.4635186 0.695956 -0.5807472 0.7655899 -0.5810161 0.5786116 -0.7019009 0.7103361 -0.4635186 0.695956 -0.5805432 0.5930058 -0.5807091 0.6143249 -0.4155508 0.3536418 -0.193595 0.5665253 -0.1959226 0.570215 11.94021 -0.4148369 11.94191 -0.1945837 11.94466 -0.193595 -0.4230432 0.3783036 -0.1945837 0.5680564 -0.4148369 0.3506913 -0.2290397 0.7416102 -0.2250613 0.5539773 -0.1934572 0.6977702 11.80519 0.5539773 12.00759 0.5225298 11.94319 0.6977702 -0.08427957 0.5225298 -0.1972943 0.4290827 -0.2290397 0.7416102 11.80519 0.5539773 11.94388 0.4374246 12.00759 0.5225298 11.80519 0.5539773 11.94399 0.4283896 11.94388 0.4374246 11.80519 -0.2250613 11.9457 -0.1972943 11.94399 -0.1947857 -0.4444715 -0.6036213 -0.407899 -0.6062879 -0.4046226 0.65967 11.96186 -0.6062879 11.93417 0.6594639 11.94694 0.65967 -0.4356212 -0.6055277 -0.415219 0.6598688 -0.4060783 0.6594639 -0.4238783 0.4398062 -0.4137161 0.4278391 -0.207269 0.6679546 -0.4185028 0.4385721 -0.2067138 0.6687436 -0.2045609 0.6655884 11.95036 0.4398062 12.02573 0.6679546 12.02228 0.6687436 -0.2057934 0.7786837 -0.2108144 0.6765693 -0.3357953 0.686796 12.06501 0.6765693 12.02108 0.6385364 12.02395 0.5647485 -0.422507 0.3882346 -0.4098118 0.3883353 -0.4919212 0.6701818 -0.4208521 0.3733438 -0.4946806 0.6683916 -0.4915084 0.6684094 -0.4926682 0.7818778 -0.4927728 0.8057249 -0.6811114 0.6524168 11.83452 0.8057249 11.83459 0.8026227 12.01805 0.7169564 11.83452 -0.4927728 12.01805 -0.5480894 11.76566 -0.6811114 11.83459 0.8026227 11.88039 0.489154 12.01805 0.7169564 12.01805 -0.5480894 11.88039 -0.3559378 11.83461 -0.4927964 11.63808 -0.4486606 11.83412 -0.4926543 11.88039 -0.3559378 -0.4926543 0.531394 -0.6811114 0.6524168 -0.4927964 0.5467385 -0.4170336 0.07125903 -0.4642083 0.7244318 -0.4675455 0.7245832 11.95443 0.07125903 11.94229 0.08442863 12.12118 0.7244318 -0.4265743 0.07683407 -0.4675455 0.7245832 -0.464486 0.7260114 12.11759 0.8737947 12.11955 0.8430299 12.29428 0.7283501 12.00492 0.703968 12.29428 0.7283501 12.11963 0.6114444 12.29428 -0.5177847 12.1551 -0.371817 12.11956 -0.4654234 -0.4248041 0.4416776 -0.4098021 0.4375716 -0.3287835 0.8784797 -0.4098021 0.4375716 -0.3260333 0.8774299 -0.3287835 0.8784797 -0.4098021 0.4375716 -0.4223545 0.4390585 -0.3293026 0.8779244 11.95094 0.4416776 11.88655 0.8784797 11.88259 0.8779244 11.88162 1.016815 11.88465 1.007838 11.97935 0.971409 -0.3279405 1.007838 -0.3280748 0.9871003 -0.1997247 0.8415705 -0.3270973 1.016815 -0.4580523 0.8351299 -0.1997247 0.8415705 -0.1997247 0.8415705 -0.4580523 0.8351299 -0.3280749 0.7402473 -0.1997247 0.8415705 -0.3280749 0.7402473 -0.3280301 0.7502578 -0.4209022 0.4333394 -0.4138373 0.4448736 -0.6995582 0.6115277 -0.4138373 0.4448736 -0.4203795 0.4313665 -0.7004763 0.608986 11.94092 -0.4203795 11.95375 -0.4209022 11.91462 -0.7014113 11.91166 0.7369147 11.91323 0.7402343 12.04823 0.602773 11.91323 -0.7004954 11.93537 -0.5858708 12.04823 -0.83823 -0.7004954 0.7402343 -0.7004851 0.7737927 -0.5858708 0.7432572 -0.7004851 0.7737927 -0.7013726 0.7369147 -0.5858708 0.7432572 11.76363 -0.752172 12.04823 -0.83823 11.91322 -0.7005198 11.97317 -0.5445575 11.76363 -0.752172 11.91315 -0.7004433 -0.4226566 0.1126584 -0.4099512 0.1112059 -0.2751346 0.6836 11.94579 0.1112059 12.13205 0.6859204 12.13469 0.6836 11.95416 0.1126584 12.13564 0.684241 12.13205 0.6859204 12.1339 0.8254386 12.132 0.7794013 11.97498 0.6934521 12.1339 0.8254386 11.97498 0.6934521 12.21252 0.6634451 12.132 0.7794013 12.13198 0.5693934 11.97498 0.6934521 12.21252 0.6634451 11.97498 0.6934521 12.13383 0.5534327 11.97498 0.6934521 12.13389 0.5502835 12.13383 0.5534327 11.97498 0.6934521 12.13198 0.5693934 12.13389 0.5502835 -0.1347444 0.6634451 -0.276669 0.5534327 -0.2780936 0.5693934 -0.4218101 0.2855276 -0.4095051 0.2768696 -0.4171198 0.7677288 -0.4218543 0.2700724 -0.4187563 0.7660278 -0.4155415 0.766218 11.95414 0.2855276 11.78045 0.7677288 11.77705 0.7660278 11.77851 0.8808187 11.77853 0.8812058 11.61144 0.7977547 11.77853 -0.4172902 11.72989 -0.5632335 11.61144 -0.3576614 11.77851 0.8808187 11.61144 0.7977547 11.78103 0.9154632 -0.4153379 0.9154632 -0.4507662 0.7186409 -0.5632335 0.7657468 11.61144 0.7977547 11.77831 0.6319083 11.78221 0.6858224 -0.3576614 0.7977547 -0.5632335 0.7657468 -0.4174334 0.6319083 -0.4097663 0.1746979 -0.5787623 0.7089376 -0.5814882 0.7066009 -0.4231536 0.1694487 -0.5819166 0.708074 -0.5787623 0.7089376 11.93913 0.1694487 11.9533 0.1578054 12.10522 0.7066009 -0.5807159 0.8079466 -0.58041 0.8428833 -0.4635186 0.695956 -0.4635186 0.695956 -0.58041 0.8428833 -0.7019009 0.7103361 -0.5807472 0.7655899 -0.4635186 0.695956 -0.5810161 0.5786116 -0.7019009 0.7103361 -0.5810161 0.5786116 -0.5805432 0.5930058 -0.5810161 0.5786116 -0.4635186 0.695956 -0.5807091 0.6143249 -0.4230432 0.3783036 -0.4155508 0.3536418 -0.1959226 0.570215 11.95438 -0.4155508 11.94021 -0.4148369 11.94466 -0.193595 -0.4230432 0.3783036 -0.1959226 0.570215 -0.1945837 0.5680564 -0.2290397 0.7416102 -0.1945456 0.7095867 -0.08427957 0.5225298 -0.1945456 0.7095867 -0.1934572 0.6977702 -0.08427957 0.5225298 11.80519 0.5539773 11.94436 0.7416102 11.9457 0.4290827 -0.1972943 0.4290827 -0.08427957 0.5225298 -0.1946908 0.4374246 11.16515 -0.6597991 11.19491 0.1240902 11.18787 0.1242124 -0.832886 -0.660892 -0.8368491 0.1239634 -0.8564105 -0.6613278 -0.8543067 -0.6597991 -0.8409118 0.1242124 -0.832886 -0.660892 11.17908 -0.1687399 11.26442 0.2676986 11.26224 0.2679341 -0.8401295 -0.1740551 -0.7954948 0.2676986 -0.8501081 -0.1708421 11.17908 -0.1687399 11.26438 0.26732 11.18954 -0.1740551 11.24797 -0.8274373 11.13908 -0.7467014 11.26372 -0.7940017 11.26379 0.357155 11.13908 0.291038 11.35309 0.2346067 11.13908 -0.7467014 11.19753 -0.8474847 11.26362 -0.7937851 -0.8274373 0.3151626 -0.6974276 0.2346067 -0.7940302 0.1900173 -0.6974276 0.2346067 -0.7937851 0.1781371 -0.7940302 0.1900173 11.18054 -0.1239822 11.02085 0.2317299 11.01905 0.2305965 -0.8386455 -0.1213655 -0.8183662 0.2316898 -0.8483544 -0.1142542 11.1843 -0.1213655 11.01905 0.2305965 11.02119 0.2316898 -0.8470344 -0.1239822 -0.8191605 0.2305965 -0.8386455 -0.1213655 -0.7092709 0.2272379 -0.8564118 0.218537 -0.8195807 0.3100422 -0.8192649 0.2799234 -0.8250651 0.2234737 -0.7092709 0.2272379 -0.8250651 0.2234737 -0.8194043 0.1659054 -0.7092709 0.2272379 11.18797 -0.1067563 11.23714 0.1848954 11.17968 -0.09939279 -0.8502434 -0.1067563 -0.9249156 0.1846561 -0.9273106 0.183969 11.18857 -0.09990221 11.23714 0.1848954 11.23981 0.1846561 11.23868 -0.9261274 11.30729 -0.8931045 11.2658 -1.05388 11.23871 0.2603529 11.30729 0.2488622 11.23868 0.2704104 11.13154 0.2057863 11.16952 0.1263687 11.30729 0.2488622 -0.8303264 0.1263687 -0.9240106 0.09868113 -0.8931045 0.2488622 -1.05388 0.1804355 -0.9260622 0.09955293 -0.911498 0.2057863 11.18571 -0.1392086 11.19827 0.195683 11.19589 0.1949644 -0.8422487 -0.1499551 -0.6409772 0.195683 -0.8495119 -0.1392086 -0.6398479 0.2614293 -0.639847 0.2582741 -0.5224985 0.2194718 -0.639847 0.2582741 -0.6679405 0.2717505 -0.5253096 0.1795741 -0.6398508 0.2544854 -0.6679405 0.2717505 -0.639847 0.2582741 -0.6679405 0.2717505 -0.5224985 0.2194718 -0.7199015 0.1749239 11.20202 0.2717505 11.30197 0.1749239 11.19224 0.1430328 11.24166 -0.5224985 11.1631 -0.5253096 11.30197 -0.7199015 -0.5253096 0.1795741 -0.6398508 0.1144897 -0.639845 0.1179725 -0.5253096 0.1795741 -0.6421859 0.1430328 -0.6398508 0.1144897 11.30197 0.1749239 11.19738 0.1179725 11.19224 0.1430328 -0.8492848 -0.174949 -0.9162111 0.1193346 -0.9144142 0.1193716 11.19166 -0.1657843 11.10565 0.1193346 11.18275 -0.174949 11.18189 -0.169263 11.10418 0.1193716 11.10686 0.1204554 -0.9148973 0.1367272 -0.8312897 0.1123658 -0.9148629 0.1892892 11.10576 0.1892892 11.05803 0.1123658 11.25426 0.1132669 -0.9148973 0.1367272 -0.9182039 0.1047646 -0.914173 0.04261232 -0.8312897 0.1123658 -0.914173 0.04261232 -0.9147517 0.05602228 11.25426 0.1132669 11.10564 0.05602228 11.10685 0.1047646 11.18614 0.007818148 11.28431 0.1076992 11.1816 0.01766834 11.18854 -0.8398409 11.28605 -0.8482436 11.18614 -0.8508334 11.18854 0.003633002 11.28491 0.107161 11.28605 0.1058988 11.1816 -0.8434118 11.28431 -0.8491365 11.28491 -0.8463883 -0.8479356 0.1673167 -0.8476099 0.1849548 -0.7549649 0.1025413 -0.8480818 0.1821968 -0.839752 0.08482241 -0.8476099 0.1849548 -0.8479356 0.1673167 -0.7549649 0.1025413 -0.8480818 0.1821968 -0.8476099 0.1849548 -0.839752 0.08482241 -0.7549649 0.1025413 -0.8480818 0.1821968 -0.8453709 0.1013251 -0.839752 0.08482241 11.28524 0.1821968 11.31098 0.093687 11.28116 0.1013251 -0.7549649 0.1025413 -0.8539856 0.093687 -0.8480818 0.1821968 11.35814 -0.7549649 11.27834 -0.839752 11.31098 -0.8539856 -0.8495463 -0.2724589 -0.7898968 0.1236841 -0.7882979 0.1230261 11.19181 -0.2691698 11.114 0.1236841 11.18196 -0.2724589 11.11367 0.2020891 11.11459 0.2203911 11.18038 0.07662652 -0.7878416 0.2131309 -0.6941499 0.1018296 -0.788617 0.2203911 -0.7878416 0.2131309 -0.7883787 0.04855089 -0.6941499 0.1018296 -0.7878416 0.2131309 -0.7892529 0.2020891 -0.7883787 0.04855089 -0.6941499 0.1018296 -0.8559499 0.07662652 -0.788617 0.2203911 11.11367 0.2020891 11.18038 0.07662652 11.11267 0.04855089 11.18038 0.07662652 11.11415 0.03573428 11.11267 0.04855089 -0.6941499 0.1018296 -0.7883787 0.04855089 -0.7884271 0.03428226 -0.8503083 -0.1724812 -0.9492122 0.1675807 -0.8416367 -0.165813 -0.8442182 -0.1679321 -0.9467106 0.1685581 -0.9492122 0.1675807 11.18043 -0.165813 11.1863 0.1684444 11.1886 0.1685581 11.07881 0.1725136 11.26323 0.163437 11.18756 0.2452192 -0.9487121 0.2550761 -0.8665888 0.163437 -1.0609 0.1516339 11.07881 0.1725136 11.1873 0.08471639 11.18752 0.09997586 -1.0609 0.1516339 -0.9477889 0.09693571 -0.9478979 0.08471639 11.18198 -0.01470548 11.22587 0.2503886 11.22386 0.2503478 -0.8451822 -0.01945799 -0.7860363 0.2497425 -0.7888149 0.2503886 11.18342 -0.01976789 11.22623 0.2497425 11.19145 -0.01945799 -0.849965 -0.01470548 -0.7872327 0.2503478 -0.8388525 -0.01976789 -0.7873542 0.323967 -0.8698957 0.2939188 -0.7552934 0.3223694 -0.7552934 0.3223694 -0.7950156 0.1575679 -0.7866011 0.3437456 11.28381 -0.8698957 11.13235 -0.8245776 11.21428 -0.7552934 -0.7866011 0.3437456 -0.7950156 0.1575679 -0.8698957 0.2939188 11.16515 -0.6597991 11.19131 -0.6613278 11.19491 0.1240902 -0.8564105 -0.6613278 -0.8368491 0.1239634 -0.8460641 0.1240902 11.1741 -0.660892 11.18787 0.1242124 11.19496 0.1239634 11.17908 -0.1687399 11.18812 -0.1708421 11.26442 0.2676986 -0.8401295 -0.1740551 -0.792637 0.26732 -0.7954948 0.2676986 11.17908 -0.1687399 11.26224 0.2679341 11.26438 0.26732 11.26372 0.3375004 11.13908 0.291038 11.26379 0.357155 -0.7937281 0.357155 -0.6974276 0.2346067 -0.8274373 0.3151626 11.24797 0.3151626 11.19753 0.1974704 11.13908 0.291038 11.35309 0.2346067 11.13908 0.291038 11.26362 0.1781371 11.19753 0.1974704 11.24797 0.3151626 11.26379 0.1900173 11.18054 -0.1239822 11.18958 -0.1142542 11.02085 0.2317299 -0.8483544 -0.1142542 -0.8183662 0.2316898 -0.8210743 0.2317299 -0.8195807 0.3100422 -0.8192649 0.2799234 -0.7092709 0.2272379 11.02111 0.3100422 11.11971 0.218537 11.02078 0.2234737 11.11971 -0.8564118 11.00994 -0.7092709 11.02135 -0.8203914 11.02078 0.2234737 11.11971 0.218537 11.02135 0.1571678 -0.8203914 0.1571678 -0.7092709 0.2272379 -0.8194043 0.1659054 11.18797 -0.1067563 11.23929 0.183969 11.23714 0.1848954 -0.8502434 -0.1067563 -0.839336 -0.09990221 -0.9249156 0.1846561 11.18857 -0.09990221 11.17968 -0.09939279 11.23714 0.1848954 11.23871 0.2603529 11.13154 0.2057863 11.30729 0.2488622 11.23871 0.2603529 11.23872 0.2580734 11.13154 0.2057863 11.23872 0.2580734 11.23868 0.2704104 11.13154 0.2057863 11.23868 -0.9261274 11.2658 -1.05388 11.13154 -0.911498 -1.05388 0.1804355 -0.8931045 0.2488622 -0.9240106 0.09868113 -0.9240106 0.09868113 -0.8303264 0.1263687 -0.9260417 0.1173646 -0.8303264 0.1263687 -0.9260622 0.09955293 -0.9260417 0.1173646 -0.8303264 0.1263687 -0.911498 0.2057863 -0.9260622 0.09955293 11.2658 -1.05388 11.2396 -0.9240106 11.23871 -0.9260622 -0.8422487 -0.1499551 -0.6386988 0.1940281 -0.6409772 0.195683 11.19067 -0.1499551 11.18152 -0.151334 11.19795 0.1940281 11.18152 -0.151334 11.19589 0.1949644 11.19795 0.1940281 -0.8407644 -0.151334 -0.8495119 -0.1392086 -0.6398597 0.1949644 -0.6398508 0.2544854 -0.6398479 0.2614293 -0.5224985 0.2194718 11.1974 -0.6398508 11.24166 -0.5224985 11.20202 -0.6679405 11.24166 -0.5224985 11.1974 -0.639847 11.1631 -0.5253096 -0.6679405 0.2717505 -0.6421859 0.1430328 -0.5253096 0.1795741 -0.7199015 0.1749239 -0.5253096 0.1795741 -0.639845 0.1179725 -0.8453858 -0.1657843 -0.9141955 0.1204554 -0.9162111 0.1193346 11.19166 -0.1657843 11.18189 -0.169263 11.10686 0.1204554 -0.8395745 -0.169263 -0.8492848 -0.174949 -0.9144142 0.1193716 -0.9172798 0.2021633 -0.9148629 0.1892892 -0.9182039 0.1047646 11.10576 0.1892892 11.25426 0.1132669 11.10685 0.1047646 11.10276 0.1367272 11.10744 0.2021633 11.10685 0.1047646 -0.8312897 0.1123658 -0.9148973 0.1367272 -0.914173 0.04261232 11.25426 -0.8639237 11.05803 -0.8312897 11.10564 -0.9147517 11.18614 0.007818148 11.28605 0.1058988 11.28431 0.1076992 11.18854 0.003633002 11.1816 0.01766834 11.28491 0.107161 -0.8451896 -0.2691698 -0.7875183 0.1235648 -0.7898968 0.1236841 11.19181 -0.2691698 11.18249 -0.2762167 11.11545 0.1235648 11.18249 -0.2762167 11.11276 0.1230261 11.11545 0.1235648 -0.8395403 -0.2762167 -0.8495463 -0.2724589 -0.7882979 0.1230261 11.18038 0.07662652 11.11421 0.03428226 11.11415 0.03573428 11.18038 -0.8559499 11.15426 -0.6941499 11.11421 -0.7884271 -0.8503083 -0.1724812 -0.8442182 -0.1679321 -0.9492122 0.1675807 11.19177 -0.1679321 11.18043 -0.165813 11.1886 0.1685581 -0.8416367 -0.165813 -0.9492122 0.1675807 -0.9470521 0.1684444 11.18776 0.2550761 11.18756 0.2452192 11.26323 0.163437 11.18756 0.2452192 11.18758 0.2312556 11.07881 0.1725136 11.18758 0.2312556 11.18776 0.2550761 11.07881 0.1725136 -0.9487121 0.2550761 -1.0609 0.1516339 -0.9039348 0.1725136 -1.0609 0.1516339 -0.9478979 0.08471639 -0.9039348 0.1725136 11.07881 0.1725136 11.18752 0.09997586 11.26323 0.163437 -0.8665888 0.163437 -0.9477285 0.09997586 -0.9477889 0.09693571 -1.0609 0.1516339 -0.8665888 0.163437 -0.9477889 0.09693571 11.18198 -0.01470548 11.19145 -0.01945799 11.22587 0.2503886 11.18342 -0.01976789 11.22386 0.2503478 11.22623 0.2497425 -0.7873542 0.323967 -0.7866011 0.3437456 -0.8698957 0.2939188 -0.7552934 0.3223694 -0.7849614 0.1448603 -0.7950156 0.1575679 11.21428 0.3223694 11.13235 0.2061368 11.22571 0.1448603 11.28381 0.2939188 11.23191 0.1575679 11.13235 0.2061368 11.13235 -0.8245776 11.23191 -0.7950156 11.22528 -0.787332 11.22571 0.1448603 11.13235 0.2061368 11.22528 0.1514362 -2.836829 -0.623342 -2.890628 0.9652959 -2.876509 0.9655431 9.484564 -0.6257348 9.48129 0.9650393 9.444145 -0.6266891 9.442914 -0.623342 9.47233 0.9655431 9.484564 -0.6257348 -2.878299 0.5397576 -3.104482 1.186139 -2.862141 0.5554945 9.474535 0.5412793 9.449085 1.185702 9.444917 1.184155 -2.862141 0.5554945 -3.105805 1.185702 -2.878232 0.5412793 9.466483 0.5554945 9.444958 1.186139 9.449085 1.185702 9.425714 1.33529 9.625376 1.149114 9.448348 1.351137 9.444736 1.333857 9.444859 1.015408 9.425714 1.33529 -3.113375 1.33529 -3.10892 1.015408 -3.105091 1.034905 9.625376 1.149114 9.446364 1.032927 9.444859 1.015408 9.456189 -2.864906 9.690835 -2.630927 9.68878 -2.627196 9.472771 0.7133202 9.690835 0.8639189 9.465386 0.732522 9.472771 -2.875182 9.68878 -2.627196 9.692492 -2.629862 9.690939 1.04246 9.906278 0.9071617 9.69339 1.061826 -2.629124 1.052419 -2.629576 1.061826 -2.831776 0.8684888 9.69339 1.061826 9.906278 0.9071617 9.640753 0.8684888 -2.629124 1.052419 -2.831776 0.8684888 -2.472414 0.8780173 9.690939 1.04246 9.558532 0.8780173 9.906278 0.9071617 9.530631 -2.697193 9.748601 -2.600559 9.558532 -2.472414 9.530631 -2.697193 9.640753 -2.831776 9.690429 -2.62921 9.748601 0.6900124 9.690429 0.6823539 9.690746 0.6903349 -2.831776 0.8684888 -2.629341 0.7052764 -2.62921 0.6823539 9.463051 0.5289217 9.078164 0.9150076 9.458203 0.51567 9.47156 -2.869992 9.08127 -2.874644 9.080396 -2.879531 9.458203 0.51567 9.08127 0.9191684 9.47156 0.5530837 9.079909 -2.876819 8.905139 -2.818908 9.178437 -2.602038 -2.602038 0.951685 -2.994957 0.9387298 -2.876833 1.07708 -2.994957 0.9387298 -2.602038 0.951685 -2.890754 0.7463664 -2.994957 0.9387298 -2.890754 0.7463664 -2.877465 0.7562073 8.905139 -2.818908 9.0799 -2.876703 9.178437 -2.602038 9.180775 0.9387298 9.079174 0.7562073 8.905139 0.9056916 8.905139 0.9056916 9.079174 0.7562073 9.0799 0.7873242 9.473272 0.4434789 9.754306 0.9320175 9.45649 0.4663973 -2.875217 0.4434789 -3.10775 0.9347198 -3.111903 0.9320175 -3.109028 1.15189 -3.115362 1.015421 -2.937065 0.9301148 9.756483 1.067063 9.784471 0.7326254 9.753965 1.015421 -3.113545 1.067063 -2.937065 0.9301148 -3.149255 0.7326254 -2.937065 0.9301148 -3.115362 1.015421 -3.110049 0.7369805 -3.110553 0.723127 -3.110049 0.7369805 -3.115362 1.015421 -2.868147 0.6472463 -2.509003 1.195171 -2.506737 1.193832 -2.882916 0.6719625 -2.509003 1.195171 -2.868147 0.6472463 -2.509048 1.312852 -2.688244 1.172906 -2.513756 1.359484 -2.509048 1.312852 -2.508154 1.338813 -2.688244 1.172906 -2.508154 1.338813 -2.509382 1.142337 -2.688244 1.172906 -2.688244 1.172906 -2.510779 1.110835 -2.513756 1.359484 -2.508154 1.338813 -2.503082 1.118499 -2.509382 1.142337 -2.688244 1.172906 -2.509382 1.142337 -2.510779 1.110835 -2.872322 0.5490811 -3.071578 1.214232 -3.066428 1.215698 9.470691 0.5513971 9.3115 1.214232 9.453825 0.5490811 9.470691 0.5513971 9.314536 1.215975 9.3115 1.214232 -3.068846 1.406267 -3.308854 1.187231 -3.068528 1.442731 -3.067392 1.341245 -3.308854 1.187231 -3.068846 1.406267 -3.068528 1.442731 -3.308854 1.187231 -2.867195 1.19094 -3.067392 1.341245 -3.06668 1.004262 -3.308854 1.187231 -2.867195 1.19094 -3.069347 1.001866 -3.068584 1.034287 -2.885086 0.3472629 -2.781166 1.224552 -2.866034 0.3530783 9.465885 0.3472629 9.835056 1.222234 9.831512 1.224552 9.456025 0.3530783 9.831964 1.223548 9.472917 0.3335808 -2.934865 1.306242 -2.778797 1.327947 -2.778753 1.391804 -2.571208 1.204791 -2.778692 1.096822 -2.786546 1.062284 -2.875233 0.5562094 -2.709822 1.033402 -2.704814 1.032377 9.47271 0.5845115 9.190679 1.033402 9.455289 0.5562094 9.47271 0.5845115 9.194665 1.034951 9.190679 1.033402 -2.862556 0.5663193 -2.706813 1.034951 -2.877504 0.5845115 9.192205 -2.707458 8.931683 -2.607459 9.257163 -2.48473 9.192205 1.201894 9.189848 1.207614 8.931683 1.002371 9.297546 0.9362122 8.931683 1.002371 9.189848 1.207614 -2.838963 1.120629 -2.48473 1.018406 -2.930444 0.9362122 -2.930444 0.9362122 -2.707314 0.8456111 -2.707404 0.8678913 -2.930444 0.9362122 -2.707404 0.8678913 -2.707422 0.8413862 9.473843 0.2538513 9.566206 1.196776 9.454973 0.2607055 -2.861705 0.2746368 -3.204431 1.198399 -2.879067 0.2538513 9.465226 0.2746368 9.56332 1.199148 9.568381 1.198399 -3.205785 1.34671 -3.115134 1.359971 -3.205778 1.347692 -3.205185 1.39753 -3.173646 1.142359 -3.331793 1.184734 -3.331793 1.184734 -3.206182 1.062789 -3.115134 1.359971 -3.331793 1.184734 -3.173646 1.142359 -3.205682 1.022374 -2.836829 -0.623342 -2.885958 -0.6266891 -2.890628 0.9652959 9.444145 -0.6266891 9.48129 0.9650393 9.464121 0.9652959 -2.849277 -0.6257348 -2.876509 0.9655431 -2.888905 0.9650393 -2.878299 0.5397576 -3.109016 1.184155 -3.104482 1.186139 9.454102 0.5397576 9.474535 0.5412793 9.444917 1.184155 9.448348 1.351137 9.625376 1.149114 9.444736 1.333857 9.425714 1.33529 9.444882 1.034905 9.625376 1.149114 9.444736 1.333857 9.625376 1.149114 9.444859 1.015408 9.625376 1.149114 9.444882 1.034905 9.446364 1.032927 9.456189 -2.864906 9.465386 -2.878713 9.690835 -2.630927 -2.875182 0.7133202 -2.629862 0.8590845 -2.630927 0.8639189 9.472771 -2.875182 9.456189 -2.864906 9.68878 -2.627196 9.690939 1.04246 9.690147 1.052419 9.558532 0.8780173 -2.831776 0.8684888 -2.697193 0.7607859 -2.472414 0.8780173 9.906278 0.9071617 9.748601 0.6900124 9.640753 0.8684888 9.906278 0.9071617 9.558532 0.8780173 9.748601 0.6900124 9.640753 -2.831776 9.748601 -2.600559 9.690691 -2.629341 9.748601 0.6900124 9.690746 0.6903349 9.690691 0.7052764 9.748601 0.6900124 9.530631 0.7607859 9.690429 0.6823539 9.463051 0.5289217 9.080396 0.9179337 9.078164 0.9150076 9.463051 0.5289217 9.47156 0.5530837 9.080396 0.9179337 9.458203 0.51567 9.078164 0.9150076 9.08127 0.9191684 -2.87681 1.055695 -2.876833 1.07708 -2.994957 0.9387298 -2.876833 1.07708 -2.876819 1.045139 -2.602038 0.951685 9.079909 1.045139 9.079946 1.055695 8.905139 0.9056916 9.079946 1.055695 9.180775 0.9387298 8.905139 0.9056916 -2.602038 0.951685 -2.876703 0.7873242 -2.890754 0.7463664 -2.863409 0.4774349 -2.880179 0.4663973 -3.109979 0.9361208 9.45649 0.4663973 9.754306 0.9320175 9.751105 0.9361208 9.473272 0.4434789 9.464192 0.4774349 9.754585 0.9347198 9.464192 0.4774349 9.751105 0.9361208 9.754585 0.9347198 -3.109028 1.15189 -2.937065 0.9301148 -3.113545 1.067063 -3.115362 1.015421 -3.149255 0.7326254 -3.110553 0.723127 -3.149255 0.7326254 -2.937065 0.9301148 -3.110049 0.7369805 9.463932 0.6719625 9.413764 1.19699 9.409211 1.195171 -2.882916 0.6719625 -2.867113 0.6499348 -2.510848 1.19699 -2.867113 0.6499348 -2.506737 1.193832 -2.510848 1.19699 9.474624 0.6499348 9.455544 0.6472463 9.41225 1.193832 -2.508154 1.338813 -2.513756 1.359484 -2.503082 1.118499 9.418063 1.118499 9.408113 1.359484 9.405912 1.110835 -2.882475 0.5513971 -2.866465 0.5648568 -3.068959 1.215975 9.473633 0.5648568 9.310316 1.215698 9.314536 1.215975 9.473633 0.5648568 9.453825 0.5490811 9.310316 1.215698 9.311506 1.442731 9.168664 1.19094 9.366907 1.341245 -3.308854 1.187231 -3.069347 1.001866 -2.867195 1.19094 -3.067392 1.341245 -2.867195 1.19094 -3.06668 1.004262 -3.06668 1.004262 -2.867195 1.19094 -3.068584 1.034287 9.309562 -3.069347 9.352966 -3.308854 9.314639 -3.06668 -2.866034 0.3530783 -2.781166 1.224552 -2.775796 1.223548 -2.885086 0.3472629 -2.866943 0.3335808 -2.778584 1.222234 9.472917 0.3335808 9.831964 1.223548 9.835056 1.222234 -2.778797 1.327947 -2.571208 1.204791 -2.778504 1.380855 -2.778753 1.391804 -2.778504 1.380855 -2.934865 1.306242 -2.778504 1.380855 -2.571208 1.204791 -2.934865 1.306242 -2.571208 1.204791 -2.778797 1.327947 -2.773095 1.080846 -2.934865 1.306242 -2.571208 1.204791 -2.786546 1.062284 9.828783 1.327947 9.849482 1.062284 9.817607 1.080846 -2.778797 1.327947 -2.934865 1.306242 -2.786546 1.062284 -2.571208 1.204791 -2.773095 1.080846 -2.778692 1.096822 9.469631 0.5663193 9.192262 1.032377 9.194665 1.034951 9.469631 0.5663193 9.455289 0.5562094 9.192262 1.032377 -2.707401 1.216872 -2.707458 1.201894 -2.48473 1.018406 9.189848 1.207614 9.192439 1.216872 9.371462 1.120629 9.192439 -2.707401 9.257163 -2.48473 9.371462 -2.838963 9.371462 1.120629 9.297546 0.9362122 9.189848 1.207614 -2.930444 0.9362122 -2.48473 1.018406 -2.707314 0.8456111 9.257163 -2.48473 8.931683 -2.607459 9.19247 -2.707314 8.931683 1.002371 9.192219 0.8413862 9.19247 0.8456111 8.931683 -2.607459 9.297546 -2.930444 9.192219 -2.707422 -2.861705 0.2746368 -2.878198 0.2607055 -3.20445 1.199148 -2.878198 0.2607055 -3.208393 1.196776 -3.20445 1.199148 -2.879067 0.2538513 -3.204431 1.198399 -3.208393 1.196776 -3.205778 1.347692 -3.115134 1.359971 -3.205185 1.39753 -3.205785 1.34671 -3.331793 1.184734 -3.115134 1.359971 -3.205785 1.34671 -3.205185 1.39753 -3.331793 1.184734 -3.115134 1.359971 -3.173646 1.142359 -3.205185 1.39753 9.504524 1.359971 9.561074 1.062789 9.613286 1.142359 -3.206182 1.062789 -3.331793 1.184734 -3.205682 1.022374 -3.307091 -0.6023566 -3.337445 0.3927971 -3.32505 0.3929554 -3.3023 -0.6037392 -3.330735 0.3926329 -3.340641 -0.6042907 9.00656 -0.6023566 9.039645 0.3929554 9.039342 -0.6037392 -3.320111 -0.1314709 -3.50743 0.4100236 -3.504673 0.4116161 -3.319059 -0.1236473 -3.508428 0.4105623 -3.332825 -0.1367817 9.026066 -0.1314709 8.893345 0.4116161 9.038416 -0.1236473 8.89315 0.5147147 9.042703 0.4238915 8.900546 0.4244279 -3.523128 0.4244279 -3.500912 0.3524061 -3.506319 0.5140111 9.042703 0.4238915 8.891901 0.3524061 8.892425 0.2968831 9.042703 0.4238915 8.892425 0.2968831 8.900546 0.4244279 -3.507672 0.2968831 -3.506587 0.3068382 -3.523128 0.4244279 -3.324509 0.1215952 -3.290934 0.4668576 -3.28762 0.4671247 9.024568 0.1215952 9.159637 0.4671247 9.037284 0.1118658 9.160433 -3.290141 9.048147 -3.458219 9.01791 -3.122954 9.01791 0.4826907 9.349906 0.4623554 9.16309 0.581454 9.048147 -3.458219 9.349906 -3.334586 9.160632 -3.289527 -3.122954 0.4826907 -3.289527 0.3650282 -3.289243 0.3553223 9.048147 -3.458219 9.160632 -3.289527 9.01791 -3.122954 9.349906 0.4623554 9.163104 0.3553223 9.161387 0.3768706 -3.332867 -0.0994231 -3.179367 0.4001924 -3.317211 -0.1058677 9.028263 -0.0994231 8.782777 0.4022546 8.780276 0.4001924 9.031549 -0.1058677 8.783066 0.4011098 9.040473 -0.09121803 8.78207 0.4831243 8.833384 0.4957604 8.78207 0.4853522 8.782005 0.4940461 8.833384 0.4957604 8.78207 0.4831243 8.782005 -3.179224 8.739465 -3.023062 8.833384 -3.22922 8.78207 -3.179273 8.833384 -3.22922 8.650604 -3.260445 8.782005 -3.179224 8.650604 -3.260445 8.739465 -3.023062 8.739465 -3.023062 8.940132 -3.112017 8.833384 -3.22922 8.940132 0.3521191 8.802531 0.315571 8.833384 0.4957604 -3.023062 0.4427773 -3.260445 0.4649316 -3.175839 0.2940038 8.739465 -3.023062 8.776865 -3.175839 8.940132 -3.112017 8.940132 0.3521191 8.78693 0.2926648 8.802531 0.315571 -3.33034 0.05791485 -3.546427 0.3985219 -3.543716 0.4005941 9.039372 0.05518521 9.095373 0.3985219 9.027348 0.05791485 9.095913 0.496258 9.252474 0.3869182 9.096788 0.5191697 9.096788 0.5191697 9.252474 0.3869182 9.095634 0.3249651 8.95681 0.4207637 9.093994 0.2772855 9.252474 0.3869182 9.095634 0.3249651 9.093994 0.2772855 8.95681 0.4207637 9.252474 0.3869182 9.093994 0.2772855 9.095933 0.294381 -3.331039 0.004491134 -3.160039 0.5153277 -3.317553 -0.004100704 9.042582 -0.002211576 9.09674 0.516537 9.027487 0.004491134 9.042582 -0.002211576 9.096654 0.5153277 9.099827 0.5156343 -3.160981 0.599639 -3.163474 0.6378817 -3.01106 0.4949579 9.098036 0.6126358 9.096481 0.4865446 9.097205 0.6378817 -3.160981 0.599639 -3.16015 0.4865446 -3.16318 0.6126358 -3.160981 0.599639 -3.01106 0.4949579 -3.163158 0.3820123 -3.01106 0.4949579 -3.16015 0.4865446 -3.161849 0.3888537 9.099622 0.599639 9.097611 0.3820123 9.096481 0.4865446 9.03684 0.01637197 8.755038 0.5245074 9.02563 0.00866774 -3.318143 0.02281891 -3.430676 0.5262723 -3.333157 0.01637197 9.02563 0.00866774 8.754311 0.5248924 9.037403 0.02281891 8.755606 0.6251978 8.634328 0.5490185 8.756211 0.6443768 -3.427054 0.6443768 -3.292915 0.5299065 -3.539023 0.5475852 8.634328 0.5490185 8.802459 0.5299065 8.756211 0.6443768 -3.539023 0.5475852 -3.292915 0.5299065 -3.425229 0.3999156 8.802459 0.5299065 8.634328 0.5490185 8.768091 0.3999156 8.634328 0.5490185 8.755612 0.4204463 8.755579 0.4270446 8.768091 0.3999156 8.755612 0.4204463 8.832595 0.5475852 9.029519 0.2288872 9.161225 0.5510824 9.15733 0.552221 -3.320845 0.2247344 -3.365774 0.5519521 -3.368283 0.5510824 9.026509 0.2332748 9.159304 0.5519521 9.040587 0.2247344 -3.366813 0.6372296 -3.389782 0.5924463 -3.367227 0.4590886 9.158449 0.4590886 9.15926 0.4666677 9.284086 0.5542035 -3.368217 0.4482217 -3.367227 0.4590886 -3.389782 0.5924463 -3.317957 0.08431491 -3.124552 0.4296336 -3.121166 0.4277047 -3.325283 0.09934046 -3.121927 0.4290184 -3.124552 0.4296336 -3.317957 0.08431491 -3.121927 0.4290184 -3.325283 0.09934046 8.921615 0.5367896 9.048351 0.5162562 8.922093 0.5423383 8.922033 0.5363155 8.783147 0.4734326 8.921615 0.5367896 8.921615 0.5367896 8.783482 0.4020856 9.048351 0.5162562 8.921615 -3.122512 8.783147 -3.215004 8.783482 -3.027249 8.922033 -3.122862 9.048351 -3.166779 8.783147 -3.215004 9.048351 0.5162562 8.973324 0.344384 8.783147 0.4734326 -3.166779 0.5162562 -2.997788 0.3460167 -3.262588 0.344384 8.783147 -3.215004 8.973324 -3.262588 8.783482 -3.027249 8.783482 0.4020856 8.922058 0.3222782 8.922016 0.3171738 9.032718 0.06095923 8.969028 0.5056773 8.964935 0.5049997 -3.322105 0.0725314 -3.536588 0.5056773 -3.332482 0.06095923 -3.322105 0.0725314 -3.534149 0.5065165 -3.536588 0.5056773 -3.373164 0.506847 -3.705144 0.5225159 -3.536104 0.6104401 -3.536104 0.6104401 -3.705144 0.5225159 -3.535872 0.5715432 -3.535872 0.5715432 -3.537506 0.3880793 -3.373164 0.506847 -3.535872 0.5715432 -3.705144 0.5225159 -3.537506 0.3880793 -3.373164 0.506847 -3.539189 0.3821095 -3.705144 0.5225159 -3.705144 0.5225159 -3.53605 0.4155006 -3.537506 0.3880793 -3.307091 -0.6023566 -3.340641 -0.6042907 -3.337445 0.3927971 9.023208 -0.6042907 9.049822 0.3926329 9.038512 0.3927971 9.039342 -0.6037392 9.039645 0.3929554 9.049822 0.3926329 -3.320111 -0.1314709 -3.332825 -0.1367817 -3.50743 0.4100236 9.033392 -0.1367817 8.894688 0.4105623 8.891585 0.4100236 -3.319059 -0.1236473 -3.504673 0.4116161 -3.508428 0.4105623 8.89315 0.5147147 8.893188 0.5140111 9.042703 0.4238915 8.893188 0.5140111 8.891901 0.3524061 9.042703 0.4238915 -3.523128 0.4244279 -3.506587 0.3068382 -3.500912 0.3524061 9.024568 0.1215952 9.03832 0.1139008 9.161368 0.4668576 -3.332237 0.1139008 -3.288586 0.4659051 -3.290934 0.4668576 -3.332237 0.1139008 -3.317742 0.1118658 -3.288586 0.4659051 9.037284 0.1118658 9.159637 0.4671247 9.163434 0.4659051 9.160433 -3.290141 9.16309 -3.282733 9.349906 -3.334586 -3.282733 0.581454 -3.288635 0.5687911 -3.122954 0.4826907 -3.288635 0.5687911 -3.290141 0.5808203 -3.122954 0.4826907 9.160433 0.5808203 9.349906 0.4623554 9.048147 0.4478999 9.349906 0.4623554 9.01791 0.4826907 9.163104 0.3553223 9.160632 0.3650282 9.349906 0.4623554 9.161387 0.3768706 9.028263 -0.0994231 9.040473 -0.09121803 8.782777 0.4022546 -3.324568 -0.09121803 -3.177271 0.4011098 -3.181157 0.4022546 9.031549 -0.1058677 8.780276 0.4001924 8.783066 0.4011098 8.782005 0.4940461 8.78207 0.4853522 8.650604 0.4649316 8.650604 0.4649316 8.833384 0.4957604 8.802531 0.315571 8.940132 -3.112017 8.776865 -3.175839 8.78693 -3.181948 8.776865 0.2940038 8.650604 0.4649316 8.802531 0.315571 -3.318015 0.07179188 -3.33034 0.05791485 -3.543716 0.4005941 9.039372 0.05518521 9.098099 0.3991804 9.095373 0.3985219 -3.328994 0.05518521 -3.318015 0.07179188 -3.5447 0.3991804 9.033862 0.07179188 9.094398 0.4005941 9.098099 0.3991804 9.095913 0.496258 9.094696 0.5210542 9.252474 0.3869182 9.094696 0.5210542 8.95681 0.4207637 9.252474 0.3869182 9.096788 0.5191697 8.95681 0.4207637 9.094696 0.5210542 9.096788 0.5191697 9.095634 0.3249651 8.95681 0.4207637 9.095634 0.3249651 9.252474 0.3869182 9.095933 0.294381 -3.331039 0.004491134 -3.163909 0.516537 -3.160039 0.5153277 9.042582 -0.002211576 9.099827 0.5156343 9.09674 0.516537 9.042582 -0.002211576 9.02945 -0.004100704 9.096654 0.5153277 -3.01106 0.4949579 -3.163474 0.6378817 -3.16015 0.4865446 -3.163158 0.3820123 -3.01106 0.4949579 -3.161849 0.3888537 -3.323488 0.00866774 -3.432894 0.5245074 -3.429107 0.5248924 9.03684 0.01637197 8.75748 0.5262723 8.755038 0.5245074 9.037403 0.02281891 8.754311 0.5248924 8.75748 0.5262723 8.755606 0.6251978 8.755603 0.6298243 8.634328 0.5490185 8.755603 0.6298243 8.832595 0.5475852 8.634328 0.5490185 -3.4309 0.6298243 -3.427054 0.6443768 -3.539023 0.5475852 8.768091 0.3999156 8.634328 0.5490185 8.755579 0.4270446 8.634328 0.5490185 8.832595 0.5475852 8.755612 0.4204463 -3.320407 0.2332748 -3.33305 0.2288872 -3.36895 0.552221 9.029519 0.2288872 9.040587 0.2247344 9.161225 0.5510824 -3.320407 0.2332748 -3.36895 0.552221 -3.365774 0.5519521 9.1592 0.6547219 9.158609 0.6372296 9.284086 0.5542035 9.140153 0.5924463 9.1592 0.6547219 9.284086 0.5542035 9.284086 0.5542035 9.158609 0.6372296 9.158449 0.4590886 9.140153 0.5924463 9.284086 0.5542035 9.159065 0.4482217 9.159065 0.4482217 9.284086 0.5542035 9.15926 0.4666677 -3.317957 0.08431491 -3.331711 0.09845435 -3.124552 0.4296336 9.028123 0.09845435 9.041206 0.09934046 8.921141 0.4296336 9.030932 0.08431491 8.921504 0.4277047 8.924039 0.4290184 8.922033 0.5363155 8.922093 0.5423383 9.048351 0.5162562 9.048351 0.5162562 8.783482 0.4020856 9.002928 0.3460167 8.973324 -3.262588 9.002928 -2.997788 8.922058 -3.122722 9.002928 -2.997788 8.783482 -3.027249 8.922016 -3.122744 8.783482 -3.027249 8.973324 -3.262588 8.922058 -3.122722 -3.318014 0.07261538 -3.332482 0.06095923 -3.536747 0.5049997 9.040999 0.0725314 9.028372 0.07261538 8.966999 0.5065165 -3.318014 0.07261538 -3.536747 0.5049997 -3.534149 0.5065165 -3.536104 0.6104401 -3.535923 0.6151231 -3.373164 0.506847 -3.535923 0.6151231 -3.535872 0.5715432 -3.373164 0.506847 9.078102 0.506847 8.963269 0.3880793 8.966814 0.3821095 -3.705144 0.5225159 -3.539189 0.3821095 -3.53605 0.4155006</float_array>
          <technique_common>
            <accessor source="#uv-array" count="8892" stride="2">
              <param name="S" type="float" />
              <param name="T" type="float" />
            </accessor>
          </technique_common>
        </source>
        <vertices id="vertices">
          <input semantic="POSITION" source="#positions" />
        </vertices>
        <triangles count="1140" material="m0">
          <input semantic="VERTEX" source="#vertices" offset="0" />
          <input semantic="NORMAL" source="#normals" offset="1" />
          <input semantic="TEXCOORD" source="#uv" offset="2" set="0" />
          <p>0 0 0 4 0 1 3 0 2 2 1 3 5 1 4 1 1 5 0 2 6 3 2 7 2 2 8 6 3 9 10 3 10 9 3 11 8 4 12 11 4 13 7 4 14 8 5 15 9 5 16 11 5 17 6 6 18 9 6 19 8 6 20 20 11 33 22 11 34 19 11 35 21 12 36 24 12 37 23 12 38 19 13 39 22 13 40 21 13 41 34 19 57 37 19 58 33 19 59 35 20 60 38 20 61 34 20 62 35 21 63 36 21 64 38 21 65 50 28 84 52 28 85 49 28 86 48 29 87 51 29 88 53 29 89 64 36 108 66 36 109 63 36 110 64 37 111 67 37 112 66 37 113 63 38 114 68 38 115 65 38 116 77 47 141 81 47 142 80 47 143 79 48 144 82 48 145 78 48 146 77 49 147 80 49 148 79 49 149 92 55 165 94 55 166 91 55 167 92 56 168 96 56 169 95 56 170 91 57 171 96 57 172 93 57 173 107 64 192 110 64 193 109 64 194 108 65 195 110 65 196 107 65 197 108 66 198 111 66 199 110 66 200 121 70 210 124 70 211 123 70 212 122 71 213 124 71 214 121 71 215 0 82 246 1 82 247 4 82 248 1 83 249 5 83 250 4 83 251 2 84 252 3 84 253 5 84 254 6 85 255 7 85 256 10 85 257 7 86 258 11 86 259 10 86 260 20 91 273 23 91 274 22 91 275 20 92 276 21 92 277 23 92 278 21 93 279 22 93 280 24 93 281 33 99 297 37 99 298 36 99 299 34 100 300 38 100 301 37 100 302 35 101 303 33 101 304 36 101 305 48 108 324 52 108 325 51 108 326 48 109 327 49 109 328 52 109 329 50 110 330 53 110 331 52 110 332 50 111 333 48 111 334 53 111 335 64 118 354 65 118 355 67 118 356 65 119 357 68 119 358 67 119 359 63 120 360 66 120 361 68 120 362 77 123 369 78 123 370 81 123 371 78 124 372 82 124 373 81 124 374 79 125 375 80 125 376 82 125 377 92 131 393 95 131 394 94 131 395 92 132 396 93 132 397 96 132 398 91 133 399 94 133 400 96 133 401 106 140 420 107 140 421 109 140 422 108 141 423 106 141 424 111 141 425 106 142 426 109 142 427 111 142 428 120 150 450 121 150 451 123 150 452 122 151 453 125 151 454 124 151 455 122 152 456 120 152 457 125 152 458 120 153 459 123 153 460 125 153 461 135 156 468 139 156 469 138 156 470 137 157 471 140 157 472 136 157 473 135 158 474 138 158 475 137 158 476 142 159 477 145 159 478 144 159 479 143 160 480 145 160 481 142 160 482 141 161 483 146 161 484 143 161 485 154 168 504 158 168 505 157 168 506 155 169 507 159 169 508 158 169 509 156 170 510 159 170 511 155 170 512 154 171 513 157 171 514 156 171 515 170 177 531 172 177 532 169 177 533 171 178 534 174 178 535 173 178 536 169 179 537 174 179 538 171 179 539 184 187 561 188 187 562 187 187 563 183 188 564 188 188 565 185 188 566 198 196 588 202 196 589 201 196 590 199 197 591 203 197 592 202 197 593 200 198 594 201 198 595 203 198 596 214 207 621 218 207 622 217 207 623 216 208 624 219 208 625 215 208 626 214 209 627 219 209 628 216 209 629 229 213 639 232 213 640 231 213 641 230 214 642 232 214 643 229 214 644 228 215 645 233 215 646 230 215 647 243 220 660 245 220 661 242 220 662 244 221 663 246 221 664 243 221 665 244 222 666 245 222 667 247 222 668 257 228 684 260 228 685 259 228 686 258 229 687 261 229 688 260 229 689 256 230 690 261 230 691 258 230 692 135 237 711 136 237 712 139 237 713 136 238 714 140 238 715 139 238 716 137 239 717 138 239 718 140 239 719 141 240 720 142 240 721 144 240 722 143 241 723 146 241 724 145 241 725 141 242 726 144 242 727 146 242 728 154 245 735 155 245 736 158 245 737 156 246 738 157 246 739 159 246 740 170 254 762 173 254 763 172 254 764 170 255 765 171 255 766 173 255 767 169 256 768 172 256 769 174 256 770 183 260 780 184 260 781 186 260 782 184 261 783 187 261 784 186 261 785 184 262 786 185 262 787 188 262 788 183 263 789 186 263 790 188 263 791 198 269 807 199 269 808 202 269 809 199 270 810 200 270 811 203 270 812 200 271 813 198 271 814 201 271 815 214 278 834 215 278 835 218 278 836 215 279 837 219 279 838 218 279 839 214 280 840 217 280 841 219 280 842 228 288 864 229 288 865 231 288 866 230 289 867 233 289 868 232 289 869 228 290 870 231 290 871 233 290 872 243 297 891 246 297 892 245 297 893 244 298 894 247 298 895 246 298 896 244 299 897 242 299 898 245 299 899 256 305 915 257 305 916 259 305 917 257 306 918 258 306 919 260 306 920 256 307 921 259 307 922 261 307 923 270 312 936 274 312 937 273 312 938 272 313 939 275 313 940 271 313 941 270 314 942 273 314 943 272 314 944 276 315 945 280 315 946 279 315 947 277 316 948 280 316 949 276 316 950 278 317 951 279 317 952 281 317 953 292 323 969 295 323 970 291 323 971 292 324 972 296 324 973 295 324 974 305 328 984 307 328 985 304 328 986 306 329 987 308 329 988 305 329 989 306 330 990 309 330 991 308 330 992 318 335 1005 322 335 1006 321 335 1007 320 336 1008 323 336 1009 319 336 1010 320 337 1011 321 337 1012 323 337 1013 334 344 1032 337 344 1033 333 344 1034 335 345 1035 336 345 1036 338 345 1037 348 356 1068 352 356 1069 351 356 1070 350 357 1071 351 357 1072 353 357 1073 348 358 1074 351 358 1075 350 358 1076 362 363 1089 364 363 1090 361 363 1091 362 364 1092 366 364 1093 365 364 1094 363 365 1095 364 365 1096 366 365 1097 376 371 1113 378 371 1114 375 371 1115 376 372 1116 380 372 1117 379 372 1118 375 373 1119 380 373 1120 377 373 1121 390 385 1155 394 385 1156 393 385 1157 391 386 1158 395 386 1159 394 386 1160 392 387 1161 395 387 1162 391 387 1163 270 394 1182 271 394 1183 274 394 1184 271 395 1185 275 395 1186 274 395 1187 272 396 1188 273 396 1189 275 396 1190 277 397 1191 281 397 1192 280 397 1193 277 398 1194 278 398 1195 281 398 1196 278 399 1197 276 399 1198 279 399 1199 291 407 1221 295 407 1222 294 407 1223 292 408 1224 293 408 1225 296 408 1226 293 409 1227 294 409 1228 296 409 1229 293 410 1230 291 410 1231 294 410 1232 305 416 1248 308 416 1249 307 416 1250 306 417 1251 304 417 1252 309 417 1253 304 418 1254 307 418 1255 309 418 1256 318 425 1275 319 425 1276 322 425 1277 319 426 1278 323 426 1279 322 426 1280 320 427 1281 318 427 1282 321 427 1283 333 434 1302 337 434 1303 336 434 1304 334 435 1305 335 435 1306 337 435 1307 335 436 1308 338 436 1309 337 436 1310 335 437 1311 333 437 1312 336 437 1313 348 440 1320 349 440 1321 352 440 1322 349 441 1323 353 441 1324 352 441 1325 349 442 1326 350 442 1327 353 442 1328 362 447 1341 365 447 1342 364 447 1343 362 448 1344 363 448 1345 366 448 1346 363 449 1347 361 449 1348 364 449 1349 376 455 1365 379 455 1366 378 455 1367 376 456 1368 377 456 1369 380 456 1370 375 457 1371 378 457 1372 380 457 1373 390 459 1377 391 459 1378 394 459 1379 392 460 1380 393 460 1381 395 460 1382 392 461 1383 390 461 1384 393 461 1385 405 468 1404 409 468 1405 408 468 1406 407 469 1407 410 469 1408 406 469 1409 405 470 1410 408 470 1411 407 470 1412 411 471 1413 415 471 1414 414 471 1415 412 472 1416 415 472 1417 411 472 1418 413 473 1419 414 473 1420 416 473 1421 427 479 1437 430 479 1438 426 479 1439 427 480 1440 431 480 1441 430 480 1442 440 484 1452 442 484 1453 439 484 1454 441 485 1455 443 485 1456 440 485 1457 441 486 1458 444 486 1459 443 486 1460 453 491 1473 457 491 1474 456 491 1475 455 492 1476 458 492 1477 454 492 1478 455 493 1479 456 493 1480 458 493 1481 469 500 1500 472 500 1501 468 500 1502 470 501 1503 471 501 1504 473 501 1505 483 512 1536 487 512 1537 486 512 1538 485 513 1539 486 513 1540 488 513 1541 483 514 1542 486 514 1543 485 514 1544 497 519 1557 499 519 1558 496 519 1559 497 520 1560 501 520 1561 500 520 1562 498 521 1563 499 521 1564 501 521 1565 511 527 1581 513 527 1582 510 527 1583 511 528 1584 515 528 1585 514 528 1586 510 529 1587 515 529 1588 512 529 1589 525 541 1623 529 541 1624 528 541 1625 526 542 1626 530 542 1627 529 542 1628 527 543 1629 530 543 1630 526 543 1631 405 550 1650 406 550 1651 409 550 1652 406 551 1653 410 551 1654 409 551 1655 407 552 1656 408 552 1657 410 552 1658 412 553 1659 416 553 1660 415 553 1661 412 554 1662 413 554 1663 416 554 1664 413 555 1665 411 555 1666 414 555 1667 426 563 1689 430 563 1690 429 563 1691 427 564 1692 428 564 1693 431 564 1694 428 565 1695 429 565 1696 431 565 1697 428 566 1698 426 566 1699 429 566 1700 440 572 1716 443 572 1717 442 572 1718 441 573 1719 439 573 1720 444 573 1721 439 574 1722 442 574 1723 444 574 1724 453 581 1743 454 581 1744 457 581 1745 454 582 1746 458 582 1747 457 582 1748 455 583 1749 453 583 1750 456 583 1751 468 590 1770 472 590 1771 471 590 1772 469 591 1773 470 591 1774 472 591 1775 470 592 1776 473 592 1777 472 592 1778 470 593 1779 468 593 1780 471 593 1781 483 596 1788 484 596 1789 487 596 1790 484 597 1791 488 597 1792 487 597 1793 484 598 1794 485 598 1795 488 598 1796 497 603 1809 500 603 1810 499 603 1811 497 604 1812 498 604 1813 501 604 1814 498 605 1815 496 605 1816 499 605 1817 511 611 1833 514 611 1834 513 611 1835 511 612 1836 512 612 1837 515 612 1838 510 613 1839 513 613 1840 515 613 1841 525 615 1845 526 615 1846 529 615 1847 527 616 1848 528 616 1849 530 616 1850 527 617 1851 525 617 1852 528 617 1853 540 624 1872 544 624 1873 543 624 1874 542 625 1875 545 625 1876 541 625 1877 540 626 1878 543 626 1879 542 626 1880 547 627 1881 549 627 1882 546 627 1883 547 628 1884 551 628 1885 550 628 1886 548 629 1887 551 629 1888 547 629 1889 548 630 1890 549 630 1891 551 630 1892 561 638 1914 563 638 1915 560 638 1916 562 639 1917 564 639 1918 561 639 1919 562 640 1920 565 640 1921 564 640 1922 575 647 1941 578 647 1942 577 647 1943 575 648 1944 579 648 1945 578 648 1946 577 649 1947 578 649 1948 580 649 1949 592 657 1971 594 657 1972 591 657 1973 592 658 1974 596 658 1975 595 658 1976 591 659 1977 596 659 1978 593 659 1979 608 666 1998 610 666 1999 607 666 2000 607 667 2001 612 667 2002 609 667 2003 607 668 2004 610 668 2005 612 668 2006 622 676 2028 626 676 2029 625 676 2030 623 677 2031 626 677 2032 622 677 2033 623 678 2034 627 678 2035 626 678 2036 637 688 2064 639 688 2065 636 688 2066 637 689 2067 641 689 2068 640 689 2069 636 690 2070 641 690 2071 638 690 2072 646 693 2079 650 693 2080 649 693 2081 648 694 2082 651 694 2083 647 694 2084 646 695 2085 649 695 2086 648 695 2087 662 704 2112 664 704 2113 661 704 2114 663 705 2115 665 705 2116 662 705 2117 663 706 2118 664 706 2119 666 706 2120 540 713 2139 541 713 2140 544 713 2141 541 714 2142 545 714 2143 544 714 2144 542 715 2145 543 715 2146 545 715 2147 547 716 2148 550 716 2149 549 716 2150 548 717 2151 546 717 2152 549 717 2153 561 721 2163 564 721 2164 563 721 2165 562 722 2166 560 722 2167 565 722 2168 560 723 2169 563 723 2170 565 723 2171 575 730 2190 576 730 2191 579 730 2192 576 731 2193 580 731 2194 579 731 2195 576 732 2196 577 732 2197 580 732 2198 592 740 2220 595 740 2221 594 740 2222 592 741 2223 593 741 2224 596 741 2225 591 742 2226 594 742 2227 596 742 2228 608 751 2253 611 751 2254 610 751 2255 608 752 2256 609 752 2257 611 752 2258 609 753 2259 612 753 2260 611 753 2261 623 759 2277 624 759 2278 627 759 2279 624 760 2280 625 760 2281 627 760 2282 624 761 2283 622 761 2284 625 761 2285 637 763 2289 640 763 2290 639 763 2291 637 764 2292 638 764 2293 641 764 2294 636 765 2295 639 765 2296 641 765 2297 646 766 2298 647 766 2299 650 766 2300 647 767 2301 651 767 2302 650 767 2303 648 768 2304 649 768 2305 651 768 2306 662 773 2319 665 773 2320 664 773 2321 663 774 2322 666 774 2323 665 774 2324 663 775 2325 661 775 2326 664 775 2327 675 780 2340 679 780 2341 678 780 2342 677 781 2343 680 781 2344 676 781 2345 675 782 2346 678 782 2347 677 782 2348 681 783 2349 685 783 2350 684 783 2351 683 784 2352 685 784 2353 682 784 2354 683 785 2355 684 785 2356 686 785 2357 697 792 2376 699 792 2377 696 792 2378 697 793 2379 700 793 2380 699 793 2381 698 794 2382 701 794 2383 697 794 2384 698 795 2385 699 795 2386 701 795 2387 711 805 2415 713 805 2416 710 805 2417 711 806 2418 715 806 2419 714 806 2420 712 807 2421 715 807 2422 711 807 2423 712 808 2424 713 808 2425 715 808 2426 728 820 2460 732 820 2461 731 820 2462 729 821 2463 732 821 2464 728 821 2465 741 827 2481 744 827 2482 740 827 2483 741 828 2484 745 828 2485 744 828 2486 740 829 2487 743 829 2488 742 829 2489 756 837 2511 759 837 2512 755 837 2513 756 838 2514 760 838 2515 759 838 2516 755 839 2517 760 839 2518 757 839 2519 771 847 2541 774 847 2542 773 847 2543 772 848 2544 774 848 2545 771 848 2546 784 854 2562 786 854 2563 783 854 2564 785 855 2565 787 855 2566 784 855 2567 783 856 2568 788 856 2569 785 856 2570 798 864 2592 801 864 2593 797 864 2594 798 865 2595 802 865 2596 801 865 2597 799 866 2598 802 866 2599 798 866 2600 799 867 2601 800 867 2602 802 867 2603 675 871 2613 676 871 2614 679 871 2615 676 872 2616 680 872 2617 679 872 2618 677 873 2619 678 873 2620 680 873 2621 681 874 2622 682 874 2623 685 874 2624 683 875 2625 686 875 2626 685 875 2627 683 876 2628 681 876 2629 684 876 2630 697 883 2649 701 883 2650 700 883 2651 698 884 2652 696 884 2653 699 884 2654 711 886 2658 714 886 2659 713 886 2660 712 887 2661 710 887 2662 713 887 2663 727 893 2679 731 893 2680 730 893 2681 727 894 2682 728 894 2683 731 894 2684 729 895 2685 730 895 2686 732 895 2687 729 896 2688 727 896 2689 730 896 2690 740 900 2700 744 900 2701 743 900 2702 741 901 2703 742 901 2704 745 901 2705 742 902 2706 743 902 2707 745 902 2708 755 908 2724 759 908 2725 758 908 2726 756 909 2727 757 909 2728 760 909 2729 755 910 2730 758 910 2731 760 910 2732 770 916 2748 771 916 2749 773 916 2750 772 917 2751 775 917 2752 774 917 2753 772 918 2754 770 918 2755 775 918 2756 770 919 2757 773 919 2758 775 919 2759 784 923 2769 787 923 2770 786 923 2771 785 924 2772 788 924 2773 787 924 2774 783 925 2775 786 925 2776 788 925 2777 797 929 2787 801 929 2788 800 929 2789 799 930 2790 797 930 2791 800 930 2792 810 936 2808 814 936 2809 813 936 2810 812 937 2811 815 937 2812 811 937 2813 810 938 2814 813 938 2815 812 938 2816 816 939 2817 820 939 2818 819 939 2819 818 940 2820 820 940 2821 817 940 2822 818 941 2823 819 941 2824 821 941 2825 832 948 2844 834 948 2845 831 948 2846 832 949 2847 835 949 2848 834 949 2849 833 950 2850 836 950 2851 832 950 2852 833 951 2853 834 951 2854 836 951 2855 846 961 2883 848 961 2884 845 961 2885 846 962 2886 850 962 2887 849 962 2888 847 963 2889 850 963 2890 846 963 2891 847 964 2892 848 964 2893 850 964 2894 863 976 2928 867 976 2929 866 976 2930 864 977 2931 867 977 2932 863 977 2933 876 983 2949 879 983 2950 875 983 2951 876 984 2952 880 984 2953 879 984 2954 875 985 2955 878 985 2956 877 985 2957 891 993 2979 894 993 2980 890 993 2981 891 994 2982 895 994 2983 894 994 2984 890 995 2985 895 995 2986 892 995 2987 906 1003 3009 909 1003 3010 908 1003 3011 907 1004 3012 909 1004 3013 906 1004 3014 919 1010 3030 921 1010 3031 918 1010 3032 920 1011 3033 922 1011 3034 919 1011 3035 918 1012 3036 923 1012 3037 920 1012 3038 933 1020 3060 936 1020 3061 932 1020 3062 933 1021 3063 937 1021 3064 936 1021 3065 934 1022 3066 937 1022 3067 933 1022 3068 934 1023 3069 935 1023 3070 937 1023 3071 810 1027 3081 811 1027 3082 814 1027 3083 811 1028 3084 815 1028 3085 814 1028 3086 812 1029 3087 813 1029 3088 815 1029 3089 816 1030 3090 817 1030 3091 820 1030 3092 818 1031 3093 821 1031 3094 820 1031 3095 818 1032 3096 816 1032 3097 819 1032 3098 832 1039 3117 836 1039 3118 835 1039 3119 833 1040 3120 831 1040 3121 834 1040 3122 846 1042 3126 849 1042 3127 848 1042 3128 847 1043 3129 845 1043 3130 848 1043 3131 862 1049 3147 866 1049 3148 865 1049 3149 862 1050 3150 863 1050 3151 866 1050 3152 864 1051 3153 865 1051 3154 867 1051 3155 864 1052 3156 862 1052 3157 865 1052 3158 875 1056 3168 879 1056 3169 878 1056 3170 876 1057 3171 877 1057 3172 880 1057 3173 877 1058 3174 878 1058 3175 880 1058 3176 890 1064 3192 894 1064 3193 893 1064 3194 891 1065 3195 892 1065 3196 895 1065 3197 890 1066 3198 893 1066 3199 895 1066 3200 905 1072 3216 906 1072 3217 908 1072 3218 907 1073 3219 910 1073 3220 909 1073 3221 907 1074 3222 905 1074 3223 910 1074 3224 905 1075 3225 908 1075 3226 910 1075 3227 919 1079 3237 922 1079 3238 921 1079 3239 920 1080 3240 923 1080 3241 922 1080 3242 918 1081 3243 921 1081 3244 923 1081 3245 932 1085 3255 936 1085 3256 935 1085 3257 934 1086 3258 932 1086 3259 935 1086 3260 945 1092 3276 949 1092 3277 948 1092 3278 947 1093 3279 950 1093 3280 946 1093 3281 945 1094 3282 948 1094 3283 947 1094 3284 952 1095 3285 956 1095 3286 955 1095 3287 953 1096 3288 956 1096 3289 952 1096 3290 953 1097 3291 954 1097 3292 956 1097 3293 965 1105 3315 968 1105 3316 970 1105 3317 966 1106 3318 968 1106 3319 965 1106 3320 965 1107 3321 970 1107 3322 967 1107 3323 981 1115 3345 984 1115 3346 980 1115 3347 982 1116 3348 985 1116 3349 981 1116 3350 982 1117 3351 983 1117 3352 985 1117 3353 995 1122 3366 998 1122 3367 997 1122 3368 996 1123 3369 999 1123 3370 998 1123 3371 994 1124 3372 999 1124 3373 996 1124 3374 1009 1127 3381 1013 1127 3382 1012 1127 3383 1010 1128 3384 1014 1128 3385 1013 1128 3386 1009 1129 3387 1014 1129 3388 1011 1129 3389 1025 1136 3408 1028 1136 3409 1024 1136 3410 1025 1137 3411 1026 1137 3412 1028 1137 3413 1039 1145 3435 1043 1145 3436 1042 1145 3437 1040 1146 3438 1043 1146 3439 1039 1146 3440 1038 1147 3441 1041 1147 3442 1040 1147 3443 1052 1151 3453 1055 1151 3454 1054 1151 3455 1053 1152 3456 1055 1152 3457 1052 1152 3458 1053 1153 3459 1054 1153 3460 1056 1153 3461 1067 1158 3474 1069 1158 3475 1066 1158 3476 1068 1159 3477 1070 1159 3478 1067 1159 3479 1068 1160 3480 1069 1160 3481 1071 1160 3482 945 1167 3501 946 1167 3502 949 1167 3503 946 1168 3504 950 1168 3505 949 1168 3506 947 1169 3507 948 1169 3508 950 1169 3509 951 1170 3510 955 1170 3511 954 1170 3512 951 1171 3513 952 1171 3514 955 1171 3515 953 1172 3516 951 1172 3517 954 1172 3518 966 1176 3528 969 1176 3529 968 1176 3530 966 1177 3531 967 1177 3532 969 1177 3533 967 1178 3534 970 1178 3535 969 1178 3536 980 1184 3552 984 1184 3553 983 1184 3554 981 1185 3555 985 1185 3556 984 1185 3557 982 1186 3558 980 1186 3559 983 1186 3560 994 1193 3579 995 1193 3580 997 1193 3581 995 1194 3582 996 1194 3583 998 1194 3584 994 1195 3585 997 1195 3586 999 1195 3587 1009 1206 3618 1010 1206 3619 1013 1206 3620 1010 1207 3621 1011 1207 3622 1014 1207 3623 1009 1208 3624 1012 1208 3625 1014 1208 3626 1023 1213 3639 1027 1213 3640 1026 1213 3641 1023 1214 3642 1024 1214 3643 1027 1214 3644 1024 1215 3645 1028 1215 3646 1027 1215 3647 1025 1216 3648 1023 1216 3649 1026 1216 3650 1038 1222 3666 1042 1222 3667 1041 1222 3668 1038 1223 3669 1039 1223 3670 1042 1223 3671 1040 1224 3672 1041 1224 3673 1043 1224 3674 1051 1230 3690 1052 1230 3691 1054 1230 3692 1053 1231 3693 1056 1231 3694 1055 1231 3695 1053 1232 3696 1051 1232 3697 1054 1232 3698 1067 1241 3723 1070 1241 3724 1069 1241 3725 1068 1242 3726 1071 1242 3727 1070 1242 3728 1068 1243 3729 1066 1243 3730 1069 1243 3731 1080 1248 3744 1084 1248 3745 1083 1248 3746 1082 1249 3747 1085 1249 3748 1081 1249 3749 1080 1250 3750 1083 1250 3751 1082 1250 3752 1087 1251 3753 1091 1251 3754 1090 1251 3755 1088 1252 3756 1091 1252 3757 1087 1252 3758 1088 1253 3759 1089 1253 3760 1091 1253 3761 1100 1261 3783 1103 1261 3784 1105 1261 3785 1101 1262 3786 1103 1262 3787 1100 1262 3788 1100 1263 3789 1105 1263 3790 1102 1263 3791 1116 1271 3813 1119 1271 3814 1115 1271 3815 1117 1272 3816 1120 1272 3817 1116 1272 3818 1117 1273 3819 1118 1273 3820 1120 1273 3821 1130 1278 3834 1133 1278 3835 1132 1278 3836 1131 1279 3837 1134 1279 3838 1133 1279 3839 1129 1280 3840 1134 1280 3841 1131 1280 3842 1144 1283 3849 1148 1283 3850 1147 1283 3851 1145 1284 3852 1149 1284 3853 1148 1284 3854 1144 1285 3855 1149 1285 3856 1146 1285 3857 1160 1292 3876 1163 1292 3877 1159 1292 3878 1160 1293 3879 1161 1293 3880 1163 1293 3881 1174 1301 3903 1178 1301 3904 1177 1301 3905 1175 1302 3906 1178 1302 3907 1174 1302 3908 1173 1303 3909 1176 1303 3910 1175 1303 3911 1187 1307 3921 1190 1307 3922 1189 1307 3923 1188 1308 3924 1190 1308 3925 1187 1308 3926 1188 1309 3927 1189 1309 3928 1191 1309 3929 1202 1314 3942 1204 1314 3943 1201 1314 3944 1203 1315 3945 1205 1315 3946 1202 1315 3947 1203 1316 3948 1204 1316 3949 1206 1316 3950 1080 1323 3969 1081 1323 3970 1084 1323 3971 1081 1324 3972 1085 1324 3973 1084 1324 3974 1082 1325 3975 1083 1325 3976 1085 1325 3977 1086 1326 3978 1090 1326 3979 1089 1326 3980 1086 1327 3981 1087 1327 3982 1090 1327 3983 1088 1328 3984 1086 1328 3985 1089 1328 3986 1101 1332 3996 1104 1332 3997 1103 1332 3998 1101 1333 3999 1102 1333 4000 1104 1333 4001 1102 1334 4002 1105 1334 4003 1104 1334 4004 1115 1340 4020 1119 1340 4021 1118 1340 4022 1116 1341 4023 1120 1341 4024 1119 1341 4025 1117 1342 4026 1115 1342 4027 1118 1342 4028 1129 1349 4047 1130 1349 4048 1132 1349 4049 1130 1350 4050 1131 1350 4051 1133 1350 4052 1129 1351 4053 1132 1351 4054 1134 1351 4055 1144 1362 4086 1145 1362 4087 1148 1362 4088 1145 1363 4089 1146 1363 4090 1149 1363 4091 1144 1364 4092 1147 1364 4093 1149 1364 4094 1158 1369 4107 1162 1369 4108 1161 1369 4109 1158 1370 4110 1159 1370 4111 1162 1370 4112 1159 1371 4113 1163 1371 4114 1162 1371 4115 1160 1372 4116 1158 1372 4117 1161 1372 4118 1173 1378 4134 1177 1378 4135 1176 1378 4136 1173 1379 4137 1174 1379 4138 1177 1379 4139 1175 1380 4140 1176 1380 4141 1178 1380 4142 1186 1386 4158 1187 1386 4159 1189 1386 4160 1188 1387 4161 1191 1387 4162 1190 1387 4163 1188 1388 4164 1186 1388 4165 1189 1388 4166 1202 1397 4191 1205 1397 4192 1204 1397 4193 1203 1398 4194 1206 1398 4195 1205 1398 4196 1203 1399 4197 1201 1399 4198 1204 1399 4199 1215 1404 4212 1219 1404 4213 1218 1404 4214 1217 1405 4215 1220 1405 4216 1216 1405 4217 1215 1406 4218 1218 1406 4219 1217 1406 4220 1221 1407 4221 1225 1407 4222 1224 1407 4223 1223 1408 4224 1225 1408 4225 1222 1408 4226 1221 1409 4227 1226 1409 4228 1223 1409 4229 1235 1415 4245 1239 1415 4246 1238 1415 4247 1237 1416 4248 1240 1416 4249 1236 1416 4250 1237 1417 4251 1238 1417 4252 1240 1417 4253 1235 1418 4254 1238 1418 4255 1237 1418 4256 1249 1422 4266 1251 1422 4267 1248 1422 4268 1249 1423 4269 1253 1423 4270 1252 1423 4271 1250 1424 4272 1251 1424 4273 1253 1424 4274 1264 1430 4290 1268 1430 4291 1267 1430 4292 1265 1431 4293 1268 1431 4294 1264 1431 4295 1280 1441 4323 1284 1441 4324 1283 1441 4325 1281 1442 4326 1284 1442 4327 1280 1442 4328 1282 1443 4329 1283 1443 4330 1285 1443 4331 1295 1449 4347 1297 1449 4348 1294 1449 4349 1296 1450 4350 1298 1450 4351 1295 1450 4352 1296 1451 4353 1299 1451 4354 1298 1451 4355 1294 1452 4356 1297 1452 4357 1299 1452 4358 1307 1461 4383 1311 1461 4384 1310 1461 4385 1308 1462 4386 1311 1462 4387 1307 1462 4388 1321 1471 4413 1324 1471 4414 1323 1471 4415 1322 1472 4416 1325 1472 4417 1324 1472 4418 1323 1473 4419 1326 1473 4420 1325 1473 4421 1336 1478 4434 1340 1478 4435 1339 1478 4436 1337 1479 4437 1341 1479 4438 1340 1479 4439 1338 1480 4440 1341 1480 4441 1337 1480 4442 1336 1481 4443 1339 1481 4444 1338 1481 4445 1215 1486 4458 1216 1486 4459 1219 1486 4460 1216 1487 4461 1220 1487 4462 1219 1487 4463 1217 1488 4464 1218 1488 4465 1220 1488 4466 1221 1489 4467 1222 1489 4468 1225 1489 4469 1223 1490 4470 1226 1490 4471 1225 1490 4472 1221 1491 4473 1224 1491 4474 1226 1491 4475 1235 1497 4491 1236 1497 4492 1239 1497 4493 1236 1498 4494 1240 1498 4495 1239 1498 4496 1249 1504 4512 1252 1504 4513 1251 1504 4514 1249 1505 4515 1250 1505 4516 1253 1505 4517 1250 1506 4518 1248 1506 4519 1251 1506 4520 1265 1516 4548 1269 1516 4549 1268 1516 4550 1265 1517 4551 1266 1517 4552 1269 1517 4553 1266 1518 4554 1267 1518 4555 1269 1518 4556 1266 1519 4557 1264 1519 4558 1267 1519 4559 1281 1525 4575 1285 1525 4576 1284 1525 4577 1281 1526 4578 1282 1526 4579 1285 1526 4580 1282 1527 4581 1280 1527 4582 1283 1527 4583 1295 1533 4599 1298 1533 4600 1297 1533 4601 1296 1534 4602 1294 1534 4603 1299 1534 4604 1308 1535 4605 1312 1535 4606 1311 1535 4607 1308 1536 4608 1309 1536 4609 1312 1536 4610 1309 1537 4611 1310 1537 4612 1312 1537 4613 1309 1538 4614 1307 1538 4615 1310 1538 4616 1321 1541 4623 1322 1541 4624 1324 1541 4625 1322 1542 4626 1323 1542 4627 1325 1542 4628 1323 1543 4629 1324 1543 4630 1326 1543 4631 1336 1552 4656 1337 1552 4657 1340 1552 4658 1338 1553 4659 1339 1553 4660 1341 1553 4661 1350 1560 4680 1354 1560 4681 1353 1560 4682 1352 1561 4683 1355 1561 4684 1351 1561 4685 1350 1562 4686 1353 1562 4687 1352 1562 4688 1356 1563 4689 1360 1563 4690 1359 1563 4691 1357 1564 4692 1360 1564 4693 1356 1564 4694 1358 1565 4695 1359 1565 4696 1361 1565 4697 1372 1571 4713 1375 1571 4714 1371 1571 4715 1372 1572 4716 1376 1572 4717 1375 1572 4718 1385 1576 4728 1387 1576 4729 1384 1576 4730 1386 1577 4731 1388 1577 4732 1385 1577 4733 1386 1578 4734 1389 1578 4735 1388 1578 4736 1398 1583 4749 1402 1583 4750 1401 1583 4751 1400 1584 4752 1403 1584 4753 1399 1584 4754 1400 1585 4755 1401 1585 4756 1403 1585 4757 1414 1592 4776 1417 1592 4777 1413 1592 4778 1415 1593 4779 1416 1593 4780 1418 1593 4781 1428 1604 4812 1432 1604 4813 1431 1604 4814 1430 1605 4815 1431 1605 4816 1433 1605 4817 1428 1606 4818 1431 1606 4819 1430 1606 4820 1442 1611 4833 1444 1611 4834 1441 1611 4835 1442 1612 4836 1446 1612 4837 1445 1612 4838 1443 1613 4839 1444 1613 4840 1446 1613 4841 1456 1619 4857 1458 1619 4858 1455 1619 4859 1456 1620 4860 1460 1620 4861 1459 1620 4862 1455 1621 4863 1460 1621 4864 1457 1621 4865 1470 1633 4899 1474 1633 4900 1473 1633 4901 1471 1634 4902 1475 1634 4903 1474 1634 4904 1472 1635 4905 1475 1635 4906 1471 1635 4907 1350 1642 4926 1351 1642 4927 1354 1642 4928 1351 1643 4929 1355 1643 4930 1354 1643 4931 1352 1644 4932 1353 1644 4933 1355 1644 4934 1357 1645 4935 1361 1645 4936 1360 1645 4937 1357 1646 4938 1358 1646 4939 1361 1646 4940 1358 1647 4941 1356 1647 4942 1359 1647 4943 1371 1655 4965 1375 1655 4966 1374 1655 4967 1372 1656 4968 1373 1656 4969 1376 1656 4970 1373 1657 4971 1374 1657 4972 1376 1657 4973 1373 1658 4974 1371 1658 4975 1374 1658 4976 1385 1664 4992 1388 1664 4993 1387 1664 4994 1386 1665 4995 1384 1665 4996 1389 1665 4997 1384 1666 4998 1387 1666 4999 1389 1666 5000 1398 1673 5019 1399 1673 5020 1402 1673 5021 1399 1674 5022 1403 1674 5023 1402 1674 5024 1400 1675 5025 1398 1675 5026 1401 1675 5027 1413 1682 5046 1417 1682 5047 1416 1682 5048 1414 1683 5049 1415 1683 5050 1417 1683 5051 1415 1684 5052 1418 1684 5053 1417 1684 5054 1415 1685 5055 1413 1685 5056 1416 1685 5057 1428 1688 5064 1429 1688 5065 1432 1688 5066 1429 1689 5067 1433 1689 5068 1432 1689 5069 1429 1690 5070 1430 1690 5071 1433 1690 5072 1442 1695 5085 1445 1695 5086 1444 1695 5087 1442 1696 5088 1443 1696 5089 1446 1696 5090 1443 1697 5091 1441 1697 5092 1444 1697 5093 1456 1703 5109 1459 1703 5110 1458 1703 5111 1456 1704 5112 1457 1704 5113 1460 1704 5114 1455 1705 5115 1458 1705 5116 1460 1705 5117 1470 1707 5121 1471 1707 5122 1474 1707 5123 1472 1708 5124 1473 1708 5125 1475 1708 5126 1472 1709 5127 1470 1709 5128 1473 1709 5129 1485 1716 5148 1489 1716 5149 1488 1716 5150 1487 1717 5151 1490 1717 5152 1486 1717 5153 1485 1718 5154 1488 1718 5155 1487 1718 5156 1491 1719 5157 1495 1719 5158 1494 1719 5159 1493 1720 5160 1495 1720 5161 1492 1720 5162 1491 1721 5163 1496 1721 5164 1493 1721 5165 1505 1727 5181 1509 1727 5182 1508 1727 5183 1507 1728 5184 1510 1728 5185 1506 1728 5186 1507 1729 5187 1508 1729 5188 1510 1729 5189 1505 1730 5190 1508 1730 5191 1507 1730 5192 1519 1734 5202 1521 1734 5203 1518 1734 5204 1519 1735 5205 1523 1735 5206 1522 1735 5207 1520 1736 5208 1521 1736 5209 1523 1736 5210 1534 1742 5226 1538 1742 5227 1537 1742 5228 1535 1743 5229 1538 1743 5230 1534 1743 5231 1550 1753 5259 1554 1753 5260 1553 1753 5261 1551 1754 5262 1554 1754 5263 1550 1754 5264 1552 1755 5265 1553 1755 5266 1555 1755 5267 1565 1761 5283 1567 1761 5284 1564 1761 5285 1566 1762 5286 1568 1762 5287 1565 1762 5288 1566 1763 5289 1569 1763 5290 1568 1763 5291 1564 1764 5292 1567 1764 5293 1569 1764 5294 1577 1773 5319 1581 1773 5320 1580 1773 5321 1578 1774 5322 1581 1774 5323 1577 1774 5324 1591 1783 5349 1594 1783 5350 1593 1783 5351 1592 1784 5352 1595 1784 5353 1594 1784 5354 1593 1785 5355 1596 1785 5356 1595 1785 5357 1606 1790 5370 1610 1790 5371 1609 1790 5372 1607 1791 5373 1611 1791 5374 1610 1791 5375 1608 1792 5376 1611 1792 5377 1607 1792 5378 1606 1793 5379 1609 1793 5380 1608 1793 5381 1485 1798 5394 1486 1798 5395 1489 1798 5396 1486 1799 5397 1490 1799 5398 1489 1799 5399 1487 1800 5400 1488 1800 5401 1490 1800 5402 1491 1801 5403 1492 1801 5404 1495 1801 5405 1493 1802 5406 1496 1802 5407 1495 1802 5408 1491 1803 5409 1494 1803 5410 1496 1803 5411 1505 1809 5427 1506 1809 5428 1509 1809 5429 1506 1810 5430 1510 1810 5431 1509 1810 5432 1519 1816 5448 1522 1816 5449 1521 1816 5450 1519 1817 5451 1520 1817 5452 1523 1817 5453 1520 1818 5454 1518 1818 5455 1521 1818 5456 1535 1828 5484 1539 1828 5485 1538 1828 5486 1535 1829 5487 1536 1829 5488 1539 1829 5489 1536 1830 5490 1537 1830 5491 1539 1830 5492 1536 1831 5493 1534 1831 5494 1537 1831 5495 1551 1837 5511 1555 1837 5512 1554 1837 5513 1551 1838 5514 1552 1838 5515 1555 1838 5516 1552 1839 5517 1550 1839 5518 1553 1839 5519 1565 1845 5535 1568 1845 5536 1567 1845 5537 1566 1846 5538 1564 1846 5539 1569 1846 5540 1578 1847 5541 1582 1847 5542 1581 1847 5543 1578 1848 5544 1579 1848 5545 1582 1848 5546 1579 1849 5547 1580 1849 5548 1582 1849 5549 1579 1850 5550 1577 1850 5551 1580 1850 5552 1591 1853 5559 1592 1853 5560 1594 1853 5561 1592 1854 5562 1593 1854 5563 1595 1854 5564 1593 1855 5565 1594 1855 5566 1596 1855 5567 1606 1864 5592 1607 1864 5593 1610 1864 5594 1608 1865 5595 1609 1865 5596 1611 1865 5597 1620 1872 5616 1624 1872 5617 1623 1872 5618 1622 1873 5619 1625 1873 5620 1621 1873 5621 1620 1874 5622 1623 1874 5623 1622 1874 5624 1627 1875 5625 1629 1875 5626 1626 1875 5627 1628 1876 5628 1631 1876 5629 1630 1876 5630 1626 1877 5631 1631 1877 5632 1628 1877 5633 1626 1878 5634 1629 1878 5635 1631 1878 5636 1639 1883 5649 1643 1883 5650 1642 1883 5651 1641 1884 5652 1643 1884 5653 1640 1884 5654 1641 1885 5655 1642 1885 5656 1644 1885 5657 1657 1895 5685 1659 1895 5686 1656 1895 5687 1658 1896 5688 1661 1896 5689 1660 1896 5690 1656 1897 5691 1661 1897 5692 1658 1897 5693 1673 1905 5715 1675 1905 5716 1672 1905 5717 1673 1906 5718 1676 1906 5719 1675 1906 5720 1684 1912 5736 1688 1912 5737 1687 1912 5738 1685 1913 5739 1688 1913 5740 1684 1913 5741 1697 1920 5760 1701 1920 5761 1700 1920 5762 1698 1921 5763 1701 1921 5764 1697 1921 5765 1698 1922 5766 1702 1922 5767 1701 1922 5768 1712 1928 5784 1715 1928 5785 1711 1928 5786 1712 1929 5787 1716 1929 5788 1715 1929 5789 1711 1930 5790 1714 1930 5791 1713 1930 5792 1725 1933 5799 1729 1933 5800 1728 1933 5801 1726 1934 5802 1729 1934 5803 1725 1934 5804 1726 1935 5805 1730 1935 5806 1729 1935 5807 1727 1936 5808 1730 1936 5809 1726 1936 5810 1743 1943 5829 1745 1943 5830 1742 1943 5831 1741 1944 5832 1746 1944 5833 1743 1944 5834 1741 1945 5835 1744 1945 5836 1746 1945 5837 1620 1950 5850 1621 1950 5851 1624 1950 5852 1621 1951 5853 1625 1951 5854 1624 1951 5855 1622 1952 5856 1623 1952 5857 1625 1952 5858 1627 1953 5859 1630 1953 5860 1629 1953 5861 1627 1954 5862 1628 1954 5863 1630 1954 5864 1639 1959 5877 1640 1959 5878 1643 1959 5879 1641 1960 5880 1644 1960 5881 1643 1960 5882 1641 1961 5883 1639 1961 5884 1642 1961 5885 1657 1969 5907 1660 1969 5908 1659 1969 5909 1657 1970 5910 1658 1970 5911 1660 1970 5912 1656 1971 5913 1659 1971 5914 1661 1971 5915 1671 1977 5931 1672 1977 5932 1674 1977 5933 1672 1978 5934 1675 1978 5935 1674 1978 5936 1673 1979 5937 1671 1979 5938 1676 1979 5939 1671 1980 5940 1674 1980 5941 1676 1980 5942 1685 1984 5952 1689 1984 5953 1688 1984 5954 1685 1985 5955 1686 1985 5956 1689 1985 5957 1686 1986 5958 1687 1986 5959 1689 1986 5960 1686 1987 5961 1684 1987 5962 1687 1987 5963 1698 1990 5970 1699 1990 5971 1702 1990 5972 1699 1991 5973 1700 1991 5974 1702 1991 5975 1699 1992 5976 1697 1992 5977 1700 1992 5978 1711 1998 5994 1715 1998 5995 1714 1998 5996 1712 1999 5997 1713 1999 5998 1716 1999 5999 1713 2000 6000 1714 2000 6001 1716 2000 6002 1727 2009 6027 1728 2009 6028 1730 2009 6029 1727 2010 6030 1725 2010 6031 1728 2010 6032 1741 2019 6057 1742 2019 6058 1744 2019 6059 1742 2020 6060 1745 2020 6061 1744 2020 6062 1743 2021 6063 1746 2021 6064 1745 2021 6065 1755 2028 6084 1759 2028 6085 1758 2028 6086 1757 2029 6087 1760 2029 6088 1756 2029 6089 1755 2030 6090 1758 2030 6091 1757 2030 6092 1762 2031 6093 1766 2031 6094 1765 2031 6095 1763 2032 6096 1766 2032 6097 1762 2032 6098 1763 2033 6099 1764 2033 6100 1766 2033 6101 1775 2041 6123 1778 2041 6124 1780 2041 6125 1776 2042 6126 1778 2042 6127 1775 2042 6128 1775 2043 6129 1780 2043 6130 1777 2043 6131 1791 2051 6153 1794 2051 6154 1790 2051 6155 1792 2052 6156 1795 2052 6157 1791 2052 6158 1792 2053 6159 1793 2053 6160 1795 2053 6161 1805 2058 6174 1808 2058 6175 1807 2058 6176 1806 2059 6177 1809 2059 6178 1808 2059 6179 1804 2060 6180 1809 2060 6181 1806 2060 6182 1819 2063 6189 1823 2063 6190 1822 2063 6191 1820 2064 6192 1824 2064 6193 1823 2064 6194 1819 2065 6195 1824 2065 6196 1821 2065 6197 1835 2072 6216 1838 2072 6217 1834 2072 6218 1835 2073 6219 1836 2073 6220 1838 2073 6221 1849 2081 6243 1853 2081 6244 1852 2081 6245 1850 2082 6246 1853 2082 6247 1849 2082 6248 1848 2083 6249 1851 2083 6250 1850 2083 6251 1862 2087 6261 1865 2087 6262 1864 2087 6263 1863 2088 6264 1865 2088 6265 1862 2088 6266 1863 2089 6267 1864 2089 6268 1866 2089 6269 1877 2094 6282 1879 2094 6283 1876 2094 6284 1878 2095 6285 1880 2095 6286 1877 2095 6287 1878 2096 6288 1879 2096 6289 1881 2096 6290 1755 2103 6309 1756 2103 6310 1759 2103 6311 1756 2104 6312 1760 2104 6313 1759 2104 6314 1757 2105 6315 1758 2105 6316 1760 2105 6317 1761 2106 6318 1765 2106 6319 1764 2106 6320 1761 2107 6321 1762 2107 6322 1765 2107 6323 1763 2108 6324 1761 2108 6325 1764 2108 6326 1776 2112 6336 1779 2112 6337 1778 2112 6338 1776 2113 6339 1777 2113 6340 1779 2113 6341 1777 2114 6342 1780 2114 6343 1779 2114 6344 1790 2120 6360 1794 2120 6361 1793 2120 6362 1791 2121 6363 1795 2121 6364 1794 2121 6365 1792 2122 6366 1790 2122 6367 1793 2122 6368 1804 2129 6387 1805 2129 6388 1807 2129 6389 1805 2130 6390 1806 2130 6391 1808 2130 6392 1804 2131 6393 1807 2131 6394 1809 2131 6395 1819 2142 6426 1820 2142 6427 1823 2142 6428 1820 2143 6429 1821 2143 6430 1824 2143 6431 1819 2144 6432 1822 2144 6433 1824 2144 6434 1833 2149 6447 1837 2149 6448 1836 2149 6449 1833 2150 6450 1834 2150 6451 1837 2150 6452 1834 2151 6453 1838 2151 6454 1837 2151 6455 1835 2152 6456 1833 2152 6457 1836 2152 6458 1848 2158 6474 1852 2158 6475 1851 2158 6476 1848 2159 6477 1849 2159 6478 1852 2159 6479 1850 2160 6480 1851 2160 6481 1853 2160 6482 1861 2166 6498 1862 2166 6499 1864 2166 6500 1863 2167 6501 1866 2167 6502 1865 2167 6503 1863 2168 6504 1861 2168 6505 1864 2168 6506 1877 2177 6531 1880 2177 6532 1879 2177 6533 1878 2178 6534 1881 2178 6535 1880 2178 6536 1878 2179 6537 1876 2179 6538 1879 2179 6539 1890 2184 6552 1894 2184 6553 1893 2184 6554 1892 2185 6555 1895 2185 6556 1891 2185 6557 1890 2186 6558 1893 2186 6559 1892 2186 6560 1897 2187 6561 1900 2187 6562 1899 2187 6563 1898 2188 6564 1900 2188 6565 1897 2188 6566 1896 2189 6567 1901 2189 6568 1898 2189 6569 1909 2196 6588 1913 2196 6589 1912 2196 6590 1910 2197 6591 1914 2197 6592 1913 2197 6593 1911 2198 6594 1914 2198 6595 1910 2198 6596 1909 2199 6597 1912 2199 6598 1911 2199 6599 1925 2205 6615 1927 2205 6616 1924 2205 6617 1926 2206 6618 1929 2206 6619 1928 2206 6620 1924 2207 6621 1929 2207 6622 1926 2207 6623 1939 2215 6645 1943 2215 6646 1942 2215 6647 1938 2216 6648 1943 2216 6649 1940 2216 6650 1953 2224 6672 1957 2224 6673 1956 2224 6674 1954 2225 6675 1958 2225 6676 1957 2225 6677 1955 2226 6678 1956 2226 6679 1958 2226 6680 1969 2235 6705 1973 2235 6706 1972 2235 6707 1971 2236 6708 1974 2236 6709 1970 2236 6710 1969 2237 6711 1974 2237 6712 1971 2237 6713 1984 2241 6723 1987 2241 6724 1986 2241 6725 1985 2242 6726 1987 2242 6727 1984 2242 6728 1983 2243 6729 1988 2243 6730 1985 2243 6731 1998 2248 6744 2000 2248 6745 1997 2248 6746 1999 2249 6747 2001 2249 6748 1998 2249 6749 1999 2250 6750 2000 2250 6751 2002 2250 6752 2012 2256 6768 2015 2256 6769 2014 2256 6770 2013 2257 6771 2016 2257 6772 2015 2257 6773 2011 2258 6774 2016 2258 6775 2013 2258 6776 1890 2265 6795 1891 2265 6796 1894 2265 6797 1891 2266 6798 1895 2266 6799 1894 2266 6800 1892 2267 6801 1893 2267 6802 1895 2267 6803 1896 2268 6804 1897 2268 6805 1899 2268 6806 1898 2269 6807 1901 2269 6808 1900 2269 6809 1896 2270 6810 1899 2270 6811 1901 2270 6812 1909 2273 6819 1910 2273 6820 1913 2273 6821 1911 2274 6822 1912 2274 6823 1914 2274 6824 1925 2282 6846 1928 2282 6847 1927 2282 6848 1925 2283 6849 1926 2283 6850 1928 2283 6851 1924 2284 6852 1927 2284 6853 1929 2284 6854 1938 2288 6864 1939 2288 6865 1941 2288 6866 1939 2289 6867 1942 2289 6868 1941 2289 6869 1939 2290 6870 1940 2290 6871 1943 2290 6872 1938 2291 6873 1941 2291 6874 1943 2291 6875 1953 2297 6891 1954 2297 6892 1957 2297 6893 1954 2298 6894 1955 2298 6895 1958 2298 6896 1955 2299 6897 1953 2299 6898 1956 2299 6899 1969 2306 6918 1970 2306 6919 1973 2306 6920 1970 2307 6921 1974 2307 6922 1973 2307 6923 1969 2308 6924 1972 2308 6925 1974 2308 6926 1983 2316 6948 1984 2316 6949 1986 2316 6950 1985 2317 6951 1988 2317 6952 1987 2317 6953 1983 2318 6954 1986 2318 6955 1988 2318 6956 1998 2325 6975 2001 2325 6976 2000 2325 6977 1999 2326 6978 2002 2326 6979 2001 2326 6980 1999 2327 6981 1997 2327 6982 2000 2327 6983 2011 2333 6999 2012 2333 7000 2014 2333 7001 2012 2334 7002 2013 2334 7003 2015 2334 7004 2011 2335 7005 2014 2335 7006 2016 2335 7007 2025 2340 7020 2029 2340 7021 2028 2340 7022 2027 2341 7023 2030 2341 7024 2026 2341 7025 2025 2342 7026 2028 2342 7027 2027 2342 7028 2032 2343 7029 2035 2343 7030 2034 2343 7031 2033 2344 7032 2035 2344 7033 2032 2344 7034 2031 2345 7035 2036 2345 7036 2033 2345 7037 2044 2352 7056 2048 2352 7057 2047 2352 7058 2045 2353 7059 2049 2353 7060 2048 2353 7061 2046 2354 7062 2049 2354 7063 2045 2354 7064 2044 2355 7065 2047 2355 7066 2046 2355 7067 2060 2361 7083 2062 2361 7084 2059 2361 7085 2061 2362 7086 2064 2362 7087 2063 2362 7088 2059 2363 7089 2064 2363 7090 2061 2363 7091 2074 2371 7113 2078 2371 7114 2077 2371 7115 2073 2372 7116 2078 2372 7117 2075 2372 7118 2088 2380 7140 2092 2380 7141 2091 2380 7142 2089 2381 7143 2093 2381 7144 2092 2381 7145 2090 2382 7146 2091 2382 7147 2093 2382 7148 2104 2391 7173 2108 2391 7174 2107 2391 7175 2106 2392 7176 2109 2392 7177 2105 2392 7178 2104 2393 7179 2109 2393 7180 2106 2393 7181 2119 2397 7191 2122 2397 7192 2121 2397 7193 2120 2398 7194 2122 2398 7195 2119 2398 7196 2118 2399 7197 2123 2399 7198 2120 2399 7199 2133 2404 7212 2135 2404 7213 2132 2404 7214 2134 2405 7215 2136 2405 7216 2133 2405 7217 2134 2406 7218 2135 2406 7219 2137 2406 7220 2147 2412 7236 2150 2412 7237 2149 2412 7238 2148 2413 7239 2151 2413 7240 2150 2413 7241 2146 2414 7242 2151 2414 7243 2148 2414 7244 2025 2421 7263 2026 2421 7264 2029 2421 7265 2026 2422 7266 2030 2422 7267 2029 2422 7268 2027 2423 7269 2028 2423 7270 2030 2423 7271 2031 2424 7272 2032 2424 7273 2034 2424 7274 2033 2425 7275 2036 2425 7276 2035 2425 7277 2031 2426 7278 2034 2426 7279 2036 2426 7280 2044 2429 7287 2045 2429 7288 2048 2429 7289 2046 2430 7290 2047 2430 7291 2049 2430 7292 2060 2438 7314 2063 2438 7315 2062 2438 7316 2060 2439 7317 2061 2439 7318 2063 2439 7319 2059 2440 7320 2062 2440 7321 2064 2440 7322 2073 2444 7332 2074 2444 7333 2076 2444 7334 2074 2445 7335 2077 2445 7336 2076 2445 7337 2074 2446 7338 2075 2446 7339 2078 2446 7340 2073 2447 7341 2076 2447 7342 2078 2447 7343 2088 2453 7359 2089 2453 7360 2092 2453 7361 2089 2454 7362 2090 2454 7363 2093 2454 7364 2090 2455 7365 2088 2455 7366 2091 2455 7367 2104 2462 7386 2105 2462 7387 2108 2462 7388 2105 2463 7389 2109 2463 7390 2108 2463 7391 2104 2464 7392 2107 2464 7393 2109 2464 7394 2118 2472 7416 2119 2472 7417 2121 2472 7418 2120 2473 7419 2123 2473 7420 2122 2473 7421 2118 2474 7422 2121 2474 7423 2123 2474 7424 2133 2481 7443 2136 2481 7444 2135 2481 7445 2134 2482 7446 2137 2482 7447 2136 2482 7448 2134 2483 7449 2132 2483 7450 2135 2483 7451 2146 2489 7467 2147 2489 7468 2149 2489 7469 2147 2490 7470 2148 2490 7471 2150 2490 7472 2146 2491 7473 2149 2491 7474 2151 2491 7475 2160 2496 7488 2164 2496 7489 2163 2496 7490 2162 2497 7491 2165 2497 7492 2161 2497 7493 2160 2498 7494 2163 2498 7495 2162 2498 7496 2166 2499 7497 2170 2499 7498 2169 2499 7499 2168 2500 7500 2170 2500 7501 2167 2500 7502 2166 2501 7503 2171 2501 7504 2168 2501 7505 2180 2507 7521 2184 2507 7522 2183 2507 7523 2182 2508 7524 2185 2508 7525 2181 2508 7526 2182 2509 7527 2183 2509 7528 2185 2509 7529 2180 2510 7530 2183 2510 7531 2182 2510 7532 2194 2514 7542 2196 2514 7543 2193 2514 7544 2194 2515 7545 2198 2515 7546 2197 2515 7547 2195 2516 7548 2196 2516 7549 2198 2516 7550 2209 2522 7566 2213 2522 7567 2212 2522 7568 2210 2523 7569 2213 2523 7570 2209 2523 7571 2225 2533 7599 2229 2533 7600 2228 2533 7601 2226 2534 7602 2229 2534 7603 2225 2534 7604 2227 2535 7605 2228 2535 7606 2230 2535 7607 2240 2541 7623 2242 2541 7624 2239 2541 7625 2241 2542 7626 2243 2542 7627 2240 2542 7628 2241 2543 7629 2244 2543 7630 2243 2543 7631 2239 2544 7632 2242 2544 7633 2244 2544 7634 2252 2553 7659 2256 2553 7660 2255 2553 7661 2253 2554 7662 2256 2554 7663 2252 2554 7664 2266 2563 7689 2269 2563 7690 2268 2563 7691 2267 2564 7692 2270 2564 7693 2269 2564 7694 2268 2565 7695 2271 2565 7696 2270 2565 7697 2281 2570 7710 2285 2570 7711 2284 2570 7712 2282 2571 7713 2286 2571 7714 2285 2571 7715 2283 2572 7716 2286 2572 7717 2282 2572 7718 2281 2573 7719 2284 2573 7720 2283 2573 7721 2160 2578 7734 2161 2578 7735 2164 2578 7736 2161 2579 7737 2165 2579 7738 2164 2579 7739 2162 2580 7740 2163 2580 7741 2165 2580 7742 2166 2581 7743 2167 2581 7744 2170 2581 7745 2168 2582 7746 2171 2582 7747 2170 2582 7748 2166 2583 7749 2169 2583 7750 2171 2583 7751 2180 2589 7767 2181 2589 7768 2184 2589 7769 2181 2590 7770 2185 2590 7771 2184 2590 7772 2194 2596 7788 2197 2596 7789 2196 2596 7790 2194 2597 7791 2195 2597 7792 2198 2597 7793 2195 2598 7794 2193 2598 7795 2196 2598 7796 2210 2608 7824 2214 2608 7825 2213 2608 7826 2210 2609 7827 2211 2609 7828 2214 2609 7829 2211 2610 7830 2212 2610 7831 2214 2610 7832 2211 2611 7833 2209 2611 7834 2212 2611 7835 2226 2617 7851 2230 2617 7852 2229 2617 7853 2226 2618 7854 2227 2618 7855 2230 2618 7856 2227 2619 7857 2225 2619 7858 2228 2619 7859 2240 2625 7875 2243 2625 7876 2242 2625 7877 2241 2626 7878 2239 2626 7879 2244 2626 7880 2253 2627 7881 2257 2627 7882 2256 2627 7883 2253 2628 7884 2254 2628 7885 2257 2628 7886 2254 2629 7887 2255 2629 7888 2257 2629 7889 2254 2630 7890 2252 2630 7891 2255 2630 7892 2266 2633 7899 2267 2633 7900 2269 2633 7901 2267 2634 7902 2268 2634 7903 2270 2634 7904 2268 2635 7905 2269 2635 7906 2271 2635 7907 2281 2644 7932 2282 2644 7933 2285 2644 7934 2283 2645 7935 2284 2645 7936 2286 2645 7937 2295 2652 7956 2299 2652 7957 2298 2652 7958 2297 2653 7959 2300 2653 7960 2296 2653 7961 2295 2654 7962 2298 2654 7963 2297 2654 7964 2302 2655 7965 2304 2655 7966 2301 2655 7967 2303 2656 7968 2306 2656 7969 2305 2656 7970 2301 2657 7971 2306 2657 7972 2303 2657 7973 2301 2658 7974 2304 2658 7975 2306 2658 7976 2314 2663 7989 2318 2663 7990 2317 2663 7991 2316 2664 7992 2318 2664 7993 2315 2664 7994 2316 2665 7995 2317 2665 7996 2319 2665 7997 2332 2675 8025 2334 2675 8026 2331 2675 8027 2333 2676 8028 2336 2676 8029 2335 2676 8030 2331 2677 8031 2336 2677 8032 2333 2677 8033 2348 2685 8055 2350 2685 8056 2347 2685 8057 2348 2686 8058 2351 2686 8059 2350 2686 8060 2359 2692 8076 2363 2692 8077 2362 2692 8078 2360 2693 8079 2363 2693 8080 2359 2693 8081 2372 2700 8100 2376 2700 8101 2375 2700 8102 2373 2701 8103 2376 2701 8104 2372 2701 8105 2373 2702 8106 2377 2702 8107 2376 2702 8108 2387 2708 8124 2390 2708 8125 2386 2708 8126 2387 2709 8127 2391 2709 8128 2390 2709 8129 2386 2710 8130 2389 2710 8131 2388 2710 8132 2400 2713 8139 2404 2713 8140 2403 2713 8141 2401 2714 8142 2404 2714 8143 2400 2714 8144 2401 2715 8145 2405 2715 8146 2404 2715 8147 2402 2716 8148 2405 2716 8149 2401 2716 8150 2418 2723 8169 2420 2723 8170 2417 2723 8171 2416 2724 8172 2421 2724 8173 2418 2724 8174 2416 2725 8175 2419 2725 8176 2421 2725 8177 2295 2730 8190 2296 2730 8191 2299 2730 8192 2296 2731 8193 2300 2731 8194 2299 2731 8195 2297 2732 8196 2298 2732 8197 2300 2732 8198 2302 2733 8199 2305 2733 8200 2304 2733 8201 2302 2734 8202 2303 2734 8203 2305 2734 8204 2314 2739 8217 2315 2739 8218 2318 2739 8219 2316 2740 8220 2319 2740 8221 2318 2740 8222 2316 2741 8223 2314 2741 8224 2317 2741 8225 2332 2749 8247 2335 2749 8248 2334 2749 8249 2332 2750 8250 2333 2750 8251 2335 2750 8252 2331 2751 8253 2334 2751 8254 2336 2751 8255 2346 2757 8271 2347 2757 8272 2349 2757 8273 2347 2758 8274 2350 2758 8275 2349 2758 8276 2348 2759 8277 2346 2759 8278 2351 2759 8279 2346 2760 8280 2349 2760 8281 2351 2760 8282 2360 2764 8292 2364 2764 8293 2363 2764 8294 2360 2765 8295 2361 2765 8296 2364 2765 8297 2361 2766 8298 2362 2766 8299 2364 2766 8300 2361 2767 8301 2359 2767 8302 2362 2767 8303 2373 2770 8310 2374 2770 8311 2377 2770 8312 2374 2771 8313 2375 2771 8314 2377 2771 8315 2374 2772 8316 2372 2772 8317 2375 2772 8318 2386 2778 8334 2390 2778 8335 2389 2778 8336 2387 2779 8337 2388 2779 8338 2391 2779 8339 2388 2780 8340 2389 2780 8341 2391 2780 8342 2402 2789 8367 2403 2789 8368 2405 2789 8369 2402 2790 8370 2400 2790 8371 2403 2790 8372 2416 2799 8397 2417 2799 8398 2419 2799 8399 2417 2800 8400 2420 2800 8401 2419 2800 8402 2418 2801 8403 2421 2801 8404 2420 2801 8405 2430 2808 8424 2434 2808 8425 2433 2808 8426 2432 2809 8427 2435 2809 8428 2431 2809 8429 2430 2810 8430 2433 2810 8431 2432 2810 8432 2436 2811 8433 2439 2811 8434 2441 2811 8435 2438 2812 8436 2440 2812 8437 2437 2812 8438 2436 2813 8439 2441 2813 8440 2438 2813 8441 2449 2819 8457 2453 2819 8458 2452 2819 8459 2449 2820 8460 2452 2820 8461 2451 2820 8462 2465 2827 8481 2467 2827 8482 2464 2827 8483 2465 2828 8484 2468 2828 8485 2467 2828 8486 2464 2829 8487 2469 2829 8488 2466 2829 8489 2481 2840 8520 2484 2840 8521 2483 2840 8522 2482 2841 8523 2484 2841 8524 2481 2841 8525 2495 2847 8541 2497 2847 8542 2494 2847 8543 2496 2848 8544 2498 2848 8545 2495 2848 8546 2496 2849 8547 2497 2849 8548 2499 2849 8549 2508 2856 8568 2511 2856 8569 2507 2856 8570 2509 2857 8571 2512 2857 8572 2508 2857 8573 2507 2858 8574 2510 2858 8575 2509 2858 8576 2523 2866 8598 2526 2866 8599 2525 2866 8600 2524 2867 8601 2527 2867 8602 2526 2867 8603 2522 2868 8604 2527 2868 8605 2524 2868 8606 2535 2872 8616 2539 2872 8617 2538 2872 8618 2537 2873 8619 2540 2873 8620 2539 2873 8621 2535 2874 8622 2540 2874 8623 2537 2874 8624 2552 2884 8652 2555 2884 8653 2554 2884 8654 2553 2885 8655 2555 2885 8656 2552 2885 8657 2553 2886 8658 2556 2886 8659 2555 2886 8660 2430 2893 8679 2431 2893 8680 2434 2893 8681 2431 2894 8682 2435 2894 8683 2434 2894 8684 2432 2895 8685 2433 2895 8686 2435 2895 8687 2436 2896 8688 2437 2896 8689 2439 2896 8690 2437 2897 8691 2440 2897 8692 2439 2897 8693 2438 2898 8694 2441 2898 8695 2440 2898 8696 2449 2902 8706 2450 2902 8707 2453 2902 8708 2450 2903 8709 2454 2903 8710 2453 2903 8711 2450 2904 8712 2451 2904 8713 2454 2904 8714 2451 2905 8715 2452 2905 8716 2454 2905 8717 2465 2912 8736 2466 2912 8737 2468 2912 8738 2466 2913 8739 2469 2913 8740 2468 2913 8741 2464 2914 8742 2467 2914 8743 2469 2914 8744 2480 2919 8757 2481 2919 8758 2483 2919 8759 2482 2920 8760 2485 2920 8761 2484 2920 8762 2482 2921 8763 2480 2921 8764 2485 2921 8765 2480 2922 8766 2483 2922 8767 2485 2922 8768 2495 2928 8784 2498 2928 8785 2497 2928 8786 2496 2929 8787 2499 2929 8788 2498 2929 8789 2496 2930 8790 2494 2930 8791 2497 2930 8792 2507 2933 8799 2511 2933 8800 2510 2933 8801 2508 2934 8802 2512 2934 8803 2511 2934 8804 2509 2935 8805 2510 2935 8806 2512 2935 8807 2522 2941 8823 2523 2941 8824 2525 2941 8825 2523 2942 8826 2524 2942 8827 2526 2942 8828 2522 2943 8829 2525 2943 8830 2527 2943 8831 2535 2949 8847 2536 2949 8848 2539 2949 8849 2536 2950 8850 2537 2950 8851 2539 2950 8852 2535 2951 8853 2538 2951 8854 2540 2951 8855 2551 2957 8871 2552 2957 8872 2554 2957 8873 2553 2958 8874 2551 2958 8875 2556 2958 8876 2551 2959 8877 2554 2959 8878 2556 2959 8879</p>
        </triangles>
        <triangles count="302" material="m3">
          <input semantic="VERTEX" source="#vertices" offset="0" />
          <input semantic="NORMAL" source="#normals" offset="1" />
          <input semantic="TEXCOORD" source="#uv" offset="2" set="0" />
          <p>14 7 21 12 7 22 15 7 23 12 8 24 17 8 25 16 8 26 12 9 27 18 9 28 15 9 29 12 10 30 16 10 31 18 10 32 54 30 90 56 30 91 58 30 92 55 31 93 58 31 94 57 31 95 56 32 96 59 32 97 58 32 98 58 33 99 61 33 100 60 33 101 59 34 102 62 34 103 61 34 104 57 35 105 60 35 106 62 35 107 83 50 150 84 50 151 86 50 152 86 51 153 87 51 154 85 51 155 87 52 156 88 52 157 90 52 158 87 53 159 89 53 160 84 53 161 87 54 162 90 54 163 89 54 164 116 67 201 119 67 202 115 67 203 114 68 204 117 68 205 116 68 206 114 69 207 119 69 208 117 69 209 14 87 261 15 87 262 13 87 263 13 88 264 17 88 265 12 88 266 13 89 267 15 89 268 18 89 269 17 90 270 13 90 271 18 90 272 54 112 336 58 112 337 55 112 338 56 113 339 55 113 340 57 113 341 56 114 342 57 114 343 59 114 344 57 115 345 58 115 346 60 115 347 58 116 348 59 116 349 61 116 350 59 117 351 57 117 352 62 117 353 83 126 378 85 126 379 84 126 380 84 127 381 85 127 382 87 127 383 86 128 384 84 128 385 88 128 386 86 129 387 88 129 388 87 129 389 84 130 390 89 130 391 88 130 392 113 143 429 116 143 430 112 143 431 113 144 432 114 144 433 116 144 434 114 145 435 112 145 436 115 145 437 112 146 438 116 146 439 115 146 440 114 147 441 115 147 442 119 147 443 119 148 444 116 148 445 118 148 446 116 149 447 117 149 448 118 149 449 204 199 597 209 199 598 207 199 599 207 200 600 210 200 601 208 200 602 209 201 603 210 201 604 207 201 605 208 202 606 209 202 607 204 202 608 209 203 609 212 203 610 211 203 611 209 204 612 213 204 613 212 204 614 210 205 615 213 205 616 208 205 617 210 206 618 211 206 619 213 206 620 204 272 816 205 272 817 208 272 818 205 273 819 207 273 820 208 273 821 205 274 822 206 274 823 207 274 824 206 275 825 204 275 826 207 275 827 209 276 828 208 276 829 213 276 830 210 277 831 209 277 832 211 277 833 298 325 975 299 325 976 300 325 977 299 326 978 302 326 979 300 326 980 300 327 981 302 327 982 303 327 983 354 359 1077 360 359 1078 356 359 1079 354 360 1080 355 360 1081 358 360 1082 356 361 1083 360 361 1084 357 361 1085 355 362 1086 357 362 1087 358 362 1088 299 411 1233 297 411 1234 302 411 1235 297 412 1236 298 412 1237 300 412 1238 302 413 1239 297 413 1240 301 413 1241 297 414 1242 300 414 1243 303 414 1244 301 415 1245 297 415 1246 303 415 1247 356 443 1329 357 443 1330 355 443 1331 354 444 1332 358 444 1333 360 444 1334 358 445 1335 357 445 1336 359 445 1337 357 446 1338 360 446 1339 359 446 1340 433 481 1443 434 481 1444 435 481 1445 434 482 1446 437 482 1447 435 482 1448 435 483 1449 437 483 1450 438 483 1451 489 515 1545 495 515 1546 491 515 1547 489 516 1548 490 516 1549 493 516 1550 491 517 1551 495 517 1552 492 517 1553 490 518 1554 492 518 1555 493 518 1556 434 567 1701 432 567 1702 437 567 1703 432 568 1704 433 568 1705 435 568 1706 437 569 1707 432 569 1708 436 569 1709 432 570 1710 435 570 1711 438 570 1712 436 571 1713 432 571 1714 438 571 1715 491 599 1797 492 599 1798 490 599 1799 489 600 1800 493 600 1801 495 600 1802 493 601 1803 492 601 1804 494 601 1805 492 602 1806 495 602 1807 494 602 1808 761 840 2520 763 840 2521 764 840 2522 761 841 2523 765 841 2524 763 841 2525 762 842 2526 764 842 2527 765 842 2528 763 843 2529 766 843 2530 764 843 2531 763 844 2532 768 844 2533 767 844 2534 763 845 2535 769 845 2536 768 845 2537 765 846 2538 767 846 2539 769 846 2540 761 911 2733 762 911 2734 765 911 2735 765 912 2736 764 912 2737 766 912 2738 765 913 2739 766 913 2740 767 913 2741 766 914 2742 763 914 2743 767 914 2744 763 915 2745 765 915 2746 769 915 2747 896 996 2988 898 996 2989 899 996 2990 896 997 2991 900 997 2992 898 997 2993 897 998 2994 899 998 2995 900 998 2996 898 999 2997 901 999 2998 899 999 2999 898 1000 3000 903 1000 3001 902 1000 3002 898 1001 3003 904 1001 3004 903 1001 3005 900 1002 3006 902 1002 3007 904 1002 3008 896 1067 3201 897 1067 3202 900 1067 3203 900 1068 3204 899 1068 3205 901 1068 3206 900 1069 3207 901 1069 3208 902 1069 3209 901 1070 3210 898 1070 3211 902 1070 3212 898 1071 3213 900 1071 3214 904 1071 3215 1257 1425 4275 1256 1425 4276 1258 1425 4277 1254 1426 4278 1256 1426 4279 1257 1426 4280 1260 1427 4281 1259 1427 4282 1256 1427 4283 1259 1428 4284 1261 1428 4285 1256 1428 4286 1258 1429 4287 1263 1429 4288 1260 1429 4289 1342 1482 4446 1345 1482 4447 1344 1482 4448 1344 1483 4449 1348 1483 4450 1343 1483 4451 1345 1484 4452 1346 1484 4453 1344 1484 4454 1343 1485 4455 1348 1485 4456 1345 1485 4457 1254 1507 4521 1260 1507 4522 1256 1507 4523 1254 1508 4524 1255 1508 4525 1260 1508 4526 1255 1509 4527 1257 1509 4528 1260 1509 4529 1257 1510 4530 1258 1510 4531 1260 1510 4532 1258 1511 4533 1256 1511 4534 1261 1511 4535 1261 1512 4536 1259 1512 4537 1262 1512 4538 1259 1513 4539 1263 1513 4540 1262 1513 4541 1259 1514 4542 1260 1514 4543 1263 1514 4544 1258 1515 4545 1261 1515 4546 1263 1515 4547 1342 1554 4662 1343 1554 4663 1345 1554 4664 1344 1555 4665 1347 1555 4666 1348 1555 4667 1344 1556 4668 1346 1556 4669 1347 1556 4670 1345 1557 4671 1348 1557 4672 1346 1557 4673 1346 1558 4674 1348 1558 4675 1349 1558 4676 1347 1559 4677 1346 1559 4678 1349 1559 4679 1378 1573 4719 1379 1573 4720 1380 1573 4721 1379 1574 4722 1382 1574 4723 1380 1574 4724 1380 1575 4725 1382 1575 4726 1383 1575 4727 1434 1607 4821 1440 1607 4822 1436 1607 4823 1434 1608 4824 1435 1608 4825 1438 1608 4826 1436 1609 4827 1440 1609 4828 1437 1609 4829 1435 1610 4830 1437 1610 4831 1438 1610 4832 1379 1659 4977 1377 1659 4978 1382 1659 4979 1377 1660 4980 1378 1660 4981 1380 1660 4982 1382 1661 4983 1377 1661 4984 1381 1661 4985 1377 1662 4986 1380 1662 4987 1383 1662 4988 1381 1663 4989 1377 1663 4990 1383 1663 4991 1436 1691 5073 1437 1691 5074 1435 1691 5075 1434 1692 5076 1438 1692 5077 1440 1692 5078 1438 1693 5079 1437 1693 5080 1439 1693 5081 1437 1694 5082 1440 1694 5083 1439 1694 5084 1527 1737 5211 1526 1737 5212 1528 1737 5213 1524 1738 5214 1526 1738 5215 1527 1738 5216 1530 1739 5217 1529 1739 5218 1526 1739 5219 1529 1740 5220 1531 1740 5221 1526 1740 5222 1528 1741 5223 1533 1741 5224 1530 1741 5225 1612 1794 5382 1615 1794 5383 1614 1794 5384 1614 1795 5385 1618 1795 5386 1613 1795 5387 1615 1796 5388 1616 1796 5389 1614 1796 5390 1613 1797 5391 1618 1797 5392 1615 1797 5393 1524 1819 5457 1530 1819 5458 1526 1819 5459 1524 1820 5460 1525 1820 5461 1530 1820 5462 1525 1821 5463 1527 1821 5464 1530 1821 5465 1527 1822 5466 1528 1822 5467 1530 1822 5468 1528 1823 5469 1526 1823 5470 1531 1823 5471 1531 1824 5472 1529 1824 5473 1532 1824 5474 1529 1825 5475 1533 1825 5476 1532 1825 5477 1529 1826 5478 1530 1826 5479 1533 1826 5480 1528 1827 5481 1531 1827 5482 1533 1827 5483 1612 1866 5598 1613 1866 5599 1615 1866 5600 1614 1867 5601 1617 1867 5602 1618 1867 5603 1614 1868 5604 1616 1868 5605 1617 1868 5606 1615 1869 5607 1618 1869 5608 1616 1869 5609 1616 1870 5610 1618 1870 5611 1619 1870 5612 1617 1871 5613 1616 1871 5614 1619 1871 5615 1632 1879 5637 1635 1879 5638 1633 1879 5639 1634 1880 5640 1636 1880 5641 1632 1880 5642 1632 1881 5643 1636 1881 5644 1638 1881 5645 1635 1882 5646 1637 1882 5647 1636 1882 5648 1678 1907 5721 1679 1907 5722 1680 1907 5723 1677 1908 5724 1682 1908 5725 1679 1908 5726 1677 1909 5727 1680 1909 5728 1682 1909 5729 1680 1910 5730 1679 1910 5731 1683 1910 5732 1681 1911 5733 1683 1911 5734 1679 1911 5735 1717 1931 5793 1719 1931 5794 1720 1931 5795 1721 1932 5796 1724 1932 5797 1722 1932 5798 1633 1955 5865 1635 1955 5866 1634 1955 5867 1632 1956 5868 1638 1956 5869 1635 1956 5870 1634 1957 5871 1635 1957 5872 1636 1957 5873 1635 1958 5874 1638 1958 5875 1637 1958 5876 1678 1981 5943 1680 1981 5944 1677 1981 5945 1679 1982 5946 1682 1982 5947 1681 1982 5948 1682 1983 5949 1680 1983 5950 1683 1983 5951 1719 2001 6003 1721 2001 6004 1718 2001 6005 1720 2002 6006 1718 2002 6007 1717 2002 6008 1718 2003 6009 1721 2003 6010 1717 2003 6011 1721 2004 6012 1719 2004 6013 1723 2004 6014 1717 2005 6015 1721 2005 6016 1722 2005 6017 1719 2006 6018 1722 2006 6019 1723 2006 6020 1719 2007 6021 1717 2007 6022 1722 2007 6023 1721 2008 6024 1723 2008 6025 1724 2008 6026 1959 2227 6681 1964 2227 6682 1962 2227 6683 1962 2228 6684 1965 2228 6685 1963 2228 6686 1964 2229 6687 1965 2229 6688 1962 2229 6689 1963 2230 6690 1964 2230 6691 1959 2230 6692 1964 2231 6693 1967 2231 6694 1966 2231 6695 1964 2232 6696 1968 2232 6697 1967 2232 6698 1965 2233 6699 1968 2233 6700 1963 2233 6701 1965 2234 6702 1966 2234 6703 1968 2234 6704 1959 2300 6900 1960 2300 6901 1963 2300 6902 1960 2301 6903 1962 2301 6904 1963 2301 6905 1960 2302 6906 1961 2302 6907 1962 2302 6908 1961 2303 6909 1959 2303 6910 1962 2303 6911 1964 2304 6912 1963 2304 6913 1968 2304 6914 1965 2305 6915 1964 2305 6916 1966 2305 6917 2094 2383 7149 2099 2383 7150 2097 2383 7151 2097 2384 7152 2100 2384 7153 2098 2384 7154 2099 2385 7155 2100 2385 7156 2097 2385 7157 2098 2386 7158 2099 2386 7159 2094 2386 7160 2099 2387 7161 2102 2387 7162 2101 2387 7163 2099 2388 7164 2103 2388 7165 2102 2388 7166 2100 2389 7167 2103 2389 7168 2098 2389 7169 2100 2390 7170 2101 2390 7171 2103 2390 7172 2094 2456 7368 2095 2456 7369 2098 2456 7370 2095 2457 7371 2097 2457 7372 2098 2457 7373 2095 2458 7374 2096 2458 7375 2097 2458 7376 2096 2459 7377 2094 2459 7378 2097 2459 7379 2099 2460 7380 2098 2460 7381 2103 2460 7382 2100 2461 7383 2099 2461 7384 2101 2461 7385 2202 2517 7551 2201 2517 7552 2203 2517 7553 2199 2518 7554 2201 2518 7555 2202 2518 7556 2205 2519 7557 2204 2519 7558 2201 2519 7559 2204 2520 7560 2206 2520 7561 2201 2520 7562 2203 2521 7563 2208 2521 7564 2205 2521 7565 2287 2574 7722 2290 2574 7723 2289 2574 7724 2289 2575 7725 2293 2575 7726 2288 2575 7727 2290 2576 7728 2291 2576 7729 2289 2576 7730 2288 2577 7731 2293 2577 7732 2290 2577 7733 2199 2599 7797 2205 2599 7798 2201 2599 7799 2199 2600 7800 2200 2600 7801 2205 2600 7802 2200 2601 7803 2202 2601 7804 2205 2601 7805 2202 2602 7806 2203 2602 7807 2205 2602 7808 2203 2603 7809 2201 2603 7810 2206 2603 7811 2206 2604 7812 2204 2604 7813 2207 2604 7814 2204 2605 7815 2208 2605 7816 2207 2605 7817 2204 2606 7818 2205 2606 7819 2208 2606 7820 2203 2607 7821 2206 2607 7822 2208 2607 7823 2287 2646 7938 2288 2646 7939 2290 2646 7940 2289 2647 7941 2292 2647 7942 2293 2647 7943 2289 2648 7944 2291 2648 7945 2292 2648 7946 2290 2649 7947 2293 2649 7948 2291 2649 7949 2291 2650 7950 2293 2650 7951 2294 2650 7952 2292 2651 7953 2291 2651 7954 2294 2651 7955 2307 2659 7977 2310 2659 7978 2308 2659 7979 2309 2660 7980 2311 2660 7981 2307 2660 7982 2307 2661 7983 2311 2661 7984 2313 2661 7985 2310 2662 7986 2312 2662 7987 2311 2662 7988 2353 2687 8061 2354 2687 8062 2355 2687 8063 2352 2688 8064 2357 2688 8065 2354 2688 8066 2352 2689 8067 2355 2689 8068 2357 2689 8069 2355 2690 8070 2354 2690 8071 2358 2690 8072 2356 2691 8073 2358 2691 8074 2354 2691 8075 2392 2711 8133 2394 2711 8134 2395 2711 8135 2396 2712 8136 2399 2712 8137 2397 2712 8138 2308 2735 8205 2310 2735 8206 2309 2735 8207 2307 2736 8208 2313 2736 8209 2310 2736 8210 2309 2737 8211 2310 2737 8212 2311 2737 8213 2310 2738 8214 2313 2738 8215 2312 2738 8216 2353 2761 8283 2355 2761 8284 2352 2761 8285 2354 2762 8286 2357 2762 8287 2356 2762 8288 2357 2763 8289 2355 2763 8290 2358 2763 8291 2394 2781 8343 2396 2781 8344 2393 2781 8345 2395 2782 8346 2393 2782 8347 2392 2782 8348 2393 2783 8349 2396 2783 8350 2392 2783 8351 2396 2784 8352 2394 2784 8353 2398 2784 8354 2392 2785 8355 2396 2785 8356 2397 2785 8357 2394 2786 8358 2397 2786 8359 2398 2786 8360 2394 2787 8361 2392 2787 8362 2397 2787 8363 2396 2788 8364 2398 2788 8365 2399 2788 8366 2471 2830 8490 2472 2830 8491 2470 2830 8492 2473 2831 8493 2472 2831 8494 2471 2831 8495 2473 2832 8496 2476 2832 8497 2472 2832 8498 2470 2833 8499 2472 2833 8500 2475 2833 8501 2473 2834 8502 2475 2834 8503 2476 2834 8504 2476 2835 8505 2474 2835 8506 2472 2835 8507 2474 2836 8508 2477 2836 8509 2472 2836 8510 2476 2837 8511 2475 2837 8512 2478 2837 8513 2476 2838 8514 2478 2838 8515 2474 2838 8516 2474 2839 8517 2479 2839 8518 2477 2839 8519 2487 2842 8526 2488 2842 8527 2486 2842 8528 2486 2843 8529 2488 2843 8530 2491 2843 8531 2490 2844 8532 2492 2844 8533 2488 2844 8534 2491 2845 8535 2492 2845 8536 2490 2845 8537 2488 2846 8538 2492 2846 8539 2493 2846 8540 2473 2915 8745 2470 2915 8746 2475 2915 8747 2475 2916 8748 2472 2916 8749 2477 2916 8750 2474 2917 8751 2478 2917 8752 2479 2917 8753 2478 2918 8754 2475 2918 8755 2477 2918 8756 2487 2923 8769 2489 2923 8770 2488 2923 8771 2489 2924 8772 2490 2924 8773 2488 2924 8774 2486 2925 8775 2490 2925 8776 2489 2925 8777 2486 2926 8778 2491 2926 8779 2490 2926 8780 2491 2927 8781 2488 2927 8782 2493 2927 8783</p>
        </triangles>
        <triangles count="380" material="m1">
          <input semantic="VERTEX" source="#vertices" offset="0" />
          <input semantic="NORMAL" source="#normals" offset="1" />
          <input semantic="TEXCOORD" source="#uv" offset="2" set="0" />
          <p>27 14 42 30 14 43 28 14 44 27 15 45 28 15 46 29 15 47 25 16 48 30 16 49 27 16 50 25 17 51 31 17 52 30 17 53 29 18 54 30 18 55 32 18 56 97 58 174 101 58 175 102 58 176 99 59 177 102 59 178 98 59 179 98 60 180 101 60 181 100 60 182 102 61 183 103 61 184 98 61 185 98 62 186 105 62 187 101 62 188 103 63 189 105 63 190 98 63 191 26 94 282 29 94 283 25 94 284 26 95 285 27 95 286 29 95 287 25 96 288 29 96 289 32 96 290 29 97 291 28 97 292 30 97 293 25 98 294 32 98 295 31 98 296 100 134 402 99 134 403 98 134 404 97 135 405 102 135 406 99 135 407 97 136 408 100 136 409 101 136 410 103 137 411 102 137 412 104 137 413 102 138 414 101 138 415 104 138 416 101 139 417 105 139 418 104 139 419 189 189 567 190 189 568 193 189 569 190 190 570 191 190 571 194 190 572 192 191 573 193 191 574 191 191 575 191 192 576 196 192 577 194 192 578 191 193 579 193 193 580 196 193 581 193 194 582 197 194 583 196 194 584 196 195 585 195 195 586 194 195 587 190 264 792 192 264 793 191 264 794 192 265 795 189 265 796 193 265 797 190 266 798 194 266 799 193 266 800 193 267 801 194 267 802 195 267 803 193 268 804 195 268 805 197 268 806 381 374 1122 384 374 1123 383 374 1124 381 375 1125 382 375 1126 384 375 1127 382 376 1128 383 376 1129 386 376 1130 383 377 1131 385 377 1132 386 377 1133 384 378 1134 385 378 1135 383 378 1136 386 379 1137 384 379 1138 382 379 1139 385 380 1140 384 380 1141 387 380 1142 386 381 1143 388 381 1144 384 381 1145 384 382 1146 388 382 1147 387 382 1148 386 383 1149 389 383 1150 388 383 1151 386 384 1152 387 384 1153 389 384 1154 396 388 1164 399 388 1165 398 388 1166 397 389 1167 398 389 1168 400 389 1169 400 390 1170 403 390 1171 399 390 1172 403 391 1173 402 391 1174 399 391 1175 399 392 1176 402 392 1177 401 392 1178 401 393 1179 404 393 1180 400 393 1181 385 458 1374 387 458 1375 386 458 1376 396 462 1386 397 462 1387 399 462 1388 397 463 1389 400 463 1390 399 463 1391 401 464 1392 398 464 1393 399 464 1394 400 465 1395 398 465 1396 401 465 1397 403 466 1398 400 466 1399 404 466 1400 401 467 1401 402 467 1402 404 467 1403 516 530 1590 519 530 1591 518 530 1592 516 531 1593 517 531 1594 519 531 1595 517 532 1596 518 532 1597 521 532 1598 518 533 1599 520 533 1600 521 533 1601 519 534 1602 520 534 1603 518 534 1604 521 535 1605 519 535 1606 517 535 1607 520 536 1608 519 536 1609 522 536 1610 521 537 1611 523 537 1612 519 537 1613 519 538 1614 523 538 1615 522 538 1616 521 539 1617 524 539 1618 523 539 1619 521 540 1620 522 540 1621 524 540 1622 531 544 1632 534 544 1633 533 544 1634 532 545 1635 533 545 1636 535 545 1637 535 546 1638 538 546 1639 534 546 1640 538 547 1641 537 547 1642 534 547 1643 534 548 1644 537 548 1645 536 548 1646 536 549 1647 539 549 1648 535 549 1649 520 614 1842 522 614 1843 521 614 1844 531 618 1854 532 618 1855 534 618 1856 532 619 1857 535 619 1858 534 619 1859 536 620 1860 533 620 1861 534 620 1862 535 621 1863 533 621 1864 536 621 1865 538 622 1866 535 622 1867 539 622 1868 536 623 1869 537 623 1870 539 623 1871 615 669 2007 614 669 2008 613 669 2009 615 670 2010 617 670 2011 614 670 2012 616 671 2013 614 671 2014 618 671 2015 617 672 2016 618 672 2017 620 672 2018 614 673 2019 619 673 2020 618 673 2021 614 674 2022 620 674 2023 619 674 2024 618 675 2025 619 675 2026 621 675 2027 613 754 2262 614 754 2263 616 754 2264 615 755 2265 616 755 2266 617 755 2267 616 756 2268 618 756 2269 617 756 2270 617 757 2271 620 757 2272 614 757 2273 620 758 2274 618 758 2275 621 758 2276 790 857 2571 794 857 2572 789 857 2573 791 858 2574 792 858 2575 794 858 2576 789 859 2577 792 859 2578 791 859 2579 794 860 2580 793 860 2581 789 860 2582 792 861 2583 796 861 2584 794 861 2585 794 862 2586 795 862 2587 793 862 2588 793 863 2589 796 863 2590 792 863 2591 790 926 2778 791 926 2779 794 926 2780 789 927 2781 793 927 2782 792 927 2783 794 928 2784 796 928 2785 795 928 2786 925 1013 3039 929 1013 3040 924 1013 3041 926 1014 3042 927 1014 3043 929 1014 3044 924 1015 3045 927 1015 3046 926 1015 3047 929 1016 3048 928 1016 3049 924 1016 3050 927 1017 3051 931 1017 3052 929 1017 3053 929 1018 3054 930 1018 3055 928 1018 3056 928 1019 3057 931 1019 3058 927 1019 3059 925 1082 3246 926 1082 3247 929 1082 3248 924 1083 3249 928 1083 3250 927 1083 3251 929 1084 3252 931 1084 3253 930 1084 3254 1016 1130 3390 1019 1130 3391 1015 1130 3392 1016 1131 3393 1017 1131 3394 1019 1131 3395 1015 1132 3396 1020 1132 3397 1018 1132 3398 1017 1133 3399 1021 1133 3400 1019 1133 3401 1020 1134 3402 1021 1134 3403 1017 1134 3404 1022 1135 3405 1021 1135 3406 1020 1135 3407 1044 1148 3444 1048 1148 3445 1046 1148 3446 1045 1149 3447 1048 1149 3448 1044 1149 3449 1047 1150 3450 1049 1150 3451 1045 1150 3452 1072 1161 3483 1075 1161 3484 1073 1161 3485 1076 1162 3486 1073 1162 3487 1078 1162 3488 1075 1163 3489 1077 1163 3490 1073 1163 3491 1076 1164 3492 1078 1164 3493 1075 1164 3494 1077 1165 3495 1078 1165 3496 1073 1165 3497 1075 1166 3498 1079 1166 3499 1077 1166 3500 1016 1209 3627 1018 1209 3628 1017 1209 3629 1017 1210 3630 1018 1210 3631 1020 1210 3632 1015 1211 3633 1022 1211 3634 1020 1211 3635 1015 1212 3636 1019 1212 3637 1022 1212 3638 1046 1225 3675 1047 1225 3676 1045 1225 3677 1046 1226 3678 1048 1226 3679 1047 1226 3680 1048 1227 3681 1045 1227 3682 1049 1227 3683 1047 1228 3684 1048 1228 3685 1050 1228 3686 1048 1229 3687 1049 1229 3688 1050 1229 3689 1072 1244 3732 1074 1244 3733 1075 1244 3734 1074 1245 3735 1076 1245 3736 1075 1245 3737 1074 1246 3738 1073 1246 3739 1076 1246 3740 1075 1247 3741 1078 1247 3742 1079 1247 3743 1151 1286 3858 1154 1286 3859 1150 1286 3860 1151 1287 3861 1152 1287 3862 1154 1287 3863 1150 1288 3864 1155 1288 3865 1153 1288 3866 1152 1289 3867 1156 1289 3868 1154 1289 3869 1155 1290 3870 1156 1290 3871 1152 1290 3872 1157 1291 3873 1156 1291 3874 1155 1291 3875 1179 1304 3912 1183 1304 3913 1181 1304 3914 1180 1305 3915 1183 1305 3916 1179 1305 3917 1182 1306 3918 1184 1306 3919 1180 1306 3920 1207 1317 3951 1210 1317 3952 1208 1317 3953 1211 1318 3954 1208 1318 3955 1213 1318 3956 1210 1319 3957 1212 1319 3958 1208 1319 3959 1211 1320 3960 1213 1320 3961 1210 1320 3962 1212 1321 3963 1213 1321 3964 1208 1321 3965 1210 1322 3966 1214 1322 3967 1212 1322 3968 1151 1365 4095 1153 1365 4096 1152 1365 4097 1152 1366 4098 1153 1366 4099 1155 1366 4100 1150 1367 4101 1157 1367 4102 1155 1367 4103 1150 1368 4104 1154 1368 4105 1157 1368 4106 1181 1381 4143 1182 1381 4144 1180 1381 4145 1181 1382 4146 1183 1382 4147 1182 1382 4148 1183 1383 4149 1180 1383 4150 1184 1383 4151 1182 1384 4152 1183 1384 4153 1185 1384 4154 1183 1385 4155 1184 1385 4156 1185 1385 4157 1207 1400 4200 1209 1400 4201 1210 1400 4202 1209 1401 4203 1211 1401 4204 1210 1401 4205 1209 1402 4206 1208 1402 4207 1211 1402 4208 1210 1403 4209 1213 1403 4210 1214 1403 4211 1242 1419 4257 1244 1419 4258 1241 1419 4259 1243 1420 4260 1247 1420 4261 1242 1420 4262 1247 1421 4263 1246 1421 4264 1242 1421 4265 1286 1444 4332 1290 1444 4333 1288 1444 4334 1288 1445 4335 1290 1445 4336 1289 1445 4337 1286 1446 4338 1293 1446 4339 1291 1446 4340 1290 1447 4341 1291 1447 4342 1292 1447 4343 1289 1448 4344 1292 1448 4345 1293 1448 4346 1241 1499 4497 1243 1499 4498 1242 1499 4499 1241 1500 4500 1244 1500 4501 1247 1500 4502 1244 1501 4503 1242 1501 4504 1245 1501 4505 1247 1502 4506 1244 1502 4507 1245 1502 4508 1245 1503 4509 1242 1503 4510 1246 1503 4511 1287 1528 4584 1288 1528 4585 1293 1528 4586 1288 1529 4587 1289 1529 4588 1293 1529 4589 1286 1530 4590 1287 1530 4591 1293 1530 4592 1290 1531 4593 1286 1531 4594 1291 1531 4595 1289 1532 4596 1290 1532 4597 1292 1532 4598 1461 1622 4866 1464 1622 4867 1463 1622 4868 1461 1623 4869 1462 1623 4870 1464 1623 4871 1462 1624 4872 1463 1624 4873 1466 1624 4874 1463 1625 4875 1465 1625 4876 1466 1625 4877 1464 1626 4878 1465 1626 4879 1463 1626 4880 1466 1627 4881 1464 1627 4882 1462 1627 4883 1465 1628 4884 1464 1628 4885 1467 1628 4886 1466 1629 4887 1468 1629 4888 1464 1629 4889 1464 1630 4890 1468 1630 4891 1467 1630 4892 1466 1631 4893 1469 1631 4894 1468 1631 4895 1466 1632 4896 1467 1632 4897 1469 1632 4898 1476 1636 4908 1479 1636 4909 1478 1636 4910 1477 1637 4911 1478 1637 4912 1480 1637 4913 1480 1638 4914 1483 1638 4915 1479 1638 4916 1483 1639 4917 1482 1639 4918 1479 1639 4919 1479 1640 4920 1482 1640 4921 1481 1640 4922 1481 1641 4923 1484 1641 4924 1480 1641 4925 1465 1706 5118 1467 1706 5119 1466 1706 5120 1476 1710 5130 1477 1710 5131 1479 1710 5132 1477 1711 5133 1480 1711 5134 1479 1711 5135 1481 1712 5136 1478 1712 5137 1479 1712 5138 1480 1713 5139 1478 1713 5140 1481 1713 5141 1483 1714 5142 1480 1714 5143 1484 1714 5144 1481 1715 5145 1482 1715 5146 1484 1715 5147 1512 1731 5193 1514 1731 5194 1511 1731 5195 1513 1732 5196 1517 1732 5197 1512 1732 5198 1517 1733 5199 1516 1733 5200 1512 1733 5201 1556 1756 5268 1560 1756 5269 1558 1756 5270 1558 1757 5271 1560 1757 5272 1559 1757 5273 1556 1758 5274 1563 1758 5275 1561 1758 5276 1560 1759 5277 1561 1759 5278 1562 1759 5279 1559 1760 5280 1562 1760 5281 1563 1760 5282 1511 1811 5433 1513 1811 5434 1512 1811 5435 1511 1812 5436 1514 1812 5437 1517 1812 5438 1514 1813 5439 1512 1813 5440 1515 1813 5441 1517 1814 5442 1514 1814 5443 1515 1814 5444 1515 1815 5445 1512 1815 5446 1516 1815 5447 1557 1840 5520 1558 1840 5521 1563 1840 5522 1558 1841 5523 1559 1841 5524 1563 1841 5525 1556 1842 5526 1557 1842 5527 1563 1842 5528 1560 1843 5529 1556 1843 5530 1561 1843 5531 1559 1844 5532 1560 1844 5533 1562 1844 5534 1703 1923 5769 1706 1923 5770 1705 1923 5771 1704 1924 5772 1706 1924 5773 1703 1924 5774 1705 1925 5775 1706 1925 5776 1707 1925 5777 1704 1926 5778 1709 1926 5779 1706 1926 5780 1707 1927 5781 1708 1927 5782 1710 1927 5783 1731 1937 5811 1736 1937 5812 1737 1937 5813 1731 1938 5814 1732 1938 5815 1736 1938 5816 1735 1939 5817 1736 1939 5818 1732 1939 5819 1733 1940 5820 1737 1940 5821 1735 1940 5822 1735 1941 5823 1739 1941 5824 1738 1941 5825 1735 1942 5826 1738 1942 5827 1740 1942 5828 1705 1993 5979 1707 1993 5980 1704 1993 5981 1706 1994 5982 1708 1994 5983 1707 1994 5984 1704 1995 5985 1707 1995 5986 1709 1995 5987 1709 1996 5988 1707 1996 5989 1710 1996 5990 1708 1997 5991 1706 1997 5992 1709 1997 5993 1734 2011 6033 1731 2011 6034 1737 2011 6035 1732 2012 6036 1734 2012 6037 1733 2012 6038 1734 2013 6039 1737 2013 6040 1733 2013 6041 1733 2014 6042 1735 2014 6043 1732 2014 6044 1735 2015 6045 1737 2015 6046 1739 2015 6047 1737 2016 6048 1736 2016 6049 1739 2016 6050 1736 2017 6051 1740 2017 6052 1739 2017 6053 1736 2018 6054 1735 2018 6055 1740 2018 6056 1826 2066 6198 1829 2066 6199 1825 2066 6200 1826 2067 6201 1827 2067 6202 1829 2067 6203 1825 2068 6204 1830 2068 6205 1828 2068 6206 1827 2069 6207 1831 2069 6208 1829 2069 6209 1830 2070 6210 1831 2070 6211 1827 2070 6212 1832 2071 6213 1831 2071 6214 1830 2071 6215 1854 2084 6252 1858 2084 6253 1856 2084 6254 1855 2085 6255 1858 2085 6256 1854 2085 6257 1857 2086 6258 1859 2086 6259 1855 2086 6260 1882 2097 6291 1885 2097 6292 1883 2097 6293 1886 2098 6294 1883 2098 6295 1888 2098 6296 1885 2099 6297 1887 2099 6298 1883 2099 6299 1886 2100 6300 1888 2100 6301 1885 2100 6302 1887 2101 6303 1888 2101 6304 1883 2101 6305 1885 2102 6306 1889 2102 6307 1887 2102 6308 1826 2145 6435 1828 2145 6436 1827 2145 6437 1827 2146 6438 1828 2146 6439 1830 2146 6440 1825 2147 6441 1832 2147 6442 1830 2147 6443 1825 2148 6444 1829 2148 6445 1832 2148 6446 1856 2161 6483 1857 2161 6484 1855 2161 6485 1856 2162 6486 1858 2162 6487 1857 2162 6488 1858 2163 6489 1855 2163 6490 1859 2163 6491 1857 2164 6492 1858 2164 6493 1860 2164 6494 1858 2165 6495 1859 2165 6496 1860 2165 6497 1882 2180 6540 1884 2180 6541 1885 2180 6542 1884 2181 6543 1886 2181 6544 1885 2181 6545 1884 2182 6546 1883 2182 6547 1886 2182 6548 1885 2183 6549 1888 2183 6550 1889 2183 6551 1944 2217 6651 1945 2217 6652 1948 2217 6653 1945 2218 6654 1946 2218 6655 1949 2218 6656 1947 2219 6657 1948 2219 6658 1946 2219 6659 1946 2220 6660 1951 2220 6661 1949 2220 6662 1946 2221 6663 1948 2221 6664 1951 2221 6665 1948 2222 6666 1952 2222 6667 1951 2222 6668 1951 2223 6669 1950 2223 6670 1949 2223 6671 1945 2292 6876 1947 2292 6877 1946 2292 6878 1947 2293 6879 1944 2293 6880 1948 2293 6881 1945 2294 6882 1949 2294 6883 1948 2294 6884 1948 2295 6885 1949 2295 6886 1950 2295 6887 1948 2296 6888 1950 2296 6889 1952 2296 6890 2079 2373 7119 2080 2373 7120 2083 2373 7121 2080 2374 7122 2081 2374 7123 2084 2374 7124 2082 2375 7125 2083 2375 7126 2081 2375 7127 2081 2376 7128 2086 2376 7129 2084 2376 7130 2081 2377 7131 2083 2377 7132 2086 2377 7133 2083 2378 7134 2087 2378 7135 2086 2378 7136 2086 2379 7137 2085 2379 7138 2084 2379 7139 2080 2448 7344 2082 2448 7345 2081 2448 7346 2082 2449 7347 2079 2449 7348 2083 2449 7349 2080 2450 7350 2084 2450 7351 2083 2450 7352 2083 2451 7353 2084 2451 7354 2085 2451 7355 2083 2452 7356 2085 2452 7357 2087 2452 7358 2187 2511 7533 2189 2511 7534 2186 2511 7535 2188 2512 7536 2192 2512 7537 2187 2512 7538 2192 2513 7539 2191 2513 7540 2187 2513 7541 2231 2536 7608 2235 2536 7609 2233 2536 7610 2233 2537 7611 2235 2537 7612 2234 2537 7613 2231 2538 7614 2238 2538 7615 2236 2538 7616 2235 2539 7617 2236 2539 7618 2237 2539 7619 2234 2540 7620 2237 2540 7621 2238 2540 7622 2186 2591 7773 2188 2591 7774 2187 2591 7775 2186 2592 7776 2189 2592 7777 2192 2592 7778 2189 2593 7779 2187 2593 7780 2190 2593 7781 2192 2594 7782 2189 2594 7783 2190 2594 7784 2190 2595 7785 2187 2595 7786 2191 2595 7787 2232 2620 7860 2233 2620 7861 2238 2620 7862 2233 2621 7863 2234 2621 7864 2238 2621 7865 2231 2622 7866 2232 2622 7867 2238 2622 7868 2235 2623 7869 2231 2623 7870 2236 2623 7871 2234 2624 7872 2235 2624 7873 2237 2624 7874 2378 2703 8109 2381 2703 8110 2380 2703 8111 2379 2704 8112 2381 2704 8113 2378 2704 8114 2380 2705 8115 2381 2705 8116 2382 2705 8117 2379 2706 8118 2384 2706 8119 2381 2706 8120 2382 2707 8121 2383 2707 8122 2385 2707 8123 2406 2717 8151 2411 2717 8152 2412 2717 8153 2406 2718 8154 2407 2718 8155 2411 2718 8156 2410 2719 8157 2411 2719 8158 2407 2719 8159 2408 2720 8160 2412 2720 8161 2410 2720 8162 2410 2721 8163 2414 2721 8164 2413 2721 8165 2410 2722 8166 2413 2722 8167 2415 2722 8168 2380 2773 8319 2382 2773 8320 2379 2773 8321 2381 2774 8322 2383 2774 8323 2382 2774 8324 2379 2775 8325 2382 2775 8326 2384 2775 8327 2384 2776 8328 2382 2776 8329 2385 2776 8330 2383 2777 8331 2381 2777 8332 2384 2777 8333 2409 2791 8373 2406 2791 8374 2412 2791 8375 2407 2792 8376 2409 2792 8377 2408 2792 8378 2409 2793 8379 2412 2793 8380 2408 2793 8381 2408 2794 8382 2410 2794 8383 2407 2794 8384 2410 2795 8385 2412 2795 8386 2414 2795 8387 2412 2796 8388 2411 2796 8389 2414 2796 8390 2411 2797 8391 2415 2797 8392 2414 2797 8393 2411 2798 8394 2410 2798 8395 2415 2798 8396 2501 2850 8550 2502 2850 8551 2503 2850 8552 2500 2851 8553 2504 2851 8554 2502 2851 8555 2501 2852 8556 2504 2852 8557 2500 2852 8558 2501 2853 8559 2503 2853 8560 2505 2853 8561 2503 2854 8562 2504 2854 8563 2506 2854 8564 2501 2855 8565 2505 2855 8566 2504 2855 8567 2543 2875 8625 2542 2875 8626 2541 2875 8627 2544 2876 8628 2545 2876 8629 2543 2876 8630 2543 2877 8631 2548 2877 8632 2542 2877 8633 2543 2878 8634 2545 2878 8635 2548 2878 8636 2544 2879 8637 2542 2879 8638 2545 2879 8639 2542 2880 8640 2546 2880 8641 2545 2880 8642 2542 2881 8643 2547 2881 8644 2546 2881 8645 2545 2882 8646 2546 2882 8647 2548 2882 8648 2548 2883 8649 2549 2883 8650 2550 2883 8651 2559 2887 8661 2561 2887 8662 2557 2887 8663 2557 2888 8664 2561 2888 8665 2560 2888 8666 2560 2889 8667 2563 2889 8668 2559 2889 8669 2560 2890 8670 2561 2890 8671 2563 2890 8672 2559 2891 8673 2562 2891 8674 2561 2891 8675 2561 2892 8676 2564 2892 8677 2563 2892 8678 2503 2931 8793 2502 2931 8794 2504 2931 8795 2505 2932 8796 2503 2932 8797 2506 2932 8798 2544 2952 8856 2541 2952 8857 2542 2952 8858 2542 2953 8859 2548 2953 8860 2547 2953 8861 2546 2954 8862 2547 2954 8863 2549 2954 8864 2547 2955 8865 2548 2955 8866 2550 2955 8867 2548 2956 8868 2546 2956 8869 2549 2956 8870 2557 2960 8880 2558 2960 8881 2559 2960 8882 2558 2961 8883 2560 2961 8884 2559 2961 8885 2559 2962 8886 2563 2962 8887 2562 2962 8888 2561 2963 8889 2562 2963 8890 2564 2963 8891</p>
        </triangles>
        <triangles count="394" material="m2">
          <input semantic="VERTEX" source="#vertices" offset="0" />
          <input semantic="NORMAL" source="#normals" offset="1" />
          <input semantic="TEXCOORD" source="#uv" offset="2" set="0" />
          <p>41 22 66 43 22 67 40 22 68 41 23 69 39 23 70 46 23 71 43 24 72 42 24 73 39 24 74 46 25 75 43 25 76 41 25 77 39 26 78 42 26 79 46 26 80 46 27 81 47 27 82 45 27 83 40 102 306 43 102 307 39 102 308 42 103 309 43 103 310 44 103 311 43 104 312 45 104 313 44 104 314 43 105 315 46 105 316 45 105 317 46 106 318 42 106 319 44 106 320 46 107 321 44 107 322 47 107 323 160 172 516 165 172 517 161 172 518 161 173 519 165 173 520 163 173 521 161 174 522 163 174 523 168 174 524 165 175 525 166 175 526 163 175 527 164 176 528 167 176 529 165 176 530 252 223 669 250 223 670 248 223 671 249 224 672 251 224 673 252 224 674 250 225 675 253 225 676 251 225 677 252 226 678 254 226 679 250 226 680 251 227 681 253 227 682 255 227 683 265 231 693 264 231 694 262 231 695 264 232 696 266 232 697 262 232 698 266 233 699 268 233 700 265 233 701 264 234 702 267 234 703 266 234 704 264 235 705 269 235 706 267 235 707 264 236 708 268 236 709 269 236 710 160 247 741 162 247 742 165 247 743 162 248 744 161 248 745 164 248 746 162 249 747 164 249 748 165 249 749 161 250 750 168 250 751 164 250 752 164 251 753 168 251 754 167 251 755 163 252 756 166 252 757 168 252 758 166 253 759 165 253 760 167 253 761 249 300 900 248 300 901 251 300 902 251 301 903 248 301 904 250 301 905 252 302 906 251 302 907 254 302 908 250 303 909 254 303 910 253 303 911 254 304 912 251 304 913 255 304 914 265 308 924 263 308 925 266 308 926 263 309 927 262 309 928 266 309 929 264 310 930 265 310 931 268 310 932 268 311 933 266 311 934 267 311 935 326 338 1014 329 338 1015 325 338 1016 327 339 1017 329 339 1018 324 339 1019 328 340 1020 325 340 1021 327 340 1022 329 341 1023 327 341 1024 330 341 1025 329 342 1026 330 342 1027 331 342 1028 327 343 1029 331 343 1030 332 343 1031 328 428 1284 327 428 1285 324 428 1286 328 429 1287 326 429 1288 325 429 1289 326 430 1290 324 430 1291 329 430 1292 325 431 1293 331 431 1294 327 431 1295 325 432 1296 329 432 1297 331 432 1298 327 433 1299 332 433 1300 330 433 1301 461 494 1482 464 494 1483 460 494 1484 462 495 1485 464 495 1486 459 495 1487 463 496 1488 460 496 1489 462 496 1490 464 497 1491 462 497 1492 465 497 1493 464 498 1494 465 498 1495 466 498 1496 462 499 1497 466 499 1498 467 499 1499 463 584 1752 462 584 1753 459 584 1754 463 585 1755 461 585 1756 460 585 1757 461 586 1758 459 586 1759 464 586 1760 460 587 1761 466 587 1762 462 587 1763 460 588 1764 464 588 1765 466 588 1766 462 589 1767 467 589 1768 465 589 1769 568 641 1923 569 641 1924 571 641 1925 566 642 1926 572 642 1927 569 642 1928 567 643 1929 571 643 1930 570 643 1931 572 644 1932 570 644 1933 569 644 1934 571 645 1935 574 645 1936 573 645 1937 569 646 1938 570 646 1939 574 646 1940 642 691 2073 645 691 2074 644 691 2075 642 692 2076 643 692 2077 645 692 2078 652 696 2088 654 696 2089 656 696 2090 653 697 2091 654 697 2092 652 697 2093 656 698 2094 655 698 2095 653 698 2096 656 699 2097 657 699 2098 655 699 2099 654 700 2100 659 700 2101 658 700 2102 655 701 2103 659 701 2104 654 701 2105 657 702 2106 660 702 2107 655 702 2108 654 703 2109 658 703 2110 657 703 2111 568 724 2172 571 724 2173 567 724 2174 568 725 2175 566 725 2176 569 725 2177 566 726 2178 567 726 2179 572 726 2180 567 727 2181 570 727 2182 572 727 2183 571 728 2184 573 728 2185 570 728 2186 571 729 2187 569 729 2188 574 729 2189 653 769 2307 655 769 2308 654 769 2309 656 770 2310 654 770 2311 657 770 2312 659 771 2313 655 771 2314 660 771 2315 657 772 2316 658 772 2317 660 772 2318 702 796 2388 705 796 2389 706 796 2390 703 797 2391 709 797 2392 704 797 2393 702 798 2394 706 798 2395 703 798 2396 704 799 2397 709 799 2398 705 799 2399 703 800 2400 706 800 2401 709 800 2402 706 801 2403 707 801 2404 709 801 2405 706 802 2406 708 802 2407 707 802 2408 705 803 2409 708 803 2410 706 803 2411 705 804 2412 709 804 2413 708 804 2414 776 849 2547 779 849 2548 777 849 2549 777 850 2550 778 850 2551 780 850 2552 777 851 2553 779 851 2554 778 851 2555 780 852 2556 778 852 2557 781 852 2558 779 853 2559 781 853 2560 782 853 2561 704 885 2655 705 885 2656 702 885 2657 776 920 2760 780 920 2761 779 920 2762 779 921 2763 780 921 2764 781 921 2765 778 922 2766 779 922 2767 782 922 2768 837 952 2856 840 952 2857 841 952 2858 838 953 2859 844 953 2860 839 953 2861 837 954 2862 841 954 2863 838 954 2864 839 955 2865 844 955 2866 840 955 2867 838 956 2868 841 956 2869 844 956 2870 841 957 2871 842 957 2872 844 957 2873 841 958 2874 843 958 2875 842 958 2876 840 959 2877 843 959 2878 841 959 2879 840 960 2880 844 960 2881 843 960 2882 911 1005 3015 914 1005 3016 912 1005 3017 912 1006 3018 913 1006 3019 915 1006 3020 912 1007 3021 914 1007 3022 913 1007 3023 915 1008 3024 913 1008 3025 916 1008 3026 914 1009 3027 916 1009 3028 917 1009 3029 839 1041 3123 840 1041 3124 837 1041 3125 911 1076 3228 915 1076 3229 914 1076 3230 914 1077 3231 915 1077 3232 916 1077 3233 913 1078 3234 914 1078 3235 917 1078 3236 987 1118 3354 989 1118 3355 990 1118 3356 988 1119 3357 989 1119 3358 987 1119 3359 990 1120 3360 992 1120 3361 988 1120 3362 990 1121 3363 991 1121 3364 992 1121 3365 1029 1138 3414 1033 1138 3415 1032 1138 3416 1029 1139 3417 1034 1139 3418 1033 1139 3419 1030 1140 3420 1031 1140 3421 1034 1140 3422 1029 1141 3423 1032 1141 3424 1031 1141 3425 1031 1142 3426 1032 1142 3427 1034 1142 3428 1036 1143 3429 1037 1143 3430 1033 1143 3431 1035 1144 3432 1036 1144 3433 1034 1144 3434 986 1187 3561 987 1187 3562 990 1187 3563 986 1188 3564 990 1188 3565 988 1188 3566 988 1189 3567 992 1189 3568 989 1189 3569 990 1190 3570 993 1190 3571 991 1190 3572 990 1191 3573 989 1191 3574 993 1191 3575 989 1192 3576 992 1192 3577 993 1192 3578 1029 1217 3651 1030 1217 3652 1034 1217 3653 1032 1218 3654 1035 1218 3655 1034 1218 3656 1032 1219 3657 1033 1219 3658 1035 1219 3659 1033 1220 3660 1034 1220 3661 1036 1220 3662 1035 1221 3663 1033 1221 3664 1037 1221 3665 1122 1274 3822 1124 1274 3823 1125 1274 3824 1123 1275 3825 1124 1275 3826 1122 1275 3827 1125 1276 3828 1127 1276 3829 1123 1276 3830 1125 1277 3831 1126 1277 3832 1127 1277 3833 1164 1294 3882 1168 1294 3883 1167 1294 3884 1164 1295 3885 1169 1295 3886 1168 1295 3887 1165 1296 3888 1166 1296 3889 1169 1296 3890 1164 1297 3891 1167 1297 3892 1166 1297 3893 1166 1298 3894 1167 1298 3895 1169 1298 3896 1171 1299 3897 1172 1299 3898 1168 1299 3899 1170 1300 3900 1171 1300 3901 1169 1300 3902 1121 1343 4029 1122 1343 4030 1125 1343 4031 1121 1344 4032 1125 1344 4033 1123 1344 4034 1123 1345 4035 1127 1345 4036 1124 1345 4037 1125 1346 4038 1128 1346 4039 1126 1346 4040 1125 1347 4041 1124 1347 4042 1128 1347 4043 1124 1348 4044 1127 1348 4045 1128 1348 4046 1164 1373 4119 1165 1373 4120 1169 1373 4121 1167 1374 4122 1170 1374 4123 1169 1374 4124 1167 1375 4125 1168 1375 4126 1170 1375 4127 1168 1376 4128 1169 1376 4129 1171 1376 4130 1170 1377 4131 1168 1377 4132 1172 1377 4133 1271 1432 4296 1273 1432 4297 1272 1432 4298 1273 1433 4299 1274 1433 4300 1275 1433 4301 1270 1434 4302 1274 1434 4303 1273 1434 4304 1274 1435 4305 1272 1435 4306 1276 1435 4307 1274 1436 4308 1276 1436 4309 1277 1436 4310 1272 1437 4311 1275 1437 4312 1276 1437 4313 1275 1438 4314 1279 1438 4315 1278 1438 4316 1275 1439 4317 1277 1439 4318 1279 1439 4319 1276 1440 4320 1278 1440 4321 1277 1440 4322 1270 1520 4560 1271 1520 4561 1272 1520 4562 1270 1521 4563 1272 1521 4564 1274 1521 4565 1272 1522 4566 1273 1522 4567 1275 1522 4568 1274 1523 4569 1277 1523 4570 1275 1523 4571 1276 1524 4572 1275 1524 4573 1278 1524 4574 1406 1586 4758 1409 1586 4759 1405 1586 4760 1407 1587 4761 1409 1587 4762 1404 1587 4763 1408 1588 4764 1405 1588 4765 1407 1588 4766 1409 1589 4767 1407 1589 4768 1410 1589 4769 1409 1590 4770 1410 1590 4771 1411 1590 4772 1407 1591 4773 1411 1591 4774 1412 1591 4775 1408 1676 5028 1407 1676 5029 1404 1676 5030 1408 1677 5031 1406 1677 5032 1405 1677 5033 1406 1678 5034 1404 1678 5035 1409 1678 5036 1405 1679 5037 1411 1679 5038 1407 1679 5039 1405 1680 5040 1409 1680 5041 1411 1680 5042 1407 1681 5043 1412 1681 5044 1410 1681 5045 1541 1744 5232 1543 1744 5233 1542 1744 5234 1543 1745 5235 1544 1745 5236 1545 1745 5237 1540 1746 5238 1544 1746 5239 1543 1746 5240 1544 1747 5241 1542 1747 5242 1546 1747 5243 1544 1748 5244 1546 1748 5245 1547 1748 5246 1542 1749 5247 1545 1749 5248 1546 1749 5249 1545 1750 5250 1549 1750 5251 1548 1750 5252 1545 1751 5253 1547 1751 5254 1549 1751 5255 1546 1752 5256 1548 1752 5257 1547 1752 5258 1540 1832 5496 1541 1832 5497 1542 1832 5498 1540 1833 5499 1542 1833 5500 1544 1833 5501 1542 1834 5502 1543 1834 5503 1545 1834 5504 1544 1835 5505 1547 1835 5506 1545 1835 5507 1546 1836 5508 1545 1836 5509 1548 1836 5510 1647 1886 5658 1648 1886 5659 1646 1886 5660 1645 1887 5661 1646 1887 5662 1650 1887 5663 1646 1888 5664 1648 1888 5665 1650 1888 5666 1645 1889 5667 1650 1889 5668 1649 1889 5669 1647 1890 5670 1649 1890 5671 1648 1890 5672 1651 1891 5673 1652 1891 5674 1649 1891 5675 1651 1892 5676 1650 1892 5677 1653 1892 5678 1652 1893 5679 1653 1893 5680 1655 1893 5681 1650 1894 5682 1654 1894 5683 1653 1894 5684 1690 1914 5742 1694 1914 5743 1693 1914 5744 1690 1915 5745 1691 1915 5746 1694 1915 5747 1691 1916 5748 1695 1916 5749 1694 1916 5750 1694 1917 5751 1696 1917 5752 1693 1917 5753 1691 1918 5754 1692 1918 5755 1695 1918 5756 1694 1919 5757 1695 1919 5758 1696 1919 5759 1748 1946 5838 1750 1946 5839 1747 1946 5840 1749 1947 5841 1754 1947 5842 1751 1947 5843 1751 1948 5844 1752 1948 5845 1750 1948 5846 1751 1949 5847 1754 1949 5848 1753 1949 5849 1647 1962 5886 1645 1962 5887 1649 1962 5888 1650 1963 5889 1651 1963 5890 1649 1963 5891 1648 1964 5892 1652 1964 5893 1650 1964 5894 1648 1965 5895 1649 1965 5896 1652 1965 5897 1650 1966 5898 1652 1966 5899 1654 1966 5900 1652 1967 5901 1655 1967 5902 1654 1967 5903 1652 1968 5904 1651 1968 5905 1653 1968 5906 1691 1988 5964 1693 1988 5965 1692 1988 5966 1692 1989 5967 1693 1989 5968 1696 1989 5969 1747 2022 6066 1750 2022 6067 1749 2022 6068 1748 2023 6069 1751 2023 6070 1750 2023 6071 1748 2024 6072 1749 2024 6073 1751 2024 6074 1750 2025 6075 1754 2025 6076 1749 2025 6077 1750 2026 6078 1752 2026 6079 1754 2026 6080 1752 2027 6081 1751 2027 6082 1753 2027 6083 1797 2054 6162 1799 2054 6163 1800 2054 6164 1798 2055 6165 1799 2055 6166 1797 2055 6167 1800 2056 6168 1802 2056 6169 1798 2056 6170 1800 2057 6171 1801 2057 6172 1802 2057 6173 1839 2074 6222 1843 2074 6223 1842 2074 6224 1839 2075 6225 1844 2075 6226 1843 2075 6227 1840 2076 6228 1841 2076 6229 1844 2076 6230 1839 2077 6231 1842 2077 6232 1841 2077 6233 1841 2078 6234 1842 2078 6235 1844 2078 6236 1846 2079 6237 1847 2079 6238 1843 2079 6239 1845 2080 6240 1846 2080 6241 1844 2080 6242 1796 2123 6369 1797 2123 6370 1800 2123 6371 1796 2124 6372 1800 2124 6373 1798 2124 6374 1798 2125 6375 1802 2125 6376 1799 2125 6377 1800 2126 6378 1803 2126 6379 1801 2126 6380 1800 2127 6381 1799 2127 6382 1803 2127 6383 1799 2128 6384 1802 2128 6385 1803 2128 6386 1839 2153 6459 1840 2153 6460 1844 2153 6461 1842 2154 6462 1845 2154 6463 1844 2154 6464 1842 2155 6465 1843 2155 6466 1845 2155 6467 1843 2156 6468 1844 2156 6469 1846 2156 6470 1845 2157 6471 1843 2157 6472 1847 2157 6473 1915 2200 6600 1920 2200 6601 1916 2200 6602 1916 2201 6603 1920 2201 6604 1918 2201 6605 1916 2202 6606 1918 2202 6607 1923 2202 6608 1920 2203 6609 1921 2203 6610 1918 2203 6611 1919 2204 6612 1922 2204 6613 1920 2204 6614 2007 2251 6753 2005 2251 6754 2003 2251 6755 2004 2252 6756 2006 2252 6757 2007 2252 6758 2005 2253 6759 2008 2253 6760 2006 2253 6761 2007 2254 6762 2009 2254 6763 2005 2254 6764 2006 2255 6765 2008 2255 6766 2010 2255 6767 2020 2259 6777 2019 2259 6778 2017 2259 6779 2019 2260 6780 2021 2260 6781 2017 2260 6782 2021 2261 6783 2023 2261 6784 2020 2261 6785 2019 2262 6786 2022 2262 6787 2021 2262 6788 2019 2263 6789 2024 2263 6790 2022 2263 6791 2019 2264 6792 2023 2264 6793 2024 2264 6794 1915 2275 6825 1917 2275 6826 1920 2275 6827 1917 2276 6828 1916 2276 6829 1919 2276 6830 1917 2277 6831 1919 2277 6832 1920 2277 6833 1916 2278 6834 1923 2278 6835 1919 2278 6836 1919 2279 6837 1923 2279 6838 1922 2279 6839 1918 2280 6840 1921 2280 6841 1923 2280 6842 1921 2281 6843 1920 2281 6844 1922 2281 6845 2004 2328 6984 2003 2328 6985 2006 2328 6986 2006 2329 6987 2003 2329 6988 2005 2329 6989 2007 2330 6990 2006 2330 6991 2009 2330 6992 2005 2331 6993 2009 2331 6994 2008 2331 6995 2009 2332 6996 2006 2332 6997 2010 2332 6998 2020 2336 7008 2018 2336 7009 2021 2336 7010 2018 2337 7011 2017 2337 7012 2021 2337 7013 2019 2338 7014 2020 2338 7015 2023 2338 7016 2023 2339 7017 2021 2339 7018 2022 2339 7019 2050 2356 7068 2055 2356 7069 2051 2356 7070 2051 2357 7071 2055 2357 7072 2053 2357 7073 2051 2358 7074 2053 2358 7075 2058 2358 7076 2055 2359 7077 2056 2359 7078 2053 2359 7079 2054 2360 7080 2057 2360 7081 2055 2360 7082 2142 2407 7221 2140 2407 7222 2138 2407 7223 2139 2408 7224 2141 2408 7225 2142 2408 7226 2140 2409 7227 2143 2409 7228 2141 2409 7229 2142 2410 7230 2144 2410 7231 2140 2410 7232 2141 2411 7233 2143 2411 7234 2145 2411 7235 2155 2415 7245 2154 2415 7246 2152 2415 7247 2154 2416 7248 2156 2416 7249 2152 2416 7250 2156 2417 7251 2158 2417 7252 2155 2417 7253 2154 2418 7254 2157 2418 7255 2156 2418 7256 2154 2419 7257 2159 2419 7258 2157 2419 7259 2154 2420 7260 2158 2420 7261 2159 2420 7262 2050 2431 7293 2052 2431 7294 2055 2431 7295 2052 2432 7296 2051 2432 7297 2054 2432 7298 2052 2433 7299 2054 2433 7300 2055 2433 7301 2051 2434 7302 2058 2434 7303 2054 2434 7304 2054 2435 7305 2058 2435 7306 2057 2435 7307 2053 2436 7308 2056 2436 7309 2058 2436 7310 2056 2437 7311 2055 2437 7312 2057 2437 7313 2139 2484 7452 2138 2484 7453 2141 2484 7454 2141 2485 7455 2138 2485 7456 2140 2485 7457 2142 2486 7458 2141 2486 7459 2144 2486 7460 2140 2487 7461 2144 2487 7462 2143 2487 7463 2144 2488 7464 2141 2488 7465 2145 2488 7466 2155 2492 7476 2153 2492 7477 2156 2492 7478 2153 2493 7479 2152 2493 7480 2156 2493 7481 2154 2494 7482 2155 2494 7483 2158 2494 7484 2158 2495 7485 2156 2495 7486 2157 2495 7487 2216 2524 7572 2218 2524 7573 2217 2524 7574 2218 2525 7575 2219 2525 7576 2220 2525 7577 2215 2526 7578 2219 2526 7579 2218 2526 7580 2219 2527 7581 2217 2527 7582 2221 2527 7583 2219 2528 7584 2221 2528 7585 2222 2528 7586 2217 2529 7587 2220 2529 7588 2221 2529 7589 2220 2530 7590 2224 2530 7591 2223 2530 7592 2220 2531 7593 2222 2531 7594 2224 2531 7595 2221 2532 7596 2223 2532 7597 2222 2532 7598 2215 2612 7836 2216 2612 7837 2217 2612 7838 2215 2613 7839 2217 2613 7840 2219 2613 7841 2217 2614 7842 2218 2614 7843 2220 2614 7844 2219 2615 7845 2222 2615 7846 2220 2615 7847 2221 2616 7848 2220 2616 7849 2223 2616 7850 2322 2666 7998 2323 2666 7999 2321 2666 8000 2320 2667 8001 2321 2667 8002 2325 2667 8003 2321 2668 8004 2323 2668 8005 2325 2668 8006 2320 2669 8007 2325 2669 8008 2324 2669 8009 2322 2670 8010 2324 2670 8011 2323 2670 8012 2326 2671 8013 2327 2671 8014 2324 2671 8015 2326 2672 8016 2325 2672 8017 2328 2672 8018 2327 2673 8019 2328 2673 8020 2330 2673 8021 2325 2674 8022 2329 2674 8023 2328 2674 8024 2365 2694 8082 2369 2694 8083 2368 2694 8084 2365 2695 8085 2366 2695 8086 2369 2695 8087 2366 2696 8088 2370 2696 8089 2369 2696 8090 2369 2697 8091 2371 2697 8092 2368 2697 8093 2366 2698 8094 2367 2698 8095 2370 2698 8096 2369 2699 8097 2370 2699 8098 2371 2699 8099 2423 2726 8178 2425 2726 8179 2422 2726 8180 2424 2727 8181 2429 2727 8182 2426 2727 8183 2426 2728 8184 2427 2728 8185 2425 2728 8186 2426 2729 8187 2429 2729 8188 2428 2729 8189 2322 2742 8226 2320 2742 8227 2324 2742 8228 2325 2743 8229 2326 2743 8230 2324 2743 8231 2323 2744 8232 2327 2744 8233 2325 2744 8234 2323 2745 8235 2324 2745 8236 2327 2745 8237 2325 2746 8238 2327 2746 8239 2329 2746 8240 2327 2747 8241 2330 2747 8242 2329 2747 8243 2327 2748 8244 2326 2748 8245 2328 2748 8246 2366 2768 8304 2368 2768 8305 2367 2768 8306 2367 2769 8307 2368 2769 8308 2371 2769 8309 2422 2802 8406 2425 2802 8407 2424 2802 8408 2423 2803 8409 2426 2803 8410 2425 2803 8411 2423 2804 8412 2424 2804 8413 2426 2804 8414 2425 2805 8415 2429 2805 8416 2424 2805 8417 2425 2806 8418 2427 2806 8419 2429 2806 8420 2427 2807 8421 2426 2807 8422 2428 2807 8423 2513 2859 8577 2518 2859 8578 2515 2859 8579 2515 2860 8580 2516 2860 8581 2517 2860 8582 2518 2861 8583 2516 2861 8584 2515 2861 8585 2517 2862 8586 2516 2862 8587 2519 2862 8588 2516 2863 8589 2518 2863 8590 2519 2863 8591 2518 2864 8592 2521 2864 8593 2520 2864 8594 2519 2865 8595 2521 2865 8596 2517 2865 8597 2513 2936 8808 2514 2936 8809 2518 2936 8810 2514 2937 8811 2517 2937 8812 2518 2937 8813 2514 2938 8814 2515 2938 8815 2517 2938 8816 2519 2939 8817 2518 2939 8818 2520 2939 8819 2518 2940 8820 2517 2940 8821 2521 2940 8822</p>
        </triangles>
        <triangles count="506" material="m5">
          <input semantic="VERTEX" source="#vertices" offset="0" />
          <input semantic="NORMAL" source="#normals" offset="1" />
          <input semantic="TEXCOORD" source="#uv" offset="2" set="0" />
          <p>71 39 117 73 39 118 70 39 119 69 40 120 74 40 121 71 40 122 73 41 123 72 41 124 69 41 125 69 42 126 72 42 127 74 42 128 71 43 129 74 43 130 73 43 131 74 44 132 76 44 133 73 44 134 72 45 135 75 45 136 74 45 137 76 46 138 72 46 139 73 46 140 126 72 216 130 72 217 131 72 218 126 73 219 127 73 220 130 73 221 129 74 222 128 74 223 127 74 224 128 75 225 130 75 226 127 75 227 130 76 228 132 76 229 131 76 230 130 77 231 128 77 232 132 77 233 128 78 234 134 78 235 133 78 236 131 79 237 134 79 238 128 79 239 131 80 240 132 80 241 134 80 242 128 81 243 133 81 244 132 81 245 70 121 363 73 121 364 69 121 365 74 122 366 75 122 367 76 122 368 129 154 462 126 154 463 131 154 464 128 155 465 129 155 466 131 155 467 177 180 540 175 180 541 178 180 542 176 181 543 179 181 544 175 181 545 178 182 546 179 182 547 176 182 548 175 183 549 180 183 550 178 183 551 175 184 552 179 184 553 180 184 554 179 185 555 182 185 556 180 185 557 178 186 558 181 186 559 182 186 560 235 216 648 237 216 649 239 216 650 236 217 651 238 217 652 237 217 653 237 218 654 238 218 655 240 218 656 239 219 657 240 219 658 241 219 659 176 257 771 177 257 772 178 257 773 179 258 774 178 258 775 182 258 776 178 259 777 180 259 778 181 259 779 234 291 873 235 291 874 236 291 875 235 292 876 239 292 877 236 292 878 234 293 879 236 293 880 237 293 881 237 294 882 240 294 883 239 294 884 236 295 885 241 295 886 238 295 887 236 296 888 239 296 889 241 296 890 284 318 954 286 318 955 282 318 956 286 319 957 285 319 958 283 319 959 285 320 960 289 320 961 287 320 962 287 321 963 288 321 964 286 321 965 287 322 966 289 322 967 288 322 968 339 346 1038 345 346 1039 343 346 1040 339 347 1041 341 347 1042 345 347 1043 339 348 1044 342 348 1045 341 348 1046 339 349 1047 340 349 1048 342 349 1049 340 350 1050 343 350 1051 342 350 1052 343 351 1053 345 351 1054 342 351 1055 342 352 1056 344 352 1057 341 352 1058 345 353 1059 344 353 1060 342 353 1061 341 354 1062 346 354 1063 345 354 1064 341 355 1065 344 355 1066 347 355 1067 369 366 1098 373 366 1099 368 366 1100 367 367 1101 372 367 1102 369 367 1103 373 368 1104 372 368 1105 368 368 1106 369 369 1107 372 369 1108 371 369 1109 372 370 1110 374 370 1111 371 370 1112 284 400 1200 287 400 1201 286 400 1202 283 401 1203 282 401 1204 286 401 1205 284 402 1206 285 402 1207 287 402 1208 284 403 1209 283 403 1210 285 403 1211 289 404 1212 285 404 1213 290 404 1214 285 405 1215 286 405 1216 290 405 1217 286 406 1218 288 406 1219 290 406 1220 344 438 1314 345 438 1315 346 438 1316 341 439 1317 347 439 1318 346 439 1319 370 450 1350 369 450 1351 368 450 1352 367 451 1353 368 451 1354 372 451 1355 367 452 1356 369 452 1357 370 452 1358 369 453 1359 371 453 1360 373 453 1361 372 454 1362 373 454 1363 374 454 1364 419 474 1422 421 474 1423 417 474 1424 421 475 1425 420 475 1426 418 475 1427 420 476 1428 424 476 1429 422 476 1430 422 477 1431 423 477 1432 421 477 1433 422 478 1434 424 478 1435 423 478 1436 474 502 1506 480 502 1507 478 502 1508 474 503 1509 476 503 1510 480 503 1511 474 504 1512 477 504 1513 476 504 1514 474 505 1515 475 505 1516 477 505 1517 475 506 1518 478 506 1519 477 506 1520 478 507 1521 480 507 1522 477 507 1523 477 508 1524 479 508 1525 476 508 1526 480 509 1527 479 509 1528 477 509 1529 476 510 1530 481 510 1531 480 510 1532 476 511 1533 479 511 1534 482 511 1535 504 522 1566 508 522 1567 503 522 1568 502 523 1569 507 523 1570 504 523 1571 508 524 1572 507 524 1573 503 524 1574 504 525 1575 507 525 1576 506 525 1577 507 526 1578 509 526 1579 506 526 1580 419 556 1668 422 556 1669 421 556 1670 418 557 1671 417 557 1672 421 557 1673 419 558 1674 420 558 1675 422 558 1676 419 559 1677 418 559 1678 420 559 1679 424 560 1680 420 560 1681 425 560 1682 420 561 1683 421 561 1684 425 561 1685 421 562 1686 423 562 1687 425 562 1688 479 594 1782 480 594 1783 481 594 1784 476 595 1785 482 595 1786 481 595 1787 505 606 1818 504 606 1819 503 606 1820 502 607 1821 503 607 1822 507 607 1823 502 608 1824 504 608 1825 505 608 1826 504 609 1827 506 609 1828 508 609 1829 507 610 1830 508 610 1831 509 610 1832 717 809 2427 718 809 2428 716 809 2429 717 810 2430 720 810 2431 719 810 2432 721 811 2433 720 811 2434 717 811 2435 721 812 2436 722 812 2437 720 812 2438 716 813 2439 718 813 2440 721 813 2441 717 814 2442 719 814 2443 718 814 2444 721 815 2445 718 815 2446 722 815 2447 718 816 2448 723 816 2449 722 816 2450 720 817 2451 725 817 2452 719 817 2453 723 818 2454 726 818 2455 725 818 2456 723 819 2457 724 819 2458 726 819 2459 746 830 2490 747 830 2491 751 830 2492 748 831 2493 750 831 2494 749 831 2495 746 832 2496 750 832 2497 748 832 2498 747 833 2499 749 833 2500 751 833 2501 749 834 2502 753 834 2503 751 834 2504 750 835 2505 753 835 2506 749 835 2507 752 836 2508 753 836 2509 750 836 2510 806 868 2604 804 868 2605 807 868 2606 803 869 2607 808 869 2608 804 869 2609 807 870 2610 808 870 2611 803 870 2612 722 888 2664 723 888 2665 720 888 2666 718 889 2667 719 889 2668 723 889 2669 719 890 2670 725 890 2671 724 890 2672 720 891 2673 723 891 2674 725 891 2675 723 892 2676 719 892 2677 724 892 2678 747 903 2709 748 903 2710 749 903 2711 746 904 2712 751 904 2713 750 904 2714 750 905 2715 751 905 2716 752 905 2717 752 906 2718 751 906 2719 754 906 2720 751 907 2721 753 907 2722 754 907 2723 803 931 2793 806 931 2794 807 931 2795 806 932 2796 805 932 2797 804 932 2798 805 933 2799 803 933 2800 804 933 2801 807 934 2802 804 934 2803 809 934 2804 807 935 2805 809 935 2806 808 935 2807 852 965 2895 853 965 2896 851 965 2897 852 966 2898 855 966 2899 854 966 2900 856 967 2901 855 967 2902 852 967 2903 856 968 2904 857 968 2905 855 968 2906 851 969 2907 853 969 2908 856 969 2909 852 970 2910 854 970 2911 853 970 2912 856 971 2913 853 971 2914 857 971 2915 853 972 2916 858 972 2917 857 972 2918 855 973 2919 860 973 2920 854 973 2921 858 974 2922 861 974 2923 860 974 2924 858 975 2925 859 975 2926 861 975 2927 881 986 2958 882 986 2959 886 986 2960 883 987 2961 885 987 2962 884 987 2963 881 988 2964 885 988 2965 883 988 2966 882 989 2967 884 989 2968 886 989 2969 884 990 2970 888 990 2971 886 990 2972 885 991 2973 888 991 2974 884 991 2975 887 992 2976 888 992 2977 885 992 2978 941 1024 3072 939 1024 3073 942 1024 3074 938 1025 3075 943 1025 3076 939 1025 3077 942 1026 3078 943 1026 3079 938 1026 3080 857 1044 3132 858 1044 3133 855 1044 3134 853 1045 3135 854 1045 3136 858 1045 3137 854 1046 3138 860 1046 3139 859 1046 3140 855 1047 3141 858 1047 3142 860 1047 3143 858 1048 3144 854 1048 3145 859 1048 3146 882 1059 3177 883 1059 3178 884 1059 3179 881 1060 3180 886 1060 3181 885 1060 3182 885 1061 3183 886 1061 3184 887 1061 3185 887 1062 3186 886 1062 3187 889 1062 3188 886 1063 3189 888 1063 3190 889 1063 3191 938 1087 3261 941 1087 3262 942 1087 3263 941 1088 3264 940 1088 3265 939 1088 3266 940 1089 3267 938 1089 3268 939 1089 3269 942 1090 3270 939 1090 3271 944 1090 3272 942 1091 3273 944 1091 3274 943 1091 3275 958 1098 3294 961 1098 3295 960 1098 3296 957 1099 3297 961 1099 3298 958 1099 3299 961 1100 3300 962 1100 3301 960 1100 3302 957 1101 3303 963 1101 3304 961 1101 3305 957 1102 3306 964 1102 3307 963 1102 3308 957 1103 3309 962 1103 3310 964 1103 3311 959 1104 3312 962 1104 3313 957 1104 3314 971 1108 3324 976 1108 3325 973 1108 3326 971 1109 3327 975 1109 3328 976 1109 3329 971 1110 3330 972 1110 3331 975 1110 3332 972 1111 3333 973 1111 3334 974 1111 3335 973 1112 3336 976 1112 3337 974 1112 3338 974 1113 3339 979 1113 3340 978 1113 3341 976 1114 3342 977 1114 3343 979 1114 3344 1003 1125 3375 1005 1125 3376 1002 1125 3377 1004 1126 3378 1006 1126 3379 1008 1126 3380 1057 1154 3462 1060 1154 3463 1062 1154 3464 1062 1155 3465 1061 1155 3466 1059 1155 3467 1060 1156 3468 1064 1156 3469 1062 1156 3470 1064 1157 3471 1063 1157 3472 1062 1157 3473 959 1173 3519 957 1173 3520 958 1173 3521 960 1174 3522 962 1174 3523 959 1174 3524 962 1175 3525 961 1175 3526 963 1175 3527 972 1179 3537 974 1179 3538 975 1179 3539 975 1180 3540 978 1180 3541 977 1180 3542 975 1181 3543 974 1181 3544 978 1181 3545 974 1182 3546 976 1182 3547 979 1182 3548 976 1183 3549 975 1183 3550 977 1183 3551 1000 1196 3588 1003 1196 3589 1002 1196 3590 1000 1197 3591 1001 1197 3592 1003 1197 3593 1001 1198 3594 1002 1198 3595 1004 1198 3596 1001 1199 3597 1004 1199 3598 1003 1199 3599 1002 1200 3600 1005 1200 3601 1004 1200 3602 1004 1201 3603 1007 1201 3604 1003 1201 3605 1005 1202 3606 1003 1202 3607 1006 1202 3608 1003 1203 3609 1007 1203 3610 1006 1203 3611 1004 1204 3612 1008 1204 3613 1007 1204 3614 1004 1205 3615 1005 1205 3616 1006 1205 3617 1059 1233 3699 1057 1233 3700 1062 1233 3701 1057 1234 3702 1058 1234 3703 1060 1234 3704 1058 1235 3705 1059 1235 3706 1060 1235 3707 1059 1236 3708 1065 1236 3709 1060 1236 3710 1065 1237 3711 1059 1237 3712 1061 1237 3713 1060 1238 3714 1065 1238 3715 1064 1238 3716 1062 1239 3717 1063 1239 3718 1061 1239 3719 1061 1240 3720 1063 1240 3721 1065 1240 3722 1093 1254 3762 1096 1254 3763 1095 1254 3764 1092 1255 3765 1096 1255 3766 1093 1255 3767 1096 1256 3768 1097 1256 3769 1095 1256 3770 1092 1257 3771 1098 1257 3772 1096 1257 3773 1092 1258 3774 1099 1258 3775 1098 1258 3776 1092 1259 3777 1097 1259 3778 1099 1259 3779 1094 1260 3780 1097 1260 3781 1092 1260 3782 1106 1264 3792 1111 1264 3793 1108 1264 3794 1106 1265 3795 1110 1265 3796 1111 1265 3797 1106 1266 3798 1107 1266 3799 1110 1266 3800 1107 1267 3801 1108 1267 3802 1109 1267 3803 1108 1268 3804 1111 1268 3805 1109 1268 3806 1109 1269 3807 1114 1269 3808 1113 1269 3809 1111 1270 3810 1112 1270 3811 1114 1270 3812 1138 1281 3843 1140 1281 3844 1137 1281 3845 1139 1282 3846 1141 1282 3847 1143 1282 3848 1192 1310 3930 1195 1310 3931 1197 1310 3932 1197 1311 3933 1196 1311 3934 1194 1311 3935 1195 1312 3936 1199 1312 3937 1197 1312 3938 1199 1313 3939 1198 1313 3940 1197 1313 3941 1094 1329 3987 1092 1329 3988 1093 1329 3989 1095 1330 3990 1097 1330 3991 1094 1330 3992 1097 1331 3993 1096 1331 3994 1098 1331 3995 1107 1335 4005 1109 1335 4006 1110 1335 4007 1110 1336 4008 1113 1336 4009 1112 1336 4010 1110 1337 4011 1109 1337 4012 1113 1337 4013 1109 1338 4014 1111 1338 4015 1114 1338 4016 1111 1339 4017 1110 1339 4018 1112 1339 4019 1135 1352 4056 1138 1352 4057 1137 1352 4058 1135 1353 4059 1136 1353 4060 1138 1353 4061 1136 1354 4062 1137 1354 4063 1139 1354 4064 1136 1355 4065 1139 1355 4066 1138 1355 4067 1137 1356 4068 1140 1356 4069 1139 1356 4070 1139 1357 4071 1142 1357 4072 1138 1357 4073 1140 1358 4074 1138 1358 4075 1141 1358 4076 1138 1359 4077 1142 1359 4078 1141 1359 4079 1139 1360 4080 1143 1360 4081 1142 1360 4082 1139 1361 4083 1140 1361 4084 1141 1361 4085 1194 1389 4167 1192 1389 4168 1197 1389 4169 1192 1390 4170 1193 1390 4171 1195 1390 4172 1193 1391 4173 1194 1391 4174 1195 1391 4175 1194 1392 4176 1200 1392 4177 1195 1392 4178 1200 1393 4179 1194 1393 4180 1196 1393 4181 1195 1394 4182 1200 1394 4183 1199 1394 4184 1197 1395 4185 1198 1395 4186 1196 1395 4187 1196 1396 4188 1198 1396 4189 1200 1396 4190 1300 1453 4359 1301 1453 4360 1302 1453 4361 1303 1454 4362 1305 1454 4363 1301 1454 4364 1300 1455 4365 1302 1455 4366 1303 1455 4367 1301 1456 4368 1305 1456 4369 1302 1456 4370 1303 1457 4371 1304 1457 4372 1305 1457 4373 1303 1458 4374 1306 1458 4375 1304 1458 4376 1302 1459 4377 1306 1459 4378 1303 1459 4379 1302 1460 4380 1305 1460 4381 1306 1460 4382 1330 1474 4422 1331 1474 4423 1329 1474 4424 1327 1475 4425 1331 1475 4426 1332 1475 4427 1330 1476 4428 1333 1476 4429 1335 1476 4430 1332 1477 4431 1334 1477 4432 1333 1477 4433 1327 1544 4632 1329 1544 4633 1331 1544 4634 1329 1545 4635 1328 1545 4636 1330 1545 4637 1328 1546 4638 1327 1546 4639 1330 1546 4640 1327 1547 4641 1332 1547 4642 1330 1547 4643 1332 1548 4644 1333 1548 4645 1330 1548 4646 1330 1549 4647 1335 1549 4648 1331 1549 4649 1331 1550 4650 1335 1550 4651 1334 1550 4652 1332 1551 4653 1331 1551 4654 1334 1551 4655 1364 1566 4698 1366 1566 4699 1362 1566 4700 1366 1567 4701 1365 1567 4702 1363 1567 4703 1365 1568 4704 1369 1568 4705 1367 1568 4706 1367 1569 4707 1368 1569 4708 1366 1569 4709 1367 1570 4710 1369 1570 4711 1368 1570 4712 1419 1594 4782 1425 1594 4783 1423 1594 4784 1419 1595 4785 1421 1595 4786 1425 1595 4787 1419 1596 4788 1422 1596 4789 1421 1596 4790 1419 1597 4791 1420 1597 4792 1422 1597 4793 1420 1598 4794 1423 1598 4795 1422 1598 4796 1423 1599 4797 1425 1599 4798 1422 1599 4799 1422 1600 4800 1424 1600 4801 1421 1600 4802 1425 1601 4803 1424 1601 4804 1422 1601 4805 1421 1602 4806 1426 1602 4807 1425 1602 4808 1421 1603 4809 1424 1603 4810 1427 1603 4811 1449 1614 4842 1453 1614 4843 1448 1614 4844 1447 1615 4845 1452 1615 4846 1449 1615 4847 1453 1616 4848 1452 1616 4849 1448 1616 4850 1449 1617 4851 1452 1617 4852 1451 1617 4853 1452 1618 4854 1454 1618 4855 1451 1618 4856 1364 1648 4944 1367 1648 4945 1366 1648 4946 1363 1649 4947 1362 1649 4948 1366 1649 4949 1364 1650 4950 1365 1650 4951 1367 1650 4952 1364 1651 4953 1363 1651 4954 1365 1651 4955 1369 1652 4956 1365 1652 4957 1370 1652 4958 1365 1653 4959 1366 1653 4960 1370 1653 4961 1366 1654 4962 1368 1654 4963 1370 1654 4964 1424 1686 5058 1425 1686 5059 1426 1686 5060 1421 1687 5061 1427 1687 5062 1426 1687 5063 1450 1698 5094 1449 1698 5095 1448 1698 5096 1447 1699 5097 1448 1699 5098 1452 1699 5099 1447 1700 5100 1449 1700 5101 1450 1700 5102 1449 1701 5103 1451 1701 5104 1453 1701 5105 1452 1702 5106 1453 1702 5107 1454 1702 5108 1570 1765 5295 1571 1765 5296 1572 1765 5297 1573 1766 5298 1575 1766 5299 1571 1766 5300 1570 1767 5301 1572 1767 5302 1573 1767 5303 1571 1768 5304 1575 1768 5305 1572 1768 5306 1573 1769 5307 1574 1769 5308 1575 1769 5309 1573 1770 5310 1576 1770 5311 1574 1770 5312 1572 1771 5313 1576 1771 5314 1573 1771 5315 1572 1772 5316 1575 1772 5317 1576 1772 5318 1600 1786 5358 1601 1786 5359 1599 1786 5360 1597 1787 5361 1601 1787 5362 1602 1787 5363 1600 1788 5364 1603 1788 5365 1605 1788 5366 1602 1789 5367 1604 1789 5368 1603 1789 5369 1597 1856 5568 1599 1856 5569 1601 1856 5570 1599 1857 5571 1598 1857 5572 1600 1857 5573 1598 1858 5574 1597 1858 5575 1600 1858 5576 1597 1859 5577 1602 1859 5578 1600 1859 5579 1602 1860 5580 1603 1860 5581 1600 1860 5582 1600 1861 5583 1605 1861 5584 1601 1861 5585 1601 1862 5586 1605 1862 5587 1604 1862 5588 1602 1863 5589 1601 1863 5590 1604 1863 5591 1663 1898 5694 1667 1898 5695 1665 1898 5696 1665 1899 5697 1666 1899 5698 1664 1899 5699 1666 1900 5700 1665 1900 5701 1669 1900 5702 1666 1901 5703 1669 1901 5704 1668 1901 5705 1667 1902 5706 1670 1902 5707 1665 1902 5708 1666 1903 5709 1668 1903 5710 1667 1903 5711 1667 1904 5712 1668 1904 5713 1670 1904 5714 1662 1972 5916 1664 1972 5917 1666 1972 5918 1664 1973 5919 1663 1973 5920 1665 1973 5921 1663 1974 5922 1662 1974 5923 1667 1974 5924 1662 1975 5925 1666 1975 5926 1667 1975 5927 1665 1976 5928 1670 1976 5929 1669 1976 5930 1768 2034 6102 1771 2034 6103 1770 2034 6104 1767 2035 6105 1771 2035 6106 1768 2035 6107 1771 2036 6108 1772 2036 6109 1770 2036 6110 1767 2037 6111 1773 2037 6112 1771 2037 6113 1767 2038 6114 1774 2038 6115 1773 2038 6116 1767 2039 6117 1772 2039 6118 1774 2039 6119 1769 2040 6120 1772 2040 6121 1767 2040 6122 1781 2044 6132 1786 2044 6133 1783 2044 6134 1781 2045 6135 1785 2045 6136 1786 2045 6137 1781 2046 6138 1782 2046 6139 1785 2046 6140 1782 2047 6141 1783 2047 6142 1784 2047 6143 1783 2048 6144 1786 2048 6145 1784 2048 6146 1784 2049 6147 1789 2049 6148 1788 2049 6149 1786 2050 6150 1787 2050 6151 1789 2050 6152 1813 2061 6183 1815 2061 6184 1812 2061 6185 1814 2062 6186 1816 2062 6187 1818 2062 6188 1867 2090 6270 1870 2090 6271 1872 2090 6272 1872 2091 6273 1871 2091 6274 1869 2091 6275 1870 2092 6276 1874 2092 6277 1872 2092 6278 1874 2093 6279 1873 2093 6280 1872 2093 6281 1769 2109 6327 1767 2109 6328 1768 2109 6329 1770 2110 6330 1772 2110 6331 1769 2110 6332 1772 2111 6333 1771 2111 6334 1773 2111 6335 1782 2115 6345 1784 2115 6346 1785 2115 6347 1785 2116 6348 1788 2116 6349 1787 2116 6350 1785 2117 6351 1784 2117 6352 1788 2117 6353 1784 2118 6354 1786 2118 6355 1789 2118 6356 1786 2119 6357 1785 2119 6358 1787 2119 6359 1810 2132 6396 1813 2132 6397 1812 2132 6398 1810 2133 6399 1811 2133 6400 1813 2133 6401 1811 2134 6402 1812 2134 6403 1814 2134 6404 1811 2135 6405 1814 2135 6406 1813 2135 6407 1812 2136 6408 1815 2136 6409 1814 2136 6410 1814 2137 6411 1817 2137 6412 1813 2137 6413 1815 2138 6414 1813 2138 6415 1816 2138 6416 1813 2139 6417 1817 2139 6418 1816 2139 6419 1814 2140 6420 1818 2140 6421 1817 2140 6422 1814 2141 6423 1815 2141 6424 1816 2141 6425 1869 2169 6507 1867 2169 6508 1872 2169 6509 1867 2170 6510 1868 2170 6511 1870 2170 6512 1868 2171 6513 1869 2171 6514 1870 2171 6515 1869 2172 6516 1875 2172 6517 1870 2172 6518 1875 2173 6519 1869 2173 6520 1871 2173 6521 1870 2174 6522 1875 2174 6523 1874 2174 6524 1872 2175 6525 1873 2175 6526 1871 2175 6527 1871 2176 6528 1873 2176 6529 1875 2176 6530 1932 2208 6624 1930 2208 6625 1933 2208 6626 1931 2209 6627 1934 2209 6628 1930 2209 6629 1933 2210 6630 1934 2210 6631 1931 2210 6632 1930 2211 6633 1935 2211 6634 1933 2211 6635 1930 2212 6636 1934 2212 6637 1935 2212 6638 1934 2213 6639 1937 2213 6640 1935 2213 6641 1933 2214 6642 1936 2214 6643 1937 2214 6644 1990 2244 6732 1992 2244 6733 1994 2244 6734 1991 2245 6735 1993 2245 6736 1992 2245 6737 1992 2246 6738 1993 2246 6739 1995 2246 6740 1994 2247 6741 1995 2247 6742 1996 2247 6743 1931 2285 6855 1932 2285 6856 1933 2285 6857 1934 2286 6858 1933 2286 6859 1937 2286 6860 1933 2287 6861 1935 2287 6862 1936 2287 6863 1989 2319 6957 1990 2319 6958 1991 2319 6959 1990 2320 6960 1994 2320 6961 1991 2320 6962 1989 2321 6963 1991 2321 6964 1992 2321 6965 1992 2322 6966 1995 2322 6967 1994 2322 6968 1991 2323 6969 1996 2323 6970 1993 2323 6971 1991 2324 6972 1994 2324 6973 1996 2324 6974 2067 2364 7092 2065 2364 7093 2068 2364 7094 2066 2365 7095 2069 2365 7096 2065 2365 7097 2068 2366 7098 2069 2366 7099 2066 2366 7100 2065 2367 7101 2070 2367 7102 2068 2367 7103 2065 2368 7104 2069 2368 7105 2070 2368 7106 2069 2369 7107 2072 2369 7108 2070 2369 7109 2068 2370 7110 2071 2370 7111 2072 2370 7112 2125 2400 7200 2127 2400 7201 2129 2400 7202 2126 2401 7203 2128 2401 7204 2127 2401 7205 2127 2402 7206 2128 2402 7207 2130 2402 7208 2129 2403 7209 2130 2403 7210 2131 2403 7211 2066 2441 7323 2067 2441 7324 2068 2441 7325 2069 2442 7326 2068 2442 7327 2072 2442 7328 2068 2443 7329 2070 2443 7330 2071 2443 7331 2124 2475 7425 2125 2475 7426 2126 2475 7427 2125 2476 7428 2129 2476 7429 2126 2476 7430 2124 2477 7431 2126 2477 7432 2127 2477 7433 2127 2478 7434 2130 2478 7435 2129 2478 7436 2126 2479 7437 2131 2479 7438 2128 2479 7439 2126 2480 7440 2129 2480 7441 2131 2480 7442 2245 2545 7635 2246 2545 7636 2247 2545 7637 2248 2546 7638 2250 2546 7639 2246 2546 7640 2245 2547 7641 2247 2547 7642 2248 2547 7643 2246 2548 7644 2250 2548 7645 2247 2548 7646 2248 2549 7647 2249 2549 7648 2250 2549 7649 2248 2550 7650 2251 2550 7651 2249 2550 7652 2247 2551 7653 2251 2551 7654 2248 2551 7655 2247 2552 7656 2250 2552 7657 2251 2552 7658 2275 2566 7698 2276 2566 7699 2274 2566 7700 2272 2567 7701 2276 2567 7702 2277 2567 7703 2275 2568 7704 2278 2568 7705 2280 2568 7706 2277 2569 7707 2279 2569 7708 2278 2569 7709 2272 2636 7908 2274 2636 7909 2276 2636 7910 2274 2637 7911 2273 2637 7912 2275 2637 7913 2273 2638 7914 2272 2638 7915 2275 2638 7916 2272 2639 7917 2277 2639 7918 2275 2639 7919 2277 2640 7920 2278 2640 7921 2275 2640 7922 2275 2641 7923 2280 2641 7924 2276 2641 7925 2276 2642 7926 2280 2642 7927 2279 2642 7928 2277 2643 7929 2276 2643 7930 2279 2643 7931 2338 2678 8034 2342 2678 8035 2340 2678 8036 2340 2679 8037 2341 2679 8038 2339 2679 8039 2341 2680 8040 2340 2680 8041 2344 2680 8042 2341 2681 8043 2344 2681 8044 2343 2681 8045 2342 2682 8046 2345 2682 8047 2340 2682 8048 2341 2683 8049 2343 2683 8050 2342 2683 8051 2342 2684 8052 2343 2684 8053 2345 2684 8054 2337 2752 8256 2339 2752 8257 2341 2752 8258 2339 2753 8259 2338 2753 8260 2340 2753 8261 2338 2754 8262 2337 2754 8263 2342 2754 8264 2337 2755 8265 2341 2755 8266 2342 2755 8267 2340 2756 8268 2345 2756 8269 2344 2756 8270 2445 2814 8442 2442 2814 8443 2444 2814 8444 2444 2815 8445 2446 2815 8446 2443 2815 8447 2442 2816 8448 2446 2816 8449 2447 2816 8450 2442 2817 8451 2447 2817 8452 2444 2817 8453 2447 2818 8454 2448 2818 8455 2444 2818 8456 2455 2821 8463 2460 2821 8464 2458 2821 8465 2458 2822 8466 2459 2822 8467 2456 2822 8468 2460 2823 8469 2459 2823 8470 2462 2823 8471 2458 2824 8472 2462 2824 8473 2461 2824 8474 2460 2825 8475 2462 2825 8476 2458 2825 8477 2459 2826 8478 2461 2826 8479 2463 2826 8480 2529 2869 8607 2530 2869 8608 2534 2869 8609 2534 2870 8610 2533 2870 8611 2531 2870 8612 2532 2871 8613 2534 2871 8614 2530 2871 8615 2445 2899 8697 2443 2899 8698 2442 2899 8699 2443 2900 8700 2446 2900 8701 2442 2900 8702 2444 2901 8703 2448 2901 8704 2446 2901 8705 2455 2906 8718 2456 2906 8719 2459 2906 8720 2456 2907 8721 2457 2907 8722 2458 2907 8723 2457 2908 8724 2455 2908 8725 2458 2908 8726 2455 2909 8727 2459 2909 8728 2460 2909 8729 2459 2910 8730 2458 2910 8731 2461 2910 8732 2462 2911 8733 2459 2911 8734 2463 2911 8735 2528 2944 8832 2529 2944 8833 2531 2944 8834 2530 2945 8835 2528 2945 8836 2531 2945 8837 2531 2946 8838 2529 2946 8839 2534 2946 8840 2530 2947 8841 2531 2947 8842 2532 2947 8843 2532 2948 8844 2531 2948 8845 2533 2948 8846</p>
        </triangles>
        <triangles count="242" material="m4">
          <input semantic="VERTEX" source="#vertices" offset="0" />
          <input semantic="NORMAL" source="#normals" offset="1" />
          <input semantic="TEXCOORD" source="#uv" offset="2" set="0" />
          <p>147 162 486 148 162 487 153 162 488 147 163 489 153 163 490 149 163 491 148 164 492 150 164 493 153 164 494 149 165 495 152 165 496 150 165 497 149 166 498 151 166 499 152 166 500 152 167 501 153 167 502 150 167 503 222 210 630 220 210 631 223 210 632 223 211 633 221 211 634 222 211 635 223 212 636 227 212 637 221 212 638 148 243 729 149 243 730 150 243 731 149 244 732 153 244 733 151 244 734 220 281 843 221 281 844 224 281 845 220 282 846 224 282 847 223 282 848 221 283 849 227 283 850 224 283 851 223 284 852 224 284 853 225 284 854 224 285 855 226 285 856 225 285 857 224 286 858 227 286 859 226 286 860 223 287 861 225 287 862 227 287 863 311 331 993 315 331 994 312 331 995 312 332 996 315 332 997 316 332 998 315 333 999 317 333 1000 316 333 1001 315 334 1002 313 334 1003 317 334 1004 310 419 1257 312 419 1258 314 419 1259 310 420 1260 311 420 1261 312 420 1262 311 421 1263 314 421 1264 315 421 1265 312 422 1266 316 422 1267 314 422 1268 314 423 1269 313 423 1270 315 423 1271 314 424 1272 316 424 1273 313 424 1274 446 487 1461 450 487 1462 447 487 1463 447 488 1464 450 488 1465 451 488 1466 450 489 1467 452 489 1468 451 489 1469 450 490 1470 448 490 1471 452 490 1472 445 575 1725 447 575 1726 449 575 1727 445 576 1728 446 576 1729 447 576 1730 446 577 1731 449 577 1732 450 577 1733 447 578 1734 451 578 1735 449 578 1736 449 579 1737 448 579 1738 450 579 1739 449 580 1740 451 580 1741 448 580 1742 553 631 1893 554 631 1894 552 631 1895 553 632 1896 555 632 1897 554 632 1898 552 633 1899 556 633 1900 555 633 1901 555 634 1902 556 634 1903 554 634 1904 556 635 1905 557 635 1906 554 635 1907 552 636 1908 559 636 1909 558 636 1910 552 637 1911 557 637 1912 559 637 1913 584 650 1950 586 650 1951 583 650 1952 582 651 1953 585 651 1954 584 651 1955 584 652 1956 587 652 1957 586 652 1958 584 653 1959 585 653 1960 587 653 1961 587 654 1962 585 654 1963 590 654 1964 585 655 1965 588 655 1966 590 655 1967 586 656 1968 589 656 1969 588 656 1970 598 660 1980 599 660 1981 601 660 1982 602 661 1983 600 661 1984 599 661 1985 600 662 1986 605 662 1987 601 662 1988 602 663 1989 604 663 1990 603 663 1991 604 664 1992 606 664 1993 603 664 1994 600 665 1995 606 665 1996 605 665 1997 629 679 2037 628 679 2038 631 679 2039 630 680 2040 632 680 2041 628 680 2042 629 681 2043 631 681 2044 630 681 2045 630 682 2046 631 682 2047 634 682 2048 632 683 2049 631 683 2050 628 683 2051 630 684 2052 634 684 2053 632 684 2054 632 685 2055 633 685 2056 631 685 2057 635 686 2058 633 686 2059 632 686 2060 634 687 2061 635 687 2062 632 687 2063 667 707 2121 670 707 2122 669 707 2123 667 708 2124 671 708 2125 670 708 2126 668 709 2127 672 709 2128 671 709 2129 669 710 2130 670 710 2131 672 710 2132 670 711 2133 673 711 2134 672 711 2135 671 712 2136 672 712 2137 674 712 2138 556 718 2154 552 718 2155 558 718 2156 552 719 2157 554 719 2158 557 719 2159 557 720 2160 556 720 2161 558 720 2162 581 733 2199 584 733 2200 583 733 2201 582 734 2202 581 734 2203 585 734 2204 585 735 2205 581 735 2206 583 735 2207 585 736 2208 583 736 2209 588 736 2210 583 737 2211 586 737 2212 588 737 2213 586 738 2214 587 738 2215 589 738 2216 587 739 2217 590 739 2218 589 739 2219 597 743 2229 602 743 2230 599 743 2231 597 744 2232 601 744 2233 602 744 2234 597 745 2235 598 745 2236 601 745 2237 599 746 2238 600 746 2239 601 746 2240 600 747 2241 602 747 2242 603 747 2243 602 748 2244 601 748 2245 604 748 2246 604 749 2247 601 749 2248 605 749 2249 600 750 2250 603 750 2251 606 750 2252 634 762 2286 631 762 2287 633 762 2288 668 776 2328 671 776 2329 667 776 2330 669 777 2331 672 777 2332 668 777 2333 670 778 2334 674 778 2335 673 778 2336 670 779 2337 671 779 2338 674 779 2339 687 786 2358 692 786 2359 689 786 2360 687 787 2361 691 787 2362 690 787 2363 692 788 2364 690 788 2365 694 788 2366 691 789 2367 695 789 2368 690 789 2369 692 790 2370 694 790 2371 691 790 2372 691 791 2373 693 791 2374 695 791 2375 735 822 2466 733 822 2467 734 822 2468 733 823 2469 737 823 2470 734 823 2471 733 824 2472 736 824 2473 737 824 2474 734 825 2475 737 825 2476 739 825 2477 736 826 2478 739 826 2479 738 826 2480 687 877 2631 690 877 2632 692 877 2633 687 878 2634 688 878 2635 691 878 2636 688 879 2637 689 879 2638 691 879 2639 689 880 2640 692 880 2641 691 880 2642 694 881 2643 690 881 2644 695 881 2645 691 882 2646 694 882 2647 693 882 2648 735 897 2691 734 897 2692 739 897 2693 737 898 2694 736 898 2695 738 898 2696 736 899 2697 735 899 2698 739 899 2699 822 942 2826 827 942 2827 824 942 2828 822 943 2829 826 943 2830 825 943 2831 827 944 2832 825 944 2833 829 944 2834 826 945 2835 830 945 2836 825 945 2837 827 946 2838 829 946 2839 826 946 2840 826 947 2841 828 947 2842 830 947 2843 870 978 2934 868 978 2935 869 978 2936 868 979 2937 872 979 2938 869 979 2939 868 980 2940 871 980 2941 872 980 2942 869 981 2943 872 981 2944 874 981 2945 871 982 2946 874 982 2947 873 982 2948 822 1033 3099 825 1033 3100 827 1033 3101 822 1034 3102 823 1034 3103 826 1034 3104 823 1035 3105 824 1035 3106 826 1035 3107 824 1036 3108 827 1036 3109 826 1036 3110 829 1037 3111 825 1037 3112 830 1037 3113 826 1038 3114 829 1038 3115 828 1038 3116 870 1053 3159 869 1053 3160 874 1053 3161 872 1054 3162 871 1054 3163 873 1054 3164 871 1055 3165 870 1055 3166 874 1055 3167 1229 1410 4230 1230 1410 4231 1227 1410 4232 1228 1411 4233 1230 1411 4234 1231 1411 4235 1230 1412 4236 1233 1412 4237 1232 1412 4238 1229 1413 4239 1231 1413 4240 1234 1413 4241 1231 1414 4242 1232 1414 4243 1234 1414 4244 1314 1463 4389 1313 1463 4390 1317 1463 4391 1316 1464 4392 1315 1464 4393 1313 1464 4394 1316 1465 4395 1318 1465 4396 1315 1465 4397 1316 1466 4398 1314 1466 4399 1318 1466 4400 1315 1467 4401 1317 1467 4402 1313 1467 4403 1314 1468 4404 1317 1468 4405 1318 1468 4406 1317 1469 4407 1319 1469 4408 1318 1469 4409 1315 1470 4410 1318 1470 4411 1320 1470 4412 1227 1492 4476 1230 1492 4477 1228 1492 4478 1228 1493 4479 1231 1493 4480 1229 1493 4481 1229 1494 4482 1233 1494 4483 1230 1494 4484 1231 1495 4485 1230 1495 4486 1232 1495 4487 1233 1496 4488 1229 1496 4489 1234 1496 4490 1317 1539 4617 1320 1539 4618 1319 1539 4619 1317 1540 4620 1315 1540 4621 1320 1540 4622 1391 1579 4737 1395 1579 4738 1392 1579 4739 1392 1580 4740 1395 1580 4741 1396 1580 4742 1395 1581 4743 1397 1581 4744 1396 1581 4745 1395 1582 4746 1393 1582 4747 1397 1582 4748 1390 1667 5001 1392 1667 5002 1394 1667 5003 1390 1668 5004 1391 1668 5005 1392 1668 5006 1391 1669 5007 1394 1669 5008 1395 1669 5009 1392 1670 5010 1396 1670 5011 1394 1670 5012 1394 1671 5013 1393 1671 5014 1395 1671 5015 1394 1672 5016 1396 1672 5017 1393 1672 5018 1499 1722 5166 1500 1722 5167 1497 1722 5168 1498 1723 5169 1500 1723 5170 1501 1723 5171 1500 1724 5172 1503 1724 5173 1502 1724 5174 1499 1725 5175 1501 1725 5176 1504 1725 5177 1501 1726 5178 1502 1726 5179 1504 1726 5180 1584 1775 5325 1583 1775 5326 1587 1775 5327 1586 1776 5328 1585 1776 5329 1583 1776 5330 1586 1777 5331 1588 1777 5332 1585 1777 5333 1586 1778 5334 1584 1778 5335 1588 1778 5336 1585 1779 5337 1587 1779 5338 1583 1779 5339 1584 1780 5340 1587 1780 5341 1588 1780 5342 1587 1781 5343 1589 1781 5344 1588 1781 5345 1585 1782 5346 1588 1782 5347 1590 1782 5348 1497 1804 5412 1500 1804 5413 1498 1804 5414 1498 1805 5415 1501 1805 5416 1499 1805 5417 1499 1806 5418 1503 1806 5419 1500 1806 5420 1501 1807 5421 1500 1807 5422 1502 1807 5423 1503 1808 5424 1499 1808 5425 1504 1808 5426 1587 1851 5553 1590 1851 5554 1589 1851 5555 1587 1852 5556 1585 1852 5557 1590 1852 5558 1902 2190 6570 1903 2190 6571 1908 2190 6572 1902 2191 6573 1908 2191 6574 1904 2191 6575 1903 2192 6576 1905 2192 6577 1908 2192 6578 1904 2193 6579 1907 2193 6580 1905 2193 6581 1904 2194 6582 1906 2194 6583 1907 2194 6584 1907 2195 6585 1908 2195 6586 1905 2195 6587 1977 2238 6714 1975 2238 6715 1978 2238 6716 1978 2239 6717 1976 2239 6718 1977 2239 6719 1978 2240 6720 1982 2240 6721 1976 2240 6722 1903 2271 6813 1904 2271 6814 1905 2271 6815 1904 2272 6816 1908 2272 6817 1906 2272 6818 1975 2309 6927 1976 2309 6928 1979 2309 6929 1975 2310 6930 1979 2310 6931 1978 2310 6932 1976 2311 6933 1982 2311 6934 1979 2311 6935 1978 2312 6936 1979 2312 6937 1980 2312 6938 1979 2313 6939 1981 2313 6940 1980 2313 6941 1979 2314 6942 1982 2314 6943 1981 2314 6944 1978 2315 6945 1980 2315 6946 1982 2315 6947 2037 2346 7038 2038 2346 7039 2043 2346 7040 2037 2347 7041 2043 2347 7042 2039 2347 7043 2038 2348 7044 2040 2348 7045 2043 2348 7046 2039 2349 7047 2042 2349 7048 2040 2349 7049 2039 2350 7050 2041 2350 7051 2042 2350 7052 2042 2351 7053 2043 2351 7054 2040 2351 7055 2112 2394 7182 2110 2394 7183 2113 2394 7184 2113 2395 7185 2111 2395 7186 2112 2395 7187 2113 2396 7188 2117 2396 7189 2111 2396 7190 2038 2427 7281 2039 2427 7282 2040 2427 7283 2039 2428 7284 2043 2428 7285 2041 2428 7286 2110 2465 7395 2111 2465 7396 2114 2465 7397 2110 2466 7398 2114 2466 7399 2113 2466 7400 2111 2467 7401 2117 2467 7402 2114 2467 7403 2113 2468 7404 2114 2468 7405 2115 2468 7406 2114 2469 7407 2116 2469 7408 2115 2469 7409 2114 2470 7410 2117 2470 7411 2116 2470 7412 2113 2471 7413 2115 2471 7414 2117 2471 7415 2174 2502 7506 2175 2502 7507 2172 2502 7508 2173 2503 7509 2175 2503 7510 2176 2503 7511 2175 2504 7512 2178 2504 7513 2177 2504 7514 2174 2505 7515 2176 2505 7516 2179 2505 7517 2176 2506 7518 2177 2506 7519 2179 2506 7520 2259 2555 7665 2258 2555 7666 2262 2555 7667 2261 2556 7668 2260 2556 7669 2258 2556 7670 2261 2557 7671 2263 2557 7672 2260 2557 7673 2261 2558 7674 2259 2558 7675 2263 2558 7676 2260 2559 7677 2262 2559 7678 2258 2559 7679 2259 2560 7680 2262 2560 7681 2263 2560 7682 2262 2561 7683 2264 2561 7684 2263 2561 7685 2260 2562 7686 2263 2562 7687 2265 2562 7688 2172 2584 7752 2175 2584 7753 2173 2584 7754 2173 2585 7755 2176 2585 7756 2174 2585 7757 2174 2586 7758 2178 2586 7759 2175 2586 7760 2176 2587 7761 2175 2587 7762 2177 2587 7763 2178 2588 7764 2174 2588 7765 2179 2588 7766 2262 2631 7893 2265 2631 7894 2264 2631 7895 2262 2632 7896 2260 2632 7897 2265 2632 7898</p>
        </triangles>
      </mesh>
    </geometry>
  </library_geometries>
  <library_visual_scenes>
    <visual_scene id="Scene">
      <node id="Node" type="NODE">
        <instance_geometry url="#geometry">
          <bind_material>
            <technique_common>
              <instance_material symbol="m0" target="#m0">
                <bind_vertex_input semantic="UVSET0" input_semantic="TEXCOORD" input_set="0" />
              </instance_material>
              <instance_material symbol="m1" target="#m1">
                <bind_vertex_input semantic="UVSET0" input_semantic="TEXCOORD" input_set="0" />
              </instance_material>
              <instance_material symbol="m2" target="#m2">
                <bind_vertex_input semantic="UVSET0" input_semantic="TEXCOORD" input_set="0" />
              </instance_material>
              <instance_material symbol="m3" target="#m3">
                <bind_vertex_input semantic="UVSET0" input_semantic="TEXCOORD" input_set="0" />
              </instance_material>
              <instance_material symbol="m4" target="#m4">
                <bind_vertex_input semantic="UVSET0" input_semantic="TEXCOORD" input_set="0" />
              </instance_material>
              <instance_material symbol="m5" target="#m5">
                <bind_vertex_input semantic="UVSET0" input_semantic="TEXCOORD" input_set="0" />
              </instance_material>
            </technique_common>
          </bind_material>
        </instance_geometry>
      </node>
    </visual_scene>
  </library_visual_scenes>
  <scene>
    <instance_visual_scene url="#Scene" />
  </scene>
</COLLADA>