<?xml version='1.0' encoding='utf-8'?>
<COLLADA xmlns="http://www.collada.org/2005/11/COLLADASchema" version="1.4.1">
  <asset>
    <created>2026-09-08T00:00:00Z</created>
    <modified>2026-09-08T00:00:00Z</modified>
    <unit name="meter" meter="1" />
    <up_axis>Z_UP</up_axis>
  </asset>
  <library_images />
  <library_effects>
    <effect id="e0">
      <profile_COMMON>
        <technique sid="common">
          <phong>
            <ambient>
              <color>0.1755 0.18 0.1485 1</color>
            </ambient>
            <diffuse>
              <color>0.39 0.4 0.33 1</color>
            </diffuse>
            <specular>
              <color>0.02 0.02 0.02 1</color>
            </specular>
            <shininess>
              <float>8</float>
            </shininess>
          </phong>
        </technique>
      </profile_COMMON>
    </effect>
    <effect id="e1">
      <profile_COMMON>
        <technique sid="common">
          <phong>
            <ambient>
              <color>0.045 0.09 0.06075 1</color>
            </ambient>
            <diffuse>
              <color>0.1 0.2 0.135 1</color>
            </diffuse>
            <specular>
              <color>0.02 0.02 0.02 1</color>
            </specular>
            <shininess>
              <float>8</float>
            </shininess>
          </phong>
        </technique>
      </profile_COMMON>
    </effect>
    <effect id="e2">
      <profile_COMMON>
        <technique sid="common">
          <phong>
            <ambient>
              <color>0.0765 0.1215 0.0765 1</color>
            </ambient>
            <diffuse>
              <color>0.17 0.27 0.17 1</color>
            </diffuse>
            <specular>
              <color>0.02 0.02 0.02 1</color>
            </specular>
            <shininess>
              <float>8</float>
            </shininess>
          </phong>
        </technique>
      </profile_COMMON>
    </effect>
    <effect id="e3">
      <profile_COMMON>
        <technique sid="common">
          <phong>
            <ambient>
              <color>0.099 0.1395 0.09225 1</color>
            </ambient>
            <diffuse>
              <color>0.22 0.31 0.205 1</color>
            </diffuse>
            <specular>
              <color>0.02 0.02 0.02 1</color>
            </specular>
            <shininess>
              <float>8</float>
            </shininess>
          </phong>
        </technique>
      </profile_COMMON>
    </effect>
    <effect id="e4">
      <profile_COMMON>
        <technique sid="common">
          <phong>
            <ambient>
              <color>0.054 0.1035 0.09 1</color>
            </ambient>
            <diffuse>
              <color>0.12 0.23 0.2 1</color>
            </diffuse>
            <specular>
              <color>0.02 0.02 0.02 1</color>
            </specular>
            <shininess>
              <float>8</float>
            </shininess>
          </phong>
        </technique>
      </profile_COMMON>
    </effect>
    <effect id="e5">
      <profile_COMMON>
        <technique sid="common">
          <phong>
            <ambient>
              <color>0.126 0.1485 0.0855 1</color>
            </ambient>
            <diffuse>
              <color>0.28 0.33 0.19 1</color>
            </diffuse>
            <specular>
              <color>0.02 0.02 0.02 1</color>
            </specular>
            <shininess>
              <float>8</float>
            </shininess>
          </phong>
        </technique>
      </profile_COMMON>
    </effect>
  </library_effects>
  <library_materials>
    <material id="m0" name="m0">
      <instance_effect url="#e0" />
    </material>
    <material id="m1" name="m1">
      <instance_effect url="#e1" />
    </material>
    <material id="m2" name="m2">
      <instance_effect url="#e2" />
    </material>
    <material id="m3" name="m3">
      <instance_effect url="#e3" />
    </material>
    <material id="m4" name="m4">
      <instance_effect url="#e4" />
    </material>
    <material id="m5" name="m5">
      <instance_effect url="#e5" />
    </material>
  </library_materials>
  <library_geometries>
    <geometry id="geometry" name="forest_16_24">
      <mesh>
        <source id="positions">
          <float_array id="positions-array" count="4050">-30.26722 48.43253 1.224979 -30.34865 48.39838 1.222403 -30.26086 48.35469 1.223137 -30.31443 48.35738 2.690872 -30.34342 48.3619 2.690469 -30.32932 48.33429 2.690052 -30.31383 48.38754 2.170374 -30.3261 48.36163 2.146538 -30.29297 48.37071 2.160568 -30.47315 47.69732 2.873065 -30.47722 47.69161 2.867552 -30.46874 47.69042 2.868221 -30.45659 47.6897 2.788738 -30.47298 47.69315 3.074649 -30.23776 47.96358 2.787022 -30.46945 47.70239 3.127311 -30.78768 47.59782 2.835559 -30.47368 47.69246 2.654623 -30.47296 47.69312 2.671569 -30.47298 47.69316 2.648905 -30.29611 48.37822 2.053532 -30.32741 48.38784 2.063212 -30.31534 48.35147 2.068509 -30.06686 48.55002 2.602427 -30.0695 48.54132 2.605845 -30.06201 48.5439 2.602218 -30.06678 48.54468 2.897467 -30.0635 48.54715 2.933867 -30.06672 48.54495 2.877912 -30.40606 48.34359 2.597435 -30.05983 48.54739 2.402891 -30.18876 48.88546 2.560336 -29.91823 48.18631 2.477734 -30.06673 48.54495 2.307673 -30.06673 48.54495 2.307715 -30.31761 48.39143 2.063982 -30.32921 48.36266 2.06038 -30.29695 48.36879 2.080353 -30.72115 48.46422 2.617151 -30.72688 48.46011 2.614016 -30.72169 48.45448 2.618119 -30.72288 48.45902 2.867389 -30.72281 48.45923 2.829447 -30.59083 48.03973 2.625291 -30.72245 48.46006 2.872518 -31.05067 48.39021 2.585537 -30.2835 48.49027 2.596012 -30.77515 48.83956 2.518391 -30.72281 48.45923 2.393515 -30.72215 48.46059 2.412797 -30.72302 48.45956 2.376392 -30.30731 48.39163 2.239187 -30.33281 48.36252 2.236303 -30.29848 48.36258 2.224133 -29.93328 47.93793 3.16179 -29.93794 47.93083 3.160532 -29.92943 47.93041 3.157343 -29.93345 47.93308 3.355792 -29.93344 47.93308 3.363723 -29.93486 47.93304 3.401952 -30.37087 47.86123 3.129875 -29.86971 48.35677 3.240731 -29.57529 47.65064 3.23785 -29.98015 47.53095 3.037096 -29.9293 47.93335 2.93331 -29.93407 47.93383 2.910906 -29.93347 47.93308 2.955768 -30.2933 48.37793 1.952122 -30.33177 48.38314 1.951209 -30.31423 48.35488 1.965741 -30.2525 49.01072 2.960385 -30.26042 49.00658 2.963026 -30.25103 49.00461 2.963644 -30.25528 49.00708 3.218613 -30.11543 48.60987 2.955583 -30.25524 49.00712 3.209177 -30.25663 49.00792 3.285679 -29.92783 49.21927 3.01335 -30.59429 49.27578 2.878384 -30.25531 49.00711 2.68581 -30.25479 49.00714 2.687673 -30.25528 49.00708 2.722297 -30.30375 48.38468 2.111293 -30.33118 48.37782 2.091515 -30.31131 48.35374 2.089907 -30.70409 48.00099 2.682992 -30.71216 48.00621 2.681141 -30.71094 47.99925 2.678041 -30.70928 47.99486 3.014346 -30.70858 48.00235 2.920057 -30.70862 48.01102 2.975771 -30.93814 47.70994 2.700079 -30.43017 48.16662 2.70161 -30.70898 48.00041 2.384204 -31.03855 48.03122 2.467875 -30.69585 48.01066 2.397725 -30.29468 48.37659 2.180148 -30.32848 48.38678 2.195075 -30.31635 48.35246 2.19075 -29.97736 48.39986 2.822244 -29.98506 48.4008 2.825686 -29.98243 48.39207 2.824803 -29.97873 48.39884 2.968039 -29.99806 48.4046 2.805923 -29.9886 48.39649 2.745435 -29.97324 48.40483 2.743633 -30.3008 48.38855 1.916592 -30.33167 48.37276 1.909936 -30.30025 48.35998 1.928433 -30.70278 48.75549 2.728475 -30.71106 48.75592 2.724815 -30.70749 48.74836 2.729395 -30.7072 48.75324 2.897655 -30.7072 48.75324 2.961674 -30.57927 48.40779 2.750845 -30.55106 49.05528 2.758043 -30.70939 48.75557 2.956374 -31.1629 48.67147 2.697051 -30.70715 48.75318 2.530468 -30.70551 48.75624 2.488096 -30.70722 48.75327 2.529562 -30.31453 48.38436 2.176761 -30.33202 48.36515 2.15581 -30.29345 48.36813 2.153231 -30.22729 47.72093 2.622641 -30.23088 47.71523 2.616149 -30.22242 47.71669 2.616578 -30.22637 47.71414 2.907361 -30.22827 47.72284 2.806221 -30.23063 47.71742 2.835826 -30.23547 47.22779 2.610598 -29.85996 47.86532 2.585763 -30.22724 47.72321 2.411155 -30.22845 47.71578 2.372879 -30.22895 47.7086 2.349368 -30.2575 41.09749 1.119067 -30.24822 41.18618 1.116193 -30.32953 41.12963 1.117013 -30.30115 41.17577 2.754157 -30.28307 41.19925 2.753708 -30.31437 41.20017 2.753242 -30.26831 41.16515 1.942443 -30.2969 41.18633 1.938475 -30.30632 41.1564 1.934545 -30.53513 41.07334 3.281806 -30.52892 41.08075 3.283523 -30.53802 41.08153 3.281821 -30.53346 41.07866 3.547614 -30.53379 41.07843 3.501461 -30.53369 41.0782 3.543744 -30.14955 41.0511 3.284803 -30.69443 41.45993 3.231764 -30.7789 40.75913 3.305444 -30.53393 41.07855 3.000162 -30.53416 41.07684 3.027064 -30.5339 41.07854 3.059119 -30.27422 41.15883 2.123117 -30.28652 41.18883 2.141629 -30.30423 41.15388 2.140354 -29.75944 40.86433 3.015629 -29.75696 40.87378 3.017418 -29.76401 40.86899 3.020195 -29.79609 40.90894 3.025122 -29.75964 40.86963 3.23719 -29.75953 40.86864 3.274212 -30.03706 40.80211 3.067993 -29.74322 40.91257 2.767698 -29.78183 40.88082 2.848976 -29.75953 40.86969 2.770605 -30.30125 41.15229 1.988283 -30.26806 41.17339 1.983202 -30.29583 41.18394 1.972232 -30.41171 41.51484 2.668893 -30.40838 41.52333 2.664893 -30.41662 41.5199 2.665225 -30.41158 41.51956 2.917607 -30.41159 41.51956 2.896321 -30.28388 41.18722 2.800162 -30.41109 41.52592 2.474452 -30.41414 41.52162 2.9052 -30.1291 41.4539 2.655736 -30.41831 41.52009 2.505493 -30.41158 41.51957 2.396588 -30.29016 41.15472 2.186053 -30.27528 41.17371 2.218433 -30.30783 41.17483 2.203293 -30.55579 40.49076 2.743414 -30.54899 40.49326 2.75019 -30.55769 40.49644 2.749865 -30.55451 40.49315 3.076309 -30.89071 40.82601 2.700133 -30.5541 40.49346 3.027476 -30.1734 40.3802 2.732958 -30.55433 40.49401 3.075349 -30.81008 40.05929 2.721475 -30.5541 40.49331 2.466472 -30.5528 40.49512 2.430311 -30.55404 40.49334 2.421651 -30.27327 41.155 1.92501 -30.27851 41.18344 1.922016 -30.30701 41.16647 1.940714 -29.91719 41.30424 2.655671 -29.91754 41.31354 2.653915 -29.92333 41.3071 2.658375 -29.91927 41.30895 2.839796 -29.91919 41.30968 2.908012 -29.895 41.10615 2.648959 -29.55534 41.45835 2.693823 -29.91772 41.31199 2.939091 -29.9192 41.31348 2.388503 -30.26115 41.32953 2.561107 -29.91927 41.30895 2.454845 -29.91925 41.30896 2.455284 -30.28076 41.14993 2.343804 -30.27357 41.18059 2.343387 -30.30557 41.16691 2.324305 -30.55965 41.23014 2.76599 -30.55446 41.23551 2.768558 -30.56069 41.23969 2.76367 -30.55721 41.23885 3.002953 -30.56418 41.23572 2.952115 -30.55589 41.23326 3.009029 -30.83832 40.98217 2.635901 -30.55259 41.23395 2.539229 -30.55877 41.23538 2.527281 -30.53417 41.2136 2.545748 -30.27281 41.15719 2.413277 -30.28545 41.18807 2.429863 -30.30666 41.15625 2.421138 -30.10874 40.85066 3.178878 -30.11234 40.85819 3.183032 -30.11808 40.85182 3.181655 -30.1117 40.85218 3.55348 -30.11546 40.85562 3.549616 -29.99726 40.44223 3.162798 -30.11356 40.84981 3.555568 -30.11384 40.8525 2.828416 -30.01795 41.23621 3.127241 -30.11808 40.85417 3.043301 -30.1131 40.85352 2.873126 -30.29439 41.15043 2.030305 -30.26787 41.17289 2.011637 -30.30436 41.17937 2.013403 -30.13396 41.77162 3.025517 -30.12915 41.77739 3.02104 -30.1382 41.77941 3.021223 -30.13388 41.77616 3.276829 -30.13347 41.77472 3.314034 -30.13475 41.77526 3.328225 -29.88579 41.45157 2.951789 -30.58874 41.65977 2.977032 -30.10337 42.15922 3.008435 -30.13467 41.77601 2.725726 -30.13354 41.77592 2.747552 -30.13387 41.77614 2.805455 -30.2692 41.16716 2.049049 -30.30414 41.18037 2.03866 -30.29937 41.15267 2.031082 -30.53501 40.96315 2.640573 -30.53121 40.97097 2.644935 -30.53944 40.96891 2.64069 -30.53467 40.96793 2.910845 -30.53466 40.96795 2.917216 -30.527 40.9942 2.917164 -30.83707 41.06418 2.68065 -30.40286 40.62898 2.707134 -30.21539 41.20736 2.526884 -30.53701 40.9682 2.327029 -30.53483 40.96343 2.312378 -30.53464 40.9679 2.394183 -32.81218 44.65609 0.8630103 -32.73514 44.69985 0.8597222 -32.82783 44.73289 0.8606597 -32.77414 44.73661 2.733759 -32.74471 44.73558 2.733245 -32.76206 44.7614 2.732712 -32.76995 44.70249 2.098526 -32.76418 44.73755 2.118721 -32.79396 44.72186 2.105374 -32.87733 44.37156 2.983463 -32.8699 44.37551 2.98681 -32.87927 44.37855 2.986995 -32.86396 44.73631 2.916067 -32.87455 44.37502 3.365247 -33.02698 44.3764 3.054958 -32.85692 44.37635 3.09919 -32.52561 44.30975 3.005615 -32.87437 44.37213 2.552758 -32.87445 44.37513 2.610977 -32.87514 44.37575 2.663187 -32.77649 44.70079 1.791578 -32.75343 44.72093 1.783304 -32.78349 44.73953 1.787847 -32.51246 44.86663 3.3022 -32.5108 44.87421 3.300748 -32.51997 44.87129 3.303333 -32.51496 44.87116 3.543703 -32.51522 44.87105 3.594126 -32.51489 44.87094 3.604864 -32.7068 44.47236 3.263702 -32.67305 45.31949 3.257532 -32.12686 44.98161 3.30295 -32.51487 44.87113 3.064164 -32.51495 44.87114 3.008316 -32.51494 44.87102 3.034757 -32.77326 44.70199 2.370841 -32.76761 44.74083 2.372133 -32.7821 44.72726 2.343474 -33.26585 44.78186 2.665946 -33.2621 44.78905 2.672265 -33.26581 44.79077 2.6633 -33.26459 44.78715 2.948157 -33.26468 44.78742 2.99218 -33.26606 44.78364 3.049706 -33.69506 44.74503 2.717778 -33.20642 45.13435 2.800638 -33.26137 44.82177 2.273995 -33.26915 44.53048 2.570064 -33.26535 44.79128 2.248292 -32.78379 44.70425 2.253596 -32.7547 44.71556 2.249675 -32.78328 44.73729 2.268981 -32.55937 44.3971 3.200143 -32.55453 44.40408 3.201915 -32.56393 44.40403 3.204884 -32.55927 44.40183 3.608872 -32.56847 44.39467 3.655308 -32.55693 44.40376 3.6763 -32.87982 44.60894 3.094628 -32.48516 44.09474 3.085368 -32.38525 44.72429 3.054614 -32.55933 44.40185 2.811112 -32.55945 44.40162 2.794925 -32.55927 44.40177 2.775626 -32.79195 44.71161 2.002952 -32.75347 44.71558 1.997545 -32.77506 44.73844 1.980701 -32.73475 45.30098 3.024405 -32.72613 45.30073 3.024097 -32.73096 45.30787 3.018733 -32.73472 45.30809 3.332351 -32.73056 45.30326 3.298204 -32.90231 45.04492 3.146669 -32.73051 45.30326 3.322037 -32.84329 45.37451 2.989054 -32.42003 45.132 2.98663 -32.7296 45.30348 2.709363 -32.75537 45.31894 3.010168 -32.76952 44.70367 1.964074 -32.75976 44.72547 1.993499 -32.7905 44.73558 1.972751 -33.148 44.37026 2.505939 -33.14198 44.37036 2.511887 -33.1487 44.37755 2.511851 -33.14623 44.37326 2.774333 -33.1465 44.37315 2.779346 -33.14624 44.37298 2.762066 -32.79652 44.55248 2.65276 -33.41985 44.65391 2.619756 -33.23208 43.9123 2.541792 -33.13653 44.3768 2.259848 -33.14657 44.37327 2.217998 -33.14623 44.37326 2.29749 -32.77646 44.69965 1.675767 -32.76016 44.72879 1.65732 -32.78352 44.73701 1.685761 -32.05643 44.69469 2.515731 -32.05041 44.694 2.508462 -32.0524 44.70269 2.51121 -32.05317 44.69758 2.829777 -32.03012 44.66282 2.542645 -32.04767 44.69636 2.879385 -31.96927 44.72004 2.332434 -32.27833 44.93691 2.506277 -32.05261 44.69633 2.169105 -32.05316 44.6972 2.208017 -32.79006 44.70839 1.884261 -32.75711 44.71241 1.895442 -32.77282 44.74314 1.880132 -33.07148 44.9569 2.979653 -33.06319 44.96107 2.981526 -33.06792 44.96579 2.978285 -33.06812 44.96089 3.274205 -33.068 44.96087 3.294075 -33.06697 44.96185 3.362873 -33.03511 44.75022 3.272024 -33.12568 45.33581 2.820679 -33.42635 45.03663 2.984927 -33.06827 44.96083 2.613317 -33.07818 44.95388 2.703011 -32.91148 44.994 2.81929 -32.79093 44.71169 1.705428 -32.75646 44.71021 1.70368 -32.77411 44.74205 1.720159 -32.7445 44.14285 3.318089 -32.73481 44.14385 3.318301 -32.73988 44.15024 3.321649 -32.73972 44.14557 3.665625 -32.73438 44.14302 3.52871 -32.74007 44.14566 3.70912 -32.75441 44.52424 3.318143 -33.18198 44.06214 3.35774 -32.73714 44.1457 2.910952 -32.74204 44.14346 2.951672 -32.73976 44.14556 3.046969 -31.29733 42.80274 1.039138 -31.21932 42.87771 1.035463 -31.33896 42.88892 1.036511 -31.27653 42.90948 3.130193 -31.2414 42.91711 3.129619 -31.2697 42.94245 3.129023 -31.29078 42.87369 2.219751 -31.24748 42.88511 2.214697 -31.27438 42.91678 2.206973 -31.21835 43.26755 3.805141 -31.20738 43.26986 3.804035 -31.21631 43.27754 3.802257 -31.21391 43.27177 4.131839 -31.21455 43.27274 4.224142 -31.15381 43.13175 4.026937 -31.70061 43.01651 3.913642 -31.26757 43.81154 3.648628 -31.21485 43.27205 3.383435 -31.22985 42.92131 3.474228 -31.21364 43.2719 3.439227 -31.27769 42.87012 2.327359 -31.24891 42.89439 2.350747 -31.29328 42.90467 2.33365 -31.80522 42.44803 3.629796 -31.79439 42.44835 3.635119 -31.80182 42.4568 3.63493 -31.79827 42.45325 4.00289 -32.16917 42.72037 3.614023 -31.80429 42.44842 3.861445 -31.41505 42.6568 3.573162 -31.79512 42.45177 3.284959 -31.80205 42.45008 3.325992 -31.78226 42.43723 3.596345 -31.28829 42.87475 2.386477 -31.24747 42.88427 2.368773 -31.27949 42.91594 2.385252 -30.87944 42.82899 3.415173 -30.86936 42.83193 3.410823 -30.87533 42.84009 3.414049 -30.8749 42.83362 3.769538 -30.87482 42.83363 3.758833 -30.78902 43.13525 3.715575 -30.87468 42.83329 3.81677 -30.40635 42.56769 3.394229 -31.35937 42.8818 3.140319 -31.21276 42.54268 3.513281 -30.87871 42.84189 3.010292 -30.87481 42.83367 3.098034 -30.8748 42.83356 3.014386 -31.25591 42.8793 2.290751 -31.26476 42.91446 2.264914 -31.29436 42.89028 2.261599 -31.87496 43.4839 3.46246 -31.86502 43.48817 3.465834 -31.87293 43.49341 3.458062 -31.87088 43.48856 3.741983 -31.87078 43.48869 3.774593 -32.11196 43.94597 3.577552 -31.87089 43.48857 3.759776 -31.77155 43.42604 3.823064 -32.31807 43.69589 3.390183 -31.33797 43.59238 3.368345 -31.87777 43.46627 3.218577 -31.87095 43.48852 3.100889 -31.87088 43.48856 3.084533 -31.2647 42.87079 2.204823 -31.25236 42.90895 2.226857 -31.29702 42.89467 2.218494 -31.27855 42.4503 3.107459 -31.26898 42.44992 3.107285 -31.27191 42.45915 3.112549 -31.28095 42.44458 3.188965 -31.26079 42.45253 3.496267 -31.27285 42.45394 3.435808 -31.02402 43.05142 3.07879 -31.66121 42.53515 3.074558 -31.27614 42.45451 2.746981 -31.27352 42.45387 2.809957 -31.25956 42.44817 3.038861 -31.28598 42.88328 2.667917 -31.25065 42.87701 2.644235 -31.27801 42.91447 2.634173 -30.98749 43.18457 3.052643 -30.98551 43.19235 3.044188 -30.99434 43.19392 3.050116 -30.98909 43.19023 3.33262 -30.98885 43.19252 3.415452 -31.07623 43.66982 3.02842 -30.98821 43.19032 3.4025 -31.00774 43.18513 3.022709 -31.03278 43.19179 2.945209 -30.89964 43.25358 2.986839 -31.26606 42.86763 1.970389 -31.25258 42.90993 1.978296 -31.29547 42.89664 1.961354 -31.64423 42.82157 3.124621 -31.6359 42.82103 3.127711 -31.63928 42.832 3.127152 -31.63823 42.82635 3.581869 -31.63881 42.82175 3.495919 -31.82126 43.20702 3.025078 -31.64405 42.82461 3.547773 -31.25063 42.84524 2.906719 -31.64423 42.82106 2.774869 -31.63998 42.82546 2.71468 -31.63987 42.82569 2.707861 -31.2549 42.87549 2.210756 -31.25569 42.91245 2.221694 -31.29465 42.88453 2.226788 -30.9434 42.61223 3.33386 -30.94811 42.62247 3.33845 -30.95333 42.61445 3.337916 -30.94421 42.61442 3.744757 -30.94748 42.61628 3.632891 -30.94778 42.61647 3.698467 -31.38026 42.40065 3.357025 -30.99127 43.07181 3.3144 -30.59422 42.31203 3.25897 -30.948 42.61521 2.944711 -30.94758 42.61636 3.002095 -30.94792 42.61635 3.016373 -31.26472 42.86654 2.590084 -31.25359 42.90883 2.578658 -31.29506 42.90138 2.577913 -31.34378 43.16728 3.722552 -31.33341 43.16914 3.722744 -31.34099 43.17785 3.71971 -31.33934 43.17153 4.068284 -31.33879 43.17683 4.161169 -31.46852 43.22504 4.060781 -30.92482 43.12626 3.927171 -31.47874 42.78282 3.514928 -31.34572 43.17921 3.22716 -31.29776 43.17083 3.286837 -31.33959 43.17138 3.258041 -32.55221 41.32585 0.8245359 -32.58617 41.25058 0.8222037 -32.49824 41.27664 0.8228687 -32.53661 41.24434 2.151437 -32.55933 41.22895 2.151072 -32.53209 41.21904 2.150694 -32.5367 41.27373 1.573707 -32.56412 41.25335 1.570499 -32.53607 41.23856 1.565597 -32.47609 40.97419 2.579732 -32.4832 40.96944 2.57903 -32.47469 40.96653 2.577902 -32.47803 40.96993 2.787042 -32.4773 40.96943 2.845614 -32.56038 41.05204 2.720475 -32.20583 41.28903 2.648583 -32.28666 40.60287 2.480415 -32.47728 40.97001 2.312134 -32.56632 41.2227 2.369748 -32.47819 40.96977 2.347537 -32.54698 41.27254 1.64199 -32.56047 41.24717 1.656831 -32.52612 41.2525 1.645982 -32.29327 41.7214 2.468465 -32.30085 41.7181 2.471843 -32.29318 41.71422 2.471723 -32.2967 41.71573 2.705216 -31.9581 41.63191 2.458456 -32.29381 41.72086 2.615461 -32.5103 41.46267 2.432527 -32.29936 41.71588 2.249645 -32.29493 41.71905 2.275683 -32.31259 41.72253 2.447239 -32.53816 41.27228 1.679504 -32.56436 41.25394 1.66827 -32.53268 41.2406 1.678727 -32.84074 41.18852 2.332274 -32.84705 41.18357 2.329513 -32.8405 41.17949 2.331561 -32.84265 41.18395 2.55714 -32.8427 41.18392 2.550347 -32.81777 40.94591 2.522897 -32.8429 41.18412 2.587112 -33.25008 41.23917 2.318983 -32.48581 41.28748 2.157862 -32.68601 41.48602 2.39453 -32.83759 41.17918 2.075352 -32.84269 41.18389 2.13103 -32.84273 41.18397 2.077951 -32.5598 41.25986 1.61876 -32.54354 41.23747 1.602365 -32.52944 41.26301 1.600261 -31.94954 41.00751 2.36228 -31.95537 41.00167 2.364421 -31.94828 41.0002 2.35949 -31.95111 41.00305 2.539655 -31.95114 41.00294 2.560348 -31.65038 40.74757 2.435313 -31.95109 41.00305 2.550945 -32.03922 41.01911 2.591105 -31.57545 40.98327 2.316416 -32.29906 40.7781 2.302559 -31.95256 41.0208 2.207522 -31.95107 41.0031 2.132842 -31.95111 41.00305 2.122463 -32.55599 41.26838 1.564234 -32.55389 41.23785 1.578216 -32.52631 41.26065 1.572909 -32.66566 41.57015 2.137011 -32.67254 41.56769 2.1369 -32.66785 41.56199 2.140241 -32.66558 41.57488 2.188731 -32.67761 41.56352 2.383733 -32.66866 41.56595 2.345368 -32.67514 41.07205 2.118819 -32.37051 41.61877 2.116133 -32.66617 41.56648 1.908265 -32.6682 41.56619 1.948228 -32.67971 41.56626 2.093481 -32.53737 41.26558 1.858095 -32.56417 41.25998 1.843067 -32.53415 41.24123 1.836682 -32.66318 40.96737 2.102227 -32.66237 40.96129 2.096861 -32.65567 40.96269 2.100623 -32.66044 40.96381 2.279889 -32.65996 40.96212 2.332451 -32.46245 40.64888 2.086856 -32.66104 40.9635 2.324232 -32.64868 40.97272 2.083231 -32.62905 40.97512 2.034053 -32.7058 40.89353 2.06047 -32.55592 41.27101 1.415471 -32.55346 41.23722 1.420488 -32.52685 41.25882 1.409738 -32.30116 41.41108 2.147901 -32.30721 41.4091 2.149862 -32.3017 41.40229 2.149507 -32.30405 41.40599 2.438053 -32.30495 41.40942 2.383512 -32.06625 41.18837 2.084735 -32.30042 41.40888 2.416417 -32.57322 41.28248 2.009629 -32.3013 41.41144 1.925963 -32.30306 41.40712 1.887769 -32.30308 41.40693 1.883441 -32.5616 41.26227 1.567999 -32.55053 41.23631 1.574939 -32.53087 41.26716 1.578172 -32.85703 41.36023 2.280676 -32.85079 41.35431 2.283588 -32.84937 41.36148 2.283249 -32.85583 41.3589 2.541415 -32.85299 41.35851 2.470429 -32.85273 41.35846 2.512041 -32.60772 41.63421 2.295376 -32.69254 41.04831 2.268327 -33.18965 41.47364 2.233154 -32.85293 41.35942 2.033737 -32.8529 41.35849 2.070151 -32.85266 41.35859 2.079211 -32.55718 41.2714 1.808705 -32.55305 41.23828 1.801454 -32.5258 41.25534 1.800981 -32.41574 41.08085 2.527325 -32.42255 41.07658 2.527446 -32.4147 41.07257 2.525521 -32.41767 41.07658 2.746712 -32.41655 41.07267 2.805653 -32.31097 41.07538 2.741951 -32.72414 40.99086 2.657168 -32.42939 41.39151 2.395574 -32.41097 41.07295 2.212968 -32.44732 41.06526 2.250837 -32.41753 41.07675 2.232564 -31.57673 40.65029 0.918444 -31.60271 40.58899 0.9163999 -31.53231 40.61162 0.9169827 -31.56264 40.58487 2.081416 -31.58068 40.57205 2.081097 -31.55853 40.56456 2.080766 -31.57171 40.60891 1.416103 -31.58037 40.5843 1.41049 -31.55599 40.59347 1.424372 -31.98009 40.57338 2.115844 -31.97784 40.56804 2.116931 -31.97433 40.5742 2.119056 -31.78036 40.39079 2.143817 -31.97673 40.5725 2.325595 -31.99089 40.54312 2.144899 -31.97737 40.57205 2.327015 -31.97093 40.5805 1.999625 -31.97944 40.57197 1.887631 -31.97701 40.5721 1.907711 -31.57937 40.60583 1.683558 -31.57387 40.57834 1.675426 -31.55552 40.59652 1.673275 -31.37321 40.46637 2.231022 -31.37567 40.4602 2.230483 -31.37012 40.46013 2.228562 -31.37569 40.46238 2.460355 -31.36262 40.46737 2.461633 -31.37258 40.46287 2.436091 -31.31523 40.84821 2.26242 -31.21623 40.15535 2.221402 -31.73242 40.4192 2.192244 -31.37138 40.45982 2.005507 -31.37463 40.46282 2.025085 -31.37273 40.46268 2.048972 -31.56145 40.60487 1.443162 -31.58637 40.59117 1.449973 -31.56103 40.58431 1.458645 -31.66649 41.10341 2.096014 -31.66601 41.09796 2.100173 -31.66044 41.10207 2.097864 -31.66429 41.1011 2.267788 -31.66429 41.1011 2.263294 -31.67224 40.97405 2.288782 -31.6643 41.10124 2.285324 -31.39054 40.96578 1.999046 -31.92601 41.18442 2.226598 -31.50293 41.33945 2.181911 -31.64693 41.06806 1.925326 -31.66569 41.11209 1.881823 -31.66227 41.09144 1.879122 -31.55985 40.60082 1.630923 -31.58402 40.59533 1.616257 -31.56828 40.58067 1.613372 -31.79418 40.25781 2.096824 -31.7967 40.25335 2.092644 -31.79122 40.25168 2.093972 -31.79474 40.25173 2.336001 -31.79379 40.25459 2.289786 -31.50425 40.13635 2.069239 -31.79486 40.25652 2.339802 -31.87916 40.50721 2.137508 -31.79707 40.25242 1.944274 -31.79499 40.25806 1.848101 -31.79382 40.25451 1.882583 -31.56434 40.6073 1.550715 -31.5848 40.59434 1.559796 -31.56034 40.57997 1.552712 -31.27406 40.69906 2.328251 -31.27918 40.69446 2.33069 -31.2734 40.6922 2.328869 -31.2767 40.69356 2.524529 -31.2719 40.69397 2.498314 -31.27806 40.69434 2.575452 -31.11872 40.92469 2.287164 -31.27441 40.69916 2.270193 -31.27716 40.69416 2.059343 -31.27536 40.69563 2.073143 -31.57677 40.60558 1.56421 -31.57683 40.57927 1.572352 -31.55592 40.59589 1.579166 -32.03341 40.84923 2.347544 -32.03768 40.84387 2.346767 -32.03186 40.84314 2.350327 -32.03432 40.84542 2.549868 -32.03433 40.84541 2.5592 -32.02844 40.84905 2.588554 -31.79396 40.942 2.357658 -32.09101 40.61636 2.393317 -32.16026 41.02144 2.396208 -32.01222 40.83514 2.095455 -32.03439 40.84542 2.150177 -32.03431 40.84541 2.136867 -31.57159 40.60797 1.801588 -31.58516 40.58927 1.79695 -31.55588 40.58847 1.792562 -31.48558 40.3753 2.402668 -31.48017 40.37082 2.400371 -31.47901 40.37632 2.402126 -31.48199 40.37401 2.60942 -31.48121 40.37605 2.574137 -31.53357 40.37435 2.483805 -31.41272 40.14087 2.406667 -31.48258 40.37381 2.192893 -31.48188 40.37396 2.2301 -31.48196 40.37579 2.214812 -31.56317 40.60484 1.644158 -31.58497 40.5927 1.659101 -31.56115 40.5825 1.660038 -31.42445 40.98032 2.151508 -31.42944 40.97689 2.155399 -31.42254 40.97602 2.154158 -31.42592 40.97768 2.382734 -31.33909 40.75641 2.330124 -31.42614 40.97861 2.371541 -31.42613 40.97764 2.370585 -31.71124 41.05827 2.243745 -31.5552 40.74666 1.983444 -31.16375 41.01336 1.986737 -31.4576 41.27523 2.099833 -31.42591 40.97777 1.938854 -31.42599 40.9778 1.928559 -31.56621 40.60823 1.631793 -31.58069 40.58561 1.619474 -31.5571 40.58646 1.631705 -31.93469 40.4405 2.307419 -31.92974 40.43516 2.308785 -31.9288 40.44072 2.310478 -31.93154 40.43858 2.5201 -31.93141 40.43892 2.529547 -31.58301 40.47729 2.311145 -31.93569 40.44404 2.441642 -32.20803 40.29931 2.34275 -31.93581 40.43514 2.059539 -31.93765 40.44187 2.071581 -31.93154 40.43873 2.126892 -30.08995 47.97803 1.253387 -30.17184 48.02863 1.250098 -30.15498 47.92305 1.251036 -30.18654 47.97228 3.124647 -30.2009 48.00087 3.124133 -30.21647 47.97087 3.1236 -30.1594 47.99087 2.460214 -30.19016 47.98533 2.429787 -30.16111 47.9617 2.447697 -30.87275 47.69483 3.357222 -30.8804 47.69483 3.350185 -30.87607 47.68655 3.351039 -30.86901 47.67532 3.249576 -30.87634 47.69204 3.614551 -30.48734 47.65471 3.247386 -30.8659 47.69477 3.681775 -31.16034 47.91084 3.309345 -30.87739 47.69222 3.078374 -30.87635 47.692 3.100006 -30.87633 47.69204 3.071074 -30.15644 47.96924 2.311062 -30.16774 48.00311 2.323419 -30.19236 47.96935 2.330181 -29.85874 47.8747 3.011744 -29.86813 47.87154 3.016107 -29.8611 47.86652 3.011477 -29.86342 47.87125 3.388373 -29.85915 47.86991 3.434838 -29.86315 47.87137 3.36341 -30.25684 48.04484 3.005372 -29.85662 47.86681 2.75703 -29.63837 48.19543 2.958014 -30.08725 47.51236 2.852569 -29.86315 47.87138 2.635481 -29.86315 47.87138 2.635534 -30.15835 47.99669 2.324401 -30.19122 47.98875 2.319803 -30.16533 47.96401 2.3453 -30.34948 48.40085 3.03054 -30.35676 48.40333 3.026538 -30.35846 48.39516 3.031775 -30.35519 48.39908 3.349976 -30.35496 48.39916 3.301543 -30.64352 48.01622 3.040931 -30.35399 48.39937 3.356524 -30.62397 48.64631 2.990183 -30.04904 48.02906 3.003555 -30.05069 48.68661 2.904469 -30.35495 48.39916 2.745061 -30.35334 48.39944 2.769675 -30.3548 48.39955 2.723204 -30.15164 47.98767 2.548057 -30.19363 47.99185 2.544375 -30.17182 47.96143 2.52884 -30.31716 47.36831 3.725789 -30.32641 47.36796 3.724184 -30.3214 47.36014 3.720112 -30.32157 47.3654 3.973439 -30.32156 47.36539 3.983562 -30.3225 47.36663 4.032364 -30.66251 47.70796 3.685048 -29.90527 47.57733 3.826559 -30.3452 46.86864 3.822882 -30.70795 47.152 3.566613 -30.3187 47.36188 3.434127 -30.3213 47.36642 3.405527 -30.32158 47.36542 3.462796 -30.15491 47.96657 2.181608 -30.17468 48.004 2.180443 -30.18863 47.97053 2.198994 -29.56762 48.33136 3.468689 -29.57632 48.33576 3.47206 -29.57212 48.32618 3.47285 -29.57262 48.33151 3.798326 -29.83642 47.95573 3.462559 -29.57255 48.33151 3.78628 -29.57273 48.33325 3.883937 -29.17685 48.17546 3.536301 -29.54905 48.80257 3.364013 -29.57261 48.33156 3.118185 -29.57226 48.33112 3.120563 -29.57261 48.33152 3.164762 -30.15555 47.98011 2.384795 -30.17902 48.0001 2.359548 -30.18779 47.96721 2.357495 -30.74967 48.09217 3.114587 -30.75015 48.10264 3.112225 -30.75555 48.09714 3.108267 -30.75839 48.09289 3.537571 -30.75131 48.09701 3.417209 -30.74364 48.10254 3.488329 -31.15621 48.11538 3.136399 -30.42913 47.9541 3.138355 -30.75328 48.09614 2.733175 -30.93479 48.40806 2.839985 -30.73586 48.09099 2.750435 -30.15698 47.96694 2.472691 -30.16935 48.00338 2.491746 -30.19212 47.97087 2.486226 -29.93525 47.70015 3.292348 -29.9393 47.70758 3.296742 -29.94538 47.69971 3.295614 -29.93702 47.70071 3.47846 -29.94416 47.72151 3.271514 -29.94536 47.70798 3.194298 -29.92823 47.69964 3.191998 -30.15024 47.97995 2.136254 -30.18382 47.99733 2.127757 -30.17525 47.96135 2.151369 -30.07942 48.56912 3.172649 -30.08428 48.57675 3.167976 -30.08873 48.56878 3.173823 -30.08421 48.57162 3.388612 -30.08421 48.57162 3.470334 -30.30964 48.23921 3.201204 -29.71729 48.62448 3.210393 -30.08353 48.57504 3.463568 -30.44554 48.92412 3.132534 -30.08424 48.57154 2.919886 -30.08048 48.57202 2.865797 -30.0842 48.57166 2.91873 -30.16267 47.98947 2.468367 -30.1908 47.99282 2.441623 -30.1637 47.96048 2.438331 -30.696 47.49166 3.037547 -30.70333 47.49123 3.029261 -30.69668 47.48465 3.029808 -30.70144 47.48654 3.401003 -30.69493 47.49374 3.271894 -30.70123 47.4924 3.309686 -31.13871 47.18642 3.022174 -30.33512 47.25725 2.990472 -30.69395 47.49306 2.767579 -30.70131 47.48943 2.718719 -30.70799 47.48532 2.688706 -33.26478 48.43277 0.8850164 -33.15398 48.4919 0.8804031 -33.28409 48.54217 0.8817185 -33.20787 48.54544 3.50975 -33.16621 48.54288 3.50903 -33.18982 48.58012 3.508282 -33.20321 48.49694 2.618493 -33.19372 48.54639 2.646828 -33.2365 48.52528 2.628102 -33.36772 48.03206 3.860095 -33.35705 48.03737 3.864791 -33.37021 48.04204 3.865052 -33.33515 48.54837 3.765536 -33.36365 48.03685 4.395754 -33.57958 48.0445 3.960406 -33.33862 48.03808 4.022465 -32.87168 47.93133 3.891175 -33.3635 48.03276 3.255799 -33.3635 48.03701 3.337483 -33.36446 48.03791 3.410736 -33.21254 48.49477 2.187833 -33.17911 48.52245 2.176225 -33.22101 48.54993 2.182599 -32.83224 48.71989 4.307295 -32.82959 48.73056 4.305258 -32.8427 48.72677 4.308885 -32.83561 48.7264 4.646134 -32.83599 48.72625 4.71688 -32.83552 48.72608 4.731945 -33.12233 48.1685 4.253281 -33.04285 49.36754 4.244626 -32.28158 48.86839 4.308348 -32.83549 48.72635 3.973322 -32.8356 48.72636 3.894965 -32.83558 48.72619 3.932063 -33.20792 48.49635 3.000562 -33.19846 48.55117 3.002376 -33.2195 48.53248 2.962166 -33.90288 48.62793 3.414607 -33.8973 48.63797 3.423472 -33.9025 48.64056 3.410894 -33.90089 48.63537 3.810559 -33.90102 48.63576 3.872326 -33.90311 48.63045 3.953038 -34.51241 48.59178 3.487329 -33.80551 49.12516 3.603585 -33.89504 48.68431 2.864683 -33.91694 48.27187 3.28008 -33.90182 48.64126 2.828622 -33.22276 48.49995 2.836063 -33.18112 48.51488 2.830562 -33.22079 48.54674 2.857649 -32.91625 48.05636 4.164106 -32.90912 48.06607 4.166592 -32.92245 48.06635 4.170758 -32.91593 48.06306 4.737569 -32.92923 48.05325 4.80272 -32.91254 48.06571 4.832173 -33.36238 48.36849 4.016064 -32.82241 47.62517 4.003072 -32.65732 48.51345 3.959923 -32.91602 48.06309 3.61828 -32.9162 48.06276 3.595569 -32.91594 48.06297 3.568491 -33.23404 48.51069 2.484399 -33.17936 48.51486 2.476813 -33.20911 48.54806 2.453181 -33.13097 49.34362 3.917539 -33.11876 49.34295 3.917106 -33.12534 49.35325 3.90958 -33.13066 49.3537 4.349599 -33.12494 49.3467 4.301689 -33.37795 48.98707 4.08908 -33.12488 49.34669 4.335128 -33.28201 49.45186 3.86794 -32.69135 49.09244 3.86454 -33.12357 49.34697 3.475522 -33.15951 49.36984 3.897563 -33.20256 48.4986 2.429852 -33.18791 48.52912 2.471137 -33.23109 48.54459 2.442027 -33.75128 48.04033 3.190111 -33.74275 48.04025 3.198455 -33.75201 48.05068 3.198406 -33.74866 48.04452 3.566677 -33.74904 48.04437 3.573711 -33.74869 48.04411 3.549467 -33.24646 48.28538 3.396105 -34.12586 48.45239 3.3498 -33.88753 47.39459 3.240414 -33.73479 48.04917 2.844835 -33.74915 48.04454 2.786117 -33.74866 48.04452 2.897648 -33.21254 48.49315 2.025347 -33.18835 48.53384 1.999464 -33.22115 48.54635 2.039368 -32.19251 48.45923 3.203849 -32.18401 48.45802 3.193651 -32.1865 48.47041 3.197506 -32.18779 48.46319 3.644468 -32.15643 48.41309 3.24161 -32.18004 48.46126 3.71407 -32.06807 48.49189 2.946676 -32.49788 48.81072 3.190585 -32.18704 48.4614 2.717519 -32.18778 48.46265 2.772114 -33.23148 48.50604 2.317871 -33.18464 48.51052 2.333559 -33.20576 48.55464 2.312079 -33.62093 48.86868 3.85475 -33.60903 48.87427 3.857378 -33.61556 48.88114 3.85283 -33.61603 48.8742 4.268017 -33.61586 48.87417 4.295897 -33.61437 48.87552 4.392422 -33.57713 48.57447 4.264958 -33.68357 49.40759 3.631703 -34.12077 48.9949 3.86215 -33.61625 48.87413 3.340765 -33.63054 48.86465 3.466611 -33.39285 48.91527 3.629755 -33.23259 48.51075 2.066961 -33.18381 48.50737 2.064509 -33.20763 48.55315 2.087631 -33.18806 47.70303 4.329589 -33.17429 47.70408 4.329886 -33.18123 47.71333 4.334584 -33.18118 47.7067 4.817196 -33.17371 47.7029 4.625099 -33.18168 47.70684 4.878221 -33.18785 48.2438 4.329664 -33.81094 47.60502 4.385221 -33.17752 47.70679 3.758359 -33.18456 47.70381 3.815492 -33.18124 47.70669 3.949197 -33.63777 43.15178 0.7438646 -33.55813 43.10612 0.7408314 -33.57752 43.20622 0.7416962 -33.54589 43.16029 2.469616 -33.53131 43.13349 2.469143 -33.51741 43.16258 2.468651 -33.5796 43.15953 1.605665 -33.55758 43.13263 1.596784 -33.54011 43.16242 1.613965 -33.73145 42.7015 2.66929 -33.72654 42.69318 2.666217 -33.72261 42.70086 2.670533 -33.72693 42.69842 3.013162 -33.72693 42.69844 2.981551 -33.72688 42.69843 3.019071 -34.172 42.88632 2.714593 -33.85482 42.38825 2.786558 -33.26696 42.90557 2.730767 -33.72687 42.69839 2.375195 -33.72675 42.69945 2.320216 -33.72727 42.69855 2.275656 -33.57703 43.16221 1.602937 -33.55118 43.13175 1.600724 -33.54975 43.17003 1.592865 -33.21937 43.36732 2.817616 -33.21144 43.36179 2.816223 -33.20999 43.36892 2.814366 -33.20526 43.36776 3.181779 -33.21209 43.36194 2.990003 -33.22361 43.36659 3.053619 -33.24305 43.8374 2.743445 -32.96111 43.36521 2.524908 -33.21422 43.36633 2.565724 -33.21451 43.36628 2.499458 -33.21598 43.36397 2.50508 -33.5738 43.14142 1.748404 -33.54314 43.14786 1.774546 -33.56552 43.17013 1.750435 -34.20656 43.28499 2.554613 -34.19926 43.28524 2.561088 -34.20149 43.29324 2.557589 -34.20254 43.28773 2.843903 -34.20241 43.28787 2.826227 -33.73481 43.29312 2.626981 -34.03637 43.69219 2.546763 -34.53928 43.59492 2.598412 -34.20235 43.28777 2.813809 -34.47595 42.943 2.621706 -34.17334 42.96001 2.285087 -34.20248 43.28783 2.32695 -34.20251 43.28785 2.295162 -34.20266 43.28787 2.307254 -33.5772 43.13969 1.930188 -33.53873 43.15195 1.925143 -33.56743 43.16876 1.941337 -33.43258 42.93086 2.453632 -33.42845 42.92412 2.449271 -33.42281 42.93156 2.451245 -33.40805 42.93449 2.717417 -32.99053 42.85282 2.459486 -33.45267 42.92164 2.611006 -33.65381 42.89585 2.418202 -33.43821 42.95739 2.230305 -33.42791 42.92892 2.250633 -33.42792 42.92874 2.185251 -33.57914 43.1443 1.805373 -33.54804 43.13532 1.808796 -33.54874 43.16835 1.791663 -33.52612 43.64354 2.851214 -33.52092 43.63693 2.854418 -33.51608 43.64425 2.850447 -33.52078 43.64161 3.076208 -33.521 43.64216 3.11064 -33.52105 43.64166 3.078606 -33.95373 43.5486 2.92001 -33.36014 43.27133 2.906324 -33.25606 43.83032 2.745563 -33.52041 43.64032 2.553502 -33.52171 43.64192 2.600463 -33.52101 43.64168 2.646374 -33.57109 43.136 1.539602 -33.53883 43.15189 1.555503 -33.56063 43.17231 1.55335 -33.8854 42.89837 2.555364 -33.877 42.89907 2.55853 -33.88198 42.90721 2.559011 -33.88155 42.90165 2.832259 -33.88155 42.90161 2.872862 -33.4397 42.81109 2.555902 -33.88164 42.90156 2.86686 -34.14457 43.22784 2.558157 -34.14845 42.4433 2.478534 -33.88172 42.90162 2.232034 -33.88153 42.90162 2.19828 -33.88153 42.90162 2.267914 -33.57122 43.16813 1.974823 -33.55923 43.13086 1.967108 -33.54029 43.15189 1.956894 -33.24855 43.13512 2.580682 -33.24223 43.13314 2.577034 -33.24293 43.14282 2.577645 -33.24454 43.13775 2.831073 -33.22398 43.13658 2.834908 -33.2344 43.12194 2.452237 -32.99687 43.02574 2.52815 -33.25182 43.14517 2.632995 -33.24429 43.13899 2.301502 -33.24456 43.13769 2.300659 -33.57397 43.16459 1.713632 -33.56399 43.13113 1.729573 -33.53905 43.15987 1.728778 -34.02151 43.58417 3.041928 -34.01406 43.57828 3.04691 -34.01398 43.58657 3.043963 -34.02511 43.60789 3.302144 -34.01678 43.58276 3.360207 -34.01724 43.58171 3.323176 -33.91196 43.20396 2.969006 -34.01619 43.59188 2.765299 -34.37049 43.762 3.042976 -34.01722 43.58164 2.756042 -34.01704 43.5815 2.777426 -33.58021 43.1519 2.057883 -33.54161 43.14168 2.048739 -33.54834 43.16598 2.070374 -33.56125 42.54209 2.824854 -33.55628 42.53587 2.81931 -33.5512 42.54151 2.824293 -33.55166 42.55357 2.940125 -33.40301 42.45094 3.042297 -33.55574 42.54005 3.201968 -33.55656 42.53982 3.262815 -33.75022 42.43586 2.797563 -33.55625 42.54063 2.408445 -33.55673 42.53866 2.425399 -30.3655 45.69631 1.210929 -30.40293 45.61169 1.207691 -30.30462 45.64162 1.208614 -30.34735 45.6051 3.053407 -30.37268 45.58768 3.052901 -30.34207 45.5768 3.052376 -30.35164 45.63881 2.131019 -30.3763 45.61392 2.121538 -30.34461 45.59953 2.139881 -30.82669 45.74303 3.266585 -30.83452 45.73724 3.263304 -30.82641 45.7341 3.267912 -30.82931 45.73818 3.633716 -30.82928 45.73818 3.599967 -30.82929 45.73813 3.640025 -30.68758 46.20401 3.314953 -31.15362 45.83388 3.391785 -30.57346 45.29881 3.33222 -30.82933 45.73812 2.952598 -30.82825 45.73811 2.893901 -30.82921 45.73853 2.846327 -30.34869 45.63652 2.128107 -30.37651 45.60742 2.125744 -30.33799 45.60999 2.117353 -30.10561 45.29948 3.424944 -30.11032 45.29096 3.423457 -30.10302 45.29025 3.421474 -30.10368 45.28539 3.813738 -30.11024 45.29163 3.608991 -30.10678 45.30366 3.67691 -29.63687 45.37248 3.345756 -30.08066 45.04039 3.112438 -30.10606 45.29422 3.156015 -30.10614 45.2945 3.085267 -30.10861 45.29573 3.091269 -30.36919 45.6311 2.283413 -30.35952 45.60104 2.311323 -30.33954 45.62581 2.285581 -30.29158 46.28043 3.144152 -30.29056 46.27314 3.151065 -30.28278 46.27621 3.147329 -30.28841 46.27668 3.453009 -30.28826 46.27657 3.434138 -30.23399 45.80839 3.221415 -29.86556 46.15249 3.135772 -30.01576 46.64643 3.190913 -30.28835 46.2765 3.420879 -30.66262 46.51463 3.215783 -30.61386 46.21308 2.856396 -30.28831 46.27664 2.90109 -30.28829 46.27667 2.867152 -30.28828 46.27682 2.880062 -30.37128 45.63433 2.477493 -30.35496 45.59705 2.472106 -30.34112 45.62758 2.489395 -30.56546 45.46748 3.036341 -30.57178 45.46263 3.031685 -30.56373 45.45776 3.033792 -30.55925 45.44327 3.317967 -30.59737 45.01618 3.04259 -30.57681 45.48665 3.204359 -30.62374 45.68558 2.998514 -30.53946 45.4759 2.797909 -30.56691 45.46259 2.819611 -30.5671 45.46258 2.749807 -30.36687 45.63676 2.344235 -30.37261 45.60464 2.34789 -30.33957 45.6088 2.329598 -29.86087 45.63592 3.460814 -29.86695 45.63001 3.464235 -29.8591 45.62593 3.459995 -29.86224 45.63036 3.701027 -29.86171 45.63064 3.737787 -29.86222 45.63064 3.703587 -30.00084 46.05461 3.534263 -30.21658 45.43054 3.519652 -29.64534 45.38478 3.348017 -29.8635 45.62986 3.142965 -29.86203 45.63133 3.193103 -29.86219 45.63061 3.24212 -30.37434 45.62782 2.060489 -30.35503 45.59714 2.077464 -30.33685 45.62114 2.075166 -30.64548 45.91798 3.144954 -30.64389 45.90964 3.148334 -30.63626 45.91548 3.148848 -30.64179 45.91447 3.440578 -30.64182 45.91446 3.483927 -30.68627 45.46206 3.145528 -30.64189 45.91455 3.477519 -30.34237 46.2123 3.147936 -31.12921 46.13399 3.062927 -30.64183 45.91463 2.799755 -30.64181 45.91444 2.763717 -30.64181 45.91444 2.838062 -30.34214 45.63132 2.525146 -30.37825 45.61539 2.51691 -30.35519 45.59861 2.506005 -30.34142 45.30441 3.171984 -30.34274 45.29786 3.168089 -30.33312 45.29958 3.168742 -30.33837 45.30066 3.439311 -30.33738 45.27993 3.443406 -30.35316 45.28884 3.034851 -30.4247 45.04066 3.1159 -30.33169 45.30873 3.227836 -30.3371 45.30054 2.873921 -30.33843 45.30067 2.873021 -30.34598 45.6337 2.246289 -30.37848 45.62019 2.263308 -30.34706 45.5982 2.262459 -29.97229 46.12629 3.664427 -29.97741 46.1182 3.669747 -29.96909 46.11899 3.666601 -29.94888 46.13237 3.942244 -29.9732 46.12139 4.004234 -29.9743 46.12174 3.964699 -30.34194 45.97663 3.586574 -29.964 46.12176 3.369088 -29.83059 46.49474 3.665547 -29.97437 46.12172 3.359205 -29.9745 46.12152 3.382036 -30.35935 45.63862 2.613824 -30.36556 45.59886 2.604062 -30.3419 45.60816 2.627161 -30.96865 45.55573 3.432672 -30.97436 45.55009 3.426753 -30.96818 45.54558 3.432072 -30.95614 45.54731 3.555739 -31.04344 45.38755 3.664821 -30.97012 45.54998 3.835293 -30.97043 45.55078 3.900255 -31.09494 45.73401 3.403534 -30.96959 45.55055 2.988097 -30.97161 45.55083 3.006198</float_array>
          <technique_common>
            <accessor source="#positions-array" count="1350" stride="3">
              <param name="X" type="float" />
              <param name="Y" type="float" />
              <param name="Z" type="float" />
            </accessor>
          </technique_common>
        </source>
        <source id="normals">
          <float_array id="normals-array" count="4680">0.1530437 0.9866592 0.05550893 -0.4451171 -0.894856 -0.03321939 0.9960892 0.08059393 0.03620681 -0.9349133 0.335004 0.1170872 -0.04779687 -0.7266826 -0.6853085 0.4322958 -0.7013093 -0.5668206 0.8629632 0.2397093 0.4447854 -0.7803287 0.6231848 -0.05222886 -0.7822785 0.6203635 -0.05647596 -0.273213 0.9608347 -0.04638188 0.5161816 -0.8121669 -0.2719219 0.5056 -0.6917519 0.5156045 0.1929715 0.981203 0.001628976 0.3756869 -0.9243321 -0.06685414 0.1711518 0.917633 -0.3586874 -0.8567466 -0.2160449 0.4683054 0.383764 -0.911727 0.1465576 0.7097888 -0.3273414 -0.6237367 0.09563634 0.7734846 -0.6265582 -0.9353618 -0.3536302 -0.006626708 0.319862 0.3109426 0.8949877 0.9413737 0.3373655 0 -0.5013148 0.8651495 0.01413976 0.5735227 0.7544851 0.3190986 -0.3854275 0.8357315 -0.3911503 0.7860023 0.01786915 0.6179652 -0.5225742 0.3047089 -0.7962844 -0.1936433 0.9809192 -0.01731282 -0.3666303 -0.6614476 -0.6542701 0.6333344 -0.4791388 -0.6077117 0.5575768 -0.2223692 0.7997875 -0.1943005 0.9807216 0.02079593 0.03873011 -0.9968807 0.06876708 -0.6634963 0.528973 0.5291127 -0.1783892 -0.9185332 -0.3528089 0.9089156 0.3727981 -0.1867994 -0.9897222 0.1382077 -0.03672414 0.2771069 0.7215262 -0.6345169 0.4373513 -0.5934626 0.675667 -0.4911649 0.2752253 0.826443 0.9803925 -0.07713648 0.1813297 -0.1549448 0.9877517 0.01840259 0.1258853 0.8379656 -0.5310052 0.7877526 -0.5378401 0.3002897 0.9772508 0.1595758 -0.1397012 -0.944333 -0.3289478 -0.005337871 -0.614048 0.2596787 -0.7453268 0.7897226 0.5326022 -0.3044225 -0.1958625 -0.7200837 0.6656706 0.6973963 0.554184 0.4544431 -0.9516135 -0.1548111 0.265453 -0.6211933 -0.7836573 -0.000158522 0.2921212 0.6868361 0.6655234 -0.4161103 0.8661011 0.2769859 -0.8583952 0.07479971 -0.5075063 0.8008045 -0.5974883 -0.04147233 0.1362203 -0.9145912 -0.3807453 -0.7430451 0.6611924 -0.1034822 0.8286054 -0.1339093 -0.543582 -0.656776 0.7311446 -0.1845882 0.2941798 -0.9281532 -0.2280129 -0.656127 0.7291512 0.1945143 -0.7888491 0.3114071 0.5298516 0.0344555 -0.9010649 0.4323133 0.2257163 0.9631222 -0.1464507 -0.8353331 -0.2986659 0.4615381 0.6430802 -0.7068989 -0.2945195 -0.4758049 0.8794716 0.01180964 -0.06126913 -0.9977256 -0.02810069 0.191588 0.9264989 -0.3238732 -0.4620117 -0.8672333 0.1856112 0.9115138 0.1723562 0.3734111 -0.9404994 -0.339105 -0.02164998 0.9377576 0.3472905 0 0.5667865 -0.6415131 -0.5169274 0.4656154 -0.6461579 -0.6047167 0.9220816 0.3817884 0.06327082 -0.8829226 0.03326326 0.4683388 0.3584174 -0.6740159 0.6459408 0.187256 0.5767181 0.7951927 -0.8391142 0.2230892 0.4961034 -0.009694728 -0.5789771 -0.8152861 0.8323778 0.3786179 0.4047168 0.9981298 0.01713394 -0.05867926 -0.6934329 0.3847106 -0.6092196 0.360829 -0.932632 7.085434e-05 0.9998788 -0.01346911 0.007811998 0.9992782 -0.02725692 -0.02646164 0.2617431 -0.9408448 0.2151782 -0.3872646 0.9216488 0.02428359 -0.8906789 -0.4545603 -0.008124028 0.8394 -0.542593 0.03163107 -0.8803911 0.4250107 0.210422 0.6537712 0.460429 0.6004901 -0.2584291 0.9638967 0.06416805 -0.7760136 0.620763 0.1116073 -0.301208 0.9532535 -0.02411606 -0.8709733 0.3851949 0.305009 0.7661677 -0.6277973 -0.1373228 0.6874326 0.5600274 -0.4623913 0.9573053 0.2814109 -0.06614007 0.5164871 -0.8562345 -0.01017277 0.8653301 0.4887448 -0.1110512 -0.9304899 -0.3662582 -0.006598695 -0.9192408 -0.3861931 0.07649319 0.7085905 -0.2386948 0.6640213 -0.7244008 0.3653131 -0.5846279 -0.5889373 -0.7542552 -0.2902618 0.05993202 -0.9773283 0.2030701 0.913974 0.3759704 -0.1526361 0.2097004 -0.977752 -0.005167229 0.4766253 0.5473209 -0.6879448 0.3405072 0.534502 0.7735389 -0.4136533 0.3371204 0.8457191 -0.3509189 -0.2965568 0.8882061 -0.988901 -0.1459854 0.02762322 -0.756132 0.4064522 0.5128947 -0.1308406 -0.9183392 -0.3735423 0.8599687 0.4998827 -0.1028161 -0.6230841 -0.7819079 -0.01965519 -0.4301817 -0.1757504 -0.8854691 -0.9888094 0.1491764 0.001534256 0.5348281 -0.371072 -0.7591209 0.2491761 0.5236281 -0.8146931 -0.7509847 -0.3154857 0.5800782 -0.978 -0.0135113 0.2081669 0.3447787 0.1474586 0.9270295 -0.5265353 0.7398709 -0.4187501 -0.8719043 -0.3870447 0.2999656 -0.2066399 -0.813904 0.5430102 -0.9462211 -0.3231696 -0.01506757 -0.5515238 0.8339504 -0.0186605 0.04746094 -0.8160467 -0.576034 -0.7485621 0.1696732 0.6409882 0.6239371 0.7814108 0.009985158 -0.593259 -0.4446118 -0.6710917 0.4061173 -0.8780242 -0.2532631 0.8507051 -0.4233104 0.3116234 0.2473322 0.6171592 0.7469547 0.08972762 0.9934359 -0.0709516 -0.8206615 -0.3471386 0.4538826 0.7332051 -0.5883159 -0.3410201 -0.299086 0.8023471 -0.516514 -0.8509433 -0.4999402 -0.1611067 0.7212108 -0.4040965 0.5626375 -0.8220473 0.04213074 -0.5678585 0.3264169 0.5684386 -0.7552017 0.8871609 -0.4614464 0.003564237 -0.1355716 0.9844223 0.1119515 -0.9124223 0.1323081 0.3872727 0.1388209 -0.5638981 -0.8140931 0.8021665 0.4021267 0.4413876 0.3135851 -0.9455473 -0.08720539 0.9205303 -0.3906659 0.002039554 0.9996653 -0.02143154 -0.01449191 -0.6082371 0.3852942 0.6939712 0.7919063 -0.6085697 0.05027298 -0.5708662 0.8204919 -0.03008057 -0.4080951 -0.9123505 0.03278633 0.7501207 -0.6529642 0.1046736 0.5730231 0.8033852 0.1619158 -0.92822 -0.3267998 -0.1777905 0.9426543 0.3203411 -0.09372491 -0.4131216 -0.6352526 -0.6525218 -0.3307217 0.753099 0.5687398 0.7957769 -0.03233405 0.604726 -0.7774059 0.6281125 0.03338799 0.8029721 0.5148109 -0.3003424 -0.3460127 0.7965478 0.4957689 0.2517169 -0.9674335 -0.02666416 -0.261872 0.9642156 0.04136896 -0.4783667 0.8401705 -0.2554972 0.5244527 -0.7132206 0.4650438 0.4470677 0.8298218 -0.3339556 -0.3577961 0.8142654 -0.4571146 -0.652301 -0.03154455 -0.7573033 -0.2697267 0.5749021 0.7724863 0.2187201 0.9757475 0.008853507 -0.2943605 -0.9523806 0.07951749 0.6557443 -0.6217966 -0.4282154 -0.2968852 0.6630288 0.6872059 -0.9377951 0.0717093 -0.339703 0.7244418 0.05705907 -0.6869704 -0.3455524 0.7076197 -0.6163342 -0.4973834 -0.8209377 -0.2804836 -0.3222805 0.6136025 0.7208518 -0.8628081 0.5054992 -0.005725583 -0.4529645 -0.8580497 0.2420203 0.8826881 0.114733 -0.4557391 -0.2764859 -0.9043839 0.3250312 0.08589123 0.9957959 -0.03183108 0.5187546 0.6179823 -0.5907551 -0.4962078 0.5627529 -0.6611255 -0.3829928 0.923703 -0.009443734 -0.4023645 0.914169 -0.04896883 0.2180626 -0.945454 -0.2420029 -0.6511526 0.5631533 0.5087815 0.1133996 -0.9431614 0.3123894 0.2536297 0.6845265 0.6834438 0.9917935 0.1275089 0.009338014 0.5090714 -0.7191608 0.4729208 -0.8604864 -0.2075324 -0.4652886 -0.475694 -0.8668035 -0.1495557 -0.9638521 -0.2642616 -0.03398444 0.3279368 -0.9446067 0.01325584 -0.61599 0.785294 -0.06220646 0.6651327 -0.7464049 0.02187052 0.9174568 0.3960112 -0.03805553 -0.7195717 0.5599816 0.4106545 -0.208721 -0.9246916 -0.3184037 0.9600144 0.2798913 -0.005760942 -0.9686652 -0.03624963 -0.2457107 0.9675503 -0.2526423 -0.00427938 -0.9481312 -0.01048273 0.3177064 0.972051 -0.2345222 -0.01078395 0.7267405 -0.6292068 0.2755849 0.1757222 0.83374 -0.5234494 -0.9494527 -0.1749002 0.2606711 -0.805752 -0.5917648 -0.02404439 0.8013271 0.5980534 0.01438731 -0.9959208 0.006425987 -0.0900028 0.5960975 -0.542051 -0.5923246 0.2192427 0.8067523 -0.5487107 -0.8878802 -0.2416602 -0.391496 0.2229888 0.6666429 0.7112407 -0.8052182 -0.289029 0.5177701 -0.8058741 -0.5907774 0.03935878 0.9965803 -0.08242228 0.0058465 -0.9972023 0.07407964 0.009991602 0.8338871 -0.5156181 0.1969016 -0.3314692 0.9231562 0.1947071 -0.9232802 -0.05497532 -0.3801728 0.608341 0.01338086 -0.793563 -0.6619693 0.1916884 -0.7246049 0.6520189 0.6719094 0.3512965 0.073172 -0.9450656 0.3185858 0.3083183 -0.8190113 0.4839012 -0.5943553 0.4085254 0.6927111 0.9944025 -0.1033448 0.02198807 0.02944109 0.9995395 -0.00735572 -0.8793177 -0.4753736 0.02864206 0.06926567 0.9935354 0.08994273 -0.9383534 0.3142985 -0.1439073 0.2284011 -0.9733359 -0.02121825 0.786013 -0.1575858 -0.5977878 -0.9237347 -0.3829382 0.008521179 -0.353063 0.7187006 -0.5990124 -0.07385654 -0.9972555 -0.005166175 -0.102356 -0.9933069 0.05352179 -0.4599265 -0.5195621 0.7200853 -0.9216057 -0.3881273 0.0004411627 0.8420225 -0.1211958 -0.5256517 -0.7412066 0.3546592 0.5699382 -0.6335762 -0.7603855 0.1428112 -0.01740124 -0.9524348 -0.3042451 -0.8156123 -0.5780046 0.02621621 0.360057 -0.9042596 -0.2295071 -0.802898 0.5751249 -0.1567996 0.4264535 -0.8827102 0.1973831 0.9226909 -0.3383918 0.1847498 0.9267596 -0.2206358 0.3040337 -0.9772529 0.0650378 -0.2018585 -0.7712195 -0.6052405 0.1972418 0.9110811 0.3934908 -0.1228667 -0.9334011 -0.3588345 0.0005276366 0.04515735 0.9759347 -0.2133362 0.9305588 0.365974 -0.01110946 -0.2405623 -0.9705668 -0.01139132 0.6192334 -0.7851994 -0.003455456 0.8783736 -0.4585965 -0.1347184 0.1753663 0.5614544 0.8087123 -0.7852639 -0.1825098 -0.5916509 -0.6574337 -0.497257 -0.5661417 0.7051934 0.7089983 -0.004862706 0.8602163 -0.5099144 0.00390295 -0.5082194 -0.7929812 0.3359969 0.6744525 0.09131897 0.7326491 0.2841781 0.958771 0.0009627712 0.9016899 -0.047117 -0.4298084 -0.4725545 0.8779302 0.07701233 -0.6525049 0.7292647 0.2059377 -0.187768 -0.9403811 0.2835959 0.0809725 0.9943993 0.06792237 -0.9960789 -0.07623114 0.04489541 0.8094568 -0.1820048 0.5582597 0.445283 0.8769244 0.1809053 -0.2273358 0.9308172 -0.286178 0.7533769 -0.643052 -0.137504 -0.7412364 -0.671244 -0.0002876867 0.5406921 -0.7555738 -0.3698112 -0.1563601 0.5301216 0.8333802 0.8988164 0.4380784 -0.01470807 -0.8147437 0.4396504 0.3780214 -0.0580147 -0.9310224 -0.3603214 0.956176 0.2921091 -0.0199911 0.00711527 -0.7436965 -0.6684795 -0.8414273 0.2307599 -0.4886204 0.9581308 0.2858451 0.01666854 0.9653217 -0.2594214 0.02923277 0.8235836 -0.5293143 0.2038046 0.124465 0.8434008 -0.5226697 -0.8932896 -0.3022705 0.3326655 0.5095025 -0.5373947 0.6720224 0.2214056 0.8931794 0.3914206 -0.7142981 -0.5407202 -0.4442972 0.47377 -0.8761138 -0.0892555 -0.3054377 -0.952207 0.003097622 0.6097013 0.5751189 -0.5454379 0.1075237 -0.9061537 -0.4090527 -0.798331 0.07244281 -0.5978459 -0.9382389 -0.3453459 0.02106879 -0.6064622 0.7947205 0.02495948 -0.03434172 -0.9984554 0.04367539 0.3353273 0.9417393 -0.02612772 -0.9796214 -0.1988238 0.02847852 0.2905797 0.8700389 0.3982408 -0.5387213 0.8013839 0.2599291 -0.9686027 -0.1852083 -0.1658513 0.2020239 0.9792094 0.01830971 -0.6255116 -0.6006898 -0.4979026 0.193337 0.9810361 -0.01374683 -0.7063718 -0.4446921 0.5507157 0.9990832 -0.0405621 0.01369203 -0.9992932 0.03669418 -0.008167834 0.9105863 -0.3046597 0.2793118 -0.4987928 -0.8477703 0.1802536 0.6512408 -0.7582547 -0.03058052 -0.9704806 -0.1577164 0.1824636 0.271539 -0.96242 -0.003791496 -0.3000322 -0.5861814 -0.752577 -0.9419162 -0.3357994 -0.00571732 0.9110846 -0.4109463 -0.03237276 -0.5624087 0.6770515 -0.4746553 -0.900509 0.4348302 0.002511406 0.2720705 -0.9622722 0.003131359 0.508814 -0.1024368 0.8547602 -0.1252637 0.9197019 -0.3720988 -0.5574072 -0.2342443 -0.7965092 0.5045931 -0.4806825 -0.7171681 0.136744 -0.9886803 -0.06174486 -0.9902439 0.1257634 -0.06000467 -0.995086 0.08238221 0.05492829 0.8128084 -0.4812251 -0.3282756 0.09426713 0.9446394 0.3142773 -0.976463 -0.07829273 0.2009733 0.1751273 -0.8939499 -0.4125336 -0.9718446 -0.2356206 -0.001033581 -0.00673893 -0.8659789 0.5000352 0.8789311 0.403911 -0.2536453 -0.8936626 0.4083566 -0.1860431 0.6068257 0.7939108 -0.03831676 0.855636 -0.3398854 -0.3903395 0.07393041 0.9142411 -0.3983686 0.9274352 0.01266653 0.3737692 0.01543808 0.8580062 0.5134073 -0.486729 -0.8735472 0.003184647 -0.070216 0.851837 0.5190794 -0.8747518 0.251468 -0.4142139 -0.03746254 -0.5098881 -0.8594246 0.6527505 0.240787 -0.7182886 -0.9814915 0.1907907 -0.01653597 -0.4615353 0.886892 -0.02019091 -0.4687553 0.4506205 -0.7597431 -0.7142533 -0.6998806 0.003053085 -0.9298952 0.3107377 0.196817 0.7257751 0.3524312 -0.5907983 0.1885081 0.9738932 -0.1264785 -0.7245062 -0.3026422 0.6192725 0.7721453 0.6315586 -0.0701812 0.7424721 0.6695341 -0.02143285 -0.4600231 0.881465 0.1067626 0.3718913 -0.876568 0.305492 0.8561947 0.5008987 0.1266141 -0.8995195 0.3126773 -0.3051189 0.6382995 0.107903 -0.7621881 0.4226537 -0.7240132 -0.5451319 0.4278258 0.8607829 0.2757134 0.3114845 0.944144 0.107562 -0.05714894 -0.9420261 -0.330637 0.8947633 0.4249826 0.1370712 -0.8707103 0.4549635 0.18674 -0.9966206 -0.0730853 -0.03749663 -0.1789829 0.9838472 0.003124498 -0.9987332 -0.05013981 0.00424595 0.6259398 -0.5301409 0.5719703 -0.3756546 0.9267423 0.00569386 0.9995046 0.02489053 0.01925974 0.4944382 -0.869003 0.01909766 0.8301436 0.557513 -0.006388448 -0.8982732 0.4387326 0.02487799 0.5369241 -0.8094905 -0.2375662 0.9816678 -0.1859106 0.04201901 -0.6477123 -0.6844965 -0.3345644 0.7765185 -0.499794 -0.3836992 0.002301002 0.999967 -0.007792533 -0.2379147 -0.970019 0.04959492 0.9628181 -0.2367973 -0.1300318 0.5005839 0.8496499 -0.1658638 -0.3100166 0.9502974 -0.02871484 0.8839797 -0.03860863 -0.4659285 -0.942861 -0.333184 0.001267949 0.8200801 -0.02850768 0.5715383 -0.5639051 0.5983023 0.5692498 -0.3598341 -0.4736369 0.8038579 0.2725792 -0.7115795 0.6475764 0.1677141 0.9786157 0.1190934 -0.4357389 -0.7270865 -0.5305439 -0.9864703 0.1639098 -0.00315786 0.9868164 -0.1616091 0.008709318 0.2720733 0.850287 -0.450542 0.9949664 -0.08471097 -0.05353363 0.5257339 -0.7466116 0.4076456 0.5204122 0.6603631 0.5413794 0.2961318 -0.8856768 -0.3576067 0.6478256 0.7537511 0.1103691 -0.8302882 -0.5571023 0.01608085 0.5904971 0.8058644 -0.04354031 -0.2834886 -0.9376907 -0.2009237 0.1181398 0.885758 -0.4488606 0.7752154 0.5986245 -0.2017172 -0.9704029 0.1445551 -0.1934476 0.73109 0.5539525 0.3983015 0.2121322 -0.6592838 0.7213493 -0.5324203 -0.8463229 0.01631395 0.9694376 0.2450914 0.01099745 -0.8916406 0.1621551 0.4227089 0.156824 -0.8598108 0.4859337 0.7949646 0.5170056 -0.31739 -0.9147919 0.3699222 -0.1622137 0.8331791 -0.5530011 -0.001558023 -0.3396567 0.6723422 -0.6577152 -0.486805 -0.8735088 0.001796254 -0.5352785 -0.8446552 0.005873621 0.3287236 -0.8894046 -0.3176479 0.787588 -0.5904669 0.1762212 0.5131378 0.483209 0.709365 -0.6978945 -0.2794805 -0.6594194 0.9773552 -0.2061365 0.04779629 -0.766833 0.4408744 0.4664728 -0.1640512 -0.8398275 0.5174717 0.8659567 0.1698039 0.4704101 0.8233497 0.5047146 0.259535 -0.06018352 -0.9971401 0.04571127 0.5755375 -0.6422891 -0.506183 -0.5849864 0.6022822 0.5431823 -0.838886 0.5355836 -0.09705935 -0.6151422 -0.7789356 -0.1218988 0.7400975 0.6723155 0.015737 -0.3647365 -0.8406717 0.4002978 -0.7256235 -0.6880724 0.005195733 0.04042699 -0.9721295 0.2309328 0.6920109 0.720788 0.03982039 -0.8654735 0.3924291 -0.3113759 0.2171918 0.9760369 -0.01340644 0.9879217 0.1548521 -0.005622072 0.9876117 0.1559943 -0.01699533 -0.9607053 -0.02601793 -0.2763482 -0.817747 -0.5113762 -0.264167 -0.4335923 0.8374912 0.332575 0.6611719 -0.283006 0.6948089 -0.6833638 -0.4306322 0.5895505 0.1037705 -0.9381015 -0.3304502 0.8148478 0.5491839 0.1855266 -0.8947004 0.4125257 0.171271 -0.9989003 -0.04618296 -0.008082813 0.5717341 -0.5788225 -0.5814504 -0.1704799 0.985163 -0.01975885 -0.9980744 -0.05667656 0.02520592 0.2126419 -0.975965 0.04770351 0.09299423 0.9952575 -0.02854082 -0.9003817 -0.4339873 0.03110834 0.222371 -0.9485299 0.2254819 0.7711394 0.6140707 -0.1681108 -0.9379458 0.344023 -0.04365657 0.0358217 0.6090001 -0.7923608 0.6368609 -0.5326827 -0.5573664 0.690674 0.1533968 0.7067098 -0.9894778 -0.1262871 0.07060679 -0.9939598 -0.1076389 0.02139481 0.1508239 -0.9566984 -0.2489584 0.08019288 0.9324576 0.3522668 -0.8740455 0.448297 -0.1872812 -0.8457173 -0.3015416 -0.4402669 -0.09960296 -0.8619597 -0.4970963 0.5909496 0.8065679 0.01505528 0.5904178 0.8070833 -0.004840469 0.1784335 -0.9772804 -0.114388 0.7374003 0.6329684 -0.2357793 -0.8605837 0.3559019 0.3643206 -0.6844188 -0.04961191 -0.7273992 0.9614567 -0.2748831 -0.006351365 0.7391428 -0.3276556 -0.5884809 0.02635164 -0.9241793 0.3810488 0.05181603 0.8470546 0.5289741 0.1794296 -0.8324027 0.5243194 0.8808518 0.4035385 0.2475012 0.8862906 0.4630155 -0.01028116 0.6661906 0.5610572 -0.4913297 -0.5326699 -0.8463231 -8.03842e-05 -0.4534293 -0.6056443 -0.6539089 -0.2546492 0.9609058 0.1086919 -0.04267229 -0.5762865 0.8161329 -0.422914 -0.9061605 -0.004116707 0.5062254 0.8461313 0.1667263 -0.2673439 0.9495396 0.1640178 -0.04282434 -0.9053822 -0.4224325 0.9626173 -0.2472044 -0.1107156 -0.8382263 0.4806095 0.2576651 0.2441894 0.9686955 -0.04472899 0.4811975 -0.5885803 -0.6496324 -0.01084749 0.9996913 0.02235344 -0.2061215 -0.9785254 -0.001420802 -0.9309624 0.3591503 0.06572752 0.1919761 -0.8394271 0.5084362 0.6662447 0.3036666 -0.6811054 -0.1623837 0.8667419 -0.4715824 -0.6420461 -0.276837 0.7149392 -0.9847008 -0.1740867 0.007620514 0.7604578 0.6453787 -0.07204367 0.9851899 0.1710012 -0.01262511 0.9900283 0.1061115 -0.0926516 0.3442679 0.9383749 -0.03053125 -0.5311752 0.8471158 0.01573702 -0.9008103 -0.3575576 -0.2463602 -0.2133937 -0.1863377 0.9590315 -0.04433124 -0.9975386 -0.05432756 0.900271 -0.3382242 0.2740737 -0.1388584 0.9889434 -0.05205137 0.9625703 0.2071307 -0.1748007 0.9084217 0.4180496 -0.002129699 0.4469016 0.8945732 -0.004206131 -0.552913 -0.7612824 -0.3387275 -0.0611457 0.9981287 -0.0004854966 -0.08343545 0.9942743 0.0667617 0.9254942 0.3689372 0.08570774 -0.2752911 -0.9501534 -0.146367 0.8796647 0.4594181 -0.122984 -0.7917085 0.4915842 0.3626881 0.6817058 -0.432573 -0.5900491 -0.841016 -0.4141083 -0.3481471 0.4549932 -0.8903901 0.01366351 -0.6606769 -0.7504092 0.01980243 0.1660554 -0.9501444 0.2639153 0.7665752 0.6356529 -0.09114783 -0.1676898 0.9565856 -0.2383779 -0.7685801 -0.6295967 0.1135457 0.281752 0.7618546 0.583261 -0.3418242 -0.9397149 -0.009596317 -0.01345971 0.7770578 -0.6292853 -0.1206192 -0.9926982 0.001148446 0.6932508 -0.7203944 0.02086212 0.6672172 0.7448305 -0.006978904 -0.9786114 0.2039145 0.02717583 0.2726095 -0.9366649 0.2198703 0.6617726 0.7256978 -0.1882011 -0.9801012 0.1984471 -0.004522652 -0.4600118 0.8878241 -0.01254931 -0.9636396 -0.233526 -0.129863 -0.1266014 0.9326985 -0.3377064 0.7697415 -0.2194528 0.5994485 -0.9917536 0.05732488 0.114624 0.6417649 -0.7668761 0.006235781 0.6535591 0.5846872 0.4806261 0.6196741 0.7830577 -0.05314654 -0.5149569 0.8555134 -0.05400118 -0.03385664 -0.7927499 0.608606 -0.5093916 0.8583614 0.061123 0.6564896 0.740959 0.1414255 0.2258656 -0.9653857 -0.130442 0.6370469 0.7456771 -0.1952868 -0.9065025 0.2044905 0.3693737 0.7309896 -0.3163042 -0.6046535 -0.6508387 0.7592062 -0.00387154 0.6549647 -0.7556353 -0.006037953 -0.1152456 0.7784477 -0.6170393 -0.6685829 -0.6526243 0.3564806 0.1060702 0.9904465 0.08811891 -0.09872797 -0.9951136 0.001328956 0.2326198 0.7633498 0.6026484 -0.582839 0.1210392 0.8035224 0.6031045 0.7938597 -0.07779292 -0.4811515 0.6669776 -0.5688885 -0.9016697 -0.0072359 -0.4323648 -0.4235454 -0.8765718 0.2285413 -0.8852871 -0.4650242 0.004391254 0.6598257 0.07914996 -0.7472385 0.6468944 0.03750412 -0.7616568 0.4558772 0.8897976 -0.02088312 -0.08027146 -0.8647368 0.4957689 0.9640661 0.2276747 0.1368968 -0.3466998 0.839376 0.4186253 -0.647261 -0.6871196 -0.3300301 -0.1601338 -0.9870545 0.008979124 -0.9300713 0.3655658 -0.03645567 -0.2325585 0.9725321 -0.009893809 0.2247006 0.9741237 0.02434415 0.4089427 -0.5109255 0.7561223 0.8646667 -0.4538134 -0.215418 -0.8397077 0.4830129 0.2481723 0.8995657 0.2942947 0.3227571 -0.2846785 0.9581272 -0.03082955 -0.857404 0.4617484 -0.2272595 -0.6434769 -0.7269246 -0.2398292 -0.06633239 0.9972915 0.0317749 -0.3013136 -0.6904172 0.6576733 0.9648365 0.09332021 -0.245727 -0.5163309 0.7835278 0.3456683 -0.2728231 -0.9507225 -0.14729 0.9966559 0.03167733 -0.07532345 -0.4435741 0.8962256 -0.004655024 0.4601147 -0.8874121 -0.02818349 0.03312046 0.8590232 -0.5108642 0.1625259 0.7951803 0.5841862 0.6813917 -0.3542395 0.640484 0.9965687 0.07926816 0.02382154 -0.7425527 -0.4257725 0.5170428 0.9676796 -0.2227678 0.1181978 -0.9687269 0.2294196 -0.09452422 0.08908761 0.9943745 -0.05729482 -0.2011253 -0.9792661 0.02421664 0.9650489 -0.2121761 0.1538246 -0.6864492 0.5788786 0.4400989 -0.4486278 0.5990945 0.6631884 -0.8259478 0.4853574 0.2867724 -0.5604379 0.826209 0.057342 0.284191 -0.9581533 -0.03431867 0.6739231 0.737854 0.03740469 -0.5532941 0.7886444 0.2681523 -0.4840264 -0.8516754 -0.2009168 0.9981738 0.02991059 -0.05248171 0.1710093 -0.5113218 -0.842203 -0.7397719 0.2410973 -0.6281797 -0.5280069 -0.3612708 0.768565 0.8703532 0.4850676 0.08482166 0.8823339 0.4699202 0.02572806 -0.4894507 0.82049 -0.2953544 0.2654882 -0.8714649 0.4123893 0.9705468 -0.08994373 -0.2234929 0.6453071 0.5705648 -0.507971 -0.2168338 0.7944057 -0.5673646 -0.2481523 -0.9685518 0.01810547 -0.2474781 -0.968876 -0.005821409 -0.5279235 0.8381415 -0.1371699 -0.4432544 -0.8515075 -0.2801081 0.9048021 -0.009623745 0.4257234 0.5547031 0.2706014 -0.7868159 -0.9946681 -0.102845 -0.007638465 -0.7519595 0.02689919 -0.6586603 -0.3571519 0.8217132 0.4441058 0.2520063 -0.7594153 0.5998176 -0.449655 0.6660662 0.5951187 -0.6583391 -0.6930704 0.2936718 -0.6501675 -0.7596903 -0.01236445 -0.3889818 -0.7304064 -0.5614265 0.1792736 0.9837993 -9.667489e-05 0.1790009 0.6697881 -0.7206543 0.5925424 -0.7949186 0.1303761 -0.1536051 0.48353 0.8617449 0.0551298 0.9984669 -0.004950981 -0.1538501 -0.9677896 0.1992824 0.5980727 -0.7770844 0.1960838 -0.2861642 0.8240424 -0.4889418 -0.9827638 -0.1286154 -0.1327904 0.9430295 -0.1320284 0.3053913 0.1339683 -0.9895258 -0.05376977 -0.6106973 0.3367546 -0.7166905 0.3822269 -0.9236774 0.0268806 -0.1730188 0.984917 -0.001708741 0.9967885 0.01327078 0.07897177 -0.4646306 0.6699988 0.5789819 -0.4599049 -0.4822988 -0.7455705 0.4515298 -0.709582 -0.5409383 0.4446881 0.4475423 0.7758598 0.84908 0.5281847 0.009164771 -0.4649615 -0.8810908 -0.08654387 -0.8506635 -0.5254913 -0.01518318 -0.8776638 -0.4661945 -0.1112155 0.02984963 -0.99888 -0.03671108 0.8083376 -0.588415 0.01892525 0.6935895 0.658379 -0.2923537 0.1083424 0.2125091 0.9711343 -0.330039 0.9417064 -0.06529459 -0.9457479 -0.02093024 0.3242266 0.4967752 -0.8656213 -0.0625623 -0.8107383 -0.5469032 -0.2088066 -0.6874638 -0.7262142 -0.002561302 -0.08170693 -0.9966436 -0.005058527 0.2240572 0.8899046 -0.3973262 0.4283698 -0.9036033 -0.0005838874 0.4471774 -0.8908414 0.0802119 -0.7204147 -0.6858662 0.1029087 -0.09779246 0.9796651 -0.1751941 -0.643205 -0.7513703 -0.1474112 0.8919989 -0.1569338 0.4239218 -0.7384385 0.1373733 -0.6601796 0.6100851 0.6793251 -0.4078155 -0.7537576 0.656947 0.01643187 0.3337588 0.9423577 0.02381351 -0.5001558 0.8075512 0.3125784 -0.4739205 -0.8737432 -0.1094172 0.5054168 -0.8151057 -0.2831194 0.4775419 0.8679934 0.1361656 0.02064356 -0.7565662 0.6535911 -0.03262209 0.9994011 -0.01154087 0.2782138 -0.6602015 -0.6976612 -0.2576509 0.9662371 0.00138119 -0.9115365 0.4104533 0.02508761 -0.3419314 -0.9396874 -0.008393159 0.9840135 0.1750705 0.03267791 -0.5953569 0.7596738 0.2616215 -0.3413177 -0.9127261 -0.2245735 0.9835182 0.1807275 -0.005439189 0.7574648 -0.6527015 -0.01509203 0.8043916 0.5733619 -0.1555965 0.453362 -0.7984355 -0.3961865 -0.7390379 -0.07696873 0.6692524 0.9390454 0.3151203 0.1374512 -0.8811389 0.4727981 0.007499461 -0.3702612 -0.7483454 0.5503507 -0.2833989 -0.9568724 -0.06387697 0.7959387 -0.6018881 -0.06490285 -0.2443066 0.6932408 0.678035 0.7916917 -0.6064895 0.07344899 -0.3319417 -0.9279769 0.1693326 -0.5669077 0.8088205 -0.156285 -0.3109828 -0.9214402 -0.2328897 0.8907413 0.1434146 0.4312914 -0.7382354 0.01984572 -0.6742512 0.8867094 -0.4623038 -0.004656132 -0.889205 0.4574513 -0.007261547 0.3668385 -0.6282775 -0.6860736 0.3672596 0.8313737 0.417059 0.2698483 -0.9570734 0.1057939 -0.2788675 0.9603283 0.001598282 0.06336838 -0.7375364 0.6723277 0.5163032 0.09221515 0.8514267 -0.2638212 -0.9600358 -0.09343234 0.6495493 -0.411185 -0.639541 0.8013836 0.3289715 -0.4995619 0.06596781 0.9601161 0.2717083 0.6485008 0.7611956 0.005281165 -0.5215353 -0.2855187 -0.8040398 -0.5226426 -0.2456765 -0.816387 -0.09180666 -0.9954601 -0.02511285 -0.2349045 0.7902306 0.5659996 -0.8066212 -0.5678739 0.1639559 0.6108449 -0.6259257 0.4848562 0.3368096 0.8580927 -0.3876032 -0.218872 0.9756938 0.01079864 0.9990145 0.006995482 -0.04383079 0.5779163 -0.8160093 -0.01189863 0.1541164 -0.9876189 0.02927387 -0.5085572 0.2873505 0.8116645 -0.9615563 0.09824449 -0.2564323 0.9462519 -0.1338226 0.2944468 -0.7090231 -0.5943969 0.379445 0.620807 -0.7830865 -0.03706961 0.9567127 -0.1080865 -0.2702188 0.3224549 0.9027246 -0.2848 0.4327744 -0.9006923 0.03820581 0.02068776 0.6893497 0.7241332 -0.849355 -0.4399462 -0.2916221 0.7511579 -0.5212376 0.4050594 -0.100277 0.9792175 -0.1762883 -0.9120537 -0.3999655 -0.09047402 0.74536 -0.6666387 -0.005598386 -0.7572993 0.6521881 -0.03388916 0.2735917 -0.766194 -0.5814588 0.1352786 -0.7438691 0.6544909 -0.7026607 0.06902378 0.7081693 -0.8952948 -0.4445522 0.02864559 0.5015613 0.634816 0.5877456 -0.9780043 -0.1530548 0.1417106 0.9825403 0.1474539 -0.1134545 0.2873292 -0.9553537 -0.06885578 -0.1779085 0.9836161 0.02912058 -0.969557 -0.1615313 0.1840294 0.8179946 -0.2702435 0.5077926 0.5846086 -0.3556429 0.7292126 0.9303507 -0.1403949 0.3387283 -0.5794573 0.8132924 0.05276978 0.3062028 -0.9514424 -0.03157712 0.6568275 0.753255 0.0344172 -0.1277038 0.9915173 -0.02419046 0.2799697 -0.9503779 0.135642 0.5536919 0.7535704 0.35434 0.5771045 0.7988379 -0.1697306 0.8895599 -0.4567952 0.004628345 -0.7408908 -0.6630737 0.1068367 0.5826085 0.8044146 0.116123 0.5809055 -0.8113593 -0.06515288 -0.8614624 0.3088653 0.403094 0.3939345 0.9152184 0.08479868 0.5721665 -0.4435528 -0.6898453 -0.9038178 -0.1045775 -0.4149421 0.2716596 0.6134314 0.7415544 0.9432901 -0.2669329 0.1973589 0.4122983 -0.522959 0.7460054 0.8915957 0.4528272 -0.002165237 -0.5095143 0.6423607 -0.5725101 -0.993012 -0.1131836 -0.0334176 0.9927107 0.08456437 0.08587433 -0.9980455 0.06249064 0.0003713814 0.9980596 -0.06226127 0.0007763451 -0.5517714 0.01176174 -0.8339124 0.1007305 -0.1683332 -0.9805699 0.06391487 -0.4335202 -0.8988744 -0.7094793 0.1259351 -0.6933826 0.2928842 0.9205386 0.2585103 0.3497416 -0.8282449 0.4378255 -0.5498097 -0.4947273 0.6730188 0.2506547 0.8947465 0.3695956 -0.8613083 0.5076854 -0.02008819 -0.5888702 -0.5086858 -0.628069 -0.4191001 -0.9056326 -0.0646895 0.368698 0.9295491 -0.0005394365 -0.6010074 -0.6837468 0.4138604 0.9590605 0.2807443 0.03722396 0.3286624 0.9405653 0.08554544 -0.5052876 0.8585214 0.08732398 -0.4245712 -0.8609633 0.2801455 0.9335775 0.0584055 -0.3535844 -0.8597603 0.5057211 -0.07112273 0.9035047 0.4282182 0.01756175 0.03701152 0.9990648 0.022355 -0.8287428 0.559537 0.01018233 0.8226988 -0.568443 0.006261779 0.998996 -0.04316218 -0.0120011 -0.8712259 -0.1432316 -0.4695211 0.4302294 -0.7480145 0.5053484 0.4364108 0.8993906 -0.02534012 0.8666787 0.4670157 -0.175398 -0.6800856 0.5698748 -0.4612226 -0.2316158 -0.7979486 -0.556446 -0.6872889 0.66014 0.3030661 -0.1393409 -0.8710597 0.4709979 -0.8166261 -0.5771465 -0.004883978 0.8799808 0.2406608 0.4095317 -0.667398 -0.7298299 -0.1480819 0.9731999 -0.1494749 -0.1747546 0.7976718 0.5936972 0.106035 0.03141022 -0.9995064 0.0006683851 0.9513465 0.3064642 0.03192846 0.3969081 -0.9150891 0.0712452 -0.6884153 0.6601958 -0.3003763 0.01286826 -0.7839308 0.6207149 0.9733601 -0.06783331 -0.2190179 -0.9317945 -0.3627822 -0.0121666 0.457707 0.6273141 -0.6300645 -0.9185802 -0.3155005 -0.2380543 0.1460962 -0.6597363 -0.7371594 0.4601767 0.3316687 -0.8235492 0.6298955 0.6589063 -0.4111863 -0.536664 0.7837976 0.3124949 0.6419939 -0.2760329 0.7152969 0.9939237 0.1098314 -0.007256509 -0.5954588 -0.6674166 -0.4471956 0.1158393 -0.9810268 -0.1554596 0.8672223 -0.273299 0.4162129 -0.275627 0.9164888 -0.2899622 0.4917663 -0.8664394 -0.0863054 0.09580887 -0.9953854 0.005338264 0.4684922 -0.8834635 0.002705013 -0.2585104 0.9441539 0.2043178 -0.388174 0.9166922 0.09484874 -0.9207891 0.3893771 0.02308251 -0.3202082 -0.9473157 -0.007722014 0.9798023 0.1976951 0.03006718 -0.8050448 0.3862599 -0.4502291 -0.785749 -0.4224442 -0.4518178 0.7197142 -0.5543015 0.4180446 -0.7926708 -0.3787511 -0.4777245 -0.6936808 -0.7196573 -0.03000486 0.8636907 -0.5039011 -0.01104745 -0.9244051 -0.2658393 0.2735043 -0.0749256 -0.9804539 -0.1819241 0.6292492 -0.6796268 -0.3770317 0.8560591 0.4896437 -0.1655654 -0.1357112 0.5636506 -0.8147886 0.9113173 -0.2740987 -0.3071983 -0.9880378 0.09093136 -0.1245505 0.3842013 0.6830098 -0.621198 -0.8918904 -0.1526408 0.4257139 -0.9041521 -0.4215516 0.06930548 -0.3867783 -0.7497092 0.5369717 0.6318683 -0.5513007 0.5448028 0.3348043 0.7741138 -0.5372652 0.3044597 0.9524941 -0.007695758 0.5836541 0.7753517 0.2412003 -0.4687202 -0.1903444 0.8625952 0.6672065 0.6476696 0.3679125 -0.4223948 0.8182353 0.3899662 -0.1004962 -0.7986546 -0.5933392 0.8846543 -0.4557485 0.09838733 0.8325076 0.154089 0.5321537 0.3593152 0.9327854 -0.02835484 -0.6670059 -0.5906939 -0.4540748 0.9667632 0.1736335 -0.1876708 0.9506737 0.3101506 -0.00511234 0.3494893 0.9356003 0.05009196 -0.6213594 0.7697346 0.1463597 -0.2876104 -0.9270908 0.2403806 0.9269276 0.1093523 -0.3589531 0.8229052 -0.5681781 0.0008482366 0.8472242 -0.5284313 -0.05451123 -0.6198179 0.5705545 -0.5387887 -0.2334791 -0.9541945 0.1870838 0.8340581 0.3907033 0.3894843 -0.8124925 -0.5829687 -0.001842555 0.8540038 0.149554 -0.4983082 0.9770722 -0.1095817 -0.1825426 0.9223069 0.1862357 0.3386239 0.9259666 0.1558452 0.3439451 -0.8042691 0.5063388 0.3110824 -0.07475546 -0.9417449 -0.3279147 -0.1114605 0.9212902 0.3725601 -0.9660679 -0.2557785 -0.03591794 0.7922637 0.5170939 -0.3239324 -0.9596884 -0.2810577 0.002191547 0.8973063 0.41273 0.1565096 -0.9623726 -0.2710593 0.01912858 -0.6258955 0.6993421 -0.3452179 -0.3234889 -0.6964803 0.6405233 0.9103052 0.1722773 -0.3763842 0.9293847 0.3687291 -0.01682287 -0.6317328 -0.4304634 -0.644682 -0.2104756 0.2974137 0.9312599 -0.1211084 -0.5049774 0.8545938 0.7123375 -0.2738105 0.6462221 -0.745825 0.6158644 -0.253882 0.7959827 0.3308361 0.5069113 -0.1270729 0.9766624 0.1731561 -0.1303291 0.9908936 -0.03382698 0.07110765 -0.995573 -0.06146621 -0.2179321 -0.8657094 0.4506139 0.4613676 -0.8870251 0.01806486 0.8922203 0.4491028 0.04743047 -0.9870463 -0.1579063 -0.02837723 0.6446343 -0.7638652 0.03093006 -0.2712729 0.9572736 0.1001912 -0.6626404 -0.4104141 -0.6264726 -0.3342954 -0.7947075 -0.5066424 0.7160493 -0.5786132 0.3904872 0.05360465 0.9975646 -0.04462563 0.05017747 0.9975738 -0.04825747 0.6232706 0.7810016 -0.03962673 -0.3645587 -0.9011412 -0.2346091 -0.2792857 -0.8444145 0.4571255 0.9106151 0.4132531 0.001391324 -0.5341493 -0.8434572 -0.0571353 0.861323 0.4011026 -0.3118324 -0.6946766 0.5893622 0.4124035 -0.5203883 -0.844651 0.1255414 0.1545168 -0.8117471 -0.5631973 0.7245612 0.3931945 -0.566047 -0.831414 0.5556247 -0.005659968 0.4959411 -0.08989928 0.8636901 0.8216677 -0.5699668 0 0.4126613 0.9108045 0.01207723 0.9606237 -0.02858916 0.2763778 0.4658065 0.8164513 -0.3412206 0.4977835 -0.6644819 0.5573826 -0.06126801 0.6617649 -0.7472038 0.6857075 0.7277269 -0.01478764 -0.7990277 -0.09155639 -0.5942829 -0.0229793 -0.836753 -0.5470982 0.1573762 -0.6410662 0.751177 0.685177 0.72816 0.01776304 -0.7892104 -0.6113042 0.05877221 0.04662387 0.8813972 0.4700693 -0.8658428 -0.3954088 -0.3065422 0.835589 -0.5254457 -0.1603055 -0.4628531 0.8858797 -0.03137216 0.7926052 0.2053659 -0.5741096 -0.2443224 -0.7485646 0.616407 -0.0681174 0.6198296 0.7817745 0.5093131 -0.8464033 0.1555688 0.7137644 0.7002095 0.01571855 0.7856178 0.4001566 -0.4718892 0.02043032 -0.9654822 0.2596667 0.6996921 -0.7043566 -0.1196363 -0.8165409 0.5772695 -0.004559143 -0.1579237 0.7057973 -0.690587 0.9038014 -0.3373417 -0.2633317 -0.7459395 -0.2762176 0.6060347 0.8812715 -0.2525681 0.399462 -0.6856305 0.691019 0.2289181 -0.9987477 0.05002969 -0.0001353951 0.7767117 0.1721204 0.6058824 0.4678259 0.8508728 0.23907 -0.4541444 0.7692785 -0.4494035 -0.02077832 -0.9991561 -0.03543015 -0.6785162 -0.6553974 -0.331768 0.1063374 0.9903826 -0.08851338 0.3884718 -0.7840981 -0.4840246 0.2142372 0.9638542 -0.1583901 -0.5884608 -0.7843762 -0.1961319 0.2130959 0.9626543 0.1669933 -0.213338 0.8560686 0.4707797 -0.7319613 -0.5662444 0.3789458 0.9175987 0.3771938 -0.1254493 -0.7504864 0.5214132 0.4060768 -0.2038838 -0.9453215 -0.254556 0.4391396 0.8983622 0.01008692 -0.847604 -0.530086 -0.02400363 0.8778383 0.3881302 -0.2806331 -0.9788117 -0.1286812 0.1592762 0.6830408 -0.6540256 0.3251243 -0.8226272 0.5682803 -0.01849263 0.8276425 -0.5612556 0 -0.199975 -0.8659613 -0.4583896 -0.2688359 -0.794781 -0.5441051 0.847063 -0.528735 0.05406949 -0.5011902 0.7607273 0.4124347 -0.3611582 -0.7255786 0.5857478 0.6349923 0.2007903 0.7459678 -0.3168913 0.8409698 0.438577 -0.5264499 -0.3628527 -0.7688877 0.8100357 -0.4677746 0.3535944 0.594342 -0.8026477 -0.05014186 -0.09485735 0.8306819 -0.5486071 -0.5492159 -0.8356805 6.051736e-05 0.570183 -0.8214906 0.006672356 0.5586623 -0.8290872 -0.02260328 -0.6173671 -0.7646256 0.1849475 0.5249556 0.8508769 0.0207425 -0.8875791 0.4606031 -0.006938871 0.04633606 -0.9985604 0.02702005 -0.1668394 0.9692639 0.1808095 0.7943893 -0.2783252 0.5398896 0.634527 0.7709529 0.05483708 0.05421347 0.9939534 0.09548588 0.6006963 0.7992119 -0.02059938 -0.1952361 0.9445978 0.263852 -0.06573671 -0.9908842 -0.117589 0.8811257 -0.2409802 -0.4068735 0.7858591 -0.6158169 -0.05652431 -0.3965828 -0.9179578 -0.008688783 0.902162 -0.4208053 -0.09500849 -0.8388584 0.5443204 -0.005636041 -0.8492099 0.5239918 0.06538532 0.2318666 -0.7622491 0.6043296 -0.1299041 0.8416579 -0.5241535 -0.9671584 0.04134377 -0.2507896 -0.7647491 -0.6202714 0.1744196 0.8398081 -0.5268954 -0.1307807 -0.6737723 -0.7389258 -0.004413395 0.7736172 -0.07469239 -0.6292356 0.6912697 0.03666662 0.7216659 0.03776313 0.5929935 0.8043212 -0.5020618 0.1276348 0.8553615 -0.6936263 0.7199484 0.02359569 -0.1128064 0.883555 0.4545385 -0.8393402 -0.4355744 -0.3252429 0.9079024 -0.4098529 -0.08794204 -0.9984752 0.05258783 -0.01678856 -0.4427928 0.2792942 -0.8520148 -0.4533124 0.8913507 0.001310423 0.009671464 -0.708442 -0.7057027 0.630306 0.1121329 -0.768206 -0.727086 0.4486592 0.5196643 -0.5828436 0.7926579 0.1788486 0.3656958 -0.2224201 0.9037676 0.3033269 0.8796042 -0.3664549 -0.8319044 0.4905685 0.2593794 -0.8156211 -0.3178328 0.4834713 -0.8129581 0.58218 -0.01286975 0.3580966 0.9335485 -0.01593886 -0.667119 -0.5376092 -0.5156827 -0.3150197 0.7507054 0.5806927 0.9985277 -0.05356888 0.008528533 -0.7540323 0.2394106 -0.6116517 -0.4826621 -0.8481858 -0.2182157 0.1519764 -0.9508684 0.2697267 0.7010304 0.1708507 0.692363 0.8611496 0.5047217 -0.06064174 -0.7815496 0.4796112 0.3989402 -0.05344619 -0.9537037 -0.2959607 0.4973638 0.7367973 -0.4579945 -0.9045856 0.4033069 -0.1380883 0.09447471 -0.8593696 0.5025519 -0.4642045 0.7258077 -0.5076587 0.7092881 0.07041787 -0.7013927 0.1401225 -0.9901295 0.003044254 0.7235097 0.6836371 0.09578131 -0.4314852 0.8365304 0.3376942 -0.417456 -0.4864655 -0.7675167 0.8152306 -0.4305446 0.3873376 -0.5877892 -0.805571 -0.07455967 0.2171149 -0.9761445 0.001742004 0.5635908 -0.8259614 -0.01237803 -0.04286796 0.7708529 0.6355692 -0.06065364 -0.9971833 0.04412133 0.3600378 0.9325642 -0.02639483 -0.9845148 -0.1729247 0.02876962 0.3129081 0.8606727 0.4016604 -0.5170459 0.8147433 0.262406 -0.972874 -0.1595608 -0.1675006 0.2277705 0.9735391 0.01849695 -0.6395038 -0.5825059 -0.5017189 0.2191351 0.9755957 -0.01388743 -0.7156227 -0.4245914 0.5546227 0.9976645 -0.06688947 0.01383208 -0.9979776 0.06302852 -0.008251386 0.9015143 -0.3282989 0.2819431 -0.5207975 -0.8340459 0.1820368 0.6310164 -0.7751542 -0.03089306 -0.9739682 -0.1320289 0.1842671 0.2460696 -0.9692446 -0.003830283 -0.3135622 -0.5747297 -0.7558866 -0.950442 -0.3108482 -0.005775806 0.8999233 -0.4348202 -0.03270358 -0.5431055 0.6900478 -0.4784041 -0.8887312 0.4584216 0.002537097 0.2466049 -0.969111 0.003163393 0.5021777 -0.1149561 0.8570896 -0.1008281 0.921374 -0.3753713 -0.5597498 -0.2180486 -0.7994592 0.4891639 -0.4912283 -0.7207034 0.1106248 -0.991903 -0.06237406 -0.9865473 0.1518226 -0.06061628 -0.9925372 0.1085864 0.05548849 0.7989532 -0.5019323 -0.331267 0.1190197 0.9408705 0.3171704 -0.9777818 -0.05249851 0.202945 0.1512324 -0.8966888 -0.4160265 -0.977719 -0.2099152 -0.001044154 -0.02949306 -0.8632835 0.5038569 0.8886873 0.3803454 -0.2560708 -0.8822714 0.4316231 -0.1878795 0.6275373 0.7776237 -0.03870816 0.8450543 -0.3617604 -0.3937164 0.09784984 0.9104895 -0.4017888 0.9261174 -0.01177352 0.3770517 0.03795199 0.8549867 0.5172594 -0.5095915 -0.8604105 0.003217226 -0.04760056 0.8510376 0.5229428 -0.8662906 0.2739612 -0.4177151 -0.05051094 -0.504903 -0.8616969 0.6554043 0.2223167 -0.7218175 -0.9761172 0.2166015 -0.01670509 -0.4379894 0.8987487 -0.02039738 -0.4540247 0.4601003 -0.7630002 -0.7324579 -0.6808054 0.003084318 -0.9210124 0.3350136 0.1987513 0.7321918 0.3319837 -0.5947117 0.2140848 0.9684252 -0.1277513 -0.7293633 -0.2823237 0.6231552 0.7884885 0.6109499 -0.07089557 0.7598632 0.6497224 -0.02165201 -0.4365715 0.8931827 0.1078421 0.3483165 -0.8852194 0.3083215 0.8689604 0.4780716 0.1278883 -0.8901112 0.3359637 -0.3079456 0.637128 0.09049731 -0.7654268 0.4021905 -0.7326698 -0.5490335 0.4500207 0.8485407 0.2783165 0.3362293 0.9354919 0.1086494 -0.08187433 -0.9391368 -0.3336447 0.9054823 0.4011662 0.1384467 -0.8581045 0.477591 0.1885828 -0.9981866 -0.04678254 -0.03787967 -0.1529807 0.9882241 0.003156462 -0.9997078 -0.02379 0.004289385 0.6096971 -0.5446309 0.5758876 -0.3510896 0.9363242 0.005752107 0.9998096 -0.001470831 0.0194567 0.4713526 -0.8817338 0.01929296 0.8445539 0.5354316 -0.006453799 -0.8863878 0.4622608 0.02513233 0.5150958 -0.8228881 -0.2398573 0.9764071 -0.2117246 0.0424481 -0.6647698 -0.6664145 -0.3375986 0.7619185 -0.5193082 -0.387039 0.02866509 0.9995581 -0.007872246 -0.2634006 -0.9633847 0.05010101 0.9560739 -0.2620549 -0.1313392 0.5226637 0.8359198 -0.1675132 -0.2848511 0.9581327 -0.02900835 0.8806907 -0.0617643 -0.4696478 -0.9513178 -0.3082089 0.00128092 0.8163061 -0.04995232 0.5754555 -0.5461178 0.6109299 0.5731667 -0.3697482 -0.4609325 0.8067388 0.2526361 -0.7154405 0.6513984 0.1934296 0.9737116 0.1202941 -0.4534471 -0.7132837 -0.5344269 -0.9818056 0.1898618 -0.003190165 0.9822117 -0.1875709 0.008798408 0.2937847 0.8410643 -0.4542041 0.9923578 -0.1109113 -0.05407969 0.505004 -0.7589178 0.411114 0.5360293 0.6444732 0.545277 0.2723194 -0.8920045 -0.360791 0.66739 0.7363164 0.1114843 -0.8446857 -0.535016 0.01624532 0.6115272 0.7899999 -0.04398487 -0.3079852 -0.9295046 -0.2028949 0.1411603 0.880513 -0.4525159 0.7903985 0.5777356 -0.2036956 -0.9658827 0.1700249 -0.1953514 0.7442282 0.5336144 0.4017214 0.1936426 -0.6611198 0.7248608 -0.5545477 -0.8319887 0.01648079 0.9755614 0.2194459 0.01110994 -0.8854299 0.1852674 0.4262508 0.1337755 -0.8615574 0.4897172 0.8074835 0.4953532 -0.3203053 -0.9044759 0.3938063 -0.1638288 0.8183091 -0.5747763 -0.001573961 -0.3203899 0.6780544 -0.6615078 -0.5096665 -0.8603701 0.001814629 -0.5573622 -0.8302482 0.005933706 0.3048434 -0.8968325 -0.320565 0.7714998 -0.610832 0.1779672 0.5230005 0.4671011 0.7129425 -0.7018893 -0.2598237 -0.6632066 0.9715577 -0.2318281 0.04828412 -0.7532589 0.4599114 0.470194 -0.1856265 -0.83292 0.521332 0.8681595 0.1465801 0.4741448 0.835792 0.4824968 0.2620087 -0.08645111 -0.9951853 0.04617791 0.5569376 -0.6555156 -0.5100193 -0.5671853 0.6156316 0.5470819 -0.8243934 0.5574613 -0.09804278 -0.6353685 -0.7623297 -0.123127 0.7575644 0.6525669 0.01589795 -0.386139 -0.8293975 0.4037282 -0.7435126 -0.6687014 0.005248884 0.01477389 -0.9723244 0.2331674 0.7107628 0.7022805 0.0402271 -0.853975 0.4146984 -0.3142482 0.2428498 0.9699693 -0.01354356 0.9916607 0.128751 -0.005679584 0.9913784 0.1299006 -0.01716914 -0.9603036 -0.0006786103 -0.2789563 -0.8303499 -0.489287 -0.2666782 -0.4108934 0.8476686 0.3355959 0.6502605 -0.2988601 0.6984583 -0.6920115 -0.4109989 0.5934645 0.07891213 -0.9394571 -0.3334565 0.8287509 0.5273223 0.1873583 -0.8832464 0.4358403 0.172971 -0.99977 -0.01983011 -0.008165495 0.5543505 -0.5916423 -0.5853673 -0.1444454 0.9893114 -0.0199609 -0.9992152 -0.03034166 0.02546361 -0.8768777 -0.4782055 0.04904177 0.9812831 0.1903219 -0.02934272 -0.6694189 0.7421964 0.03198224 -0.8663286 -0.4017923 -0.2967113 0.8755458 -0.4795518 -0.05873298 0.01005622 0.9156901 0.4017592 0.410023 -0.9120744 -0.001211921 0.6140297 0.2846563 -0.7361646 0.01127304 -0.8986402 0.4385416 0.7017262 0.5176029 0.4895585 -0.6092751 0.7265972 0.3175536 -0.9223788 0.3862624 0.004317346 -0.7120596 -0.6272026 0.3155757 -0.5109015 -0.8072272 0.295574 0.9632871 -0.08818453 -0.2535774 -0.2019999 0.9740169 -0.1024069 -0.8709667 -0.3708856 -0.3222744 0.3784042 0.9256401 0.0008459639 -0.06488462 0.9975001 -0.0279918 0.998644 0.05023396 0.01366571 -0.005204302 0.9999775 0.00423051 0.001850664 -0.9992441 0.03883086 0.004301332 0.9999905 -0.0007017577 -0.09054812 -0.4623052 0.8820856 0.971612 -0.05969088 0.2289259 0.03418539 -0.9789615 0.2011611 0.7274669 0.4346337 0.5309289 0.5103366 0.8138076 0.2779817 -0.6001333 0.571201 -0.5599727 0.007897016 -0.9999379 -0.007858702 0.02750042 -0.5759855 -0.8169972 0.6747217 0.7380664 -0.002931515 0.5539685 0.02407866 -0.8321893 -0.01091856 0.9999395 0.001343624 -0.3495522 -0.431329 -0.8317263 -0.2936694 0.6324312 -0.7167908 -0.4029904 0.8578447 -0.3189064 0.1927868 -0.5742906 0.7956278 -0.9960287 -0.08825561 -0.01174174 -0.9959375 -0.08962795 0.008676009 0.7835042 -0.4924752 -0.3789319 0.5778599 0.7902971 0.2037362 0.09445388 0.9828634 -0.1582972 -0.2113603 -0.9768562 -0.03284454 0.2255359 -0.9724048 -0.05968554 -0.4056913 -0.8103854 0.4227175 0.1468729 -0.9891515 0.002769757 -0.2940233 -0.8587707 0.4195989 0.863775 -0.4626782 0.1995536 -0.6708359 0.6819118 -0.2915055 -0.5942246 0.8041235 -0.01680678 0.2070474 0.4851867 -0.8495441 -0.9286342 -0.357705 -0.09841582 0.3083329 -0.9180133 -0.2493639 0.4228004 -0.8461193 0.3245334 0.3337173 0.6823302 0.6504293 0.9131346 0.4074996 0.01136846 0.4663817 -0.8821837 -0.06511618 0.7972373 0.464283 0.385816 -0.917692 0.3413693 -0.2032447 -0.2026736 -0.9792413 -0.003144276 -0.4500788 -0.7586889 -0.470978 0.7867546 0.6170047 -0.01795667 -0.3004307 0.7123774 -0.6342396 0.1998765 0.9798205 0.001100996 -0.200732 -0.9796462 0 -0.7766818 -0.6298801 0.004065965 -0.2304911 -0.9652168 0.1234113 0.6212092 -0.7152438 -0.3201959 -0.1044461 -0.9575531 0.2686689 0.5892063 0.806619 -0.04692245 0.387509 0.9207276 -0.04579774 0.8307173 0.5566299 0.008478107 -0.7147388 -0.2718961 0.6443764 -0.9115253 -0.3635168 -0.1922945 0.6867768 -0.5839329 0.432851 0.2260822 0.9475784 -0.225792 -0.124748 -0.9169471 -0.3790066 0.6615388 0.6027135 -0.4462094 -0.9602139 -0.2790007 0.01215914 -0.4199328 -0.9073328 0.02009106 0.6706054 0.4755518 0.5693319 0.2361992 -0.6648066 0.7086905 0.7893341 0.4380114 0.4302297 -0.3342694 -0.7378165 -0.5864221 0.8278359 -0.4485523 -0.3368806 0.9792181 0.1543513 0.1315587 0.07995508 0.7675078 0.6360338 0.1532051 0.9489237 -0.2758116 -0.5795092 -0.8145873 0.02483114 0.5009613 -0.8653078 0.01673673 -0.4966414 -0.8676908 0.02144851 0.9022652 -0.4311218 -0.007175144 -0.0791946 0.9964676 0.02793944 -0.7797813 -0.5260853 -0.3393748 0.8977674 -0.4389394 -0.03668528 -0.1455886 0.9160531 0.3736985 0.02762185 -0.8269357 -0.5616177 -0.9245478 0.3810661 0.0001985663 0.9247869 -0.3804832 -0.001282692 -0.5970412 0.6240895 -0.5040378 -0.3694065 -0.9289799 0.02313363 0.9218092 -0.3876048 -0.005506613 0.9441578 -0.2479674 -0.2169749 -0.2995944 0.9513139 -0.07242336 0.988616 -0.05216033 -0.1411301 -0.06858812 -0.9908953 0.1158537 -0.7375097 0.2568539 -0.6245843 0.7378707 0.09555148 0.6681443 -0.4985319 -0.2075383 0.8416613 -0.9252201 0.3794289 0.001191426 0.6880276 0.03894438 0.7246388 -0.6321747 -0.1531841 0.7595326 -0.8457541 -0.5331614 0.02095216 0.223084 -0.8759589 -0.4277026 0.03516412 0.9099168 0.4132975 -0.925907 0.1847253 0.3295038 0.1554104 0.9875206 0.02550829 0.4046467 0.6238374 0.6686464 -0.1353207 0.990764 0.008660166 -0.8154776 -0.5051695 0.2824889 0.999457 0.004145538 -0.03268883 -0.09543436 0.9090339 -0.4056471 -0.2049283 0.97866 -0.01513202 -0.768591 -0.04050159 -0.6384572 -0.6955881 0.3151966 0.6456069 0.575995 -0.8173021 0.01572092 -0.5831696 0.8122454 0.01306095 0.1495386 -0.9720234 -0.1811319 0.6125173 0.6938736 0.3786317 -0.890829 0.4180898 -0.1778332 -0.7782236 -0.627987 -0.0005576306 0.7894866 0.05810421 -0.6110114 0.7404427 -0.07149274 0.6683064 -0.3883352 0.601493 0.6981418 -0.4526512 -0.7680399 0.4530138 -0.8328128 -0.355681 0.4241626 0.8985188 0.09254563 -0.429068 0.3798783 0.909526 -0.1686857 -0.6642202 0.6386251 0.3885478 -0.4302066 -0.9025509 -0.01800406 -0.4217271 -0.9066932 0.00733312 0.3541721 0.9323118 0.07319007 -0.6370816 -0.7695646 0.04355774 0.9457621 0.1006912 0.3088613 -0.1955844 0.9142937 -0.3547023 0.4736369 0.8801822 -0.03078023 -0.9646314 -0.263476 -0.00816518 0.4561219 0.8899146 0.002187796 -0.8575864 -0.4127084 -0.3069484 -0.5082289 0.6679496 0.5436422 0.5246904 -0.8508235 -0.02827203 -0.5118283 -0.859028 -0.01013627 -0.5430964 -0.8380749 -0.05173733 -0.1688824 0.9690813 0.1798892 -0.3084882 0.945862 0.1008962 -0.5668513 0.8225179 0.04630248 0.2913215 -0.956224 -0.02770142 0.6686169 0.7429938 0.03019356 -0.4920441 0.8238184 -0.281453 -0.3860011 -0.92083 -0.05545552 0.9198886 0.08595461 0.3826444 -0.8645047 -0.5026234 -0.001144078 0.3576573 -0.5990418 -0.7164008 -0.9020886 -0.1057499 0.4183935 0.5955699 -0.6526799 0.4683006 0.6629654 0.6852835 0.3014355 0.2882761 0.9575386 0.004075665 -0.7016444 0.6465079 0.2995374 -0.8600662 0.4262421 0.2803637 0.01248349 -0.9706372 -0.2402242 0.9482795 0.3023398 -0.09672943 -0.4620429 0.8324063 -0.3059676 0.9599643 -0.2801212 0.000798607 0.9853912 0.1682435 -0.02642595 0.1537855 -0.98802 0.01290083 0.9940187 0.1091371 0.00399369 -0.9937185 -0.1057339 0.03666012 0.9950189 0.09968419 -0.0006624734 -0.4904367 0.04389419 0.8703707 0.04176373 -0.9753379 0.2167295 -0.9722457 -0.1360761 0.1903197 0.5158826 -0.6889891 0.5090767 0.8661033 -0.4247548 0.2635307 0.5145699 0.6677575 -0.5378826 -0.9937018 -0.1118113 -0.007418798 -0.5919086 -0.09058474 -0.8008987 0.8042135 -0.5943341 -0.002767411 0.08479858 -0.570378 -0.8169934 0.9933859 0.1148163 0.001268408 -0.4839033 0.3149009 -0.8165017 0.6159407 0.3682714 -0.6964145 0.8158272 0.4927252 -0.302734 -0.5711604 -0.2605831 0.778378 -0.1913291 0.9814633 -0.01108452 -0.1926839 0.9812267 0.00819036 -0.4115793 -0.8370233 -0.3605475 0.8480082 -0.4936831 0.1927669 0.9887061 0.008250828 -0.1496399 -0.9935948 0.1086642 -0.03100772 -0.9438711 -0.3254712 -0.05635527 -0.8565401 0.3223927 0.4029913 -0.9685225 -0.2489125 0.002614707 -0.8932839 0.2051241 0.39996 -0.3711754 -0.9091679 0.1887922 0.6113075 0.7415311 -0.2764683 0.738 0.6746142 -0.01586618 0.5251269 -0.1619749 -0.8354674 -0.452549 0.8868814 -0.09295552 -0.8839795 -0.4034692 -0.2362051 -0.8021892 -0.5114139 0.308137 0.7303374 -0.267195 0.6286606 0.5002274 -0.8658276 0.01073213 -0.829108 -0.5556973 -0.06148517 0.5491162 -0.7507545 0.3672044 0.2446638 0.9503475 -0.1922998 -0.9950061 0.09977032 -0.002968262 -0.8112204 0.3732973 -0.4500783 0.695467 -0.7183581 -0.01695175 0.692613 0.3813032 -0.6122868 0.9952908 -0.09692814 0.001039363 -0.9952064 0.09779707 0 -0.7072138 0.7069893 0.003838356 -0.9847655 0.129002 0.1165994 -0.6504238 -0.6960963 -0.3039719 -0.9670285 0.004346955 0.2546309 0.8636073 -0.502215 -0.04430105 0.9561341 -0.2897205 -0.04323892 0.6399802 -0.7683498 0.008003534 -0.3527922 0.698564 0.622532 -0.4572329 0.8705469 -0.1818962 -0.5146429 -0.7514632 0.4128507 0.9686387 -0.1266958 -0.213746 -0.9322629 0.02897056 -0.3606197 0.6755824 -0.60185 -0.4258697 -0.3773187 0.9260123 0.01147857 -0.9460944 0.3233351 0.01896678 0.5525258 -0.6287201 0.5471986 -0.654794 -0.3127004 0.6880866 0.5229938 -0.7470825 0.4102989 -0.7833683 0.2606766 -0.5642533 -0.3623014 -0.8754056 -0.3200043 0.2555583 -0.9587683 0.1243112 0.7892294 0.0002769094 0.6140985 0.9637067 -0.05394556 -0.2614562 -0.87045 0.4916983 0.02344188 -0.8085496 -0.5882158 0.01580005 -0.9146442 0.4037524 0.02024833 -0.3349842 -0.9421994 -0.006773499 0.9828763 0.1823692 0.02637651 -0.6081263 0.7254229 -0.3224036 -0.3432512 -0.9386049 -0.03463418 0.9028401 0.2418806 0.3554906 -0.834022 -0.1154416 -0.5395188 0.2828822 0.9591546 0.0001874506 -0.2822776 -0.959332 -0.001210887 0.5665237 0.6679872 -0.4825391 -0.9623786 0.2708329 0.02183925 -0.2896707 -0.9571123 -0.005198362 -0.1488478 -0.9673022 -0.2053554 0.9152733 0.3969859 -0.06838863 0.05095725 -0.9897548 -0.1333743 -0.9933822 -0.03482564 0.1094482 0.1827086 0.7768862 -0.602549 0.1760754 -0.7421914 0.6466448 -0.268812 0.4936644 0.8270644 0.281184 0.9596532 0.001124731 0.1135552 -0.7005616 0.7044988 -0.2252626 0.6330162 0.7406398 -0.6182143 0.7857607 0.01977974 -0.8565888 -0.3161048 -0.4078398 0.9172069 0.06018631 0.3938389 0.08798542 0.9456979 0.3129123 0.9983617 -0.0519043 0.02408119 0.6792558 -0.3461231 0.6471556 0.9713308 0.2375914 0.008175404 -0.5897782 0.761855 0.2678407 0.1080361 -0.9936679 -0.03086071 0.9023017 0.1911424 -0.3864145 0.9520636 0.3055663 -0.01428511 -0.1229452 0.7776597 -0.6165467 0.2468361 0.7416022 0.6237772 -0.7530011 -0.6578519 0.01484106 0.7472227 0.6644593 0.01232991 -0.9529123 -0.2502301 -0.1712983 0.7597427 -0.5413 0.3602573 0.3237684 0.9310712 -0.1681678 -0.7054907 0.708719 -0.0005264145 0.1427978 -0.7954952 -0.588894 0.006021613 -0.7626277 0.6468097 0.5732719 0.4611611 0.6772664 -0.8201472 0.3745567 0.4325112 -0.4447106 0.7991846 0.4043965 0.1873432 -0.8930195 -0.4091683 0.945556 -0.2837021 -0.1594898 0.5708186 0.7330613 0.3698477 -0.9424024 0.3340491 -0.01699649 -0.9456268 0.3251801 0.006922633 0.9643618 -0.2554012 0.06911304 -0.8317134 0.5536802 0.04112362 0.1995083 -0.9350352 0.2930966 0.895155 0.2915804 -0.3371623 0.9247011 -0.3795833 -0.02905866 -0.3623357 0.9320158 -0.007708122 0.9325124 -0.361132 0.002065324 -0.5022108 0.8142177 -0.2912625 0.6215705 0.5843918 0.5216669 -0.791699 -0.6103281 -0.02669053 -0.9075894 0.4197498 -0.009568894 -0.8901252 0.4530905 -0.0488482 0.9479431 0.2691905 0.1701188 0.9091689 0.405376 0.09530085</float_array>
          <technique_common>
            <accessor source="#normals-array" count="1560" stride="3">
              <param name="X" type="float" />
              <param name="Y" type="float" />
              <param name="Z" type="float" />
            </accessor>
          </technique_common>
        </source>
        <source id="uv">
          <float_array id="uv-array" count="9360">-12.10689 0.4899917 -12.13737 1.076188 -12.12577 1.076349 -12.10434 0.4892549 -12.13173 1.076021 -12.13946 0.4889611 19.37301 0.4899917 19.34295 1.076349 19.34187 0.4892549 19.34465 0.8586151 19.07893 1.149226 19.35502 0.8681494 -12.13044 0.8586151 -12.1875 1.147289 -12.19089 1.147021 -12.11719 0.8642273 -12.1875 1.147289 -12.13044 0.8586151 19.34828 0.8642273 19.07893 1.149226 19.07617 1.147289 19.07726 1.22986 19.18543 1.114809 19.07588 1.115495 19.07726 1.22986 19.08096 1.250924 19.18543 1.114809 -12.18264 1.115495 -12.31507 1.134224 -12.18778 1.250924 -12.18778 1.250924 -12.31507 1.134224 -12.0951 1.114809 -12.31507 1.134224 -12.18947 1.061849 -12.0951 1.114809 -12.18264 1.115495 -12.18919 1.059562 -12.18918 1.068628 -12.18264 1.115495 -12.18947 1.061849 -12.18919 1.059562 -12.13096 0.8252848 -12.02674 1.040971 -12.11844 0.8214128 19.34059 0.8274037 19.41653 1.042338 19.35514 0.8252848 -12.12614 0.8274037 -12.0248 1.040887 -12.0278 1.042338 19.41798 1.151165 19.33744 1.038974 19.55418 1.024135 -12.02671 1.158987 -11.96729 0.9910936 -12.16242 1.038974 19.41886 1.173547 19.55418 1.024135 19.41896 0.9611563 -11.96729 19.27452 -12.02393 19.41896 -12.16242 19.33744 19.55418 1.024135 19.41798 0.9230859 19.41798 0.9230692 -12.16242 1.038974 -12.02393 0.9611563 -12.02669 0.9230859 -12.12705 0.8255926 -12.28846 1.04686 -12.11878 0.8321413 -12.12705 0.8255926 -12.29075 1.045606 -12.28846 1.04686 19.34752 0.8321413 19.38569 1.04686 19.38179 1.047248 -12.28898 19.38403 -12.1134 19.39611 -12.23633 19.21589 -12.28912 1.131779 -12.42027 1.034215 -12.28898 1.149007 -12.28898 1.149007 -12.31006 1.007356 -12.1134 1.038405 19.38403 1.149007 19.35608 1.034215 19.53582 1.007356 -12.31006 19.53582 -12.42027 19.35608 -12.28921 19.38382 -12.42027 1.034215 -12.28912 0.9574058 -12.28921 0.950557 -12.1134 1.038405 -12.28886 0.9651188 -12.28912 0.9574058 19.34501 0.8945213 19.17517 1.264716 19.35665 0.8956749 -12.13312 0.8945213 -11.97177 1.262937 -11.97518 1.264213 19.35665 0.8956749 19.17216 1.262937 19.34503 0.8896533 19.17323 1.345489 19.17322 1.360781 19.34271 1.296292 -11.83012 1.29514 -12.14835 1.25195 -11.97395 1.360781 -12.14835 19.14449 -11.97363 19.17353 -11.94789 19.34271 -11.83012 19.06025 -11.97172 19.17334 -11.99206 19.01238 19.17334 1.173324 19.17323 1.182307 19.01238 1.214839 -12.14835 1.25195 -11.97339 1.182307 -11.97363 1.164362 -12.13271 0.7804836 -12.101 1.184154 -12.11732 0.7808487 19.35117 0.7808487 19.60184 1.185458 19.34195 0.7862965 19.35117 0.7808487 19.60429 1.184154 19.60184 1.185458 19.60285 1.283671 19.44395 1.182233 19.60283 1.287445 -12.1021 19.60285 -11.97113 19.68771 -12.04617 19.44395 19.60317 1.314271 19.44395 1.182233 19.71031 1.151354 -11.97113 1.20534 -12.23772 1.151354 -12.10192 1.075069 19.44395 1.182233 19.60285 1.074324 19.71031 1.151354 19.44395 1.182233 19.60285 1.075069 19.60285 1.074324 -12.23772 1.151354 -12.10212 1.074324 -12.10211 1.088919 -12.1215 0.844517 -12.28487 1.072456 -12.28164 1.073197 -12.13247 0.836606 -12.28487 1.072456 -12.1215 0.844517 19.35113 0.836606 19.1997 1.071216 19.20249 1.072456 19.20094 1.168023 19.19794 1.205738 19.08398 1.080031 -12.28345 1.190308 -12.17207 1.080644 -12.28371 1.205738 19.20094 1.168023 19.08398 1.080031 19.20441 1.190308 19.20441 1.190308 19.08398 1.080031 19.21249 0.9871501 -12.17207 1.080644 -12.37525 1.080031 -12.28371 1.205738 -12.28345 1.190308 -12.41542 0.9871501 -12.17207 1.080644 -12.17207 1.080644 -12.28359 0.9536816 -12.37525 1.080031 19.20427 0.9590899 19.20016 0.9536816 19.26665 1.080644 -12.41542 0.9871501 -12.27834 0.9590899 -12.17207 1.080644 -12.13139 0.8780301 -11.99095 1.128898 -12.11787 0.872059 19.35471 0.8780301 19.35683 1.129921 19.36032 1.130275 -12.11787 0.872059 -11.99297 1.129921 -12.12654 0.8763002 -11.99149 1.187216 -11.98929 1.097453 -11.99544 1.098174 -11.99149 1.187216 -11.99922 1.122369 -11.98929 1.097453 -12.12032 0.7666369 -12.28443 1.089926 -12.28111 1.09139 -12.1201 0.7713733 -12.283 1.091758 -12.13267 0.7639744 19.35542 0.7666369 19.50219 1.09139 19.34399 0.7713733 19.5013 1.159062 19.36312 1.100338 19.50223 1.182549 19.5013 1.184669 19.36312 1.100338 19.5013 1.159062 -12.28376 1.182549 -12.22042 1.103217 -12.28288 1.184669 -12.28376 1.182549 -12.46516 1.07882 -12.22042 1.103217 19.36312 1.100338 19.5025 0.9952384 19.50127 1.012187 19.62211 1.103217 19.5025 0.9952384 19.36312 1.100338 -12.46516 1.07882 -12.28289 1.011825 -12.22042 1.103217 -12.23171 19.36312 -12.28286 19.50127 -12.46516 19.46859 19.34606 0.862324 19.08837 1.049056 19.35374 0.8707043 -12.11738 19.34725 -12.09235 19.08609 -12.13281 19.34606 19.34725 0.8612926 19.08837 1.049056 19.08668 1.046631 19.08566 1.162945 18.89112 1.044239 19.08697 1.134331 19.08566 1.162945 19.14613 1.034305 18.89112 1.044239 -12.09131 1.122488 -12.09089 0.964462 -11.94398 1.034305 19.08697 1.134331 18.89112 1.044239 19.08928 0.964462 18.89112 1.044239 19.08631 0.9491516 19.08928 0.964462 -11.94398 1.034305 -12.09089 0.964462 -12.09158 0.9397471 -12.10689 0.4899917 -12.13946 0.4889611 -12.13737 1.076188 19.35935 0.4889611 19.33371 1.076021 19.34476 1.076188 19.34187 0.4892549 19.34295 1.076349 19.33371 1.076021 19.34465 0.8586151 19.07664 1.147021 19.07893 1.149226 19.34828 0.8642273 19.35502 0.8681494 19.07893 1.149226 -12.31507 1.134224 -12.18264 1.115495 -12.18918 1.068628 19.07588 1.115495 19.18543 1.114809 19.07698 1.061849 -12.18947 1.061849 -12.31507 1.134224 -12.18918 1.068628 19.35514 0.8252848 19.41653 1.042338 19.42001 1.040971 19.34059 0.8274037 19.35129 0.8214128 19.41756 1.040887 19.35129 0.8214128 19.42001 1.040971 19.41756 1.040887 19.41798 1.151165 19.55418 1.024135 19.41886 1.173547 -12.02669 1.151165 -12.02671 1.158987 -12.16242 1.038974 19.41787 1.158987 19.41886 1.173547 19.27452 0.9910936 19.41886 1.173547 19.41896 0.9611563 19.27452 0.9910936 19.55418 1.024135 19.41798 0.9230692 19.41896 0.9611563 19.55418 1.024135 19.33744 1.038974 19.41798 0.9230859 19.35657 0.8255926 19.34507 0.8241519 19.38405 1.045606 -12.13169 0.8241519 -12.28868 1.047248 -12.29075 1.045606 -12.13169 0.8241519 -12.11878 0.8321413 -12.28868 1.047248 19.38361 1.146955 19.38403 1.149007 19.21589 1.050116 -12.28912 1.131779 -12.28915 1.146955 -12.42027 1.034215 -12.42027 19.35608 -12.28915 19.38361 -12.23633 19.21589 -12.42027 19.35608 -12.23633 19.21589 -12.28912 19.38369 -12.23633 19.21589 -12.1134 19.39611 -12.28912 19.38369 -12.1134 19.39611 -12.31006 19.53582 -12.28886 19.38424 19.53582 1.007356 19.38382 0.950557 19.38424 0.9651188 19.34501 0.8945213 19.17233 1.264213 19.17517 1.264716 -12.13312 0.8945213 -12.11939 0.8896533 -11.97177 1.262937 19.35665 0.8956749 19.17517 1.264716 19.17216 1.262937 -11.97338 1.342317 -11.83012 1.29514 -11.97395 1.360781 -11.97338 19.17323 -11.94789 19.34271 -11.83012 19.06025 19.17323 1.342317 19.17323 1.345489 19.34271 1.296292 -11.97395 19.17322 -12.14835 19.14449 -11.94789 19.34271 -12.14835 19.14449 -11.83012 19.06025 -11.99206 19.01238 19.06025 1.29514 19.34271 1.296292 19.17334 1.173324 19.17334 1.173324 19.34271 1.296292 19.17353 1.164362 -12.14835 19.14449 -11.99206 19.01238 -11.97339 19.17323 -12.13271 0.7804836 -12.10417 1.18521 -12.101 1.184154 19.35325 0.7804836 19.34195 0.7862965 19.60263 1.18521 -12.12569 0.7862965 -12.10041 1.185458 -12.10417 1.18521 19.60283 1.287445 19.44395 1.182233 19.60317 1.314271 -12.1021 1.283671 -12.10265 1.314271 -11.97113 1.20534 -12.10265 1.314271 -12.23772 1.151354 -11.97113 1.20534 19.68771 1.20534 19.60285 1.075069 19.44395 1.182233 -12.10192 1.075069 -12.23772 1.151354 -12.10211 1.088919 -12.13247 19.35113 -12.12452 19.34149 -12.28437 19.1997 -12.12452 0.8359627 -12.28164 1.073197 -12.28437 1.071216 19.34149 0.8359627 19.35387 0.844517 19.2004 1.073197 -12.41542 19.21249 -12.37525 19.08398 -12.28359 19.20016 -12.13139 0.8780301 -11.99403 1.130275 -11.99095 1.128898 19.35471 0.8780301 19.34098 0.8763002 19.35683 1.129921 19.35064 0.872059 19.35995 1.128898 19.35683 1.129921 -12.12032 0.7666369 -12.13267 0.7639744 -12.28443 1.089926 19.3491 0.7639744 19.49934 1.091758 19.50237 1.089926 19.34399 0.7713733 19.50219 1.09139 19.49934 1.091758 19.5013 1.184669 19.62211 1.103217 19.36312 1.100338 -12.28376 19.50223 -12.23171 19.36312 -12.46516 19.46859 19.5025 0.9952384 19.62211 1.103217 19.50131 1.011825 -12.46516 1.07882 -12.28286 1.012187 -12.28289 1.011825 19.34606 0.862324 19.08609 1.04646 19.08837 1.049056 -12.11738 19.34725 -12.08897 19.08668 -12.09235 19.08609 19.34725 0.8612926 19.35374 0.8707043 19.08837 1.049056 -12.09131 1.122488 -11.94398 1.034305 -12.09055 1.162945 19.08697 1.134331 19.08928 0.964462 19.08913 1.122488 18.89112 1.044239 19.08344 0.9397471 19.08631 0.9491516 -12.09419 18.89112 -11.94398 19.14613 -12.09158 19.08344 16.439 0.4476268 16.4797 1.101483 16.47031 1.101663 -12.13181 0.446805 -12.12575 1.101297 -12.09929 0.4464773 -12.103 0.4476268 -12.12046 1.101663 -12.13181 0.446805 16.46606 0.7769772 16.4323 1.313409 16.42934 1.312723 -12.11876 0.7753899 -12.21157 1.313409 -12.10733 0.7769772 16.46256 0.7738181 16.42934 1.312723 16.43261 1.312728 16.43128 1.417497 16.58397 1.292706 16.43146 1.419045 -12.27777 16.58397 -12.05982 16.42044 -12.21352 16.43137 -12.05982 1.313921 -12.21366 1.210826 -12.31156 1.322177 16.30365 1.322177 16.43142 1.200065 16.58397 1.292706 16.30365 1.322177 16.43074 1.210826 16.43142 1.200065 16.47553 0.8566518 16.34951 1.206967 16.46353 0.8492467 -12.11461 0.8566518 -11.9056 1.208078 -11.90278 1.206967 -11.90386 1.294876 -11.90381 1.309685 -12.01482 1.227197 -11.90381 1.309685 -11.91273 1.13959 -12.01482 1.227197 -12.01482 1.227197 -11.91273 1.13959 -11.90381 1.108242 -12.10722 0.7932807 -12.16469 1.067557 -12.1205 0.795313 -12.11833 0.7888928 -12.16335 1.065957 -12.10722 0.7932807 -12.11833 0.7888928 -12.16665 1.06609 -12.16335 1.065957 -12.16463 16.60782 -12.05164 16.58156 -12.11355 16.47489 -12.11355 16.47489 -12.05164 16.58156 -12.16732 16.60804 -12.05164 1.062294 -12.16463 0.958635 -12.16732 1.002197 -12.05164 1.062294 -12.16443 0.9897808 -12.16463 0.958635 16.46189 0.874421 16.1973 1.100076 16.1963 1.097365 -12.12313 16.46993 -12.22307 16.19858 -12.11011 16.46948 16.46993 0.8813172 16.1963 1.097365 16.19858 1.099946 16.19738 1.21099 16.02372 1.08859 16.33041 1.080053 -12.06936 1.093183 -12.32403 1.08859 -12.2218 1.230524 -12.22173 1.230139 -12.35628 1.080053 -12.06936 1.093183 -12.32403 16.02372 -12.06936 16.15208 -12.22164 16.19732 16.02372 1.08859 16.19732 0.9865887 16.19805 0.9721246 -12.06936 1.093183 -12.22112 0.9721246 -12.22162 0.9686603 16.47338 0.7688066 16.52542 1.061566 16.462 0.7700039 -12.1228 0.7762855 -11.96687 1.062268 -11.96933 1.06335 -11.96771 1.135918 -12.10446 1.024443 -11.96709 1.175636 -11.96771 1.135918 -11.958 1.059584 -12.10446 1.024443 -11.96771 16.52358 -11.82214 16.58334 -11.958 16.44246 -11.96771 1.135918 -11.96768 1.163205 -11.82214 1.077529 -11.96768 1.163205 -11.96709 1.175636 -11.82214 1.077529 -11.96709 1.175636 -12.10446 1.024443 -11.82214 1.077529 16.58334 1.077529 16.52539 0.9554011 16.44246 1.059584 -12.10446 1.024443 -11.96768 0.9554011 -11.82214 1.077529 -11.958 1.059584 -11.96771 0.981938 -12.10446 1.024443 16.44246 1.059584 16.52539 0.9554011 16.52359 0.9821135 -12.1123 0.9375218 -12.22178 1.107423 -12.22386 1.106396 16.46677 0.929722 16.49206 1.106396 16.49587 1.105468 -12.1123 0.9375218 -12.22386 1.106396 -12.12223 0.929722 16.49554 1.201181 16.48544 1.018299 16.4933 1.203611 -12.22288 1.201181 -12.22567 1.180846 -12.22104 1.015692 -12.22236 1.203611 -12.21367 1.018299 -12.33533 1.05436 -12.22567 1.180846 -12.33533 1.05436 -12.22104 1.015692 16.47523 0.9719452 16.34027 1.271551 16.46287 0.9653108 16.47523 0.9719452 16.34073 1.272662 16.34327 1.273213 -12.12267 0.968455 -12.0435 1.271551 -12.04723 1.272662 16.17689 1.265119 16.34167 1.21732 16.34225 1.419847 16.34087 1.421392 16.49448 1.250896 16.17689 1.265119 16.34167 1.21732 16.49448 1.250896 16.34225 1.419847 16.17689 1.265119 16.49448 1.250896 16.341 1.131366 16.49448 1.250896 16.34141 1.14925 16.341 1.131366 16.46915 0.8046549 16.70865 1.210207 16.46017 0.8121221 -12.10715 0.8046549 -12.05528 1.208489 -12.05166 1.208416 16.46017 0.8121221 16.71176 1.208489 16.47175 0.8053612 16.71046 1.310731 16.58063 1.180716 16.7101 1.33129 16.71046 1.310731 16.70989 1.325614 16.58063 1.180716 16.70989 1.325614 16.7101 1.33129 16.86369 1.203374 16.7101 1.33129 16.66391 1.190813 16.86369 1.203374 -11.95432 1.180716 -12.2355 1.190813 -12.0539 1.33129 16.86369 1.203374 16.58063 1.180716 16.70989 1.325614 -12.2355 16.66391 -11.95432 16.58063 -12.05387 16.7104 16.86369 1.203374 16.71037 1.099021 16.58063 1.180716 16.58063 1.180716 16.71037 1.099021 16.7104 1.09029 16.86369 1.203374 16.71046 1.122182 16.71037 1.099021 16.86369 1.203374 16.7104 1.09029 16.71046 1.122182 16.46686 0.8196196 16.38839 1.057974 16.38526 1.056229 -12.12166 0.8154641 -12.21578 1.056276 -12.21248 1.057974 16.46107 0.8124326 16.38756 1.056276 16.47215 0.8154641 -12.21387 16.38717 -12.33483 16.42567 -12.2108 16.39768 -12.21386 16.38718 -12.2108 16.39768 -12.16114 16.25159 -12.16114 1.082854 -12.21393 0.924951 -12.33483 1.07226 -12.21393 0.924951 -12.2148 0.9308116 -12.33483 1.07226 -12.33483 1.07226 -12.2148 0.9308116 -12.08616 1.010754 -12.08616 16.48294 -12.21385 16.38716 -12.16114 16.25159 16.439 0.4476268 16.47447 0.4464773 16.4797 1.101483 -12.09929 0.4464773 -12.12575 1.101297 -12.11323 1.101483 16.45185 0.446805 16.47031 1.101663 16.48007 1.101297 -12.11876 0.7753899 -12.21521 1.312728 -12.21157 1.313409 16.47453 0.7753899 16.46256 0.7738181 16.43261 1.312728 -12.12253 0.7738181 -12.10733 0.7769772 -12.21405 1.312723 16.43128 1.417497 16.30365 1.322177 16.58397 1.292706 16.43137 1.400585 16.43146 1.419045 16.58397 1.292706 -12.21348 1.417497 -12.05982 1.313921 -12.31156 1.322177 -12.21348 1.417497 -12.21352 1.400585 -12.05982 1.313921 -12.21366 1.210826 -12.05982 1.313921 -12.21356 1.223647 -12.05982 16.42044 -12.27777 16.58397 -12.21356 16.43142 16.58397 1.292706 16.43142 1.200065 16.43142 1.223647 16.46353 0.8492467 16.34951 1.206967 16.34573 1.206252 16.47553 0.8566518 16.46155 0.8561414 16.3476 1.208078 -12.12169 0.8561414 -11.90377 1.206252 -11.9056 1.208078 -12.12169 0.8561414 -12.10969 0.8492467 -11.90377 1.206252 16.34745 1.309685 16.36357 1.210049 16.35233 1.13959 -11.91844 1.210049 -11.90386 1.294876 -12.01482 1.227197 16.35233 1.13959 16.36357 1.210049 16.36503 1.107079 -11.91844 1.210049 -12.01482 1.227197 -11.90381 1.108242 16.36503 1.107079 16.36357 1.210049 16.34788 1.108242 16.46935 0.7932807 16.60933 1.065957 16.60594 1.067557 16.47357 0.7888928 16.46092 0.795313 16.60796 1.06609 16.46092 0.795313 16.60594 1.067557 16.60796 1.06609 16.60783 1.167043 16.47489 1.120065 16.60865 1.16208 16.60783 1.167043 16.60782 1.158528 16.47489 1.120065 -12.16463 1.158528 -12.16565 1.16208 -12.05164 1.062294 16.47489 1.120065 16.60804 1.002197 16.60865 1.16208 -12.16565 1.16208 -12.16443 0.9897808 -12.05164 1.062294 -12.16565 1.16208 -12.16732 1.002197 -12.16443 0.9897808 16.46189 0.874421 16.46948 0.8873733 16.1973 1.100076 -12.11011 16.46948 -12.22307 16.19858 -12.2196 16.1973 16.46993 0.8813172 16.46189 0.874421 16.1963 1.097365 16.19761 1.230139 16.15208 1.093183 16.19726 1.230524 -12.22173 1.230139 -12.22164 1.21099 -12.35628 1.080053 16.19738 1.21099 16.19726 1.230524 16.02372 1.08859 -12.35628 1.080053 -12.22112 0.9721246 -12.06936 1.093183 -12.35628 16.33041 -12.32403 16.02372 -12.22112 16.19805 -12.06936 1.093183 -12.22162 0.9686603 -12.22164 0.9865887 16.462 0.7700039 16.52542 1.061566 16.5217 1.062268 -12.11141 0.7688066 -12.1228 0.7762855 -11.96702 1.061566 -12.1228 0.7762855 -11.96933 1.06335 -11.96702 1.061566 -12.1228 0.7762855 -12.10931 0.7700039 -11.96687 1.062268 -11.96768 0.9554011 -12.10446 1.024443 -11.96771 0.981938 16.44246 1.059584 16.52359 0.9821135 16.52358 0.981938 16.45997 0.9375218 16.47224 0.9373547 16.4942 1.107423 -12.10943 0.9373547 -12.22428 1.105468 -12.22178 1.107423 -12.10943 0.9373547 -12.12223 0.929722 -12.22428 1.105468 16.4933 1.203611 16.39287 1.05436 16.49429 1.180846 16.49554 1.201181 16.49358 1.015692 16.48544 1.018299 -12.22104 1.015692 -12.33533 1.05436 -12.22351 1.010912 -12.33533 16.39287 -12.21367 16.48544 -12.22351 16.49415 16.47523 0.9719452 16.34327 1.273213 16.34027 1.271551 16.47523 0.9719452 16.4625 0.968455 16.34073 1.272662 -12.12267 0.968455 -12.10912 0.9653108 -12.0435 1.271551 16.33992 1.422227 16.17689 1.265119 16.34225 1.419847 -12.04468 1.421392 -12.04618 1.419847 -12.00718 1.250896 16.34087 1.421392 16.17689 1.265119 16.33992 1.422227 16.17689 1.265119 16.341 1.131366 16.34167 1.21732 16.49448 1.250896 16.34167 1.21732 16.34141 1.14925 16.46915 0.8046549 16.71095 1.208416 16.70865 1.210207 -12.10715 0.8046549 -12.12174 0.8053612 -12.05528 1.208489 16.46017 0.8121221 16.70865 1.210207 16.71176 1.208489 -12.2355 16.66391 -12.05387 16.7104 -12.04135 16.86369 -12.10768 0.8196196 -12.12166 0.8154641 -12.21248 1.057974 16.46107 0.8124326 16.38526 1.056229 16.38756 1.056276 -12.11975 0.8124326 -12.10768 0.8196196 -12.21401 1.056229 -12.21387 1.164338 -12.21386 1.166886 -12.33483 1.07226 16.38718 1.166886 16.25159 1.082854 16.42567 1.07226 -12.08616 1.010754 -12.2108 1.166866 -12.33483 1.07226 16.25159 1.082854 16.39768 1.166866 16.48294 1.010754 16.38537 0.924951 16.25159 1.082854 16.38716 0.9576734 -12.08616 1.010754 -12.2148 0.9308116 -12.21385 0.9576734 -13.12487 0.3452041 -13.09788 1.093298 -13.10966 1.093503 -13.13113 0.3442639 -13.10482 1.093085 -13.09405 0.3438889 17.86244 0.3452041 17.89465 1.093503 17.89315 0.3442639 -13.10567 0.8474882 -13.15171 1.194798 -13.14796 1.194724 -13.11758 0.8421496 -13.15171 1.194798 -13.10567 0.8474882 17.88874 0.8421496 17.74862 1.193385 17.75142 1.194798 -13.14982 1.346099 -13.01024 1.202246 -13.14277 1.239676 17.89452 1.166427 17.7239 1.202246 17.75001 1.346099 -13.01024 1.202246 -13.14975 1.021103 -13.14277 1.239676 17.89452 1.166427 17.75005 1.044391 17.7239 1.202246 17.89452 1.166427 17.7503 1.065275 17.75005 1.044391 17.89452 1.166427 17.74885 1.021103 17.7503 1.065275 17.75056 1.221983 17.74885 1.021103 17.89452 1.166427 -13.1106 0.7166311 -13.00498 1.32088 -13.00799 1.321333 -13.10137 0.7133216 -13.00498 1.32088 -13.1106 0.7166311 17.88032 0.7166311 17.94852 1.321333 17.89581 0.7151388 -13.00598 1.417481 -12.85074 1.32118 -13.00596 1.441945 -13.00598 17.94847 -13.06922 18.12779 -12.85074 17.99264 17.94847 1.417481 17.94842 1.437651 18.12779 1.303013 17.94842 1.437651 17.94838 1.441945 17.78894 1.305481 -13.00596 1.441945 -12.85074 1.32118 -13.08272 1.305481 17.78894 1.305481 17.94841 1.213903 17.94845 1.203326 -12.85074 1.32118 -13.00595 1.225666 -13.00597 1.213903 -13.10705 17.89633 -13.30484 17.91562 -13.1093 17.8808 -13.11284 0.9373897 -13.30633 1.06532 -13.10705 0.9488534 -13.11284 17.8909 -13.30634 17.91274 -13.30633 17.91631 -13.30587 17.91497 -13.47803 17.89801 -13.28257 18.05374 -13.30642 1.219883 -13.47803 1.087111 -13.30587 1.196872 18.05374 1.120255 17.81219 1.028025 17.91345 1.219883 18.05374 1.120255 17.92871 0.9095979 17.81219 1.028025 17.88622 0.8998701 17.76163 1.280766 17.75884 1.280057 -13.11331 0.9075925 -13.02557 1.281954 -13.02181 1.280766 17.8817 0.9014384 17.76161 1.281954 17.89492 0.9075925 -13.15193 1.237851 -12.9541 1.221846 -13.02277 1.47052 17.63789 1.234147 17.76074 1.124445 17.76071 1.11025 -13.11678 0.8011807 -13.09045 1.209639 -13.0939 1.209762 17.88623 0.7990178 18.12315 1.207493 18.12029 1.209639 17.88465 0.8011807 18.12315 1.207493 17.89538 0.7922805 -13.09222 1.319282 -13.13732 1.195622 -13.09389 1.33294 18.1213 1.319282 18.01797 1.258668 18.1498 1.195622 -13.09389 1.33294 -12.96801 1.194652 -13.09221 1.328815 18.01797 1.258668 18.12139 1.083745 18.1498 1.195622 -12.96801 1.194652 -13.09184 1.083745 -13.16092 1.258668 -13.10215 1.204067 -13.09184 1.083745 -12.96801 1.194652 -13.1162 0.7891004 -13.25948 1.004741 -13.10391 0.7973996 17.89423 0.7891004 17.7481 1.002376 17.75102 1.004741 -13.25849 17.74931 -13.36794 17.86156 -13.11861 17.82099 -13.25849 17.74931 -13.29283 17.56492 -13.36794 17.86156 17.74926 1.111738 17.74919 1.104826 17.56492 1.016717 -13.25849 1.109733 -13.11861 1.061104 -13.2585 1.104826 -13.2585 17.74919 -13.11861 17.82099 -13.29283 17.56492 17.74931 0.8871991 17.74931 0.918996 17.86156 1.047902 17.75072 0.9039393 17.74931 0.8871991 17.56492 1.016717 17.89152 0.662928 17.88108 1.004484 17.8776 1.003385 -13.11341 0.6743043 -12.82096 1.004484 -13.10406 0.662928 17.87986 0.6703069 17.87788 1.006292 17.8948 0.6743043 17.87903 1.131911 17.97477 1.002511 17.87855 1.151754 17.86513 1.017058 17.97477 1.002511 17.87903 1.131911 -12.78771 0.9329736 -12.82105 0.8676421 -12.81205 1.017058 -13.10284 0.7581769 -13.22528 1.19261 -13.22859 1.191861 17.89725 0.7520529 17.98443 1.19261 17.88496 0.7581769 17.89725 0.7520529 17.98276 1.191861 17.98632 1.191314 -13.22725 17.98435 -13.21404 17.90009 -13.37054 18.01465 -13.37054 1.193971 -13.25027 1.128272 -13.22679 1.345149 -13.21404 1.30881 -13.23127 1.081205 -13.37054 1.193971 -13.23127 1.081205 -13.22731 1.045327 -13.37054 1.193971 -13.10259 0.6814719 -13.0978 1.327236 -13.11637 0.6821711 17.89682 0.6880638 17.65754 1.32732 17.88408 0.6814719 17.89682 0.6880638 17.65714 1.327236 17.66009 1.32866 17.65823 1.46625 17.8097 1.327257 17.65721 1.411484 -13.27279 1.343096 -13.09375 1.411484 -13.09682 1.180669 17.8097 1.327257 17.65828 1.164381 17.65721 1.411484 17.62486 1.343096 17.65738 1.180669 17.8097 1.327257 -13.09486 1.164381 -13.09682 1.180669 -13.09375 1.411484 17.8097 1.327257 17.65822 1.218788 17.65828 1.164381 -13.12487 0.3452041 -13.09405 0.3438889 -13.09788 1.093298 17.87994 0.3438889 17.90456 1.093085 17.89423 1.093298 17.89315 0.3442639 17.89465 1.093503 17.90456 1.093085 -13.10798 0.8394102 -13.14796 1.194724 -13.15093 1.193385 17.881 0.8394102 17.89502 0.8474882 17.7502 1.194724 -13.11758 0.8421496 -13.10798 0.8394102 -13.15093 1.193385 17.75056 1.221983 17.89452 1.166427 17.75001 1.346099 -13.14277 1.239676 -13.14975 1.021103 -13.21079 1.221983 -13.14975 1.021103 -13.01024 1.202246 -13.14978 1.044391 17.88837 0.7133216 17.94968 1.320299 17.94665 1.32088 -13.10137 0.7133216 -13.1134 0.7151388 -13.00432 1.320299 -13.1134 0.7151388 -13.00799 1.321333 -13.00432 1.320299 17.94842 1.437651 17.78894 1.305481 18.12779 1.303013 18.12779 1.303013 17.94845 1.203326 17.94845 1.225666 18.12779 1.303013 17.78894 1.305481 17.94845 1.203326 -13.08272 1.305481 -12.85074 1.32118 -13.00597 1.213903 -12.85074 17.99264 -13.06922 18.12779 -13.00595 17.94845 -13.1093 0.9483364 -13.30484 1.068906 -13.30634 1.066378 -13.10705 0.9488534 -13.30633 1.06532 -13.30484 1.068906 -13.11284 0.9373897 -13.1093 0.9483364 -13.30634 1.066378 17.91486 1.179263 17.91497 1.196872 18.05374 1.120255 17.91486 1.179263 18.05374 1.120255 17.91345 1.219883 -13.30642 1.219883 -13.30766 1.028025 -13.47803 1.087111 18.05374 1.120255 17.91651 0.8993168 17.92871 0.9095979 -13.28257 1.120255 -13.47803 1.087111 -13.30614 0.8993168 -13.47803 1.087111 -13.30766 1.028025 -13.30614 0.8993168 -13.11352 0.9014384 -13.10188 0.8998701 -13.02375 1.280057 -13.10188 0.8998701 -13.11331 0.9075925 -13.02181 1.280766 17.8817 0.9014384 17.75884 1.280057 17.76161 1.281954 -13.02371 1.443549 -13.15193 1.237851 -13.02277 1.47052 -13.02371 1.443549 -13.02739 1.462123 -13.15193 1.237851 -13.02739 1.462123 -13.02277 1.47052 -12.99407 1.234147 17.75787 1.462123 17.63789 1.234147 17.84357 1.237851 17.76151 1.47052 17.88972 1.221846 17.63789 1.234147 17.63789 1.234147 17.76065 1.11797 17.84357 1.237851 -12.9541 17.88972 -13.15193 17.84357 -13.02373 17.76074 -13.15193 1.237851 -13.02378 1.11797 -13.02373 1.124445 17.63789 1.234147 17.76071 1.11025 17.76065 1.11797 17.63789 1.234147 17.88972 1.221846 17.76074 1.124445 -13.11678 0.8011807 -13.10139 0.7990178 -13.09045 1.209639 17.88623 0.7990178 17.89538 0.7922805 18.12315 1.207493 17.88465 0.8011807 18.12039 1.209762 18.12315 1.207493 18.1213 1.319282 18.1213 1.328815 18.01797 1.258668 -13.16092 1.258668 -13.09221 1.328815 -12.96801 1.194652 -13.09389 1.33294 -13.10215 1.204067 -12.96801 1.194652 -13.09389 1.33294 -13.13732 1.195622 -13.10215 1.204067 -13.10781 0.7856296 -13.25679 1.004755 -13.2592 1.002376 17.88147 0.7856296 17.89019 0.7973996 17.74814 1.004755 -13.10391 17.89019 -13.25948 17.75102 -13.25679 17.74814 17.89423 0.7891004 17.88147 0.7856296 17.7481 1.002376 17.74931 1.109733 17.74926 1.111738 17.56492 1.016717 17.82099 1.061104 17.75072 0.9039393 17.56492 1.016717 -13.11861 1.061104 -13.36794 1.047902 -13.25461 0.9039393 17.86156 1.047902 17.56492 1.016717 17.74931 0.8871991 17.75072 0.9039393 17.86156 1.047902 17.74931 0.918996 -13.11058 0.6703069 -12.82016 1.003385 -12.82257 1.006292 -13.11058 0.6703069 -13.10406 0.662928 -12.82016 1.003385 -13.11341 0.6743043 -12.82257 1.006292 -12.82096 1.004484 17.87855 1.151754 17.88802 0.9329736 17.86513 1.017058 -12.81907 1.151754 -12.91133 1.002511 -12.78771 0.9329736 17.97477 1.002511 17.86513 1.017058 17.87853 0.8676421 -12.78771 0.9329736 -12.91133 1.002511 -12.82126 0.8832068 17.97477 1.002511 17.87853 0.8676421 17.87888 0.8832068 -13.11603 0.7537042 -13.10284 0.7581769 -13.22859 1.191861 -13.10913 0.7520529 -13.22717 1.191314 -13.22528 1.19261 17.89725 0.7520529 17.88335 0.7537042 17.98276 1.191861 -13.22679 1.345149 -13.22725 1.309682 -13.37054 1.193971 17.98435 1.309682 17.98435 1.31763 17.90009 1.30881 17.98435 1.31763 17.98474 1.345149 17.90009 1.30881 17.98474 1.345149 17.9976 1.127716 17.90009 1.30881 17.9976 1.127716 17.98474 1.345149 18.13433 1.128272 -13.21404 1.30881 -13.16459 1.127716 -13.23127 1.081205 -13.37054 18.01465 -13.22731 17.98433 -13.25027 18.13433 18.13433 1.128272 17.98433 1.045327 17.9976 1.127716 -13.10259 0.6814719 -13.09392 1.32732 -13.0978 1.327236 17.89682 0.6880638 17.66009 1.32866 17.65754 1.32732 17.89682 0.6880638 17.88467 0.6821711 17.65714 1.327236 17.65823 1.46625 17.65826 1.483648 17.8097 1.327257 -13.09603 17.65826 -13.27279 17.62486 -13.10176 17.8097 -13.09603 1.483648 -13.09375 1.411484 -13.27279 1.343096 17.8097 1.327257 17.65738 1.180669 17.65822 1.218788 -12.51893 0.4156553 -12.49656 1.251847 -12.51061 1.252077 -12.53558 0.4146043 -12.50788 1.251609 -12.48773 0.4141852 17.1211 0.4156553 17.16379 1.252077 17.15557 0.4146043 -12.51631 0.8879006 -12.48295 1.521614 -12.48734 1.522056 17.16671 0.882789 17.30794 1.521614 17.15404 0.885879 17.14948 0.8879006 17.31102 1.520903 17.16671 0.882789 -12.46152 17.2527 -12.68025 17.2066 -12.48556 17.30871 17.3091 1.689657 17.2066 1.565457 17.52462 1.459451 -12.68025 17.2066 -12.49194 17.16852 -12.48594 17.30882 17.2527 1.610775 17.52462 1.459451 17.30876 1.375691 17.52462 1.459451 17.30882 1.353374 17.30876 1.375691 -12.51107 0.9309435 -12.71776 1.454047 -12.72209 1.451918 -12.51731 0.9334599 -12.72073 1.453972 -12.49956 0.9402988 17.16187 0.9334599 16.97921 1.451918 16.98272 1.453972 17.14805 0.9309435 16.97921 1.451918 17.16187 0.9334599 -12.86767 1.445609 -12.56602 1.429265 -12.71931 1.601156 -12.72172 1.544578 -12.71291 1.438538 -12.86767 1.445609 -12.71291 1.438538 -12.72082 1.330397 -12.86767 1.445609 -12.49899 0.9475094 -12.35178 1.366069 -12.51531 0.9545908 17.15371 0.9475094 17.13604 1.36562 17.13277 1.364329 17.16638 0.9541009 17.1316 1.366069 17.13604 1.36562 -12.34987 17.13332 -12.31561 17.2541 -12.16254 17.02708 17.13345 1.507815 17.2541 1.48623 17.13332 1.526708 17.01707 1.405313 17.15272 1.256128 17.2541 1.48623 -12.54375 1.256128 -12.35149 1.204117 -12.31561 1.48623 -12.16254 1.357691 -12.34992 1.205755 -12.4851 1.405313 -12.50236 0.9163004 -12.74601 1.386334 -12.74998 1.384984 17.16578 0.9059657 17.39527 1.386334 17.15172 0.9163004 17.39548 1.509837 17.39543 1.50391 17.57839 1.431021 17.39543 1.50391 17.37042 1.529225 17.47835 1.356073 -12.74835 1.496793 -12.70862 1.529225 -12.74836 1.50391 -12.70862 17.37042 -12.84478 17.57839 -12.53519 17.43695 -12.70862 1.529225 -12.53519 1.347338 -12.75111 1.287431 -12.84478 17.57839 -12.92723 17.47835 -12.53519 17.43695 -12.92723 1.356073 -12.74835 1.233813 -12.74838 1.240356 -12.92723 1.356073 -12.75111 1.287431 -12.74835 1.233813 -12.53519 1.347338 -12.74838 1.240356 -12.75111 1.287431 -12.50588 0.8819294 -12.50759 1.242914 -12.51142 1.242984 17.16358 0.890743 16.97997 1.242914 17.14832 0.8819294 17.15787 0.8873976 16.98012 1.242984 16.98366 1.24502 -12.51238 1.275586 -12.66448 1.229823 -12.50914 1.374323 -12.50914 16.98157 -12.66448 17.01406 -12.40961 17.22057 -12.51238 1.275586 -12.50382 1.215545 -12.51046 1.098792 -12.66448 1.229823 -12.51046 1.098792 -12.50941 1.123983 17.22057 1.231516 16.98155 1.123983 16.97927 1.215545 -12.50026 1.057694 -12.395 1.221057 -12.51439 1.067167 -12.51121 17.16579 -12.3942 17.27694 -12.50026 17.15081 -12.51121 1.053669 -12.39773 1.220046 -12.3942 1.217675 -12.51439 17.15331 -12.395 17.27383 -12.39773 17.27757 17.27609 1.333048 17.27701 1.366181 17.46793 1.211368 17.27613 1.361 17.27672 1.178083 17.27701 1.366181 17.27609 1.333048 17.46793 1.211368 17.27613 1.361 17.27701 1.366181 17.27672 1.178083 17.46793 1.211368 -12.39528 1.361 -12.40309 1.209083 -12.41311 1.178083 -12.39528 1.361 -12.35985 1.194735 -12.40309 1.209083 17.46793 1.211368 17.30143 1.194735 17.27613 1.361 -12.43049 17.46793 -12.41311 17.27672 -12.35985 17.30143 -12.50643 0.7881554 -12.65436 1.251085 -12.65769 1.249848 17.16397 0.7913185 17.12841 1.251085 17.14705 0.7881554 -12.65552 1.398368 -12.65529 1.432748 -12.50025 1.162688 17.12984 1.419109 17.28281 1.210031 17.13054 1.432748 17.12984 1.419109 17.12843 1.109948 17.28281 1.210031 -12.65762 1.419109 -12.65552 1.398368 -12.65769 1.109948 -12.7285 1.210031 -12.50025 1.162688 -12.65529 1.432748 -12.65552 1.398368 -12.50025 1.162688 -12.65769 1.109948 -12.50025 1.162688 -12.65599 1.085872 -12.65769 1.109948 17.28281 1.210031 17.12843 1.109948 17.13027 1.083144 -12.50196 0.8843026 -12.37736 1.333544 -12.51786 0.8907153 17.16498 0.8886775 17.04899 1.33538 17.04489 1.333544 17.15381 0.8907153 17.04578 1.335166 17.04899 1.33538 16.96026 1.34281 17.22872 1.32576 17.04659 1.479387 17.04577 1.497903 17.22872 1.32576 16.92481 1.303588 -12.5521 1.34281 -12.3792 1.177884 -12.37917 1.206549 -12.23769 1.303588 -12.37903 1.200838 -12.3792 1.177884 -12.50589 1.036033 -12.53336 1.489097 -12.53751 1.489021 17.16353 1.031463 17.27114 1.487884 17.26766 1.489097 -12.51802 1.031165 -12.5364 1.487884 -12.50144 1.031463 17.14661 1.036033 17.26691 1.489021 17.16055 1.031165 -12.53574 1.627314 -12.36993 1.570868 -12.58741 1.624313 -12.58741 1.624313 -12.5191 1.314735 -12.53552 1.664467 -12.36993 1.570868 -12.59149 1.405971 -12.58741 1.624313 -12.53552 1.664467 -12.5191 1.314735 -12.36993 1.570868 -12.51893 0.4156553 -12.48773 0.4141852 -12.49656 1.251847 -12.48773 0.4141852 -12.50788 1.251609 -12.49656 1.251847 17.15557 0.4146043 17.16379 1.252077 17.17698 1.251609 -12.51631 0.8879006 -12.49899 0.885879 -12.48295 1.521614 -12.50975 0.882789 -12.48652 1.520903 -12.48295 1.521614 17.14948 0.8879006 17.30702 1.522056 17.31102 1.520903 -12.48556 1.652736 -12.68025 1.565457 -12.48582 1.689657 17.3091 1.689657 17.52462 1.459451 17.2527 1.610775 -12.46152 1.610775 -12.49194 1.389691 -12.68025 1.565457 17.52462 1.459451 17.2066 1.565457 17.30882 1.353374 17.16852 1.389691 17.2527 1.610775 17.30876 1.375691 -12.51107 0.9309435 -12.49956 0.9402988 -12.71776 1.454047 17.15776 0.9402988 16.98272 1.453972 16.97934 1.454047 -12.71931 1.601156 -12.72172 1.544578 -12.86767 1.445609 -12.71931 1.601156 -12.56602 1.429265 -12.71291 1.438538 -12.56602 1.429265 -12.86767 1.445609 -12.71805 1.313983 -12.71291 1.438538 -12.56602 1.429265 -12.71805 1.313983 -12.71805 1.313983 -12.86767 1.445609 -12.72082 1.330397 -12.49899 0.9475094 -12.34774 1.364329 -12.35178 1.366069 -12.49899 0.9475094 -12.5118 0.9541009 -12.35013 1.36562 17.16638 0.9541009 17.1499 0.9545908 17.1316 1.366069 17.13345 1.507815 17.01707 1.405313 17.2541 1.48623 -12.34996 1.507815 -12.34993 1.503533 -12.4851 1.405313 -12.34993 1.503533 -12.34987 1.526708 -12.4851 1.405313 -12.34987 1.526708 -12.16254 1.357691 -12.4851 1.405313 17.02708 1.357691 17.2541 1.48623 17.13676 1.204117 -12.35149 1.204117 -12.54375 1.256128 -12.34993 1.239214 -12.54375 1.256128 -12.34992 1.205755 -12.34993 1.239214 -12.54375 1.256128 -12.4851 1.405313 -12.34992 1.205755 -12.16254 17.02708 -12.35149 17.13676 -12.34992 17.13342 -12.5059 0.9059657 -12.74917 1.383225 -12.74601 1.386334 -12.5059 0.9059657 -12.51775 0.9046396 -12.74917 1.383225 17.15611 0.9046396 17.39356 1.384984 17.39736 1.383225 -12.51775 0.9046396 -12.50236 0.9163004 -12.74998 1.384984 17.39543 1.496793 17.39548 1.509837 17.57839 1.431021 -12.74835 17.39543 -12.84478 17.57839 -12.70862 17.37042 -12.84478 17.57839 -12.74836 17.39543 -12.92723 17.47835 -12.70862 1.529225 -12.75111 1.287431 -12.92723 1.356073 -12.53519 1.347338 -12.92723 1.356073 -12.74838 1.240356 17.16358 0.890743 16.98366 1.24502 16.97997 1.242914 -12.50095 0.890743 -12.51881 0.8873976 -12.50876 1.24502 -12.51881 0.8873976 -12.50588 0.8819294 -12.51142 1.242984 -12.50432 1.398507 -12.50914 1.374323 -12.50382 1.215545 16.98157 1.374323 17.22057 1.231516 16.97927 1.215545 -12.51238 1.275586 -12.50432 1.398507 -12.50382 1.215545 -12.66448 1.229823 -12.51238 1.275586 -12.51046 1.098792 -12.40961 17.22057 -12.66448 17.01406 -12.50941 16.98155 17.15081 1.057694 17.27694 1.217675 17.27383 1.221057 17.16579 1.053669 17.15331 1.067167 17.27757 1.220046 17.16397 0.7913185 17.1328 1.250861 17.12841 1.251085 -12.50103 0.7913185 -12.51819 0.7845415 -12.65571 1.250861 17.15865 0.7845415 17.12863 1.249848 17.1328 1.250861 -12.51819 0.7845415 -12.50643 0.7881554 -12.65769 1.249848 -12.50025 1.162688 -12.65595 1.083144 -12.65599 1.085872 -12.50025 1.162688 -12.7285 1.210031 -12.65595 1.083144 17.15019 0.8843026 17.16498 0.8886775 17.04489 1.333544 -12.50228 0.8886775 -12.51786 0.8907153 -12.37924 1.33538 -12.51786 0.8907153 -12.37736 1.333544 -12.38133 1.335166 17.04577 1.497903 17.04659 1.479387 17.22872 1.32576 -12.37911 1.479387 -12.37899 1.453156 -12.5521 1.34281 -12.37899 1.453156 -12.37768 1.497903 -12.5521 1.34281 -12.37768 1.497903 -12.23769 1.303588 -12.5521 1.34281 -12.23769 1.303588 -12.3792 1.177884 -12.5521 1.34281 16.96026 1.34281 17.04654 1.206549 17.22872 1.32576 17.22872 1.32576 17.04654 1.206549 17.04654 1.200838 16.92481 1.303588 17.22872 1.32576 17.04654 1.200838 17.14661 1.036033 17.16353 1.031463 17.26766 1.489097 17.16055 1.031165 17.26691 1.489021 17.27114 1.487884 -12.53574 1.627314 -12.53552 1.664467 -12.36993 1.570868 -12.58741 1.624313 -12.53829 1.290864 -12.5191 1.314735 17.29002 1.624313 17.11313 1.405971 17.27168 1.290864 17.2505 1.570868 17.26833 1.314735 17.11313 1.405971 -12.59149 17.11313 -12.5191 17.26833 -12.53584 17.26855 17.27168 1.290864 17.11313 1.405971 17.26855 1.303217 -13.02088 0.3298144 -13.02373 0.8604289 -13.01465 0.8605746 -12.9993 0.3291475 -13.01284 0.8602778 -13.03447 0.3288815 -13.02088 0.3298144 -13.01465 0.8605746 -12.9993 0.3291475 -13.01468 0.6294826 -12.99328 1.031612 -12.99044 1.031893 -13.01443 0.626239 -12.99328 1.031612 -13.02565 0.6281998 16.50949 0.6294826 16.38661 1.031161 16.49542 0.626239 -13.02415 16.42081 -12.88233 16.51561 -12.99121 16.38797 16.38777 1.138245 16.51561 1.059433 16.24115 0.9921662 -12.88233 16.51561 -13.02653 16.48908 -12.99091 16.388 16.42081 1.08819 16.24115 0.9921662 16.38791 0.939015 16.24115 0.9921662 16.388 0.9248536 16.38791 0.939015 -13.01879 0.656796 -12.92034 0.9887371 -12.91731 0.987386 -13.01045 0.6583928 -12.91727 0.9886892 -13.02419 0.6627325 16.501 0.6583928 16.68856 0.987386 16.68569 0.9886892 16.50902 0.656796 16.68856 0.987386 16.501 0.6583928 -12.78324 0.9833825 -13.00412 0.9730109 -12.91868 1.082086 -12.91752 1.046184 -12.92504 0.9788955 -12.78324 0.9833825 -12.92504 0.9788955 -12.91797 0.9102733 -12.78324 0.9833825 -13.02574 0.667308 -13.1363 0.9329096 -13.01526 0.6718016 -13.02574 0.667308 -13.1362 0.9326243 -13.13882 0.9318053 16.49624 0.6714907 16.47541 0.9329096 16.4718 0.9326243 -13.13716 16.47365 -13.12711 16.37836 -13.30003 16.49567 16.47358 1.022856 16.37836 1.009159 16.47365 1.034845 16.59441 0.9578119 16.51499 0.863145 16.37836 1.009159 -12.99432 0.863145 -13.13504 0.830141 -13.12711 1.009159 -13.30003 0.9275934 -13.13709 0.8311802 -13.0744 0.9578119 -13.02392 0.647504 -12.78215 0.9457686 -12.77982 0.9449121 -13.01742 0.640946 -12.78215 0.9457686 -13.02392 0.647504 -12.78046 1.024139 -12.78044 1.020378 -12.66015 0.9741252 -12.78044 1.020378 -12.81569 1.036442 -12.63018 0.9265665 -12.78044 1.015862 -12.81569 1.036442 -12.78044 1.020378 -12.81569 16.40765 -12.66015 16.29903 -12.91963 16.31124 -12.81569 1.036442 -12.91963 0.9210234 -12.78102 0.8830088 -12.66015 16.29903 -12.63018 16.39331 -12.91963 16.31124 -12.63018 0.9265665 -12.78044 0.8489851 -12.78043 0.8531366 -12.63018 0.9265665 -12.78102 0.8830088 -12.78044 0.8489851 -12.91963 0.9210234 -12.78043 0.8531366 -12.78102 0.8830088 -13.0224 0.6256935 -13.06902 0.8547602 -13.06626 0.8548044 16.49514 0.6312863 16.62708 0.8547602 16.50735 0.6256935 16.50426 0.6291634 16.62806 0.8548044 16.6248 0.8560962 -13.06623 0.8754924 -12.9482 0.8464533 -13.06746 0.9381472 -13.06746 16.62638 -12.9482 16.64751 -13.07006 16.42882 -13.06623 0.8754924 -13.07189 0.8373926 -13.06647 0.7633061 -12.9482 0.8464533 -13.06647 0.7633061 -13.06728 0.779291 16.42882 0.8475275 16.62647 0.779291 16.6265 0.8373926 -13.02567 0.7372269 -13.06527 0.8408906 -13.01495 0.743238 -13.01366 16.49649 -13.06495 16.38452 -13.02567 16.50399 -13.01366 0.7346729 -13.06227 0.8402491 -13.06495 0.8387446 -13.01495 16.50623 -13.06527 16.38695 -13.06227 16.38507 16.38552 0.9119556 16.38485 0.9329804 16.25955 0.8347424 -13.06442 0.9296929 -13.05162 0.8136212 -13.06398 0.9329804 16.38552 0.9119556 16.25955 0.8347424 16.3854 0.9296929 16.38485 0.9329804 16.39005 0.8136212 16.25955 0.8347424 -13.06442 0.9296929 -13.05947 0.8332926 -13.05162 0.8136212 16.3854 0.9296929 16.35741 0.8241879 16.38909 0.8332926 16.25955 0.8347424 16.35741 0.8241879 16.3854 0.9296929 -12.98498 16.25955 -13.05162 16.39005 -13.08232 16.35741 -13.02237 0.5661882 -12.92288 0.8599448 -12.92046 0.8591605 16.49489 0.5681954 16.56364 0.8599448 16.5084 0.5661882 -12.92198 0.9534048 -12.92162 0.975221 -13.02929 0.8038516 16.56355 0.9665667 16.47535 0.833894 16.5624 0.975221 -12.92017 0.9665667 -12.92052 0.770385 -12.8265 0.833894 -12.92017 0.9665667 -12.92198 0.9534048 -12.92052 0.770385 -12.8265 0.833894 -13.02929 0.8038516 -12.92162 0.975221 -12.92198 0.9534048 -13.02929 0.8038516 -12.92052 0.770385 -13.02929 0.8038516 -12.92122 0.7551075 -12.92052 0.770385 16.47535 0.833894 16.56458 0.770385 16.56277 0.7533766 -13.02464 0.6271994 -13.14281 0.9122703 -13.01235 0.6312687 -13.02021 0.6299756 -13.14032 0.9134353 -13.14281 0.9122703 16.50686 0.6312687 16.54459 0.9132998 16.54172 0.9134353 16.65369 0.9181503 16.41932 0.9073309 16.54338 1.004816 -13.14233 1.016566 -13.07702 0.9073309 -13.27586 0.8932614 16.65369 0.9181503 16.54377 0.8134948 16.54344 0.8316843 -13.27586 0.8932614 -13.14116 0.8280604 -13.14117 0.8134948 -13.02287 0.7234819 -12.96902 1.010978 -12.9663 1.01093 -13.02122 0.7205817 -12.96588 1.010208 -12.96902 1.010978 -13.01032 0.7203926 -12.96588 1.010208 -13.02122 0.7205817 -13.02287 0.7234819 -12.9663 1.01093 -13.01032 0.7203926 -12.96707 1.098685 -13.08966 1.062867 -12.92439 1.096781 -12.92439 1.096781 -12.97893 0.9003349 -12.96662 1.122261 -13.08966 16.39634 -12.97175 16.5566 -12.92439 16.43015 -12.96662 1.122261 -12.97893 0.9003349 -13.08966 1.062867 16.53034 0.3298144 16.50023 0.3288815 16.49158 0.8604289 -13.03447 0.3288815 -13.01284 0.8602778 -13.02373 0.8604289 16.51066 0.3291475 16.49774 0.8605746 16.48762 0.8602778 -13.01468 0.6294826 -13.02565 0.6281998 -12.99328 1.031612 -13.01443 0.626239 -12.98988 1.031161 -12.99328 1.031612 16.50949 0.6294826 16.38968 1.031893 16.38661 1.031161 16.38797 1.114817 16.51561 1.059433 16.38777 1.138245 16.38777 1.138245 16.24115 0.9921662 16.42081 1.08819 -13.02415 1.08819 -13.02653 0.9478992 -12.88233 1.059433 16.24115 0.9921662 16.51561 1.059433 16.388 0.9248536 16.48908 0.9478992 16.42081 1.08819 16.38791 0.939015 16.50902 0.656796 16.49887 0.6627325 16.68724 0.9887371 -13.02419 0.6627325 -12.91727 0.9886892 -12.92034 0.9887371 -12.91868 1.082086 -12.91752 1.046184 -12.78324 0.9833825 16.68629 1.082086 16.58507 0.9730109 16.68901 0.9788955 -13.00412 0.9730109 -12.78324 0.9833825 -12.91974 0.899858 16.68901 0.9788955 16.58507 0.9730109 16.68635 0.899858 -12.91974 0.899858 -12.78324 0.9833825 -12.91797 0.9102733 -13.02574 0.667308 -13.13882 0.9318053 -13.1363 0.9329096 -13.02574 0.667308 -13.01307 0.6714907 -13.1362 0.9326243 16.49624 0.6714907 16.50891 0.6718016 16.47541 0.9329096 16.47358 1.022856 16.59441 0.9578119 16.37836 1.009159 16.47358 1.022856 16.47357 1.020139 16.59441 0.9578119 16.47357 1.020139 16.47365 1.034845 16.59441 0.9578119 -13.13716 16.47365 -13.30003 16.49567 -13.0744 16.59441 -13.30003 0.9275934 -13.12711 1.009159 -13.13504 0.830141 -13.13504 0.830141 -12.99432 0.863145 -13.13708 0.8524119 -12.99432 0.863145 -13.13709 0.8311802 -13.13708 0.8524119 -12.99432 0.863145 -13.0744 0.9578119 -13.13709 0.8311802 -13.30003 16.49567 -13.13504 16.47167 -13.13709 16.47359 -13.01742 0.640946 -12.77931 0.9437959 -12.78215 0.9457686 16.49499 0.640946 16.5052 0.6401045 16.40008 0.9437959 16.5052 0.6401045 16.40301 0.9449121 16.40008 0.9437959 -13.01178 0.6401045 -13.02392 0.647504 -12.77982 0.9449121 -12.78044 1.015862 -12.78046 1.024139 -12.66015 0.9741252 -12.78044 16.40122 -12.66015 16.29903 -12.81569 16.40765 -12.66015 16.29903 -12.78044 16.40122 -12.63018 16.39331 -12.81569 1.036442 -12.78102 0.8830088 -12.63018 0.9265665 -12.91963 0.9210234 -12.63018 0.9265665 -12.78043 0.8531366 16.49514 0.6312863 16.6248 0.8560962 16.62708 0.8547602 -13.02155 0.6312863 -13.01052 0.6291634 -13.06714 0.8560962 -13.01052 0.6291634 -13.0224 0.6256935 -13.06626 0.8548044 -13.07104 0.9534932 -13.06746 0.9381472 -13.07189 0.8373926 16.62638 0.9381472 16.42882 0.8475275 16.6265 0.8373926 -13.06623 0.8754924 -13.07104 0.9534932 -13.07189 0.8373926 -12.9482 0.8464533 -13.06623 0.8754924 -13.06647 0.7633061 -13.07006 16.42882 -12.9482 16.64751 -13.06728 16.62647 16.50399 0.7372269 16.38452 0.8387446 16.38695 0.8408906 16.49649 0.7346729 16.50623 0.743238 16.38507 0.8402491 16.49489 0.5681954 16.56092 0.8598027 16.56364 0.8599448 -13.02138 0.5681954 -13.01074 0.563895 -12.92068 0.8598027 16.50353 0.563895 16.56443 0.8591605 16.56092 0.8598027 -13.01074 0.563895 -13.02237 0.5661882 -12.92046 0.8591605 -13.02929 0.8038516 -12.92123 0.7533766 -12.92122 0.7551075 -13.02929 16.51299 -12.8265 16.47535 -12.92123 16.56277 16.50491 0.6271994 16.49452 0.6299756 16.54409 0.9122703 16.49452 0.6299756 16.50686 0.6312687 16.54172 0.9134353 -13.01235 0.6312687 -13.14281 0.9122703 -13.13975 0.9132998 16.54356 1.016566 16.54338 1.004816 16.41932 0.9073309 16.54338 1.004816 16.5434 0.9881717 16.65369 0.9181503 16.5434 0.9881717 16.54356 1.016566 16.65369 0.9181503 -13.14233 1.016566 -13.27586 0.8932614 -13.04309 0.9181503 -13.27586 0.8932614 -13.14117 0.8134948 -13.04309 0.9181503 -13.04309 16.65369 -13.14106 16.54344 -13.07702 16.41932 16.41932 0.9073309 16.54344 0.8316843 16.5434 0.8280604 -13.27586 0.8932614 -13.07702 0.9073309 -13.14116 0.8280604 16.50856 0.7234819 16.49531 0.7205817 16.43063 1.010978 16.50214 0.7203926 16.43234 1.01093 16.42903 1.010208 -12.96707 1.098685 -12.96662 1.122261 -13.08966 1.062867 -12.92439 1.096781 -12.96439 0.8851872 -12.97893 0.9003349 16.43015 1.096781 16.5566 0.9582297 16.42918 0.8851872 16.39634 1.062867 16.4261 0.9003349 16.5566 0.9582297 -12.97175 16.5566 -12.97893 16.4261 -12.96701 16.4307 16.42918 0.8851872 16.5566 0.9582297 16.4307 0.8930258 -12.63069 0.3673776 -12.63227 0.8324388 -12.62506 0.8325665 -12.61292 0.3667931 -12.62341 0.8323063 -12.64108 0.36656 -12.63069 0.3673776 -12.62506 0.8325665 -12.61292 0.3667931 -12.62868 0.5664413 -12.79204 0.8463377 -12.78973 0.8476225 -12.62239 0.5697486 -12.79114 0.8467723 -12.63215 0.5641962 -12.62868 0.5664413 -12.78973 0.8476225 -12.62239 0.5697486 -12.79095 0.9308058 -12.71214 0.8575267 -12.79635 0.8579595 16.21725 0.8579595 16.2322 0.79985 16.229 0.9302382 16.15632 0.8575267 16.2322 0.79985 16.22879 0.7550522 -12.71214 0.8575267 -12.79178 0.7550522 -12.79635 0.8579595 -12.79178 0.7550522 -12.7908 0.7630843 -12.79635 0.8579595 16.24233 0.6734232 16.18408 0.8921931 16.18655 0.8924086 -12.63175 0.6734232 -12.54928 0.8924086 -12.62221 0.6693102 -12.55027 16.18495 -12.69297 16.16768 -12.52609 16.33929 16.33929 0.9049678 16.06214 0.8885606 16.18695 0.9846533 -12.69297 16.16768 -12.48649 16.06214 -12.54985 16.18513 16.33929 0.9049678 16.18513 0.8100338 16.18393 0.8022029 -12.69297 16.16768 -12.54985 16.18513 -12.52609 16.33929 16.06214 0.8885606 16.18393 0.8022029 16.18507 0.8195887 -12.63455 0.5799893 -12.6666 0.8384055 -12.62458 0.5772649 16.23647 0.5799893 16.43918 0.8400693 16.44136 0.8384055 16.24195 0.5772649 16.44083 0.8391457 16.23373 0.5834579 16.44044 0.9053177 16.38962 0.9155129 16.44044 0.9071152 16.4405 0.9141297 16.38962 0.9155129 16.44044 0.9053177 -12.66572 16.4405 -12.60117 16.53578 -12.66889 16.38962 -12.66572 16.44044 -12.66889 16.38962 -12.7704 16.47377 -12.66572 16.4405 -12.7704 16.47377 -12.60117 16.53578 16.53578 0.8727644 16.38631 0.7996184 16.38962 0.9155129 -12.55622 0.7996184 -12.65877 0.7701302 -12.66889 0.9155129 -12.60117 0.8727644 -12.7704 0.8906392 -12.66627 0.752729 -12.60117 16.53578 -12.66627 16.44484 -12.55622 16.38631 -12.55622 0.7996184 -12.66491 0.7516487 -12.65877 0.7701302 16.23813 0.6465028 16.10134 0.8370577 16.10312 0.8387297 -12.62731 16.23227 -12.71868 16.10134 -12.63361 16.23813 -12.71752 0.9159144 -12.6017 0.8276955 -12.7179 0.9344002 -12.7179 0.9344002 -12.6017 0.8276955 -12.71883 0.7777097 -12.75166 0.8550031 -12.718 0.7392403 -12.6017 0.8276955 16.10097 0.7777097 16.10322 0.7392403 16.20289 0.8550031 -12.6017 0.8276955 -12.718 0.7392403 -12.71753 0.7530334 -12.63392 0.6239183 -12.50962 0.9313004 -12.62574 0.6202862 -12.62414 0.6210848 -12.51167 0.9322761 -12.63392 0.6239183 16.23199 0.6210848 16.27962 0.9313004 16.27688 0.9315478 16.27759 0.9993255 16.27774 1.030181 16.36987 0.9148654 16.27742 1.009812 16.27967 0.9080773 16.27774 1.030181 -12.50876 0.9993255 -12.50976 0.9080773 -12.51068 1.009812 16.27759 0.9993255 16.36987 0.9148654 16.27766 0.8237372 16.36987 0.9148654 16.27967 0.9080773 16.27825 0.8292571 16.27759 0.9993255 16.27766 0.8237372 16.27967 0.9080773 16.23171 0.6289408 16.33755 0.9387069 16.24223 0.6256839 -12.62237 0.6316662 -12.81274 0.9401309 -12.63073 0.6289408 -12.63071 0.6256839 -12.81336 0.9390175 -12.62237 0.6316662 16.33817 1.019947 16.40858 0.9584833 16.33962 1.035421 16.33962 1.035421 16.3768 0.9430631 16.24654 0.9573268 -12.86411 0.9584833 -12.71758 0.9430631 -12.81138 1.035421 16.24654 0.9573268 16.3768 0.9430631 16.33405 0.8381822 -12.71758 0.9430631 -12.86411 0.9584833 -12.80489 0.8381822 16.40858 0.9584833 16.33817 0.854747 16.33817 0.8600708 16.33405 0.8381822 16.33817 0.854747 16.24654 0.9573268 -12.63406 0.7187802 -12.59207 0.9601485 -12.59423 0.9610671 16.23539 0.7170247 16.15053 0.9608502 16.14833 0.9601485 16.24319 0.720635 16.15053 0.9608502 16.23539 0.7170247 -12.59249 1.029655 -12.61343 0.9935222 -12.59278 0.8859248 16.15032 0.8859248 16.14958 0.8920399 16.05635 0.9626666 -12.59303 0.8771571 -12.59278 0.8859248 -12.61343 0.9935222 16.24194 0.6576633 16.39075 0.8621596 16.39213 0.8606033 -12.62446 0.6640152 -12.56902 0.8616632 -12.57178 0.8621596 16.24194 0.6576633 16.39041 0.8616632 16.233 0.6640152 16.39144 0.9486166 16.30256 0.9320495 16.39107 0.9530935 -12.57045 16.39106 -12.68449 16.42331 -12.57046 16.39144 16.39144 0.9486166 16.51009 0.839933 16.30256 0.9320495 -12.57046 16.39144 -12.68449 16.42331 -12.58304 16.51009 -12.57045 16.39106 -12.53563 16.30256 -12.68449 16.42331 -12.53563 0.9320495 -12.62208 0.7933774 -12.68449 0.897498 -12.53563 0.9320495 -12.4655 0.7946948 -12.62208 0.7933774 -12.68449 16.42331 -12.62208 16.29866 -12.58304 16.51009 16.51009 0.839933 16.39111 0.7755418 16.39112 0.7714235 -12.63228 0.6477898 -12.7719 0.9235141 -12.77388 0.9229674 -12.62284 0.6526818 -12.7719 0.9235141 -12.63228 0.6477898 16.23458 0.6526818 16.17629 0.9241912 16.17406 0.9235141 -12.6332 0.9244579 -12.88321 0.9371001 -12.77262 1.00804 -12.77262 1.00804 -12.88321 0.9371001 -12.77427 0.9766569 -12.77427 0.9766569 -12.77506 0.8286322 -12.6332 0.9244579 -12.77427 0.9766569 -12.88321 0.9371001 -12.77506 0.8286322 -12.6332 0.9244579 -12.77432 0.8238156 -12.88321 0.9371001 -12.88321 0.9371001 -12.77262 0.8507567 -12.77506 0.8286322 16.26012 0.3673776 16.2356 0.36656 16.22882 0.8324388 -12.64108 0.36656 -12.62341 0.8323063 -12.63227 0.8324388 16.24465 0.3667931 16.23395 0.8325665 16.22583 0.8323063 16.24356 0.5664413 16.23372 0.5641962 16.22935 0.8463377 16.23372 0.5641962 16.22722 0.8467723 16.22935 0.8463377 16.23739 0.5697486 16.22968 0.8476225 16.22722 0.8467723 16.22882 0.9308058 16.229 0.9302382 16.15632 0.8575267 -12.79069 0.9302382 -12.78837 0.79985 -12.71214 0.8575267 16.21725 0.8579595 16.22884 0.7630843 16.2322 0.79985 16.24233 0.6734232 16.23133 0.6701705 16.18408 0.8921931 -12.62955 0.6701705 -12.54805 0.8914247 -12.55027 0.8921931 -12.62955 0.6701705 -12.62221 0.6693102 -12.54805 0.8914247 16.23861 0.6693102 16.18655 0.8924086 16.18405 0.8914247 -12.55027 16.18495 -12.54505 16.18695 -12.48649 16.06214 16.18695 0.9846533 16.18515 0.9744364 16.33929 0.9049678 16.18515 0.9744364 16.18495 0.984142 16.33929 0.9049678 -12.55027 0.984142 -12.48649 0.8885606 -12.69297 0.8768974 16.06214 0.8885606 16.33929 0.9049678 16.18393 0.8022029 16.18513 0.8100338 16.06214 0.8885606 16.18507 0.8195887 -12.63455 0.5799893 -12.62441 0.5834579 -12.66641 0.8400693 16.23373 0.5834579 16.44083 0.8391457 16.43918 0.8400693 -12.62458 0.5772649 -12.6666 0.8384055 -12.66417 0.8391457 -12.66572 0.9141297 -12.66572 0.9071152 -12.7704 0.8906392 -12.7704 0.8906392 -12.66889 0.9155129 -12.65877 0.7701302 -12.55622 16.38631 -12.66627 16.44484 -12.66491 16.43658 16.44484 0.752729 16.47377 0.8906392 16.42722 0.7701302 -12.62394 0.6523692 -12.63361 0.6465028 -12.71767 0.8387297 -12.62731 0.6453489 -12.71649 0.837589 -12.71868 0.8370577 16.23227 0.6453489 16.24033 0.6523692 16.10067 0.837589 16.24033 0.6523692 16.10312 0.8387297 16.10067 0.837589 -12.71752 0.9159144 -12.71795 0.9359208 -12.6017 0.8276955 16.10261 0.9359208 16.20289 0.8550031 16.05454 0.8276955 16.10069 0.9344002 16.20289 0.8550031 16.10261 0.9359208 16.10069 0.9344002 16.10097 0.7777097 16.20289 0.8550031 -12.71883 0.7777097 -12.6017 0.8276955 -12.71753 0.7530334 -12.63392 0.6239183 -12.51167 0.9322761 -12.50962 0.9313004 -12.62414 0.6210848 -12.50936 0.9315478 -12.51167 0.9322761 16.23199 0.6210848 16.24292 0.6202862 16.27962 0.9313004 16.36987 0.9148654 16.27774 1.030181 16.27967 0.9080773 16.27766 0.8237372 16.36987 0.9148654 16.27825 0.8292571 16.24223 0.6256839 16.33755 0.9387069 16.33969 0.9390175 -12.63073 0.6289408 -12.81274 0.9401309 -12.81507 0.9387069 16.23836 0.6316662 16.33969 0.9390175 16.33726 0.9401309 16.33817 1.019947 16.33817 1.02368 16.40858 0.9584833 16.33817 1.02368 16.24654 0.9573268 16.40858 0.9584833 16.33817 1.02368 16.33962 1.035421 16.24654 0.9573268 16.33405 0.8381822 16.40858 0.9584833 16.33817 0.8600708 16.40858 0.9584833 16.24654 0.9573268 16.33817 0.854747 16.24319 0.720635 16.23571 0.7187802 16.15012 0.9610671 -12.63406 0.7187802 -12.62235 0.7170247 -12.59207 0.9601485 -12.62864 0.720635 -12.59423 0.9610671 -12.5916 0.9608502 16.1496 1.043768 16.15042 1.029655 16.05635 0.9626666 16.14974 0.9935222 16.1496 1.043768 16.05635 0.9626666 16.05635 0.9626666 16.15042 1.029655 16.15032 0.8859248 16.14974 0.9935222 16.05635 0.9626666 16.14953 0.8771571 16.14953 0.8771571 16.05635 0.9626666 16.14958 0.8920399 -12.62527 0.6576633 -12.63399 0.6636406 -12.57178 0.8621596 -12.63399 0.6636406 -12.62446 0.6640152 -12.57178 0.8621596 16.24194 0.6576633 16.39213 0.8606033 16.39041 0.8616632 16.39106 0.948234 16.39107 0.9530935 16.30256 0.9320495 -12.53563 16.30256 -12.58304 16.51009 -12.4655 16.40535 -12.62208 16.29866 -12.4655 16.40535 -12.57036 16.39111 -12.4655 16.40535 -12.58304 16.51009 -12.5704 16.39112 16.51009 0.839933 16.29866 0.7933774 16.39111 0.7755418 16.24329 0.6527174 16.23424 0.6477898 16.1762 0.9229674 16.23458 0.6526818 16.24329 0.6527174 16.17629 0.9241912 -12.62648 0.6527174 -12.77388 0.9229674 -12.77152 0.9241912 -12.77262 1.00804 -12.77256 1.011819 -12.6332 0.9244579 -12.77256 1.011819 -12.77427 0.9766569 -12.6332 0.9244579 -12.6332 0.9244579 -12.77506 0.8286322 -12.77432 0.8238156 -12.88321 0.9371001 -12.77432 0.8238156 -12.77262 0.8507567 19.19121 0.501355 19.20035 1.249653 19.18891 1.249859 19.16922 0.5004145 19.18835 1.24944 19.21145 0.5000394 -12.03598 0.501355 -12.07462 1.249859 -12.06199 0.5004145 -12.07607 0.9719146 -12.3491 1.342889 -12.06376 0.9840856 19.19413 0.9719146 19.07462 1.340416 19.07793 1.340074 -12.06444 0.9790789 -12.35043 1.340416 -12.07607 0.9719146 19.18468 0.9790789 19.07793 1.342889 19.07462 1.340416 -12.35053 1.44582 -12.19494 1.298954 -12.3476 1.29983 -12.35053 1.44582 -12.34636 1.47271 -12.19494 1.298954 -12.3476 1.29983 -12.46414 1.323738 -12.34636 1.47271 -12.34636 1.47271 -12.46414 1.323738 -12.19494 1.298954 -12.46414 1.323738 -12.35096 1.23135 -12.19494 1.298954 19.07013 1.29983 19.07682 1.22843 19.0768 1.240002 -12.3476 1.29983 -12.35096 1.23135 -12.35053 1.22843 19.20124 0.9293675 19.14988 1.204698 19.18769 0.9244247 19.18774 0.9320723 19.14862 1.206443 19.20124 0.9293675 -12.07694 0.9320723 -11.94444 1.204591 -11.94725 1.206443 -11.94526 1.345364 -12.10273 1.202149 -11.85535 1.183206 19.1485 1.355349 19.00495 1.141028 19.21794 1.202149 19.14797 1.373935 19.27817 1.183206 19.14672 1.102812 -12.0349 19.00495 -11.94265 19.14672 -12.10273 19.21794 19.27817 1.183206 19.14855 1.054214 19.14855 1.054192 -12.10273 1.202149 -11.94265 1.102812 -11.94526 1.054214 19.19868 0.9297604 19.36034 1.212216 19.1856 0.93812 -12.06334 0.9297604 -12.1427 1.210615 -12.13979 1.212216 -12.06613 0.93812 -12.13979 1.212216 -12.14339 1.21271 -12.1416 19.35975 -12.01961 19.21162 -12.25741 19.20649 -12.14198 1.320617 -12.24959 1.196073 -12.1416 1.34261 19.35975 1.34261 19.47464 1.161788 19.21162 1.201422 -12.1416 1.34261 -12.24959 1.196073 -12.02027 1.161788 -12.02027 19.47464 -12.24959 19.45852 -12.14192 19.35982 -12.24959 1.196073 -12.14198 1.098024 -12.14192 1.089281 19.21162 1.201422 19.35977 1.10787 19.35966 1.098024 -12.07745 1.01775 -12.12686 1.490316 -12.06066 1.019223 19.19674 1.01775 18.94405 1.488045 18.94718 1.489673 19.19507 1.019223 18.94405 1.488045 19.18457 1.011536 -12.12863 1.593425 -12.129 1.612945 -11.96211 1.530624 18.74746 1.529153 19.08318 1.474019 18.94665 1.612945 -12.265 1.474019 -12.12852 1.362211 -11.96211 1.530624 -12.13808 18.74746 -12.12748 18.94475 -12.28318 18.8608 -12.12748 1.373651 -12.12863 1.385118 -12.28318 1.426645 19.08318 1.474019 18.94617 1.385118 18.94657 1.362211 19.2016 0.8721773 19.33254 1.387475 19.18663 0.8726433 -12.06197 0.8726433 -11.82885 1.38914 -12.07545 0.8795977 -12.06197 0.8726433 -11.82705 1.387475 -11.82885 1.38914 19.3326 1.514512 19.18229 1.385023 19.3326 1.51933 -11.82902 1.514512 -11.67074 1.41452 -11.93457 1.385023 19.3333 1.553575 19.18229 1.385023 19.52103 1.345605 19.27018 1.41452 19.52103 1.345605 19.33245 1.248225 19.18229 1.385023 19.33262 1.247274 19.52103 1.345605 -11.93457 1.385023 -11.8289 1.248225 -11.82904 1.247274 19.52103 1.345605 19.33262 1.247274 19.33261 1.265905 19.19204 0.953918 19.24106 1.24489 19.23687 1.245835 -12.07161 0.9438194 -12.30006 1.24489 -12.06222 0.953918 -12.07161 0.9438194 -12.30222 1.243307 -12.30006 1.24489 -12.30052 1.366883 -12.30336 1.415029 -12.46248 1.25456 19.24102 1.395332 19.18164 1.255342 19.23715 1.415029 -12.30052 1.366883 -12.46248 1.25456 -12.29746 1.395332 -12.29746 1.395332 -12.46248 1.25456 -12.37392 1.135994 -12.17165 1.255342 -12.46248 1.25456 -12.30336 1.415029 -12.29746 1.395332 -12.37392 1.135994 -12.17165 1.255342 -12.17165 1.255342 -12.30131 1.09327 -12.46248 1.25456 -12.29434 1.100174 -12.30131 1.09327 -12.17165 1.255342 19.36322 1.135994 19.23639 1.100174 19.18164 1.255342 19.20135 0.9966986 19.08006 1.316939 19.18678 0.9890763 19.20135 0.9966986 19.07988 1.318245 19.08303 1.318697 -12.06279 0.9890763 -11.97815 1.318245 -12.07685 0.9944902 -11.97481 1.391384 -11.97129 1.276799 -11.97814 1.277719 19.08029 1.391384 19.0886 1.308606 19.07985 1.276799 19.19198 0.8545016 19.4307 1.26719 19.42765 1.26906 19.18454 0.8605477 19.42751 1.269529 19.19893 0.8511027 19.19198 0.8545016 19.42765 1.26906 19.18454 0.8605477 19.42865 1.355445 19.29568 1.280482 19.43002 1.385427 19.42865 1.388134 19.29568 1.280482 19.42865 1.355445 -12.03341 1.385427 -11.88691 1.284157 -12.03369 1.388134 -12.03341 1.385427 -12.17822 1.253014 -11.88691 1.284157 19.29568 1.280482 19.42881 1.146319 19.42862 1.167954 -11.88691 1.284157 -12.03219 1.146319 -12.12385 1.280482 -12.17822 1.253014 -12.03368 1.167492 -11.88691 1.284157 -12.12385 19.29568 -12.0337 19.42862 -12.17822 19.56965 -12.07632 0.9766492 -12.2784 1.215019 -12.06507 0.9873469 -12.06548 19.18419 -12.28133 18.99649 -12.07632 19.19713 19.18419 0.9753326 18.99667 1.215019 18.99386 1.211923 -12.28058 1.360401 -12.45549 1.20887 -12.28049 1.323874 -12.28058 1.360401 -12.13405 1.196189 -12.45549 1.20887 -12.27797 1.308758 -12.27758 1.107032 -12.13405 1.196189 -12.28049 1.323874 -12.45549 1.20887 -12.27758 1.107032 -12.45549 1.20887 -12.28052 1.087487 -12.27758 1.107032 -12.13405 1.196189 -12.27758 1.107032 -12.2832 1.075482 -12.03598 0.501355 -12.06874 0.5000394 -12.08036 1.249653 19.21145 0.5000394 19.18835 1.24944 19.20035 1.249653 -12.06199 0.5004145 -12.07462 1.249859 -12.08659 1.24944 -12.07607 0.9719146 -12.35216 1.340074 -12.3491 1.342889 19.18468 0.9790789 19.19635 0.9840856 19.07793 1.342889 -12.46414 1.323738 -12.3476 1.29983 -12.35054 1.240002 -12.3476 1.29983 -12.19494 1.298954 -12.35096 1.23135 -12.35096 1.23135 -12.46414 1.323738 -12.35054 1.240002 -12.06709 0.9293675 -11.94725 1.206443 -11.9435 1.204698 -12.07694 0.9320723 -12.06257 0.9244247 -11.94444 1.204591 19.18769 0.9244247 19.14988 1.204698 19.14661 1.204591 19.14855 1.345364 19.27817 1.183206 19.14797 1.373935 -11.94526 1.345364 -11.94537 1.355349 -12.10273 1.202149 19.1485 1.355349 19.14797 1.373935 19.00495 1.141028 19.14797 1.373935 19.14672 1.102812 19.00495 1.141028 19.27817 1.183206 19.14855 1.054192 19.14672 1.102812 -11.85535 1.183206 -12.10273 1.202149 -11.94526 1.054214 -12.06334 0.9297604 -12.07649 0.9279213 -12.1427 1.210615 19.1955 0.9279213 19.35806 1.21271 19.36133 1.210615 19.1955 0.9279213 19.1856 0.93812 19.35806 1.21271 19.35963 1.33999 19.35975 1.34261 19.20649 1.216372 -12.14198 1.320617 -12.14208 1.33999 -12.24959 1.196073 19.45852 1.196073 19.35963 1.33999 19.20649 1.216372 -12.24959 19.45852 -12.25741 19.20649 -12.14198 19.35966 -12.25741 19.20649 -12.01961 19.21162 -12.14198 19.35966 -12.01961 19.21162 -12.02027 19.47464 -12.14134 19.35977 -12.02027 1.161788 -12.14192 1.089281 -12.14134 1.10787 -12.07745 1.01775 -12.13056 1.489673 -12.12686 1.490316 19.19674 1.01775 19.18457 1.011536 18.94405 1.488045 19.19507 1.019223 18.94732 1.490316 18.94405 1.488045 18.94616 1.589376 18.74746 1.529153 18.94665 1.612945 -12.12863 18.94616 -11.96211 19.03093 -12.13808 18.74746 -12.12863 1.589376 -12.12863 1.593425 -11.96211 1.530624 -12.129 1.612945 -12.265 1.474019 -11.96211 1.530624 -12.265 19.08318 -12.13808 18.74746 -12.28318 18.8608 18.74746 1.529153 19.03093 1.530624 18.94475 1.373651 -12.12748 1.373651 -11.96211 1.530624 -12.12852 1.362211 -12.265 19.08318 -12.28318 18.8608 -12.12863 18.94617 -12.06987 0.8721773 -11.83053 1.388824 -11.82705 1.387475 19.2016 0.8721773 19.18821 0.8795977 19.3343 1.388824 19.18821 0.8795977 19.33047 1.38914 19.3343 1.388824 19.3326 1.51933 19.18229 1.385023 19.3333 1.553575 -11.82902 1.514512 -11.82909 1.553575 -11.67074 1.41452 19.3333 1.553575 19.52103 1.345605 19.27018 1.41452 -11.67074 1.41452 -11.8289 1.248225 -11.93457 1.385023 19.33245 1.248225 19.52103 1.345605 19.33261 1.265905 19.20004 0.9438194 19.18688 0.9429982 19.23886 1.243307 -12.07512 0.9429982 -12.29987 1.245835 -12.30222 1.243307 -12.07512 0.9429982 -12.06222 0.953918 -12.29987 1.245835 19.36322 1.135994 19.24615 1.25456 19.23846 1.09327 19.20135 0.9966986 19.08303 1.318697 19.08006 1.316939 19.20135 0.9966986 19.18835 0.9944902 19.07988 1.318245 -12.06279 0.9890763 -11.9741 1.316939 -11.97815 1.318245 -12.0601 0.8545016 -12.07353 0.8511027 -12.03371 1.26719 19.19893 0.8511027 19.42751 1.269529 19.4307 1.26719 -12.0701 0.8605477 -12.03177 1.26906 -12.03549 1.269529 -12.03369 1.388134 -11.88691 1.284157 -12.12385 1.280482 19.43002 1.385427 19.29568 1.280482 19.56965 1.253014 -12.03219 1.146319 -11.88691 1.284157 -12.03368 1.167492 19.56965 1.253014 19.42862 1.167954 19.42866 1.167492 -12.07632 0.9766492 -12.28133 1.211704 -12.2784 1.215019 -12.06548 19.18419 -12.27867 18.99386 -12.28133 18.99649 19.18419 0.9753326 19.19579 0.9873469 18.99667 1.215019 -12.27797 1.308758 -12.13405 1.196189 -12.28058 1.360401 -12.28049 1.323874 -12.27758 1.107032 -12.27797 1.308758 -12.45549 1.20887 -12.2832 1.075482 -12.28052 1.087487 -12.45549 1.20887 -12.13405 1.196189 -12.2832 1.075482 -13.30591 0.3540066 -13.26648 1.403612 -13.28315 1.4039 -13.31364 0.3526874 -13.27593 1.403313 -13.26159 0.3521613 19.37311 0.3540066 19.41818 1.4039 19.41687 0.3526874 -13.27749 1.058731 -13.34808 1.546021 -13.34282 1.545917 -13.2946 1.051241 -13.34808 1.546021 -13.27749 1.058731 19.41011 1.051241 19.21282 1.544038 19.21681 1.546021 -13.34546 1.758301 -13.14867 1.55647 -13.33545 1.608986 19.41935 1.506214 19.17253 1.55647 19.21474 1.758301 -13.14867 1.55647 -13.3454 1.30232 -13.33545 1.608986 19.41935 1.506214 19.2148 1.334993 19.17253 1.55647 19.41935 1.506214 19.21516 1.364294 19.2148 1.334993 19.41935 1.506214 19.2131 1.30232 19.21516 1.364294 19.2178 1.584162 19.2131 1.30232 19.41935 1.506214 -13.28502 0.8751333 -13.1329 1.722918 -13.13708 1.723554 -13.27164 0.87049 -13.1329 1.722918 -13.28502 0.8751333 19.39791 0.8751333 19.49071 1.723554 19.41997 0.8730396 -13.13424 1.858454 -12.91263 1.723339 -13.13421 1.892778 -13.13424 19.49056 -13.21714 19.74702 -12.91263 19.54736 19.49056 1.858454 19.4905 1.886752 19.74702 1.69785 19.4905 1.886752 19.49043 1.892778 19.2674 1.701312 -13.13421 1.892778 -12.91263 1.723339 -13.24893 1.701312 19.2674 1.701312 19.49048 1.572825 19.49055 1.557986 -12.91263 1.723339 -13.13419 1.589329 -13.13423 1.572825 -13.27939 19.42047 -13.55892 19.45519 -13.28317 19.39854 -13.2878 1.184866 -13.561 1.364358 -13.27939 1.20095 -13.2878 19.41299 -13.56115 19.45117 -13.561 19.45622 -13.56041 19.4543 -13.80496 19.43671 -13.5222 19.65006 -13.56124 1.581215 -13.80496 1.394932 -13.56041 1.54893 19.65006 1.441434 19.30875 1.312032 19.45218 1.581215 19.65006 1.441434 19.47373 1.145873 19.30875 1.312032 19.40595 1.132225 19.22643 1.666637 19.22254 1.665643 -13.28832 1.14306 -13.16898 1.668303 -13.16365 1.666637 19.39998 1.134425 19.22654 1.668303 19.4187 1.14306 -13.34495 1.606426 -13.06293 1.583969 -13.16502 1.932869 19.05007 1.601229 19.22524 1.447312 19.22519 1.427396 -13.29362 0.9937597 -13.2475 1.566843 -13.25239 1.567016 19.40595 0.9907252 19.7413 1.563832 19.73718 1.566843 19.40427 0.9937597 19.7413 1.563832 19.41923 0.9812725 -13.24998 1.720676 -13.3128 1.547176 -13.25226 1.73984 19.73868 1.720676 19.59483 1.635632 19.78074 1.547176 -13.25226 1.73984 -13.07654 1.545816 -13.24995 1.734051 19.59483 1.635632 19.73879 1.390209 19.78074 1.547176 -13.07654 1.545816 -13.24943 1.390209 -13.35118 1.635632 -13.2638 1.559025 -13.24943 1.390209 -13.07654 1.545816 -13.29244 0.9768106 -13.5008 1.279362 -13.27517 0.9884547 19.41784 0.9768106 19.21613 1.276044 19.22027 1.279362 -13.49946 19.21781 -13.65035 19.38096 -13.29858 19.31415 -13.49946 19.21781 -13.55501 18.95784 -13.65035 19.38096 19.21775 1.429484 19.21765 1.419787 18.95784 1.296166 -13.49946 1.426671 -13.29858 1.358442 -13.49947 1.419787 -13.49947 19.21765 -13.29858 19.31415 -13.55501 18.95784 19.21781 1.114447 19.21781 1.159059 19.38096 1.33992 19.21967 1.137934 19.21781 1.114447 18.95784 1.296166 19.41354 0.7997858 19.38816 1.279002 19.38321 1.27746 -13.28846 0.8157472 -12.8746 1.279002 -13.27534 0.7997858 19.39726 0.8101386 19.38369 1.28154 19.41854 0.8157472 19.38528 1.457787 19.52429 1.276234 19.38451 1.485628 19.36523 1.296644 19.52429 1.276234 19.38528 1.457787 -12.82723 1.17867 -12.87482 1.087008 -12.86257 1.296644 -13.27386 0.9334237 -13.44361 1.542951 -13.44837 1.5419 19.42185 0.9248315 19.54971 1.542951 19.40421 0.9334237 19.42185 0.9248315 19.54747 1.5419 19.55246 1.541132 -13.44641 19.54968 -13.43085 19.42979 -13.64831 19.59796 -13.64831 1.54486 -13.47343 1.452681 -13.44575 1.756969 -13.43085 1.705983 -13.45222 1.386644 -13.64831 1.54486 -13.45222 1.386644 -13.4465 1.336306 -13.64831 1.54486 -13.27352 0.8258036 -13.27522 1.731836 -13.29304 0.8267845 19.42126 0.8350523 19.08163 1.731954 19.40295 0.8258036 19.42126 0.8350523 19.08121 1.731836 19.08533 1.733833 19.08268 1.926878 19.29752 1.731866 19.08116 1.850039 -13.52437 1.754088 -13.26948 1.850039 -13.27382 1.526197 19.29752 1.731866 19.08272 1.503344 19.08116 1.850039 19.04201 1.754088 19.08152 1.526197 19.29752 1.731866 -13.27101 1.503344 -13.27382 1.526197 -13.26948 1.850039 19.29752 1.731866 19.08268 1.579679 19.08272 1.503344 -13.30591 0.3540066 -13.26159 0.3521613 -13.26648 1.403612 19.39676 0.3521613 19.43205 1.403313 19.41715 1.403612 19.41687 0.3526874 19.41818 1.4039 19.43205 1.403313 -13.28128 1.047397 -13.34282 1.545917 -13.34709 1.544038 19.39878 1.047397 19.41856 1.058731 19.21495 1.545917 -13.2946 1.051241 -13.28128 1.047397 -13.34709 1.544038 19.2178 1.584162 19.41935 1.506214 19.21474 1.758301 -13.33545 1.608986 -13.3454 1.30232 -13.43183 1.584162 -13.3454 1.30232 -13.14867 1.55647 -13.3454 1.334993 19.40898 0.87049 19.49222 1.722103 19.48796 1.722918 -13.27164 0.87049 -13.2884 0.8730396 -13.13184 1.722103 -13.2884 0.8730396 -13.13708 1.723554 -13.13184 1.722103 19.4905 1.886752 19.2674 1.701312 19.74702 1.69785 19.74702 1.69785 19.49055 1.557986 19.49054 1.589329 19.74702 1.69785 19.2674 1.701312 19.49055 1.557986 -13.24893 1.701312 -12.91263 1.723339 -13.13423 1.572825 -12.91263 19.54736 -13.21714 19.74702 -13.13419 19.49054 -13.28317 1.200225 -13.55892 1.369389 -13.56115 1.365843 -13.27939 1.20095 -13.561 1.364358 -13.55892 1.369389 -13.2878 1.184866 -13.28317 1.200225 -13.56115 1.365843 19.45415 1.524224 19.4543 1.54893 19.65006 1.441434 19.45415 1.524224 19.65006 1.441434 19.45218 1.581215 -13.56124 1.581215 -13.56678 1.312032 -13.80496 1.394932 19.65006 1.441434 19.4565 1.131449 19.47373 1.145873 -13.5222 1.441434 -13.80496 1.394932 -13.56073 1.131449 -13.80496 1.394932 -13.56678 1.312032 -13.56073 1.131449 -13.2891 1.134425 -13.27245 1.132225 -13.1665 1.665643 -13.27245 1.132225 -13.28832 1.14306 -13.16365 1.666637 19.39998 1.134425 19.22254 1.665643 19.22654 1.668303 -13.16637 1.895028 -13.34495 1.606426 -13.16502 1.932869 -13.16637 1.895028 -13.17169 1.921088 -13.34495 1.606426 -13.17169 1.921088 -13.16502 1.932869 -13.12896 1.601229 19.2213 1.921088 19.05007 1.601229 19.34739 1.606426 19.22628 1.932869 19.40538 1.583969 19.05007 1.601229 19.05007 1.601229 19.2251 1.438227 19.34739 1.606426 -13.06293 19.40538 -13.34495 19.34739 -13.16641 19.22524 -13.34495 1.606426 -13.16648 1.438227 -13.16641 1.447312 19.05007 1.601229 19.22519 1.427396 19.2251 1.438227 19.05007 1.601229 19.40538 1.583969 19.22524 1.447312 -13.29362 0.9937597 -13.27175 0.9907252 -13.2475 1.566843 19.40595 0.9907252 19.41923 0.9812725 19.7413 1.563832 19.40427 0.9937597 19.73745 1.567016 19.7413 1.563832 19.73868 1.720676 19.73868 1.734051 19.59483 1.635632 -13.35118 1.635632 -13.24995 1.734051 -13.07654 1.545816 -13.25226 1.73984 -13.2638 1.559025 -13.07654 1.545816 -13.25226 1.73984 -13.3128 1.547176 -13.2638 1.559025 -13.28102 0.9719409 -13.4971 1.279382 -13.50051 1.276044 19.39944 0.9719409 19.41165 0.9884547 19.2161 1.279382 -13.27517 19.41165 -13.5008 19.22027 -13.4971 19.2161 19.41784 0.9768106 19.39944 0.9719409 19.21613 1.276044 19.21781 1.426671 19.21775 1.429484 18.95784 1.296166 19.31415 1.358442 19.21967 1.137934 18.95784 1.296166 -13.29858 1.358442 -13.65035 1.33992 -13.49392 1.137934 19.38096 1.33992 18.95784 1.296166 19.21781 1.114447 19.21967 1.137934 19.38096 1.33992 19.21781 1.159059 -13.28501 0.8101386 -12.8736 1.27746 -12.877 1.28154 -13.28501 0.8101386 -13.27534 0.7997858 -12.8736 1.27746 -13.28846 0.8157472 -12.877 1.28154 -12.8746 1.279002 19.38451 1.485628 19.39675 1.17867 19.36523 1.296644 -12.87201 1.485628 -12.99915 1.276234 -12.82723 1.17867 19.52429 1.276234 19.36523 1.296644 19.38456 1.087008 -12.82723 1.17867 -12.99915 1.276234 -12.87511 1.108846 19.52429 1.276234 19.38456 1.087008 19.38506 1.108846 -13.29259 0.9271484 -13.27386 0.9334237 -13.44837 1.5419 19.42185 0.9248315 19.55246 1.541132 19.54971 1.542951 19.42185 0.9248315 19.40242 0.9271484 19.54747 1.5419 -13.44575 1.756969 -13.44641 1.707207 -13.64831 1.54486 19.54968 1.707207 19.54967 1.718359 19.42979 1.705983 19.54967 1.718359 19.55021 1.756969 19.42979 1.705983 19.55021 1.756969 19.56611 1.451902 19.42979 1.705983 19.56611 1.451902 19.55021 1.756969 19.76303 1.452681 -13.43085 1.705983 -13.35714 1.451902 -13.45222 1.386644 -13.64831 19.59796 -13.4465 19.54965 -13.47343 19.76303 19.76303 1.452681 19.54965 1.336306 19.56611 1.451902 -13.27352 0.8258036 -13.26972 1.731954 -13.27522 1.731836 19.42126 0.8350523 19.08533 1.733833 19.08163 1.731954 19.42126 0.8350523 19.4043 0.8267845 19.08121 1.731836 19.08268 1.926878 19.08274 1.951288 19.29752 1.731866 -13.27267 1.951288 -13.52437 1.754088 -13.27514 1.731866 -13.27267 1.951288 -13.26948 1.850039 -13.52437 1.754088 19.29752 1.731866 19.08152 1.526197 19.08268 1.579679 17.26071 0.2975458 17.2534 0.9876571 17.26412 0.9878466 17.28249 0.2966785 17.26503 0.9874605 17.24245 0.2963325 -13.45511 0.2975458 -13.41836 0.9878466 -13.43101 0.2966785 17.26381 0.6422659 17.07727 1.066487 17.0806 1.067716 17.26497 0.6455861 17.07727 1.066487 17.25305 0.6387137 -13.41605 0.6455861 -13.49258 1.067716 -13.48904 1.068213 -13.49077 1.205265 -13.30679 1.092307 -13.49075 1.207629 -13.49077 17.07937 -13.54193 16.9553 -13.6688 17.15453 -13.30679 1.092307 -13.6688 1.085837 -13.4907 0.9280864 16.9553 1.114623 17.07942 0.9102623 17.15453 1.085837 -13.30679 1.092307 -13.4907 0.9280864 -13.54193 1.114623 16.9553 1.114623 17.07936 0.9500779 17.07942 0.9102623 17.2527 0.6402896 17.34693 1.127046 17.26488 0.6411748 -13.42047 0.6402896 -13.28458 1.126489 -13.28775 1.127046 17.26801 0.6371459 17.34757 1.125746 17.2527 0.6402896 -13.4199 0.6371459 -13.28775 1.127046 -13.284 1.125746 17.34711 1.272712 17.53496 1.097378 17.34608 1.009963 -13.28484 1.196001 -13.28639 1.002032 -13.28945 1.221448 -13.2821 1.272712 -13.18445 1.009963 -13.28484 1.196001 17.34664 1.221448 17.34559 1.002032 17.53496 1.097378 -13.28484 1.196001 -13.18445 1.009963 -13.28639 1.002032 -13.18445 1.009963 -13.28569 1.02629 -13.28639 1.002032 -13.18445 1.009963 -13.2858 0.9997832 -13.28569 1.02629 -13.29722 17.53496 -13.2858 17.34651 -13.18445 17.34608 17.53496 1.097378 17.34559 1.002032 17.34651 0.9997832 -13.41726 0.7098184 -13.68263 1.021845 -13.42952 0.6993617 17.25914 0.7098184 17.31729 1.023036 17.3141 1.024435 -13.42621 0.7001739 -13.6806 1.023036 -13.41726 0.7098184 17.26805 0.7001739 17.31399 1.021845 17.31729 1.023036 -13.68096 1.130491 -13.49392 1.050792 -13.68102 1.137561 -13.68096 17.31515 -13.81571 17.43797 -13.61455 17.47688 -13.68094 1.125524 -13.81571 1.039365 -13.68096 1.130491 -13.68094 17.31511 -13.79038 17.1772 -13.81571 17.43797 -13.68102 1.137561 -13.49392 1.050792 -13.68094 1.125524 -13.68096 17.31515 -13.61455 17.47688 -13.49392 17.31725 -13.68094 17.31511 -13.49392 17.31725 -13.79038 17.1772 -13.49392 1.050792 -13.66934 0.9140347 -13.79038 1.048682 -13.81571 17.43797 -13.681 17.31514 -13.61455 17.47688 17.184 0.9140347 17.31515 0.9229017 17.31514 0.9180647 17.184 0.9140347 17.31513 0.93078 17.31515 0.9229017 17.26078 0.7700573 17.17263 0.9804979 17.16965 0.9797084 -13.42697 0.7765347 -13.36913 0.9804979 -13.41549 0.7700573 -13.38107 1.044402 -13.36322 1.086967 -13.19621 0.9837942 -13.36322 1.086967 -13.37528 0.8921222 -13.19621 0.9837942 -13.36322 1.086967 -13.46153 0.9672806 -13.37528 0.8921222 -13.19621 0.9837942 -13.37528 0.8921222 -13.37117 0.8741004 -13.46153 0.9672806 -13.37117 0.8741004 -13.37116 0.9002531 -13.41922 0.7235184 -13.40837 1.141767 -13.43166 0.7221492 17.25413 0.7235184 17.4577 1.140179 17.45477 1.141767 -13.43166 0.7221492 -13.41045 1.140486 -13.4195 0.7166652 -13.40831 1.230483 -13.4084 1.244256 -13.30242 1.098225 -13.40842 17.45666 -13.34406 17.30853 -13.58149 17.41944 17.45664 1.230483 17.30853 1.16253 17.45666 1.231443 -13.4084 1.244256 -13.58149 1.168004 -13.30242 1.098225 -13.58149 1.168004 -13.40869 1.040185 -13.30242 1.098225 -13.34406 1.16253 -13.40869 1.040185 -13.58149 1.168004 17.45613 1.021401 17.45677 1.040185 17.30853 1.16253 -13.41553 0.622201 -13.5508 1.023412 -13.42844 0.6158409 17.26076 0.622201 17.16288 1.023605 17.15963 1.023412 17.2544 0.6158409 17.16288 1.023605 17.26892 0.6213401 -13.55262 1.132904 -13.37588 1.022361 -13.55266 1.146744 -13.55262 1.132904 -13.65783 1.023263 -13.37588 1.022361 17.16064 1.149145 17.16062 1.146744 17.29114 1.023263 -13.37588 1.022361 -13.65938 0.9914134 -13.55266 1.146744 -13.37588 1.022361 -13.55261 0.8793119 -13.55269 0.8928137 -13.37588 1.022361 -13.55261 0.9071657 -13.55261 0.8793119 17.29114 1.023263 17.16065 0.8928137 17.16065 0.9071657 -13.42369 0.7868432 -13.29689 1.030813 -13.29942 1.032273 -13.41612 0.7827576 -13.29689 1.030813 -13.42369 0.7868432 -13.29781 1.132429 -13.19875 1.01126 -13.28959 1.133963 -13.28959 1.133963 -13.29376 0.9808948 -13.30073 1.053198 -13.28959 1.133963 -13.19875 1.01126 -13.29376 0.9808948 17.25807 1.053198 17.24877 0.9808948 17.2556 0.9206007 17.2103 1.01126 17.2556 0.9206007 17.25508 0.9202636 17.25245 0.6918292 17.43367 1.216771 17.26584 0.6854529 17.26395 0.691511 17.43131 1.218764 17.25245 0.6918292 -13.42959 0.6854529 -13.60559 1.217585 -13.41562 0.691511 -13.60671 1.344083 -13.7482 1.21719 -13.61004 1.320858 17.43268 1.32927 17.28158 1.187602 17.5048 1.21719 17.44316 1.320858 17.28158 1.187602 17.43268 1.32927 -13.7482 1.21719 -13.60648 1.10612 -13.61004 1.320858 17.28158 1.187602 17.4326 1.110971 17.5048 1.21719 -13.7482 17.5048 -13.60689 17.43266 -13.60648 17.43675 17.43675 1.10612 17.4326 1.110971 17.28158 1.187602 -13.41664 0.8194957 -13.42251 1.127724 -13.43208 0.8231531 17.25667 0.8194957 17.0166 1.129717 17.01435 1.127724 17.26639 0.8281498 17.0166 1.129717 17.25667 0.8194957 -13.41934 0.8281498 -13.4245 1.129942 -13.42048 1.129717 -13.42262 1.305126 -13.36121 1.216919 -13.50009 1.119025 -13.42066 1.17605 -13.4225 0.9633779 -13.36121 1.216919 -13.50009 1.119025 -13.4225 0.9633779 -13.42066 1.17605 -13.45511 0.2975458 -13.42325 0.2963325 -13.41252 0.9876571 17.24245 0.2963325 17.26503 0.9874605 17.2534 0.9876571 -13.43101 0.2966785 -13.41836 0.9878466 -13.40697 0.9874605 17.26381 0.6422659 17.25305 0.6387137 17.07727 1.066487 17.26497 0.6455861 17.08034 1.068213 17.07727 1.066487 -13.41605 0.6455861 -13.43184 0.6422659 -13.49258 1.067716 -13.49077 1.205265 -13.6688 1.085837 -13.30679 1.092307 17.07937 1.205265 17.07938 1.19262 16.9553 1.114623 17.07938 1.19262 17.07937 1.207629 16.9553 1.114623 -13.49075 1.207629 -13.30679 1.092307 -13.54193 1.114623 -13.4907 0.9280864 -13.6688 1.085837 -13.49091 0.9102623 16.9553 1.114623 17.07978 0.9280864 17.07936 0.9500779 17.2527 0.6402896 17.34757 1.125746 17.34472 1.126489 -13.4199 0.6371459 -13.43081 0.6411748 -13.28775 1.127046 17.34664 1.221448 17.53496 1.097378 17.34711 1.272712 -13.41726 0.7098184 -13.67971 1.024435 -13.68263 1.021845 17.26805 0.7001739 17.25657 0.6993617 17.31399 1.021845 17.1772 1.048682 17.184 0.9140347 17.43797 1.039365 -13.49392 17.31725 -13.61455 17.47688 -13.66934 17.184 17.47688 1.018705 17.31514 0.9180647 17.31513 0.93078 -13.81571 17.43797 -13.66934 17.184 -13.681 17.31514 -13.66934 17.184 -13.61455 17.47688 -13.68099 17.31513 17.25588 0.7720753 17.16965 0.9797084 17.17234 0.9814529 -13.43088 0.7720753 -13.41549 0.7700573 -13.37138 0.9797084 -13.42697 0.7765347 -13.37303 0.9814529 -13.36913 0.9804979 17.2675 0.7765347 17.25588 0.7720753 17.17234 0.9814529 -13.38107 1.044402 -13.19621 0.9837942 -13.37117 0.8741004 -13.37528 17.18296 -13.46153 17.15834 -13.37116 17.17157 -13.46153 0.9672806 -13.38107 1.044402 -13.37117 0.8741004 17.25772 0.7221492 17.45477 1.141767 17.45741 1.140486 17.25413 0.7235184 17.26734 0.7166652 17.4577 1.140179 -13.4195 0.7166652 -13.41045 1.140486 -13.40643 1.140179 -13.4084 1.244256 -13.40842 1.231443 -13.58149 1.168004 17.45664 1.230483 17.53213 1.098225 17.30853 1.16253 17.30853 1.16253 17.53213 1.098225 17.45613 1.021401 -13.40817 1.021401 -13.30242 1.098225 -13.40841 1.05855 -13.30242 1.098225 -13.40869 1.040185 -13.40841 1.05855 -13.42844 0.6158409 -13.5508 1.023412 -13.55416 1.022146 -13.41553 0.622201 -13.42425 0.6213401 -13.55279 1.023605 17.2544 0.6158409 17.15935 1.022146 17.16288 1.023605 17.16066 1.132904 17.16064 1.149145 17.29114 1.023263 17.29114 1.023263 17.16062 1.146744 16.97732 0.9914134 17.29114 1.023263 16.97732 0.9914134 17.16065 0.8928137 -13.65938 16.97732 -13.37588 17.12443 -13.55269 17.16065 -13.37588 1.022361 -13.65783 1.023263 -13.55261 0.9071657 17.26725 0.7899291 17.25234 0.7868432 17.25405 1.032273 17.26075 0.7827576 17.25713 1.031058 17.25326 1.030813 -13.41612 0.7827576 -13.42849 0.7899291 -13.29717 1.031058 17.26725 0.7899291 17.25405 1.032273 17.25713 1.031058 -13.29781 1.132429 -13.30073 1.053198 -13.19875 1.01126 -13.19875 1.01126 -13.30073 1.053198 -13.29772 0.9206007 -13.29376 0.9808948 -13.19875 1.01126 -13.29782 0.9202636 -13.4256 0.6918292 -13.60563 1.218764 -13.60861 1.216771 17.26395 0.691511 17.43463 1.217585 17.43131 1.218764 -13.42959 0.6854529 -13.60861 1.216771 -13.60559 1.217585 -13.60671 1.344083 -13.60689 1.32927 -13.7482 1.21719 17.44316 1.320858 17.43675 1.10612 17.28158 1.187602 -13.7482 1.21719 -13.60682 1.110971 -13.60689 1.102417 17.26076 0.8231531 17.01435 1.127724 17.01684 1.129942 -13.41934 0.8281498 -13.43208 0.8231531 -13.4245 1.129942 -13.42066 1.17605 -13.42262 1.305126 -13.50009 1.119025 -13.42262 1.305126 -13.42229 1.280787 -13.36121 1.216919 -13.42229 1.280787 -13.42066 1.17605 -13.36121 1.216919 -13.50009 1.119025 -13.36121 1.216919 -13.42269 0.9701596 -13.50009 1.119025 -13.42269 0.9701596 -13.4225 0.9633779 -12.1462 0.4843716 -12.14907 1.22116 -12.13894 1.221363 -12.12185 0.4834456 -12.13683 1.22095 -12.16117 0.4830763 -12.1462 0.4843716 -12.13894 1.221363 -12.12185 0.4834456 -12.14066 0.8524077 -12.33381 1.305322 -12.33068 1.306634 -12.13784 0.8559524 -12.33381 1.305322 -12.15052 0.8486152 18.23981 0.8559524 18.29721 1.306634 18.29364 1.307165 18.29527 1.453486 18.11952 1.332888 18.29525 1.45601 -12.33172 18.29527 -12.46145 18.33355 -12.27503 18.48161 18.11952 1.332888 18.48161 1.325981 18.29524 1.15756 -12.46145 1.356714 -12.33168 1.138531 -12.27503 1.325981 -12.22938 1.332888 -12.3313 1.15756 -12.46145 1.356714 -12.46145 1.356714 -12.33173 1.181039 -12.33168 1.138531 18.24297 0.8502977 18.11979 1.369977 18.25461 0.8512428 18.24297 0.8502977 18.11638 1.369383 18.11979 1.369977 -12.13519 0.8469414 -12.04121 1.36859 -12.1506 0.8502977 18.244 0.8469414 18.11979 1.369977 18.1161 1.36859 -12.04147 1.525495 -11.85475 1.338302 -12.03226 1.244975 18.11665 1.443596 18.11829 1.236508 18.12147 1.470764 18.11415 1.525495 18.01615 1.244975 18.11665 1.443596 -12.04271 1.470764 -12.04344 1.236508 -11.85475 1.338302 18.11665 1.443596 18.01615 1.244975 18.11829 1.236508 18.01615 1.244975 18.11769 1.262406 18.11829 1.236508 18.01615 1.244975 18.1178 1.234107 18.11769 1.262406 -11.85475 18.14899 -12.04246 18.1178 -12.03226 18.01615 -11.85475 1.338302 -12.04344 1.236508 -12.04246 1.234107 18.24042 0.9245293 18.51217 1.257661 18.25244 0.9133653 -12.14381 0.9245293 -12.11311 1.258932 -12.11622 1.260426 18.25032 0.9142324 18.51048 1.258932 18.24042 0.9245293 -12.13582 0.9142324 -12.11663 1.257661 -12.11311 1.258932 18.51063 1.373655 18.32336 1.288566 18.51067 1.381204 -12.1153 18.51063 -12.0063 18.65857 -11.94622 18.461 18.5106 1.368352 18.65857 1.276365 18.51063 1.373655 -12.11534 18.5106 -12.26505 18.60585 -12.0063 18.65857 18.51067 1.381204 18.32336 1.288566 18.5106 1.368352 -12.1153 18.51063 -11.94622 18.461 -12.0936 18.32336 -12.11534 18.5106 -12.0936 18.32336 -12.26505 18.60585 18.32336 1.288566 18.48523 1.142558 18.60585 1.286313 -12.0063 18.65857 -12.11531 18.51067 -11.94622 18.461 -12.24554 1.142558 -12.11531 1.152025 -12.11531 1.146861 -12.24554 1.142558 -12.11532 1.160436 -12.11531 1.152025 -12.14198 0.9888425 -12.22549 1.213517 -12.22871 1.212674 18.25103 0.9957581 18.1831 1.213517 18.23882 0.9888425 18.19466 1.281744 18.17731 1.327187 18.00647 1.217036 18.17731 1.327187 18.19036 1.119164 18.00647 1.217036 18.17731 1.327187 18.27423 1.199406 18.19036 1.119164 18.00647 1.217036 18.19036 1.119164 18.18503 1.099923 18.27423 1.199406 18.18503 1.099923 18.18504 1.127845 18.24186 0.9391559 18.25201 1.385694 18.2547 0.9376941 -12.14904 0.9391559 -11.94364 1.383998 -11.94678 1.385694 -12.14675 0.9376941 -11.94435 1.384326 -12.13583 0.9318392 18.25214 1.480411 18.25226 1.495115 18.15391 1.339207 -11.94489 18.25225 -12.08663 18.17222 -12.00033 18.42185 -11.9449 1.480411 -12.08663 1.407861 -11.94489 1.481435 18.25226 1.495115 18.42185 1.413705 18.15391 1.339207 18.42185 1.413705 18.25253 1.277241 18.15391 1.339207 18.17222 1.407861 18.25253 1.277241 18.42185 1.413705 -11.9454 1.257186 -11.94481 1.277241 -12.08663 1.407861 18.23886 0.8309857 18.36386 1.259334 18.25113 0.8241954 -12.14201 0.8309857 -12.2545 1.259539 -12.25756 1.259334 -12.14973 0.8241954 -12.2545 1.259539 -12.13474 0.8300665 18.36579 1.376231 18.18483 1.258211 18.36582 1.391007 18.36579 1.376231 18.48492 1.259174 18.18483 1.258211 -12.25673 1.393571 -12.25676 1.391007 -12.13695 1.259174 18.18483 1.258211 18.4536 1.225171 18.36582 1.391007 18.18483 1.258211 18.36578 1.105487 18.36585 1.119902 18.18483 1.258211 18.36578 1.135225 18.36578 1.105487 18.48492 1.259174 18.36585 1.119902 18.36578 1.135225 18.24616 1.006764 18.11914 1.267236 18.12176 1.268794 -12.14208 1.002402 -12.1371 1.267236 -12.1513 1.006764 18.12026 1.375725 18.01626 1.24636 18.11197 1.377362 18.11197 1.377362 18.11554 1.213941 18.12349 1.291134 18.11197 1.377362 18.01626 1.24636 18.11554 1.213941 -12.13268 1.291134 -12.14126 1.213941 -12.13484 1.149568 -12.16988 1.24636 -12.13484 1.149568 -12.13537 1.149208 -12.15139 0.9053234 -11.98892 1.465771 -12.13839 0.8985158 -12.13882 0.9049836 -11.99096 1.467899 -12.15139 0.9053234 18.25348 0.8985158 18.4476 1.46664 18.23928 0.9049836 18.44856 1.601694 18.5979 1.466219 18.45295 1.576898 18.4487 1.585879 18.39065 1.434629 18.5979 1.466219 -11.97955 1.576898 -12.13677 1.434629 -11.98972 1.585879 18.5979 1.466219 18.4487 1.347635 18.45295 1.576898 -12.13677 1.434629 -11.9898 1.352814 -11.93224 1.466219 -11.93224 18.5979 -11.98975 18.44869 -11.9856 18.4487 -11.9856 1.347635 -11.9898 1.352814 -12.13677 1.434629 18.23954 1.041625 18.22003 1.370701 18.25545 1.04553 -12.14622 1.041625 -12.38727 1.372829 -12.38974 1.370701 -12.13676 1.050864 -12.38727 1.372829 -12.14622 1.041625 18.24326 1.050864 18.22229 1.373069 18.21823 1.372829 18.22031 1.560102 18.15502 1.465929 18.2936 1.361414 18.21892 1.422296 18.22022 1.195239 18.15502 1.465929 18.2936 1.361414 18.22022 1.195239 18.21892 1.422296 18.27853 0.4843716 18.24468 0.4830763 18.23507 1.22116 -12.16117 0.4830763 -12.13683 1.22095 -12.14907 1.22116 18.25665 0.4834456 18.24204 1.221363 18.23072 1.22095 -12.14066 0.8524077 -12.15052 0.8486152 -12.33381 1.305322 -12.13784 0.8559524 -12.33056 1.307165 -12.33381 1.305322 18.23981 0.8559524 18.25552 0.8524077 18.29721 1.306634 18.29527 1.453486 18.48161 1.325981 18.11952 1.332888 -12.33172 1.453486 -12.33171 1.439987 -12.46145 1.356714 -12.33171 1.439987 -12.33171 1.45601 -12.46145 1.356714 -12.33171 1.45601 -12.22938 1.332888 -12.46145 1.356714 18.29524 1.15756 18.48161 1.325981 18.29541 1.138531 -12.46145 1.356714 -12.3313 1.15756 -12.33173 1.181039 -12.1506 0.8502977 -12.04121 1.36859 -12.04413 1.369383 18.244 0.8469414 18.25461 0.8512428 18.11979 1.369977 -12.04271 1.470764 -11.85475 1.338302 -12.04147 1.525495 18.24042 0.9245293 18.50926 1.260426 18.51217 1.257661 -12.13582 0.9142324 -12.14768 0.9133653 -12.11663 1.257661 -12.26505 1.286313 -12.24554 1.142558 -12.0063 1.276365 -12.0936 18.32336 -11.94622 18.461 -12.24554 18.48523 -11.94622 1.254309 -12.11531 1.146861 -12.11532 1.160436 -12.0063 18.65857 -12.24554 18.48523 -12.11531 18.51067 -12.24554 18.48523 -11.94622 18.461 -12.11532 18.51065 -12.14851 0.9909971 -12.22871 1.212674 -12.22619 1.214536 18.25373 0.9909971 18.23882 0.9888425 18.18505 1.212674 18.25103 0.9957581 18.18699 1.214536 18.1831 1.213517 -12.13645 0.9957581 -12.14851 0.9909971 -12.22619 1.214536 18.19466 1.281744 18.00647 1.217036 18.18503 1.099923 18.19036 1.119164 18.27423 1.199406 18.18504 1.127845 18.27423 1.199406 18.19466 1.281744 18.18503 1.099923 -12.14675 0.9376941 -11.94678 1.385694 -11.94435 1.384326 -12.14904 0.9391559 -12.13583 0.9318392 -11.94364 1.383998 18.24352 0.9318392 18.25437 1.384326 18.25037 1.383998 18.25226 1.495115 18.25225 1.481435 18.42185 1.413705 -11.9449 1.480411 -11.85814 1.339207 -12.08663 1.407861 -12.08663 1.407861 -11.85814 1.339207 -11.9454 1.257186 18.25194 1.257186 18.15391 1.339207 18.25224 1.296848 18.15391 1.339207 18.25253 1.277241 18.25224 1.296848 18.25113 0.8241954 18.36386 1.259334 18.36719 1.257982 18.23886 0.8309857 18.24846 0.8300665 18.36619 1.259539 -12.14973 0.8241954 -12.25819 1.257982 -12.2545 1.259539 -12.25671 1.376231 -12.25673 1.393571 -12.13695 1.259174 -12.13695 1.259174 -12.25676 1.391007 -12.45168 1.225171 -12.13695 1.259174 -12.45168 1.225171 -12.25673 1.119902 -12.45168 18.4536 -12.27451 18.18483 -12.25673 18.36585 18.18483 1.258211 18.48492 1.259174 18.36578 1.135225 -12.13686 1.010058 -12.1513 1.006764 -12.13657 1.268794 -12.14208 1.002402 -12.13325 1.267497 -12.1371 1.267236 18.23944 1.002402 18.25253 1.010058 18.11983 1.267497 -12.13686 1.010058 -12.13657 1.268794 -12.13325 1.267497 18.12026 1.375725 18.12349 1.291134 18.01626 1.24636 18.01626 1.24636 18.12349 1.291134 18.12022 1.149568 18.11554 1.213941 18.01626 1.24636 18.12027 1.149208 18.24807 0.9053234 18.44728 1.467899 18.45051 1.465771 -12.13882 0.9049836 -11.98764 1.46664 -11.99096 1.467899 18.25348 0.8985158 18.45051 1.465771 18.4476 1.46664 18.44856 1.601694 18.4487 1.585879 18.5979 1.466219 -11.97955 1.576898 -11.9856 1.347635 -12.13677 1.434629 18.5979 1.466219 18.44861 1.352814 18.44869 1.343682 -12.14374 1.04553 -12.38974 1.370701 -12.38746 1.373069 18.24326 1.050864 18.25545 1.04553 18.22229 1.373069 18.21892 1.422296 18.22031 1.560102 18.2936 1.361414 18.22031 1.560102 18.21999 1.534117 18.15502 1.465929 18.21999 1.534117 18.21892 1.422296 18.15502 1.465929 18.2936 1.361414 18.15502 1.465929 18.22033 1.202479 18.2936 1.361414 18.22033 1.202479 18.22022 1.195239</float_array>
          <technique_common>
            <accessor source="#uv-array" count="4680" stride="2">
              <param name="S" type="float" />
              <param name="T" type="float" />
            </accessor>
          </technique_common>
        </source>
        <vertices id="vertices">
          <input semantic="POSITION" source="#positions" />
        </vertices>
        <triangles count="600" material="m0">
          <input semantic="VERTEX" source="#vertices" offset="0" />
          <input semantic="NORMAL" source="#normals" offset="1" />
          <input semantic="TEXCOORD" source="#uv" offset="2" set="0" />
          <p>0 0 0 4 0 1 3 0 2 2 1 3 5 1 4 1 1 5 0 2 6 3 2 7 2 2 8 7 3 9 9 3 10 6 3 11 7 4 12 11 4 13 10 4 14 8 5 15 11 5 16 7 5 17 8 6 18 9 6 19 11 6 20 21 14 42 23 14 43 20 14 44 22 15 45 24 15 46 21 15 47 22 16 48 25 16 49 24 16 50 35 23 69 38 23 70 37 23 71 35 24 72 39 24 73 38 24 74 37 25 75 38 25 76 40 25 77 52 33 99 54 33 100 51 33 101 52 34 102 56 34 103 55 34 104 51 35 105 56 35 106 53 35 107 68 42 126 70 42 127 67 42 128 67 43 129 72 43 130 69 43 131 67 44 132 70 44 133 72 44 134 82 52 156 86 52 157 85 52 158 83 53 159 86 53 160 82 53 161 83 54 162 87 54 163 86 54 164 97 64 192 99 64 193 96 64 194 97 65 195 101 65 196 100 65 197 96 66 198 101 66 199 98 66 200 106 69 207 110 69 208 109 69 209 108 70 210 111 70 211 107 70 212 106 71 213 109 71 214 108 71 215 122 80 240 124 80 241 121 80 242 123 81 243 125 81 244 122 81 245 123 82 246 124 82 247 126 82 248 0 89 267 1 89 268 4 89 269 1 90 270 5 90 271 4 90 272 2 91 273 3 91 274 5 91 275 7 92 276 10 92 277 9 92 278 8 93 279 6 93 280 9 93 281 21 97 291 24 97 292 23 97 293 22 98 294 20 98 295 25 98 296 20 99 297 23 99 298 25 99 299 35 106 318 36 106 319 39 106 320 36 107 321 40 107 322 39 107 323 36 108 324 37 108 325 40 108 326 52 116 348 55 116 349 54 116 350 52 117 351 53 117 352 56 117 353 51 118 354 54 118 355 56 118 356 68 127 381 71 127 382 70 127 383 68 128 384 69 128 385 71 128 386 69 129 387 72 129 388 71 129 389 83 135 405 84 135 406 87 135 407 84 136 408 85 136 409 87 136 410 84 137 411 82 137 412 85 137 413 97 139 417 100 139 418 99 139 419 97 140 420 98 140 421 101 140 422 96 141 423 99 141 424 101 141 425 106 142 426 107 142 427 110 142 428 107 143 429 111 143 430 110 143 431 108 144 432 109 144 433 111 144 434 122 149 447 125 149 448 124 149 449 123 150 450 126 150 451 125 150 452 123 151 453 121 151 454 124 151 455 135 156 468 139 156 469 138 156 470 137 157 471 140 157 472 136 157 473 135 158 474 138 158 475 137 158 476 141 159 477 145 159 478 144 159 479 142 160 480 145 160 481 141 160 482 143 161 483 144 161 484 146 161 485 157 167 501 160 167 502 156 167 503 157 168 504 161 168 505 160 168 506 170 172 516 172 172 517 169 172 518 171 173 519 173 173 520 170 173 521 171 174 522 174 174 523 173 174 524 183 179 537 187 179 538 186 179 539 185 180 540 188 180 541 184 180 542 185 181 543 186 181 544 188 181 545 199 188 564 202 188 565 198 188 566 200 189 567 201 189 568 203 189 569 213 200 600 217 200 601 216 200 602 215 201 603 216 201 604 218 201 605 213 202 606 216 202 607 215 202 608 227 207 621 229 207 622 226 207 623 227 208 624 231 208 625 230 208 626 228 209 627 229 209 628 231 209 629 241 215 645 243 215 646 240 215 647 241 216 648 245 216 649 244 216 650 240 217 651 245 217 652 242 217 653 255 229 687 259 229 688 258 229 689 256 230 690 260 230 691 259 230 692 257 231 693 260 231 694 256 231 695 135 238 714 136 238 715 139 238 716 136 239 717 140 239 718 139 239 719 137 240 720 138 240 721 140 240 722 142 241 723 146 241 724 145 241 725 142 242 726 143 242 727 146 242 728 143 243 729 141 243 730 144 243 731 156 251 753 160 251 754 159 251 755 157 252 756 158 252 757 161 252 758 158 253 759 159 253 760 161 253 761 158 254 762 156 254 763 159 254 764 170 260 780 173 260 781 172 260 782 171 261 783 169 261 784 174 261 785 169 262 786 172 262 787 174 262 788 183 269 807 184 269 808 187 269 809 184 270 810 188 270 811 187 270 812 185 271 813 183 271 814 186 271 815 198 278 834 202 278 835 201 278 836 199 279 837 200 279 838 202 279 839 200 280 840 203 280 841 202 280 842 200 281 843 198 281 844 201 281 845 213 284 852 214 284 853 217 284 854 214 285 855 218 285 856 217 285 857 214 286 858 215 286 859 218 286 860 227 291 873 230 291 874 229 291 875 227 292 876 228 292 877 231 292 878 228 293 879 226 293 880 229 293 881 241 299 897 244 299 898 243 299 899 241 300 900 242 300 901 245 300 902 240 301 903 243 301 904 245 301 905 255 303 909 256 303 910 259 303 911 257 304 912 258 304 913 260 304 914 257 305 915 255 305 916 258 305 917 270 312 936 274 312 937 273 312 938 272 313 939 275 313 940 271 313 941 270 314 942 273 314 943 272 314 944 277 315 945 281 315 946 280 315 947 278 316 948 281 316 949 277 316 950 278 317 951 279 317 952 281 317 953 290 325 975 293 325 976 295 325 977 291 326 978 293 326 979 290 326 980 290 327 981 295 327 982 292 327 983 306 335 1005 309 335 1006 305 335 1007 307 336 1008 310 336 1009 306 336 1010 307 337 1011 308 337 1012 310 337 1013 320 342 1026 323 342 1027 322 342 1028 321 343 1029 324 343 1030 323 343 1031 319 344 1032 324 344 1033 321 344 1034 334 347 1041 338 347 1042 337 347 1043 335 348 1044 339 348 1045 338 348 1046 334 349 1047 339 349 1048 336 349 1049 350 356 1068 353 356 1069 349 356 1070 350 357 1071 351 357 1072 353 357 1073 364 365 1095 368 365 1096 367 365 1097 365 366 1098 368 366 1099 364 366 1100 363 367 1101 366 367 1102 365 367 1103 377 371 1113 380 371 1114 379 371 1115 378 372 1116 380 372 1117 377 372 1118 378 373 1119 379 373 1120 381 373 1121 392 378 1134 394 378 1135 391 378 1136 393 379 1137 395 379 1138 392 379 1139 393 380 1140 394 380 1141 396 380 1142 270 387 1161 271 387 1162 274 387 1163 271 388 1164 275 388 1165 274 388 1166 272 389 1167 273 389 1168 275 389 1169 276 390 1170 280 390 1171 279 390 1172 276 391 1173 277 391 1174 280 391 1175 278 392 1176 276 392 1177 279 392 1178 291 396 1188 294 396 1189 293 396 1190 291 397 1191 292 397 1192 294 397 1193 292 398 1194 295 398 1195 294 398 1196 305 404 1212 309 404 1213 308 404 1214 306 405 1215 310 405 1216 309 405 1217 307 406 1218 305 406 1219 308 406 1220 319 413 1239 320 413 1240 322 413 1241 320 414 1242 321 414 1243 323 414 1244 319 415 1245 322 415 1246 324 415 1247 334 426 1278 335 426 1279 338 426 1280 335 427 1281 336 427 1282 339 427 1283 334 428 1284 337 428 1285 339 428 1286 348 433 1299 352 433 1300 351 433 1301 348 434 1302 349 434 1303 352 434 1304 349 435 1305 353 435 1306 352 435 1307 350 436 1308 348 436 1309 351 436 1310 363 442 1326 367 442 1327 366 442 1328 363 443 1329 364 443 1330 367 443 1331 365 444 1332 366 444 1333 368 444 1334 376 450 1350 377 450 1351 379 450 1352 378 451 1353 381 451 1354 380 451 1355 378 452 1356 376 452 1357 379 452 1358 392 461 1383 395 461 1384 394 461 1385 393 462 1386 396 462 1387 395 462 1388 393 463 1389 391 463 1390 394 463 1391 405 468 1404 409 468 1405 408 468 1406 407 469 1407 410 469 1408 406 469 1409 405 470 1410 408 470 1411 407 470 1412 411 471 1413 415 471 1414 414 471 1415 413 472 1416 415 472 1417 412 472 1418 411 473 1419 416 473 1420 413 473 1421 425 479 1437 429 479 1438 428 479 1439 427 480 1440 430 480 1441 426 480 1442 427 481 1443 428 481 1444 430 481 1445 425 482 1446 428 482 1447 427 482 1448 439 486 1458 441 486 1459 438 486 1460 439 487 1461 443 487 1462 442 487 1463 440 488 1464 441 488 1465 443 488 1466 454 494 1482 458 494 1483 457 494 1484 455 495 1485 458 495 1486 454 495 1487 470 505 1515 474 505 1516 473 505 1517 471 506 1518 474 506 1519 470 506 1520 472 507 1521 473 507 1522 475 507 1523 485 513 1539 487 513 1540 484 513 1541 486 514 1542 488 514 1543 485 514 1544 486 515 1545 489 515 1546 488 515 1547 484 516 1548 487 516 1549 489 516 1550 497 525 1575 501 525 1576 500 525 1577 498 526 1578 501 526 1579 497 526 1580 511 535 1605 514 535 1606 513 535 1607 512 536 1608 515 536 1609 514 536 1610 513 537 1611 516 537 1612 515 537 1613 526 542 1626 530 542 1627 529 542 1628 527 543 1629 531 543 1630 530 543 1631 528 544 1632 531 544 1633 527 544 1634 526 545 1635 529 545 1636 528 545 1637 405 550 1650 406 550 1651 409 550 1652 406 551 1653 410 551 1654 409 551 1655 407 552 1656 408 552 1657 410 552 1658 411 553 1659 412 553 1660 415 553 1661 413 554 1662 416 554 1663 415 554 1664 411 555 1665 414 555 1666 416 555 1667 425 561 1683 426 561 1684 429 561 1685 426 562 1686 430 562 1687 429 562 1688 439 568 1704 442 568 1705 441 568 1706 439 569 1707 440 569 1708 443 569 1709 440 570 1710 438 570 1711 441 570 1712 455 580 1740 459 580 1741 458 580 1742 455 581 1743 456 581 1744 459 581 1745 456 582 1746 457 582 1747 459 582 1748 456 583 1749 454 583 1750 457 583 1751 471 589 1767 475 589 1768 474 589 1769 471 590 1770 472 590 1771 475 590 1772 472 591 1773 470 591 1774 473 591 1775 485 597 1791 488 597 1792 487 597 1793 486 598 1794 484 598 1795 489 598 1796 498 599 1797 502 599 1798 501 599 1799 498 600 1800 499 600 1801 502 600 1802 499 601 1803 500 601 1804 502 601 1805 499 602 1806 497 602 1807 500 602 1808 511 605 1815 512 605 1816 514 605 1817 512 606 1818 513 606 1819 515 606 1820 513 607 1821 514 607 1822 516 607 1823 526 616 1848 527 616 1849 530 616 1850 528 617 1851 529 617 1852 531 617 1853 540 624 1872 544 624 1873 543 624 1874 542 625 1875 545 625 1876 541 625 1877 540 626 1878 543 626 1879 542 626 1880 546 627 1881 550 627 1882 549 627 1883 548 628 1884 550 628 1885 547 628 1886 546 629 1887 551 629 1888 548 629 1889 560 635 1905 564 635 1906 563 635 1907 562 636 1908 565 636 1909 561 636 1910 562 637 1911 563 637 1912 565 637 1913 560 638 1914 563 638 1915 562 638 1916 574 642 1926 576 642 1927 573 642 1928 574 643 1929 578 643 1930 577 643 1931 575 644 1932 576 644 1933 578 644 1934 589 650 1950 593 650 1951 592 650 1952 590 651 1953 593 651 1954 589 651 1955 605 661 1983 609 661 1984 608 661 1985 606 662 1986 609 662 1987 605 662 1988 607 663 1989 608 663 1990 610 663 1991 620 669 2007 622 669 2008 619 669 2009 621 670 2010 623 670 2011 620 670 2012 621 671 2013 624 671 2014 623 671 2015 619 672 2016 622 672 2017 624 672 2018 632 681 2043 636 681 2044 635 681 2045 633 682 2046 636 682 2047 632 682 2048 646 691 2073 649 691 2074 648 691 2075 647 692 2076 650 692 2077 649 692 2078 648 693 2079 651 693 2080 650 693 2081 661 698 2094 665 698 2095 664 698 2096 662 699 2097 666 699 2098 665 699 2099 663 700 2100 666 700 2101 662 700 2102 661 701 2103 664 701 2104 663 701 2105 540 706 2118 541 706 2119 544 706 2120 541 707 2121 545 707 2122 544 707 2123 542 708 2124 543 708 2125 545 708 2126 546 709 2127 547 709 2128 550 709 2129 548 710 2130 551 710 2131 550 710 2132 546 711 2133 549 711 2134 551 711 2135 560 717 2151 561 717 2152 564 717 2153 561 718 2154 565 718 2155 564 718 2156 574 724 2172 577 724 2173 576 724 2174 574 725 2175 575 725 2176 578 725 2177 575 726 2178 573 726 2179 576 726 2180 590 736 2208 594 736 2209 593 736 2210 590 737 2211 591 737 2212 594 737 2213 591 738 2214 592 738 2215 594 738 2216 591 739 2217 589 739 2218 592 739 2219 606 745 2235 610 745 2236 609 745 2237 606 746 2238 607 746 2239 610 746 2240 607 747 2241 605 747 2242 608 747 2243 620 753 2259 623 753 2260 622 753 2261 621 754 2262 619 754 2263 624 754 2264 633 755 2265 637 755 2266 636 755 2267 633 756 2268 634 756 2269 637 756 2270 634 757 2271 635 757 2272 637 757 2273 634 758 2274 632 758 2275 635 758 2276 646 761 2283 647 761 2284 649 761 2285 647 762 2286 648 762 2287 650 762 2288 648 763 2289 649 763 2290 651 763 2291 661 772 2316 662 772 2317 665 772 2318 663 773 2319 664 773 2320 666 773 2321 675 780 2340 679 780 2341 678 780 2342 677 781 2343 680 781 2344 676 781 2345 675 782 2346 678 782 2347 677 782 2348 681 783 2349 684 783 2350 686 783 2351 683 784 2352 685 784 2353 682 784 2354 681 785 2355 686 785 2356 683 785 2357 694 791 2373 698 791 2374 697 791 2375 694 792 2376 697 792 2377 696 792 2378 710 799 2397 712 799 2398 709 799 2399 710 800 2400 713 800 2401 712 800 2402 709 801 2403 714 801 2404 711 801 2405 726 812 2436 729 812 2437 728 812 2438 727 813 2439 729 813 2440 726 813 2441 740 819 2457 742 819 2458 739 819 2459 741 820 2460 743 820 2461 740 820 2462 741 821 2463 742 821 2464 744 821 2465 753 828 2484 756 828 2485 752 828 2486 754 829 2487 757 829 2488 753 829 2489 752 830 2490 755 830 2491 754 830 2492 768 838 2514 771 838 2515 770 838 2516 769 839 2517 772 839 2518 771 839 2519 767 840 2520 772 840 2521 769 840 2522 780 844 2532 784 844 2533 783 844 2534 782 845 2535 785 845 2536 784 845 2537 780 846 2538 785 846 2539 782 846 2540 797 856 2568 800 856 2569 799 856 2570 798 857 2571 800 857 2572 797 857 2573 798 858 2574 801 858 2575 800 858 2576 675 865 2595 676 865 2596 679 865 2597 676 866 2598 680 866 2599 679 866 2600 677 867 2601 678 867 2602 680 867 2603 681 868 2604 682 868 2605 684 868 2606 682 869 2607 685 869 2608 684 869 2609 683 870 2610 686 870 2611 685 870 2612 694 874 2622 695 874 2623 698 874 2624 695 875 2625 699 875 2626 698 875 2627 695 876 2628 696 876 2629 699 876 2630 696 877 2631 697 877 2632 699 877 2633 710 884 2652 711 884 2653 713 884 2654 711 885 2655 714 885 2656 713 885 2657 709 886 2658 712 886 2659 714 886 2660 725 891 2673 726 891 2674 728 891 2675 727 892 2676 730 892 2677 729 892 2678 727 893 2679 725 893 2680 730 893 2681 725 894 2682 728 894 2683 730 894 2684 740 900 2700 743 900 2701 742 900 2702 741 901 2703 744 901 2704 743 901 2705 741 902 2706 739 902 2707 742 902 2708 752 905 2715 756 905 2716 755 905 2717 753 906 2718 757 906 2719 756 906 2720 754 907 2721 755 907 2722 757 907 2723 767 913 2739 768 913 2740 770 913 2741 768 914 2742 769 914 2743 771 914 2744 767 915 2745 770 915 2746 772 915 2747 780 921 2763 781 921 2764 784 921 2765 781 922 2766 782 922 2767 784 922 2768 780 923 2769 783 923 2770 785 923 2771 796 929 2787 797 929 2788 799 929 2789 798 930 2790 796 930 2791 801 930 2792 796 931 2793 799 931 2794 801 931 2795 810 936 2808 814 936 2809 813 936 2810 812 937 2811 815 937 2812 811 937 2813 810 938 2814 813 938 2815 812 938 2816 817 939 2817 819 939 2818 816 939 2819 817 940 2820 821 940 2821 820 940 2822 818 941 2823 821 941 2824 817 941 2825 818 942 2826 819 942 2827 821 942 2828 831 950 2850 833 950 2851 830 950 2852 832 951 2853 834 951 2854 831 951 2855 832 952 2856 835 952 2857 834 952 2858 845 959 2877 848 959 2878 847 959 2879 845 960 2880 849 960 2881 848 960 2882 847 961 2883 848 961 2884 850 961 2885 862 969 2907 864 969 2908 861 969 2909 862 970 2910 866 970 2911 865 970 2912 861 971 2913 866 971 2914 863 971 2915 878 978 2934 880 978 2935 877 978 2936 877 979 2937 882 979 2938 879 979 2939 877 980 2940 880 980 2941 882 980 2942 892 988 2964 896 988 2965 895 988 2966 893 989 2967 896 989 2968 892 989 2969 893 990 2970 897 990 2971 896 990 2972 907 1000 3000 909 1000 3001 906 1000 3002 907 1001 3003 911 1001 3004 910 1001 3005 906 1002 3006 911 1002 3007 908 1002 3008 916 1005 3015 920 1005 3016 919 1005 3017 918 1006 3018 921 1006 3019 917 1006 3020 916 1007 3021 919 1007 3022 918 1007 3023 932 1016 3048 934 1016 3049 931 1016 3050 933 1017 3051 935 1017 3052 932 1017 3053 933 1018 3054 934 1018 3055 936 1018 3056 810 1025 3075 811 1025 3076 814 1025 3077 811 1026 3078 815 1026 3079 814 1026 3080 812 1027 3081 813 1027 3082 815 1027 3083 817 1028 3084 820 1028 3085 819 1028 3086 818 1029 3087 816 1029 3088 819 1029 3089 831 1033 3099 834 1033 3100 833 1033 3101 832 1034 3102 830 1034 3103 835 1034 3104 830 1035 3105 833 1035 3106 835 1035 3107 845 1042 3126 846 1042 3127 849 1042 3128 846 1043 3129 850 1043 3130 849 1043 3131 846 1044 3132 847 1044 3133 850 1044 3134 862 1052 3156 865 1052 3157 864 1052 3158 862 1053 3159 863 1053 3160 866 1053 3161 861 1054 3162 864 1054 3163 866 1054 3164 878 1063 3189 881 1063 3190 880 1063 3191 878 1064 3192 879 1064 3193 881 1064 3194 879 1065 3195 882 1065 3196 881 1065 3197 893 1071 3213 894 1071 3214 897 1071 3215 894 1072 3216 895 1072 3217 897 1072 3218 894 1073 3219 892 1073 3220 895 1073 3221 907 1075 3225 910 1075 3226 909 1075 3227 907 1076 3228 908 1076 3229 911 1076 3230 906 1077 3231 909 1077 3232 911 1077 3233 916 1078 3234 917 1078 3235 920 1078 3236 917 1079 3237 921 1079 3238 920 1079 3239 918 1080 3240 919 1080 3241 921 1080 3242 932 1085 3255 935 1085 3256 934 1085 3257 933 1086 3258 936 1086 3259 935 1086 3260 933 1087 3261 931 1087 3262 934 1087 3263 945 1092 3276 949 1092 3277 948 1092 3278 947 1093 3279 950 1093 3280 946 1093 3281 945 1094 3282 948 1094 3283 947 1094 3284 952 1095 3285 956 1095 3286 955 1095 3287 953 1096 3288 956 1096 3289 952 1096 3290 953 1097 3291 954 1097 3292 956 1097 3293 965 1105 3315 968 1105 3316 970 1105 3317 966 1106 3318 968 1106 3319 965 1106 3320 965 1107 3321 970 1107 3322 967 1107 3323 981 1115 3345 984 1115 3346 980 1115 3347 982 1116 3348 985 1116 3349 981 1116 3350 982 1117 3351 983 1117 3352 985 1117 3353 995 1122 3366 998 1122 3367 997 1122 3368 996 1123 3369 999 1123 3370 998 1123 3371 994 1124 3372 999 1124 3373 996 1124 3374 1009 1127 3381 1013 1127 3382 1012 1127 3383 1010 1128 3384 1014 1128 3385 1013 1128 3386 1009 1129 3387 1014 1129 3388 1011 1129 3389 1025 1136 3408 1028 1136 3409 1024 1136 3410 1025 1137 3411 1026 1137 3412 1028 1137 3413 1039 1145 3435 1043 1145 3436 1042 1145 3437 1040 1146 3438 1043 1146 3439 1039 1146 3440 1038 1147 3441 1041 1147 3442 1040 1147 3443 1052 1151 3453 1055 1151 3454 1054 1151 3455 1053 1152 3456 1055 1152 3457 1052 1152 3458 1053 1153 3459 1054 1153 3460 1056 1153 3461 1067 1158 3474 1069 1158 3475 1066 1158 3476 1068 1159 3477 1070 1159 3478 1067 1159 3479 1068 1160 3480 1069 1160 3481 1071 1160 3482 945 1167 3501 946 1167 3502 949 1167 3503 946 1168 3504 950 1168 3505 949 1168 3506 947 1169 3507 948 1169 3508 950 1169 3509 951 1170 3510 955 1170 3511 954 1170 3512 951 1171 3513 952 1171 3514 955 1171 3515 953 1172 3516 951 1172 3517 954 1172 3518 966 1176 3528 969 1176 3529 968 1176 3530 966 1177 3531 967 1177 3532 969 1177 3533 967 1178 3534 970 1178 3535 969 1178 3536 980 1184 3552 984 1184 3553 983 1184 3554 981 1185 3555 985 1185 3556 984 1185 3557 982 1186 3558 980 1186 3559 983 1186 3560 994 1193 3579 995 1193 3580 997 1193 3581 995 1194 3582 996 1194 3583 998 1194 3584 994 1195 3585 997 1195 3586 999 1195 3587 1009 1206 3618 1010 1206 3619 1013 1206 3620 1010 1207 3621 1011 1207 3622 1014 1207 3623 1009 1208 3624 1012 1208 3625 1014 1208 3626 1023 1213 3639 1027 1213 3640 1026 1213 3641 1023 1214 3642 1024 1214 3643 1027 1214 3644 1024 1215 3645 1028 1215 3646 1027 1215 3647 1025 1216 3648 1023 1216 3649 1026 1216 3650 1038 1222 3666 1042 1222 3667 1041 1222 3668 1038 1223 3669 1039 1223 3670 1042 1223 3671 1040 1224 3672 1041 1224 3673 1043 1224 3674 1051 1230 3690 1052 1230 3691 1054 1230 3692 1053 1231 3693 1056 1231 3694 1055 1231 3695 1053 1232 3696 1051 1232 3697 1054 1232 3698 1067 1241 3723 1070 1241 3724 1069 1241 3725 1068 1242 3726 1071 1242 3727 1070 1242 3728 1068 1243 3729 1066 1243 3730 1069 1243 3731 1080 1248 3744 1084 1248 3745 1083 1248 3746 1082 1249 3747 1085 1249 3748 1081 1249 3749 1080 1250 3750 1083 1250 3751 1082 1250 3752 1086 1251 3753 1090 1251 3754 1089 1251 3755 1088 1252 3756 1090 1252 3757 1087 1252 3758 1088 1253 3759 1089 1253 3760 1091 1253 3761 1102 1260 3780 1104 1260 3781 1101 1260 3782 1102 1261 3783 1105 1261 3784 1104 1261 3785 1103 1262 3786 1106 1262 3787 1102 1262 3788 1103 1263 3789 1104 1263 3790 1106 1263 3791 1116 1273 3819 1118 1273 3820 1115 1273 3821 1116 1274 3822 1120 1274 3823 1119 1274 3824 1117 1275 3825 1120 1275 3826 1116 1275 3827 1117 1276 3828 1118 1276 3829 1120 1276 3830 1133 1288 3864 1137 1288 3865 1136 1288 3866 1134 1289 3867 1137 1289 3868 1133 1289 3869 1146 1295 3885 1149 1295 3886 1145 1295 3887 1146 1296 3888 1150 1296 3889 1149 1296 3890 1145 1297 3891 1148 1297 3892 1147 1297 3893 1161 1305 3915 1164 1305 3916 1160 1305 3917 1161 1306 3918 1165 1306 3919 1164 1306 3920 1160 1307 3921 1165 1307 3922 1162 1307 3923 1176 1315 3945 1179 1315 3946 1178 1315 3947 1177 1316 3948 1179 1316 3949 1176 1316 3950 1189 1322 3966 1191 1322 3967 1188 1322 3968 1190 1323 3969 1192 1323 3970 1189 1323 3971 1188 1324 3972 1193 1324 3973 1190 1324 3974 1203 1332 3996 1206 1332 3997 1202 1332 3998 1203 1333 3999 1207 1333 4000 1206 1333 4001 1204 1334 4002 1207 1334 4003 1203 1334 4004 1204 1335 4005 1205 1335 4006 1207 1335 4007 1080 1339 4017 1081 1339 4018 1084 1339 4019 1081 1340 4020 1085 1340 4021 1084 1340 4022 1082 1341 4023 1083 1341 4024 1085 1341 4025 1086 1342 4026 1087 1342 4027 1090 1342 4028 1088 1343 4029 1091 1343 4030 1090 1343 4031 1088 1344 4032 1086 1344 4033 1089 1344 4034 1102 1351 4053 1106 1351 4054 1105 1351 4055 1103 1352 4056 1101 1352 4057 1104 1352 4058 1116 1354 4062 1119 1354 4063 1118 1354 4064 1117 1355 4065 1115 1355 4066 1118 1355 4067 1132 1361 4083 1136 1361 4084 1135 1361 4085 1132 1362 4086 1133 1362 4087 1136 1362 4088 1134 1363 4089 1135 1363 4090 1137 1363 4091 1134 1364 4092 1132 1364 4093 1135 1364 4094 1145 1368 4104 1149 1368 4105 1148 1368 4106 1146 1369 4107 1147 1369 4108 1150 1369 4109 1147 1370 4110 1148 1370 4111 1150 1370 4112 1160 1376 4128 1164 1376 4129 1163 1376 4130 1161 1377 4131 1162 1377 4132 1165 1377 4133 1160 1378 4134 1163 1378 4135 1165 1378 4136 1175 1384 4152 1176 1384 4153 1178 1384 4154 1177 1385 4155 1180 1385 4156 1179 1385 4157 1177 1386 4158 1175 1386 4159 1180 1386 4160 1175 1387 4161 1178 1387 4162 1180 1387 4163 1189 1391 4173 1192 1391 4174 1191 1391 4175 1190 1392 4176 1193 1392 4177 1192 1392 4178 1188 1393 4179 1191 1393 4180 1193 1393 4181 1202 1397 4191 1206 1397 4192 1205 1397 4193 1204 1398 4194 1202 1398 4195 1205 1398 4196 1215 1404 4212 1219 1404 4213 1218 1404 4214 1217 1405 4215 1220 1405 4216 1216 1405 4217 1215 1406 4218 1218 1406 4219 1217 1406 4220 1221 1407 4221 1225 1407 4222 1224 1407 4223 1223 1408 4224 1225 1408 4225 1222 1408 4226 1223 1409 4227 1224 1409 4228 1226 1409 4229 1237 1416 4248 1239 1416 4249 1236 1416 4250 1237 1417 4251 1240 1417 4252 1239 1417 4253 1238 1418 4254 1241 1418 4255 1237 1418 4256 1238 1419 4257 1239 1419 4258 1241 1419 4259 1251 1429 4287 1253 1429 4288 1250 1429 4289 1251 1430 4290 1255 1430 4291 1254 1430 4292 1252 1431 4293 1255 1431 4294 1251 1431 4295 1252 1432 4296 1253 1432 4297 1255 1432 4298 1268 1444 4332 1272 1444 4333 1271 1444 4334 1269 1445 4335 1272 1445 4336 1268 1445 4337 1281 1451 4353 1284 1451 4354 1280 1451 4355 1281 1452 4356 1285 1452 4357 1284 1452 4358 1280 1453 4359 1283 1453 4360 1282 1453 4361 1296 1461 4383 1299 1461 4384 1295 1461 4385 1296 1462 4386 1300 1462 4387 1299 1462 4388 1295 1463 4389 1300 1463 4390 1297 1463 4391 1311 1471 4413 1314 1471 4414 1313 1471 4415 1312 1472 4416 1314 1472 4417 1311 1472 4418 1324 1478 4434 1326 1478 4435 1323 1478 4436 1325 1479 4437 1327 1479 4438 1324 1479 4439 1323 1480 4440 1328 1480 4441 1325 1480 4442 1338 1488 4464 1341 1488 4465 1337 1488 4466 1338 1489 4467 1342 1489 4468 1341 1489 4469 1339 1490 4470 1342 1490 4471 1338 1490 4472 1339 1491 4473 1340 1491 4474 1342 1491 4475 1215 1495 4485 1216 1495 4486 1219 1495 4487 1216 1496 4488 1220 1496 4489 1219 1496 4490 1217 1497 4491 1218 1497 4492 1220 1497 4493 1221 1498 4494 1222 1498 4495 1225 1498 4496 1223 1499 4497 1226 1499 4498 1225 1499 4499 1223 1500 4500 1221 1500 4501 1224 1500 4502 1237 1507 4521 1241 1507 4522 1240 1507 4523 1238 1508 4524 1236 1508 4525 1239 1508 4526 1251 1510 4530 1254 1510 4531 1253 1510 4532 1252 1511 4533 1250 1511 4534 1253 1511 4535 1267 1517 4551 1271 1517 4552 1270 1517 4553 1267 1518 4554 1268 1518 4555 1271 1518 4556 1269 1519 4557 1270 1519 4558 1272 1519 4559 1269 1520 4560 1267 1520 4561 1270 1520 4562 1280 1524 4572 1284 1524 4573 1283 1524 4574 1281 1525 4575 1282 1525 4576 1285 1525 4577 1282 1526 4578 1283 1526 4579 1285 1526 4580 1295 1532 4596 1299 1532 4597 1298 1532 4598 1296 1533 4599 1297 1533 4600 1300 1533 4601 1295 1534 4602 1298 1534 4603 1300 1534 4604 1310 1540 4620 1311 1540 4621 1313 1540 4622 1312 1541 4623 1315 1541 4624 1314 1541 4625 1312 1542 4626 1310 1542 4627 1315 1542 4628 1310 1543 4629 1313 1543 4630 1315 1543 4631 1324 1547 4641 1327 1547 4642 1326 1547 4643 1325 1548 4644 1328 1548 4645 1327 1548 4646 1323 1549 4647 1326 1549 4648 1328 1549 4649 1337 1553 4659 1341 1553 4660 1340 1553 4661 1339 1554 4662 1337 1554 4663 1340 1554 4664</p>
        </triangles>
        <triangles count="206" material="m4">
          <input semantic="VERTEX" source="#vertices" offset="0" />
          <input semantic="NORMAL" source="#normals" offset="1" />
          <input semantic="TEXCOORD" source="#uv" offset="2" set="0" />
          <p>13 7 21 14 7 22 12 7 23 13 8 24 15 8 25 14 8 26 12 9 27 16 9 28 15 9 29 15 10 30 16 10 31 14 10 32 16 11 33 17 11 34 14 11 35 12 12 36 19 12 37 18 12 38 12 13 39 17 13 40 19 13 41 44 26 78 46 26 79 43 26 80 42 27 81 45 27 82 44 27 83 44 28 84 47 28 85 46 28 86 44 29 87 45 29 88 47 29 89 47 30 90 45 30 91 50 30 92 45 31 93 48 31 94 50 31 95 46 32 96 49 32 97 48 32 98 58 36 108 59 36 109 61 36 110 62 37 111 60 37 112 59 37 113 60 38 114 65 38 115 61 38 116 62 39 117 64 39 118 63 39 119 64 40 120 66 40 121 63 40 122 60 41 123 66 41 124 65 41 125 89 55 165 88 55 166 91 55 167 90 56 168 92 56 169 88 56 170 89 57 171 91 57 172 90 57 173 90 58 174 91 58 175 94 58 176 92 59 177 91 59 178 88 59 179 90 60 180 94 60 181 92 60 182 92 61 183 93 61 184 91 61 185 95 62 186 93 62 187 92 62 188 94 63 189 95 63 190 92 63 191 127 83 249 130 83 250 129 83 251 127 84 252 131 84 253 130 84 254 128 85 255 132 85 256 131 85 257 129 86 258 130 86 259 132 86 260 130 87 261 133 87 262 132 87 263 131 88 264 132 88 265 134 88 266 16 94 282 12 94 283 18 94 284 12 95 285 14 95 286 17 95 287 17 96 288 16 96 289 18 96 290 41 109 327 44 109 328 43 109 329 42 110 330 41 110 331 45 110 332 45 111 333 41 111 334 43 111 335 45 112 336 43 112 337 48 112 338 43 113 339 46 113 340 48 113 341 46 114 342 47 114 343 49 114 344 47 115 345 50 115 346 49 115 347 57 119 357 62 119 358 59 119 359 57 120 360 61 120 361 62 120 362 57 121 363 58 121 364 61 121 365 59 122 366 60 122 367 61 122 368 60 123 369 62 123 370 63 123 371 62 124 372 61 124 373 64 124 374 64 125 375 61 125 376 65 125 377 60 126 378 63 126 379 66 126 380 94 138 414 91 138 415 93 138 416 128 152 456 131 152 457 127 152 458 129 153 459 132 153 460 128 153 461 130 154 462 134 154 463 133 154 464 130 155 465 131 155 466 134 155 467 176 175 525 180 175 526 177 175 527 177 176 528 180 176 529 181 176 530 180 177 531 182 177 532 181 177 533 180 178 534 178 178 535 182 178 536 175 263 789 177 263 790 179 263 791 175 264 792 176 264 793 177 264 794 176 265 795 179 265 796 180 265 797 177 266 798 181 266 799 179 266 800 179 267 801 178 267 802 180 267 803 179 268 804 181 268 805 178 268 806 419 474 1422 420 474 1423 417 474 1424 418 475 1425 420 475 1426 421 475 1427 420 476 1428 423 476 1429 422 476 1430 419 477 1431 421 477 1432 424 477 1433 421 478 1434 422 478 1435 424 478 1436 504 527 1581 503 527 1582 507 527 1583 506 528 1584 505 528 1585 503 528 1586 506 529 1587 508 529 1588 505 529 1589 506 530 1590 504 530 1591 508 530 1592 505 531 1593 507 531 1594 503 531 1595 504 532 1596 507 532 1597 508 532 1598 507 533 1599 509 533 1600 508 533 1601 505 534 1602 508 534 1603 510 534 1604 417 556 1668 420 556 1669 418 556 1670 418 557 1671 421 557 1672 419 557 1673 419 558 1674 423 558 1675 420 558 1676 421 559 1677 420 559 1678 422 559 1679 423 560 1680 419 560 1681 424 560 1682 507 603 1809 510 603 1810 509 603 1811 507 604 1812 505 604 1813 510 604 1814 554 630 1890 555 630 1891 552 630 1892 553 631 1893 555 631 1894 556 631 1895 555 632 1896 558 632 1897 557 632 1898 554 633 1899 556 633 1900 559 633 1901 556 634 1902 557 634 1903 559 634 1904 639 683 2049 638 683 2050 642 683 2051 641 684 2052 640 684 2053 638 684 2054 641 685 2055 643 685 2056 640 685 2057 641 686 2058 639 686 2059 643 686 2060 640 687 2061 642 687 2062 638 687 2063 639 688 2064 642 688 2065 643 688 2066 642 689 2067 644 689 2068 643 689 2069 640 690 2070 643 690 2071 645 690 2072 552 712 2136 555 712 2137 553 712 2138 553 713 2139 556 713 2140 554 713 2141 554 714 2142 558 714 2143 555 714 2144 556 715 2145 555 715 2146 557 715 2147 558 716 2148 554 716 2149 559 716 2150 642 759 2277 645 759 2278 644 759 2279 642 760 2280 640 760 2281 645 760 2282 823 943 2829 824 943 2830 822 943 2831 823 944 2832 825 944 2833 824 944 2834 822 945 2835 826 945 2836 825 945 2837 825 946 2838 826 946 2839 824 946 2840 826 947 2841 827 947 2842 824 947 2843 822 948 2844 829 948 2845 828 948 2846 822 949 2847 827 949 2848 829 949 2849 854 962 2886 856 962 2887 853 962 2888 852 963 2889 855 963 2890 854 963 2891 854 964 2892 857 964 2893 856 964 2894 854 965 2895 855 965 2896 857 965 2897 857 966 2898 855 966 2899 860 966 2900 855 967 2901 858 967 2902 860 967 2903 856 968 2904 859 968 2905 858 968 2906 868 972 2916 869 972 2917 871 972 2918 872 973 2919 870 973 2920 869 973 2921 870 974 2922 875 974 2923 871 974 2924 872 975 2925 874 975 2926 873 975 2927 874 976 2928 876 976 2929 873 976 2930 870 977 2931 876 977 2932 875 977 2933 899 991 2973 898 991 2974 901 991 2975 900 992 2976 902 992 2977 898 992 2978 899 993 2979 901 993 2980 900 993 2981 900 994 2982 901 994 2983 904 994 2984 902 995 2985 901 995 2986 898 995 2987 900 996 2988 904 996 2989 902 996 2990 902 997 2991 903 997 2992 901 997 2993 905 998 2994 903 998 2995 902 998 2996 904 999 2997 905 999 2998 902 999 2999 937 1019 3057 940 1019 3058 939 1019 3059 937 1020 3060 941 1020 3061 940 1020 3062 938 1021 3063 942 1021 3064 941 1021 3065 939 1022 3066 940 1022 3067 942 1022 3068 940 1023 3069 943 1023 3070 942 1023 3071 941 1024 3072 942 1024 3073 944 1024 3074 826 1030 3090 822 1030 3091 828 1030 3092 822 1031 3093 824 1031 3094 827 1031 3095 827 1032 3096 826 1032 3097 828 1032 3098 851 1045 3135 854 1045 3136 853 1045 3137 852 1046 3138 851 1046 3139 855 1046 3140 855 1047 3141 851 1047 3142 853 1047 3143 855 1048 3144 853 1048 3145 858 1048 3146 853 1049 3147 856 1049 3148 858 1049 3149 856 1050 3150 857 1050 3151 859 1050 3152 857 1051 3153 860 1051 3154 859 1051 3155 867 1055 3165 872 1055 3166 869 1055 3167 867 1056 3168 871 1056 3169 872 1056 3170 867 1057 3171 868 1057 3172 871 1057 3173 869 1058 3174 870 1058 3175 871 1058 3176 870 1059 3177 872 1059 3178 873 1059 3179 872 1060 3180 871 1060 3181 874 1060 3182 874 1061 3183 871 1061 3184 875 1061 3185 870 1062 3186 873 1062 3187 876 1062 3188 904 1074 3222 901 1074 3223 903 1074 3224 938 1088 3264 941 1088 3265 937 1088 3266 939 1089 3267 942 1089 3268 938 1089 3269 940 1090 3270 944 1090 3271 943 1090 3272 940 1091 3273 941 1091 3274 944 1091 3275 1092 1254 3762 1097 1254 3763 1094 1254 3764 1092 1255 3765 1096 1255 3766 1095 1255 3767 1097 1256 3768 1095 1256 3769 1099 1256 3770 1096 1257 3771 1100 1257 3772 1095 1257 3773 1097 1258 3774 1099 1258 3775 1096 1258 3776 1096 1259 3777 1098 1259 3778 1100 1259 3779 1140 1290 3870 1138 1290 3871 1139 1290 3872 1138 1291 3873 1142 1291 3874 1139 1291 3875 1138 1292 3876 1141 1292 3877 1142 1292 3878 1139 1293 3879 1142 1293 3880 1144 1293 3881 1141 1294 3882 1144 1294 3883 1143 1294 3884 1092 1345 4035 1095 1345 4036 1097 1345 4037 1092 1346 4038 1093 1346 4039 1096 1346 4040 1093 1347 4041 1094 1347 4042 1096 1347 4043 1094 1348 4044 1097 1348 4045 1096 1348 4046 1099 1349 4047 1095 1349 4048 1100 1349 4049 1096 1350 4050 1099 1350 4051 1098 1350 4052 1140 1365 4095 1139 1365 4096 1144 1365 4097 1142 1366 4098 1141 1366 4099 1143 1366 4100 1141 1367 4101 1140 1367 4102 1144 1367 4103 1227 1410 4230 1232 1410 4231 1229 1410 4232 1227 1411 4233 1231 1411 4234 1230 1411 4235 1232 1412 4236 1230 1412 4237 1234 1412 4238 1231 1413 4239 1235 1413 4240 1230 1413 4241 1232 1414 4242 1234 1414 4243 1231 1414 4244 1231 1415 4245 1233 1415 4246 1235 1415 4247 1275 1446 4338 1273 1446 4339 1274 1446 4340 1273 1447 4341 1277 1447 4342 1274 1447 4343 1273 1448 4344 1276 1448 4345 1277 1448 4346 1274 1449 4347 1277 1449 4348 1279 1449 4349 1276 1450 4350 1279 1450 4351 1278 1450 4352 1227 1501 4503 1230 1501 4504 1232 1501 4505 1227 1502 4506 1228 1502 4507 1231 1502 4508 1228 1503 4509 1229 1503 4510 1231 1503 4511 1229 1504 4512 1232 1504 4513 1231 1504 4514 1234 1505 4515 1230 1505 4516 1235 1505 4517 1231 1506 4518 1234 1506 4519 1233 1506 4520 1275 1521 4563 1274 1521 4564 1279 1521 4565 1277 1522 4566 1276 1522 4567 1278 1522 4568 1276 1523 4569 1275 1523 4570 1279 1523 4571</p>
        </triangles>
        <triangles count="184" material="m2">
          <input semantic="VERTEX" source="#vertices" offset="0" />
          <input semantic="NORMAL" source="#normals" offset="1" />
          <input semantic="TEXCOORD" source="#uv" offset="2" set="0" />
          <p>28 17 51 29 17 52 31 17 53 26 18 54 32 18 55 29 18 56 27 19 57 31 19 58 30 19 59 32 20 60 30 20 61 29 20 62 31 21 63 34 21 64 33 21 65 29 22 66 30 22 67 34 22 68 102 67 201 105 67 202 104 67 203 102 68 204 103 68 205 105 68 206 112 72 216 114 72 217 116 72 218 113 73 219 114 73 220 112 73 221 116 74 222 115 74 223 113 74 224 116 75 225 117 75 226 115 75 227 114 76 228 119 76 229 118 76 230 115 77 231 119 77 232 114 77 233 117 78 234 120 78 235 115 78 236 114 79 237 118 79 238 117 79 239 28 100 300 31 100 301 27 100 302 28 101 303 26 101 304 29 101 305 26 102 306 27 102 307 32 102 308 27 103 309 30 103 310 32 103 311 31 104 312 33 104 313 30 104 314 31 105 315 29 105 316 34 105 317 113 145 435 115 145 436 114 145 437 116 146 438 114 146 439 117 146 440 119 147 441 115 147 442 120 147 443 117 148 444 118 148 445 120 148 446 191 182 546 194 182 547 190 182 548 192 183 549 194 183 550 189 183 551 193 184 552 190 184 553 192 184 554 194 185 555 192 185 556 195 185 557 194 186 558 195 186 559 196 186 560 192 187 561 196 187 562 197 187 563 193 272 816 192 272 817 189 272 818 193 273 819 191 273 820 190 273 821 191 274 822 189 274 823 194 274 824 190 275 825 196 275 826 192 275 827 190 276 828 194 276 829 196 276 830 192 277 831 197 277 832 195 277 833 312 338 1014 314 338 1015 315 338 1016 313 339 1017 314 339 1018 312 339 1019 315 340 1020 317 340 1021 313 340 1022 315 341 1023 316 341 1024 317 341 1025 354 358 1074 358 358 1075 357 358 1076 354 359 1077 359 359 1078 358 359 1079 355 360 1080 356 360 1081 359 360 1082 354 361 1083 357 361 1084 356 361 1085 356 362 1086 357 362 1087 359 362 1088 361 363 1089 362 363 1090 358 363 1091 360 364 1092 361 364 1093 359 364 1094 311 407 1221 312 407 1222 315 407 1223 311 408 1224 315 408 1225 313 408 1226 313 409 1227 317 409 1228 314 409 1229 315 410 1230 318 410 1231 316 410 1232 315 411 1233 314 411 1234 318 411 1235 314 412 1236 317 412 1237 318 412 1238 354 437 1311 355 437 1312 359 437 1313 357 438 1314 360 438 1315 359 438 1316 357 439 1317 358 439 1318 360 439 1319 358 440 1320 359 440 1321 361 440 1322 360 441 1323 358 441 1324 362 441 1325 461 496 1488 463 496 1489 462 496 1490 463 497 1491 464 497 1492 465 497 1493 460 498 1494 464 498 1495 463 498 1496 464 499 1497 462 499 1498 466 499 1499 464 500 1500 466 500 1501 467 500 1502 462 501 1503 465 501 1504 466 501 1505 465 502 1506 469 502 1507 468 502 1508 465 503 1509 467 503 1510 469 503 1511 466 504 1512 468 504 1513 467 504 1514 460 584 1752 461 584 1753 462 584 1754 460 585 1755 462 585 1756 464 585 1757 462 586 1758 463 586 1759 465 586 1760 464 587 1761 467 587 1762 465 587 1763 466 588 1764 465 588 1765 468 588 1766 596 652 1956 598 652 1957 597 652 1958 598 653 1959 599 653 1960 600 653 1961 595 654 1962 599 654 1963 598 654 1964 599 655 1965 597 655 1966 601 655 1967 599 656 1968 601 656 1969 602 656 1970 597 657 1971 600 657 1972 601 657 1973 600 658 1974 604 658 1975 603 658 1976 600 659 1977 602 659 1978 604 659 1979 601 660 1980 603 660 1981 602 660 1982 595 740 2220 596 740 2221 597 740 2222 595 741 2223 597 741 2224 599 741 2225 597 742 2226 598 742 2227 600 742 2228 599 743 2229 602 743 2230 600 743 2231 601 744 2232 600 744 2233 603 744 2234 758 831 2493 763 831 2494 760 831 2495 760 832 2496 761 832 2497 762 832 2498 763 833 2499 761 833 2500 760 833 2501 762 834 2502 761 834 2503 764 834 2504 761 835 2505 763 835 2506 764 835 2507 763 836 2508 766 836 2509 765 836 2510 764 837 2511 766 837 2512 762 837 2513 758 908 2724 759 908 2725 763 908 2726 759 909 2727 762 909 2728 763 909 2729 759 910 2730 760 910 2731 762 910 2732 764 911 2733 763 911 2734 765 911 2735 763 912 2736 762 912 2737 766 912 2738 838 953 2859 839 953 2860 841 953 2861 836 954 2862 842 954 2863 839 954 2864 837 955 2865 841 955 2866 840 955 2867 842 956 2868 840 956 2869 839 956 2870 841 957 2871 844 957 2872 843 957 2873 839 958 2874 840 958 2875 844 958 2876 912 1003 3009 915 1003 3010 914 1003 3011 912 1004 3012 913 1004 3013 915 1004 3014 922 1008 3024 924 1008 3025 926 1008 3026 923 1009 3027 924 1009 3028 922 1009 3029 926 1010 3030 925 1010 3031 923 1010 3032 926 1011 3033 927 1011 3034 925 1011 3035 924 1012 3036 929 1012 3037 928 1012 3038 925 1013 3039 929 1013 3040 924 1013 3041 927 1014 3042 930 1014 3043 925 1014 3044 924 1015 3045 928 1015 3046 927 1015 3047 838 1036 3108 841 1036 3109 837 1036 3110 838 1037 3111 836 1037 3112 839 1037 3113 836 1038 3114 837 1038 3115 842 1038 3116 837 1039 3117 840 1039 3118 842 1039 3119 841 1040 3120 843 1040 3121 840 1040 3122 841 1041 3123 839 1041 3124 844 1041 3125 923 1081 3243 925 1081 3244 924 1081 3245 926 1082 3246 924 1082 3247 927 1082 3248 929 1083 3249 925 1083 3250 930 1083 3251 927 1084 3252 928 1084 3253 930 1084 3254 987 1118 3354 989 1118 3355 990 1118 3356 988 1119 3357 989 1119 3358 987 1119 3359 990 1120 3360 992 1120 3361 988 1120 3362 990 1121 3363 991 1121 3364 992 1121 3365 1029 1138 3414 1033 1138 3415 1032 1138 3416 1029 1139 3417 1034 1139 3418 1033 1139 3419 1030 1140 3420 1031 1140 3421 1034 1140 3422 1029 1141 3423 1032 1141 3424 1031 1141 3425 1031 1142 3426 1032 1142 3427 1034 1142 3428 1036 1143 3429 1037 1143 3430 1033 1143 3431 1035 1144 3432 1036 1144 3433 1034 1144 3434 986 1187 3561 987 1187 3562 990 1187 3563 986 1188 3564 990 1188 3565 988 1188 3566 988 1189 3567 992 1189 3568 989 1189 3569 990 1190 3570 993 1190 3571 991 1190 3572 990 1191 3573 989 1191 3574 993 1191 3575 989 1192 3576 992 1192 3577 993 1192 3578 1029 1217 3651 1030 1217 3652 1034 1217 3653 1032 1218 3654 1035 1218 3655 1034 1218 3656 1032 1219 3657 1033 1219 3658 1035 1219 3659 1033 1220 3660 1034 1220 3661 1036 1220 3662 1035 1221 3663 1033 1221 3664 1037 1221 3665 1107 1264 3792 1110 1264 3793 1111 1264 3794 1108 1265 3795 1114 1265 3796 1109 1265 3797 1107 1266 3798 1111 1266 3799 1108 1266 3800 1109 1267 3801 1114 1267 3802 1110 1267 3803 1108 1268 3804 1111 1268 3805 1114 1268 3806 1111 1269 3807 1112 1269 3808 1114 1269 3809 1111 1270 3810 1113 1270 3811 1112 1270 3812 1110 1271 3813 1113 1271 3814 1111 1271 3815 1110 1272 3816 1114 1272 3817 1113 1272 3818 1181 1317 3951 1184 1317 3952 1182 1317 3953 1182 1318 3954 1183 1318 3955 1185 1318 3956 1182 1319 3957 1184 1319 3958 1183 1319 3959 1185 1320 3960 1183 1320 3961 1186 1320 3962 1184 1321 3963 1186 1321 3964 1187 1321 3965 1109 1353 4059 1110 1353 4060 1107 1353 4061 1181 1388 4164 1185 1388 4165 1184 1388 4166 1184 1389 4167 1185 1389 4168 1186 1389 4169 1183 1390 4170 1184 1390 4171 1187 1390 4172 1242 1420 4260 1245 1420 4261 1246 1420 4262 1243 1421 4263 1249 1421 4264 1244 1421 4265 1242 1422 4266 1246 1422 4267 1243 1422 4268 1244 1423 4269 1249 1423 4270 1245 1423 4271 1243 1424 4272 1246 1424 4273 1249 1424 4274 1246 1425 4275 1247 1425 4276 1249 1425 4277 1246 1426 4278 1248 1426 4279 1247 1426 4280 1245 1427 4281 1248 1427 4282 1246 1427 4283 1245 1428 4284 1249 1428 4285 1248 1428 4286 1316 1473 4419 1319 1473 4420 1317 1473 4421 1317 1474 4422 1318 1474 4423 1320 1474 4424 1317 1475 4425 1319 1475 4426 1318 1475 4427 1320 1476 4428 1318 1476 4429 1321 1476 4430 1319 1477 4431 1321 1477 4432 1322 1477 4433 1244 1509 4527 1245 1509 4528 1242 1509 4529 1316 1544 4632 1320 1544 4633 1319 1544 4634 1319 1545 4635 1320 1545 4636 1321 1545 4637 1318 1546 4638 1319 1546 4639 1322 1546 4640</p>
        </triangles>
        <triangles count="192" material="m1">
          <input semantic="VERTEX" source="#vertices" offset="0" />
          <input semantic="NORMAL" source="#normals" offset="1" />
          <input semantic="TEXCOORD" source="#uv" offset="2" set="0" />
          <p>75 45 135 74 45 136 73 45 137 75 46 138 77 46 139 74 46 140 76 47 141 74 47 142 78 47 143 77 48 144 78 48 145 80 48 146 74 49 147 79 49 148 78 49 149 74 50 150 80 50 151 79 50 152 78 51 153 79 51 154 81 51 155 73 130 390 74 130 391 76 130 392 75 131 393 76 131 394 77 131 395 76 132 396 78 132 397 77 132 398 77 133 399 80 133 400 74 133 401 80 134 402 78 134 403 81 134 404 246 218 654 249 218 655 248 218 656 246 219 657 247 219 658 249 219 659 247 220 660 248 220 661 251 220 662 248 221 663 250 221 664 251 221 665 249 222 666 250 222 667 248 222 668 251 223 669 249 223 670 247 223 671 250 224 672 249 224 673 252 224 674 251 225 675 253 225 676 249 225 677 249 226 678 253 226 679 252 226 680 251 227 681 254 227 682 253 227 683 251 228 684 252 228 685 254 228 686 261 232 696 264 232 697 263 232 698 262 233 699 263 233 700 265 233 701 265 234 702 268 234 703 264 234 704 268 235 705 267 235 706 264 235 707 264 236 708 267 236 709 266 236 710 266 237 711 269 237 712 265 237 713 250 302 906 252 302 907 251 302 908 261 306 918 262 306 919 264 306 920 262 307 921 265 307 922 264 307 923 266 308 924 263 308 925 264 308 926 265 309 927 263 309 928 266 309 929 268 310 930 265 310 931 269 310 932 266 311 933 267 311 934 269 311 935 341 350 1050 344 350 1051 340 350 1052 341 351 1053 342 351 1054 344 351 1055 340 352 1056 345 352 1057 343 352 1058 342 353 1059 346 353 1060 344 353 1061 345 354 1062 346 354 1063 342 354 1064 347 355 1065 346 355 1066 345 355 1067 369 368 1104 373 368 1105 371 368 1106 370 369 1107 373 369 1108 369 369 1109 372 370 1110 374 370 1111 370 370 1112 397 381 1143 400 381 1144 398 381 1145 401 382 1146 398 382 1147 403 382 1148 400 383 1149 402 383 1150 398 383 1151 401 384 1152 403 384 1153 400 384 1154 402 385 1155 403 385 1156 398 385 1157 400 386 1158 404 386 1159 402 386 1160 341 429 1287 343 429 1288 342 429 1289 342 430 1290 343 430 1291 345 430 1292 340 431 1293 347 431 1294 345 431 1295 340 432 1296 344 432 1297 347 432 1298 371 445 1335 372 445 1336 370 445 1337 371 446 1338 373 446 1339 372 446 1340 373 447 1341 370 447 1342 374 447 1343 372 448 1344 373 448 1345 375 448 1346 373 449 1347 374 449 1348 375 449 1349 397 464 1392 399 464 1393 400 464 1394 399 465 1395 401 465 1396 400 465 1397 399 466 1398 398 466 1399 401 466 1400 400 467 1401 403 467 1402 404 467 1403 432 483 1449 434 483 1450 431 483 1451 433 484 1452 437 484 1453 432 484 1454 437 485 1455 436 485 1456 432 485 1457 476 508 1524 480 508 1525 478 508 1526 478 509 1527 480 509 1528 479 509 1529 476 510 1530 483 510 1531 481 510 1532 480 511 1533 481 511 1534 482 511 1535 479 512 1536 482 512 1537 483 512 1538 431 563 1689 433 563 1690 432 563 1691 431 564 1692 434 564 1693 437 564 1694 434 565 1695 432 565 1696 435 565 1697 437 566 1698 434 566 1699 435 566 1700 435 567 1701 432 567 1702 436 567 1703 477 592 1776 478 592 1777 483 592 1778 478 593 1779 479 593 1780 483 593 1781 476 594 1782 477 594 1783 483 594 1784 480 595 1785 476 595 1786 481 595 1787 479 596 1788 480 596 1789 482 596 1790 567 639 1917 569 639 1918 566 639 1919 568 640 1920 572 640 1921 567 640 1922 572 641 1923 571 641 1924 567 641 1925 611 664 1992 615 664 1993 613 664 1994 613 665 1995 615 665 1996 614 665 1997 611 666 1998 618 666 1999 616 666 2000 615 667 2001 616 667 2002 617 667 2003 614 668 2004 617 668 2005 618 668 2006 566 719 2157 568 719 2158 567 719 2159 566 720 2160 569 720 2161 572 720 2162 569 721 2163 567 721 2164 570 721 2165 572 722 2166 569 722 2167 570 722 2168 570 723 2169 567 723 2170 571 723 2171 612 748 2244 613 748 2245 618 748 2246 613 749 2247 614 749 2248 618 749 2249 611 750 2250 612 750 2251 618 750 2252 615 751 2253 611 751 2254 616 751 2255 614 752 2256 615 752 2257 617 752 2258 746 822 2466 747 822 2467 748 822 2468 745 823 2469 749 823 2470 747 823 2471 746 824 2472 749 824 2473 745 824 2474 746 825 2475 748 825 2476 750 825 2477 748 826 2478 749 826 2479 751 826 2480 746 827 2481 750 827 2482 749 827 2483 788 847 2541 787 847 2542 786 847 2543 789 848 2544 790 848 2545 788 848 2546 788 849 2547 793 849 2548 787 849 2549 788 850 2550 790 850 2551 793 850 2552 789 851 2553 787 851 2554 790 851 2555 787 852 2556 791 852 2557 790 852 2558 787 853 2559 792 853 2560 791 853 2561 790 854 2562 791 854 2563 793 854 2564 793 855 2565 794 855 2566 795 855 2567 804 859 2577 806 859 2578 802 859 2579 802 860 2580 806 860 2581 805 860 2582 805 861 2583 808 861 2584 804 861 2585 805 862 2586 806 862 2587 808 862 2588 804 863 2589 807 863 2590 806 863 2591 806 864 2592 809 864 2593 808 864 2594 748 903 2709 747 903 2710 749 903 2711 750 904 2712 748 904 2713 751 904 2714 789 924 2772 786 924 2773 787 924 2774 787 925 2775 793 925 2776 792 925 2777 791 926 2778 792 926 2779 794 926 2780 792 927 2781 793 927 2782 795 927 2783 793 928 2784 791 928 2785 794 928 2786 802 932 2796 803 932 2797 804 932 2798 803 933 2799 805 933 2800 804 933 2801 804 934 2802 808 934 2803 807 934 2804 806 935 2805 807 935 2806 809 935 2807 885 981 2943 884 981 2944 883 981 2945 885 982 2946 887 982 2947 884 982 2948 886 983 2949 884 983 2950 888 983 2951 887 984 2952 888 984 2953 890 984 2954 884 985 2955 889 985 2956 888 985 2957 884 986 2958 890 986 2959 889 986 2960 888 987 2961 889 987 2962 891 987 2963 883 1066 3198 884 1066 3199 886 1066 3200 885 1067 3201 886 1067 3202 887 1067 3203 886 1068 3204 888 1068 3205 887 1068 3206 887 1069 3207 890 1069 3208 884 1069 3209 890 1070 3210 888 1070 3211 891 1070 3212 1016 1130 3390 1019 1130 3391 1015 1130 3392 1016 1131 3393 1017 1131 3394 1019 1131 3395 1015 1132 3396 1020 1132 3397 1018 1132 3398 1017 1133 3399 1021 1133 3400 1019 1133 3401 1020 1134 3402 1021 1134 3403 1017 1134 3404 1022 1135 3405 1021 1135 3406 1020 1135 3407 1044 1148 3444 1048 1148 3445 1046 1148 3446 1045 1149 3447 1048 1149 3448 1044 1149 3449 1047 1150 3450 1049 1150 3451 1045 1150 3452 1072 1161 3483 1075 1161 3484 1073 1161 3485 1076 1162 3486 1073 1162 3487 1078 1162 3488 1075 1163 3489 1077 1163 3490 1073 1163 3491 1076 1164 3492 1078 1164 3493 1075 1164 3494 1077 1165 3495 1078 1165 3496 1073 1165 3497 1075 1166 3498 1079 1166 3499 1077 1166 3500 1016 1209 3627 1018 1209 3628 1017 1209 3629 1017 1210 3630 1018 1210 3631 1020 1210 3632 1015 1211 3633 1022 1211 3634 1020 1211 3635 1015 1212 3636 1019 1212 3637 1022 1212 3638 1046 1225 3675 1047 1225 3676 1045 1225 3677 1046 1226 3678 1048 1226 3679 1047 1226 3680 1048 1227 3681 1045 1227 3682 1049 1227 3683 1047 1228 3684 1048 1228 3685 1050 1228 3686 1048 1229 3687 1049 1229 3688 1050 1229 3689 1072 1244 3732 1074 1244 3733 1075 1244 3734 1074 1245 3735 1076 1245 3736 1075 1245 3737 1074 1246 3738 1073 1246 3739 1076 1246 3740 1075 1247 3741 1078 1247 3742 1079 1247 3743 1195 1325 3975 1199 1325 3976 1194 1325 3977 1196 1326 3978 1197 1326 3979 1199 1326 3980 1194 1327 3981 1197 1327 3982 1196 1327 3983 1199 1328 3984 1198 1328 3985 1194 1328 3986 1197 1329 3987 1201 1329 3988 1199 1329 3989 1199 1330 3990 1200 1330 3991 1198 1330 3992 1198 1331 3993 1201 1331 3994 1197 1331 3995 1195 1394 4182 1196 1394 4183 1199 1394 4184 1194 1395 4185 1198 1395 4186 1197 1395 4187 1199 1396 4188 1201 1396 4189 1200 1396 4190 1330 1481 4443 1334 1481 4444 1329 1481 4445 1331 1482 4446 1332 1482 4447 1334 1482 4448 1329 1483 4449 1332 1483 4450 1331 1483 4451 1334 1484 4452 1333 1484 4453 1329 1484 4454 1332 1485 4455 1336 1485 4456 1334 1485 4457 1334 1486 4458 1335 1486 4459 1333 1486 4460 1333 1487 4461 1336 1487 4462 1332 1487 4463 1330 1550 4650 1331 1550 4651 1334 1550 4652 1329 1551 4653 1333 1551 4654 1332 1551 4655 1334 1552 4656 1336 1552 4657 1335 1552 4658</p>
        </triangles>
        <triangles count="266" material="m5">
          <input semantic="VERTEX" source="#vertices" offset="0" />
          <input semantic="NORMAL" source="#normals" offset="1" />
          <input semantic="TEXCOORD" source="#uv" offset="2" set="0" />
          <p>149 162 486 151 162 487 147 162 488 151 163 489 150 163 490 148 163 491 150 164 492 154 164 493 152 164 494 152 165 495 153 165 496 151 165 497 152 166 498 154 166 499 153 166 500 204 190 570 210 190 571 208 190 572 204 191 573 206 191 574 210 191 575 204 192 576 207 192 577 206 192 578 204 193 579 205 193 580 207 193 581 205 194 582 208 194 583 207 194 584 208 195 585 210 195 586 207 195 587 207 196 588 209 196 589 206 196 590 210 197 591 209 197 592 207 197 593 206 198 594 211 198 595 210 198 596 206 199 597 209 199 598 212 199 599 234 210 630 238 210 631 233 210 632 232 211 633 237 211 634 234 211 635 238 212 636 237 212 637 233 212 638 234 213 639 237 213 640 236 213 641 237 214 642 239 214 643 236 214 644 149 244 732 152 244 733 151 244 734 148 245 735 147 245 736 151 245 737 149 246 738 150 246 739 152 246 740 149 247 741 148 247 742 150 247 743 154 248 744 150 248 745 155 248 746 150 249 747 151 249 748 155 249 749 151 250 750 153 250 751 155 250 752 209 282 846 210 282 847 211 282 848 206 283 849 212 283 850 211 283 851 235 294 882 234 294 883 233 294 884 232 295 885 233 295 886 237 295 887 232 296 888 234 296 889 235 296 890 234 297 891 236 297 892 238 297 893 237 298 894 238 298 895 239 298 896 283 318 954 286 318 955 285 318 956 282 319 957 286 319 958 283 319 959 286 320 960 287 320 961 285 320 962 282 321 963 288 321 964 286 321 965 282 322 966 289 322 967 288 322 968 282 323 969 287 323 970 289 323 971 284 324 972 287 324 973 282 324 974 296 328 984 301 328 985 298 328 986 296 329 987 300 329 988 301 329 989 296 330 990 297 330 991 300 330 992 297 331 993 298 331 994 299 331 995 298 332 996 301 332 997 299 332 998 299 333 999 304 333 1000 303 333 1001 301 334 1002 302 334 1003 304 334 1004 328 345 1035 330 345 1036 327 345 1037 329 346 1038 331 346 1039 333 346 1040 382 374 1122 385 374 1123 387 374 1124 387 375 1125 386 375 1126 384 375 1127 385 376 1128 389 376 1129 387 376 1130 389 377 1131 388 377 1132 387 377 1133 284 393 1179 282 393 1180 283 393 1181 285 394 1182 287 394 1183 284 394 1184 287 395 1185 286 395 1186 288 395 1187 297 399 1197 299 399 1198 300 399 1199 300 400 1200 303 400 1201 302 400 1202 300 401 1203 299 401 1204 303 401 1205 299 402 1206 301 402 1207 304 402 1208 301 403 1209 300 403 1210 302 403 1211 325 416 1248 328 416 1249 327 416 1250 325 417 1251 326 417 1252 328 417 1253 326 418 1254 327 418 1255 329 418 1256 326 419 1257 329 419 1258 328 419 1259 327 420 1260 330 420 1261 329 420 1262 329 421 1263 332 421 1264 328 421 1265 330 422 1266 328 422 1267 331 422 1268 328 423 1269 332 423 1270 331 423 1271 329 424 1272 333 424 1273 332 424 1274 329 425 1275 330 425 1276 331 425 1277 384 453 1359 382 453 1360 387 453 1361 382 454 1362 383 454 1363 385 454 1364 383 455 1365 384 455 1366 385 455 1367 384 456 1368 390 456 1369 385 456 1370 390 457 1371 384 457 1372 386 457 1373 385 458 1374 390 458 1375 389 458 1376 387 459 1377 388 459 1378 386 459 1379 386 460 1380 388 460 1381 390 460 1382 490 517 1551 491 517 1552 492 517 1553 493 518 1554 495 518 1555 491 518 1556 490 519 1557 492 519 1558 493 519 1559 491 520 1560 495 520 1561 492 520 1562 493 521 1563 494 521 1564 495 521 1565 493 522 1566 496 522 1567 494 522 1568 492 523 1569 496 523 1570 493 523 1571 492 524 1572 495 524 1573 496 524 1574 520 538 1614 521 538 1615 519 538 1616 517 539 1617 521 539 1618 522 539 1619 520 540 1620 523 540 1621 525 540 1622 522 541 1623 524 541 1624 523 541 1625 517 608 1824 519 608 1825 521 608 1826 519 609 1827 518 609 1828 520 609 1829 518 610 1830 517 610 1831 520 610 1832 517 611 1833 522 611 1834 520 611 1835 522 612 1836 523 612 1837 520 612 1838 520 613 1839 525 613 1840 521 613 1841 521 614 1842 525 614 1843 524 614 1844 522 615 1845 521 615 1846 524 615 1847 625 673 2019 626 673 2020 627 673 2021 628 674 2022 630 674 2023 626 674 2024 625 675 2025 627 675 2026 628 675 2027 626 676 2028 630 676 2029 627 676 2030 628 677 2031 629 677 2032 630 677 2033 628 678 2034 631 678 2035 629 678 2036 627 679 2037 631 679 2038 628 679 2039 627 680 2040 630 680 2041 631 680 2042 655 694 2082 656 694 2083 654 694 2084 652 695 2085 656 695 2086 657 695 2087 655 696 2088 658 696 2089 660 696 2090 657 697 2091 659 697 2092 658 697 2093 652 764 2292 654 764 2293 656 764 2294 654 765 2295 653 765 2296 655 765 2297 653 766 2298 652 766 2299 655 766 2300 652 767 2301 657 767 2302 655 767 2303 657 768 2304 658 768 2305 655 768 2306 655 769 2307 660 769 2308 656 769 2309 656 770 2310 660 770 2311 659 770 2312 657 771 2313 656 771 2314 659 771 2315 690 786 2358 687 786 2359 689 786 2360 689 787 2361 691 787 2362 688 787 2363 687 788 2364 691 788 2365 692 788 2366 687 789 2367 692 789 2368 689 789 2369 692 790 2370 693 790 2371 689 790 2372 700 793 2379 705 793 2380 703 793 2381 703 794 2382 704 794 2383 701 794 2384 705 795 2385 704 795 2386 707 795 2387 703 796 2388 707 796 2389 706 796 2390 705 797 2391 707 797 2392 703 797 2393 704 798 2394 706 798 2395 708 798 2396 774 841 2523 775 841 2524 779 841 2525 779 842 2526 778 842 2527 776 842 2528 777 843 2529 779 843 2530 775 843 2531 690 871 2613 688 871 2614 687 871 2615 688 872 2616 691 872 2617 687 872 2618 689 873 2619 693 873 2620 691 873 2621 700 878 2634 701 878 2635 704 878 2636 701 879 2637 702 879 2638 703 879 2639 702 880 2640 700 880 2641 703 880 2642 700 881 2643 704 881 2644 705 881 2645 704 882 2646 703 882 2647 706 882 2648 707 883 2649 704 883 2650 708 883 2651 773 916 2748 774 916 2749 776 916 2750 775 917 2751 773 917 2752 776 917 2753 776 918 2754 774 918 2755 779 918 2756 775 919 2757 776 919 2758 777 919 2759 777 920 2760 776 920 2761 778 920 2762 958 1098 3294 961 1098 3295 960 1098 3296 957 1099 3297 961 1099 3298 958 1099 3299 961 1100 3300 962 1100 3301 960 1100 3302 957 1101 3303 963 1101 3304 961 1101 3305 957 1102 3306 964 1102 3307 963 1102 3308 957 1103 3309 962 1103 3310 964 1103 3311 959 1104 3312 962 1104 3313 957 1104 3314 971 1108 3324 976 1108 3325 973 1108 3326 971 1109 3327 975 1109 3328 976 1109 3329 971 1110 3330 972 1110 3331 975 1110 3332 972 1111 3333 973 1111 3334 974 1111 3335 973 1112 3336 976 1112 3337 974 1112 3338 974 1113 3339 979 1113 3340 978 1113 3341 976 1114 3342 977 1114 3343 979 1114 3344 1003 1125 3375 1005 1125 3376 1002 1125 3377 1004 1126 3378 1006 1126 3379 1008 1126 3380 1057 1154 3462 1060 1154 3463 1062 1154 3464 1062 1155 3465 1061 1155 3466 1059 1155 3467 1060 1156 3468 1064 1156 3469 1062 1156 3470 1064 1157 3471 1063 1157 3472 1062 1157 3473 959 1173 3519 957 1173 3520 958 1173 3521 960 1174 3522 962 1174 3523 959 1174 3524 962 1175 3525 961 1175 3526 963 1175 3527 972 1179 3537 974 1179 3538 975 1179 3539 975 1180 3540 978 1180 3541 977 1180 3542 975 1181 3543 974 1181 3544 978 1181 3545 974 1182 3546 976 1182 3547 979 1182 3548 976 1183 3549 975 1183 3550 977 1183 3551 1000 1196 3588 1003 1196 3589 1002 1196 3590 1000 1197 3591 1001 1197 3592 1003 1197 3593 1001 1198 3594 1002 1198 3595 1004 1198 3596 1001 1199 3597 1004 1199 3598 1003 1199 3599 1002 1200 3600 1005 1200 3601 1004 1200 3602 1004 1201 3603 1007 1201 3604 1003 1201 3605 1005 1202 3606 1003 1202 3607 1006 1202 3608 1003 1203 3609 1007 1203 3610 1006 1203 3611 1004 1204 3612 1008 1204 3613 1007 1204 3614 1004 1205 3615 1005 1205 3616 1006 1205 3617 1059 1233 3699 1057 1233 3700 1062 1233 3701 1057 1234 3702 1058 1234 3703 1060 1234 3704 1058 1235 3705 1059 1235 3706 1060 1235 3707 1059 1236 3708 1065 1236 3709 1060 1236 3710 1065 1237 3711 1059 1237 3712 1061 1237 3713 1060 1238 3714 1065 1238 3715 1064 1238 3716 1062 1239 3717 1063 1239 3718 1061 1239 3719 1061 1240 3720 1063 1240 3721 1065 1240 3722 1122 1277 3831 1123 1277 3832 1121 1277 3833 1122 1278 3834 1125 1278 3835 1124 1278 3836 1126 1279 3837 1125 1279 3838 1122 1279 3839 1126 1280 3840 1127 1280 3841 1125 1280 3842 1121 1281 3843 1123 1281 3844 1126 1281 3845 1122 1282 3846 1124 1282 3847 1123 1282 3848 1126 1283 3849 1123 1283 3850 1127 1283 3851 1123 1284 3852 1128 1284 3853 1127 1284 3854 1125 1285 3855 1130 1285 3856 1124 1285 3857 1128 1286 3858 1131 1286 3859 1130 1286 3860 1128 1287 3861 1129 1287 3862 1131 1287 3863 1151 1298 3894 1152 1298 3895 1156 1298 3896 1153 1299 3897 1155 1299 3898 1154 1299 3899 1151 1300 3900 1155 1300 3901 1153 1300 3902 1152 1301 3903 1154 1301 3904 1156 1301 3905 1154 1302 3906 1158 1302 3907 1156 1302 3908 1155 1303 3909 1158 1303 3910 1154 1303 3911 1157 1304 3912 1158 1304 3913 1155 1304 3914 1211 1336 4008 1209 1336 4009 1212 1336 4010 1208 1337 4011 1213 1337 4012 1209 1337 4013 1212 1338 4014 1213 1338 4015 1208 1338 4016 1127 1356 4068 1128 1356 4069 1125 1356 4070 1123 1357 4071 1124 1357 4072 1128 1357 4073 1124 1358 4074 1130 1358 4075 1129 1358 4076 1125 1359 4077 1128 1359 4078 1130 1359 4079 1128 1360 4080 1124 1360 4081 1129 1360 4082 1152 1371 4113 1153 1371 4114 1154 1371 4115 1151 1372 4116 1156 1372 4117 1155 1372 4118 1155 1373 4119 1156 1373 4120 1157 1373 4121 1157 1374 4122 1156 1374 4123 1159 1374 4124 1156 1375 4125 1158 1375 4126 1159 1375 4127 1208 1399 4197 1211 1399 4198 1212 1399 4199 1211 1400 4200 1210 1400 4201 1209 1400 4202 1210 1401 4203 1208 1401 4204 1209 1401 4205 1212 1402 4206 1209 1402 4207 1214 1402 4208 1212 1403 4209 1214 1403 4210 1213 1403 4211 1257 1433 4299 1258 1433 4300 1256 1433 4301 1257 1434 4302 1260 1434 4303 1259 1434 4304 1261 1435 4305 1260 1435 4306 1257 1435 4307 1261 1436 4308 1262 1436 4309 1260 1436 4310 1256 1437 4311 1258 1437 4312 1261 1437 4313 1257 1438 4314 1259 1438 4315 1258 1438 4316 1261 1439 4317 1258 1439 4318 1262 1439 4319 1258 1440 4320 1263 1440 4321 1262 1440 4322 1260 1441 4323 1265 1441 4324 1259 1441 4325 1263 1442 4326 1266 1442 4327 1265 1442 4328 1263 1443 4329 1264 1443 4330 1266 1443 4331 1286 1454 4362 1287 1454 4363 1291 1454 4364 1288 1455 4365 1290 1455 4366 1289 1455 4367 1286 1456 4368 1290 1456 4369 1288 1456 4370 1287 1457 4371 1289 1457 4372 1291 1457 4373 1289 1458 4374 1293 1458 4375 1291 1458 4376 1290 1459 4377 1293 1459 4378 1289 1459 4379 1292 1460 4380 1293 1460 4381 1290 1460 4382 1346 1492 4476 1344 1492 4477 1347 1492 4478 1343 1493 4479 1348 1493 4480 1344 1493 4481 1347 1494 4482 1348 1494 4483 1343 1494 4484 1262 1512 4536 1263 1512 4537 1260 1512 4538 1258 1513 4539 1259 1513 4540 1263 1513 4541 1259 1514 4542 1265 1514 4543 1264 1514 4544 1260 1515 4545 1263 1515 4546 1265 1515 4547 1263 1516 4548 1259 1516 4549 1264 1516 4550 1287 1527 4581 1288 1527 4582 1289 1527 4583 1286 1528 4584 1291 1528 4585 1290 1528 4586 1290 1529 4587 1291 1529 4588 1292 1529 4589 1292 1530 4590 1291 1530 4591 1294 1530 4592 1291 1531 4593 1293 1531 4594 1294 1531 4595 1343 1555 4665 1346 1555 4666 1347 1555 4667 1346 1556 4668 1345 1556 4669 1344 1556 4670 1345 1557 4671 1343 1557 4672 1344 1557 4673 1347 1558 4674 1344 1558 4675 1349 1558 4676 1347 1559 4677 1349 1559 4678 1348 1559 4679</p>
        </triangles>
        <triangles count="112" material="m3">
          <input semantic="VERTEX" source="#vertices" offset="0" />
          <input semantic="NORMAL" source="#normals" offset="1" />
          <input semantic="TEXCOORD" source="#uv" offset="2" set="0" />
          <p>163 169 507 164 169 508 165 169 509 164 170 510 167 170 511 165 170 512 165 171 513 167 171 514 168 171 515 219 203 609 225 203 610 221 203 611 219 204 612 220 204 613 223 204 614 221 205 615 225 205 616 222 205 617 220 206 618 222 206 619 223 206 620 164 255 765 162 255 766 167 255 767 162 256 768 163 256 769 165 256 770 167 257 771 162 257 772 166 257 773 162 258 774 165 258 775 168 258 776 166 259 777 162 259 778 168 259 779 221 287 861 222 287 862 220 287 863 219 288 864 223 288 865 225 288 866 223 289 867 222 289 868 224 289 869 222 290 870 225 290 871 224 290 872 447 489 1467 446 489 1468 448 489 1469 444 490 1470 446 490 1471 447 490 1472 450 491 1473 449 491 1474 446 491 1475 449 492 1476 451 492 1477 446 492 1478 448 493 1479 453 493 1480 450 493 1481 532 546 1638 535 546 1639 534 546 1640 534 547 1641 538 547 1642 533 547 1643 535 548 1644 536 548 1645 534 548 1646 533 549 1647 538 549 1648 535 549 1649 444 571 1713 450 571 1714 446 571 1715 444 572 1716 445 572 1717 450 572 1718 445 573 1719 447 573 1720 450 573 1721 447 574 1722 448 574 1723 450 574 1724 448 575 1725 446 575 1726 451 575 1727 451 576 1728 449 576 1729 452 576 1730 449 577 1731 453 577 1732 452 577 1733 449 578 1734 450 578 1735 453 578 1736 448 579 1737 451 579 1738 453 579 1739 532 618 1854 533 618 1855 535 618 1856 534 619 1857 537 619 1858 538 619 1859 534 620 1860 536 620 1861 537 620 1862 535 621 1863 538 621 1864 536 621 1865 536 622 1866 538 622 1867 539 622 1868 537 623 1869 536 623 1870 539 623 1871 582 645 1935 581 645 1936 583 645 1937 579 646 1938 581 646 1939 582 646 1940 585 647 1941 584 647 1942 581 647 1943 584 648 1944 586 648 1945 581 648 1946 583 649 1947 588 649 1948 585 649 1949 667 702 2106 670 702 2107 669 702 2108 669 703 2109 673 703 2110 668 703 2111 670 704 2112 671 704 2113 669 704 2114 668 705 2115 673 705 2116 670 705 2117 579 727 2181 585 727 2182 581 727 2183 579 728 2184 580 728 2185 585 728 2186 580 729 2187 582 729 2188 585 729 2189 582 730 2190 583 730 2191 585 730 2192 583 731 2193 581 731 2194 586 731 2195 586 732 2196 584 732 2197 587 732 2198 584 733 2199 588 733 2200 587 733 2201 584 734 2202 585 734 2203 588 734 2204 583 735 2205 586 735 2206 588 735 2207 667 774 2322 668 774 2323 670 774 2324 669 775 2325 672 775 2326 673 775 2327 669 776 2328 671 776 2329 672 776 2330 670 777 2331 673 777 2332 671 777 2333 671 778 2334 673 778 2335 674 778 2336 672 779 2337 671 779 2338 674 779 2339 716 802 2406 717 802 2407 715 802 2408 718 803 2409 717 803 2410 716 803 2411 718 804 2412 721 804 2413 717 804 2414 715 805 2415 717 805 2416 720 805 2417 718 806 2418 720 806 2419 721 806 2420 721 807 2421 719 807 2422 717 807 2423 719 808 2424 722 808 2425 717 808 2426 721 809 2427 720 809 2428 723 809 2429 721 810 2430 723 810 2431 719 810 2432 719 811 2433 724 811 2434 722 811 2435 732 814 2442 733 814 2443 731 814 2444 731 815 2445 733 815 2446 736 815 2447 735 816 2448 737 816 2449 733 816 2450 736 817 2451 737 817 2452 735 817 2453 733 818 2454 737 818 2455 738 818 2456 718 887 2661 715 887 2662 720 887 2663 720 888 2664 717 888 2665 722 888 2666 719 889 2667 723 889 2668 724 889 2669 723 890 2670 720 890 2671 722 890 2672 732 895 2685 734 895 2686 733 895 2687 734 896 2688 735 896 2689 733 896 2690 731 897 2691 735 897 2692 734 897 2693 731 898 2694 736 898 2695 735 898 2696 736 899 2697 733 899 2698 738 899 2699 1166 1308 3924 1168 1308 3925 1169 1308 3926 1166 1309 3927 1170 1309 3928 1168 1309 3929 1167 1310 3930 1169 1310 3931 1170 1310 3932 1168 1311 3933 1171 1311 3934 1169 1311 3935 1168 1312 3936 1173 1312 3937 1172 1312 3938 1168 1313 3939 1174 1313 3940 1173 1313 3941 1170 1314 3942 1172 1314 3943 1174 1314 3944 1166 1379 4137 1167 1379 4138 1170 1379 4139 1170 1380 4140 1169 1380 4141 1171 1380 4142 1170 1381 4143 1171 1381 4144 1172 1381 4145 1171 1382 4146 1168 1382 4147 1172 1382 4148 1168 1383 4149 1170 1383 4150 1174 1383 4151 1301 1464 4392 1303 1464 4393 1304 1464 4394 1301 1465 4395 1305 1465 4396 1303 1465 4397 1302 1466 4398 1304 1466 4399 1305 1466 4400 1303 1467 4401 1306 1467 4402 1304 1467 4403 1303 1468 4404 1308 1468 4405 1307 1468 4406 1303 1469 4407 1309 1469 4408 1308 1469 4409 1305 1470 4410 1307 1470 4411 1309 1470 4412 1301 1535 4605 1302 1535 4606 1305 1535 4607 1305 1536 4608 1304 1536 4609 1306 1536 4610 1305 1537 4611 1306 1537 4612 1307 1537 4613 1306 1538 4614 1303 1538 4615 1307 1538 4616 1303 1539 4617 1305 1539 4618 1309 1539 4619</p>
        </triangles>
      </mesh>
    </geometry>
  </library_geometries>
  <library_visual_scenes>
    <visual_scene id="Scene">
      <node id="Node" type="NODE">
        <instance_geometry url="#geometry">
          <bind_material>
            <technique_common>
              <instance_material symbol="m0" target="#m0">
                <bind_vertex_input semantic="UVSET0" input_semantic="TEXCOORD" input_set="0" />
              </instance_material>
              <instance_material symbol="m1" target="#m1">
                <bind_vertex_input semantic="UVSET0" input_semantic="TEXCOORD" input_set="0" />
              </instance_material>
              <instance_material symbol="m2" target="#m2">
                <bind_vertex_input semantic="UVSET0" input_semantic="TEXCOORD" input_set="0" />
              </instance_material>
              <instance_material symbol="m3" target="#m3">
                <bind_vertex_input semantic="UVSET0" input_semantic="TEXCOORD" input_set="0" />
              </instance_material>
              <instance_material symbol="m4" target="#m4">
                <bind_vertex_input semantic="UVSET0" input_semantic="TEXCOORD" input_set="0" />
              </instance_material>
              <instance_material symbol="m5" target="#m5">
                <bind_vertex_input semantic="UVSET0" input_semantic="TEXCOORD" input_set="0" />
              </instance_material>
            </technique_common>
          </bind_material>
        </instance_geometry>
      </node>
    </visual_scene>
  </library_visual_scenes>
  <scene>
    <instance_visual_scene url="#Scene" />
  </scene>
</COLLADA>