<?xml version='1.0' encoding='utf-8'?>
<COLLADA xmlns="http://www.collada.org/2005/11/COLLADASchema" version="1.4.1">
  <asset>
    <created>2026-09-15T00:00:00Z</created>
    <modified>2026-09-15T00:00:00Z</modified>
    <unit name="meter" meter="1" />
    <up_axis>Z_UP</up_axis>
  </asset>
  <library_images />
  <library_effects>
    <effect id="e0">
      <profile_COMMON>
        <technique sid="common">
          <phong>
            <ambient>
              <color>0.1755 0.18 0.1485 1</color>
            </ambient>
            <diffuse>
              <color>0.39 0.4 0.33 1</color>
            </diffuse>
            <specular>
              <color>0.02 0.02 0.02 1</color>
            </specular>
            <shininess>
              <float>8</float>
            </shininess>
          </phong>
        </technique>
      </profile_COMMON>
    </effect>
    <effect id="e1">
      <profile_COMMON>
        <technique sid="common">
          <phong>
            <ambient>
              <color>0.045 0.09 0.06075 1</color>
            </ambient>
            <diffuse>
              <color>0.1 0.2 0.135 1</color>
            </diffuse>
            <specular>
              <color>0.02 0.02 0.02 1</color>
            </specular>
            <shininess>
              <float>8</float>
            </shininess>
          </phong>
        </technique>
      </profile_COMMON>
    </effect>
    <effect id="e2">
      <profile_COMMON>
        <technique sid="common">
          <phong>
            <ambient>
              <color>0.0765 0.1215 0.0765 1</color>
            </ambient>
            <diffuse>
              <color>0.17 0.27 0.17 1</color>
            </diffuse>
            <specular>
              <color>0.02 0.02 0.02 1</color>
            </specular>
            <shininess>
              <float>8</float>
            </shininess>
          </phong>
        </technique>
      </profile_COMMON>
    </effect>
    <effect id="e3">
      <profile_COMMON>
        <technique sid="common">
          <phong>
            <ambient>
              <color>0.099 0.1395 0.09225 1</color>
            </ambient>
            <diffuse>
              <color>0.22 0.31 0.205 1</color>
            </diffuse>
            <specular>
              <color>0.02 0.02 0.02 1</color>
            </specular>
            <shininess>
              <float>8</float>
            </shininess>
          </phong>
        </technique>
      </profile_COMMON>
    </effect>
    <effect id="e4">
      <profile_COMMON>
        <technique sid="common">
          <phong>
            <ambient>
              <color>0.054 0.1035 0.09 1</color>
            </ambient>
            <diffuse>
              <color>0.12 0.23 0.2 1</color>
            </diffuse>
            <specular>
              <color>0.02 0.02 0.02 1</color>
            </specular>
            <shininess>
              <float>8</float>
            </shininess>
          </phong>
        </technique>
      </profile_COMMON>
    </effect>
    <effect id="e5">
      <profile_COMMON>
        <technique sid="common">
          <phong>
            <ambient>
              <color>0.126 0.1485 0.0855 1</color>
            </ambient>
            <diffuse>
              <color>0.28 0.33 0.19 1</color>
            </diffuse>
            <specular>
              <color>0.02 0.02 0.02 1</color>
            </specular>
            <shininess>
              <float>8</float>
            </shininess>
          </phong>
        </technique>
      </profile_COMMON>
    </effect>
  </library_effects>
  <library_materials>
    <material id="m0" name="m0">
      <instance_effect url="#e0" />
    </material>
    <material id="m1" name="m1">
      <instance_effect url="#e1" />
    </material>
    <material id="m2" name="m2">
      <instance_effect url="#e2" />
    </material>
    <material id="m3" name="m3">
      <instance_effect url="#e3" />
    </material>
    <material id="m4" name="m4">
      <instance_effect url="#e4" />
    </material>
    <material id="m5" name="m5">
      <instance_effect url="#e5" />
    </material>
  </library_materials>
  <library_geometries>
    <geometry id="geometry" name="forest_19_23">
      <mesh>
        <source id="positions">
          <float_array id="positions-array" count="4455">-7.811886 35.52097 4.792601 -7.751075 35.4851 4.790573 -7.765027 35.56226 4.791152 -7.741146 35.52664 5.946525 -7.730185 35.50589 5.946208 -7.719222 35.52812 5.94588 -7.767678 35.52047 5.286389 -7.743027 35.50792 5.28082 -7.749251 35.53484 5.294593 -7.787436 35.08622 5.980685 -7.781508 35.08783 5.981763 -7.787493 35.09238 5.983872 -7.567575 35.27064 6.00844 -7.786046 35.08962 6.188804 -7.757132 35.07064 6.009514 -7.785655 35.08889 6.190212 -7.793641 35.09684 5.86537 -7.78586 35.0867 5.754247 -7.785655 35.08927 5.774171 -7.76552 35.51198 5.551762 -7.735846 35.51392 5.543694 -7.752394 35.53575 5.54156 -7.59009 35.7092 6.094966 -7.583947 35.70575 6.094432 -7.583098 35.71158 6.092526 -7.586241 35.70604 6.322515 -7.589663 35.72047 6.323784 -7.586326 35.70937 6.29844 -7.983373 35.82354 6.12612 -7.241201 35.83073 6.085421 -7.590728 35.32501 6.05649 -7.582945 35.7102 5.871207 -7.586558 35.70721 5.890632 -7.586144 35.70918 5.914333 -7.762 35.53069 5.313237 -7.751086 35.50258 5.319995 -7.740334 35.52825 5.328599 -8.300746 35.48998 5.961009 -8.294953 35.48972 5.965136 -8.298494 35.49616 5.962845 -8.298008 35.49197 6.131447 -8.298008 35.49197 6.126988 -8.165565 35.46585 6.152278 -8.298161 35.49198 6.148847 -8.117492 35.76081 5.864796 -8.422193 35.2285 6.090577 -8.526003 35.69492 6.046238 -8.260855 35.5056 5.791649 -8.309764 35.49204 5.748484 -8.287579 35.49274 5.745805 -7.757519 35.5318 5.499537 -7.755131 35.50563 5.484985 -7.73752 35.52013 5.482123 -7.429715 35.23752 5.961813 -7.425386 35.23424 5.957666 -7.422856 35.23977 5.958984 -7.4234 35.23608 6.199129 -7.426277 35.23747 6.153273 -7.261501 35.5253 5.934442 -7.428458 35.23662 6.2029 -7.703769 35.18306 6.00218 -7.42446 35.23372 5.81045 -7.43009 35.2367 5.715025 -7.426202 35.23743 5.749239 -7.764962 35.52799 5.419953 -7.754192 35.50467 5.428963 -7.735669 35.52837 5.421934 -7.820828 35.84596 6.191439 -7.816711 35.83993 6.193859 -7.81352 35.8457 6.192053 -7.815413 35.84242 6.38619 -7.815171 35.84752 6.360179 -7.816424 35.8411 6.436717 -8.036282 36.0408 6.150671 -7.820986 35.8456 6.133833 -7.816107 35.84201 5.924624 -7.8174 35.84412 5.938316 -7.764894 35.51469 5.433343 -7.737238 35.51094 5.441422 -7.751792 35.53524 5.448182 -8.084865 35.06874 6.210582 -8.07982 35.0635 6.209811 -8.078244 35.06952 6.213344 -8.080984 35.06725 6.411332 -8.080979 35.06723 6.420591 -8.083974 35.07394 6.449716 -8.148899 35.33342 6.220617 -7.848127 34.97563 6.255999 -8.283626 34.95947 6.258868 -8.067085 35.08904 5.960455 -8.080995 35.06717 6.014751 -8.080977 35.06726 6.001545 -7.766675 35.52046 5.668874 -7.748913 35.50358 5.664273 -7.743983 35.53425 5.659918 -7.510074 35.57834 6.265277 -7.504606 35.5834 6.262998 -7.510221 35.58539 6.264739 -7.508209 35.58194 6.470421 -7.510252 35.58304 6.435412 -7.515779 35.52776 6.345783 -7.253452 35.62215 6.269245 -7.508088 35.58129 6.057134 -7.50814 35.58204 6.094052 -7.510078 35.58222 6.078883 -7.762207 35.52888 5.512669 -7.752496 35.50426 5.527496 -7.738441 35.52788 5.528425 -8.137509 35.7272 6.016072 -8.1346 35.72147 6.019932 -8.132722 35.7286 6.018701 -8.134939 35.72528 6.245498 -7.890201 35.78562 6.193298 -8.135949 35.72518 6.234393 -8.134929 35.72506 6.233444 -8.259551 35.43663 6.107591 -7.91017 35.55709 5.849315 -8.135795 36.00586 5.852582 -8.45216 35.73358 5.964798 -8.135034 35.72531 5.805072 -8.135077 35.72523 5.794857 -7.766193 35.52616 5.500401 -7.744445 35.50777 5.488177 -7.742037 35.53268 5.500312 -7.641404 35.11535 6.170769 -7.635102 35.11982 6.172125 -7.640816 35.12158 6.173805 -7.638945 35.1184 6.381796 -7.639283 35.11859 6.391169 -7.6309 35.49019 6.174466 -7.645265 35.11481 6.303948 -7.531213 34.80828 6.205826 -7.635924 35.11343 5.924818 -7.643255 35.11244 5.936766 -7.639103 35.11842 5.991647 -5.283383 34.56016 5.226893 -5.390902 34.58145 5.222778 -5.330797 34.47559 5.223951 -5.384092 34.5155 7.568275 -5.410813 34.54026 7.567633 -5.415441 34.50205 7.566966 -5.35098 34.5373 6.966915 -5.3865 34.54693 6.99536 -5.371387 34.50471 6.972846 -4.983592 34.38396 7.726738 -4.989632 34.39265 7.733559 -4.992702 34.38171 7.732792 -4.996236 34.33542 8.259808 -4.984193 34.40087 8.209206 -4.988596 34.38621 8.132679 -5.487376 34.4052 7.879207 -4.985406 34.38336 7.23698 -4.983373 34.37407 7.537509 -5.031011 34.55153 7.611502 -5.35161 34.54486 6.381218 -5.389027 34.54156 6.369482 -5.379891 34.5104 6.404872 -5.625489 35.18541 7.301256 -5.63702 35.18303 7.299041 -5.633105 35.17764 7.306165 -5.611382 35.21887 7.366344 -5.631231 35.18255 7.621962 -5.631177 35.1825 7.693382 -6.191273 35.34214 7.462018 -5.348644 35.66893 7.381135 -5.629793 35.1507 6.99785 -5.628845 35.16737 6.911946 -5.631224 35.18303 6.943466 -5.34925 34.53792 6.588841 -5.397646 34.53733 6.581443 -5.375676 34.50716 6.568607 -5.494283 34.06467 7.824992 -5.504333 34.0711 7.826939 -5.504838 34.06139 7.821667 -5.500398 34.06037 8.284766 -5.501057 34.06577 8.162185 -5.498655 34.06634 8.268949 -5.928591 33.88189 7.795343 -5.186445 33.74052 7.910865 -5.505687 34.06212 7.398967 -5.500936 34.06576 7.469734 -5.504908 34.57678 7.694906 -5.501054 34.06581 7.496212 -5.351824 34.54211 6.255239 -5.395951 34.53533 6.275499 -5.376134 34.50559 6.274001 -4.914485 34.77771 7.798329 -4.925475 34.77913 7.802616 -4.917938 34.76992 7.801563 -4.920082 34.77584 8.173504 -4.919693 34.77484 8.244379 -4.919763 34.77561 8.190386 -5.413327 34.57102 7.832922 -4.494064 34.66246 7.702888 -4.807904 35.31206 7.636995 -4.920034 34.77584 7.366768 -4.918827 34.77613 7.352494 -4.920161 34.77588 7.44338 -5.349111 34.52132 6.241153 -5.366827 34.55482 6.230927 -5.395606 34.52219 6.223294 -5.80088 34.65405 7.86053 -5.811377 34.6508 7.856882 -5.80245 34.64349 7.861043 -5.807959 34.64965 8.402066 -5.805243 34.64928 8.429555 -5.70905 34.69157 8.487917 -5.811468 34.65227 7.460595 -5.636053 34.31402 7.761615 -5.851519 35.03228 7.629807 -5.809202 34.65327 7.305543 -5.803377 34.64916 7.338605 -5.352665 34.54896 6.361856 -5.394749 34.5337 6.372223 -5.371353 34.5073 6.343404 -4.918406 33.9237 7.676244 -4.928133 33.92529 7.682065 -4.928436 33.91675 7.676555 -4.924284 33.92171 8.003453 -5.354633 33.68436 7.667129 -4.924314 33.92161 8.09828 -4.920574 33.91765 8.14523 -4.401259 33.5595 7.716138 -4.95611 33.94551 7.648406 -4.923374 33.91537 7.135897 -4.918349 33.91702 7.182362 -5.347081 34.52351 6.482615 -5.383576 34.55225 6.467213 -5.387207 34.51316 6.494991 -5.229203 35.27529 8.007525 -5.23827 35.28052 8.005023 -5.239761 35.27084 8.011997 -5.23573 35.27545 8.439358 -5.59088 34.98246 8.085559 -5.236078 35.27444 8.528339 -5.235996 35.27644 8.518695 -5.076563 35.70755 7.919341 -4.839389 35.08162 7.893244 -5.237554 35.27179 7.518039 -5.235702 35.27545 7.589901 -5.236012 35.27634 7.505729 -5.347002 34.52814 6.310209 -5.391635 34.54659 6.301348 -5.376244 34.50567 6.295557 -5.771346 34.19659 8.190173 -5.776899 34.18633 8.185853 -5.767486 34.18636 8.18873 -5.791149 34.17453 8.633639 -5.771723 34.19073 8.577232 -5.777866 34.18887 8.285491 -6.082516 33.84588 8.191822 -5.460415 34.21264 8.105942 -5.769489 34.1922 7.773258 -5.772352 34.19046 7.832756 -5.776283 34.18441 7.788397 -5.347682 34.52789 6.517763 -5.379713 34.55395 6.530734 -5.390045 34.50967 6.534415 -5.013181 34.52553 7.808147 -5.021653 34.52515 7.811521 -5.017368 34.51444 7.809676 -5.017172 34.52089 8.203842 -5.018509 34.52142 8.339892 -5.431521 34.20557 7.602162 -5.017086 34.52053 8.262741 -5.139845 34.87362 8.023587 -4.489834 34.41757 7.883035 -5.026753 34.55688 7.364661 -5.017202 34.52066 7.309067 -5.017199 34.52085 7.357646 -3.34431 35.76766 5.672624 -3.254931 35.72678 5.669425 -3.285402 35.8316 5.670337 -3.24719 35.78572 7.492283 -3.229015 35.75858 7.491783 -3.217051 35.79095 7.491265 -3.283044 35.78161 6.581319 -3.256941 35.75509 6.571955 -3.241235 35.78856 6.590071 -3.400091 35.27843 7.702822 -3.394041 35.27005 7.699581 -3.390604 35.27862 7.704132 -3.394974 35.27559 8.065405 -3.394972 35.27562 8.032074 -3.39492 35.27561 8.071637 -3.887859 35.43235 7.75059 -3.500948 34.9324 7.826471 -2.924882 35.54147 7.767644 -3.394904 35.27557 7.392723 -3.394882 35.27671 7.334753 -3.395346 35.2757 7.287768 -3.280571 35.78472 6.578443 -3.250036 35.75478 6.576109 -3.252253 35.79573 6.567822 -2.919348 36.03841 7.859219 -2.910353 36.03329 7.857751 -2.909509 36.04103 7.855792 -2.904347 36.04026 8.243198 -2.911063 36.03338 8.040987 -2.923803 36.03721 8.108065 -2.990622 36.53724 7.781012 -2.643817 36.06144 7.550583 -2.913767 36.03785 7.59362 -2.914066 36.03778 7.523748 -2.915403 36.03516 7.529676 -3.275091 35.76287 6.731826 -3.24304 35.77274 6.75939 -3.269075 35.79429 6.733967 -3.963738 35.85398 7.581905 -3.955982 35.85496 7.588732 -3.959136 35.86327 7.585042 -3.959716 35.85729 7.886936 -3.959588 35.85745 7.868299 -3.461594 35.90884 7.65821 -3.822161 36.30476 7.573628 -4.348794 36.15183 7.628087 -3.959523 35.85735 7.855205 -4.217451 35.463 7.652648 -3.896508 35.51077 7.297712 -3.959665 35.8574 7.341853 -3.9597 35.85742 7.308335 -3.959857 35.85744 7.321086 -3.278547 35.76069 6.923502 -3.238737 35.77753 6.918182 -3.27098 35.79264 6.935257 -3.103926 35.55222 7.475429 -3.098855 35.54544 7.47083 -3.093579 35.55393 7.472911 -3.078123 35.55849 7.753567 -2.625008 35.5123 7.481601 -3.12444 35.54042 7.641366 -3.336353 35.49324 7.43807 -3.112518 35.57995 7.23995 -3.098754 35.55061 7.261383 -3.098747 35.55041 7.192443 -3.281071 35.76541 6.791894 -3.247032 35.75889 6.795504 -3.25101 35.79403 6.777438 -3.273423 36.30285 7.894645 -3.26723 36.29631 7.898023 -3.262789 36.30459 7.893836 -3.267534 36.30131 8.131882 -3.267825 36.30188 8.168188 -3.26783 36.30134 8.134411 -3.720004 36.15977 7.967185 -3.060031 35.92229 7.952754 -3.003793 36.52841 7.783245 -3.267023 36.29997 7.580733 -3.268564 36.30155 7.63025 -3.267796 36.30137 7.678659 -3.271676 35.75736 6.511662 -3.238835 35.77745 6.528427 -3.264079 35.79709 6.526158 -3.583488 35.47325 7.582697 -3.574611 35.47482 7.586035 -3.580708 35.483 7.586542 -3.579709 35.47712 7.874659 -3.579706 35.47708 7.917472 -3.099786 35.42383 7.583264 -3.579799 35.47701 7.911143 -3.892054 35.79912 7.585642 -3.819383 34.96234 7.501685 -3.579886 35.47707 7.241772 -3.579685 35.47709 7.206181 -3.579685 35.47709 7.279605 -3.27496 35.7916 6.970565 -3.25853 35.75304 6.96243 -3.240392 35.77731 6.95166 -2.927729 35.788 7.609392 -2.920789 35.78651 7.605545 -2.922487 35.79675 7.60619 -2.923705 35.7912 7.873409 -2.901675 35.79196 7.877452 -2.911351 35.77533 7.473958 -2.648703 35.69603 7.554002 -2.93219 35.79839 7.664552 -2.923563 35.79254 7.31502 -2.92372 35.79113 7.314132 -3.277543 35.78756 6.695162 -3.263624 35.75286 6.71197 -3.239851 35.78594 6.711131 -3.79575 36.19105 8.095737 -3.787231 36.18551 8.10099 -3.787957 36.19435 8.097883 -3.801904 36.21599 8.370113 -3.790561 36.19001 8.431335 -3.790947 36.18885 8.392289 -3.641727 35.79643 8.018847 -3.790828 36.19979 7.804055 -4.185206 36.34648 8.096842 -3.790925 36.18878 7.794294 -3.790718 36.18864 7.816842 -3.28295 35.77342 7.058145 -3.240796 35.7663 7.048503 -3.250357 35.79155 7.071316 -3.203038 35.12515 7.866851 -3.197125 35.11901 7.861005 -3.192261 35.12551 7.866259 -3.193932 35.13833 7.988394 -3.025413 35.04347 8.096126 -3.196956 35.12352 8.264486 -3.197815 35.1232 8.328643 -3.39409 34.9934 7.838074 -3.197559 35.12408 7.427782 -3.197883 35.12194 7.445659 -6.120887 30.12809 4.679483 -6.182103 30.14638 4.67761 -6.153067 30.08163 4.678144 -6.18179 30.10773 5.74506 -6.195929 30.12357 5.744767 -6.200724 30.10166 5.744464 -6.169959 30.12944 5.216071 -6.188665 30.11213 5.213485 -6.168838 30.10152 5.210924 -6.140679 29.9294 6.088925 -6.145071 29.93476 6.090044 -6.146831 29.92846 6.088934 -6.144205 29.93128 6.26215 -6.144086 29.93102 6.232073 -6.143913 29.93106 6.259628 -6.073911 30.19795 6.090878 -6.433998 29.86847 6.056313 -5.951746 29.71612 6.104329 -6.144189 29.93094 5.90538 -6.143014 29.93055 5.922911 -6.144177 29.93096 5.943801 -6.166296 30.12445 5.333815 -6.189049 30.11976 5.34588 -6.166783 30.10266 5.345048 -5.890696 30.44788 5.915459 -5.897026 30.45088 5.916625 -5.894587 30.44528 5.918434 -5.926966 30.42798 5.921646 -5.894455 30.44844 6.059849 -5.893743 30.44839 6.083976 -5.883684 30.24416 5.949584 -5.922517 30.4657 5.753884 -5.90528 30.4343 5.806852 -5.894485 30.44853 5.755778 -6.16527 30.10454 5.245944 -6.175725 30.13072 5.242633 -6.186835 30.11256 5.235484 -6.435195 30.07482 5.689493 -6.440727 30.07829 5.686887 -6.439402 30.07204 5.687103 -6.4385 30.07554 5.851579 -6.438498 30.07553 5.837707 -6.187561 30.12141 5.775041 -6.442909 30.07673 5.562778 -6.440285 30.07401 5.843493 -6.354822 30.26574 5.680919 -6.439761 30.07087 5.583007 -6.438502 30.07554 5.512034 -6.165513 30.11268 5.37483 -6.176909 30.12567 5.395932 -6.182011 30.1029 5.386065 -5.733206 29.83764 5.738058 -5.734066 29.84276 5.742475 -5.737462 29.83706 5.742263 -5.734724 29.83886 5.955004 -6.013659 29.64625 5.709852 -5.734887 29.83919 5.92318 -5.60468 30.09224 5.731244 -5.735306 29.8391 5.954378 -5.463105 29.6014 5.723761 -5.734781 29.83916 5.557577 -5.735886 29.84032 5.534012 -5.734791 29.83921 5.528368 -6.163467 30.12461 5.20471 -6.184194 30.12469 5.202759 -6.176016 30.10237 5.214944 -6.221362 30.39512 5.680877 -6.227953 30.3961 5.679732 -6.224184 30.39117 5.682639 -6.224952 30.39427 5.80087 -6.225454 30.39442 5.845326 -6.078939 30.38448 5.676503 -6.281913 30.67032 5.705741 -6.226888 30.39577 5.86558 -6.22813 30.39492 5.506765 -6.284757 30.15627 5.61925 -6.224952 30.39427 5.55 -6.224958 30.39429 5.550286 -6.160895 30.11866 5.477636 -6.181532 30.12779 5.477363 -6.17614 30.10345 5.464928 -6.254338 29.93292 5.752771 -6.257427 29.93729 5.754444 -6.261195 29.93345 5.751259 -6.260147 29.93579 5.907198 -6.258865 29.93047 5.874068 -6.256034 29.93598 5.911158 -6.116666 29.70384 5.667993 -6.256082 29.93839 5.604993 -6.257906 29.93423 5.597206 -6.239313 29.94867 5.609241 -6.164949 30.12522 5.52291 -6.188369 30.12042 5.533719 -6.16878 30.10126 5.528033 -5.927373 30.20012 6.021847 -5.933147 30.19858 6.024554 -5.929422 30.19369 6.023657 -5.928833 30.19824 6.265973 -5.931752 30.19604 6.263455 -5.625006 30.22448 6.011368 -5.927411 30.19661 6.267334 -5.929344 30.19677 5.793454 -6.186811 30.31515 5.988196 -5.931081 30.19401 5.933493 -5.929963 30.19743 5.822591 -6.163054 30.10913 5.27333 -6.17535 30.13078 5.261165 -6.184748 30.10595 5.262315 -6.579182 30.30442 5.921903 -6.582605 30.30858 5.918986 -6.585229 30.30247 5.919105 -6.582366 30.30509 6.085681 -6.581301 30.30518 6.109928 -6.581851 30.30435 6.119176 -6.320936 30.43675 5.873855 -6.560705 29.96938 5.890305 -6.848044 30.37733 5.910771 -6.582367 30.3045 5.726531 -6.582155 30.30529 5.740755 -6.582354 30.30509 5.77849 -6.17149 30.12909 5.285546 -6.185427 30.10623 5.278775 -6.165289 30.10592 5.273836 -6.063076 29.91488 5.671038 -6.068077 29.91859 5.67388 -6.067717 29.91252 5.671114 -6.066394 29.91576 5.847172 -6.066406 29.91576 5.851324 -6.08388 29.92464 5.85129 -6.174247 29.71559 5.697156 -5.810261 29.96364 5.714415 -6.192666 30.1723 5.596947 -6.066898 29.91414 5.466703 -6.06325 29.91505 5.457155 -6.066374 29.91577 5.510467 -2.166915 35.95676 5.851792 -2.269023 35.94905 5.848122 -2.18846 35.86878 5.849168 -2.24641 35.89139 7.939929 -2.276651 35.90699 7.939356 -2.271269 35.87145 7.938761 -2.241144 35.93067 6.903307 -2.259219 35.89403 6.898239 -2.223466 35.88952 6.893221 -2.082682 35.64803 8.613778 -2.092323 35.65352 8.61597 -2.091348 35.64308 8.613796 -2.089036 35.64882 8.953235 -2.088707 35.64849 8.894295 -2.088472 35.64865 8.948292 -2.136639 36.08825 8.617604 -2.486803 35.38874 8.54987 -1.677661 35.43705 8.643965 -2.088816 35.64832 8.254097 -2.086836 35.64841 8.288453 -2.08881 35.64835 8.329388 -2.232799 35.92529 7.134042 -2.264167 35.90523 7.157684 -2.22104 35.8924 7.156054 -2.005632 36.56734 8.273849 -2.016824 36.5682 8.276133 -2.009966 36.56122 8.279679 -2.048517 36.51677 8.285972 -2.011578 36.56602 8.5568 -2.010482 36.56635 8.604079 -1.878388 36.26643 8.340722 -2.063471 36.57577 7.957222 -2.019677 36.53865 8.06102 -2.011675 36.56614 7.960934 -2.219856 35.89609 6.961848 -2.250504 35.92927 6.955359 -2.256726 35.89572 6.94135 -2.606844 35.69691 7.83104 -2.617112 35.69894 7.825932 -2.611546 35.69034 7.826356 -2.612205 35.6961 8.148667 -2.612197 35.69609 8.121484 -2.262886 35.90856 7.99868 -2.619484 35.69535 7.582724 -2.614 35.69278 8.132822 -2.595951 36.02873 7.814238 -2.611416 35.68839 7.622366 -2.612208 35.6961 7.483285 -2.22488 35.90812 7.214415 -2.249382 35.92103 7.255768 -2.243975 35.88404 7.236433 -1.420195 35.74419 7.926209 -1.424415 35.75136 7.934863 -1.42623 35.74087 7.934448 -1.423166 35.74514 8.351342 -1.730295 35.297 7.870936 -1.423595 35.74554 8.288978 -1.373716 36.19892 7.912856 -1.424174 35.74517 8.350115 -0.8805285 35.54537 7.898192 -1.423424 35.74556 7.572532 -1.425741 35.74666 7.526353 -1.423467 35.74563 7.515293 -2.228655 35.92715 6.881044 -2.259724 35.91539 6.877221 -2.234697 35.88668 6.901099 -2.470329 36.29887 7.814154 -2.48076 36.29656 7.811912 -2.47229 36.29134 7.817607 -2.475221 36.29555 8.049297 -2.476059 36.29548 8.136414 -2.251059 36.36457 7.805583 -2.718675 36.6761 7.862878 -2.478974 36.29667 8.176104 -2.480348 36.29469 7.47296 -2.428346 35.90504 7.693389 -2.47522 36.29555 7.557684 -2.475239 36.29557 7.558244 -2.221401 35.91973 7.415877 -2.257517 35.92155 7.415343 -2.235497 35.88821 7.390975 -2.254823 35.58816 7.95504 -2.261949 35.59293 7.95832 -2.265388 35.58502 7.952077 -2.265161 35.58913 8.257661 -2.260192 35.5819 8.192737 -2.259113 35.59176 8.26542 -1.917476 35.32416 7.788907 -2.260569 35.59535 7.66545 -2.260915 35.58808 7.65019 -2.241358 35.62034 7.673774 -2.231226 35.92722 7.504599 -2.263526 35.9066 7.52578 -2.223228 35.88916 7.514637 -1.918544 36.17547 8.482331 -1.926306 36.16986 8.487635 -1.91793 36.16468 8.485877 -1.919652 36.17182 8.960727 -1.922764 36.16686 8.955792 -1.479926 36.38521 8.461795 -1.916592 36.1702 8.963393 -1.919576 36.16933 8.034763 -2.372787 36.19897 8.416386 -1.920594 36.1642 8.309188 -1.92088 36.16996 8.091861 -2.219168 35.90422 7.015514 -2.249978 35.92958 6.991674 -2.249814 35.88702 6.993929 -2.953939 35.95806 8.286477 -2.961445 35.96232 8.28076 -2.961873 35.95168 8.280993 -2.959086 35.95723 8.607421 -2.957546 35.95798 8.654936 -2.957893 35.95643 8.673059 -2.643229 36.30412 8.192321 -2.734282 35.46716 8.224557 -3.398153 35.91312 8.264661 -2.958753 35.95636 7.90362 -2.958886 35.95766 7.931494 -2.95907 35.95725 8.00544 -2.243231 35.92926 7.039451 -2.250994 35.88706 7.026184 -2.220672 35.89813 7.016506 -1.958203 35.67076 7.794874 -1.967818 35.67345 7.800444 -1.963799 35.66457 7.795023 -1.963672 35.67017 8.140031 -1.963694 35.67017 8.148167 -1.994934 35.67344 8.148102 -2.010396 35.30875 7.846055 -1.607736 35.88863 7.879877 -2.299691 35.9818 7.649683 -1.963503 35.66747 7.394453 -1.958561 35.67091 7.375742 -1.963652 35.67021 7.480215 -2.505647 34.48312 5.655563 -2.52112 34.55161 5.653552 -2.567494 34.4889 5.654126 -2.557971 34.53049 6.799682 -2.550418 34.55257 6.799368 -2.573995 34.54535 6.799042 -2.531128 34.52581 6.411184 -2.556388 34.53826 6.423535 -2.551337 34.51206 6.415372 -2.304831 34.36827 6.952397 -2.306115 34.37481 6.954444 -2.310579 34.3684 6.954557 -2.578398 34.46229 6.911179 -2.306811 34.37117 7.18589 -2.342918 34.25587 6.996122 -2.303769 34.38485 7.023174 -2.177058 34.62081 6.965945 -2.304583 34.37064 6.688985 -2.306874 34.37127 6.724591 -2.307503 34.37089 6.756522 -2.531341 34.52046 6.22346 -2.541314 34.54259 6.2184 -2.562335 34.52406 6.221178 -2.596402 34.75886 7.147331 -2.601764 34.76186 7.146443 -2.601663 34.75423 7.148024 -2.600412 34.75801 7.29503 -2.600389 34.75778 7.325869 -2.600228 34.758 7.332435 -2.342057 34.52078 7.123786 -2.9768 34.74121 7.120013 -2.594923 35.07776 7.14779 -2.600365 34.75806 7.001752 -2.60039 34.75801 6.967597 -2.600294 34.75799 6.983768 -2.531508 34.52319 6.577728 -2.559665 34.5364 6.578518 -2.552707 34.52229 6.56099 -2.705374 34.16796 6.758209 -2.709963 34.17245 6.762073 -2.712127 34.17003 6.756591 -2.709095 34.17013 6.930804 -2.709323 34.17012 6.957728 -2.70677 34.16821 6.99291 -2.776156 33.83395 6.789909 -2.959055 34.2941 6.840584 -2.734617 34.18053 6.518498 -2.515472 34.10764 6.699569 -2.712405 34.1705 6.502779 -2.535644 34.51572 6.506023 -2.537531 34.54039 6.503625 -2.560585 34.52371 6.515432 -2.251075 34.61529 7.084915 -2.255253 34.62057 7.085999 -2.257378 34.61343 7.087814 -2.254641 34.61646 7.334887 -2.25132 34.60783 7.363286 -2.255568 34.61868 7.376125 -2.485439 34.42097 7.020383 -2.00468 34.60203 7.01472 -2.459184 34.8226 6.995912 -2.254668 34.61642 6.84699 -2.254518 34.61627 6.83709 -2.254593 34.61644 6.825287 -2.543106 34.51123 6.352733 -2.537261 34.54133 6.349426 -2.559567 34.53021 6.339125 -2.976953 34.69016 6.977437 -2.974784 34.69664 6.977248 -2.981309 34.69462 6.973967 -2.982343 34.69181 7.165771 -2.977719 34.69386 7.144887 -2.82128 34.50418 7.052211 -2.977708 34.6939 7.159463 -3.057683 34.62475 6.955816 -2.776411 34.89 6.954334 -2.977667 34.69464 6.784762 -2.995316 34.67865 6.968729 -2.531925 34.52641 6.328956 -2.546215 34.53883 6.346951 -2.560953 34.51784 6.334262 -2.366096 34.16268 6.660352 -2.364787 34.16726 6.663989 -2.371784 34.16382 6.663967 -2.367964 34.16471 6.824496 -2.36794 34.16448 6.827562 -2.367751 34.16464 6.816994 -2.423464 34.47117 6.750144 -2.643748 34.02173 6.72996 -2.038097 33.99358 6.682279 -2.36842 34.17288 6.509846 -2.368047 34.16445 6.484251 -2.367965 34.16471 6.532867 -2.530467 34.52023 6.152632 -2.548824 34.53929 6.14135 -2.560429 34.52346 6.158744 -2.361114 35.06519 6.66634 -2.359201 35.0696 6.661895 -2.366251 35.07009 6.663575 -2.362552 35.06832 6.858405 -2.330891 35.07781 6.6828 -2.360365 35.07222 6.888745 -2.360293 35.13713 6.554238 -2.595859 34.95259 6.660558 -2.361476 35.06846 6.454349 -2.362259 35.06825 6.478147 -2.540224 34.51192 6.280143 -2.535699 34.53784 6.286982 -2.562615 34.53299 6.277618 -2.793428 34.35563 6.950067 -2.794684 34.36288 6.951212 -2.799354 34.36038 6.94923 -2.795681 34.3591 7.13021 -2.795639 34.35918 7.142362 -2.796148 34.36019 7.184438 -2.628307 34.33568 7.128876 -3.093281 34.40167 6.852841 -2.935514 34.10482 6.953292 -2.795674 34.35897 6.726022 -2.792679 34.34986 6.780877 -2.784776 34.48552 6.851992 -2.542928 34.51202 6.170772 -2.533879 34.53782 6.169703 -2.562089 34.53176 6.179782 -2.100816 34.41641 7.157049 -2.099344 34.42399 7.157178 -2.105356 34.42161 7.159226 -2.101777 34.42066 7.369596 -2.098619 34.42413 7.285861 -2.101926 34.42041 7.396197 -2.392363 34.49661 7.157082 -2.140215 34.06604 7.181299 -2.101284 34.42265 6.90805 -2.100715 34.41841 6.932954 -2.101778 34.42063 6.991236 -8.708021 33.01422 4.52659 -8.76872 33.01684 4.524879 -8.726884 32.9639 4.525367 -8.759441 32.98128 5.499895 -8.776163 32.9926 5.499628 -8.775485 32.97128 5.49935 -8.743842 32.99564 5.203994 -8.76057 32.99806 5.188289 -8.754327 32.97695 5.202334 -9.091996 33.14969 5.510767 -9.096694 33.14741 5.507586 -9.093382 33.14407 5.511828 -9.094104 33.14705 5.654213 -9.094698 33.14671 5.659656 -9.080806 33.2142 5.522351 -8.882343 33.09581 5.536102 -9.094285 33.14692 5.371994 -9.093871 33.14704 5.378918 -9.097532 33.14241 5.471211 -8.745589 33.0022 5.162882 -8.767726 32.99008 5.162947 -8.750311 32.97821 5.15333 -8.642364 32.79489 5.511355 -8.646717 32.79785 5.513762 -8.647896 32.79186 5.511379 -8.64572 32.79485 5.663951 -8.647852 32.79496 5.691845 -8.645561 32.79465 5.696016 -8.745169 32.47563 5.554961 -8.529166 33.0908 5.576656 -8.343298 32.6552 5.489875 -8.645811 32.79401 5.327145 -8.64551 32.79479 5.347777 -8.86573 32.88909 5.270348 -8.739976 32.98803 4.963114 -8.754615 33.00331 4.959537 -8.766191 32.98404 4.967986 -8.648613 33.27027 5.586911 -8.653965 33.27278 5.586708 -8.653983 33.26692 5.588832 -8.65304 33.26948 5.784533 -8.649576 33.26645 5.787544 -8.652165 33.26993 5.746177 -8.541863 33.55191 5.591976 -8.445149 33.06204 5.559192 -8.802223 33.34144 5.512993 -8.652174 33.26994 5.443823 -8.652178 33.27006 5.434782 -8.742232 32.99648 5.20651 -8.767285 32.99567 5.200989 -8.747836 32.97788 5.202988 -8.909821 32.90296 5.793844 -8.91465 32.89993 5.792432 -8.909498 32.89635 5.793097 -8.911267 32.89972 5.939898 -8.913279 32.89504 5.979853 -8.801358 33.04864 5.918799 -8.911473 32.89993 5.967782 -9.127843 32.86552 5.744215 -8.711631 32.69406 5.735555 -8.911267 32.89971 5.607974 -8.906519 32.90142 5.633668 -8.911317 32.90002 5.621434 -8.748307 33.00165 5.195298 -8.761519 32.98402 5.210807 -8.75091 32.9805 5.192645 -8.289522 32.89889 5.430075 -8.29268 32.89802 5.434894 -8.29155 32.89315 5.431477 -8.289988 32.894 5.603493 -8.291226 32.89671 5.607956 -8.291246 32.89669 5.65308 -8.477865 32.94889 5.612021 -8.045053 33.10139 5.423122 -8.226007 32.64221 5.258886 -8.541093 33.01702 5.30935 -8.291323 32.89659 5.241602 -8.291223 32.89667 5.249289 -8.291186 32.8967 5.264674 -8.745349 33.00209 4.986096 -8.767503 32.98997 4.985164 -8.75076 32.97836 4.995979 -8.960235 33.32197 5.532666 -8.964946 33.32077 5.531804 -8.962096 33.31614 5.534924 -8.962394 33.31924 5.722524 -8.948769 33.31497 5.660621 -8.961708 33.32012 5.721979 -9.186665 33.46857 5.504704 -9.067706 33.06318 5.545052 -8.962524 33.31915 5.356778 -8.962248 33.31921 5.352544 -8.960418 33.31588 5.37824 -8.746751 33.00218 5.096994 -8.768214 32.99036 5.09144 -8.748664 32.97794 5.087079 -8.778054 32.71545 5.644926 -8.781075 32.71067 5.642894 -8.775808 32.7096 5.642639 -8.778045 32.71223 5.796989 -8.778033 32.71225 5.79751 -8.899334 32.44389 5.685299 -8.780923 32.71666 5.843573 -8.78274 32.71877 5.534793 -8.54317 32.61199 5.642261 -8.709992 32.8622 5.578921 -8.777825 32.71187 5.462299 -8.748681 33.00093 5.015058 -8.767541 32.99326 5.025895 -8.746563 32.97716 5.022528 -8.462094 33.23049 5.562732 -8.466885 33.22743 5.565874 -8.461865 33.22458 5.564713 -8.464259 33.22598 5.74598 -8.463619 33.22757 5.699004 -8.26841 33.14664 5.567754 -8.656572 33.25499 5.548419 -8.463246 33.23149 5.64205 -8.463956 33.22697 5.409989 -8.462828 33.23113 5.390635 -8.463627 33.22761 5.438655 -8.745958 32.98679 5.156512 -8.757075 33.00342 5.140691 -8.760177 32.98007 5.138798 -9.121751 33.01718 5.379344 -9.125607 33.01743 5.374383 -9.124345 33.01274 5.376442 -9.126034 33.01502 5.550858 -9.124074 33.01682 5.566747 -9.092453 32.78241 5.357511 -9.067006 33.01213 5.609806 -9.297934 33.13636 5.315226 -9.123899 33.01599 5.200791 -9.119346 33.01865 5.189575 -9.123728 33.01616 5.188643 -1.229081 31.38555 5.900421 -1.200765 31.36928 5.899485 -1.207625 31.4049 5.899752 -1.196392 31.38854 6.433326 -1.191213 31.37901 6.43318 -1.186259 31.38935 6.433028 -1.206569 31.39019 6.230302 -1.201673 31.37758 6.225898 -1.194652 31.3892 6.226324 -1.076427 31.29425 6.563822 -1.073868 31.29266 6.562649 -1.074251 31.29613 6.563564 -1.078027 31.28025 6.652055 -1.074624 31.29579 6.661429 -1.07341 31.29224 6.651207 -1.013882 31.39654 6.54192 -1.073942 31.29266 6.462824 -1.07464 31.29425 6.473188 -1.076108 31.29399 6.474358 -1.208555 31.38339 6.2897 -1.19754 31.38384 6.29548 -1.196993 31.38925 6.28412 -1.263152 31.59755 6.371202 -1.260323 31.59743 6.373209 -1.260355 31.59874 6.370349 -1.261585 31.59766 6.484719 -1.260208 31.59935 6.490284 -1.26182 31.59842 6.478827 -1.179626 31.71592 6.39879 -1.396018 31.57708 6.381549 -1.163602 31.49961 6.375912 -1.278049 31.48359 6.312199 -1.257607 31.64071 6.270332 -1.261439 31.59779 6.265802 -1.261274 31.5979 6.279362 -1.261276 31.59794 6.270523 -1.205949 31.38337 6.219158 -1.195438 31.38074 6.222866 -1.200358 31.39036 6.229627 -1.332624 31.16481 6.403431 -1.330076 31.165 6.405162 -1.332549 31.16718 6.405893 -1.331776 31.16568 6.486656 -1.331784 31.16566 6.480412 -1.331756 31.16569 6.499307 -1.45374 31.31652 6.425128 -1.229871 31.18211 6.417464 -1.425038 31.08645 6.39792 -1.331672 31.16502 6.309491 -1.321375 31.16495 6.303669 -1.331853 31.16569 6.327898 -1.206641 31.38845 6.208458 -1.199781 31.37828 6.205369 -1.1968 31.38952 6.198956 -0.9675431 31.46615 6.415921 -0.9653448 31.4673 6.413494 -0.9676066 31.46889 6.415092 -0.9636606 31.46797 6.493381 -0.9671963 31.46793 6.543562 -0.9634991 31.46591 6.462832 -1.091323 31.48379 6.412368 -0.9664356 31.46723 6.289922 -0.9337193 31.47152 6.295541 -0.9668484 31.4672 6.298117 -1.206938 31.3819 6.255978 -1.195656 31.38156 6.262894 -1.200934 31.39309 6.25673 -1.427068 31.48218 6.568374 -1.426832 31.47967 6.569165 -1.424211 31.48162 6.570241 -1.425828 31.48126 6.638781 -1.42579 31.48247 6.654139 -1.427135 31.48674 6.523809 -1.424513 31.47741 6.666367 -1.281465 31.48941 6.555994 -1.425114 31.48201 6.537911 -1.426963 31.47718 6.519275 -1.205162 31.37948 6.228507 -1.193571 31.38555 6.229155 -1.201644 31.39275 6.232922 -1.144545 31.23096 6.581308 -1.141212 31.22985 6.580441 -1.14165 31.23248 6.581472 -1.142665 31.23095 6.694042 -1.124447 31.26275 6.655578 -1.142942 31.23091 6.715613 -0.9921851 31.17142 6.564468 -1.306586 31.21937 6.566663 -1.143149 31.22952 6.454814 -1.142909 31.23332 6.456231 -1.142783 31.2311 6.473993 -1.207972 31.38291 6.173659 -1.19375 31.38192 6.172031 -1.20162 31.39218 6.168203 -1.129326 31.6275 6.585952 -1.126433 31.62539 6.586546 -1.126675 31.62829 6.585175 -0.9979727 31.64 6.634871 -1.127518 31.62701 6.679009 -1.128721 31.62466 6.647711 -1.127464 31.62678 6.685487 -1.228554 31.72598 6.574856 -1.117171 31.63373 6.490554 -1.135819 31.62028 6.501535 -1.127475 31.62684 6.510986 -1.203003 31.37931 6.230502 -1.195696 31.38841 6.238422 -1.205246 31.39183 6.233331 -1.390618 31.28886 6.472862 -1.388322 31.28623 6.473469 -1.388653 31.28954 6.474385 -1.389137 31.28792 6.573143 -1.388906 31.28594 6.576526 -1.252554 31.34425 6.525069 -1.389088 31.28807 6.582003 -1.226155 31.27068 6.415975 -1.535908 31.17456 6.455112 -1.493139 31.40174 6.464598 -1.389135 31.28799 6.375559 -1.389127 31.28812 6.362379 -1.389152 31.28794 6.359879 -1.207251 31.38962 6.151708 -1.201429 31.37811 6.14781 -1.194417 31.38852 6.145891 -0.978785 31.32691 6.571518 -0.9755495 31.32718 6.570115 -0.9770476 31.32979 6.571075 -0.9771374 31.32792 6.659391 -0.9771374 31.32791 6.65881 -0.9760606 31.33044 6.688874 -1.049802 31.32438 6.666655 -0.9168192 31.26594 6.562991 -0.9785776 31.32503 6.490853 -0.9772706 31.32782 6.466945 -0.9790107 31.36591 6.537924 -2.351216 32.54438 5.92045 -2.3229 32.5281 5.919514 -2.32976 32.56372 5.919781 -2.318527 32.54737 6.453355 -2.313348 32.53783 6.453209 -2.308394 32.54817 6.453057 -2.326958 32.53795 6.188803 -2.315621 32.54438 6.18751 -2.324244 32.55197 6.186229 -2.318087 32.64092 6.625326 -2.316529 32.63774 6.625885 -2.314915 32.64067 6.62533 -2.316553 32.63957 6.711957 -2.316581 32.63971 6.696915 -2.316672 32.63971 6.710696 -2.382776 32.51512 6.626302 -2.165001 32.63686 6.609016 -2.387102 32.76918 6.633029 -2.31652 32.63974 6.533533 -2.31706 32.64007 6.542301 -2.316529 32.63973 6.552748 -2.328196 32.54087 6.247688 -2.316325 32.54053 6.253722 -2.3254 32.55165 6.253306 -2.503224 32.41223 6.538574 -2.500426 32.40999 6.539157 -2.500983 32.41307 6.540062 -2.482846 32.41788 6.541668 -2.501419 32.41151 6.610784 -2.501767 32.41162 6.62285 -2.482841 32.51442 6.55564 -2.489478 32.39964 6.457769 -2.494376 32.41728 6.484258 -2.501415 32.41146 6.458716 -2.326374 32.55089 6.203743 -2.324238 32.53664 6.202087 -2.316582 32.54438 6.198512 -2.188585 32.53405 6.425566 -2.186239 32.53168 6.424263 -2.186165 32.53494 6.424371 -2.187025 32.5333 6.506627 -2.187025 32.53331 6.499689 -2.317259 32.53989 6.468349 -2.18497 32.5322 6.362194 -2.185957 32.53386 6.502583 -2.250947 32.44847 6.421278 -2.18585 32.53548 6.372311 -2.187024 32.5333 6.336817 -2.327206 32.54682 6.2682 -2.323058 32.53902 6.278753 -2.317851 32.54974 6.273819 -2.510081 32.73432 6.449854 -2.510252 32.73167 6.452063 -2.507894 32.73411 6.451956 -2.509468 32.73353 6.55835 -2.34811 32.79669 6.435748 -2.509425 32.73335 6.542435 -2.603863 32.6227 6.446446 -2.509206 32.73335 6.558037 -2.616793 32.88351 6.442704 -2.509475 32.73338 6.359594 -2.509061 32.73267 6.347808 -2.509476 32.73335 6.344986 -2.329622 32.54112 6.183121 -2.319318 32.53865 6.182146 -2.320772 32.55071 6.18824 -2.332512 32.39974 6.421257 -2.329348 32.39848 6.420685 -2.330645 32.40137 6.422138 -2.330627 32.39974 6.481267 -2.330395 32.3996 6.503499 -2.402131 32.42172 6.419069 -2.334631 32.25571 6.433691 -2.329839 32.39877 6.513628 -2.329122 32.39904 6.334182 -2.272982 32.51115 6.390437 -2.330627 32.39974 6.355804 -2.330625 32.39973 6.355947 -2.330205 32.54438 6.319614 -2.321005 32.53742 6.319478 -2.320836 32.55016 6.313259 -2.261946 32.62585 6.457212 -2.260921 32.62331 6.458049 -2.258596 32.62478 6.456456 -2.259392 32.62374 6.534442 -2.259406 32.62654 6.517873 -2.26146 32.62413 6.536422 -2.303604 32.75596 6.414814 -2.26172 32.62292 6.383307 -2.260325 32.62478 6.379412 -2.271267 32.61977 6.385431 -2.328956 32.54064 6.342256 -2.31674 32.54029 6.347662 -2.324242 32.55211 6.344818 -2.455943 32.53121 6.591779 -2.45289 32.5313 6.593133 -2.45417 32.53417 6.592684 -2.454995 32.53198 6.713869 -2.453286 32.53272 6.71261 -2.609245 32.55452 6.586539 -2.455513 32.53295 6.714549 -2.45457 32.53265 6.477558 -2.340333 32.44358 6.57495 -2.453382 32.53382 6.547592 -2.454339 32.53225 6.492129 -2.328014 32.54887 6.217439 -2.324433 32.53665 6.211355 -2.316846 32.54791 6.21193 -2.143845 32.40294 6.541796 -2.142629 32.40047 6.540337 -2.140608 32.4032 6.540397 -2.142338 32.40223 6.623703 -2.142879 32.40231 6.635829 -2.142509 32.40266 6.640454 -2.287845 32.36736 6.517767 -2.11378 32.57181 6.525994 -2.018611 32.33515 6.536229 -2.14227 32.40252 6.444089 -2.142467 32.40216 6.451203 -2.142345 32.40223 6.470074 -2.326154 32.53795 6.223548 -2.316542 32.54769 6.220162 -2.326525 32.5502 6.217692 -2.354998 32.65724 6.416336 -2.352945 32.6548 6.417758 -2.352413 32.65786 6.416374 -2.35345 32.65641 6.504423 -2.353445 32.65641 6.506499 -2.34579 32.64994 6.506482 -2.276331 32.74337 6.429398 -2.486505 32.6626 6.43803 -2.320682 32.51397 6.379283 -2.35301 32.65715 6.314147 -2.354931 32.65713 6.309371 -2.353462 32.6564 6.336033 -0.6153151 33.38257 6.257842 -0.586999 33.3663 6.256906 -0.5938596 33.40192 6.257173 -0.5826262 33.38556 6.790747 -0.577447 33.37603 6.790601 -0.5724935 33.38637 6.790449 -0.5942009 33.38667 6.558721 -0.5872343 33.37508 6.557433 -0.5803302 33.38556 6.555465 -0.4739463 33.39896 6.962758 -0.4723506 33.39597 6.962476 -0.4708785 33.39921 6.962023 -0.4723469 33.39803 7.046017 -0.472121 33.3983 7.06954 -0.5078463 33.36878 7.019282 -0.5874431 33.5175 6.990409 -0.320462 33.45918 6.92287 -0.4723466 33.39832 6.855286 -0.5752557 33.37304 6.878425 -0.4722872 33.39796 6.869504 -0.5941299 33.38257 6.586145 -0.584664 33.37628 6.592106 -0.5854355 33.39001 6.587748 -0.7610204 33.49978 6.918071 -0.7600124 33.49667 6.919427 -0.7581897 33.49954 6.919379 -0.7589189 33.49821 7.013154 -0.7128487 33.62826 6.914051 -0.7608285 33.49955 6.977107 -0.667555 33.40436 6.903638 -0.7590821 33.49717 6.830189 -0.7601574 33.49904 6.840647 -0.7622106 33.49222 6.909546 -0.5936847 33.38603 6.601211 -0.5874767 33.37501 6.5967 -0.5810046 33.38697 6.600899 -0.572401 33.26369 6.863374 -0.5706953 33.26102 6.862266 -0.5688366 33.26344 6.863088 -0.5706753 33.26276 6.953684 -0.5706658 33.26274 6.950956 -0.4760107 33.26336 6.939932 -0.5707524 33.26267 6.965721 -0.6081486 33.10452 6.858037 -0.5976472 33.40723 6.793328 -0.6835338 33.33609 6.888377 -0.5686 33.26457 6.76019 -0.5706537 33.26274 6.782551 -0.5706853 33.26273 6.761234 -0.5896306 33.37704 6.576816 -0.5801886 33.38257 6.570231 -0.5896979 33.38911 6.569386 -0.4667281 33.60751 6.875425 -0.4646519 33.605 6.876285 -0.4638004 33.60773 6.874305 -0.465032 33.60673 6.946662 -0.4649875 33.60671 6.954973 -0.3528498 33.71524 6.904756 -0.4650311 33.60673 6.951196 -0.4747577 33.57266 6.967325 -0.4427373 33.75383 6.857006 -0.3899192 33.46107 6.85144 -0.4720739 33.60684 6.813272 -0.4650501 33.60674 6.783279 -0.465032 33.60673 6.779111 -0.5928379 33.37886 6.554917 -0.5807386 33.37851 6.560532 -0.5886482 33.39025 6.558401 -0.7158634 33.34735 6.784954 -0.7151625 33.34455 6.784909 -0.7127359 33.34617 6.786251 -0.7177229 33.34756 6.805725 -0.7137157 33.34239 6.884041 -0.7143273 33.34601 6.868633 -0.5201568 33.32438 6.777647 -0.7236048 33.46541 6.776569 -0.7144371 33.34701 6.693086 -0.7144022 33.3462 6.709135 -0.7148755 33.34167 6.767471 -0.5910178 33.38609 6.672936 -0.5898484 33.37532 6.666901 -0.5813056 33.38641 6.664337 -0.4784864 33.32504 6.770984 -0.4760636 33.32513 6.768829 -0.476354 33.32782 6.770339 -0.4769805 33.32599 6.842336 -0.4762967 33.32611 6.863445 -0.3453647 33.39176 6.76481 -0.4768813 33.32574 6.860145 -0.480036 33.33096 6.763355 -0.4802202 33.33878 6.743604 -0.4510664 33.30542 6.754213 -0.5938708 33.37899 6.495171 -0.5804731 33.37866 6.497186 -0.5879482 33.38997 6.492869 -0.6391692 33.48469 6.789327 -0.6386215 33.48223 6.790115 -0.6357304 33.48414 6.789972 -0.6372773 33.48336 6.905857 -0.6386606 33.48313 6.883952 -0.5424274 33.56856 6.763959 -0.6382742 33.48489 6.897167 -0.5990538 33.37263 6.733795 -0.6393164 33.48465 6.700193 -0.6376829 33.48379 6.684854 -0.6376081 33.48377 6.683116 -0.5906498 33.37642 6.556429 -0.580004 33.37977 6.559216 -0.5913865 33.3887 6.560515 -0.6406205 33.26391 6.842652 -0.6380508 33.26614 6.843821 -0.6408158 33.26698 6.843685 -0.6400526 33.26433 6.947369 -0.6397891 33.26543 6.91886 -0.6397588 33.26554 6.935572 -0.7388446 33.37263 6.848555 -0.5114833 33.31661 6.837692 -0.6981112 33.13736 6.823566 -0.6401442 33.26549 6.743477 -0.6397764 33.26547 6.758102 -0.6398079 33.26557 6.76174 -0.5940734 33.37851 6.6531 -0.5808762 33.37886 6.650189 -0.5865406 33.39025 6.649999 -0.5136012 33.42683 6.94171 -0.5121848 33.42398 6.941759 -0.510301 33.42692 6.940985 -0.5119953 33.42591 7.029819 -0.5104122 33.42619 7.053491 -0.5074014 33.46786 7.027907 -0.4900893 33.30196 6.993857 -0.6364173 33.43346 6.888797 -0.5103086 33.4284 6.815459 -0.5086832 33.4138 6.830668 -0.5120586 33.42597 6.823329 -1.378274 31.79124 5.941981 -1.349958 31.77497 5.941044 -1.356818 31.81059 5.941311 -1.345585 31.79424 6.474885 -1.340406 31.7847 6.474739 -1.335452 31.79504 6.474587 -1.357824 31.79124 6.170021 -1.346356 31.78557 6.167449 -1.349377 31.79799 6.17381 -1.36467 31.59029 6.490661 -1.361936 31.59107 6.491159 -1.364728 31.59314 6.492133 -1.263953 31.67675 6.503479 -1.364045 31.59187 6.586775 -1.350571 31.58324 6.503975 -1.36386 31.59153 6.587425 -1.367596 31.59517 6.437406 -1.363943 31.59052 6.386088 -1.363862 31.59171 6.395289 -1.356781 31.78733 6.292576 -1.343066 31.78838 6.28885 -1.350835 31.79839 6.287864 -1.276682 31.87947 6.543439 -1.273823 31.87791 6.543192 -1.273461 31.88061 6.542311 -1.274885 31.87803 6.648525 -1.276544 31.88469 6.649111 -1.274942 31.87957 6.637407 -1.459187 31.93028 6.557826 -1.115955 31.93752 6.53903 -1.274949 31.70177 6.525669 -1.273383 31.87997 6.440102 -1.275038 31.87857 6.449073 -1.274857 31.87949 6.460019 -1.355252 31.796 6.18242 -1.350055 31.78306 6.185541 -1.345218 31.79499 6.189515 -1.604218 31.77433 6.481574 -1.601537 31.77424 6.48348 -1.603209 31.7772 6.482422 -1.602962 31.77526 6.560286 -1.602962 31.77526 6.558227 -1.541566 31.76388 6.569906 -1.603033 31.77527 6.568322 -1.520889 31.90056 6.437141 -1.659009 31.65275 6.541412 -1.709486 31.86793 6.520935 -1.58585 31.78176 6.403361 -1.6084 31.77523 6.383426 -1.598142 31.77568 6.382189 -1.353185 31.79654 6.268457 -1.351942 31.78445 6.261737 -1.343873 31.79124 6.260415 -1.200015 31.66216 6.481946 -1.197995 31.66066 6.48003 -1.196854 31.66324 6.480639 -1.197086 31.66152 6.591543 -1.198424 31.66215 6.570366 -1.123732 31.79615 6.469305 -1.199429 31.66175 6.593285 -1.326483 31.63552 6.500588 -1.197565 31.66043 6.412043 -1.200184 31.66178 6.367974 -1.19839 31.66213 6.383775 -1.356607 31.79474 6.231704 -1.351503 31.78401 6.235865 -1.34306 31.79507 6.232619 -1.384125 31.94151 6.587992 -1.382189 31.93874 6.589109 -1.380743 31.94143 6.588275 -1.381602 31.9399 6.677932 -1.381517 31.94226 6.665919 -1.382062 31.93928 6.701266 -1.484806 32.03049 6.569164 -1.384196 31.94134 6.561388 -1.381921 31.93971 6.464771 -1.38253 31.94068 6.471094 -1.356505 31.78858 6.237888 -1.343694 31.787 6.241619 -1.350554 31.79816 6.244741 -1.502144 31.58063 6.596832 -1.499784 31.57824 6.596476 -1.499086 31.58103 6.598108 -1.500342 31.57997 6.689543 -1.500339 31.57996 6.693819 -1.50176 31.58304 6.707269 -1.533159 31.70272 6.601467 -1.392157 31.53882 6.617807 -1.593499 31.52905 6.619131 -1.494028 31.59012 6.481319 -1.500346 31.57993 6.506393 -1.500338 31.57997 6.500295 -1.35736 31.79124 6.34666 -1.349056 31.78353 6.344536 -1.346937 31.79774 6.342525 -1.238982 31.81937 6.622091 -1.23648 31.82174 6.621039 -1.239087 31.82263 6.621843 -1.238138 31.82105 6.716831 -1.239089 31.82154 6.700663 -1.241354 31.79595 6.659271 -1.12052 31.84099 6.623924 -1.238079 31.82074 6.525967 -1.238107 31.82109 6.543016 -1.239005 31.82116 6.536011 -1.355338 31.79516 6.274522 -1.350716 31.78383 6.28137 -1.34434 31.79482 6.281799 -1.52997 31.88491 6.507003 -1.528594 31.88228 6.508786 -1.527763 31.88558 6.508218 -1.528771 31.88404 6.612957 -1.415893 31.91324 6.58885 -1.529238 31.88398 6.607829 -1.528765 31.88393 6.60739 -1.584883 31.74987 6.549269 -1.423923 31.80743 6.429992 -1.530648 32.0138 6.431501 -1.675536 31.8862 6.483324 -1.528815 31.88405 6.40956 -1.528834 31.88401 6.404842 -1.357167 31.79388 6.268856 -1.347011 31.78549 6.263211 -1.346029 31.79703 6.268816 -1.297281 31.60454 6.578446 -1.294389 31.60663 6.579072 -1.297041 31.60742 6.579848 -1.296159 31.60596 6.675902 -1.296317 31.60604 6.680231 -1.294401 31.77796 6.580153 -1.299064 31.60426 6.639951 -1.244694 31.46309 6.594636 -1.294736 31.60368 6.464861 -1.298121 31.60318 6.470378 -1.296233 31.60597 6.495723</float_array>
          <technique_common>
            <accessor source="#positions-array" count="1485" stride="3">
              <param name="X" type="float" />
              <param name="Y" type="float" />
              <param name="Z" type="float" />
            </accessor>
          </technique_common>
        </source>
        <source id="normals">
          <float_array id="normals-array" count="5148">-0.8824216 -0.4670681 0.05638723 0.9834402 0.1780634 -0.03374608 -0.6600161 0.7503506 0.03678074 -0.9996572 0.0041485 -0.0258528 0.9777171 0.1520135 0.1447798 -0.6680438 0.6425078 0.3753682 -0.7143063 0.6760134 -0.1810313 0.5700997 0.8215606 0.004946597 0.5591398 -0.8211858 0.1140905 -0.7198806 0.6829338 0.1239892 0.8806053 0.4687095 -0.06961199 -0.4149888 -0.8039766 0.4259178 -0.8548478 0.5109108 0.09058339 0.4985255 0.4922951 -0.713525 -0.01532278 -0.8987754 -0.4381416 -0.5511058 0.3372305 0.7632548 0.3879075 0.8973748 0.210348 0.551348 0.327044 0.7675009 -0.3313112 0.9435187 -0.002314125 -0.6880761 -0.4108964 -0.5980931 -0.01873769 -0.9991864 -0.03571266 0.04704411 0.9946719 0.09173123 -0.1935433 -0.9810917 0.0003969188 0.1933177 0.9811359 0.0008297291 -0.08052435 -0.5202755 -0.8501936 0.1689603 0.07283371 -0.9829281 0.4149635 0.005866624 -0.9098192 -0.2112791 -0.6643371 -0.7169501 -0.8697583 0.4097624 0.2749824 0.8555425 0.2343058 0.4616793 0.4050656 -0.5914833 0.6971867 -0.8457066 0.3629345 0.3912273 -0.6168037 -0.7868242 -0.02146891 0.4151103 -0.6332762 -0.6531805 0.8422139 -0.5346948 -0.06911719 -0.8728181 0.4880454 -0.0005765299 0.5913694 -0.6777093 0.4370266 -0.1518203 0.9876073 0.03977969 -0.8885546 0.449578 0.09138027 -0.9171534 -0.3874646 0.09327809 0.7930492 -0.5314291 0.2977517 0.06462999 0.9249386 -0.3745817 -0.6144491 -0.7852888 -0.07598603 -0.3053402 0.9520583 0.01876895 -0.9854266 0.168415 0.02389135 -0.6639214 -0.7477232 0.01088242 0.6719557 0.7405611 0.006692341 0.1745071 0.9845724 -0.01282621 0.02668944 -0.8689845 -0.494119 0.7840963 0.3220453 0.5305467 -0.8339565 0.5511653 -0.02708135 -0.3479009 0.9186823 -0.18705 -0.6448876 -0.5901436 -0.4856444 0.7442279 -0.3276692 -0.582029 -0.7401795 -0.5904002 0.3218104 0.8320546 -0.2490791 0.4956256 0.4644295 -0.8855947 -0.005219807 -0.1210928 0.893435 0.4325627 0.6344685 -0.7566241 -0.1580182 0.2758933 0.9429476 -0.1863669 -0.4829497 0.8682956 0.1132357 0.9949211 -0.1006549 0.0007143454 -0.1783348 0.9833781 0.0341215 0.9590879 0.2726843 0.07611678 -0.7404664 -0.5915696 -0.3189905 0.7582799 -0.08822453 0.6459319 0.1949204 0.9526724 -0.2332837 0.2367496 -0.9714837 -0.01300307 -0.5462727 0.5218919 -0.655145 0.1908578 -0.9483457 -0.2534044 0.6486359 0.05571708 -0.7590567 -0.2560291 0.4773916 -0.8405631 -0.5633632 0.7028741 -0.4342694 -0.8418891 -0.4256835 0.3316872 0.3459063 0.5792808 0.7380939 0.02218225 0.9997239 -0.007755462 0.5749536 -0.6688158 -0.4712894 0.9860419 -0.01450142 -0.1658646 0.3806002 0.8136499 0.4394512 -0.9392297 -0.1514728 -0.3080642 0.9232277 0.3730299 -0.09219121 0.9993256 -0.03627506 0.005705329 0.9375229 0.3479117 0.002891017 -0.9671291 -0.1313715 0.2177218 -0.9592579 -0.2637448 0.101306 -0.5073697 -0.8613753 0.0246688 0.8968195 -0.4423197 -0.00825297 -0.06677199 0.9972507 0.03213263 -0.4821354 -0.7365412 -0.474397 0.3106715 -0.8227299 -0.4760239 0.6364971 0.6325281 0.4413384 0.2666322 -0.8224465 -0.5024828 0.6218681 -0.7824652 -0.03206604 0.6133789 0.7897005 -0.01180701 0.1408823 -0.9463646 0.2907684 0.9597574 -0.2030726 -0.1939777 0.7491266 0.5288222 -0.3989441 -0.3717679 0.911372 -0.1766062 -0.5511837 -0.05754945 -0.8323969 0.3892639 0.8614558 -0.3261403 -0.2201733 -0.9663556 -0.1329683 -0.6098715 0.4584896 -0.6464085 0.03328071 -0.8927944 0.4492333 0.2985512 -0.9515169 0.07404585 0.6783913 -0.4726586 0.5624759 0.6169135 0.5423282 0.5703489 -0.7088028 0.4253083 -0.5627712 -0.9040292 0.4273916 -0.008224909 -0.6887795 0.6779931 0.2567259 0.1206541 -0.465699 0.8766796 -0.5487812 0.7396925 0.3894794 -0.8575602 -0.3075092 0.4123453 0.759641 -0.1999797 -0.6188325 0.5680253 0.8162753 0.1050804 -0.04213225 0.8290228 0.5576254 -0.8772131 0.4791439 -0.03030287 0.4904472 -0.7284627 -0.4783342 -0.04453264 0.978768 -0.2000751 -0.1820903 0.9832666 -0.005463871 -0.881192 0.4697185 0.0535269 -0.8436594 -0.5136582 0.1561861 0.8774742 -0.4056778 0.2558605 0.01369844 0.9248161 -0.3801677 0.6717222 0.7408026 0.000906564 0.6353948 0.7699875 -0.05824729 -0.6343345 -0.5283758 -0.5643038 0.9128081 -0.3563707 0.1994524 -0.2743719 0.8689664 0.4118464 0.4707467 -0.8822662 -0.001969254 -0.03502942 0.851361 -0.5234094 0.2368969 0.951839 -0.1946341 -0.06249036 0.931246 0.3589928 -0.03212114 0.930633 0.3645413 -0.6038235 -0.7255064 0.3302084 0.9166812 -0.1967781 -0.3478132 -0.9189153 0.0108833 0.3943047 0.1261519 -0.9912681 -0.03838426 -0.4051021 0.8472283 -0.3436517 0.1520631 -0.988368 0.002342244 -0.2903059 0.9422525 0.166981 0.1417944 -0.989685 0.02044339 -0.7692707 -0.523797 -0.3658679 0.6296322 -0.4009648 0.6654251 -0.05024026 0.9158902 -0.3982725 -0.2429599 0.9698697 -0.0179793 0.3336847 -0.6636397 -0.669505 -0.304342 -0.1598486 0.9390551 0.461232 -0.1776357 0.8693161 0.3549546 0.650958 0.6710148 -0.7056012 -0.6551111 -0.2701043 -0.2190253 0.8178421 0.5321298 -0.9827967 0.002809366 0.1846695 -0.9993453 0.00146394 -0.03615009 0.9959889 -0.06076909 -0.06567519 0.8176896 -0.3255104 0.4747912 0.9400926 0.340372 0.01930661 0.6784124 0.7334119 0.04316859 -0.8691929 -0.4937984 -0.02582417 0.8714992 -0.4895885 0.0281477 0.7162988 0.6647484 -0.2121924 -0.8181155 -0.4697949 0.331632 0.1017551 -0.9727879 -0.2081575 0.7159632 -0.5309339 -0.4533275 0.1475049 -0.9214914 -0.3592992 -0.6767577 0.7356987 0.02732083 -0.1140798 0.9406343 0.3196761 0.9755698 0.2187236 0.02058197 0.09882959 0.8302252 -0.5485972 -0.8688913 -0.4819988 0.1127166 0.8111913 -0.3382888 0.4770003 0.2902893 0.9559668 -0.04312404 0.1555317 -0.596012 -0.7877688 -0.9367866 0.3494462 -0.01783784 -0.9870929 0.1589045 0.0199238 0.9164267 -0.332967 -0.2220249 -0.06426568 0.9363943 0.3450154 -0.82981 -0.493247 -0.2610035 0.3636319 -0.8888669 -0.2787246 0.7109758 0.7029404 -0.01970234 -0.9553309 -0.2259442 -0.1905047 0.236868 0.8275285 -0.509009 -0.8386633 -0.411517 -0.356788 0.7306318 -0.5109384 -0.4529008 0.9999732 0.005811607 0.004451441 -0.7791406 -0.5356781 0.3255593 0.8705666 -0.459261 -0.1766158 0.2655618 0.9640595 0.008134117 -0.1366966 0.9430827 -0.3031651 -0.7322703 -0.4090137 -0.5445071 0.2284847 0.9727825 0.03858607 0.9776759 -0.2096664 0.01377903 0.3843371 -0.9231922 0.001065362 0.84168 0.5041192 0.1934906 -0.252644 0.9593584 -0.1257079 -0.04298673 -0.9970764 0.06317222 -0.1028579 0.8783036 -0.466908 0.6189325 -0.6893491 -0.3764577 0.8884621 0.4589455 -0.002037688 0.9943267 0.1063148 -0.003410898 -0.959118 -0.2788127 0.04854001 -0.9513326 -0.2531312 0.1757581 0.9950594 0.09811424 0.01517913 0.8698248 0.491289 0.04516604 0.333013 0.8894272 0.3130841 -0.7645863 -0.6437679 -0.03115434 0.8894391 -0.2220479 -0.3994906 -0.5051948 0.8621699 0.0379638 0.5800992 0.8142357 0.02247419 -0.5713973 -0.8206644 0.003869472 0.09212041 0.8836254 0.4590424 -0.6309363 -0.769931 0.09552767 0.6661399 0.6472438 -0.3705849 -0.986455 0.1632603 0.01589243 0.3414824 -0.8536915 0.3931928 -0.8204974 -0.2903674 -0.4924133 -0.2211314 0.8861758 -0.4071774 0.7696373 -0.5975043 -0.225049 -0.0015676 0.8912912 0.4534286 0.8175516 -0.5263562 0.2335777 -0.2589425 0.9161798 0.3058812 -0.8621009 0.5002849 -0.08060445 -0.9179973 -0.3102838 -0.2469915 0.0514872 -0.9864557 -0.1557375 -0.4362368 0.8243967 0.3606488 0.07167328 -0.9974139 -0.005327296 0.761698 -0.6478798 0.008234193 -0.03285241 0.9989588 0.03165429 -0.9335304 0.2399255 0.2663769 -0.5150037 -0.5252735 -0.6773913 -0.9432102 -0.3321009 -0.007967048 -0.5844099 0.8112088 -0.02013087 0.8859327 -0.10128 -0.4526207 -0.5025812 -0.8097089 0.3029581 0.7233221 -0.5656462 0.3960424 -0.606726 0.7949049 -0.003122719 -0.3276742 0.8090374 0.4879427 -0.7006771 -0.310831 0.6422116 0.7202984 -0.518042 0.4613054 0.1935242 0.9809139 0.01887572 -0.9927073 0.1203844 -0.00631418 0.3933272 -0.9190697 0.02458894 0.292745 0.9552563 0.04225811 -0.8443138 0.202295 0.4961964 0.1355279 0.9716154 -0.193896 -0.9845617 0.1748469 -0.008176099 0.1576759 -0.9545419 -0.2529586 -0.9647845 -0.2628769 0.009308654 -0.05725409 0.8144952 -0.5773384 -0.9478694 -0.3168126 -0.03425385 0.7518668 -0.4110219 0.5155165 -0.8636673 0.5040417 0.004544961 -0.8644296 0.5027527 0.001047199 -0.8635774 0.5042114 -0.002213752 0.3239199 -0.6698628 0.6681016 -0.956323 -0.2840642 0.06894795 0.5519463 0.755085 0.3538389 -0.9951671 0.08153464 -0.05472321 0.7936098 -0.5934662 -0.134095 -0.7285786 -0.684459 -0.02625141 0.08905713 0.867471 0.4894517 -0.77096 -0.6312944 0.08419091 -0.8625959 -0.2095874 0.4604361 0.7157239 -0.3489483 0.6049581 -0.9984702 -0.02641885 0.04857281 0.06209308 0.9838617 -0.1678112 -0.1941797 0.9762538 -0.09603497 -0.7145012 -0.621229 0.3218114 0.7916566 -0.5960168 -0.1343273 -0.2697165 -0.9628627 -0.01218344 0.3913542 -0.9201379 -0.01371869 0.6104926 -0.6267834 -0.4841914 -0.04081506 0.929946 0.3654238 -0.6551323 -0.243983 0.7150342 0.6655658 -0.3728164 0.6465524 -0.7020386 0.6733937 -0.2316953 -0.6049597 -0.7909584 -0.09169782 0.9524875 -0.128297 0.2762381 0.8234125 0.5626199 -0.07382922 -0.9632614 -0.2284118 0.1412638 -0.1965257 0.8606385 0.4697648 -0.9514742 -0.142222 0.2728914 0.4883539 -0.7261722 -0.483926 0.4834664 -0.8753625 -0.0008503208 0.1351133 0.8049308 -0.577781 0.5432625 -0.8351779 -0.08569548 -0.5706448 -0.8211803 -0.005235546 0.5489195 -0.8316474 0.08396395 0.5386479 0.7406343 -0.4016458 -0.9922459 0.1185893 0.03721121 0.4868882 -0.7977733 0.355665 0.7240591 -0.6765909 -0.1340269 -0.4524671 -0.8917019 -0.01188348 -0.941179 0.3378281 -0.007364433 -0.473451 -0.8789805 0.0568987 -0.6662172 -0.2812365 0.6906957 -0.9400983 0.34083 0.007082888 0.3309172 0.9137145 0.2358382 0.6115662 -0.7911618 -0.007053165 0.9147669 0.3084531 0.2608796 -0.5550226 -0.7290714 -0.4005057 0.07733553 -0.9969939 0.004739434 0.7474976 -0.6642635 0.001172372 -0.5165912 0.8141982 -0.2649808 0.7464988 -0.6653344 0.008342289 -0.05184817 -0.9888669 0.1394775 -0.09242542 0.9954125 0.02472962 0.5865413 0.7957963 -0.1505907 -0.880572 -0.3969952 0.2588199 0.3592201 -0.9277162 -0.1015063 0.8986165 -0.3713596 -0.2336246 -0.1955751 -0.9806724 -0.005658035 -0.09387174 0.9202602 -0.3798805 -0.8294402 -0.556372 0.04979215 0.9597533 0.2792596 -0.0297924 -0.7344765 0.6778568 0.03247229 -0.8248326 -0.4786841 -0.3008534 0.9156834 -0.3974519 -0.05963068 -0.07354314 0.910504 0.4069078 0.4917147 -0.8707555 -0.00123051 0.5805817 0.3368074 -0.741273 0.09313062 -0.8911984 0.4439505 0.6490507 0.577472 0.4952365 -0.6721231 0.6667954 0.3219231 -0.9538374 0.3002915 0.004383567 -0.6507168 -0.6886335 0.3199241 -0.434353 -0.8494206 0.2997033 0.9663551 0.0002779694 -0.2572115 -0.2901809 0.9513081 -0.1039609 -0.8320647 -0.4482629 -0.3266936 0.2921681 0.9563666 0.0008589399 -0.1558329 0.9873745 -0.02842081 0.9898625 0.1413497 0.01387528 -0.09663108 0.995311 0.004295399 0.09322228 -0.9948644 0.03942555 -0.08716649 0.9961935 -0.0007125217 -0.04732481 -0.4631123 0.8850352 0.9722122 0.02939002 0.2322492 0.1234916 -0.9711258 0.204119 0.6817073 0.4971783 0.5367392 0.4332577 0.8560462 0.2819091 -0.6467284 0.511452 -0.5658261 0.09930882 -0.9950247 -0.007979236 0.07924605 -0.5652551 -0.8211009 0.6043976 0.7966772 -0.00297648 0.5436566 0.07385222 -0.8360522 -0.1023179 0.9947508 0.001364233 -0.3053941 -0.4566318 -0.8355967 -0.3475262 0.5981931 -0.7220738 -0.4789999 0.8161143 -0.3232902 0.2421406 -0.548909 0.8000418 -0.9837818 -0.1789729 -0.01192182 -0.9835665 -0.1803313 0.008809077 0.8234327 -0.4178333 -0.3838932 0.5028428 0.8392928 0.2067286 0.00417295 0.9870005 -0.1606631 -0.1211384 -0.9920753 -0.03334777 0.3135007 -0.9476525 -0.0605977 -0.3289737 -0.8417686 0.4280209 0.236716 -0.9715748 0.002812241 -0.2136754 -0.8796701 0.4248803 0.9019127 -0.3815119 0.2024899 -0.7294287 0.6168963 -0.2955888 -0.6652693 0.7464084 -0.0170645 0.1600338 0.4965793 -0.8531109 -0.891897 -0.4410643 -0.09991043 0.3906186 -0.8851189 -0.2529458 0.4975975 -0.8026029 0.3289761 0.2681715 0.7053921 0.6561296 0.8720404 0.4892978 0.01154282 0.5450679 -0.8357813 -0.06611064 0.7497147 0.5340181 0.3908358 -0.9444621 0.255852 -0.2062305 -0.112272 -0.9936724 -0.003192505 -0.377518 -0.7939522 -0.476571 0.7270286 0.686365 -0.01823201 -0.3620749 0.677717 -0.6400011 0.1094337 0.9939935 0.001117884 -0.1103015 -0.9938982 0 -0.715824 -0.6982685 0.00412833 -0.1412223 -0.9820196 0.1252748 0.6829343 -0.6544005 -0.3245933 -0.01642125 -0.9620196 0.2724861 0.512954 0.8570931 -0.04764056 0.3016743 0.9522765 -0.04649871 0.7763312 0.6302664 0.00860814 -0.6825125 -0.3339835 0.6501013 -0.8739625 -0.4450988 -0.1951325 0.7351741 -0.5171843 0.4382231 0.1383691 0.9635241 -0.2290749 -0.04028047 -0.9224672 -0.3839685 0.601799 0.6586622 -0.4516658 -0.9306733 -0.3656429 0.01234562 -0.3351948 -0.941928 0.0203991 0.6212013 0.5322266 0.5751902 0.2937351 -0.6355059 0.7140392 0.743845 0.5069129 0.4355844 -0.2639953 -0.7612583 -0.5922772 0.8638734 -0.3703175 -0.3414494 0.9607422 0.2431896 0.1335409 0.009372516 0.7668238 0.6417893 0.06570623 0.9578325 -0.2797135 -0.5025814 -0.8641622 0.02521177 0.5779926 -0.8158651 0.01699338 -0.4152064 -0.9094665 0.02177734 0.93791 -0.3468022 -0.007285195 -0.1699883 0.9850377 0.02836765 -0.7271096 -0.5941356 -0.3439686 0.9341273 -0.3549913 -0.03724721 -0.2282601 0.8969663 0.3786142 0.1026308 -0.8169713 -0.5674723 -0.9555223 0.2949188 0.0002016121 0.9557071 -0.2943164 -0.001302367 -0.6490691 0.5646615 -0.5097712 -0.2829004 -0.9588616 0.02348827 0.9533927 -0.3016804 -0.005591074 0.9621784 -0.1604678 -0.2201429 -0.385306 0.9198548 -0.07352828 0.988939 0.038456 -0.1432507 0.02231271 -0.9928096 0.1176063 -0.7533797 0.1872064 -0.6303751 0.7210821 0.1615192 0.6737597 -0.4723199 -0.2495422 0.8453654 -0.9560421 0.293227 0.001209701 0.6761177 0.1008863 0.729854 -0.6101009 -0.2085041 0.7643971 -0.7934467 -0.6082679 0.0212734 0.3014052 -0.8494886 -0.4330404 -0.04806899 0.9069284 0.4185334 -0.9373487 0.09911026 0.3339979 0.06444911 0.9975849 0.02589929 0.3435349 0.6537265 0.6742592 -0.2253594 0.974236 0.008792991 -0.7649195 -0.5769175 0.2864688 0.9948733 0.0955276 -0.03318968 -0.1777148 0.8942258 -0.4108257 -0.2935677 0.9558148 -0.01536407 -0.7569124 -0.1099296 -0.6442042 -0.7168946 0.2486669 0.651327 0.6483217 -0.7611992 0.015962 -0.6550046 0.7555086 0.01326125 0.2376837 -0.9537912 -0.1838171 0.5452885 0.7453314 0.3835904 -0.9248787 0.3347074 -0.1804727 -0.7175327 -0.6965246 -0.0005661838 0.7763974 0.1293157 -0.6168343 0.7387953 -0.003455414 0.673921 -0.4384244 0.5592616 0.7035699 -0.3793154 -0.8036716 0.4585104 -0.7945892 -0.4291601 0.429476 0.883779 0.173834 -0.4344149 0.29498 0.9400416 -0.1711978 -0.7181658 0.5738681 0.3935903 -0.3458632 -0.9381069 -0.01828013 -0.3370419 -0.9414602 0.007445594 0.2674053 0.9607148 0.07430655 -0.5640183 -0.8245772 0.04422456 0.9312187 0.1864851 0.3131374 -0.2778378 0.8908455 -0.3594447 0.3911532 0.9197948 -0.0312519 -0.9364932 -0.3505878 -0.008290414 0.3728273 0.9278981 0.002221354 -0.8150642 -0.4886947 -0.3112037 -0.5646103 0.6158658 0.5494766 0.6002927 -0.7992651 -0.02870533 -0.4311241 -0.9022339 -0.01029173 -0.4641589 -0.884193 -0.05252874 -0.2566695 0.9491015 0.1825572 -0.3936333 0.9135433 0.1024277 0.7443621 0.6654861 0.05525695 -0.9118475 -0.4091951 -0.03306829 0.8210201 -0.5697604 0.03604216 0.779566 0.6156812 0.1149497 -0.6816554 0.7098092 0.1775296 0.1489607 -0.9694604 -0.1948262 -0.1403054 0.9847415 -0.1029495 0.5250313 -0.5016846 -0.6874989 -0.775526 -0.179732 0.6051908 0.1725204 0.7480354 0.640843 -0.7609931 -0.6477209 0.03670343 -0.3540689 0.8761365 -0.3271393 -0.8258864 -0.1879296 0.5315958 0.9972269 0.06840533 -0.02931315 -0.9958392 -0.07897136 0.04547407 -0.907996 -0.312568 -0.2790063 0.7805049 0.3750919 0.5001182 -0.7244147 0.5860749 -0.3629596 -0.8481009 -0.1967477 -0.4919503 -0.08473791 -0.6113203 -0.7868335 -0.5798228 -0.1496739 0.8008765 -0.9184393 0.3954421 0.009733714 0.8809097 -0.4651509 0.08736612 0.7187426 0.5195528 -0.4620325 -0.674062 -0.1613442 0.7208387 -0.241065 -0.8975979 -0.3690605 0.074361 0.6893375 -0.7206138 -0.7309039 -0.2008762 -0.6522486 0.7089624 -0.635465 -0.3058703 -0.629375 -0.1930117 0.7527507 -0.6563804 -0.7544038 -0.006294845 0.7548477 -0.6002162 0.264472 0.0494715 0.870018 -0.4905316 0.8285431 -0.4342508 0.3534722 -0.962619 0.2685893 -0.03499228 -0.4936877 0.6025577 -0.627054 -0.6172866 -0.3671582 -0.6958104 -0.9786003 -0.2055083 -0.01038261 -0.97258 -0.2262545 -0.05382424 0.963603 0.03916418 -0.2644532 -0.6563878 -0.5218258 0.5448422 0.9383516 -0.06239737 0.3400041 -0.5973499 0.3587956 0.7172439 0.05815971 0.9982545 0.01026638 0.7828544 0.3589665 0.5082145 0.04379362 -0.8647034 -0.50037 0.7620695 -0.6263705 -0.1640432 0.08139131 -0.9959818 -0.03735894 0.9889495 0.1475348 0.01457358 -0.885333 -0.4599041 -0.06836392 0.8565205 0.5155526 0.02404387 -0.2194262 0.9747318 -0.041833 -0.6717076 -0.5932129 0.4437424 0.8610585 -0.3722559 -0.3464156 -0.09747056 0.9952183 -0.006333719 -0.1426698 -0.9526685 -0.2684549 0.4272649 0.9041143 -0.004704861 -0.1633775 -0.9240228 0.3456727 0.4102859 0.9118799 -0.01185603 0.7468875 0.5931199 0.3006123 -0.7652639 0.3179538 -0.5597111 -0.003727964 -0.9586456 0.284578 0.4324722 -0.9012597 -0.02643348 -0.4394874 0.8981095 0.01581747 -0.1903861 -0.9767181 -0.09886805 0.6206405 0.4686783 -0.6286064 -0.7296909 0.3537501 -0.5851598 0.07209924 -0.9029299 -0.4236973 -0.5838358 0.3256957 0.7436788 0.131458 -0.8220979 0.5539619 0.4314356 -0.9011057 0.04326516 0.2653527 0.96413 0.006427784 -0.2572674 -0.9662778 0.01098493 0.6583185 0.7212003 0.2156084 -0.9647311 -0.1543674 0.2132244 -0.1150453 -0.9039799 -0.4118068 0.09343342 0.5643678 -0.820219 -0.2950851 -0.5839176 -0.7562837 -0.5328782 0.755392 0.3813446 0.9324644 -0.1018421 0.3466097 0.8415881 0.1479191 0.5194704 -0.4875857 -0.4848239 0.7260895 0.2854978 0.9580745 0.02417308 -0.9768367 0.2138331 -0.008087039 0.3044812 -0.9519978 0.03148718 -0.9627623 0.2516485 0.09880218 -0.4814174 -0.8621559 -0.1578748 0.9987413 0.04440306 -0.02332684 0.2896587 0.7170337 -0.6340035 0.2054491 -0.978623 0.009368353 -0.74424 -0.2064284 -0.6352119 0.9663788 -0.25706 -0.005679822 0.956943 -0.2842529 0.05882577 0.4042018 -0.5206476 0.7520286 0.210944 -0.977498 0.0004850266 0.2672673 0.7828116 -0.5619378 -0.4699791 -0.6414178 0.606385 0.6287221 -0.7616828 0.1566775 0.9238947 -0.1914478 -0.33131 0.4171217 -0.9083936 0.02882077 0.95005 0.1855497 -0.2509507 -0.7118997 -0.6809055 -0.1719492 0.9425388 0.25477 0.2161314 0.5014537 0.841177 0.2023994 0.3845733 0.8616766 0.3310842 -0.2436599 -0.9443478 -0.2209911 0.4503047 -0.8663597 0.215978 -0.2178189 0.9666255 -0.1348708 0.1799748 -0.9836711 0.0005800985 -0.9462533 0.2238519 -0.2334416 -0.1875145 0.9821859 -0.01221389 0.9093028 -0.4159466 -0.01252377 0.8861964 0.4632942 -0.003799021 0.6120107 0.7769094 -0.1478334 -0.4871353 0.2590818 0.8340119 0.03291524 -0.7775653 -0.6279402 0.3553631 -0.7145561 -0.6025998 -0.5663091 0.8241756 -0.005346183 0.6602412 0.7510414 0.004291006 0.6773468 -0.6386575 0.3651272 0.03321053 0.6445532 0.7638378 -0.8896545 0.4566331 0.001058498 0.2091106 0.8609684 -0.4636877 -0.9496066 -0.3018067 0.08461715 -0.8337008 -0.5041127 0.2254181 0.8820433 -0.3555133 0.3092086 -0.9617952 0.2633987 0.07463983 -0.1093227 -0.9927806 0.04934889 0.3184083 0.7381849 0.5947262 -0.7767695 0.5977787 0.1982165 -0.9487311 -0.05079129 -0.3119767 0.7698005 0.6201958 -0.1508784 0.5225403 -0.8526145 -0.0003162908 0.8307792 0.3861168 -0.4008987 -0.5139052 -0.05195723 0.8562721 -0.2642428 0.9643206 -0.0161701 -0.5742769 -0.708858 0.409544 0.8922128 -0.2261954 -0.3908861 -0.1101834 0.9936683 -0.02197786 0.7002461 -0.1248865 -0.7028931 -0.3732423 -0.7653775 -0.5242971 -0.1036675 0.9944432 0.01832533 0.4334769 0.9005915 0.03213646 0.6696341 0.7083891 0.2231034 -0.7837825 0.2707227 -0.5589224 0.1303105 -0.923186 0.3615892 0.5949588 0.3836232 0.7062983 -0.8237385 0.3768322 0.4236181 0.3912724 -0.7859663 -0.4787096 0.9478463 0.3032719 -0.09804851 0.8792702 -0.4763112 0.003405609 -0.4389811 0.6846297 -0.5818743 0.8949105 -0.0609038 -0.44207 -0.2111383 -0.7439002 -0.6340608 0.1658164 -0.9858846 0.02316255 -0.8931337 -0.4489535 0.02743937 0.4574406 0.8880899 0.04521644 -0.7053878 -0.7083052 -0.02705081 0.9706727 -0.2385899 0.02948452 0.5090085 0.8555891 0.09422146 -0.8950688 0.4213633 0.1459615 0.4888266 -0.8575166 -0.1603553 -0.4839759 0.8710067 -0.08434846 0.729179 -0.3057322 -0.6122302 -0.7040602 -0.4748611 0.528021 -0.1144072 0.8179037 0.5638656 -0.4791997 -0.8771922 0.03002571 -0.6556464 0.7042083 -0.2724306 -0.7395401 -0.4945036 0.4566691 0.9069742 0.420503 -0.02397806 -0.9020802 -0.4299618 0.03720509 -0.7458867 -0.6246624 -0.2311924 0.6210635 0.6571633 0.4271025 -0.9060573 0.2948169 -0.3035511 -0.7524631 -0.5077472 -0.4195141 0.1563876 -0.6742661 -0.7217397 -0.5498351 -0.3910957 0.7380552 -0.999131 0.04091214 0.00796114 0.9902431 -0.119582 0.0715455 0.5035836 0.7698993 -0.3919932 -0.6284146 -0.4304619 0.6479179 0.09804456 -0.94603 -0.3088922 -0.1945391 0.7366636 -0.6476738 -0.6589271 -0.4843352 -0.5755297 0.9034078 -0.3453566 -0.254132 -0.5755439 -0.4496514 0.6830541 -0.3432535 -0.9392287 -0.005148464 0.9303911 -0.2940659 0.2188554 -0.2761008 0.8653772 -0.4181994 0.9488702 -0.1116304 0.2952694 -0.9952198 -0.09337101 -0.0286253 -0.7253544 0.4140982 -0.5498942 -0.4858387 -0.615042 -0.6210347 -0.8404436 -0.5418324 -0.008491885 -0.8277855 -0.5593133 -0.04404292 0.8963368 0.385603 -0.2188394 -0.4490536 -0.7603517 0.4692719 0.9163372 0.2826991 0.283562 -0.7532898 0.1333819 0.6440215 -0.3026177 0.953075 0.008396819 0.6303043 0.6432644 0.4346577 0.3655526 -0.8268944 -0.427337 0.9398474 -0.3138856 -0.1347694 0.4322254 -0.9012475 -0.03056221 0.8708528 0.4913994 0.01191986 -0.6628803 -0.7466314 -0.05595682 0.6156212 0.7877967 0.01966689 -0.5535978 0.8320806 -0.03422431 -0.4294325 -0.8213923 0.3753697 0.9564295 -0.0405891 -0.2891283 -0.4468718 0.894583 -0.005180259 0.2099089 -0.95213 -0.2222312 0.07575277 0.9971192 -0.003848028 0.1814335 -0.9401381 0.2884827 0.05712069 0.9983202 -0.009697043 0.4928713 0.833525 0.2496275 -0.8749766 0.02462575 -0.4835386 0.3439256 -0.9088728 0.2359352 0.7262136 -0.687129 -0.02162193 -0.731585 0.6816274 0.01293733 0.1717047 -0.9818134 -0.08099341 0.4419571 0.7075066 -0.5514602 -0.8580345 0.07376999 -0.5082664 0.4023156 -0.8428929 -0.3573146 -0.7321041 0.1055668 0.6729631 0.4396412 -0.7604111 0.4780069 0.7253313 -0.6874893 0.0353967 -0.09691555 0.9952787 0.005257195 0.1052358 -0.9944067 0.008984542 0.3597119 0.915983 0.1777148 -0.8521997 -0.4928268 0.1757195 0.2221043 -0.9113076 -0.3466815 -0.1299115 0.6357175 -0.7609114 -0.07419014 -0.7228539 -0.6870066 -0.78692 0.5277863 0.3196849 0.9258353 0.2431796 0.2892969 0.7681821 0.4600843 0.4452176 -0.3103897 -0.6902352 0.6536311 -0.07594371 0.996916 0.0197726 -0.9887285 -0.1495737 -0.006614303 0.6248437 -0.7803248 0.02575698 -0.9906968 -0.1094011 0.08093927 -0.1419141 -0.9813506 -0.1296588 0.9169242 0.398605 -0.01908029 0.01517999 0.8304286 -0.5569182 0.5417835 -0.8404832 0.007662304 -0.6674073 -0.4929946 -0.5581431 0.9944123 0.1054641 -0.00464544 0.9958884 0.07673838 0.04814003 0.6252008 -0.3790278 0.6822477 0.546505 -0.8374557 0.0003966938 -0.03201603 0.8735466 -0.4856864 -0.2236236 -0.8184939 0.5292072 0.8630143 -0.4885192 0.1286674 0.9486687 0.1543791 -0.276034 0.7144429 -0.6992965 0.02357519 0.8295959 0.5184082 -0.2074214 -0.4234574 -0.8948243 -0.1413273 0.7953113 0.5794321 0.1781526 0.1686881 0.9714755 0.1666726 0.05200925 0.9597958 0.2758388 0.1110016 -0.9769715 -0.1822234 0.7360102 -0.6531435 0.1780241 -0.5506987 0.8273387 -0.1106418 0.5197903 -0.8542938 0.0004744512 -0.9725515 -0.1304627 -0.1926733 -0.5263135 0.8502319 -0.009989751 0.9979401 -0.06332894 -0.01024321 0.6619631 0.74953 -0.003107152 0.2948363 0.9478111 -0.1213499 -0.6241268 0.07725549 0.7774943 0.3311279 -0.7661508 -0.5507879 0.6262085 -0.57599 -0.5254508 -0.8235614 0.5672103 -0.004372559 0.34806 0.9374657 0.003509541 0.8805753 -0.3623384 0.3054473 -0.2220404 0.6833561 0.6955016 -0.9941125 0.1083495 0.0008657247 -0.1167868 0.9118743 -0.3935049 -0.7798448 -0.6221263 0.06928889 -0.6034388 -0.7754286 0.1859357 0.9662647 -0.01690539 0.2569958 -0.9933093 -0.0979954 0.06110283 0.2529764 -0.9666295 0.04037777 0.03556761 0.8548422 0.5176677 -0.945325 0.282369 0.1631822 -0.882183 -0.3930381 -0.2593728 0.4990439 0.8576782 -0.1238681 0.7928505 -0.6094161 -0.0002586881 0.6554799 0.6758653 -0.336975 -0.5301682 -0.266914 0.8047848 -0.5915944 0.8061272 -0.01322578 -0.2910568 -0.8924643 0.3446642 0.9381441 0.1106033 -0.3281044 -0.4582237 0.8886551 -0.0179767 0.7638689 0.1462369 -0.628585 -0.07856711 -0.8896838 -0.4497665 -0.4524041 0.8916871 0.01498877 0.08282759 0.9962171 0.02628827 0.3751855 0.9085053 0.1839943 -0.8752636 -0.02895459 -0.4827786 0.46189 -0.8338107 0.302353 0.4579888 0.6249243 0.6322309 -0.9321347 0.05917699 0.3572437 0.6724421 -0.6180153 -0.407282 0.7779912 0.6231199 -0.08031988 0.9914523 -0.1304398 0.002785386 -0.6948534 0.5119591 -0.5050512 0.8866914 0.2720467 -0.3738569 0.07389524 -0.8272345 -0.5569763 0.5074044 -0.8614998 0.01894588 -0.6736517 -0.7387081 0.02244492 0.9449145 -0.3223932 0.05656224 -0.8037228 0.5940402 -0.03385103 -0.09397835 -0.9948904 0.03689511 -0.7109584 0.5040881 0.4903401 -0.9027448 -0.2767105 0.3293677 -0.1028796 -0.9716325 -0.2129461 -0.8783496 0.4774296 0.02372483 0.3638776 -0.7150377 -0.5969206 -0.8826619 0.4696708 -0.01781335 0.2008542 -0.7330373 0.6498569 0.328716 0.9442622 0.01774236 -0.325089 -0.9456242 -0.01058444 0.5416223 0.7630365 0.352733 0.6593113 -0.7154877 0.2310543 0.9143179 0.4030549 -0.03961667 -0.1292368 -0.9636513 0.2338248 0.9997992 -0.01942623 -0.004913371 0.4027095 -0.3885441 -0.8287693 0.04801835 -0.998819 -0.007408985 0.6574136 0.7523621 -0.04193689 -0.7553714 -0.3182491 -0.5728277 -0.6774334 -0.7355769 0.00325452 0.9998136 -0.01887472 0.004057911 0.2008415 0.3737529 0.9055227 -0.8761949 0.1405495 -0.4610079 0.05217409 -0.5027373 -0.8628633 0.5220411 0.2956101 -0.8000548 0.9845446 -0.1558398 -0.07991165 -0.4072093 -0.9100268 -0.07766504 -0.3672214 -0.9274114 0.07110866 0.672212 0.6160367 -0.4106456 -0.8486275 0.3526915 0.3942588 -0.2056302 -0.9442977 0.2569397 0.8580572 -0.08693238 -0.5061429 -0.05653402 -0.9983998 -0.001339415 0.7643853 -0.2382985 0.5991068 -0.1286948 0.9380402 -0.3217426 -0.6426025 -0.7281974 -0.2383076 -0.5833657 0.8106919 -0.04962989 0.545992 0.6855796 -0.4815324 -0.8108566 0.3192788 -0.490482 0.2456161 0.8517028 0.4628985 -0.752044 0.2429024 0.612722 0.6947142 -0.719274 0.004126965 -0.7682025 0.1654869 0.6184488 -0.467967 -0.7231551 -0.5079897 0.3893008 -0.1499939 -0.9088161 -0.03528641 0.5976496 -0.8009806 -0.4673529 -0.8838112 -0.02142695 -0.9825244 -0.1842862 -0.02616175 -0.4807728 -0.269366 -0.8344456 0.4624969 -0.8866121 0.003956477 -0.5598903 -0.7893909 0.2517637 -0.1138728 0.7163932 -0.6883413 -0.8725559 0.4605115 -0.1630198 0.07070051 -0.6957603 0.714786 -0.3796821 0.9206506 -0.09079595 -0.4252026 0.9046721 -0.02777047 -0.9732671 -0.1837294 0.1378209 0.91811 0.09844801 0.3839038 -0.2296422 0.959496 0.1631928 -0.5433326 -0.7468239 -0.3834628 0.06940624 0.5437506 -0.836372 0.7438697 0.1772942 -0.6443793 -0.6822007 0.6428144 0.3484133 -0.8099523 0.569824 0.1388449 0.8537711 -0.3165101 -0.4133961 -0.1461181 0.9733934 0.1765074 -0.6800465 -0.6930583 0.2391796 -0.2191605 -0.9744792 -0.04856864 -0.9934475 0.1142173 0.00404902 -0.2418348 -0.9703018 0.005502287 0.6231879 0.4026633 0.6704469 -0.9958635 -0.09056138 0.007378585 0.2661895 0.9635976 0.02495553 0.9749683 0.2209625 0.02474557 -0.292623 0.956192 -0.008278666 -0.6803775 -0.7321526 0.03223257 0.9131258 0.2737194 -0.3021243 0.4625001 0.8849475 0.05441975 0.4502791 -0.7890229 -0.4179613 0.6708727 0.5702344 -0.4740913 -0.9562512 0.2923726 -0.01009812 0.8585228 -0.5087386 0.06421636 0.5031232 0.8478175 -0.1675485 -0.6616725 0.7189136 -0.2129618 -0.9990891 -0.02090759 -0.0372011 0.2739588 0.7792518 -0.5636606 0.04524186 -0.9989747 0.001643132 0.2399641 0.7024768 0.6700325 -0.6664811 -0.3313609 0.6678345 0.2908 -0.4016354 0.8684033 0.670524 0.04795604 0.7403363 -0.8835911 0.4423522 0.1535947 0.5216588 -0.5753726 -0.6299353 -0.4431154 -0.8964553 -0.004092252 0.4410043 0.897434 0.0112861 -0.6887885 0.4753877 -0.5473362 0.369432 0.9266696 -0.06930673 0.8218937 0.2715378 0.5007574 -0.4391906 0.6297918 0.6406824 0.895414 0.02530186 -0.444515 -0.5311341 0.8352291 0.142439 0.2921664 -0.9561405 0.02083733 -0.5994482 0.7984249 -0.05638753 0.8041253 -0.5360934 -0.256878 -0.7628296 0.3470984 -0.5455398 -0.3431978 0.9031726 -0.2578653 -0.4146943 -0.8756381 -0.2475613 -0.3021007 0.8174568 0.4904076 0.5952151 0.01004734 0.8035036 0.6553455 -0.7550334 0.02113931 0.04677037 0.998804 0.014251 -0.3908748 -0.7613328 0.5172903 0.8060715 -0.09230129 0.5845761 -0.2554741 0.8811338 -0.3979148 -0.6140009 -0.7613078 -0.2083584 0.770982 0.6368537 -0.002019038 -0.6522922 -0.1142314 -0.7493104 0.694657 -0.7193373 0.00232776 0.6529717 -0.757344 0.007611528 0.915662 0.05464395 -0.3982174 0.7853654 0.5763056 0.2259934 -0.2706456 0.5449653 0.7935766 0.05705282 -0.6580501 -0.7508096 0.4805088 0.8748033 0.06189114 -0.6015013 -0.5655403 0.5642343 0.6954681 -0.3685739 0.6168285 0.08278651 0.8185929 0.5683767 -0.2386723 0.9137104 0.3288902 0.9361048 -0.3467042 0.05919518 0.7213972 0.3362939 -0.6053862 -0.6809871 -0.3514277 0.6424602 -0.7535632 -0.6453082 -0.1253785 0.5640725 -0.8106279 -0.1571772 -0.4285837 0.9032719 0.02039184 0.6634764 -0.563134 0.4926247 0.4478947 -0.894061 0.006733081 0.9254156 -0.2391181 0.2939873 -0.4886974 0.8709276 0.05157541 -0.6070191 -0.6919306 -0.390845 -0.870959 0.4910486 -0.01737232 0.1384909 0.9903369 -0.007285557 0.1372959 0.9902852 -0.02202206 -0.2475448 -0.9037686 -0.3491759 0.2463021 -0.9096413 -0.3344966 -0.8942865 -0.1657905 0.4156503 0.4015117 0.4777942 0.7813457 0.1922985 -0.7005891 0.6871653 0.895236 -0.1668411 -0.4131786 -0.2857732 0.9283593 0.2376611 -0.6479799 -0.7292618 0.2197709 -0.2456659 -0.969298 -0.01047427 0.6491293 0.3419273 -0.6794975 -0.992111 0.1227203 -0.02560207 -0.2353389 -0.9713646 0.03265727 0.5588513 0.8272706 0.05752022 -0.7839863 -0.6198228 -0.03442557 0.9354148 -0.3515556 0.03752117 -0.08544893 0.8649521 -0.4945264 -0.6961454 -0.5288816 -0.4854543 0.5244689 -0.3626061 0.7703565 0.5648813 -0.8251074 0.01033822 0.9758062 -0.2182652 -0.01274743 0.2189269 0.9754065 -0.02555567 -0.4887519 -0.7721656 0.4060564 -0.9959042 0.0690337 0.05838793 0.1948833 0.9791756 0.05688347 0.6352679 0.7316918 0.2471071 -0.9363584 0.04574811 0.3480519 -0.627375 -0.7496612 -0.2107337 0.9467206 -0.06036234 -0.3163487 -0.4329646 -0.9009287 -0.02948078 -0.3371031 0.4558525 -0.8237475 0.8801855 -0.06681247 -0.4699037 -0.143573 0.6051373 0.7830681 -0.5310887 -0.3777229 0.7584657 0.7119923 0.5947021 -0.3733582 -0.9866925 0.05800801 0.1518981 0.2071471 -0.9038365 0.3743924 -0.9342961 0.3560845 -0.01716206 0.6799764 0.7317686 -0.04633343 -0.7892101 -0.1154431 -0.6031752 0.630475 -0.5911507 -0.503033 0.6213657 0.7714602 -0.1369445 0.5465037 0.7574839 0.357144 0.9321719 -0.3619793 -0.005151418 -0.5277472 -0.8078954 -0.2622745 0.9246129 -0.3182304 0.2093334 0.2435284 -0.96463 -0.1009101 -0.6675579 0.2014956 -0.7167748 0.6112263 -0.6161985 -0.4966909 -0.7391655 -0.4472796 0.5035627 0.3142509 -0.8858013 0.341471 0.1803468 -0.9827098 0.04191018 -0.7595541 -0.6244907 0.1819034 0.09543535 0.9668837 0.2367025 -0.4350753 -0.5821708 0.6868673 0.3808548 -0.3438929 -0.8583049 0.2109188 0.8075087 -0.5508566 0.2191577 -0.9410657 -0.2576148 0.76441 0.6445653 -0.01459365 -0.7454176 0.4646906 -0.4779282 -0.9687172 -0.247703 0.01517277 -0.9687136 -0.2481644 0.002916979 -0.103519 -0.5280084 0.8429063 -0.4327444 -0.9014886 0.007113282 -0.1147461 0.837033 -0.5349851 -0.6445604 -0.7356312 0.2082992 0.919541 -0.04718537 0.3901512 0.2613497 -0.6492946 -0.7142219 -0.523811 -0.8509377 -0.03907737 -0.5515616 -0.833893 0.02005567 -0.8643302 0.4563769 0.2113134 -0.5544955 -0.736895 -0.3866787 0.9965689 -0.08228208 0.008948748 0.3539035 0.9328747 -0.06705982 0.9189736 -0.394236 -0.008100104 0.8928469 -0.4502833 -0.008329382 -0.6545653 -0.2563766 0.7112069 -0.4411516 0.8863394 -0.140669 -0.4491133 -0.7009561 0.5540378 0.899545 -0.1069931 -0.4235224 -0.4153648 -0.9081584 -0.05215778 -0.08745341 -0.9937843 -0.06888147 0.2574831 0.9519922 0.1655694 -0.3990477 -0.9169299 0.0006499636 -0.1271977 -0.9915935 0.02372999 0.04697345 0.9987953 0.01419122 -0.5145417 -0.456706 -0.7257179 0.09879596 -0.9541552 0.2825371 0.5983049 0.5615125 -0.5716074 0.82009 0.4311468 -0.376251 -0.5238039 -0.8502469 0.05205466 0.6880484 0.4659057 0.5563463 0.9894562 0.1439454 0.01600137 -0.4370603 0.4875514 0.7558253 0.04241845 0.9987829 0.02516579 -0.9994633 -0.03165758 -0.008419331 0.5281209 -0.8485363 0.0327797 0.2823745 0.9467094 -0.1549388 -0.5673337 -0.8015756 -0.1887036 0.6561547 -0.01934692 0.7543783 -0.4398844 -0.7875418 -0.4316014 0.9703305 -0.2408862 0.02079894 -0.4018961 0.7375005 0.5427454 0.4115418 -0.75491 -0.5106312 0.4208087 0.9071431 0.003377288 0.7548391 -0.4777937 -0.4493676 -0.5895923 -0.09170569 -0.802478 0.7299782 -0.4816585 -0.4849092 -0.4567314 -0.4248411 0.781605 0.03684459 0.5738985 0.8180972 -0.4346212 -0.8997007 0.04053549 0.3996584 0.8172068 -0.4152665 -0.8685336 0.4904671 -0.07135472 0.5763586 -0.7729324 0.2653042 0.9095323 -0.4055483 -0.09100333 -0.6303828 -0.1750686 0.756286 0.1508288 -0.5054106 0.8495945 -0.06260502 0.9882437 0.1394812 -0.5330625 0.8460657 0.004139738 -0.6337237 -0.7235655 -0.2735823 0.9608436 0.01561061 0.2766512 0.7745448 -0.6179646 -0.1349079 -0.1484385 0.9888845 -0.008572663 0.3392145 0.8443904 -0.4146545 0.3003225 0.6960979 0.6521151 0.1700396 -0.9851678 0.02304264 -0.1851385 0.7235303 0.665002 -0.217279 -0.9741639 0.06159955 0.4644025 0.05371432 -0.8839938 -0.7449735 0.4579605 -0.4850636 -0.169114 -0.5407215 -0.8240272 -0.2692572 -0.9630681 -0.0006410812 0.2782747 0.9594493 -0.04494642 -0.4536691 -0.1362174 0.8806981 0.3242376 0.1467487 0.9345238 -0.3737874 0.7275483 -0.5752882 -0.8536605 -0.5207853 0.006819332 0.897291 -0.1220831 0.4242222 -0.8395499 0.4971391 -0.2191087 0.7387127 0.1513971 -0.6567971 -0.9102912 0.4121378 0.03888884 0.6469202 0.2611379 0.7164505 0.9372565 -0.3441616 0.05570492 -0.8821856 0.4548939 0.1217378 -0.5832273 -0.8096326 -0.06588597 -0.5197057 0.768804 0.3726211 -0.1993393 -0.8785426 -0.4340814 0.9381905 0.2817497 0.2010366 0.9115368 -0.4112139 -0.001941545 -0.3275614 0.4866856 -0.8098399 -0.8911042 0.443259 -0.09723549 -0.6634459 -0.5661689 -0.4891752 0.9341691 -0.3436667 0.09602797 -0.2388504 0.6828415 0.6904187 -0.5597731 0.8273068 -0.0470896 -0.3238802 -0.7848975 0.52824 0.8944878 -0.05954779 -0.443109 -0.1136335 -0.9928999 -0.03517453 0.2725194 0.9539689 -0.1252059 -0.1212637 -0.9926196 0.001220655 0.2159037 0.951974 0.217097 0.1816645 0.9805134 0.07477654 0.3768125 0.7582285 0.5320732 -0.5266551 0.1379838 -0.8388056 0.3495375 -0.6469577 0.6776941 0.3987765 -0.6902902 -0.6037191 0.7098988 0.6846234 -0.1653315 -0.9920613 -0.02537983 0.1231676 0.6865262 0.5941162 0.419175 -0.877029 -0.4771065 0.05647622 0.9813421 0.1892756 -0.03379944 -0.6685355 0.7427672 0.03683889 -0.8800345 -0.4194356 0.2227401 0.9411592 0.1791492 -0.2865744 0.1509712 0.9654228 0.2125243 -0.5638328 0.7088001 0.4239044 0.925519 -0.3224884 0.1985341 -0.9330922 0.3596209 0.003437469 0.7360195 0.6742871 0.06010198 0.8058748 -0.5746191 0.142754 -0.5381499 -0.416127 0.7329619 0.9617063 0.2265494 0.1542609 -0.3785731 0.2520768 -0.8905839 0.7968887 -0.6007683 -0.06360748 0.4316966 0.8281385 -0.3575258 -0.7583772 0.01274639 -0.6516912 0.2618445 0.8223053 -0.5052241 0.4896069 -0.6982352 -0.5222573 0.5809996 0.1381346 0.8020962 -0.489137 0.3884161 0.7809468 -0.9958293 0.08554409 0.03172069 -0.7160923 -0.697865 0.01400698 0.09128438 -0.6722997 -0.7346293 0.5173405 0.3203306 0.793566 -0.8306801 0.5516146 0.07544436 0.5703354 0.1662779 -0.8044061 -0.4109067 -0.6478006 -0.6414905 -0.4422579 -0.7634319 0.4707225 -0.05374544 0.992862 -0.1064726 0.6101385 -0.01755576 0.7921003 -0.4447338 0.8491396 0.2849102 0.6621634 -0.7485877 0.03399991 0.6748743 -0.4924804 -0.5495523 0.2097766 0.8246634 -0.5252848 0.1455051 0.9891917 -0.01811186 -0.503316 0.8619683 -0.06069316 -0.102082 -0.9942184 -0.03330293 0.136591 0.9906151 0.004971735 0.0523587 0.9986056 0.006746997 -0.828268 -0.2382152 -0.5071741 -0.1500818 -0.9688339 0.1970695 -0.02286257 -0.990256 -0.1373694 -0.1004945 0.9919086 -0.07757671 0.05095326 -0.998692 0.004244652 -0.08373243 0.9964883 -0.000103678 -0.9156134 -0.4020426 -0.00373645 0.01860244 -0.9683723 0.2488151 -0.3708917 -0.876994 -0.3054846 0.4395601 -0.795067 -0.4179179 0.9801847 0.1878565 -0.06283214 -0.3729801 -0.927814 -0.006854652 -0.6860976 -0.3668757 -0.6282295 0.1449953 0.9614195 -0.2337711 -0.4771218 -0.8619559 0.1714257 0.1156641 -0.9901298 0.07914994 -0.00169057 -0.8621439 0.5066606 0.9865889 0.004986047 -0.1631486 -0.8529432 0.5039094 -0.1362471 -0.1214113 0.9912595 -0.05161345 0.7430541 0.4240331 0.5177515 -0.5147669 -0.5925298 -0.6196157 0.6557241 -0.7210286 0.223928 0.7890771 -0.08955787 0.6077308 0.08352848 0.8928881 0.4424634 0.6672849 -0.0947799 -0.7387473 0.7367829 -0.5609479 -0.3774763 -0.317299 0.8583334 -0.4032185 -0.3158503 -0.8203346 0.4767491 0.1031591 0.9946164 0.009816826 -0.1063873 -0.9943192 0.003328317 0.7035411 -0.5554534 -0.4432849 0.1195791 0.9899411 0.07561333 -0.7224586 0.5079718 0.469061 -0.05015318 0.9986133 -0.01600294 -0.8309622 -0.5449757 -0.1118182 0.5299102 0.8196308 0.2177166 -0.8509619 -0.471198 0.2320265 -0.4975052 -0.8671091 0.02470783 0.9018092 -0.4320553 -0.008266035 -0.07814928 0.9964221 0.03218344 -0.5315471 -0.846946 -0.01184185 0.7857714 -0.4594554 -0.4140821 -0.9280439 0.3036706 -0.2156817 0.8630877 -0.5041816 -0.02967262 -0.8668878 0.4984906 0.003559819 0.5332008 -0.666681 0.5208007 -0.4091467 -0.4158427 0.812203 0.9630391 0.2488691 0.103053 -0.5037773 0.1920857 -0.8422064 0.2493113 -0.9591741 -0.1335246 0.2362181 0.7533222 -0.6137643 -0.815823 -0.1202582 0.5656595 0.5222232 -0.835282 0.1720084 -0.5677379 0.2161231 0.7943327 -0.9963423 0.08544942 0.000638919 0.9890718 -0.09974871 0.1085689 0.4228545 -0.724179 -0.5447557 0.8062907 -0.003373588 0.5915098 -0.9142422 0.3054412 -0.2662085 -0.1592286 0.9872417 -0.0001591848 0.7780573 0.6281897 -0.002146748 0.6463148 -0.763068 0.002093219 -0.3814047 0.8516084 -0.3595742 0.8263069 0.4461933 0.3436983 -0.4539956 -0.5250533 0.7198659 0.4050227 -0.9119076 -0.06618967 -0.2217699 0.9676645 -0.1201811 -0.6783097 0.1978911 0.7076263 -0.1173851 -0.9930461 -0.008959119 -0.1315843 0.9912564 0.009814707 0.1461475 -0.9438545 0.2962761 0.361105 -0.7737885 0.5204368 0.748014 0.5449291 0.3788501 0.2504117 0.9635895 -0.09375119 -0.6804778 0.4061927 -0.6098831 0.9708162 0.239815 -0.002152972 0.9995259 0.02587132 -0.01669198 0.7019132 0.685253 0.194284 -0.4377357 0.7859095 0.4367306 -0.9555983 0.1743243 0.237577 0.3726687 -0.8623927 -0.3426324 0.145917 0.9430907 0.2988113 0.169988 -0.9770342 0.1284847 -0.0006243986 0.9922246 0.1244584 -0.6289444 -0.2363226 0.7406623 -0.5762204 -0.6499569 0.4955059 0.7928014 0.4581653 -0.4019333 -0.3689295 0.8356639 -0.4068869 0.7378231 0.6703886 -0.07871541 0.08754637 -0.9955049 -0.03613318 -0.1308215 -0.778955 -0.6132821 0.7309911 0.6800975 -0.05585098 -0.4078308 -0.8333646 0.3730651 -0.5833778 0.812191 0.004023076 -0.11167 0.9925315 0.0491012 -0.2389321 -0.6862255 0.6870269 -0.3873331 0.9170864 0.09447574 -0.7901998 -0.00304673 -0.6128418 0.7455083 0.6663137 -0.01560304 -0.4740842 0.8153512 -0.3323351 0.00406204 -0.7166373 -0.6974342 -0.4953806 0.6599273 -0.5648841 -0.2723563 -0.7692775 0.5779569 0.6070426 -0.1468937 0.7809747 0.63043 -0.7746813 0.04926303 -0.1471092 0.74089 0.6553174 -0.7832851 -0.5141412 0.3494613 0.02667702 -0.990659 -0.133728 0.7675796 0.558021 -0.3153318 -0.05669275 0.9949171 -0.0832219 -0.1021514 0.8047685 -0.5847331 0.6430386 0.7608494 -0.08723243 0.1480617 -0.9621074 -0.2289694 0.8547151 -0.3880002 0.3448448 0.6059958 0.7856286 0.1247269 -0.877029 -0.4771065 0.05647622 0.9813421 0.1892756 -0.03379944 -0.6685355 0.7427672 0.03683889 -0.8996729 -0.4204663 0.1174594 0.5004454 -0.8465656 0.1813314 0.07716582 0.9769629 -0.1989698 -0.08913786 -0.9904477 -0.1052033 -0.391928 0.602339 -0.6953993 0.7896293 -0.002801726 0.6135778 -0.336319 -0.6823287 0.6490895 0.889178 0.4560209 0.03751473 0.1434645 -0.9317406 -0.3335825 0.8416677 -0.006349162 0.5399585 -0.9863352 0.1620035 -0.02996142 0.9873797 -0.1513968 0.0464785 0.9538075 0.09594181 -0.2846866 -0.8410088 -0.1851587 0.5083507 0.5691066 -0.7343624 -0.3699047 0.8659408 -0.002882419 -0.5001381 0.2195904 0.567805 -0.7933332 0.5902798 0.01259844 0.8071004 0.8033368 -0.5954418 0.00994915 -0.7507009 0.6545811 0.08928474 -0.8148162 -0.3393468 -0.4700194 0.6851762 0.002506426 0.7283731 0.4390628 0.8159559 -0.376085 -0.2277634 -0.6464673 -0.728151 0.7503776 0.02772248 -0.6604278 -0.5432834 0.779427 -0.3119882 0.6486853 0.04306051 0.7598376 0.8118315 0.5838563 -0.006434177 -0.5962306 0.7560826 0.269904 -0.2462625 -0.8310487 -0.4987112 -0.7049714 0.610906 0.3602903 0.8753958 -0.4820819 -0.03576586 0.3394463 -0.6936027 -0.6353672 0.6777086 0.2135819 -0.7036291 0.9996488 -0.02428453 -0.0106124 0.998482 -0.002710533 -0.05501208 -0.9454441 0.1824763 -0.2698848 0.7535367 0.3551184 0.553239 -0.8967461 0.2751198 0.3466345 0.493549 -0.4806677 0.7248227 -0.2854365 -0.9583402 0.0104936 -0.8394556 -0.1689837 0.516487 0.1547206 0.846985 -0.5086039 -0.5978375 0.7839065 -0.1675734 0.1490763 0.9880881 -0.0381847 -0.996431 0.08308635 0.0148961 0.9670803 0.2446913 -0.06986986 -0.95188 -0.3054842 0.02457576 -0.009850145 -0.9990369 -0.0427573 0.7863444 0.4215908 0.4515791 -0.7507868 0.5582239 -0.3531364 -0.1332547 -0.9910607 -0.006473911 0.3566727 0.8931589 -0.2739557 -0.6231345 -0.7820999 -0.004809002 0.3698498 0.8596728 0.3523831 -0.6083862 -0.7935486 -0.01211843 -0.8612189 -0.405302 0.3066469 0.6673415 -0.4815418 -0.568131 0.2229716 0.9305803 0.2903514 -0.2143611 0.9763807 -0.02701817 0.2219138 -0.9749323 0.0161675 0.4091166 0.9068714 -0.1010344 -0.7053379 -0.3111919 -0.6369129 0.624406 -0.5077192 -0.593581 0.1362494 0.8918388 -0.4313463 0.4876333 -0.445375 0.7509027 0.06007753 0.8246971 0.5623748 -0.2133819 0.9759676 0.04422099 -0.4792906 -0.8776316 0.006570058 0.4719121 0.8815741 0.01122806 -0.8052702 -0.5505207 0.220152 0.9734384 -0.07081254 0.2177227 0.3179933 0.8503173 -0.4193337 -0.2170694 -0.5201495 -0.8260299 0.4157884 0.4944393 -0.763315 0.3444146 -0.854651 0.3885233 -0.881923 0.3120378 0.3533332 -0.8479804 0.04864068 0.527791 0.5789461 0.3559716 0.7335569 -0.4975052 -0.8671091 0.02470783 0.9018092 -0.4320553 -0.008266035 -0.07814928 0.9964221 0.03218344 0.8792505 -0.4655365 0.1009671 0.6658562 0.7284398 -0.1612795 -0.9823144 0.1857147 -0.02384289 -0.4423473 -0.6259383 -0.6422851 0.02434735 0.9996577 0.009575704 0.764866 0.03006235 -0.6434876 -0.8817217 0.4717343 -0.005805542 -0.8662373 0.4960021 0.06012323 -0.2706884 0.591992 0.7591266 0.01874096 0.9998242 0.0004957628 -0.4365176 -0.6958032 -0.5703598 0.5995809 0.5124078 0.614769 -0.4371435 0.8850351 0.1600577 -0.8533158 0.3971565 -0.3378148 -0.1977838 0.9798029 0.02945818 -0.9659256 0.03711502 -0.2561448 0.8484642 0.4992588 -0.1756391 -0.9748234 -0.03189833 0.2206849 -0.680298 -0.7031884 0.2066901 -0.5704545 -0.748744 0.3375857 0.4531462 0.8624075 -0.2256363 -0.2394723 0.9455264 0.2205286 -0.009552916 -0.990414 -0.1378001 0.05030056 0.9987339 0.000592939 0.8686861 -0.4342682 -0.2383183 -0.04262106 -0.9990133 -0.01248421 -0.7897423 0.6133052 -0.01280094 -0.9687987 -0.2478186 -0.003883111 -0.7734246 -0.6156328 -0.1510319 0.4084662 -0.3583123 0.8395044 0.1449262 0.7577486 -0.6362496 -0.1806438 0.7707498 -0.6109931 0.3623072 -0.9320427 -0.005464518 -0.8148191 -0.5796988 0.004385986 -0.5113906 0.77461 0.3721008 -0.1777684 -0.6118404 0.7707462 0.7612935 -0.6484065 0.001081928 -0.3989839 -0.7863352 -0.4716872 0.9933444 0.07608361 0.08647631 0.9260054 0.2992436 0.2301462 -0.7754069 0.5470652 0.3153788 0.8756986 -0.4767944 0.07628248 0.3339649 0.941235 0.05043849 -0.475393 -0.6404918 0.603135 0.6185165 -0.7592503 0.2024261 0.9330819 -0.1676703 -0.3181901 -0.8910145 -0.427006 -0.1541396 -0.3131851 0.949692 -0.000323292 -0.8939565 -0.1847361 -0.4083067 0.5039292 -0.06615005 0.8612082 0.03615908 -0.9992094 -0.01652793 0.7187815 0.5562599 0.4170468 -0.8138279 0.4232463 -0.3981792 -0.120524 -0.9924562 -0.0224641 -0.6458711 0.2790078 -0.7106372 0.5354645 0.6554212 -0.5326357 -0.1270443 -0.9917202 0.01873083 -0.6283594 -0.7772294 0.03284704 -0.8132797 -0.5354331 0.2277883 0.6960069 -0.4401113 -0.5673415 0.08453067 0.9257701 0.3685162 -0.6597285 -0.2344256 0.7140048 0.7125691 -0.5534027 0.4312664 -0.1996686 0.8503782 -0.4868155 -0.9919127 -0.07790876 -0.1001973 -0.7466748 0.6651801 0.003480991 0.2683317 -0.7612793 -0.5902981 -0.8533968 0.2632701 -0.4498919 0.3726993 0.6696953 -0.6423421 0.06458855 0.9976311 0.02367497 0.9722479 0.2322658 0.02804627 -0.877029 -0.4771065 0.05647622 0.9813421 0.1892756 -0.03379944 -0.6685355 0.7427672 0.03683889 -0.8398113 -0.4741541 0.2643764 0.8008278 -0.5652198 -0.1979936 0.0677037 0.9963656 -0.0516889 0.531272 0.1215663 -0.838434 -0.31405 -0.7169599 -0.6223674 0.3107578 -0.5658072 0.7637354 -0.3978052 0.9136581 0.08354589 -0.3815212 0.9240127 0.0253386 -0.865498 -0.4075282 -0.2912629 0.8955167 0.1795833 0.4071851 0.1844233 0.9578454 -0.220273 -0.5067956 0.7006602 -0.5022285 -0.8157395 -0.1389002 -0.5614943 0.9396966 -0.3415442 0.01783131 0.9400809 -0.3409033 -0.005733234 -0.8859368 -0.4436843 -0.1351304 0.805106 -0.5249027 -0.2761912 0.09819676 0.9019993 0.4204219 -0.2171738 0.5839355 -0.7822115 0.005227314 -0.999958 -0.00752277 -0.100857 -0.7506509 -0.6529557 -0.8552004 -0.276027 0.4386814 0.7846491 0.1776107 0.5939531 -0.7105838 -0.3845195 0.5892498 0.626286 -0.7238081 0.2895991 0.6925746 -0.7212435 -0.01217719 0.6922207 -0.4606326 -0.5555611 -0.9615923 0.2744818 -9.521053e-05 -0.6542361 0.2454721 -0.7153451 0.8491967 0.5122203 0.128434 -0.5018522 -0.1068555 0.8583276 -0.9883125 0.1523636 -0.004875989 0.9487082 -0.2477645 0.1963811 0.8322519 0.5196351 0.1932254 -0.8511117 -0.2050698 -0.4832756 0.03204545 -0.9908889 -0.1308137 0.2237954 0.9269312 0.301188 0.9979219 0.0367056 -0.05295761 -0.3978619 -0.5793868 -0.7113486 0.956597 0.2902092 0.02647372 -0.997105 -0.07601794 -0.001682859 0.08413381 0.993414 0.07778286 -0.7157828 -0.3990026 0.5731072 0.4387675 -0.5090739 -0.7404909 0.7536037 0.3817665 -0.5351036 -0.4056688 0.4907249 0.7711173 -0.4427511 0.8965991 0.009025962 0.8315717 -0.5488371 -0.08524257 0.4399169 -0.897914 -0.01495325 0.3783359 -0.9191629 -0.1095513 0.9970414 -0.0678319 -0.03615574 0.6645383 0.7470217 0.01863868 -0.5882622 0.7555349 -0.288296 -0.2038247 0.1304381 0.970279 -0.9694955 -0.2365223 -0.06430969 -0.0716324 -0.9447662 0.3198212 0.9100467 0.4099001 -0.06161828 0.4654287 -0.8608317 -0.2057787 0.6556151 -0.7550911 -0.002522506 0.9839027 -0.1786357 -0.004981906 -0.8658306 0.3106209 -0.3922398 0.9411141 0.3380886 -0.0005750432 0.9303397 0.3580871 0.07900455 0.6123398 -0.7840694 0.1013661 -0.9849871 -0.001664661 -0.1726201 0.6851965 -0.7137333 -0.1452258 0.2439447 0.8747785 0.4186331 -0.2102048 -0.7262695 -0.6544819 -0.618053 0.6751938 -0.4026461 -0.7274126 -0.6860095 0.01618304 -0.9052715 0.4241857 0.02345301 -0.8537856 -0.4195275 0.3082969 0.8234391 -0.5570743 -0.1077792 0.8616016 0.4239201 -0.2791675 -0.8174428 0.5601728 0.1341405 0.7598618 -0.05367722 0.6478648 -0.9978126 0.06512233 -0.01136608 0.689275 0.2139891 -0.6921767 -0.9867784 -0.1620696 0.001360269 -0.4975052 -0.8671091 0.02470783 0.9018092 -0.4320553 -0.008266035 -0.07814928 0.9964221 0.03218344 -0.8150172 -0.5188662 0.2579242 0.8756999 -0.4291369 -0.2213397 -0.08382635 0.996466 -0.005356803 0.7235489 0.6901131 -0.01486347 -0.4922548 0.8568464 -0.1532954 0.8408757 0.3741145 -0.3911093 0.004466341 -0.7480758 0.6635983 -0.2219826 0.9656027 0.1354077 -0.5565796 -0.8307615 0.007385872 0.7118629 -0.4435897 0.5444992 0.9246833 -0.3755032 -0.06291328 0.6767755 0.7334089 -0.0639238 -0.7187683 -0.1766715 0.672428 0.6809526 0.7287456 0.07234231 0.8915135 -0.421151 0.1668396 -0.8606281 -0.485398 -0.1539743 0.8873941 -0.3997985 -0.2295493 -0.05590772 0.9030171 0.4259513 -0.09247138 -0.7378293 -0.6686232 0.5466791 0.8373296 -0.004585606 -0.5420937 -0.8402876 -0.007151561 0.6658237 0.3059083 -0.6805138 -0.7936167 0.4478581 0.4118199 0.9790143 0.175133 0.104209 -0.9829696 -0.1837617 0.001574072 0.7452811 -0.009014031 0.6666895 -0.04181729 0.5286328 0.8478199 0.9298086 -0.3563517 -0.09202917 0.4755796 0.6100567 -0.6337624 -0.2500867 0.8328071 -0.4938511 -0.9501413 0.1595821 0.2678902 -0.6942342 0.7197304 0.005201172 0.2355281 -0.5523168 -0.7996704 0.195436 -0.5496695 -0.8121996 0.9817476 -0.1885733 -0.0247327 -0.813318 -0.1573781 0.5601303 0.4865927 -0.8585645 0.1615377 0.6850066 0.5487488 0.4792085 -0.8229643 0.4199396 -0.3825971 -0.992405 -0.1225528 0.01063509 0.0905912 0.9949521 -0.04316812 0.8685433 0.4954748 -0.01171843 0.9979611 0.05694277 0.02883083 -0.3390104 -0.482874 0.8074061 -0.1918577 -0.9483057 -0.2527981 0.2258761 0.9298752 0.2903654 0.5234567 -0.7653341 0.3745089 0.8399815 0.5413855 -0.03650887 0.2012109 0.9426216 -0.2664183 -0.8679829 0.4095619 -0.2808287 0.9386677 0.342764 0.03762792 -0.6894919 0.08860294 0.7188536 0.3553615 -0.8893931 -0.2875727 0.5935607 0.6983957 0.3999114 -0.9847899 -0.004182174 -0.1736992 0.309033 -0.9468671 -0.08911456 0.7362353 0.6767031 -0.005513588 -0.7230318 -0.690008 -0.03337641 0.7932899 0.1984791 -0.5755842 0.7584233 0.06239878 0.6487684 -0.1383535 -0.6978437 0.7027606 0.3550094 -0.9344369 0.02821204 -0.5858566 0.5640891 0.5818724 0.05684151 -0.9885743 0.1396062 -0.05081711 0.9924353 -0.1117576 0.9789148 0.1926826 -0.06781764 -0.9963004 -0.08101228 0.02867985 0.06611884 -0.9811963 0.1813342 0.3501866 0.7907682 0.5020508 0.414354 0.5515137 0.7239775 0.2309685 0.9137729 0.3341744 -0.877029 -0.4771065 0.05647622 0.9813421 0.1892756 -0.03379944 -0.6685355 0.7427672 0.03683889 -0.9996383 -0.007261003 -0.0258937 0.975886 0.163157 0.1450042 -0.6751826 0.6346998 0.3758786 -0.7219377 0.6677823 -0.1813085 0.560686 0.8280137 0.004954428 0.5684639 -0.8147339 0.1142688 -0.7276104 0.6746568 0.1241824 0.8751917 0.4787257 -0.06972166 -0.4056693 -0.8084282 0.4264696 -0.8606121 0.5011145 0.09072562 0.4924773 0.4975516 -0.7140788 -0.005062381 -0.8986184 -0.4387018 -0.5544073 0.3306136 0.7637586 0.3776139 0.9016804 0.2106663 0.5470691 0.3330047 0.7679995 -0.3420581 0.9396759 -0.002317788 -0.6829547 -0.4184856 -0.5987008 -0.007332591 -0.9993332 -0.03576913 0.03568822 0.9951308 0.09187523 -0.1823333 -0.9832367 0.0003975471 0.1821073 0.9832783 0.0008310427 -0.07449585 -0.5205649 -0.850566 0.1678613 0.07464316 -0.9829807 0.4143265 0.01058841 -0.9100667 -0.2035174 -0.6661629 -0.717501 -0.8742736 0.3997611 0.2753847 0.8525247 0.2439726 0.4622542 0.4114732 -0.5863703 0.6977533 -0.8495878 0.3531731 0.3917517 -0.6077829 -0.793812 -0.02150288 0.4220257 -0.6280728 -0.6537728 0.8482552 -0.5250437 -0.06922609 -0.8783313 0.478052 -0.0005774427 0.5988845 -0.6707129 0.4375861 -0.1630818 0.9858077 0.03984256 -0.893616 0.4394017 0.09152373 -0.9126589 -0.3979015 0.09342447 0.7989506 -0.5222699 0.2981812 0.0540573 0.9254103 -0.3750914 -0.6054409 -0.7922432 -0.07610563 -0.3161861 0.9485109 0.01879865 -0.9872837 0.1571571 0.02392915 -0.6553441 -0.7552518 0.01089964 0.6634598 0.7481819 0.006702936 0.1632586 0.9864997 -0.01284651 0.0365914 -0.8682875 -0.4947099 0.7800219 0.3308259 0.5311498 -0.8401917 0.5416107 -0.0271242 -0.3583435 0.9146011 -0.1873358 -0.6378719 -0.5972422 -0.4862316 0.7475181 -0.3189827 -0.5826378 -0.7332727 -0.5987113 0.322267 0.8345184 -0.2394733 0.4962172 0.4745067 -0.8802364 -0.005228071 -0.131243 0.8917304 0.4331191 0.6430372 -0.7493039 -0.1582621 0.2650988 0.945983 -0.1866517 -0.4928182 0.8627095 0.1134127 0.9960051 -0.08929313 0.0007154763 -0.1895463 0.9812768 0.03417545 0.9559044 0.2836102 0.07623658 -0.7335482 -0.5998854 -0.319444 0.758736 -0.07951187 0.6465273 0.1840189 0.9547527 -0.2336329 0.2478218 -0.9687181 -0.01302366 -0.5518184 0.5152729 -0.6557364 0.2016485 -0.9460094 -0.2537797 0.6473671 0.0630589 -0.7595653 -0.2611687 0.4739082 -0.840953 -0.5711779 0.6961906 -0.434827 -0.83683 -0.4351885 0.3321544 0.3389798 0.5826883 0.7386251 0.01077081 0.9999118 -0.007767739 0.5823445 -0.6619773 -0.4718695 0.9861002 -0.00324649 -0.16612 0.3711755 0.8176906 0.4400123 -0.9372988 -0.1621581 -0.3085055 0.9188978 0.3835374 -0.09233592 0.9996744 -0.02486724 0.005714361 0.933491 0.3585891 0.002895594 -0.9654943 -0.1423902 0.2180501 -0.9561697 -0.2746713 0.1014648 -0.4975052 -0.8671091 0.02470783 0.9018092 -0.4320553 -0.008266035 -0.07814928 0.9964221 0.03218344 -0.4735289 -0.7417315 -0.4749787 0.3199264 -0.8188366 -0.4766064 0.6290424 0.639554 0.4419007 0.2758912 -0.8190223 -0.5030771 0.630757 -0.7753155 -0.03211676 0.6043259 0.7966495 -0.0118257 0.1516538 -0.9445685 0.2911897 0.9619552 -0.1920941 -0.1942732 0.742855 0.5372022 -0.399475 -0.3821265 0.9070247 -0.1768771 -0.5498877 -0.06376649 -0.8328009 0.3793427 0.8656965 -0.3266016 -0.2091239 -0.9687784 -0.1331751 -0.6146578 0.4512006 -0.6470037 0.04345425 -0.8920712 0.4498007 0.3093889 -0.9480393 0.07416244 0.6833991 -0.4646524 0.5630842 0.6103692 0.5490509 0.5709576 -0.7132529 0.4169817 -0.5633795 -0.9088481 0.4170459 -0.008237929 -0.6964 0.6700178 0.2571055 0.1258082 -0.4637273 0.8770002 -0.5570539 0.7332048 0.3900023 -0.8537647 -0.3171912 0.4128869 0.7614121 -0.1911808 -0.6194365 0.5586622 0.8226907 0.105245 -0.05156587 0.8280801 0.5582332 -0.8826232 0.4691003 -0.0303508 0.4985486 -0.7225558 -0.4789179 -0.05569704 0.978134 -0.2003791 -0.1933006 0.9811243 -0.005472521 -0.8864916 0.4596287 0.0536114 -0.8377096 -0.5232333 0.1564273 0.8819556 -0.3955956 0.256239 0.003141757 0.9247005 -0.3806824 0.6632236 0.7484208 0.0009079993 0.6265621 0.777185 -0.05833919 -0.627946 -0.5353111 -0.5649122 0.9167582 -0.3459076 0.1997556 -0.2841953 0.8655458 0.4123876 0.4807854 -0.8768361 -0.001972372 -0.04472445 0.8505366 -0.5240107 0.2260044 0.9544234 -0.1949305 -0.07309982 0.9302822 0.3594877 -0.04273151 0.93001 0.3650416 -0.595401 -0.7322242 0.330674 0.9186912 -0.1862674 -0.3482971 -0.9187534 0.0003947747 0.3948317 0.1374568 -0.9897614 -0.03844493 -0.4146677 0.842392 -0.3441313 0.1633336 -0.9865681 0.002345952 -0.3010278 0.9388364 0.167238 0.1530805 -0.9880016 0.02047574 -0.7630806 -0.5324297 -0.3663694 0.6337231 -0.3934766 0.6660115 -0.06067494 0.9150272 -0.3988028 -0.2540132 0.9670331 -0.01800776 0.3409951 -0.65932 -0.6700892 -0.302076 -0.163084 0.9392304 0.4626757 -0.172154 0.8696518 0.3472544 0.6545 0.6715982 -0.6979977 -0.663045 -0.2705006 -0.2282428 0.8149236 0.5327333 -0.9827116 -0.008407173 0.1849518 -0.9992948 -0.009941816 -0.03620724 0.9966108 -0.04939742 -0.06577871 0.8210582 -0.316044 0.4753731 0.9361461 0.351079 0.01933716</float_array>
          <technique_common>
            <accessor source="#normals-array" count="1716" stride="3">
              <param name="X" type="float" />
              <param name="Y" type="float" />
              <param name="Z" type="float" />
            </accessor>
          </technique_common>
        </source>
        <source id="uv">
          <float_array id="uv-array" count="10296">14.20839 1.917041 14.20236 2.378483 14.21065 2.37861 14.22491 1.916461 14.21125 2.378352 14.19404 1.916229 -3.124755 1.917041 -3.096458 2.37861 -3.106011 1.916461 14.20819 2.114555 14.03449 2.392274 14.03695 2.393549 14.21393 2.117837 14.03513 2.392705 14.20317 2.112328 14.20819 2.114555 14.03695 2.393549 14.21393 2.117837 14.03555 2.476085 14.10826 2.403376 14.02825 2.403805 -3.102853 2.403805 -3.117457 2.346148 -3.114418 2.475522 -3.02703 2.403376 -3.117457 2.346148 -3.114344 2.301699 14.10826 2.403376 14.03468 2.301699 14.02825 2.403805 14.03468 2.301699 14.03571 2.309668 14.02825 2.403805 -3.106208 2.220705 -3.033579 2.437773 -3.036036 2.437987 14.20479 2.220705 14.28368 2.437987 14.2143 2.216624 -3.034496 14.28241 -3.036291 14.13 -3.193349 14.32942 -3.193349 2.450448 -2.89648 2.434168 -3.035865 2.529513 -3.036291 14.13 -2.89648 14.33229 -3.034623 14.28288 -3.193349 2.450448 -3.034623 2.356253 -3.033178 2.348483 -3.036291 14.13 -3.034623 14.28288 -3.193349 14.32942 -2.89648 2.434168 -3.033178 2.348483 -3.034457 2.365733 14.20103 2.127998 14.19599 2.384404 14.21228 2.125295 -3.100435 2.127998 -3.317981 2.386054 -3.320298 2.384404 -3.1048 2.125295 -3.319398 2.385138 -3.096134 2.13144 -3.319203 2.450795 -3.266226 2.460911 -3.319203 2.452579 -3.319265 2.459539 -3.266226 2.460911 -3.319203 2.450795 -3.319265 14.19679 -3.410401 14.27797 -3.266226 14.18634 -3.319203 14.19679 -3.266226 14.18634 -3.368877 14.0914 -3.319265 14.19679 -3.368877 14.0914 -3.410401 14.27797 -3.410401 14.27797 -3.246997 14.30432 -3.266226 14.18634 14.30432 2.345918 14.20224 2.31666 14.18634 2.460911 14.27797 2.418495 14.0914 2.436231 14.19682 2.299394 -3.410401 14.27797 -3.323905 14.19682 -3.246997 14.30432 14.30432 2.345918 14.1971 2.298322 14.20224 2.31666 -3.102053 2.193994 -2.970154 2.383066 -2.971886 2.384725 -3.095008 14.20805 -2.970154 14.0937 -3.102053 14.20225 14.09499 2.461309 14.21012 2.373777 14.09443 2.479651 14.09443 2.479651 14.21012 2.373777 14.09349 2.32418 -3.081507 2.400872 -2.972036 2.28601 -2.9046 2.373777 -2.969784 2.32418 -2.972036 2.28601 -3.081507 2.400872 14.21012 2.373777 14.09468 2.28601 14.09497 2.299696 14.20187 2.171585 14.33838 2.476576 14.2112 2.167981 14.21135 2.168774 14.33597 2.477544 14.20187 2.171585 -3.094267 2.168774 -3.128331 2.476576 -3.125408 2.476821 -3.126068 2.544072 -3.12657 2.574687 -3.214513 2.460269 -3.126165 2.554476 -3.128395 2.453533 -3.12657 2.574687 14.33901 2.544072 14.33824 2.453533 14.33697 2.554476 -3.126068 2.544072 -3.214513 2.460269 -3.126443 2.369849 -3.214513 2.460269 -3.128395 2.453533 -3.12696 2.375326 -3.126068 2.544072 -3.126443 2.369849 -3.128395 2.453533 -3.094895 2.176569 -3.231928 2.483925 -3.105957 2.173337 14.2141 2.179273 14.02781 2.485337 14.20438 2.176569 14.20588 2.173337 14.02749 2.484233 14.2141 2.179273 -3.232394 2.564533 -3.31345 2.503547 -3.23359 2.579887 14.02957 2.579887 14.13337 2.488247 13.99025 2.5024 13.98379 2.503547 14.13337 2.488247 14.02957 2.579887 13.99025 2.5024 14.13337 2.488247 14.03562 2.384182 14.13337 2.488247 13.98379 2.503547 14.03562 2.384182 -3.31345 2.503547 -3.232391 2.400618 -3.232398 2.4059 -3.226834 2.384182 -3.232391 2.400618 -3.139251 2.5024 -3.099565 2.265709 -3.001842 2.505199 -3.00403 2.506111 -3.097593 2.263967 -3.004089 2.505896 -3.001842 2.505199 -3.10667 2.267549 -3.004089 2.505896 -3.097593 2.263967 14.23321 2.574165 14.21111 2.538313 14.23289 2.431553 -3.004031 2.431553 -3.003256 2.437621 -2.901381 2.507698 14.23251 2.422854 14.23289 2.431553 14.21111 2.538313 14.21155 2.205068 14.28859 2.407973 14.29088 2.406429 14.21115 2.21137 14.29144 2.40748 14.28859 2.407973 -3.104883 2.205068 -3.253089 2.40748 -3.095376 2.21137 -3.25438 2.493757 -3.156081 2.477319 -3.253976 2.498199 -3.253972 14.29002 -3.30382 14.17465 -3.25438 14.29007 -3.25438 2.493757 -3.380864 2.385919 -3.156081 2.477319 -3.25438 14.29007 -3.30382 14.17465 -3.380864 14.29343 -3.253972 14.29002 -3.156081 14.31425 -3.30382 14.17465 -3.156081 2.477319 -3.164068 2.339726 -3.30382 2.443036 14.31425 2.477319 14.40234 2.341033 14.22284 2.339726 -3.30382 14.17465 -3.164068 14.22284 -3.380864 14.29343 -3.380864 2.385919 -3.254014 2.322029 -3.254031 2.317943 -3.097778 2.195271 -3.054041 2.46885 -3.056562 2.468308 14.21307 2.200125 14.04793 2.46885 14.20311 2.195271 -3.096815 2.200125 -3.056326 2.469522 -3.054041 2.46885 14.19607 2.469786 13.92331 2.48233 14.04736 2.552718 14.04736 2.552718 13.92331 2.48233 14.04592 2.521579 14.04592 2.521579 14.04498 2.374706 14.19607 2.469786 14.04592 2.521579 13.92331 2.48233 14.04498 2.374706 14.19607 2.469786 14.04537 2.369927 13.92331 2.48233 13.92331 2.48233 14.04737 2.396659 14.04498 2.374706 -3.124755 1.917041 -3.10043 1.916229 -3.092074 2.378483 14.19404 1.916229 14.21125 2.378352 14.20236 2.378483 -3.106011 1.916461 -3.096458 2.37861 -3.087689 2.378352 -3.107071 2.114555 -3.097211 2.112328 -3.114974 2.392274 -3.097211 2.112328 -3.112603 2.392705 -3.114974 2.392274 14.21393 2.117837 14.03695 2.393549 14.03513 2.392705 -3.114262 2.476085 -3.114418 2.475522 -3.02703 2.403376 -3.114418 2.475522 -3.117457 2.346148 -3.02703 2.403376 -3.102853 2.403805 -3.114262 2.309668 -3.117457 2.346148 -3.106208 2.220705 -3.094338 2.217478 -3.033579 2.437773 14.20557 2.217478 14.28463 2.43701 14.2823 2.437773 14.20557 2.217478 14.2143 2.216624 14.28463 2.43701 -3.100958 2.216624 -3.036036 2.437987 -3.033239 2.43701 -3.034496 14.28241 -3.035865 14.28819 -2.89648 14.33229 -3.035865 2.529513 -3.03453 2.519376 -3.193349 2.450448 -3.03453 2.519376 -3.034496 2.529006 -3.193349 2.450448 -3.034496 14.28241 -2.89648 14.33229 -3.036291 14.13 -2.89648 2.434168 -3.193349 2.450448 -3.033178 2.348483 -3.034623 2.356253 -2.89648 2.434168 -3.034457 2.365733 14.20103 2.127998 14.2113 2.13144 14.19589 2.386054 14.2113 2.13144 14.19846 2.385138 14.19589 2.386054 14.21228 2.125295 14.19599 2.384404 14.19846 2.385138 14.19679 2.459539 14.19679 2.452579 14.0914 2.436231 14.0914 2.436231 14.18634 2.460911 14.20224 2.31666 -3.246997 14.30432 -3.323905 14.19682 -3.315032 14.1971 -3.323905 2.299394 -3.368877 2.436231 -3.304342 2.31666 14.21272 2.199815 14.20225 2.193994 14.09501 2.384725 14.20805 2.192849 14.09591 2.383593 14.0937 2.383066 -3.095008 2.192849 -3.103008 2.199815 -2.969142 2.383593 -3.103008 2.199815 -2.971886 2.384725 -2.969142 2.383593 14.09499 2.461309 14.09465 2.48116 14.21012 2.373777 -2.971383 2.48116 -3.081507 2.400872 -2.9046 2.373777 -2.96936 2.479651 -3.081507 2.400872 -2.971383 2.48116 -2.96936 2.479651 -2.969784 2.32418 -3.081507 2.400872 14.09349 2.32418 14.21012 2.373777 14.09497 2.299696 14.20187 2.171585 14.33597 2.477544 14.33838 2.476576 14.21135 2.168774 14.33828 2.476821 14.33597 2.477544 -3.094267 2.168774 -3.105985 2.167981 -3.128331 2.476576 -3.214513 2.460269 -3.12657 2.574687 -3.128395 2.453533 -3.126443 2.369849 -3.214513 2.460269 -3.12696 2.375326 14.20588 2.173337 14.0254 2.483925 14.02749 2.484233 14.20438 2.176569 14.02781 2.485337 14.0254 2.483925 -3.100717 2.179273 -3.233946 2.484233 -3.231297 2.485337 -3.232394 2.564533 -3.232392 2.568237 -3.31345 2.503547 -3.232392 2.568237 -3.139251 2.5024 -3.31345 2.503547 -3.232392 2.568237 -3.23359 2.579887 -3.139251 2.5024 -3.226834 2.384182 -3.31345 2.503547 -3.232398 2.4059 -3.31345 2.503547 -3.139251 2.5024 -3.232391 2.400618 -3.10667 2.267549 -3.099565 2.265709 -3.00403 2.506111 14.20143 2.265709 14.2137 2.263967 14.23336 2.505199 14.20818 2.267549 14.23134 2.506111 14.23416 2.505896 -3.003284 2.588168 -3.004101 2.574165 -2.901381 2.507698 -3.006312 2.538313 -3.003284 2.588168 -2.901381 2.507698 -2.901381 2.507698 -3.004101 2.574165 -3.004031 2.431553 -3.006312 2.538313 -2.901381 2.507698 -3.003235 2.422854 -3.003235 2.422854 -2.901381 2.507698 -3.003256 2.437621 14.21155 2.205068 14.2017 2.210998 14.28859 2.407973 -3.100999 14.2017 -3.095376 14.21115 -3.25384 14.28859 -3.104883 2.205068 -3.255004 2.406429 -3.253089 2.40748 -3.253972 2.493378 -3.253976 2.498199 -3.156081 2.477319 -3.156081 14.31425 -3.380864 14.29343 -3.254318 14.40234 -3.164068 14.22284 -3.254318 14.40234 -3.254014 14.29012 -3.254318 14.40234 -3.380864 14.29343 -3.254031 14.29009 -3.380864 14.29343 -3.164068 14.22284 -3.254014 14.29012 14.21046 2.20016 14.20311 2.195271 14.04614 2.468308 -3.096815 2.200125 -3.106477 2.20016 -3.056326 2.469522 14.21046 2.20016 14.04614 2.468308 14.04863 2.469522 14.04736 2.552718 14.04744 2.556467 14.19607 2.469786 14.04744 2.556467 14.04592 2.521579 14.19607 2.469786 14.19607 2.469786 14.04498 2.374706 14.04537 2.369927 13.92331 2.48233 14.04537 2.369927 14.04737 2.396659 -2.113353 2.090757 -2.164325 3.027053 -2.153637 3.02731 13.79024 2.08958 13.80082 3.026786 13.83258 2.089111 13.82406 2.090757 13.8062 3.02731 13.79024 2.08958 13.81492 2.786766 13.75706 3.093423 13.75358 3.090695 13.80189 2.789138 13.75268 3.093117 13.81877 2.798144 -2.148555 2.789138 -1.993437 3.090695 -1.997081 3.093117 13.81492 2.786766 13.75358 3.090695 13.80189 2.789138 -1.995439 3.253071 -1.998494 3.303923 -2.19495 3.151683 -1.998494 3.303923 -1.993349 3.015004 -1.994163 2.894792 -1.998494 3.303923 -2.012404 3.044601 -2.19495 3.151683 13.73417 3.303923 13.75334 2.894792 13.82061 3.044601 -2.155611 2.547793 -2.250196 2.920502 -2.140644 2.552487 13.80416 2.561949 14.07105 2.922466 14.07321 2.919616 13.81795 2.552487 14.07416 2.920502 13.80416 2.561949 -2.252471 3.077353 -2.251917 2.79914 -2.476509 2.984807 -2.252471 14.073 -2.476509 14.13686 -2.139458 14.26757 14.08755 2.946537 14.06028 2.79914 14.073 3.077353 14.08755 2.946537 14.06695 2.764778 14.06028 2.79914 14.26757 2.952454 14.06028 2.79914 14.07321 2.777386 -2.159058 2.632577 -2.201733 3.130776 -2.1397 2.635536 13.80286 2.627443 13.62456 3.128667 13.81493 2.632577 -2.15027 2.627443 -2.197713 3.129997 -2.201935 3.128667 13.62653 3.30758 13.49621 3.164346 13.62631 3.264874 13.62653 3.30758 13.62415 3.313906 13.83071 3.077962 -2.074578 3.164346 -2.371436 3.118137 -2.200159 3.313906 13.83071 3.077962 13.49621 3.164346 13.62653 3.30758 13.62415 3.313906 13.55276 3.118137 13.83071 3.077962 13.83071 3.077962 13.62632 2.998485 13.6263 2.987894 13.80224 2.5096 13.91165 3.121047 13.81413 2.5102 13.81685 2.502096 13.91108 3.119332 13.90797 3.120625 -1.968033 3.269402 -1.967905 3.276155 -1.797625 3.081155 -1.967877 3.297752 -1.797625 3.081155 -2.165331 3.133169 13.91024 3.276155 14.12482 3.054798 13.86498 3.081155 -1.797625 3.081155 -1.967531 2.940998 -1.968014 2.946707 14.12482 3.054798 13.91035 2.977352 13.91045 2.940998 -2.165331 3.133169 -1.968014 2.946707 -1.968064 2.977352 13.82193 2.492371 13.86162 3.144212 13.80853 2.496461 -2.146731 2.492371 -2.324551 3.142753 -2.320352 3.144212 -2.139644 2.496461 -2.32098 3.144417 -2.158243 2.489318 -2.28362 3.395167 -2.254421 3.104646 -2.322097 3.371822 -2.323184 3.360826 -2.340608 3.051923 -2.28362 3.395167 13.72561 3.104646 13.86091 2.984238 13.85986 3.360826 13.85986 3.360826 13.86091 2.984238 14.01291 3.051923 13.87663 3.395167 14.01291 3.051923 13.72561 3.104646 14.01291 3.051923 13.85966 2.935442 13.72561 3.104646 13.86091 2.984238 13.86131 2.922217 14.01291 3.051923 13.85966 2.935442 13.86091 2.984238 13.72561 3.104646 -2.141066 2.544742 -1.971253 3.072826 -1.967362 3.070498 13.80292 2.537361 13.5667 3.070622 13.81348 2.548889 13.81959 2.544742 13.56948 3.070498 13.80292 2.537361 -1.969714 3.201381 -2.141853 3.066851 -1.968229 3.258092 -1.968229 3.258092 -1.760504 3.086455 -1.969725 3.239312 -1.760504 3.086455 -1.982444 3.059363 -1.96734 2.872945 -1.760504 3.086455 -1.96935 2.854359 -2.141853 3.066851 -1.760504 3.086455 -1.96734 2.872945 -1.96935 2.854359 13.8209 2.586885 14.11011 3.20301 13.8094 2.593046 13.8209 2.586885 14.10833 3.204799 14.11221 3.202009 -2.138832 2.593046 -2.095904 3.204799 -2.154883 2.597996 14.11018 3.375743 14.28302 3.167736 14.03265 3.157297 -2.094431 3.411336 -1.935756 3.157297 -2.236352 3.234223 13.99298 3.234223 14.28302 3.167736 14.11058 3.407478 -1.935756 3.157297 -2.095022 3.007216 -2.236352 3.234223 13.99298 3.234223 14.11054 3.002291 14.28302 3.167736 -2.095022 3.007216 -2.094405 3.002291 -2.236352 3.234223 13.81864 2.520539 13.67453 3.274341 13.67864 3.276069 13.80227 2.518223 13.67453 3.274341 13.81864 2.520539 -2.150498 2.518223 -2.306994 3.275492 -2.310759 3.274341 -2.184166 3.242377 -2.310513 3.115359 -2.433006 3.276729 -2.311146 3.314196 -2.307796 3.109303 -2.184166 3.242377 13.67555 3.314196 13.67376 3.115359 13.67688 3.109303 -2.151885 2.612293 -2.008661 3.124608 -2.005272 3.123259 13.80387 2.613766 13.81006 3.124608 13.82158 2.612293 -2.006869 13.80836 -2.055938 13.94945 -1.795934 13.76703 13.80836 3.281537 13.80857 3.335957 13.94945 3.209435 -2.006834 3.305096 -2.172609 3.040865 -2.007404 3.335957 13.68223 3.040865 13.94945 3.209435 13.80857 3.335957 -2.055938 3.209435 -2.010701 2.945864 -1.795934 3.153214 13.94945 3.209435 13.68223 3.040865 13.82275 2.945864 -2.172609 3.040865 -2.00688 2.943058 -2.006881 2.923627 -1.795934 3.153214 -2.00688 2.943058 -2.172609 3.040865 13.76703 3.153214 13.82275 2.945864 13.80834 2.943058 13.68223 3.040865 13.80826 2.923627 13.82275 2.945864 -2.113353 2.090757 -2.156361 2.089111 -2.164325 3.027053 13.83258 2.089111 13.80082 3.026786 13.8161 3.027053 -2.132319 2.08958 -2.153637 3.02731 -2.166177 3.026786 -2.140392 2.786766 -2.1546 2.798144 -1.995853 3.093423 13.81877 2.798144 13.75268 3.093117 13.75706 3.093423 -1.995439 3.253071 -2.19495 3.151683 -1.993677 3.283682 13.76035 3.283682 13.74963 3.015004 13.73417 3.303923 -1.993677 3.283682 -2.19495 3.151683 -2.012404 3.044601 13.74963 3.015004 13.76035 3.283682 13.82061 3.044601 -2.155611 2.547793 -2.254808 2.919616 -2.250196 2.920502 13.81662 2.547793 13.80416 2.561949 14.07321 2.919616 13.80416 2.561949 14.07416 2.920502 14.07105 2.922466 14.07302 3.048785 14.26757 2.952454 14.08755 2.946537 14.07302 3.048785 14.073 3.077353 14.26757 2.952454 14.08755 2.946537 14.26757 2.952454 14.07321 2.777386 -2.139458 2.952454 -2.476509 2.984807 -2.251917 2.79914 14.08755 2.946537 14.07321 2.777386 14.06695 2.764778 -2.1397 2.635536 -2.201733 3.130776 -2.197713 3.129997 13.81493 2.632577 13.62456 3.128667 13.62844 3.130776 13.80286 2.627443 13.81517 2.635536 13.62587 3.129997 13.62631 3.264874 13.49621 3.164346 13.62415 3.313906 -2.371436 3.118137 -2.074578 3.164346 -2.202275 2.959587 13.49621 3.164346 13.6263 2.987894 13.62485 2.959587 13.49621 3.164346 13.83071 3.077962 13.6263 2.987894 13.83071 3.077962 13.55276 3.118137 13.62485 2.959587 13.83071 3.077962 13.62485 2.959587 13.62632 2.998485 -2.14073 2.502096 -1.97019 3.121047 -1.965794 3.119332 -2.14073 2.502096 -2.15838 2.5102 -1.97019 3.121047 13.80224 2.5096 13.90797 3.120625 13.91165 3.121047 13.80224 2.5096 13.81685 2.502096 13.90797 3.120625 -1.968033 3.269402 -1.797625 3.081155 -1.967877 3.297752 -1.967905 3.276155 -1.967877 3.297752 -2.165331 3.133169 -1.967905 3.276155 -2.165331 3.133169 -1.923161 3.054798 -2.165331 3.133169 -1.797625 3.081155 -1.968014 2.946707 -1.797625 13.86498 -1.923161 14.12482 -1.967531 13.91045 14.12482 3.054798 13.82841 3.133169 13.91035 2.977352 13.82193 2.492371 13.80888 2.489318 13.86032 3.142753 -2.158243 2.489318 -2.32098 3.144417 -2.324551 3.142753 13.80853 2.496461 13.86162 3.144212 13.8574 3.144417 13.85971 3.371822 13.72561 3.104646 13.85986 3.360826 14.01291 3.051923 13.86131 2.922217 13.85966 2.935442 -2.141066 2.544742 -2.1579 2.548889 -1.971253 3.072826 13.81348 2.548889 13.5667 3.070622 13.57012 3.072826 -2.148541 2.537361 -1.967362 3.070498 -1.971374 3.070622 -1.969714 3.201381 -1.969725 3.239312 -2.141853 3.066851 -2.141853 3.066851 -1.969725 3.239312 -1.760504 3.086455 -1.968229 3.258092 -2.141853 3.066851 -1.982444 3.059363 -1.968229 3.258092 -1.982444 3.059363 -1.760504 3.086455 -2.141853 3.066851 -1.96935 2.854359 -1.982444 3.059363 -2.15343 2.586885 -2.095308 3.202009 -2.091681 3.20301 13.8209 2.586885 13.80526 2.597996 14.10833 3.204799 -2.138832 2.593046 -2.091681 3.20301 -2.095904 3.204799 14.11058 3.407478 14.10978 3.411336 13.99298 3.234223 -2.094292 3.375743 -1.935756 3.157297 -2.094431 3.411336 14.11018 3.375743 14.11058 3.407478 14.28302 3.167736 -2.095022 3.007216 -1.935756 3.157297 -2.094281 3.03596 -1.935756 14.03265 -2.030625 14.28302 -2.094281 14.11018 14.28302 3.167736 14.11054 3.002291 14.11018 3.03596 -2.138801 2.524083 -2.156654 2.520539 -2.308538 3.276069 -2.150498 2.518223 -2.138801 2.524083 -2.306994 3.275492 13.81126 2.524083 13.67864 3.276069 13.67455 3.275492 -2.308689 3.430893 -2.184166 3.242377 -2.31646 3.453456 -2.308689 3.430893 -2.311146 3.314196 -2.184166 3.242377 13.67555 3.314196 13.66981 3.453456 13.53835 3.276729 -2.31646 3.453456 -2.184166 3.242377 -2.433006 3.276729 13.67555 3.314196 13.53835 3.276729 13.67376 3.115359 -2.310513 3.115359 -2.184166 3.242377 -2.308941 3.133102 -2.184166 3.242377 -2.307796 3.109303 -2.308941 3.133102 -2.139073 2.607105 -2.151885 2.612293 -2.005272 3.123259 13.80387 2.613766 13.80578 3.12387 13.81006 3.124608 -2.156018 2.613766 -2.139073 2.607105 -2.006947 3.12387 13.81116 2.607105 13.81021 3.123259 13.80578 3.12387 -2.006834 3.305096 -2.006869 3.281537 -1.795934 3.153214 -2.172609 3.040865 -2.006834 3.305096 -1.795934 3.153214 14.30706 2.269049 14.30343 2.996713 14.31429 2.996913 14.33264 2.268135 14.31638 2.996506 14.29071 2.26777 14.30706 2.269049 14.31429 2.996913 14.33264 2.268135 14.31265 2.632528 14.10802 3.079833 14.11137 3.081129 14.31542 2.636028 14.10802 3.079833 14.30204 2.628782 -1.296494 2.636028 -1.360036 3.081129 -1.356241 3.081653 -1.35799 3.226162 -1.169953 3.107058 -1.357968 3.228655 -1.35799 14.11024 -1.400379 13.97296 -1.555144 14.17294 -1.169953 3.107058 -1.555144 3.100236 -1.357953 2.933901 13.97296 3.130588 14.11028 2.915107 14.17294 3.100236 14.21659 3.107058 14.11069 2.933901 13.97296 3.130588 13.97296 3.130588 14.11023 2.957089 14.11028 2.915107 -1.300014 2.630444 -1.167739 3.143688 -1.312229 2.631377 -1.300014 2.630444 -1.164141 3.1431 -1.167739 3.143688 14.31829 2.627129 14.41641 3.142317 14.30191 2.630444 -1.300901 2.627129 -1.167739 3.143688 -1.163804 3.142317 14.4161 3.297279 14.6149 3.112405 14.42458 3.020233 -1.164425 3.216395 -1.166161 3.011871 -1.169521 3.243226 -1.161739 3.297279 -1.057527 3.020233 -1.164425 3.216395 14.41488 3.243226 14.41407 3.011871 14.6149 3.112405 -1.164425 3.216395 -1.057527 3.020233 -1.166161 3.011871 -1.057527 3.020233 -1.165507 3.037448 -1.166161 3.011871 -1.057527 3.020233 -1.165626 3.009499 -1.165507 3.037448 -1.196249 14.6149 -1.165626 14.41511 -1.057527 14.42458 14.6149 3.112405 14.41407 3.011871 14.41511 3.009499 -1.297216 2.703756 -1.585495 3.032762 -1.310036 2.69273 14.3091 2.703756 14.34531 3.034017 14.34198 3.035493 -1.30763 2.693587 -1.583654 3.034017 -1.297216 2.703756 14.31772 2.693587 14.34159 3.032762 14.34531 3.034017 -1.583835 3.14732 -1.384638 3.063284 -1.583886 3.154775 -1.583835 14.34298 -1.739518 14.46073 -1.528865 14.52191 -1.583809 3.142082 -1.739518 3.051235 -1.583835 3.14732 -1.583809 14.34294 -1.68698 14.1852 -1.739518 14.46073 -1.583886 3.154775 -1.384638 3.063284 -1.583809 3.142082 -1.583835 14.34298 -1.528865 14.52191 -1.384638 14.36354 -1.583809 14.34294 -1.384638 14.36354 -1.68698 14.1852 -1.384638 3.063284 -1.558603 2.919085 -1.68698 3.061059 -1.739518 14.46073 -1.58388 14.34297 -1.528865 14.52191 14.20431 2.919085 14.34298 2.928434 14.34297 2.923334 14.20431 2.919085 14.34296 2.936741 14.34298 2.928434 14.31101 2.767273 14.22157 2.989165 14.21818 2.988332 -1.308392 2.774103 -1.237432 2.989165 -1.295495 2.767273 -1.249776 3.056547 -1.231249 3.101427 -1.050003 2.99264 -1.231249 3.101427 -1.245007 2.89598 -1.050003 2.99264 -1.231249 3.101427 -1.334541 2.975228 -1.245007 2.89598 -1.050003 2.99264 -1.245007 2.89598 -1.239499 2.876977 -1.334541 2.975228 -1.239499 2.876977 -1.239502 2.904553 -1.298813 2.718201 -1.306892 3.159209 -1.312428 2.716758 14.30356 2.718201 14.52183 3.157534 14.51852 3.159209 14.30617 2.716758 14.52114 3.157858 14.31761 2.710975 -1.307013 3.252753 -1.30713 3.267275 -1.201517 3.113298 -1.307132 14.52054 -1.224013 14.36892 -1.488002 14.46391 14.52053 3.252753 14.36892 3.181102 14.52054 3.253765 -1.30713 3.267275 -1.488002 3.186874 -1.201517 3.113298 -1.488002 3.186874 -1.307426 3.0521 -1.201517 3.113298 -1.224013 3.181102 -1.307426 3.0521 -1.488002 3.186874 14.51999 3.032293 14.52062 3.0521 14.36892 3.181102 -1.295534 2.611371 -1.429844 3.034414 -1.308671 2.604665 14.31098 2.611371 14.1932 3.034617 14.18993 3.034414 14.30295 2.604665 14.1932 3.034617 14.31884 2.610463 -1.431883 3.149864 -1.239914 3.033306 -1.43192 3.164457 -1.431883 3.149864 -1.556821 3.034257 -1.239914 3.033306 14.19083 3.166989 14.1908 3.164457 14.31965 3.034257 -1.239914 3.033306 -1.527753 3.000674 -1.43192 3.164457 -1.239914 3.033306 -1.431874 2.882472 -1.431954 2.896709 -1.239914 3.033306 -1.431874 2.911842 -1.431874 2.882472 14.31965 3.034257 14.19083 2.896709 14.19084 2.911842 -1.303412 2.784972 -1.168316 3.042218 -1.171091 3.043757 14.31092 2.780664 14.3146 3.042218 14.30122 2.784972 -1.169482 3.149363 -1.059481 3.021601 -1.16067 3.150981 -1.16067 3.150981 -1.16454 2.989583 -1.172876 3.065821 -1.16067 3.150981 -1.059481 3.021601 -1.16454 2.989583 14.31936 3.065821 14.31013 2.989583 14.31702 2.926008 14.27841 3.021601 14.31702 2.926008 14.31645 2.925653 14.30114 2.684788 14.47642 3.238295 14.31502 2.678065 14.31438 2.684452 14.4742 3.240396 14.30114 2.684788 -1.311017 2.678065 -1.515183 3.239153 -1.29594 2.684452 -1.516224 3.372534 -1.674082 3.238737 -1.520762 3.348045 -1.516379 3.356916 -1.456691 3.207539 -1.674082 3.238737 14.4864 3.348045 14.31857 3.207539 14.47554 3.356916 -1.674082 3.238737 -1.516331 3.121622 -1.520762 3.348045 14.31857 3.207539 14.47546 3.126737 14.53859 3.238737 -1.674082 14.53859 -1.51637 14.47551 -1.516331 14.47992 14.47992 3.121622 14.47546 3.126737 14.31857 3.207539 -1.296318 2.819401 -1.27885 3.144402 -1.31318 2.823258 14.30652 2.819401 14.05021 3.146504 14.0476 3.144402 14.31662 2.828526 14.05021 3.146504 14.30652 2.819401 -1.300143 2.828526 -1.281215 3.14674 -1.276905 3.146504 -1.279126 3.331457 -1.210165 3.23845 -1.357636 3.13523 -1.277573 3.195358 -1.279024 2.971113 -1.210165 3.23845 -1.357636 3.13523 -1.279024 2.971113 -1.277573 3.195358 -1.337724 2.269049 -1.301972 2.26777 -1.291606 2.996713 14.29071 2.26777 14.31638 2.996506 14.30343 2.996713 -1.314161 2.268135 -1.298876 2.996913 -1.28682 2.996506 14.31265 2.632528 14.30204 2.628782 14.10802 3.079833 14.31542 2.636028 14.11145 3.081653 14.10802 3.079833 -1.296494 2.636028 -1.313218 2.632528 -1.360036 3.081129 -1.35799 3.226162 -1.555144 3.100236 -1.169953 3.107058 14.11024 3.226162 14.11025 3.21283 13.97296 3.130588 14.11025 3.21283 14.11025 3.228655 13.97296 3.130588 14.11025 3.228655 14.21659 3.107058 13.97296 3.130588 -1.357953 2.933901 -1.555144 3.100236 -1.358138 2.915107 13.97296 3.130588 14.11069 2.933901 14.11023 2.957089 14.30191 2.630444 14.41641 3.142317 14.41332 3.1431 -1.300901 2.627129 -1.312229 2.631377 -1.167739 3.143688 14.41488 3.243226 14.6149 3.112405 14.4161 3.297279 -1.297216 2.703756 -1.582393 3.035493 -1.585495 3.032762 14.31772 2.693587 14.30515 2.69273 14.34159 3.032762 14.1852 3.061059 14.20431 2.919085 14.46073 3.051235 -1.384638 14.36354 -1.528865 14.52191 -1.558603 14.20431 14.52191 3.029451 14.34297 2.923334 14.34296 2.936741 -1.739518 14.46073 -1.558603 14.20431 -1.58388 14.34297 -1.558603 14.20431 -1.528865 14.52191 -1.583866 14.34296 14.30428 2.769401 14.21818 2.988332 14.22089 2.990172 -1.311419 2.769401 -1.295495 2.767273 -1.239542 2.988332 -1.308392 2.774103 -1.24157 2.990172 -1.237432 2.989165 14.31706 2.774103 14.30428 2.769401 14.22089 2.990172 -1.249776 3.056547 -1.050003 2.99264 -1.239499 2.876977 -1.245007 14.23198 -1.334541 14.19729 -1.239502 14.22025 -1.334541 2.975228 -1.249776 3.056547 -1.239499 2.876977 14.30617 2.716758 14.51852 3.159209 14.52114 3.157858 14.30356 2.718201 14.31761 2.710975 14.52183 3.157534 -1.300404 2.710975 -1.309369 3.157858 -1.305116 3.157534 -1.30713 3.267275 -1.307132 3.253765 -1.488002 3.186874 14.52053 3.252753 14.61137 3.113298 14.36892 3.181102 14.36892 3.181102 14.61137 3.113298 14.51999 3.032293 -1.306809 3.032293 -1.201517 3.113298 -1.307118 3.071464 -1.201517 3.113298 -1.307426 3.0521 -1.307118 3.071464 -1.308671 2.604665 -1.429844 3.034414 -1.433395 3.033079 -1.295534 2.611371 -1.305632 2.610463 -1.432283 3.034617 14.30295 2.604665 14.1893 3.033079 14.1932 3.034617 14.19085 3.149864 14.19083 3.166989 14.31965 3.034257 14.31965 3.034257 14.1908 3.164457 13.98494 3.000674 14.31965 3.034257 13.98494 3.000674 14.19083 2.896709 -1.527753 13.98494 -1.239914 14.16953 -1.431954 14.19083 -1.239914 3.033306 -1.556821 3.034257 -1.431874 2.911842 14.31664 2.788226 14.30122 2.784972 14.3152 3.043757 14.31092 2.780664 14.3187 3.042476 14.3146 3.042218 -1.296157 2.780664 -1.309984 2.788226 -1.168995 3.042476 14.31664 2.788226 14.3152 3.043757 14.3187 3.042476 -1.169482 3.149363 -1.172876 3.065821 -1.059481 3.021601 -1.059481 3.021601 -1.172876 3.065821 -1.169425 2.926008 -1.16454 2.989583 -1.059481 3.021601 -1.169488 2.925653 -1.30545 2.684788 -1.514892 3.240396 -1.5183 3.238295 14.31438 2.684452 14.47774 3.239153 14.4742 3.240396 -1.311017 2.678065 -1.5183 3.238295 -1.515183 3.239153 -1.516224 3.372534 -1.516379 3.356916 -1.674082 3.238737 14.4864 3.348045 14.47992 3.121622 14.31857 3.207539 -1.674082 3.238737 -1.516287 3.126737 -1.51637 3.117718 14.30937 2.823258 14.0476 3.144402 14.05006 3.14674 -1.300143 2.828526 -1.31318 2.823258 -1.281215 3.14674 -1.277573 3.195358 -1.279126 3.331457 -1.357636 3.13523 -1.279126 3.331457 -1.278782 3.305794 -1.210165 3.23845 -1.278782 3.305794 -1.277573 3.195358 -1.210165 3.23845 -1.357636 3.13523 -1.210165 3.23845 -1.279153 2.978264 -1.357636 3.13523 -1.279153 2.978264 -1.279024 2.971113 12.05123 1.871793 12.04943 2.297907 12.04309 2.298024 12.03265 1.871257 12.04066 2.297785 12.05855 1.871044 12.05123 1.871793 12.04309 2.298024 12.03265 1.871257 12.05178 2.086428 11.9739 2.436018 11.97176 2.43557 -2.475466 2.085394 -2.458028 2.436018 -2.467984 2.086428 -2.467535 2.08437 -2.456272 2.43557 -2.458732 2.435574 -2.457565 2.503851 -2.573599 2.422525 -2.457682 2.50486 -2.573599 11.94739 -2.429564 12.07918 -2.457634 11.97241 12.07918 2.436351 11.97222 2.369165 11.88645 2.441732 -2.380698 2.441732 -2.457676 2.362152 -2.573599 2.422525 11.88645 2.441732 11.97222 2.369165 11.97238 2.362152 -2.47562 2.138352 -2.35881 2.36665 -2.466518 2.133526 12.0479 2.138352 12.17811 2.367374 12.18035 2.36665 12.17938 2.42394 12.17936 2.43359 12.09766 2.379834 12.17936 2.43359 12.17372 2.322741 12.09766 2.379834 12.09766 2.379834 12.17372 2.322741 12.17941 2.302311 12.05229 2.097053 12.02993 2.275797 12.04182 2.098378 12.04502 2.094194 12.03132 2.274755 12.05229 2.097053 12.04502 2.094194 12.02882 2.274841 12.03132 2.274755 -2.575399 12.03021 -2.541929 12.1063 -2.475024 12.04856 -2.475024 12.04856 -2.541929 12.1063 -2.575904 12.02835 12.1063 2.272368 12.03022 2.204814 12.02835 2.233203 12.1063 2.272368 12.03069 2.225111 12.03022 2.204814 12.04507 2.149932 11.9371 2.29699 11.93506 2.295223 -2.472805 12.04116 -2.294985 11.93482 -2.470764 12.05027 -2.472805 2.154426 -2.293282 2.295223 -2.294985 2.296905 -2.293955 11.93567 -2.185242 11.84056 -2.405464 11.8585 12.03689 2.292498 11.84056 2.289504 11.93554 2.382002 11.93564 2.381751 11.8585 2.283941 12.03689 2.292498 -2.185242 11.84056 -2.241872 12.03689 -2.293912 11.93567 -2.185242 2.289504 -2.293912 2.223031 -2.294354 2.213605 12.03689 2.292498 11.93613 2.213605 11.93568 2.211347 -2.473678 2.081104 -2.491181 2.271893 -2.465387 2.081884 12.04095 2.085978 12.15805 2.272351 12.15647 2.273056 12.15771 2.320348 12.06251 2.2477 12.15831 2.346232 -2.489981 12.15771 -2.431576 12.15379 -2.513903 12.06251 -2.489981 12.15771 -2.512765 12.26813 -2.431576 12.15379 12.15771 2.320348 12.15777 2.33813 12.26813 2.282296 12.15777 2.33813 12.15831 2.346232 12.26813 2.282296 12.15831 2.346232 12.06251 2.2477 12.26813 2.282296 12.26813 2.282296 12.15797 2.202706 12.15379 2.270601 12.06251 2.2477 12.15797 2.202706 12.26813 2.282296 -2.431576 12.15379 -2.489981 12.15771 -2.513903 12.06251 -2.431576 2.270601 -2.491252 2.202706 -2.489983 2.220114 12.04747 2.191054 11.97492 2.301778 11.97317 2.301108 -2.470456 2.185971 -2.501735 2.301108 -2.504478 2.300504 12.04747 2.191054 11.97317 2.301108 12.04138 2.185971 -2.504059 2.362879 -2.495725 2.243696 -2.502414 2.364463 11.97432 2.362879 11.97219 2.349627 11.97536 2.241997 11.97439 2.364463 11.97947 2.243696 11.88153 2.267197 11.97219 2.349627 11.88153 2.267197 11.97536 2.241997 -2.475348 2.213488 -2.370949 2.408739 -2.46598 2.209164 12.04817 2.213488 12.07748 2.409463 12.07943 2.409822 12.0405 2.211213 12.08005 2.408739 12.07748 2.409463 -2.250002 2.404547 -2.372432 2.373397 -2.372701 2.505382 -2.371533 2.506389 -2.474724 2.395278 -2.250002 2.404547 -2.372432 2.373397 -2.474724 2.395278 -2.372701 2.505382 -2.250002 2.404547 -2.474724 2.395278 -2.371738 2.317381 -2.474724 2.395278 -2.371985 2.329036 -2.371738 2.317381 12.05231 2.104466 12.12177 2.368761 12.04365 2.109332 12.05231 2.104466 12.12099 2.367642 12.12343 2.367594 -2.465222 2.109332 -2.634092 2.367642 -2.473899 2.104926 -2.632947 2.434272 -2.528375 2.349542 -2.63274 2.44767 -2.632947 2.434272 -2.632521 2.443971 -2.528375 2.349542 -2.632521 2.443971 -2.63274 2.44767 -2.739218 2.364308 -2.63274 12.12174 -2.624282 11.98775 -2.739218 12.15093 12.1747 2.349542 11.98775 2.356122 12.12174 2.44767 -2.739218 2.364308 -2.528375 2.349542 -2.632521 2.443971 -2.624282 11.98775 -2.528375 12.1747 -2.632947 12.1218 -2.739218 2.364308 -2.632862 2.296302 -2.528375 2.349542 -2.528375 2.349542 -2.632862 2.296302 -2.632947 2.290613 -2.739218 2.364308 -2.632942 2.311396 -2.632862 2.296302 -2.739218 2.364308 -2.632947 2.290613 -2.632942 2.311396 -2.468596 2.114218 -2.427231 2.269552 -2.42523 2.268415 12.04249 2.11151 11.96501 2.268446 11.96744 2.269552 -2.466115 2.109535 -2.427087 2.268446 -2.474171 2.11151 -2.426557 11.9663 -2.469699 11.88623 -2.433552 11.96985 -2.426562 11.96631 -2.433552 11.96985 -2.324104 11.98546 -2.324104 2.285766 -2.4253 2.182862 -2.469699 2.278862 11.96602 2.182862 11.96566 2.186681 11.88623 2.278862 11.88623 2.278862 11.96566 2.186681 12.06892 2.238779 -2.477066 12.06892 -2.426549 11.96631 -2.324104 11.98546 -2.448355 1.871793 -2.472841 1.871044 -2.478372 2.297907 12.05855 1.871044 12.04066 2.297785 12.04943 2.297907 -2.461227 1.871257 -2.472716 2.298024 -2.48029 2.297785 12.04485 2.085394 11.97138 2.435574 11.9739 2.436018 -2.475466 2.085394 -2.467535 2.08437 -2.458732 2.435574 12.04061 2.08437 12.05178 2.086428 11.97176 2.43557 -2.457565 2.503851 -2.380698 2.441732 -2.573599 2.422525 -2.457634 2.492829 -2.457682 2.50486 -2.573599 2.422525 11.97242 2.503851 12.07918 2.436351 11.88645 2.441732 11.97242 2.503851 11.97241 2.492829 12.07918 2.436351 11.97222 2.369165 12.07918 2.436351 11.97238 2.37752 -2.429564 12.07918 -2.573599 11.94739 -2.457671 11.97238 -2.573599 2.422525 -2.457676 2.362152 -2.457671 2.37752 -2.466518 2.133526 -2.35881 2.36665 -2.356278 2.366184 -2.47562 2.138352 -2.466713 2.138019 -2.357835 2.367374 -2.466713 2.138019 -2.356278 2.366184 -2.357835 2.367374 12.04106 2.138019 12.04978 2.133526 12.17915 2.366184 -2.357497 2.43359 -2.370786 2.368658 -2.362112 2.322741 12.17119 2.368658 12.17938 2.42394 12.09766 2.379834 12.17372 2.322741 12.17119 2.368658 12.18628 2.301554 12.17119 2.368658 12.09766 2.379834 12.17941 2.302311 -2.369007 2.301554 -2.370786 2.368658 -2.357794 2.302311 -2.47029 2.097053 -2.576291 2.274755 -2.574078 2.275797 -2.474734 2.094194 -2.466108 2.098378 -2.575761 2.274841 -2.466108 2.098378 -2.574078 2.275797 -2.575761 2.274841 -2.5754 2.340632 -2.475024 2.310016 -2.576114 2.337397 -2.5754 2.340632 -2.575399 2.335083 -2.475024 2.310016 12.03021 2.335083 12.0296 2.337397 12.1063 2.272368 -2.475024 2.310016 -2.575904 2.233203 -2.576114 2.337397 12.0296 2.337397 12.03069 2.225111 12.1063 2.272368 12.0296 2.337397 12.02835 2.233203 12.03069 2.225111 -2.466205 2.149932 -2.470764 2.158373 -2.293626 2.29699 -2.470764 12.05027 -2.294985 11.93482 -2.293626 11.9371 -2.472805 2.154426 -2.466205 2.149932 -2.293282 2.295223 -2.294123 2.381751 -2.241872 2.292498 -2.29389 2.382002 -2.294123 2.381751 -2.293955 2.369272 -2.405464 2.283941 -2.293955 2.369272 -2.29389 2.382002 -2.185242 2.289504 11.8585 2.283941 11.93613 2.213605 12.03689 2.292498 -2.405464 11.8585 -2.185242 11.84056 -2.294354 11.93613 12.03689 2.292498 11.93568 2.211347 11.93567 2.223031 -2.465387 2.081884 -2.491181 2.271893 -2.488545 2.272351 12.04987 2.081104 12.04095 2.085978 12.15844 2.271893 12.04095 2.085978 12.15647 2.273056 12.15844 2.271893 12.04095 2.085978 12.04984 2.081884 12.15805 2.272351 12.15797 2.202706 12.06251 2.2477 12.15771 2.22 -2.431576 2.270601 -2.489983 2.220114 -2.489981 2.22 -2.464358 2.191054 -2.472613 2.190945 -2.502971 2.301778 12.05111 2.190945 11.97338 2.300504 11.97492 2.301778 12.05111 2.190945 12.04138 2.185971 11.97338 2.300504 11.97439 2.364463 11.88153 2.267197 11.97219 2.349627 -2.504059 2.362879 -2.502433 2.241997 -2.495725 2.243696 11.97536 2.241997 11.88153 2.267197 11.97369 2.238882 -2.446667 11.88153 -2.495725 11.97947 -2.503162 11.97369 -2.475348 2.213488 -2.373259 2.409822 -2.370949 2.408739 -2.475348 2.213488 -2.467512 2.211213 -2.371769 2.409463 12.0405 2.211213 12.05009 2.209164 12.08005 2.408739 -2.370964 2.506934 -2.250002 2.404547 -2.372701 2.505382 -2.371533 12.07929 -2.372701 12.07842 -2.474724 12.12606 -2.371533 2.506389 -2.250002 2.404547 -2.370964 2.506934 -2.250002 2.404547 -2.371738 2.317381 -2.372432 2.373397 -2.474724 2.395278 -2.372432 2.373397 -2.371985 2.329036 -2.47014 2.104466 -2.633042 2.367594 -2.631673 2.368761 12.05231 2.104466 12.04238 2.104926 12.12099 2.367642 -2.465222 2.109332 -2.631673 2.368761 -2.634092 2.367642 -2.624282 11.98775 -2.632947 12.1218 -2.739218 12.15093 12.05163 2.114218 12.04249 2.11151 11.96744 2.269552 -2.466115 2.109535 -2.42523 2.268415 -2.427087 2.268446 12.04237 2.109535 12.05163 2.114218 11.96595 2.268415 11.9663 2.338869 11.96631 2.340529 11.88623 2.278862 -2.426562 2.340529 -2.324104 2.285766 -2.469699 2.278862 12.06892 2.238779 11.96985 2.340516 11.88623 2.278862 -2.324104 2.285766 -2.433552 2.340516 -2.477066 2.238779 -2.4253 2.182862 -2.324104 2.285766 -2.426549 2.204187 12.06892 2.238779 11.96566 2.186681 11.96631 2.204187 -0.866766 2.340717 -0.9106602 3.175742 -0.8985642 3.175971 -0.875384 2.339667 -0.9085075 3.175504 -0.9076093 2.339249 14.3827 2.340717 14.35656 3.175971 14.34751 2.339667 -0.8964574 2.761323 -0.8369291 3.446388 -0.833073 3.445511 14.35761 2.759296 14.26141 3.446388 14.37227 2.761323 -0.8893864 2.757288 -0.833073 3.445511 -0.8365391 3.445519 -0.8353887 3.579317 -0.994721 3.419948 -0.8356146 3.581294 14.1555 3.419948 14.4353 3.447042 14.2594 3.557718 14.4353 3.447042 14.25936 3.315381 14.17482 3.457586 -0.6710645 3.457586 -0.8355265 3.301639 -0.994721 3.419948 -0.6710645 3.457586 -0.8347343 3.315381 -0.8355265 3.301639 -0.9056669 2.863073 -0.8067297 3.310453 -0.8931195 2.853617 14.36209 2.863073 14.62449 3.311872 14.62728 3.310453 14.62641 3.42272 14.62654 3.441632 14.50657 3.336289 14.62654 3.441632 14.61546 3.224408 14.50657 3.336289 14.50657 3.336289 14.61546 3.224408 14.62646 3.184374 -0.9002014 2.782144 -1.042737 3.132416 -0.8879425 2.784739 14.35829 2.77654 14.27957 3.130373 14.37171 2.782144 14.35829 2.77654 14.27613 3.130542 14.27957 3.130373 -1.044879 14.27844 -1.03838 14.41149 -0.9051546 14.36342 -0.9051546 14.36342 -1.03838 14.41149 -1.044566 14.27535 14.41149 3.125695 14.27844 2.993314 14.27535 3.048946 14.41149 3.125695 14.27814 3.03309 14.27844 2.993314 -0.8899518 2.885766 -0.569766 3.173945 -0.5680779 3.170483 -0.8975898 14.35361 -0.5704921 14.29635 -0.899753 14.36841 -0.8975898 2.894573 -0.5680779 3.170483 -0.5704921 3.173779 -0.569438 3.315591 -0.3522114 3.159277 -0.6921181 3.148374 14.47957 3.165142 14.21815 3.159277 14.29806 3.340537 14.29807 3.340046 14.1188 3.148374 14.47957 3.165142 -0.3522114 14.21815 -0.5494865 14.47957 -0.5693696 14.29823 -0.3522114 3.159277 -0.5693696 3.029013 -0.5702966 3.010541 14.47957 3.165142 14.29867 3.010541 14.29825 3.006117 -0.9038895 2.750888 -0.9923042 3.124765 -0.891462 2.752417 14.35467 2.76044 14.51955 3.125662 14.51653 3.127043 14.51822 3.219719 14.36201 3.077355 14.51867 3.270441 14.51822 3.219719 14.54583 3.122233 14.36201 3.077355 -0.9900885 14.51822 -1.08747 14.67044 -0.9004238 14.54583 14.51822 3.219719 14.51819 3.254566 14.67044 3.145151 14.51819 3.254566 14.51867 3.270441 14.67044 3.145151 14.51867 3.270441 14.36201 3.077355 14.67044 3.145151 -1.08747 3.145151 -0.9921392 2.989184 -0.9004238 3.122233 14.36201 3.077355 14.51788 2.989184 14.67044 3.145151 14.54583 3.122233 14.51822 3.023074 14.36201 3.077355 -0.9004238 3.122233 -0.9921392 2.989184 -0.9900955 3.023298 -0.8885602 2.966351 -0.9047795 3.183328 -0.901929 3.182016 -0.8941989 2.95639 -0.901929 3.182016 -0.9061552 3.180831 14.36789 2.966351 14.23526 3.182016 14.35528 2.95639 -0.9060645 3.303064 -0.8965432 3.06951 -0.9036451 3.306168 14.23565 3.303064 14.23276 3.277095 14.23814 3.06618 -0.9036451 3.306168 -0.8965432 3.06951 -0.7669904 3.115563 -0.9040768 3.277095 -0.7669904 3.115563 -0.9042274 3.06618 -0.9054104 3.010312 -0.7674176 3.392932 -0.8924905 3.00184 -0.9054104 3.010312 -0.7671719 3.394351 -0.7705222 3.395054 14.35566 3.005855 14.47019 3.392932 14.46587 3.394351 -0.5919705 3.384718 -0.7682377 3.323675 -0.7691058 3.582317 -0.7678609 3.584291 -0.9491147 3.366554 -0.5919705 3.384718 -0.7682377 3.323675 -0.9491147 3.366554 -0.7691058 3.582317 -0.5919705 3.384718 -0.9491147 3.366554 -0.7678305 3.213905 -0.9491147 3.366554 -0.7683521 3.236744 -0.7678305 3.213905 -0.8999912 2.796669 -1.181576 3.314591 -0.8876671 2.806206 14.37183 2.796669 14.38067 3.312397 14.38493 3.312304 -0.8876671 2.806206 -1.184749 3.312397 -0.8999256 2.797571 14.38289 3.442968 14.52165 3.276928 14.38257 3.469223 14.38289 3.442968 14.38319 3.461974 14.52165 3.276928 -1.183018 3.461974 -1.183157 3.469223 -1.359261 3.305865 -1.183157 3.469223 -1.093713 3.289823 -1.359261 3.305865 14.52165 3.276928 14.18687 3.289823 14.38257 3.469223 -1.359261 3.305865 -1.057292 3.276928 -1.183018 3.461974 14.18687 3.289823 14.52165 3.276928 14.38254 3.161448 -1.359261 3.305865 -1.183554 3.172598 -1.057292 3.276928 14.52165 3.276928 14.38306 3.172598 14.38254 3.161448 -1.359261 3.305865 -1.183628 3.202176 -1.183554 3.172598 -1.359261 3.305865 -1.183501 3.161448 -1.183628 3.202176 -0.8972923 2.815781 -0.7871271 3.120177 -0.7832811 3.11795 14.35482 2.810474 14.26583 3.118009 14.26938 3.120177 -0.8882689 2.806602 -0.7855195 3.118009 -0.9003977 2.810474 -0.7854687 14.26807 -0.8041582 14.1235 -0.7979736 14.26938 -0.7854777 3.259267 -0.7979736 3.259241 -0.6430943 3.151951 14.35545 3.151951 14.26836 2.950297 14.1235 3.138422 14.26836 2.950297 14.26699 2.957781 14.1235 3.138422 14.1235 3.138422 14.26699 2.957781 14.39272 3.059873 -0.9198766 3.059873 -0.7854609 2.992086 -0.6430943 3.151951 -0.866766 2.340717 -0.9076093 2.339249 -0.9106602 3.175742 14.37962 2.339249 14.34858 3.175504 14.3628 3.175742 -0.875384 2.339667 -0.8985642 3.175971 -0.9085075 3.175504 14.35761 2.759296 14.25723 3.445519 14.26141 3.446388 -0.9036874 2.759296 -0.8893864 2.757288 -0.8365391 3.445519 14.35581 2.757288 14.37227 2.761323 14.25921 3.445511 -0.8353887 3.579317 -0.6710645 3.457586 -0.994721 3.419948 -0.8354828 3.557718 -0.8356146 3.581294 -0.994721 3.419948 14.25946 3.579317 14.4353 3.447042 14.17482 3.457586 14.25946 3.579317 14.2594 3.557718 14.4353 3.447042 14.25936 3.315381 14.4353 3.447042 14.25934 3.331755 -0.8546554 14.4353 -0.994721 14.1555 -0.8355241 14.25934 -0.994721 3.419948 -0.8355265 3.301639 -0.8355241 3.331755 -0.8931195 2.853617 -0.8067297 3.310453 -0.8022527 3.30954 -0.9056669 2.863073 -0.8884162 2.862422 -0.8039865 3.311872 14.35696 2.862422 14.62694 3.30954 14.62449 3.311872 14.35696 2.862422 14.37012 2.853617 14.62694 3.30954 14.62654 3.441632 14.60671 3.314389 14.61546 3.224408 14.60671 3.314389 14.62641 3.42272 14.50657 3.336289 -0.8078707 3.224408 -0.8194066 3.314389 -0.8253884 3.182889 14.60671 3.314389 14.50657 3.336289 14.62646 3.184374 -0.8253884 3.182889 -0.8194066 3.314389 -0.8046698 3.184374 -0.9002014 2.782144 -1.046845 3.130373 -1.042737 3.132416 -0.9026902 2.77654 -0.8879425 2.784739 -1.044618 3.130542 14.35843 2.784739 14.27876 3.132416 14.27613 3.130542 -1.044882 3.259467 -0.9051546 3.199472 -1.0456 3.253129 -1.044882 3.259467 -1.044879 3.248593 -0.9051546 3.199472 14.27844 3.248593 14.27711 3.253129 14.41149 3.125695 -0.9051546 3.199472 -1.044566 3.048946 -1.0456 3.253129 14.27711 3.253129 14.27814 3.03309 14.41149 3.125695 -1.0456 3.253129 -1.044566 3.048946 -1.047793 3.03309 -0.8899518 2.885766 -0.899753 2.902307 -0.569766 3.173945 -0.899753 14.36841 -0.5704921 14.29635 -0.569766 14.30054 -0.8975898 2.894573 -0.8899518 2.885766 -0.5680779 3.170483 14.29807 3.340046 14.47957 3.165142 14.29806 3.340537 14.29807 3.340046 14.29821 3.315591 14.1188 3.148374 -0.569438 3.315591 -0.5692664 3.340537 -0.3522114 3.159277 14.1188 3.148374 14.29867 3.010541 14.47957 3.165142 -0.6921181 14.1188 -0.3522114 14.21815 -0.5702966 14.29867 14.47957 3.165142 14.29825 3.006117 14.29823 3.029013 -0.891462 2.752417 -0.9923042 3.124765 -0.9881318 3.125662 14.36616 2.750888 14.35467 2.76044 14.51862 3.124765 -0.8938789 2.76044 -0.9889159 3.127043 -0.9923042 3.124765 14.35467 2.76044 14.37086 2.752417 14.51955 3.125662 14.51788 2.989184 14.36201 3.077355 14.51822 3.023074 -0.9004238 3.122233 -0.9900955 3.023298 -0.9900881 3.023074 -0.8885602 2.966351 -0.9030067 2.966137 -0.9047795 3.183328 14.36862 2.966137 14.23401 3.180831 14.23717 3.183328 14.36862 2.966137 14.35528 2.95639 14.23401 3.180831 -0.9036451 3.306168 -0.7669904 3.115563 -0.9040768 3.277095 14.23565 3.303064 14.23814 3.06618 14.24814 3.06951 -0.9042274 3.06618 -0.7669904 3.115563 -0.9043662 3.060076 -0.7669904 14.12966 -0.8965432 14.24814 -0.9043662 14.23523 -0.9054104 3.010312 -0.7705222 3.395054 -0.7674176 3.392932 -0.9054104 3.010312 -0.8892912 3.005855 -0.7671719 3.394351 14.35566 3.005855 14.37089 3.00184 14.47019 3.392932 -0.7666367 3.585357 -0.5919705 3.384718 -0.7691058 3.582317 14.46873 3.584291 14.46674 3.582317 14.47959 3.366554 -0.7678609 3.584291 -0.5919705 3.384718 -0.7666367 3.585357 -0.5919705 3.384718 -0.7678305 3.213905 -0.7682377 3.323675 -0.9491147 3.366554 -0.7682377 3.323675 -0.7683521 3.236744 -0.8999912 2.796669 -1.184578 3.312304 -1.181576 3.314591 14.37183 2.796669 14.35481 2.797571 14.38067 3.312397 -0.8876671 2.806206 -1.181576 3.314591 -1.184749 3.312397 -1.093713 14.18687 -1.183501 14.38254 -1.359261 14.36525 14.3717 2.815781 14.35482 2.810474 14.26938 3.120177 14.35925 2.806602 14.2683 3.11795 14.26583 3.118009 14.35925 2.806602 14.3717 2.815781 14.2683 3.11795 14.26807 3.256013 14.26807 3.259267 14.1235 3.138422 14.26807 3.259267 14.35545 3.151951 14.1235 3.138422 14.39272 3.059873 14.26938 3.259241 14.1235 3.138422 -0.6430943 3.151951 -0.7979736 3.259241 -0.9198766 3.059873 -0.7834242 2.950297 -0.6430943 3.151951 -0.7854609 2.992086 -0.9198766 3.059873 -0.7854011 2.957781 -0.7854609 2.992086 13.79325 2.262225 13.82103 2.719747 13.81219 2.719873 13.79556 2.26165 13.81814 2.719617 13.82065 2.261421 -1.002259 2.262225 -1.023188 2.719873 -1.026998 2.26165 13.8153 2.569414 13.74736 2.781823 13.74992 2.781778 13.80482 2.566149 13.74736 2.781823 13.8153 2.569414 -1.020535 2.566149 -0.9219325 2.780959 -0.9242318 2.781823 13.74847 2.874356 13.84832 2.786378 13.75394 2.80927 -1.031359 2.764471 -0.8708232 2.786378 -0.9227246 2.874356 13.84832 2.786378 13.74826 2.675594 13.75394 2.80927 -1.031359 2.764471 -0.9227496 2.689836 -0.8708232 2.786378 -1.031359 2.764471 -0.9230012 2.702609 -0.9227496 2.689836 -1.031359 2.764471 -0.9218334 2.675594 -0.9230012 2.702609 -0.9371672 2.798449 -0.9218334 2.675594 -1.031359 2.764471 -1.012536 2.489384 -1.038561 2.858932 -1.040665 2.85921 13.81704 2.48736 13.90354 2.858932 13.80818 2.489384 -1.012536 2.489384 -1.040665 2.85921 -1.024934 2.488471 13.9032 2.918012 14.0311 2.859116 13.9032 2.932974 -1.040165 13.9032 -1.19072 13.89648 -1.037969 14.0311 -1.040165 2.918012 -1.040156 2.930347 -1.19072 2.848005 -1.040156 2.930347 -1.040091 2.932974 -0.936823 2.849514 13.9032 2.932974 14.0311 2.859116 13.80831 2.849514 -0.936823 2.849514 -1.040118 2.793507 -1.040156 2.787039 14.0311 2.859116 13.90323 2.800701 13.9032 2.793507 -1.023866 13.81456 -1.083985 13.66898 -1.012603 13.80928 13.80892 2.624396 13.66801 2.702636 13.81456 2.631407 -1.021083 13.80892 -1.08215 13.66718 -1.084851 13.66801 -1.083729 13.66805 -1.110462 13.53358 -1.183622 13.71764 13.66728 2.797164 13.53358 2.715963 13.66805 2.783091 -1.183622 2.736234 -1.006189 2.679827 -1.082708 2.797164 -1.183622 2.736234 -1.093847 2.607399 -1.006189 2.679827 13.81615 2.60145 13.84823 2.834399 13.84612 2.833966 13.80948 2.606173 13.84537 2.835126 13.84823 2.834399 -1.014258 2.602409 -0.9029514 2.835126 -1.024234 2.606173 13.76839 2.808153 13.92904 2.798365 13.84747 2.95045 -0.8018722 2.805888 -0.9018671 2.738796 -0.9018373 2.730115 13.80449 2.541093 13.87866 2.790899 13.87606 2.790975 -1.014904 2.53977 -1.192523 2.789587 -1.189913 2.790899 -1.017242 2.541093 -1.192523 2.789587 -1.023827 2.53565 -1.191088 2.857955 -1.223073 2.782327 -1.192937 2.866308 -1.191088 2.857955 -1.128512 2.820884 -1.223073 2.782327 13.87673 2.866308 13.956 2.781734 13.87756 2.863785 -1.128512 2.820884 -1.191067 2.713905 -1.223073 2.782327 13.956 2.781734 13.87786 2.713905 13.80167 2.820884 -1.198126 2.787492 -1.191067 2.713905 -1.110564 2.781734 13.80714 2.533705 13.66553 2.665587 13.81553 2.538781 -1.024381 2.533705 -0.9464383 2.664141 -0.9487135 2.665587 -0.9471857 13.66588 -1.057499 13.60869 -0.9693857 13.78847 -0.9471857 13.66588 -0.8152386 13.59743 -1.057499 13.60869 -0.947176 2.731025 -0.9471003 2.726798 -0.8152386 2.672911 13.66588 2.729799 13.78847 2.700058 13.66585 2.726798 -0.9471003 13.66585 -0.9693857 13.78847 -0.8152386 13.59743 -0.9472189 2.5937 -0.947186 2.613147 -1.057499 2.691984 -0.947368 2.603939 -0.9472189 2.5937 -0.8152386 2.672911 -1.019529 2.45654 -0.9465003 2.66543 -0.9436805 2.664758 13.80938 2.463498 14.02804 2.66543 13.81572 2.45654 -1.012187 13.80809 -0.9444456 14.02608 -1.024172 13.80938 -0.945021 2.743362 -1.038343 2.664223 -0.9441458 2.755498 -0.9323565 2.67312 -1.038343 2.664223 -0.945021 2.743362 14.05485 2.621695 14.02738 2.58174 14.03113 2.67312 13.81513 2.514793 13.74515 2.780485 13.74225 2.780027 -1.025046 2.511047 -1.117874 2.780485 -1.01428 2.514793 -1.025046 2.511047 -1.117371 2.780027 -1.119742 2.779692 -1.118272 13.74364 -1.051323 13.73427 -1.174206 13.64193 13.64193 2.781317 13.76067 2.741136 13.74408 2.873775 13.73427 2.85155 13.73994 2.712351 13.64193 2.781317 13.73994 2.712351 13.74359 2.690409 13.64193 2.781317 13.81513 2.467881 13.76656 2.862819 13.80481 2.468309 -1.024836 2.471913 -0.8397376 2.862871 -1.013552 2.467881 -1.024836 2.471913 -0.8403266 2.862819 -0.8421424 2.86369 -0.8407109 2.947838 -0.9569451 2.862833 -0.8394478 2.914344 13.62642 2.872519 13.76965 2.914344 13.76736 2.773182 -0.9569451 2.862833 -0.8405137 2.76322 -0.8394478 2.914344 -0.8560858 13.62642 -0.8402859 13.76736 -0.9569451 13.79864 13.76906 2.76322 13.76736 2.773182 13.76965 2.914344 -0.9569451 2.862833 -0.8407112 2.796494 -0.8405137 2.76322 13.79325 2.262225 13.82065 2.261421 13.82103 2.719747 -1.008448 2.261421 -1.029598 2.719617 -1.020167 2.719747 -1.026998 2.26165 -1.023188 2.719873 -1.029598 2.719617 13.81033 2.564474 13.74992 2.781778 13.74731 2.780959 -1.012451 2.564474 -1.022555 2.569414 -0.922446 2.781778 -1.020535 2.566149 -1.012451 2.564474 -0.9219325 2.780959 13.70235 2.798449 13.78492 2.764471 13.74847 2.874356 13.75394 2.80927 13.74826 2.675594 13.70235 2.798449 13.74826 2.675594 13.84832 2.786378 13.74851 2.689836 -1.016526 2.48736 -1.040705 2.858577 -1.038561 2.858932 -1.016526 2.48736 -1.024934 2.488471 -1.040705 2.858577 13.80963 2.488471 13.90169 2.85921 13.90475 2.858577 -1.040156 2.930347 -0.936823 2.849514 -1.19072 2.848005 -1.19072 2.848005 -1.040156 2.787039 -1.040146 2.800701 -1.19072 2.848005 -0.936823 2.849514 -1.040156 2.787039 -0.936823 13.80831 -1.037969 14.0311 -1.040118 13.9032 -1.037969 14.0311 -1.19072 13.89648 -1.040146 13.90323 -1.012603 13.80928 -1.083985 13.66898 -1.08215 13.66718 13.81456 2.631407 13.66801 2.702636 13.66898 2.704829 -1.021083 13.80892 -1.012603 13.80928 -1.08215 13.66718 -1.083638 2.772322 -1.083729 2.783091 -1.183622 2.736234 -1.083638 2.772322 -1.183622 2.736234 -1.082708 2.797164 13.66728 2.797164 13.64306 2.679827 13.53358 2.715963 -1.183622 2.736234 -1.084962 2.601111 -1.093847 2.607399 13.71764 2.736234 13.53358 2.715963 13.6682 2.601111 -1.110462 13.53358 -1.006189 13.64306 -1.084962 13.6682 13.80629 2.602409 13.81615 2.60145 13.84612 2.833966 -1.015012 2.60145 -1.024234 2.606173 -0.9021012 2.834399 -1.014258 2.602409 -0.90043 2.833966 -0.9029514 2.835126 -0.9018563 2.933955 -0.9941758 2.808153 -0.902227 2.95045 13.84658 2.933955 13.84313 2.945314 13.76839 2.808153 13.84313 2.945314 13.84747 2.95045 13.84081 2.805888 -0.9005279 2.945314 -0.8018722 2.805888 -0.9941758 2.808153 -0.902227 2.95045 -0.9836735 2.798365 -0.8018722 2.805888 -0.8018722 2.805888 -0.9018072 2.734836 -0.9941758 2.808153 -0.9836735 13.92904 -0.9941758 13.76839 -0.9018671 13.84657 -0.9941758 2.808153 -0.9018072 2.734836 -0.9018671 2.738796 -0.8018722 2.805888 -0.9018373 2.730115 -0.9018072 2.734836 -0.8018722 2.805888 -0.9836735 2.798365 -0.9018671 2.738796 13.80449 2.541093 13.81653 2.53977 13.87866 2.790899 -1.014904 2.53977 -1.023827 2.53565 -1.192523 2.789587 -1.017242 2.541093 -1.190781 2.790975 -1.192523 2.789587 13.87755 2.857955 13.87756 2.863785 13.80167 2.820884 -1.128512 13.80167 -1.191083 13.87756 -1.110564 13.956 -1.192937 2.866308 -1.198126 2.787492 -1.110564 2.781734 -1.192937 2.866308 -1.223073 2.782327 -1.198126 2.787492 13.81056 2.531582 13.6669 2.665596 13.66507 2.664141 13.81056 2.531582 13.81553 2.538781 13.6669 2.665596 -1.018486 13.81553 -0.9487135 13.66553 -0.9459149 13.6669 -1.024381 13.80714 -1.01277 13.81056 -0.9464383 13.66507 -0.9471857 2.729799 -0.947176 2.731025 -0.8152386 2.672911 13.78847 2.700058 13.66915 2.603939 13.59743 2.672911 13.78847 2.700058 13.60869 2.691984 13.66915 2.603939 -1.057499 2.691984 -0.8152386 2.672911 -0.9472189 2.5937 -0.947368 2.603939 -1.057499 2.691984 -0.947186 2.613147 13.80809 2.461053 14.02784 2.664758 14.02608 2.666536 13.80809 2.461053 13.81572 2.45654 14.02784 2.664758 13.80938 2.463498 14.02608 2.666536 14.02804 2.66543 14.02889 2.755498 14.05485 2.621695 14.03113 2.67312 -0.9441458 2.755498 -1.038343 2.664223 -0.9441173 2.621695 -1.038343 2.664223 -0.9323565 2.67312 -0.9445902 2.58174 14.05485 2.621695 13.98104 2.664223 14.0273 2.591259 -1.038343 2.664223 -0.9445902 2.58174 -0.9449038 2.591259 13.80477 2.512057 13.81513 2.514793 13.74225 2.780027 -1.025046 2.511047 -1.119742 2.779692 -1.117874 2.780485 -1.025046 2.511047 -1.01609 2.512057 -1.117371 2.780027 13.74408 2.873775 13.74364 2.852084 13.64193 2.781317 -1.118272 2.852084 -1.118255 2.856945 -1.051323 2.85155 -1.118255 2.856945 -1.118459 2.873775 -1.051323 2.85155 -1.118459 2.873775 -1.11391 2.740797 -1.051323 2.85155 -1.11391 2.740797 -1.118459 2.873775 -1.237313 2.741136 13.73427 2.85155 13.79421 2.740797 13.73994 2.712351 -1.174206 13.64193 -1.11827 13.74359 -1.237313 13.76067 -1.237313 2.741136 -1.11827 2.690409 -1.11391 2.740797 13.81513 2.467881 13.7696 2.862871 13.76656 2.862819 -1.024836 2.471913 -0.8421424 2.86369 -0.8397376 2.862871 -1.024836 2.471913 -1.017171 2.468309 -0.8403266 2.862819 -0.8407109 2.947838 -0.8407704 2.958479 -0.9569451 2.862833 -0.8407704 13.76817 -0.8560858 13.62642 -0.9569451 13.79864 13.76817 2.958479 13.76965 2.914344 13.62642 2.872519 -0.9569451 2.862833 -0.8402859 2.773182 -0.8407112 2.796494 -3.483208 1.810636 -3.510465 2.199851 -3.503776 2.199958 13.18556 1.810147 13.18851 2.19974 13.20674 1.809952 13.20569 1.810636 13.19251 2.199958 13.18556 1.810147 -3.504228 2.075316 -3.638677 2.203034 -3.636798 2.204307 13.19078 2.080934 13.25896 2.203034 13.19922 2.075316 -3.497537 13.19826 -3.637353 13.25763 -3.501731 13.19078 -3.637641 2.261685 -3.637879 2.263862 -3.639013 2.188484 13.25882 2.261685 13.25696 2.188484 13.28568 2.20894 -3.637879 2.263862 -3.552937 2.214441 -3.639013 2.188484 -3.632322 2.20894 -3.637548 2.151567 -3.552937 2.214441 13.28568 2.20894 13.25877 2.148798 13.25882 2.151567 -3.637548 2.151567 -3.639013 2.188484 -3.552937 2.214441 -3.498236 2.065153 -3.458687 2.205505 -3.456946 2.204542 13.19603 2.065179 13.11674 2.204552 13.11914 2.205505 -3.500124 2.061332 -3.459159 2.204552 -3.50709 2.065179 13.20088 2.065153 13.11796 2.204542 13.19129 2.061332 -3.458288 2.26558 -3.337319 2.19595 -3.459141 2.276738 -3.459141 13.11798 -3.337319 13.06208 -3.498068 12.99025 13.11798 2.276738 12.99025 2.221984 13.15564 2.108139 -3.337319 13.06208 -3.458325 13.1176 -3.498068 12.99025 -3.411666 13.23632 -3.458204 13.11792 -3.337319 13.06208 13.20132 1.983815 13.30811 2.234765 13.19521 1.985245 13.19361 1.987194 13.30677 2.235533 13.30911 2.234683 -3.49599 1.985245 -3.461593 2.235533 -3.506476 1.987194 13.30797 2.298471 13.30779 2.313813 13.42076 2.236791 -3.45983 2.315018 -3.37806 2.223677 -3.461216 2.313813 13.42076 2.236791 13.22482 2.223677 13.30658 2.315018 13.30779 2.313813 13.33658 2.205197 13.42076 2.236791 -3.461216 2.313813 -3.37806 2.223677 -3.520889 2.205197 -3.37806 2.223677 -3.460871 2.173913 -3.520889 2.205197 13.42076 2.236791 13.30798 2.177529 13.30802 2.173913 -3.506914 2.080396 -3.563799 2.317239 -3.56586 2.316973 13.19859 2.082604 13.15854 2.317239 13.19115 2.081195 -3.564507 2.375959 -3.565312 2.391941 -3.651137 2.297686 -3.565312 13.15801 -3.520543 13.21946 -3.484653 13.07762 -3.564589 2.387113 -3.651137 2.297686 -3.520543 2.36752 13.21946 2.36752 13.16057 2.253467 13.07762 2.294222 -3.520543 2.36752 -3.651137 2.297686 -3.562608 2.253467 -3.651137 2.297686 -3.564527 2.248574 -3.562608 2.253467 13.16057 2.253467 13.15988 2.243189 13.07762 2.294222 -3.499323 2.078119 -3.317072 2.173958 -3.315809 2.17203 -3.504607 13.19361 -3.31662 13.15726 -3.317072 13.15921 -3.500364 13.1922 -3.315809 13.15956 -3.31662 13.15726 -3.315995 2.241397 -3.290403 2.103554 -3.391146 2.244808 -3.391146 2.244808 -3.416437 2.12374 -3.218021 2.169249 13.05688 2.103554 13.20681 2.12374 13.17956 2.244808 13.24056 2.169249 13.05688 2.103554 13.1576 2.241397 13.05688 2.103554 13.15867 2.099715 13.15864 2.096641 13.05688 2.103554 13.15868 2.105869 13.15867 2.099715 -3.416437 13.20681 -3.316475 13.15868 -3.218021 13.24056 -3.416437 2.12374 -3.316529 2.096641 -3.316475 2.105869 -3.49814 1.994438 -3.585978 2.212722 -3.584094 2.213066 -3.500304 1.998392 -3.584838 2.21397 -3.507001 1.994066 13.20084 1.994438 13.32646 2.21397 13.19135 1.998392 -3.584683 13.32805 -3.584958 13.3277 -3.674666 13.38743 -3.674666 2.201881 -3.579507 2.264248 -3.584683 2.288792 -3.674666 2.201881 -3.584167 2.151296 -3.579507 2.264248 13.19615 2.036576 13.08427 2.257158 13.08618 2.25797 -3.499465 2.034832 -3.51243 2.257158 -3.507286 2.036576 13.20087 2.038798 13.08384 2.257055 13.19118 2.034832 -3.511213 2.319004 -3.512369 2.337429 -3.417268 2.256904 12.97756 2.27412 13.08751 2.213917 13.08666 2.337429 13.08666 2.337429 13.08751 2.213917 13.14488 2.231568 -3.417268 13.0448 -3.483997 13.14488 -3.51113 13.08475 -3.507017 2.010358 -3.384837 2.225093 -3.499472 2.006023 -3.498625 2.009011 -3.386754 2.22635 -3.507017 2.010358 13.19086 2.009011 13.2922 2.225093 13.28983 2.225885 -3.385299 2.25682 -3.307364 2.227102 -3.385704 2.298392 -3.385448 2.279601 -3.462629 2.219367 -3.385299 2.25682 -3.307364 2.227102 -3.385583 2.163996 -3.462629 2.219367 -3.385299 2.25682 -3.385131 2.156254 -3.307364 2.227102 -3.462629 2.219367 -3.385583 2.163996 -3.385451 2.175462 -3.50283 2.056276 -3.650243 2.149753 -3.6487 2.151738 -3.504071 13.19203 -3.649738 13.20509 -3.650243 13.20697 -3.498383 2.062605 -3.649738 2.150577 -3.504071 2.055519 13.20485 2.243923 13.11296 2.143004 13.20601 2.220343 13.11296 2.143004 13.25454 2.12609 13.20601 2.220343 -3.719174 2.12609 -3.647738 2.07583 -3.626802 2.243923 13.11296 2.143004 13.2064 2.080317 13.25454 2.12609 13.11296 2.143004 13.20646 2.075457 13.2064 2.080317 -3.636981 13.11296 -3.647738 13.20746 -3.649491 13.20646 -3.483208 1.810636 -3.507488 1.809952 -3.510465 2.199851 13.20674 1.809952 13.18851 2.19974 13.19704 2.199851 -3.490754 1.810147 -3.503776 2.199958 -3.510194 2.19974 -3.497537 2.081597 -3.504228 2.075316 -3.636798 2.204307 -3.501731 2.080934 -3.637353 2.204731 -3.638677 2.203034 -3.497537 13.19826 -3.636798 13.25988 -3.637353 13.25763 -3.637879 2.263862 -3.632322 2.20894 -3.552937 2.214441 13.28568 2.20894 13.25696 2.188484 13.25877 2.148798 -3.498236 2.065153 -3.50709 2.065179 -3.458687 2.205505 -3.500124 2.061332 -3.456946 2.204542 -3.459159 2.204552 -3.458288 2.26558 -3.458224 2.278407 -3.337319 2.19595 13.11786 2.278407 13.11798 2.276738 13.23632 2.230662 -3.458224 13.11786 -3.411666 13.23632 -3.337319 13.06208 13.11798 2.276738 13.15564 2.108139 13.23632 2.230662 -3.411666 13.23632 -3.546292 13.15564 -3.458204 13.11792 -3.498068 12.99025 -3.458325 13.1176 -3.546292 13.15564 -3.458325 2.130858 -3.337319 2.19595 -3.458204 2.139111 -3.501846 1.983815 -3.461586 2.234683 -3.459445 2.234765 13.20132 1.983815 13.19361 1.987194 13.30911 2.234683 -3.49599 1.985245 -3.459445 2.234765 -3.461593 2.235533 13.30658 2.315018 13.30797 2.298471 13.42076 2.236791 -3.37806 13.22482 -3.416745 13.42076 -3.460871 13.30802 -3.416745 13.42076 -3.520889 13.33658 -3.46087 13.30798 -3.496893 2.082604 -3.506914 2.080396 -3.563928 2.317538 -3.506914 2.080396 -3.56586 2.316973 -3.563928 2.317538 -3.506914 2.080396 -3.499134 2.081195 -3.563799 2.317239 13.19859 2.082604 13.16119 2.317538 13.15854 2.317239 13.15801 2.391941 13.15997 2.387113 13.21946 2.36752 -3.564589 2.387113 -3.564507 2.375959 -3.651137 2.297686 -3.565312 2.391941 -3.484653 2.294222 -3.651137 2.297686 -3.651137 2.297686 -3.484653 2.294222 -3.564507 2.243189 -3.651137 2.297686 -3.564507 2.243189 -3.564527 2.248574 -3.499323 2.078119 -3.504607 2.084323 -3.317072 2.173958 -3.504607 2.084323 -3.500364 2.077058 -3.31662 2.172591 -3.500364 13.1922 -3.499323 13.20066 -3.315809 13.15956 13.1576 2.241397 13.15868 2.243182 13.24056 2.169249 -3.316491 13.15868 -3.391146 13.17956 -3.218021 13.24056 -3.316491 2.243182 -3.316498 2.261232 -3.391146 2.244808 -3.316498 2.261232 -3.315995 2.241397 -3.391146 2.244808 -3.290403 13.05688 -3.218021 13.24056 -3.316475 13.15868 -3.416437 13.20681 -3.290403 13.05688 -3.316529 13.15864 -3.49814 1.994438 -3.507001 1.994066 -3.585978 2.212722 13.19599 1.994066 13.32646 2.21397 13.32831 2.212722 13.20084 1.994438 13.32879 2.213066 13.32646 2.21397 13.3277 2.28901 13.32599 2.264248 13.22527 2.218021 13.3277 2.28901 13.22527 2.218021 13.38743 2.201881 13.32599 2.264248 13.32635 2.151296 13.22527 2.218021 -3.674666 13.38743 -3.627083 13.22527 -3.58501 13.32766 13.22527 2.218021 13.32768 2.141018 13.32766 2.142711 13.22527 2.218021 13.32635 2.151296 13.32768 2.141018 -3.674666 2.201881 -3.58501 2.142711 -3.584167 2.151296 -3.498701 2.038798 -3.507286 2.036576 -3.511222 2.25797 -3.499465 2.034832 -3.510323 2.257055 -3.51243 2.257158 13.20087 2.038798 13.08618 2.25797 13.08384 2.257055 13.08489 2.318796 13.0849 2.319004 12.97756 2.27412 -3.511213 13.0849 -3.417268 13.0448 -3.559733 12.97756 13.08489 2.318796 12.97756 2.27412 13.08666 2.337429 13.08666 2.337429 13.14488 2.231568 13.0448 2.256904 12.97756 2.27412 13.08475 2.184919 13.08751 2.213917 -3.559733 12.97756 -3.417268 13.0448 -3.51113 13.08475 -3.507017 2.010358 -3.386754 2.22635 -3.384837 2.225093 -3.498625 2.009011 -3.384746 2.225885 -3.386754 2.22635 13.19086 2.009011 13.20037 2.006023 13.2922 2.225093 -3.385448 2.279601 -3.385704 2.298392 -3.462629 2.219367 -3.462629 2.219367 -3.385704 2.298392 -3.307364 2.227102 -3.385299 2.25682 -3.462629 2.219367 -3.385131 2.156254 -3.307364 2.227102 -3.385131 2.156254 -3.385583 2.163996 -3.385131 2.156254 -3.462629 2.219367 -3.385451 2.175462 -3.498383 2.062605 -3.50283 2.056276 -3.6487 2.151738 -3.50283 13.20137 -3.504071 13.19203 -3.650243 13.20697 -3.498383 13.19472 -3.6487 13.20687 -3.649738 13.20509 -3.626802 2.243923 -3.649629 2.226699 -3.719174 2.12609 13.20673 2.226699 13.20601 2.220343 13.25454 2.12609 13.11296 2.143004 13.20485 2.243923 13.20746 2.07583 13.20746 2.07583 13.25454 2.12609 13.2064 2.080317 12.55422 2.360169 12.5516 2.573272 12.55542 2.57333 12.56196 2.359901 12.55574 2.573211 12.54771 2.359794 -0.4916323 2.360169 -0.4785568 2.57333 -0.4830501 2.359901 12.55103 2.490359 12.5177 2.625529 12.55608 2.492121 12.55568 2.49053 12.51845 2.625426 12.51706 2.62506 -0.4826275 2.492121 -0.4297003 2.625426 -0.4778609 2.49053 -0.4826275 2.492121 -0.4305708 2.625529 -0.4297003 2.625426 12.5121 2.660822 12.55862 2.616768 12.51831 2.664572 12.5169 2.660483 12.51706 2.58513 12.5121 2.660822 12.5121 2.660822 12.51706 2.58513 12.5176 2.589743 12.55862 2.616768 12.5177 2.589275 12.51706 2.58513 -0.4834222 12.55336 -0.5041294 12.63897 -0.5052606 12.63902 12.5557 2.513648 12.63897 2.549284 12.55354 2.518192 -0.4787971 12.5557 -0.5052606 12.63902 -0.5041422 12.6395 12.63937 2.591531 12.68637 2.559516 12.63974 2.596113 -0.5046339 2.593888 -0.5040832 2.596113 -0.465441 2.550365 12.63974 2.596113 12.68637 2.559516 12.59984 2.550365 -0.5046339 2.593888 -0.465441 2.550365 -0.5584072 2.55262 -0.5047281 2.591531 -0.5584072 2.55262 -0.4718504 2.559516 -0.5112197 12.59344 -0.5030429 12.65629 -0.5584072 12.63083 -0.5112197 12.59344 -0.465441 12.59984 -0.5045754 12.63912 12.65629 2.508133 12.63912 2.506321 12.63918 2.508209 12.59984 2.550365 12.63916 2.511745 12.63912 2.506321 -0.4781751 12.5523 -0.5330498 12.46592 -0.4823798 12.55335 -0.4801431 12.55614 -0.5330197 12.46687 -0.5320305 12.466 12.55335 2.487663 12.46687 2.562357 12.55614 2.491851 -0.5327137 12.46626 -0.5700152 12.43458 -0.5814961 12.52661 -0.5814961 2.570051 -0.4919485 2.566986 -0.5327023 2.599723 -0.4919485 2.566986 -0.5814961 2.570051 -0.5285498 2.521468 -0.4919485 2.566986 -0.5285498 2.521468 -0.5326687 2.523796 -0.5700152 12.43458 -0.5327413 12.46628 -0.5814961 12.52661 -0.4919485 2.566986 -0.5326687 2.523796 -0.5700152 2.559168 -0.5700152 2.559168 -0.5326687 2.523796 -0.5327413 2.531159 12.55581 2.479582 12.58692 2.565397 12.55131 2.482148 -0.4787199 2.479582 -0.3870426 2.566037 -0.3861379 2.565397 -0.3868785 2.617425 -0.3853996 2.585133 -0.436529 2.564947 -0.3854642 2.597353 -0.3734877 2.518216 -0.3853996 2.585133 -0.3854642 2.597353 -0.436529 2.564947 -0.3734877 2.518216 -0.436529 2.564947 -0.3853996 2.585133 -0.3867393 2.519247 -0.3865743 2.515969 -0.3867393 2.519247 -0.3853996 2.585133 12.55276 2.502391 12.59187 2.627666 12.59287 2.627349 -0.4782625 2.505158 -0.5707328 2.627666 -0.4827754 2.502391 -0.5703313 2.655513 -0.5125861 2.622398 -0.569805 2.666547 -0.5703313 2.655513 -0.5703161 2.661656 -0.5125861 2.622398 -0.5703161 2.661656 -0.5700456 2.615164 -0.5125861 2.622398 -0.5125861 2.622398 -0.5707853 2.60771 -0.569805 2.666547 12.59299 2.661656 12.5947 2.609524 12.5928 2.615164 -0.5125861 2.622398 -0.5700456 2.615164 -0.5707853 2.60771 -0.4820648 2.491403 -0.4564849 2.632176 -0.457818 2.632523 -0.4774286 2.491662 -0.4564849 2.632176 -0.4820648 2.491403 12.55422 2.491662 12.49299 2.632589 12.49194 2.632176 -0.4570661 2.677617 -0.3968741 2.625787 -0.4571766 2.686245 12.5051 2.662231 12.46857 2.625787 12.49238 2.677617 -0.4571766 2.686245 -0.3968741 2.625787 -0.5226344 2.626665 -0.449779 2.662231 -0.4571635 2.582492 -0.3968741 2.625787 -0.5226344 2.626665 -0.4572595 2.581925 -0.4571133 2.589597 -0.4774998 2.468813 -0.4505733 2.634619 -0.4831887 2.469463 12.55277 2.468813 12.65132 2.63407 12.65016 2.634619 12.55316 2.469463 12.651 2.634381 12.55687 2.467281 -0.3991891 2.653948 -0.4514883 2.659084 -0.4509857 2.674195 12.69039 2.629942 12.65074 2.604394 12.65349 2.596222 -0.4812014 12.55172 -0.5553287 12.51449 -0.5562472 12.51555 -0.4782785 2.495369 -0.5553287 2.589388 -0.4812014 2.492201 12.55537 2.495369 12.51581 2.589754 12.51449 2.589388 -0.4820984 2.493332 -0.5554611 2.589754 -0.4782785 2.495369 -0.5556547 12.51517 -0.6143632 12.46983 -0.5972557 12.5607 12.51517 2.629257 12.51438 2.630611 12.46983 2.582045 -0.490462 2.56639 -0.6143632 2.582045 -0.5555624 2.630611 -0.5010216 2.610028 -0.5972557 2.585839 -0.490462 2.56639 -0.490462 2.56639 -0.5556507 2.544952 -0.5556541 2.550224 -0.490462 2.56639 -0.5556541 2.550224 -0.555661 2.543952 12.55541 2.458357 12.53087 2.628046 12.55124 2.459124 -0.4829003 2.460683 -0.390819 2.62843 -0.4777668 2.458357 12.55585 2.460683 12.53076 2.628607 12.53191 2.62843 -0.3908549 2.663524 -0.4199207 2.666662 -0.390855 2.663757 12.53218 2.675549 12.54637 2.615169 12.50638 2.625197 -0.3667277 2.625197 -0.3914311 2.596341 -0.4199207 2.666662 12.50638 2.625197 12.54637 2.615169 12.53113 2.586778 -0.4916323 2.360169 -0.4803059 2.359794 -0.4764851 2.573272 12.54771 2.359794 12.55574 2.573211 12.5516 2.573272 -0.4830501 2.359901 -0.4785568 2.57333 -0.4745037 2.573211 -0.4806691 2.490359 -0.4295471 2.62506 -0.4305708 2.625529 12.55103 2.490359 12.55568 2.49053 12.51706 2.62506 12.51831 2.664572 12.55862 2.616768 12.5169 2.660483 12.5121 2.660822 12.5176 2.589743 12.55862 2.616768 12.5169 2.660483 12.55862 2.616768 12.51706 2.58513 -0.4055528 2.616768 -0.4304431 2.589743 -0.4298561 2.589275 -0.4834222 12.55336 -0.4790159 12.55354 -0.5041294 12.63897 12.5557 2.513648 12.6395 2.54814 12.63897 2.549284 -0.4787971 12.5557 -0.4834222 12.55336 -0.5052606 12.63902 -0.5047281 2.591531 -0.5046339 2.593888 -0.5584072 2.55262 -0.465441 2.550365 -0.5112197 2.52488 -0.5584072 2.55262 12.68637 2.559516 12.65629 2.508133 12.59984 2.550365 -0.4718504 2.559516 -0.5584072 2.55262 -0.5030429 2.508133 -0.465441 12.59984 -0.5030429 12.65629 -0.5045095 12.63916 12.65629 2.508133 12.63918 2.508209 12.63916 2.511745 12.65629 2.508133 12.59344 2.52488 12.63912 2.506321 -0.4781751 2.489146 -0.5320305 2.562065 -0.5330498 2.561372 12.5523 2.489146 12.55614 2.491851 12.466 2.562065 12.55335 2.487663 12.46592 2.561372 12.46687 2.562357 -0.5327105 2.594663 -0.5327023 2.599723 -0.4919485 2.566986 12.46627 2.599723 12.46626 2.592165 12.52661 2.570051 -0.5327137 2.592165 -0.5327105 2.594663 -0.5700152 2.559168 -0.5327105 2.594663 -0.4919485 2.566986 -0.5700152 2.559168 12.52661 2.570051 12.46628 2.531159 12.46598 2.521468 -0.4826562 12.55538 -0.4799123 12.55131 -0.3870173 12.58646 -0.4799123 2.482148 -0.3861379 2.565397 -0.3870173 2.566368 -0.4787199 2.479582 -0.4826562 2.483383 -0.3870426 2.566037 -0.4826562 12.55538 -0.3870173 12.58646 -0.3870426 12.58756 -0.3868785 2.617425 -0.436529 2.564947 -0.3854642 2.597353 -0.3853996 2.585133 -0.3734877 2.518216 -0.3865743 2.515969 -0.3734877 2.518216 -0.436529 2.564947 -0.3867393 2.519247 -0.4782625 2.505158 -0.5696845 2.628097 -0.5707328 2.627666 12.55262 2.505158 12.55724 2.502692 12.59265 2.628097 -0.4803735 2.502692 -0.5708273 2.627349 -0.5696845 2.628097 12.55724 2.502692 12.55276 2.502391 12.59287 2.627349 12.59299 2.661656 12.59096 2.666547 12.5947 2.609524 12.5947 2.609524 12.59096 2.666547 12.59087 2.60771 12.55422 2.491662 12.5571 2.493169 12.49299 2.632589 -0.4806576 2.493169 -0.457818 2.632523 -0.45666 2.632589 12.5571 2.493169 12.55179 2.491403 12.49238 2.632523 -0.4571766 2.686245 -0.5226344 2.626665 -0.449779 2.662231 -0.3968741 2.625787 -0.4572595 2.581925 -0.5226344 2.626665 -0.449779 2.662231 -0.5226344 2.626665 -0.4571635 2.582492 -0.4571635 2.582492 -0.5226344 2.626665 -0.4571133 2.589597 -0.4572595 12.49181 -0.3968741 12.46857 -0.4571635 12.49333 -0.4831887 2.469463 -0.4505733 2.634619 -0.4517304 2.634381 12.55277 2.468813 12.55687 2.467281 12.65132 2.63407 -0.480648 2.467281 -0.4517304 2.634381 -0.4506699 2.63407 12.64986 2.659084 12.69039 2.629942 12.6508 2.671604 -0.4509857 2.674195 -0.4510072 2.671604 -0.3991891 2.653948 -0.4510072 2.671604 -0.4914215 2.629942 -0.3991891 2.653948 12.69039 2.629942 12.64986 2.659084 12.64811 2.600614 -0.3991891 2.653948 -0.4914215 2.629942 -0.4468685 2.596222 -0.4514883 2.659084 -0.4468685 2.596222 -0.4543277 2.600614 -0.4514883 2.659084 -0.3991891 2.653948 -0.4468685 2.596222 -0.4914215 12.69039 -0.4543277 12.64811 -0.4509899 12.65074 -0.4820984 2.493332 -0.5562472 2.589145 -0.5554611 2.589754 12.55673 2.493332 12.55172 2.492201 12.51555 2.589145 12.51523 2.632801 12.51517 2.629257 12.5607 2.585839 -0.5555624 2.630611 -0.5556351 2.632801 -0.5010216 2.610028 -0.5556351 2.632801 -0.5972557 2.585839 -0.5010216 2.610028 -0.5010216 2.610028 -0.490462 2.56639 -0.5555624 2.630611 -0.490462 2.56639 -0.5972557 2.585839 -0.5556507 2.544952 -0.5972557 12.5607 -0.6143632 12.46983 -0.5556507 12.51525 -0.6143632 2.582045 -0.555661 2.543952 -0.5556507 2.544952 -0.6143632 2.582045 -0.490462 2.56639 -0.555661 2.543952 12.55585 2.460683 12.55124 2.459124 12.53076 2.628607 -0.4805717 2.459124 -0.3902198 2.628046 -0.391514 2.628607 12.55541 2.458357 12.53191 2.62843 12.53087 2.628046 -0.390855 2.663757 -0.4199207 2.666662 -0.3904242 2.675549 -0.3908549 2.663524 -0.3667277 2.625197 -0.4199207 2.666662 -0.3908549 2.663524 -0.3904242 2.675549 -0.3667277 2.625197 -0.4199207 2.666662 -0.3916043 2.615169 -0.3904242 2.675549 12.52975 2.666662 12.53001 2.596341 12.54637 2.615169 -0.3914311 2.596341 -0.3667277 2.625197 -0.3909082 2.586778 13.01775 2.36818 13.01513 2.581284 13.01895 2.581342 13.02549 2.367912 13.01927 2.581223 13.01124 2.367806 -0.9404864 2.36818 -0.9274108 2.581342 -0.9319042 2.367912 13.01518 2.475521 13.0551 2.650354 13.05637 2.65013 -0.9262484 2.475004 -0.9266115 2.650354 -0.9307831 2.475521 -0.9296976 2.474492 -0.9272348 2.65013 -0.925966 2.650132 -0.9266689 2.684278 -0.8660006 2.643606 -0.9266211 2.684783 -0.8660006 13.05475 -0.9531104 13.00605 -0.9266326 13.05588 13.00605 2.650521 13.05603 2.61692 13.10767 2.653212 -0.9548408 2.653212 -0.9266082 2.613413 -0.8660006 2.643606 13.10767 2.653212 13.05603 2.61692 13.0559 2.613413 -0.9265299 2.501489 -1.00017 2.615663 -0.9312782 2.499075 13.01621 2.501489 12.96523 2.616025 12.964 2.615663 12.9646 2.644314 12.96465 2.64914 13.00577 2.622256 12.96465 2.64914 12.96691 2.593703 13.00577 2.622256 13.00577 2.622256 12.96691 2.593703 12.96458 2.583486 13.01466 2.480835 13.01362 2.570226 13.02036 2.481497 -0.926633 2.479405 -0.8744956 2.569705 -0.9296952 2.480835 13.01775 2.479405 13.01398 2.569748 13.01267 2.569705 -0.87481 13.01332 -0.9003786 12.97939 -0.9269034 13.01595 -0.9269034 13.01595 -0.9003786 12.97939 -0.8743401 13.01419 12.97939 2.568511 13.01332 2.534727 13.01419 2.548924 12.97939 2.568511 13.01288 2.544878 13.01332 2.534727 13.01873 2.50728 13.09267 2.580825 13.09373 2.579942 -0.9271405 13.0199 -1.003158 13.09364 -0.9292231 13.01561 -0.9271405 2.509528 -1.004032 2.579942 -1.003158 2.580783 -1.00377 13.09334 -1.046717 13.15341 -0.9392439 13.11867 13.04908 2.578578 13.15341 2.577081 13.09341 2.62334 -1.003682 2.623215 -0.9392439 2.574299 -1.041545 2.578578 -1.046717 13.15341 -1.041545 13.04908 -1.00379 13.09335 13.15341 2.577081 13.09335 2.543837 13.09307 2.539123 -1.041545 2.578578 -1.003624 2.539123 -1.00379 2.537994 -0.9277271 2.472858 -0.931739 2.568274 -0.9318486 2.473249 13.02028 2.475296 12.9599 2.568503 12.96055 2.568855 12.95989 2.592507 13.00446 2.556175 12.95951 2.605451 -0.9322509 2.592507 -0.9608524 2.567628 -0.9091927 2.556175 -0.9322509 12.95989 -0.9338525 12.90228 -0.9608524 12.96869 12.95989 2.592507 12.95984 2.6014 12.90228 2.573477 12.95984 2.6014 12.95951 2.605451 12.90228 2.573477 12.95951 2.605451 13.00446 2.556175 12.90228 2.573477 12.90228 2.573477 12.95962 2.533673 12.96869 2.567628 13.00446 2.556175 12.95962 2.533673 12.90228 2.573477 -0.9608524 12.96869 -0.9322508 12.95989 -0.9091927 13.00446 -0.9608524 2.567628 -0.9316486 2.533673 -0.9322502 2.542379 13.01775 2.527846 13.04932 2.583219 13.05034 2.582885 -0.9283345 2.525304 -0.9047784 2.582885 -0.9034384 2.582582 -0.9320819 2.527846 -0.9047784 2.582885 -0.9283345 2.525304 -0.9037568 2.613777 -0.9085069 2.554172 -0.9045842 2.614569 13.0495 2.613777 13.05061 2.607149 13.04917 2.553323 13.04965 2.614569 13.04791 2.554172 13.10239 2.565925 13.05061 2.607149 13.10239 2.565925 13.04917 2.553323 -0.926696 2.539065 -0.9823771 2.636712 -0.9315826 2.536903 13.01611 2.539065 13.01367 2.637074 13.01252 2.637253 13.02085 2.537927 13.01248 2.636712 13.01367 2.637074 -1.043698 2.634615 -0.9813527 2.619037 -0.9813144 2.685044 -0.9819982 2.685548 -0.9361333 2.62998 -1.043698 2.634615 -0.9813527 2.619037 -0.9361333 2.62998 -0.9813144 2.685044 -1.043698 2.634615 -0.9361333 2.62998 -0.9818279 2.591023 -0.9361333 2.62998 -0.9817354 2.596852 -0.9818279 2.591023 13.01466 2.484542 12.96117 2.616719 13.01955 2.486976 13.01466 2.484542 12.96128 2.616159 12.96019 2.616135 -0.9312055 2.486976 -0.8562432 2.616159 -0.9267384 2.484772 -0.8569354 2.649481 -0.915138 2.607107 -0.8570035 2.656182 -0.8569354 2.649481 -0.8571517 2.654332 -0.915138 2.607107 -0.8571517 2.654332 -0.8570035 2.656182 -0.8074445 2.614492 12.96106 2.656182 13.02872 2.610398 12.93406 2.614492 12.94694 2.607107 13.02872 2.610398 12.96106 2.656182 -0.8074445 2.614492 -0.915138 2.607107 -0.8571517 2.654332 -0.845512 13.02872 -0.915138 12.94694 -0.856908 12.96101 -0.8074445 2.614492 -0.8569868 2.580481 -0.915138 2.607107 -0.915138 2.607107 -0.8569868 2.580481 -0.856908 2.577636 -0.8074445 2.614492 -0.8569381 2.58803 -0.8569868 2.580481 -0.8074445 2.614492 -0.856908 2.577636 -0.8569381 2.58803 13.01518 2.489419 13.06192 2.567103 13.06289 2.566535 13.01908 2.488065 13.06315 2.56655 13.06192 2.567103 -0.9306102 2.487077 -0.9409651 2.56655 -0.9266168 2.488065 -0.94138 13.06256 -0.9105323 13.09735 -0.938316 13.05998 -0.9413778 13.06256 -0.938316 13.05998 -0.9946018 13.06504 -0.9946018 2.575212 -0.9419724 2.523749 -0.9105323 2.571759 13.06285 2.523749 13.06286 2.525659 13.09735 2.571759 13.09735 2.571759 13.06286 2.525659 13.00559 2.551713 -0.9282727 13.00559 -0.9413848 13.06256 -0.9946018 13.06504 -0.9404864 2.36818 -0.92916 2.367806 -0.9253392 2.581284 13.01124 2.367806 13.01927 2.581223 13.01513 2.581284 -0.9319042 2.367912 -0.9274108 2.581342 -0.9233578 2.581223 13.01775 2.475004 13.05627 2.650132 13.0551 2.650354 -0.9262484 2.475004 -0.9296976 2.474492 -0.925966 2.650132 13.02079 2.474492 13.01518 2.475521 13.05637 2.65013 -0.9266689 13.05588 -0.9548408 13.10767 -0.8660006 13.05475 -0.9266326 2.678766 -0.9266211 2.684783 -0.8660006 2.643606 13.05588 2.684278 13.00605 2.650521 13.10767 2.653212 13.05588 2.684278 13.05588 2.678766 13.00605 2.650521 13.05603 2.61692 13.00605 2.650521 13.05589 2.621099 -0.9531104 13.00605 -0.8660006 13.05475 -0.9266116 13.05589 -0.8660006 2.643606 -0.9266082 2.613413 -0.9266116 2.621099 -0.9312782 2.499075 -1.00017 2.615663 -1.00129 2.615429 -0.9265299 13.01621 -0.9301599 13.02066 -1.000393 12.96523 -0.9301599 2.501322 -1.00129 2.615429 -1.000393 2.616025 13.02066 2.501322 13.01635 2.499075 12.96489 2.615429 -1.000707 2.64914 -0.9931382 2.616667 -0.9977503 2.593703 12.96715 2.616667 12.9646 2.644314 13.00577 2.622256 12.96691 2.593703 12.96715 2.616667 12.95985 2.583107 12.96715 2.616667 13.00577 2.622256 12.96458 2.583486 -0.9957912 2.583107 -0.9931382 2.616667 -1.000566 2.583486 -0.9296952 2.480835 -0.8744956 2.569705 -0.8754339 2.570226 -0.926633 2.479405 -0.9305494 2.481497 -0.8744662 2.569748 -0.9305494 2.481497 -0.8754339 2.570226 -0.8744662 2.569748 -0.87481 2.602651 -0.9269034 2.58734 -0.8743829 2.601033 -0.87481 2.602651 -0.87481 2.599876 -0.9269034 2.58734 13.01332 2.599876 13.01354 2.601033 12.97939 2.568511 -0.9269034 2.58734 -0.8743401 2.548924 -0.8743829 2.601033 13.01354 2.601033 13.01288 2.544878 12.97939 2.568511 13.01354 2.601033 13.01419 2.548924 13.01288 2.544878 13.01873 2.50728 13.01561 2.511501 13.09267 2.580825 -0.9292231 13.01561 -1.003158 13.09364 -1.004101 13.09267 -0.9271405 2.509528 -0.9308822 2.50728 -1.004032 2.579942 -1.003682 2.623215 -1.041545 2.578578 -1.003787 2.62334 -1.003682 2.623215 -1.00377 2.616974 -0.9392439 2.574299 13.09334 2.616974 13.09341 2.62334 13.15341 2.577081 -0.9392439 2.574299 -1.003624 2.539123 -1.041545 2.578578 -0.9392439 13.11867 -1.046717 13.15341 -1.003624 13.09307 13.04908 2.578578 13.09334 2.537994 13.09335 2.543837 -0.9318486 2.473249 -0.931739 2.568274 -0.9330048 2.568503 13.01546 2.472858 13.02028 2.475296 12.95939 2.568274 13.02028 2.475296 12.96055 2.568855 12.95939 2.568274 13.02028 2.475296 13.01645 2.473249 12.9599 2.568503 12.95962 2.533673 13.00446 2.556175 12.95989 2.542322 -0.9608524 2.567628 -0.9322502 2.542379 -0.9322508 2.542322 -0.9320819 2.527846 -0.9284021 2.527791 -0.9043683 2.583219 -0.9284021 2.527791 -0.9034384 2.582582 -0.9043683 2.583219 13.01497 2.527791 13.02007 2.525304 13.04991 2.582582 13.04965 2.614569 13.10239 2.565925 13.05061 2.607149 -0.9037568 2.613777 -0.9046879 2.553323 -0.9085069 2.554172 13.04917 2.553323 13.10239 2.565925 13.04991 2.551765 -0.9214416 13.10239 -0.9085069 13.04791 -0.9041299 13.04991 -0.926696 2.539065 -0.9811559 2.637253 -0.9823771 2.636712 13.01611 2.539065 13.02085 2.537927 13.01367 2.637074 13.02085 2.537927 13.01626 2.536903 13.01248 2.636712 -0.982205 2.68582 -1.043698 2.634615 -0.9813144 2.685044 -0.9819982 13.01279 -0.9813144 13.01309 -0.9361333 12.97743 -0.9819982 2.685548 -1.043698 2.634615 -0.982205 2.68582 -1.043698 2.634615 -0.9818279 2.591023 -0.9813527 2.619037 -0.9361333 2.62998 -0.9813527 2.619037 -0.9817354 2.596852 13.01466 2.484542 12.96019 2.616135 12.96117 2.616719 13.01466 2.484542 13.01916 2.484772 12.96128 2.616159 -0.9312055 2.486976 -0.8575381 2.616719 -0.8562432 2.616159 -0.845512 13.02872 -0.856908 12.96101 -0.8074445 12.93406 13.01518 2.489419 13.01908 2.488065 13.06192 2.567103 -0.9306102 2.487077 -0.9419992 2.566535 -0.9409651 2.56655 13.02008 2.487077 13.01518 2.489419 13.06289 2.566535 13.06256 2.601769 13.06256 2.6026 13.09735 2.571759 -0.9413778 2.6026 -0.9946018 2.575212 -0.9105323 2.571759 13.00559 2.551713 13.05998 2.602593 13.09735 2.571759 -0.9946018 2.575212 -0.938316 2.602593 -0.9282727 2.551713 -0.9419724 2.523749 -0.9946018 2.575212 -0.9413848 2.534413 13.00559 2.551713 13.06286 2.525659 13.06256 2.534413 13.35303 2.503137 13.35041 2.71624 13.35423 2.716299 13.36077 2.502869 13.35455 2.71618 13.34652 2.502762 -0.246126 2.503137 -0.2330505 2.716299 -0.2375438 2.502869 13.35467 2.623489 13.35839 2.78499 13.35958 2.785103 13.35422 2.622186 13.35839 2.78499 13.35003 2.622973 -0.2376804 2.623489 -0.1883514 2.784809 -0.2321321 2.622186 -0.2031385 13.34751 -0.2349773 13.407 -0.1889388 13.35921 -0.1888484 2.827816 -0.2349773 2.796164 -0.1281848 2.769148 -0.2349773 13.407 -0.2301023 13.34921 -0.1889386 13.35933 -0.2031385 2.807713 -0.1281848 2.769148 -0.1889149 2.747802 -0.1281848 2.769148 -0.1889386 2.742114 -0.1889149 2.747802 13.35303 2.634458 13.39867 2.767771 13.39991 2.767228 13.356 2.635099 13.39981 2.767752 13.35051 2.636842 -0.2341742 2.635099 -0.3044081 2.767228 -0.3032759 2.767752 -0.2376519 2.634458 -0.3044081 2.767228 -0.2341742 2.635099 13.4513 2.76562 13.36174 2.761455 13.39928 2.805262 13.39982 2.790843 13.39689 2.763818 13.4513 2.76562 13.39689 2.763818 13.39961 2.736259 13.4513 2.76562 13.35 2.63868 13.30548 2.74535 13.35441 2.640485 13.35 2.63868 13.30537 2.745235 13.30441 2.744906 -0.2324018 2.64036 -0.2289604 2.74535 -0.2275347 2.745235 -0.228301 13.30507 -0.1904043 13.30534 -0.2432594 13.24181 -0.2282701 2.781474 -0.1904043 2.775973 -0.228301 2.786289 -0.2734135 2.755351 -0.2390589 2.717331 -0.1904043 2.775973 13.36289 2.717331 13.30583 2.704076 13.30534 2.775973 13.24181 2.743215 13.30509 2.704494 13.33444 2.755351 13.35081 2.630726 13.442 2.750514 13.44301 2.75017 -0.2320754 2.628092 -0.1858608 2.750514 -0.2358522 2.630726 -0.185995 2.781989 -0.1860125 2.780478 -0.1411399 2.761903 13.44269 2.780478 13.42906 2.78693 13.50153 2.742802 13.44269 2.778665 13.42906 2.78693 13.44269 2.780478 -0.1899031 13.42906 -0.1411399 13.48609 -0.1559677 13.38443 13.42906 2.78693 13.38443 2.740576 13.44274 2.725309 -0.1411399 13.48609 -0.1770949 13.50153 -0.1559677 13.38443 13.50153 2.742802 13.44269 2.711644 13.4427 2.713312 13.50153 2.742802 13.44274 2.725309 13.44269 2.711644 13.38443 2.740576 13.4427 2.713312 13.44274 2.725309 13.35155 2.621967 13.33782 2.713964 13.33894 2.713981 -0.2322955 2.624213 -0.286065 2.713964 -0.2371352 2.621967 -0.2354593 2.62336 -0.2863453 2.713981 -0.2850944 2.7145 13.33903 2.72229 13.38616 2.710627 13.3384 2.747453 -0.2857309 13.3384 -0.2894419 13.38616 -0.2080627 13.32975 13.33903 2.72229 13.33667 2.706989 13.3388 2.677234 13.38616 2.710627 13.3388 2.677234 13.33848 2.683654 -0.2080627 2.711059 -0.2857609 2.683654 -0.2859502 2.706989 13.35013 2.66676 13.33002 2.708393 13.35444 2.669175 -0.2325222 13.35457 -0.1904254 13.33005 -0.2359393 13.35013 13.35457 2.665735 13.33113 2.708136 13.33005 2.707532 -0.2364071 13.35444 -0.1913946 13.33002 -0.1905416 13.33113 -0.1907922 2.736934 -0.1905187 2.745378 -0.1381459 2.705924 13.3303 2.744058 13.33551 2.697442 13.33044 2.745378 -0.1907922 2.736934 -0.1381459 2.705924 -0.1907525 2.744058 -0.1905187 2.745378 -0.1920881 2.697442 -0.1381459 2.705924 13.3303 2.744058 13.33238 2.705342 13.33551 2.697442 -0.1907525 2.744058 -0.1804265 2.701685 -0.1920144 2.705342 -0.1381459 2.705924 -0.1804265 2.701685 -0.1907525 2.744058 -0.1381459 13.3567 -0.1920881 13.33551 -0.1804265 13.32217 13.3516 2.598068 13.39289 2.716046 13.39388 2.715731 -0.2321892 2.598875 -0.2554486 2.716046 -0.2375483 2.598068 13.39325 2.753581 13.39334 2.762343 13.34905 2.693518 -0.2553097 2.758867 -0.216971 2.705583 -0.2549109 2.762343 -0.2553097 2.758867 -0.2557266 2.680077 -0.216971 2.705583 13.39396 2.758867 13.39325 2.753581 13.39386 2.680077 13.42742 2.705583 13.34905 2.693518 13.39334 2.762343 13.39325 2.753581 13.34905 2.693518 13.39386 2.680077 13.34905 2.693518 13.39352 2.673942 13.39386 2.680077 -0.216971 2.705583 -0.2557266 2.680077 -0.2550432 2.673246 13.35057 2.622572 13.30556 2.737061 13.35548 2.624206 -0.2320016 2.623687 -0.2552203 2.737529 -0.2562482 2.737061 -0.2365546 2.624206 -0.2563263 2.737474 -0.2552203 2.737529 -0.2955378 2.739422 -0.2045933 2.735077 -0.2559035 2.774229 -0.256021 2.778948 -0.2045933 2.735077 -0.2792445 2.729426 13.34905 2.739422 13.3062 2.697391 13.30623 2.704696 13.25494 2.729426 13.30619 2.703241 13.3062 2.697391 13.3514 2.66124 13.36959 2.776703 13.37073 2.776684 13.35154 2.660075 13.37077 2.776394 13.36959 2.776703 13.3561 2.659999 13.37077 2.776394 13.35154 2.660075 13.3514 2.66124 13.37073 2.776684 13.3561 2.659999 13.37036 2.811928 13.32078 2.797543 13.38714 2.811163 13.38714 2.811163 13.36552 2.732267 13.37048 2.821396 -0.1960357 13.32078 -0.2545669 13.37338 -0.2029606 13.38714 13.37048 2.821396 13.36552 2.732267 13.32078 2.797543 -0.246126 2.503137 -0.2347996 2.502762 -0.2309788 2.71624 13.34652 2.502762 13.35455 2.71618 13.35041 2.71624 -0.2375438 2.502869 -0.2330505 2.716299 -0.2289974 2.71618 13.35467 2.623489 13.35003 2.622973 13.35839 2.78499 13.35422 2.622186 13.35968 2.784809 13.35839 2.78499 -0.2376804 2.623489 -0.1895785 2.785103 -0.1883514 2.784809 13.35921 2.818407 13.407 2.796164 13.35932 2.827816 -0.1888484 2.827816 -0.1281848 2.769148 -0.2031385 2.807713 13.34751 2.807713 13.34921 2.75137 13.407 2.796164 -0.1281848 2.769148 -0.2349773 2.796164 -0.1889386 2.742114 -0.2301023 2.75137 -0.2031385 2.807713 -0.1889149 2.747802 -0.2376519 2.634458 -0.2338656 2.636842 -0.304005 2.767771 13.35051 2.636842 13.39981 2.767752 13.39867 2.767771 13.39928 2.805262 13.39982 2.790843 13.4513 2.76562 -0.3035675 2.805262 -0.267022 2.761455 -0.3048842 2.763818 13.36174 2.761455 13.4513 2.76562 13.39887 2.732076 -0.3048842 2.763818 -0.267022 2.761455 -0.3036328 2.732076 13.39887 2.732076 13.4513 2.76562 13.39961 2.736259 13.35 2.63868 13.30441 2.744906 13.30548 2.74535 13.35 2.63868 13.35479 2.64036 13.30537 2.745235 -0.2324018 2.64036 -0.2374739 2.640485 -0.2289604 2.74535 -0.2282701 2.781474 -0.2734135 2.755351 -0.1904043 2.775973 -0.2282701 2.781474 -0.2282663 2.780382 -0.2734135 2.755351 -0.2282663 2.780382 -0.228301 2.786289 -0.2734135 2.755351 -0.228301 13.30507 -0.2432594 13.24181 -0.2734135 13.33444 13.24181 2.743215 13.30534 2.775973 13.30583 2.704076 13.30583 2.704076 13.36289 2.717331 13.3051 2.713021 13.36289 2.717331 13.30509 2.704494 13.3051 2.713021 13.36289 2.717331 13.33444 2.755351 13.30509 2.704494 -0.2432594 13.24181 -0.22744 13.30583 -0.2282741 13.30509 13.35303 2.628092 13.44309 2.749722 13.442 2.750514 -0.2320754 13.35303 -0.2358792 13.35564 -0.1855202 13.44309 -0.2358792 2.627754 -0.1866912 2.75017 -0.1855202 2.749722 13.35564 2.627754 13.35081 2.630726 13.44301 2.75017 -0.1860128 2.778665 -0.185995 2.781989 -0.1411399 2.761903 -0.1860128 13.44269 -0.1411399 13.48609 -0.1899031 13.42906 -0.1411399 13.48609 -0.1860125 13.44269 -0.1770949 13.50153 13.42906 2.78693 13.44274 2.725309 13.50153 2.742802 13.38443 2.740576 13.50153 2.742802 13.4427 2.713312 -0.2322955 2.624213 -0.2850944 2.7145 -0.286065 2.713964 13.35141 2.624213 13.3561 2.62336 13.33847 2.7145 13.3561 2.62336 13.35155 2.621967 13.33894 2.713981 13.33696 2.753616 13.3384 2.747453 13.33667 2.706989 -0.2857309 2.747453 -0.2080627 2.711059 -0.2859502 2.706989 13.33903 2.72229 13.33696 2.753616 13.33667 2.706989 13.38616 2.710627 13.33903 2.72229 13.3388 2.677234 -0.2080627 13.32975 -0.2894419 13.38616 -0.2857609 13.33848 -0.2359393 2.66676 -0.1904254 2.707532 -0.1913946 2.708393 -0.2325222 2.665735 -0.2364071 2.669175 -0.1905416 2.708136 -0.2321892 2.598875 -0.2542921 2.715989 -0.2554486 2.716046 13.35146 2.598875 13.35599 2.597147 13.39365 2.715989 -0.2351793 2.597147 -0.2556677 2.715731 -0.2542921 2.715989 13.35599 2.597147 13.3516 2.598068 13.39388 2.715731 13.34905 2.693518 13.39351 2.673246 13.39352 2.673942 -0.2396215 13.34905 -0.216971 13.42742 -0.2550432 13.39351 -0.2362599 2.622572 -0.2320016 2.623687 -0.2562482 2.737061 -0.2320016 2.623687 -0.2365546 2.624206 -0.2552203 2.737529 13.35548 2.624206 13.30556 2.737061 13.30679 2.737474 -0.256021 2.778948 -0.2559035 2.774229 -0.2045933 2.735077 13.30621 2.774229 13.30617 2.767544 13.34905 2.739422 13.30617 2.767544 13.30573 2.778948 13.34905 2.739422 13.30573 2.778948 13.25494 2.729426 13.34905 2.739422 13.25494 2.729426 13.3062 2.697391 13.34905 2.739422 -0.2955378 13.34905 -0.2559232 13.30623 -0.2045933 13.32665 -0.2045933 2.735077 -0.2559232 2.704696 -0.2559106 2.703241 13.25494 2.729426 13.32665 2.735077 13.30619 2.703241 -0.2376294 2.66124 -0.2323505 2.660075 -0.2048739 2.776703 -0.2346162 2.659999 -0.2054405 2.776684 -0.2041204 2.776394 13.37036 2.811928 13.37048 2.821396 13.32078 2.797543 13.38714 2.811163 13.37136 2.726184 13.36552 2.732267 -0.2029606 2.811163 -0.2545669 2.755519 -0.2041234 2.726184 -0.1960357 2.797543 -0.2034733 2.732267 -0.2545669 2.755519 -0.2545669 13.37338 -0.2034733 13.36552 -0.2048234 13.37039 -0.2041234 2.726184 -0.2545669 2.755519 -0.2048234 2.729332 12.7165 2.376792 12.71388 2.589896 12.71769 2.589954 12.72424 2.376524 12.71802 2.589835 12.70999 2.376418 -0.5513095 2.376792 -0.5382339 2.589954 -0.5427272 2.376524 12.7165 2.468009 12.63612 2.596264 12.63726 2.596853 12.71919 2.469524 12.63643 2.596464 12.71423 2.46698 12.7165 2.468009 12.63726 2.596853 12.71919 2.469524 12.63661 2.63497 12.6707 2.601392 12.6333 2.60159 -0.5402285 2.60159 -0.5470384 2.574963 -0.5456179 2.63471 -0.5055811 2.601392 -0.5470384 2.574963 -0.5455773 2.554435 12.6707 2.601392 12.63621 2.554435 12.6333 2.60159 12.63621 2.554435 12.63668 2.558116 12.6333 2.60159 -0.5427124 2.51703 -0.509529 2.617277 -0.5106728 2.617375 12.71493 2.51703 12.75179 2.617375 12.71936 2.515146 -0.5099539 12.75121 -0.5099795 12.68071 -0.5836748 12.77211 -0.5836748 2.62313 -0.4463819 2.615612 -0.5106176 2.659644 -0.5099795 12.68071 -0.4463819 12.77501 -0.5100151 12.75143 -0.5836748 2.62313 -0.5100151 2.579629 -0.509353 2.576041 -0.5099795 12.68071 -0.5100151 12.75143 -0.5836748 12.77211 -0.4463819 2.615612 -0.509353 2.576041 -0.5099426 2.584007 12.71322 2.474217 12.70973 2.59263 12.7184 2.472968 -0.5400221 2.474217 -0.6406149 2.593392 -0.6416871 2.59263 -0.5421006 2.472968 -0.6412836 2.592969 -0.5380871 2.475806 -0.6411848 2.623291 -0.6166265 2.627962 -0.6411847 2.624114 -0.6412132 2.627329 -0.6166265 2.627962 -0.6411848 2.623291 -0.6412132 12.71011 -0.6837943 12.74717 -0.6166265 12.70555 -0.6411847 12.7101 -0.6166265 12.70555 -0.6636038 12.6611 -0.6412132 12.71011 -0.6636038 12.6611 -0.6837943 12.74717 -0.6837943 12.74717 -0.6083556 12.76022 -0.6166265 12.70555 12.76022 2.574856 12.7127 2.561344 12.70555 2.627962 12.74717 2.608374 12.6611 2.616565 12.71009 2.553371 -0.6837943 12.74717 -0.6433598 12.71009 -0.6083556 12.76022 12.76022 2.574856 12.71027 2.552876 12.7127 2.561344 -0.5407769 2.504695 -0.4791981 2.592012 -0.4800061 2.592778 -0.5375493 12.7165 -0.4791981 12.66427 -0.5407769 12.71378 12.66486 2.628146 12.71846 2.587722 12.66461 2.636617 12.66461 2.636617 12.71846 2.587722 12.66417 2.564817 -0.5305932 2.600235 -0.4800736 2.54719 -0.4494927 2.587722 -0.4790259 2.564817 -0.4800736 2.54719 -0.5305932 2.600235 12.71846 2.587722 12.66471 2.54719 12.66485 2.55351 12.7136 2.494346 12.7766 2.635197 12.7179 2.492682 12.71803 2.493048 12.7755 2.635644 12.7136 2.494346 -0.5372242 2.493048 -0.55365 2.635197 -0.5522973 2.63531 -0.5526067 2.666368 -0.5528249 2.680506 -0.5939223 2.627666 -0.5526407 2.671173 -0.5536786 2.624555 -0.5528249 2.680506 12.7769 2.666368 12.77654 2.624555 12.77596 2.671173 -0.5526067 2.666368 -0.5939223 2.627666 -0.5527682 2.585908 -0.5939223 2.627666 -0.5536786 2.624555 -0.5530119 2.588438 -0.5526067 2.666368 -0.5527682 2.585908 -0.5536786 2.624555 -0.5374777 2.496647 -0.5999134 2.638591 -0.5426021 2.495155 12.71926 2.497896 12.63241 2.639243 12.7148 2.496647 12.71543 2.495155 12.63225 2.638733 12.71926 2.497896 -0.6001366 2.675817 -0.6373995 2.647653 -0.600704 2.682908 12.63322 2.682908 12.68109 2.640587 12.61553 2.647123 12.61162 2.647653 12.68109 2.640587 12.63322 2.682908 12.61553 2.647123 12.68109 2.640587 12.63605 2.592527 12.68109 2.640587 12.61162 2.647653 12.63605 2.592527 -0.6373995 2.647653 -0.6001353 2.600118 -0.6001385 2.602557 -0.5976112 2.592527 -0.6001353 2.600118 -0.5568627 2.647123 -0.5396222 2.537814 -0.4945918 2.648416 -0.4955928 2.648837 -0.5387747 2.53701 -0.495635 2.648737 -0.4945918 2.648416 -0.5429439 2.538664 -0.495635 2.648737 -0.5387747 2.53701 12.72862 2.680265 12.71838 2.663708 12.72847 2.614404 -0.4956018 2.614404 -0.4952428 2.617206 -0.4482081 2.64957 12.7283 2.610387 12.72847 2.614404 12.71838 2.663708 12.71807 2.509809 12.75291 2.603515 12.75396 2.602801 12.71793 2.512719 12.75423 2.603287 12.75291 2.603515 -0.542135 2.509809 -0.6111052 2.603287 -0.537736 2.512719 -0.611695 2.643131 -0.5663572 2.63554 -0.6115084 2.645183 -0.611506 12.75357 -0.633953 12.69995 -0.611695 12.75359 -0.611695 2.643131 -0.6702144 2.59333 -0.5663572 2.63554 -0.611695 12.75359 -0.633953 12.69995 -0.6702144 12.75448 -0.611506 12.75357 -0.5663572 12.76529 -0.633953 12.69995 -0.5663572 2.63554 -0.569569 2.571997 -0.633953 2.619708 12.76529 2.63554 12.80552 2.5726 12.72297 2.571997 -0.633953 12.69995 -0.569569 12.72297 -0.6702144 12.75448 -0.6702144 2.59333 -0.6115259 2.563824 -0.6115337 2.561937 -0.5388043 2.505285 -0.5177557 2.631629 -0.5189123 2.631378 12.71881 2.507526 12.64265 2.631629 12.7142 2.505285 -0.5384115 2.507526 -0.5188166 2.631939 -0.5177557 2.631629 12.71118 2.632061 12.58524 2.637854 12.64238 2.670361 12.64238 2.670361 12.58524 2.637854 12.64171 2.65598 12.64171 2.65598 12.64127 2.588151 12.71118 2.632061 12.64171 2.65598 12.58524 2.637854 12.64127 2.588151 12.71118 2.632061 12.64147 2.585944 12.58524 2.637854 12.58524 2.637854 12.64239 2.598289 12.64127 2.588151 -0.5513095 2.376792 -0.539983 2.376418 -0.5361622 2.589896 12.70999 2.376418 12.71802 2.589835 12.71388 2.589896 -0.5427272 2.376524 -0.5382339 2.589954 -0.5341808 2.589835 -0.5431295 2.468009 -0.5385424 2.46698 -0.5458679 2.596264 -0.5385424 2.46698 -0.5447745 2.596464 -0.5458679 2.596264 -0.5397507 2.469524 -0.5458914 2.596853 -0.5447745 2.596464 -0.545544 2.63497 -0.5456179 2.63471 -0.5055811 2.601392 -0.5456179 2.63471 -0.5470384 2.574963 -0.5055811 2.601392 -0.5402285 2.60159 -0.5455448 2.558116 -0.5470384 2.574963 -0.5427124 2.51703 -0.5372264 2.51554 -0.509529 2.617277 12.71535 2.51554 12.75224 2.616925 12.75116 2.617277 12.71535 2.51554 12.71936 2.515146 12.75224 2.616925 -0.5403341 2.515146 -0.5106728 2.617375 -0.5093843 2.616925 -0.5099539 12.75121 -0.5106176 12.75388 -0.4463819 12.77501 -0.5106176 2.659644 -0.5099767 2.654963 -0.5836748 2.62313 -0.5099767 2.654963 -0.5099539 2.65941 -0.5836748 2.62313 -0.5099539 12.75121 -0.4463819 12.77501 -0.5099795 12.68071 -0.4463819 2.615612 -0.5836748 2.62313 -0.509353 2.576041 -0.5100151 2.579629 -0.4463819 2.615612 -0.5099426 2.584007 12.71322 2.474217 12.71799 2.475806 12.7097 2.593392 12.71799 2.475806 12.71088 2.592969 12.7097 2.593392 12.7184 2.472968 12.70973 2.59263 12.71088 2.592969 12.71011 2.627329 12.7101 2.624114 12.6611 2.616565 12.6611 2.616565 12.70555 2.627962 12.7127 2.561344 -0.6083556 12.76022 -0.6433598 12.71009 -0.639257 12.71027 -0.6433598 2.553371 -0.6636038 2.616565 -0.6343399 2.561344 12.71862 2.507383 12.71378 2.504695 12.66486 2.592778 12.7165 2.504166 12.66529 2.592256 12.66427 2.592012 -0.5375493 2.504166 -0.541274 2.507383 -0.4787417 2.592256 -0.541274 2.507383 -0.4800061 2.592778 -0.4787417 2.592256 12.66486 2.628146 12.6647 2.637314 12.71846 2.587722 -0.4797715 2.637314 -0.5305932 2.600235 -0.4494927 2.587722 -0.4788346 2.636617 -0.5305932 2.600235 -0.4797715 2.637314 -0.4788346 2.636617 -0.4790259 2.564817 -0.5305932 2.600235 12.66417 2.564817 12.71846 2.587722 12.66485 2.55351 12.7136 2.494346 12.7755 2.635644 12.7766 2.635197 12.71803 2.493048 12.77657 2.63531 12.7755 2.635644 -0.5372242 2.493048 -0.542643 2.492682 -0.55365 2.635197 -0.5939223 2.627666 -0.5528249 2.680506 -0.5536786 2.624555 -0.5527682 2.585908 -0.5939223 2.627666 -0.5530119 2.588438 12.71543 2.495155 12.6313 2.638591 12.63225 2.638733 12.7148 2.496647 12.63241 2.639243 12.6313 2.638591 -0.5402216 2.497896 -0.6008578 2.638733 -0.5996345 2.639243 -0.6001366 2.675817 -0.6001357 2.677527 -0.6373995 2.647653 -0.6001357 2.677527 -0.5568627 2.647123 -0.6373995 2.647653 -0.6001357 2.677527 -0.600704 2.682908 -0.5568627 2.647123 -0.5976112 2.592527 -0.6373995 2.647653 -0.6001385 2.602557 -0.6373995 2.647653 -0.5568627 2.647123 -0.6001353 2.600118 -0.5429439 2.538664 -0.5396222 2.537814 -0.4955928 2.648837 12.71341 2.537814 12.7191 2.53701 12.7287 2.648416 12.7165 2.538664 12.72775 2.648837 12.72905 2.648737 -0.4952553 2.686732 -0.4956356 2.680265 -0.4482081 2.64957 -0.4965415 2.663708 -0.4952553 2.686732 -0.4482081 2.64957 -0.4482081 2.64957 -0.4956356 2.680265 -0.4956018 2.614404 -0.4965415 2.663708 -0.4482081 2.64957 -0.4952316 2.610387 -0.4952316 2.610387 -0.4482081 2.64957 -0.4952428 2.617206 12.71807 2.509809 12.71353 2.512548 12.75291 2.603515 -0.5402865 12.71353 -0.537736 12.71793 -0.6114376 12.75291 -0.542135 2.509809 -0.6119878 2.602801 -0.6111052 2.603287 -0.611506 2.642956 -0.6115084 2.645183 -0.5663572 2.63554 -0.5663572 12.76529 -0.6702144 12.75448 -0.6122593 12.80552 -0.569569 12.72297 -0.6122593 12.80552 -0.6115259 12.75362 -0.6122593 12.80552 -0.6702144 12.75448 -0.6115337 12.7536 -0.6702144 12.75448 -0.569569 12.72297 -0.6115259 12.75362 12.71755 2.507543 12.7142 2.505285 12.64181 2.631378 -0.5384115 2.507526 -0.5428668 2.507543 -0.5188166 2.631939 12.71755 2.507543 12.64181 2.631378 12.64297 2.631939 12.64238 2.670361 12.64242 2.672092 12.71118 2.632061 12.64242 2.672092 12.64171 2.65598 12.71118 2.632061 12.71118 2.632061 12.64127 2.588151 12.64147 2.585944 12.58524 2.637854 12.64147 2.585944 12.64239 2.598289</float_array>
          <technique_common>
            <accessor source="#uv-array" count="5148" stride="2">
              <param name="S" type="float" />
              <param name="T" type="float" />
            </accessor>
          </technique_common>
        </source>
        <vertices id="vertices">
          <input semantic="POSITION" source="#positions" />
        </vertices>
        <triangles count="660" material="m0">
          <input semantic="VERTEX" source="#vertices" offset="0" />
          <input semantic="NORMAL" source="#normals" offset="1" />
          <input semantic="TEXCOORD" source="#uv" offset="2" set="0" />
          <p>0 0 0 4 0 1 3 0 2 2 1 3 5 1 4 1 1 5 0 2 6 3 2 7 2 2 8 6 3 9 9 3 10 11 3 11 8 4 12 10 4 13 7 4 14 6 5 15 11 5 16 8 5 17 19 11 33 23 11 34 22 11 35 19 12 36 22 12 37 21 12 38 35 19 57 37 19 58 34 19 59 35 20 60 38 20 61 37 20 62 34 21 63 39 21 64 36 21 65 51 32 96 54 32 97 53 32 98 52 33 99 54 33 100 51 33 101 65 39 117 67 39 118 64 39 119 66 40 120 68 40 121 65 40 122 66 41 123 67 41 124 69 41 125 78 48 144 81 48 145 77 48 146 79 49 147 82 49 148 78 49 149 77 50 150 80 50 151 79 50 152 93 58 174 96 58 175 95 58 176 94 59 177 97 59 178 96 59 179 92 60 180 97 60 181 94 60 182 105 64 192 109 64 193 108 64 194 107 65 195 110 65 196 109 65 197 105 66 198 110 66 199 107 66 200 122 76 228 125 76 229 124 76 230 123 77 231 125 77 232 122 77 233 123 78 234 126 78 235 125 78 236 0 85 255 1 85 256 4 85 257 1 86 258 5 86 259 4 86 260 2 87 261 3 87 262 5 87 263 6 88 264 7 88 265 9 88 266 7 89 267 10 89 268 9 89 269 8 90 270 11 90 271 10 90 272 19 94 282 20 94 283 23 94 284 20 95 285 24 95 286 23 95 287 20 96 288 21 96 289 24 96 290 21 97 291 22 97 292 24 97 293 35 104 312 36 104 313 38 104 314 36 105 315 39 105 316 38 105 317 34 106 318 37 106 319 39 106 320 50 111 333 51 111 334 53 111 335 52 112 336 55 112 337 54 112 338 52 113 339 50 113 340 55 113 341 50 114 342 53 114 343 55 114 344 65 120 360 68 120 361 67 120 362 66 121 363 69 121 364 68 121 365 66 122 366 64 122 367 67 122 368 77 125 375 81 125 376 80 125 377 78 126 378 82 126 379 81 126 380 79 127 381 80 127 382 82 127 383 92 133 399 93 133 400 95 133 401 93 134 402 94 134 403 96 134 404 92 135 405 95 135 406 97 135 407 105 141 423 106 141 424 109 141 425 106 142 426 107 142 427 109 142 428 105 143 429 108 143 430 110 143 431 121 149 447 122 149 448 124 149 449 123 150 450 121 150 451 126 150 452 121 151 453 124 151 454 126 151 455 135 156 468 139 156 469 138 156 470 137 157 471 140 157 472 136 157 473 135 158 474 138 158 475 137 158 476 141 159 477 145 159 478 144 159 479 143 160 480 146 160 481 142 160 482 143 161 483 144 161 484 146 161 485 141 162 486 144 162 487 143 162 488 155 167 501 157 167 502 154 167 503 156 168 504 159 168 505 158 168 506 154 169 507 157 169 508 156 169 509 169 175 525 172 175 526 168 175 527 170 176 528 173 176 529 169 176 530 170 177 531 171 177 532 173 177 533 185 184 552 187 184 553 184 184 554 183 185 555 186 185 556 188 185 557 199 192 576 201 192 577 198 192 578 199 193 579 202 193 580 201 193 581 198 194 582 203 194 583 200 194 584 212 203 609 216 203 610 215 203 611 214 204 612 217 204 613 213 204 614 212 205 615 215 205 616 214 205 617 227 211 633 229 211 634 226 211 635 227 212 636 231 212 637 230 212 638 226 213 639 231 213 640 228 213 641 242 220 660 245 220 661 244 220 662 243 221 663 245 221 664 242 221 665 243 222 666 246 222 667 245 222 668 256 226 678 259 226 679 258 226 680 257 227 681 259 227 682 256 227 683 135 238 714 136 238 715 139 238 716 136 239 717 140 239 718 139 239 719 137 240 720 138 240 721 140 240 722 141 241 723 142 241 724 145 241 725 142 242 726 146 242 727 145 242 728 155 247 741 158 247 742 157 247 743 155 248 744 156 248 745 158 248 746 156 249 747 157 249 748 159 249 749 168 255 765 172 255 766 171 255 767 169 256 768 173 256 769 172 256 770 170 257 771 168 257 772 171 257 773 183 264 792 187 264 793 186 264 794 183 265 795 184 265 796 187 265 797 185 266 798 188 266 799 187 266 800 185 267 801 183 267 802 188 267 803 199 274 822 200 274 823 202 274 824 200 275 825 203 275 826 202 275 827 198 276 828 201 276 829 203 276 830 212 279 837 213 279 838 216 279 839 213 280 840 217 280 841 216 280 842 214 281 843 215 281 844 217 281 845 227 287 861 230 287 862 229 287 863 227 288 864 228 288 865 231 288 866 226 289 867 229 289 868 231 289 869 241 296 888 242 296 889 244 296 890 243 297 891 241 297 892 246 297 893 241 298 894 244 298 895 246 298 896 255 306 918 256 306 919 258 306 920 257 307 921 260 307 922 259 307 923 257 308 924 255 308 925 260 308 926 255 309 927 258 309 928 260 309 929 270 312 936 274 312 937 273 312 938 272 313 939 275 313 940 271 313 941 270 314 942 273 314 943 272 314 944 276 315 945 280 315 946 279 315 947 278 316 948 280 316 949 277 316 950 278 317 951 279 317 952 281 317 953 292 324 972 294 324 973 291 324 974 292 325 975 295 325 976 294 325 977 293 326 978 296 326 979 292 326 980 293 327 981 294 327 982 296 327 983 306 337 1011 308 337 1012 305 337 1013 306 338 1014 310 338 1015 309 338 1016 307 339 1017 310 339 1018 306 339 1019 307 340 1020 308 340 1021 310 340 1022 323 352 1056 327 352 1057 326 352 1058 324 353 1059 327 353 1060 323 353 1061 336 359 1077 339 359 1078 335 359 1079 336 360 1080 340 360 1081 339 360 1082 335 361 1083 338 361 1084 337 361 1085 351 369 1107 354 369 1108 350 369 1109 351 370 1110 355 370 1111 354 370 1112 350 371 1113 355 371 1114 352 371 1115 366 379 1137 369 379 1138 368 379 1139 367 380 1140 369 380 1141 366 380 1142 379 386 1158 381 386 1159 378 386 1160 380 387 1161 382 387 1162 379 387 1163 378 388 1164 383 388 1165 380 388 1166 393 396 1188 396 396 1189 392 396 1190 393 397 1191 397 397 1192 396 397 1193 394 398 1194 397 398 1195 393 398 1196 394 399 1197 395 399 1198 397 399 1199 270 403 1209 271 403 1210 274 403 1211 271 404 1212 275 404 1213 274 404 1214 272 405 1215 273 405 1216 275 405 1217 276 406 1218 277 406 1219 280 406 1220 278 407 1221 281 407 1222 280 407 1223 278 408 1224 276 408 1225 279 408 1226 292 415 1245 296 415 1246 295 415 1247 293 416 1248 291 416 1249 294 416 1250 306 418 1254 309 418 1255 308 418 1256 307 419 1257 305 419 1258 308 419 1259 322 425 1275 326 425 1276 325 425 1277 322 426 1278 323 426 1279 326 426 1280 324 427 1281 325 427 1282 327 427 1283 324 428 1284 322 428 1285 325 428 1286 335 432 1296 339 432 1297 338 432 1298 336 433 1299 337 433 1300 340 433 1301 337 434 1302 338 434 1303 340 434 1304 350 440 1320 354 440 1321 353 440 1322 351 441 1323 352 441 1324 355 441 1325 350 442 1326 353 442 1327 355 442 1328 365 448 1344 366 448 1345 368 448 1346 367 449 1347 370 449 1348 369 449 1349 367 450 1350 365 450 1351 370 450 1352 365 451 1353 368 451 1354 370 451 1355 379 455 1365 382 455 1366 381 455 1367 380 456 1368 383 456 1369 382 456 1370 378 457 1371 381 457 1372 383 457 1373 392 461 1383 396 461 1384 395 461 1385 394 462 1386 392 462 1387 395 462 1388 405 468 1404 409 468 1405 408 468 1406 407 469 1407 410 469 1408 406 469 1409 405 470 1410 408 470 1411 407 470 1412 411 471 1413 415 471 1414 414 471 1415 412 472 1416 415 472 1417 411 472 1418 413 473 1419 414 473 1420 416 473 1421 427 479 1437 430 479 1438 426 479 1439 427 480 1440 431 480 1441 430 480 1442 440 484 1452 442 484 1453 439 484 1454 441 485 1455 443 485 1456 440 485 1457 441 486 1458 444 486 1459 443 486 1460 453 491 1473 457 491 1474 456 491 1475 455 492 1476 458 492 1477 454 492 1478 455 493 1479 456 493 1480 458 493 1481 469 500 1500 472 500 1501 468 500 1502 470 501 1503 471 501 1504 473 501 1505 483 512 1536 487 512 1537 486 512 1538 485 513 1539 486 513 1540 488 513 1541 483 514 1542 486 514 1543 485 514 1544 497 519 1557 499 519 1558 496 519 1559 497 520 1560 501 520 1561 500 520 1562 498 521 1563 499 521 1564 501 521 1565 511 527 1581 513 527 1582 510 527 1583 511 528 1584 515 528 1585 514 528 1586 510 529 1587 515 529 1588 512 529 1589 525 541 1623 529 541 1624 528 541 1625 526 542 1626 530 542 1627 529 542 1628 527 543 1629 530 543 1630 526 543 1631 405 550 1650 406 550 1651 409 550 1652 406 551 1653 410 551 1654 409 551 1655 407 552 1656 408 552 1657 410 552 1658 412 553 1659 416 553 1660 415 553 1661 412 554 1662 413 554 1663 416 554 1664 413 555 1665 411 555 1666 414 555 1667 426 563 1689 430 563 1690 429 563 1691 427 564 1692 428 564 1693 431 564 1694 428 565 1695 429 565 1696 431 565 1697 428 566 1698 426 566 1699 429 566 1700 440 572 1716 443 572 1717 442 572 1718 441 573 1719 439 573 1720 444 573 1721 439 574 1722 442 574 1723 444 574 1724 453 581 1743 454 581 1744 457 581 1745 454 582 1746 458 582 1747 457 582 1748 455 583 1749 453 583 1750 456 583 1751 468 590 1770 472 590 1771 471 590 1772 469 591 1773 470 591 1774 472 591 1775 470 592 1776 473 592 1777 472 592 1778 470 593 1779 468 593 1780 471 593 1781 483 596 1788 484 596 1789 487 596 1790 484 597 1791 488 597 1792 487 597 1793 484 598 1794 485 598 1795 488 598 1796 497 603 1809 500 603 1810 499 603 1811 497 604 1812 498 604 1813 501 604 1814 498 605 1815 496 605 1816 499 605 1817 511 611 1833 514 611 1834 513 611 1835 511 612 1836 512 612 1837 515 612 1838 510 613 1839 513 613 1840 515 613 1841 525 615 1845 526 615 1846 529 615 1847 527 616 1848 528 616 1849 530 616 1850 527 617 1851 525 617 1852 528 617 1853 540 624 1872 544 624 1873 543 624 1874 542 625 1875 545 625 1876 541 625 1877 540 626 1878 543 626 1879 542 626 1880 546 627 1881 550 627 1882 549 627 1883 547 628 1884 550 628 1885 546 628 1886 548 629 1887 549 629 1888 551 629 1889 562 635 1905 565 635 1906 561 635 1907 562 636 1908 566 636 1909 565 636 1910 575 640 1920 577 640 1921 574 640 1922 576 641 1923 578 641 1924 575 641 1925 576 642 1926 579 642 1927 578 642 1928 588 647 1941 592 647 1942 591 647 1943 590 648 1944 593 648 1945 589 648 1946 590 649 1947 591 649 1948 593 649 1949 604 656 1968 607 656 1969 603 656 1970 605 657 1971 606 657 1972 608 657 1973 618 668 2004 622 668 2005 621 668 2006 620 669 2007 621 669 2008 623 669 2009 618 670 2010 621 670 2011 620 670 2012 632 675 2025 634 675 2026 631 675 2027 632 676 2028 636 676 2029 635 676 2030 633 677 2031 634 677 2032 636 677 2033 646 683 2049 648 683 2050 645 683 2051 646 684 2052 650 684 2053 649 684 2054 645 685 2055 650 685 2056 647 685 2057 660 697 2091 664 697 2092 663 697 2093 661 698 2094 665 698 2095 664 698 2096 662 699 2097 665 699 2098 661 699 2099 540 706 2118 541 706 2119 544 706 2120 541 707 2121 545 707 2122 544 707 2123 542 708 2124 543 708 2125 545 708 2126 547 709 2127 551 709 2128 550 709 2129 547 710 2130 548 710 2131 551 710 2132 548 711 2133 546 711 2134 549 711 2135 561 719 2157 565 719 2158 564 719 2159 562 720 2160 563 720 2161 566 720 2162 563 721 2163 564 721 2164 566 721 2165 563 722 2166 561 722 2167 564 722 2168 575 728 2184 578 728 2185 577 728 2186 576 729 2187 574 729 2188 579 729 2189 574 730 2190 577 730 2191 579 730 2192 588 737 2211 589 737 2212 592 737 2213 589 738 2214 593 738 2215 592 738 2216 590 739 2217 588 739 2218 591 739 2219 603 746 2238 607 746 2239 606 746 2240 604 747 2241 605 747 2242 607 747 2243 605 748 2244 608 748 2245 607 748 2246 605 749 2247 603 749 2248 606 749 2249 618 752 2256 619 752 2257 622 752 2258 619 753 2259 623 753 2260 622 753 2261 619 754 2262 620 754 2263 623 754 2264 632 759 2277 635 759 2278 634 759 2279 632 760 2280 633 760 2281 636 760 2282 633 761 2283 631 761 2284 634 761 2285 646 767 2301 649 767 2302 648 767 2303 646 768 2304 647 768 2305 650 768 2306 645 769 2307 648 769 2308 650 769 2309 660 771 2313 661 771 2314 664 771 2315 662 772 2316 663 772 2317 665 772 2318 662 773 2319 660 773 2320 663 773 2321 675 780 2340 679 780 2341 678 780 2342 677 781 2343 680 781 2344 676 781 2345 675 782 2346 678 782 2347 677 782 2348 682 783 2349 686 783 2350 685 783 2351 683 784 2352 686 784 2353 682 784 2354 683 785 2355 684 785 2356 686 785 2357 695 793 2379 698 793 2380 700 793 2381 696 794 2382 698 794 2383 695 794 2384 695 795 2385 700 795 2386 697 795 2387 711 803 2409 714 803 2410 710 803 2411 712 804 2412 715 804 2413 711 804 2414 712 805 2415 713 805 2416 715 805 2417 725 810 2430 728 810 2431 727 810 2432 726 811 2433 729 811 2434 728 811 2435 724 812 2436 729 812 2437 726 812 2438 739 815 2445 743 815 2446 742 815 2447 740 816 2448 744 816 2449 743 816 2450 739 817 2451 744 817 2452 741 817 2453 755 824 2472 758 824 2473 754 824 2474 755 825 2475 756 825 2476 758 825 2477 769 833 2499 773 833 2500 772 833 2501 770 834 2502 773 834 2503 769 834 2504 768 835 2505 771 835 2506 770 835 2507 782 839 2517 785 839 2518 784 839 2519 783 840 2520 785 840 2521 782 840 2522 783 841 2523 784 841 2524 786 841 2525 797 846 2538 799 846 2539 796 846 2540 798 847 2541 800 847 2542 797 847 2543 798 848 2544 799 848 2545 801 848 2546 675 855 2565 676 855 2566 679 855 2567 676 856 2568 680 856 2569 679 856 2570 677 857 2571 678 857 2572 680 857 2573 681 858 2574 685 858 2575 684 858 2576 681 859 2577 682 859 2578 685 859 2579 683 860 2580 681 860 2581 684 860 2582 696 864 2592 699 864 2593 698 864 2594 696 865 2595 697 865 2596 699 865 2597 697 866 2598 700 866 2599 699 866 2600 710 872 2616 714 872 2617 713 872 2618 711 873 2619 715 873 2620 714 873 2621 712 874 2622 710 874 2623 713 874 2624 724 881 2643 725 881 2644 727 881 2645 725 882 2646 726 882 2647 728 882 2648 724 883 2649 727 883 2650 729 883 2651 739 894 2682 740 894 2683 743 894 2684 740 895 2685 741 895 2686 744 895 2687 739 896 2688 742 896 2689 744 896 2690 753 901 2703 757 901 2704 756 901 2705 753 902 2706 754 902 2707 757 902 2708 754 903 2709 758 903 2710 757 903 2711 755 904 2712 753 904 2713 756 904 2714 768 910 2730 772 910 2731 771 910 2732 768 911 2733 769 911 2734 772 911 2735 770 912 2736 771 912 2737 773 912 2738 781 918 2754 782 918 2755 784 918 2756 783 919 2757 786 919 2758 785 919 2759 783 920 2760 781 920 2761 784 920 2762 797 929 2787 800 929 2788 799 929 2789 798 930 2790 801 930 2791 800 930 2792 798 931 2793 796 931 2794 799 931 2795 810 936 2808 814 936 2809 813 936 2810 812 937 2811 815 937 2812 811 937 2813 810 938 2814 813 938 2815 812 938 2816 817 939 2817 820 939 2818 819 939 2819 818 940 2820 820 940 2821 817 940 2822 816 941 2823 821 941 2824 818 941 2825 829 948 2844 833 948 2845 832 948 2846 830 949 2847 834 949 2848 833 949 2849 831 950 2850 834 950 2851 830 950 2852 829 951 2853 832 951 2854 831 951 2855 845 957 2871 847 957 2872 844 957 2873 846 958 2874 849 958 2875 848 958 2876 844 959 2877 849 959 2878 846 959 2879 859 967 2901 863 967 2902 862 967 2903 858 968 2904 863 968 2905 860 968 2906 873 976 2928 877 976 2929 876 976 2930 874 977 2931 878 977 2932 877 977 2933 875 978 2934 876 978 2935 878 978 2936 889 987 2961 893 987 2962 892 987 2963 891 988 2964 894 988 2965 890 988 2966 889 989 2967 894 989 2968 891 989 2969 904 993 2979 907 993 2980 906 993 2981 905 994 2982 907 994 2983 904 994 2984 903 995 2985 908 995 2986 905 995 2987 918 1000 3000 920 1000 3001 917 1000 3002 919 1001 3003 921 1001 3004 918 1001 3005 919 1002 3006 920 1002 3007 922 1002 3008 932 1008 3024 935 1008 3025 934 1008 3026 933 1009 3027 936 1009 3028 935 1009 3029 931 1010 3030 936 1010 3031 933 1010 3032 810 1017 3051 811 1017 3052 814 1017 3053 811 1018 3054 815 1018 3055 814 1018 3056 812 1019 3057 813 1019 3058 815 1019 3059 816 1020 3060 817 1020 3061 819 1020 3062 818 1021 3063 821 1021 3064 820 1021 3065 816 1022 3066 819 1022 3067 821 1022 3068 829 1025 3075 830 1025 3076 833 1025 3077 831 1026 3078 832 1026 3079 834 1026 3080 845 1034 3102 848 1034 3103 847 1034 3104 845 1035 3105 846 1035 3106 848 1035 3107 844 1036 3108 847 1036 3109 849 1036 3110 858 1040 3120 859 1040 3121 861 1040 3122 859 1041 3123 862 1041 3124 861 1041 3125 859 1042 3126 860 1042 3127 863 1042 3128 858 1043 3129 861 1043 3130 863 1043 3131 873 1049 3147 874 1049 3148 877 1049 3149 874 1050 3150 875 1050 3151 878 1050 3152 875 1051 3153 873 1051 3154 876 1051 3155 889 1058 3174 890 1058 3175 893 1058 3176 890 1059 3177 894 1059 3178 893 1059 3179 889 1060 3180 892 1060 3181 894 1060 3182 903 1068 3204 904 1068 3205 906 1068 3206 905 1069 3207 908 1069 3208 907 1069 3209 903 1070 3210 906 1070 3211 908 1070 3212 918 1077 3231 921 1077 3232 920 1077 3233 919 1078 3234 922 1078 3235 921 1078 3236 919 1079 3237 917 1079 3238 920 1079 3239 931 1085 3255 932 1085 3256 934 1085 3257 932 1086 3258 933 1086 3259 935 1086 3260 931 1087 3261 934 1087 3262 936 1087 3263 945 1092 3276 949 1092 3277 948 1092 3278 947 1093 3279 950 1093 3280 946 1093 3281 945 1094 3282 948 1094 3283 947 1094 3284 952 1095 3285 954 1095 3286 951 1095 3287 953 1096 3288 956 1096 3289 955 1096 3290 951 1097 3291 956 1097 3292 953 1097 3293 951 1098 3294 954 1098 3295 956 1098 3296 964 1103 3309 968 1103 3310 967 1103 3311 966 1104 3312 968 1104 3313 965 1104 3314 966 1105 3315 967 1105 3316 969 1105 3317 982 1115 3345 984 1115 3346 981 1115 3347 983 1116 3348 986 1116 3349 985 1116 3350 981 1117 3351 986 1117 3352 983 1117 3353 998 1125 3375 1000 1125 3376 997 1125 3377 998 1126 3378 1001 1126 3379 1000 1126 3380 1009 1132 3396 1013 1132 3397 1012 1132 3398 1010 1133 3399 1013 1133 3400 1009 1133 3401 1022 1140 3420 1026 1140 3421 1025 1140 3422 1023 1141 3423 1026 1141 3424 1022 1141 3425 1023 1142 3426 1027 1142 3427 1026 1142 3428 1037 1148 3444 1040 1148 3445 1036 1148 3446 1037 1149 3447 1041 1149 3448 1040 1149 3449 1036 1150 3450 1039 1150 3451 1038 1150 3452 1050 1153 3459 1054 1153 3460 1053 1153 3461 1051 1154 3462 1054 1154 3463 1050 1154 3464 1051 1155 3465 1055 1155 3466 1054 1155 3467 1052 1156 3468 1055 1156 3469 1051 1156 3470 1068 1163 3489 1070 1163 3490 1067 1163 3491 1066 1164 3492 1071 1164 3493 1068 1164 3494 1066 1165 3495 1069 1165 3496 1071 1165 3497 945 1170 3510 946 1170 3511 949 1170 3512 946 1171 3513 950 1171 3514 949 1171 3515 947 1172 3516 948 1172 3517 950 1172 3518 952 1173 3519 955 1173 3520 954 1173 3521 952 1174 3522 953 1174 3523 955 1174 3524 964 1179 3537 965 1179 3538 968 1179 3539 966 1180 3540 969 1180 3541 968 1180 3542 966 1181 3543 964 1181 3544 967 1181 3545 982 1189 3567 985 1189 3568 984 1189 3569 982 1190 3570 983 1190 3571 985 1190 3572 981 1191 3573 984 1191 3574 986 1191 3575 996 1197 3591 997 1197 3592 999 1197 3593 997 1198 3594 1000 1198 3595 999 1198 3596 998 1199 3597 996 1199 3598 1001 1199 3599 996 1200 3600 999 1200 3601 1001 1200 3602 1010 1204 3612 1014 1204 3613 1013 1204 3614 1010 1205 3615 1011 1205 3616 1014 1205 3617 1011 1206 3618 1012 1206 3619 1014 1206 3620 1011 1207 3621 1009 1207 3622 1012 1207 3623 1023 1210 3630 1024 1210 3631 1027 1210 3632 1024 1211 3633 1025 1211 3634 1027 1211 3635 1024 1212 3636 1022 1212 3637 1025 1212 3638 1036 1218 3654 1040 1218 3655 1039 1218 3656 1037 1219 3657 1038 1219 3658 1041 1219 3659 1038 1220 3660 1039 1220 3661 1041 1220 3662 1052 1229 3687 1053 1229 3688 1055 1229 3689 1052 1230 3690 1050 1230 3691 1053 1230 3692 1066 1239 3717 1067 1239 3718 1069 1239 3719 1067 1240 3720 1070 1240 3721 1069 1240 3722 1068 1241 3723 1071 1241 3724 1070 1241 3725 1080 1248 3744 1084 1248 3745 1083 1248 3746 1082 1249 3747 1085 1249 3748 1081 1249 3749 1080 1250 3750 1083 1250 3751 1082 1250 3752 1086 1251 3753 1090 1251 3754 1089 1251 3755 1087 1252 3756 1090 1252 3757 1086 1252 3758 1088 1253 3759 1089 1253 3760 1091 1253 3761 1102 1259 3777 1105 1259 3778 1101 1259 3779 1102 1260 3780 1106 1260 3781 1105 1260 3782 1115 1264 3792 1117 1264 3793 1114 1264 3794 1116 1265 3795 1118 1265 3796 1115 1265 3797 1116 1266 3798 1119 1266 3799 1118 1266 3800 1128 1271 3813 1132 1271 3814 1131 1271 3815 1130 1272 3816 1133 1272 3817 1129 1272 3818 1130 1273 3819 1131 1273 3820 1133 1273 3821 1144 1280 3840 1147 1280 3841 1143 1280 3842 1145 1281 3843 1146 1281 3844 1148 1281 3845 1158 1292 3876 1162 1292 3877 1161 1292 3878 1160 1293 3879 1161 1293 3880 1163 1293 3881 1158 1294 3882 1161 1294 3883 1160 1294 3884 1172 1299 3897 1174 1299 3898 1171 1299 3899 1172 1300 3900 1176 1300 3901 1175 1300 3902 1173 1301 3903 1174 1301 3904 1176 1301 3905 1186 1307 3921 1188 1307 3922 1185 1307 3923 1186 1308 3924 1190 1308 3925 1189 1308 3926 1185 1309 3927 1190 1309 3928 1187 1309 3929 1200 1321 3963 1204 1321 3964 1203 1321 3965 1201 1322 3966 1205 1322 3967 1204 1322 3968 1202 1323 3969 1205 1323 3970 1201 1323 3971 1080 1330 3990 1081 1330 3991 1084 1330 3992 1081 1331 3993 1085 1331 3994 1084 1331 3995 1082 1332 3996 1083 1332 3997 1085 1332 3998 1087 1333 3999 1091 1333 4000 1090 1333 4001 1087 1334 4002 1088 1334 4003 1091 1334 4004 1088 1335 4005 1086 1335 4006 1089 1335 4007 1101 1343 4029 1105 1343 4030 1104 1343 4031 1102 1344 4032 1103 1344 4033 1106 1344 4034 1103 1345 4035 1104 1345 4036 1106 1345 4037 1103 1346 4038 1101 1346 4039 1104 1346 4040 1115 1352 4056 1118 1352 4057 1117 1352 4058 1116 1353 4059 1114 1353 4060 1119 1353 4061 1114 1354 4062 1117 1354 4063 1119 1354 4064 1128 1361 4083 1129 1361 4084 1132 1361 4085 1129 1362 4086 1133 1362 4087 1132 1362 4088 1130 1363 4089 1128 1363 4090 1131 1363 4091 1143 1370 4110 1147 1370 4111 1146 1370 4112 1144 1371 4113 1145 1371 4114 1147 1371 4115 1145 1372 4116 1148 1372 4117 1147 1372 4118 1145 1373 4119 1143 1373 4120 1146 1373 4121 1158 1376 4128 1159 1376 4129 1162 1376 4130 1159 1377 4131 1163 1377 4132 1162 1377 4133 1159 1378 4134 1160 1378 4135 1163 1378 4136 1172 1383 4149 1175 1383 4150 1174 1383 4151 1172 1384 4152 1173 1384 4153 1176 1384 4154 1173 1385 4155 1171 1385 4156 1174 1385 4157 1186 1391 4173 1189 1391 4174 1188 1391 4175 1186 1392 4176 1187 1392 4177 1190 1392 4178 1185 1393 4179 1188 1393 4180 1190 1393 4181 1200 1395 4185 1201 1395 4186 1204 1395 4187 1202 1396 4188 1203 1396 4189 1205 1396 4190 1202 1397 4191 1200 1397 4192 1203 1397 4193 1215 1404 4212 1219 1404 4213 1218 1404 4214 1217 1405 4215 1220 1405 4216 1216 1405 4217 1215 1406 4218 1218 1406 4219 1217 1406 4220 1221 1407 4221 1225 1407 4222 1224 1407 4223 1223 1408 4224 1225 1408 4225 1222 1408 4226 1221 1409 4227 1226 1409 4228 1223 1409 4229 1235 1415 4245 1239 1415 4246 1238 1415 4247 1237 1416 4248 1240 1416 4249 1236 1416 4250 1237 1417 4251 1238 1417 4252 1240 1417 4253 1235 1418 4254 1238 1418 4255 1237 1418 4256 1249 1422 4266 1251 1422 4267 1248 1422 4268 1249 1423 4269 1253 1423 4270 1252 1423 4271 1250 1424 4272 1251 1424 4273 1253 1424 4274 1264 1430 4290 1268 1430 4291 1267 1430 4292 1265 1431 4293 1268 1431 4294 1264 1431 4295 1280 1441 4323 1284 1441 4324 1283 1441 4325 1281 1442 4326 1284 1442 4327 1280 1442 4328 1282 1443 4329 1283 1443 4330 1285 1443 4331 1295 1449 4347 1297 1449 4348 1294 1449 4349 1296 1450 4350 1298 1450 4351 1295 1450 4352 1296 1451 4353 1299 1451 4354 1298 1451 4355 1294 1452 4356 1297 1452 4357 1299 1452 4358 1307 1461 4383 1311 1461 4384 1310 1461 4385 1308 1462 4386 1311 1462 4387 1307 1462 4388 1321 1471 4413 1324 1471 4414 1323 1471 4415 1322 1472 4416 1325 1472 4417 1324 1472 4418 1323 1473 4419 1326 1473 4420 1325 1473 4421 1336 1478 4434 1340 1478 4435 1339 1478 4436 1337 1479 4437 1341 1479 4438 1340 1479 4439 1338 1480 4440 1341 1480 4441 1337 1480 4442 1336 1481 4443 1339 1481 4444 1338 1481 4445 1215 1486 4458 1216 1486 4459 1219 1486 4460 1216 1487 4461 1220 1487 4462 1219 1487 4463 1217 1488 4464 1218 1488 4465 1220 1488 4466 1221 1489 4467 1222 1489 4468 1225 1489 4469 1223 1490 4470 1226 1490 4471 1225 1490 4472 1221 1491 4473 1224 1491 4474 1226 1491 4475 1235 1497 4491 1236 1497 4492 1239 1497 4493 1236 1498 4494 1240 1498 4495 1239 1498 4496 1249 1504 4512 1252 1504 4513 1251 1504 4514 1249 1505 4515 1250 1505 4516 1253 1505 4517 1250 1506 4518 1248 1506 4519 1251 1506 4520 1265 1516 4548 1269 1516 4549 1268 1516 4550 1265 1517 4551 1266 1517 4552 1269 1517 4553 1266 1518 4554 1267 1518 4555 1269 1518 4556 1266 1519 4557 1264 1519 4558 1267 1519 4559 1281 1525 4575 1285 1525 4576 1284 1525 4577 1281 1526 4578 1282 1526 4579 1285 1526 4580 1282 1527 4581 1280 1527 4582 1283 1527 4583 1295 1533 4599 1298 1533 4600 1297 1533 4601 1296 1534 4602 1294 1534 4603 1299 1534 4604 1308 1535 4605 1312 1535 4606 1311 1535 4607 1308 1536 4608 1309 1536 4609 1312 1536 4610 1309 1537 4611 1310 1537 4612 1312 1537 4613 1309 1538 4614 1307 1538 4615 1310 1538 4616 1321 1541 4623 1322 1541 4624 1324 1541 4625 1322 1542 4626 1323 1542 4627 1325 1542 4628 1323 1543 4629 1324 1543 4630 1326 1543 4631 1336 1552 4656 1337 1552 4657 1340 1552 4658 1338 1553 4659 1339 1553 4660 1341 1553 4661 1350 1560 4680 1354 1560 4681 1353 1560 4682 1352 1561 4683 1355 1561 4684 1351 1561 4685 1350 1562 4686 1353 1562 4687 1352 1562 4688 1356 1563 4689 1359 1563 4690 1361 1563 4691 1358 1564 4692 1360 1564 4693 1357 1564 4694 1356 1565 4695 1361 1565 4696 1358 1565 4697 1369 1571 4713 1373 1571 4714 1372 1571 4715 1369 1572 4716 1372 1572 4717 1371 1572 4718 1385 1579 4737 1387 1579 4738 1384 1579 4739 1385 1580 4740 1388 1580 4741 1387 1580 4742 1384 1581 4743 1389 1581 4744 1386 1581 4745 1401 1592 4776 1404 1592 4777 1403 1592 4778 1402 1593 4779 1404 1593 4780 1401 1593 4781 1415 1599 4797 1417 1599 4798 1414 1599 4799 1416 1600 4800 1418 1600 4801 1415 1600 4802 1416 1601 4803 1417 1601 4804 1419 1601 4805 1428 1608 4824 1431 1608 4825 1427 1608 4826 1429 1609 4827 1432 1609 4828 1428 1609 4829 1427 1610 4830 1430 1610 4831 1429 1610 4832 1443 1618 4854 1446 1618 4855 1445 1618 4856 1444 1619 4857 1447 1619 4858 1446 1619 4859 1442 1620 4860 1447 1620 4861 1444 1620 4862 1455 1624 4872 1459 1624 4873 1458 1624 4874 1457 1625 4875 1460 1625 4876 1459 1625 4877 1455 1626 4878 1460 1626 4879 1457 1626 4880 1472 1636 4908 1475 1636 4909 1474 1636 4910 1473 1637 4911 1475 1637 4912 1472 1637 4913 1473 1638 4914 1476 1638 4915 1475 1638 4916 1350 1645 4935 1351 1645 4936 1354 1645 4937 1351 1646 4938 1355 1646 4939 1354 1646 4940 1352 1647 4941 1353 1647 4942 1355 1647 4943 1356 1648 4944 1357 1648 4945 1359 1648 4946 1357 1649 4947 1360 1649 4948 1359 1649 4949 1358 1650 4950 1361 1650 4951 1360 1650 4952 1369 1654 4962 1370 1654 4963 1373 1654 4964 1370 1655 4965 1374 1655 4966 1373 1655 4967 1370 1656 4968 1371 1656 4969 1374 1656 4970 1371 1657 4971 1372 1657 4972 1374 1657 4973 1385 1664 4992 1386 1664 4993 1388 1664 4994 1386 1665 4995 1389 1665 4996 1388 1665 4997 1384 1666 4998 1387 1666 4999 1389 1666 5000 1400 1671 5013 1401 1671 5014 1403 1671 5015 1402 1672 5016 1405 1672 5017 1404 1672 5018 1402 1673 5019 1400 1673 5020 1405 1673 5021 1400 1674 5022 1403 1674 5023 1405 1674 5024 1415 1680 5040 1418 1680 5041 1417 1680 5042 1416 1681 5043 1419 1681 5044 1418 1681 5045 1416 1682 5046 1414 1682 5047 1417 1682 5048 1427 1685 5055 1431 1685 5056 1430 1685 5057 1428 1686 5058 1432 1686 5059 1431 1686 5060 1429 1687 5061 1430 1687 5062 1432 1687 5063 1442 1693 5079 1443 1693 5080 1445 1693 5081 1443 1694 5082 1444 1694 5083 1446 1694 5084 1442 1695 5085 1445 1695 5086 1447 1695 5087 1455 1701 5103 1456 1701 5104 1459 1701 5105 1456 1702 5106 1457 1702 5107 1459 1702 5108 1455 1703 5109 1458 1703 5110 1460 1703 5111 1471 1709 5127 1472 1709 5128 1474 1709 5129 1473 1710 5130 1471 1710 5131 1476 1710 5132 1471 1711 5133 1474 1711 5134 1476 1711 5135</p>
        </triangles>
        <triangles count="314" material="m5">
          <input semantic="VERTEX" source="#vertices" offset="0" />
          <input semantic="NORMAL" source="#normals" offset="1" />
          <input semantic="TEXCOORD" source="#uv" offset="2" set="0" />
          <p>15 6 18 12 6 19 14 6 20 14 7 21 16 7 22 13 7 23 12 8 24 16 8 25 17 8 26 12 9 27 17 9 28 14 9 29 17 10 30 18 10 31 14 10 32 25 13 39 30 13 40 28 13 41 28 14 42 29 14 43 26 14 44 30 15 45 29 15 46 32 15 47 28 16 48 32 16 49 31 16 50 30 17 51 32 17 52 28 17 53 29 18 54 31 18 55 33 18 56 99 61 183 100 61 184 104 61 185 104 62 186 103 62 187 101 62 188 102 63 189 104 63 190 100 63 191 15 91 273 13 91 274 12 91 275 13 92 276 16 92 277 12 92 278 14 93 279 18 93 280 16 93 281 25 98 294 26 98 295 29 98 296 26 99 297 27 99 298 28 99 299 27 100 300 25 100 301 28 100 302 25 101 303 29 101 304 30 101 305 29 102 306 28 102 307 31 102 308 32 103 309 29 103 310 33 103 311 98 136 408 99 136 409 101 136 410 100 137 411 98 137 412 101 137 413 101 138 414 99 138 415 104 138 416 100 139 417 101 139 418 102 139 419 102 140 420 101 140 421 103 140 422 206 195 585 208 195 586 205 195 587 204 196 588 209 196 589 206 196 590 208 197 591 207 197 592 204 197 593 204 198 594 207 198 595 209 198 596 206 199 597 209 199 598 208 199 599 209 200 600 211 200 601 208 200 602 207 201 603 210 201 604 209 201 605 211 202 606 207 202 607 208 202 608 261 228 684 265 228 685 266 228 686 261 229 687 262 229 688 265 229 689 264 230 690 263 230 691 262 230 692 263 231 693 265 231 694 262 231 695 265 232 696 267 232 697 266 232 698 265 233 699 263 233 700 267 233 701 263 234 702 269 234 703 268 234 704 266 235 705 269 235 706 263 235 707 266 236 708 267 236 709 269 236 710 263 237 711 268 237 712 267 237 713 205 277 831 208 277 832 204 277 833 209 278 834 210 278 835 211 278 836 264 310 930 261 310 931 266 310 932 263 311 933 264 311 934 266 311 935 312 341 1023 313 341 1024 311 341 1025 312 342 1026 315 342 1027 314 342 1028 316 343 1029 315 343 1030 312 343 1031 316 344 1032 317 344 1033 315 344 1034 311 345 1035 313 345 1036 316 345 1037 312 346 1038 314 346 1039 313 346 1040 316 347 1041 313 347 1042 317 347 1043 313 348 1044 318 348 1045 317 348 1046 315 349 1047 320 349 1048 314 349 1049 318 350 1050 321 350 1051 320 350 1052 318 351 1053 319 351 1054 321 351 1055 341 362 1086 342 362 1087 346 362 1088 343 363 1089 345 363 1090 344 363 1091 341 364 1092 345 364 1093 343 364 1094 342 365 1095 344 365 1096 346 365 1097 344 366 1098 348 366 1099 346 366 1100 345 367 1101 348 367 1102 344 367 1103 347 368 1104 348 368 1105 345 368 1106 401 400 1200 399 400 1201 402 400 1202 398 401 1203 403 401 1204 399 401 1205 402 402 1206 403 402 1207 398 402 1208 317 420 1260 318 420 1261 315 420 1262 313 421 1263 314 421 1264 318 421 1265 314 422 1266 320 422 1267 319 422 1268 315 423 1269 318 423 1270 320 423 1271 318 424 1272 314 424 1273 319 424 1274 342 435 1305 343 435 1306 344 435 1307 341 436 1308 346 436 1309 345 436 1310 345 437 1311 346 437 1312 347 437 1313 347 438 1314 346 438 1315 349 438 1316 346 439 1317 348 439 1318 349 439 1319 398 463 1389 401 463 1390 402 463 1391 401 464 1392 400 464 1393 399 464 1394 400 465 1395 398 465 1396 399 465 1397 402 466 1398 399 466 1399 404 466 1400 402 467 1401 404 467 1402 403 467 1403 419 474 1422 421 474 1423 417 474 1424 421 475 1425 420 475 1426 418 475 1427 420 476 1428 424 476 1429 422 476 1430 422 477 1431 423 477 1432 421 477 1433 422 478 1434 424 478 1435 423 478 1436 474 502 1506 480 502 1507 478 502 1508 474 503 1509 476 503 1510 480 503 1511 474 504 1512 477 504 1513 476 504 1514 474 505 1515 475 505 1516 477 505 1517 475 506 1518 478 506 1519 477 506 1520 478 507 1521 480 507 1522 477 507 1523 477 508 1524 479 508 1525 476 508 1526 480 509 1527 479 509 1528 477 509 1529 476 510 1530 481 510 1531 480 510 1532 476 511 1533 479 511 1534 482 511 1535 504 522 1566 508 522 1567 503 522 1568 502 523 1569 507 523 1570 504 523 1571 508 524 1572 507 524 1573 503 524 1574 504 525 1575 507 525 1576 506 525 1577 507 526 1578 509 526 1579 506 526 1580 419 556 1668 422 556 1669 421 556 1670 418 557 1671 417 557 1672 421 557 1673 419 558 1674 420 558 1675 422 558 1676 419 559 1677 418 559 1678 420 559 1679 424 560 1680 420 560 1681 425 560 1682 420 561 1683 421 561 1684 425 561 1685 421 562 1686 423 562 1687 425 562 1688 479 594 1782 480 594 1783 481 594 1784 476 595 1785 482 595 1786 481 595 1787 505 606 1818 504 606 1819 503 606 1820 502 607 1821 503 607 1822 507 607 1823 502 608 1824 504 608 1825 505 608 1826 504 609 1827 506 609 1828 508 609 1829 507 610 1830 508 610 1831 509 610 1832 554 630 1890 556 630 1891 552 630 1892 556 631 1893 555 631 1894 553 631 1895 555 632 1896 559 632 1897 557 632 1898 557 633 1899 558 633 1900 556 633 1901 557 634 1902 559 634 1903 558 634 1904 609 658 1974 615 658 1975 613 658 1976 609 659 1977 611 659 1978 615 659 1979 609 660 1980 612 660 1981 611 660 1982 609 661 1983 610 661 1984 612 661 1985 610 662 1986 613 662 1987 612 662 1988 613 663 1989 615 663 1990 612 663 1991 612 664 1992 614 664 1993 611 664 1994 615 665 1995 614 665 1996 612 665 1997 611 666 1998 616 666 1999 615 666 2000 611 667 2001 614 667 2002 617 667 2003 639 678 2034 643 678 2035 638 678 2036 637 679 2037 642 679 2038 639 679 2039 643 680 2040 642 680 2041 638 680 2042 639 681 2043 642 681 2044 641 681 2045 642 682 2046 644 682 2047 641 682 2048 554 712 2136 557 712 2137 556 712 2138 553 713 2139 552 713 2140 556 713 2141 554 714 2142 555 714 2143 557 714 2144 554 715 2145 553 715 2146 555 715 2147 559 716 2148 555 716 2149 560 716 2150 555 717 2151 556 717 2152 560 717 2153 556 718 2154 558 718 2155 560 718 2156 614 750 2250 615 750 2251 616 750 2252 611 751 2253 617 751 2254 616 751 2255 640 762 2286 639 762 2287 638 762 2288 637 763 2289 638 763 2290 642 763 2291 637 764 2292 639 764 2293 640 764 2294 639 765 2295 641 765 2296 643 765 2297 642 766 2298 643 766 2299 644 766 2300 688 786 2358 691 786 2359 690 786 2360 687 787 2361 691 787 2362 688 787 2363 691 788 2364 692 788 2365 690 788 2366 687 789 2367 693 789 2368 691 789 2369 687 790 2370 694 790 2371 693 790 2372 687 791 2373 692 791 2374 694 791 2375 689 792 2376 692 792 2377 687 792 2378 701 796 2388 706 796 2389 703 796 2390 701 797 2391 705 797 2392 706 797 2393 701 798 2394 702 798 2395 705 798 2396 702 799 2397 703 799 2398 704 799 2399 703 800 2400 706 800 2401 704 800 2402 704 801 2403 709 801 2404 708 801 2405 706 802 2406 707 802 2407 709 802 2408 733 813 2439 735 813 2440 732 813 2441 734 814 2442 736 814 2443 738 814 2444 787 842 2526 790 842 2527 792 842 2528 792 843 2529 791 843 2530 789 843 2531 790 844 2532 794 844 2533 792 844 2534 794 845 2535 793 845 2536 792 845 2537 689 861 2583 687 861 2584 688 861 2585 690 862 2586 692 862 2587 689 862 2588 692 863 2589 691 863 2590 693 863 2591 702 867 2601 704 867 2602 705 867 2603 705 868 2604 708 868 2605 707 868 2606 705 869 2607 704 869 2608 708 869 2609 704 870 2610 706 870 2611 709 870 2612 706 871 2613 705 871 2614 707 871 2615 730 884 2652 733 884 2653 732 884 2654 730 885 2655 731 885 2656 733 885 2657 731 886 2658 732 886 2659 734 886 2660 731 887 2661 734 887 2662 733 887 2663 732 888 2664 735 888 2665 734 888 2666 734 889 2667 737 889 2668 733 889 2669 735 890 2670 733 890 2671 736 890 2672 733 891 2673 737 891 2674 736 891 2675 734 892 2676 738 892 2677 737 892 2678 734 893 2679 735 893 2680 736 893 2681 789 921 2763 787 921 2764 792 921 2765 787 922 2766 788 922 2767 790 922 2768 788 923 2769 789 923 2770 790 923 2771 789 924 2772 795 924 2773 790 924 2774 795 925 2775 789 925 2776 791 925 2777 790 926 2778 795 926 2779 794 926 2780 792 927 2781 793 927 2782 791 927 2783 791 928 2784 793 928 2785 795 928 2786 852 960 2880 850 960 2881 853 960 2882 851 961 2883 854 961 2884 850 961 2885 853 962 2886 854 962 2887 851 962 2888 850 963 2889 855 963 2890 853 963 2891 850 964 2892 854 964 2893 855 964 2894 854 965 2895 857 965 2896 855 965 2897 853 966 2898 856 966 2899 857 966 2900 910 996 2988 912 996 2989 914 996 2990 911 997 2991 913 997 2992 912 997 2993 912 998 2994 913 998 2995 915 998 2996 914 999 2997 915 999 2998 916 999 2999 851 1037 3111 852 1037 3112 853 1037 3113 854 1038 3114 853 1038 3115 857 1038 3116 853 1039 3117 855 1039 3118 856 1039 3119 909 1071 3213 910 1071 3214 911 1071 3215 910 1072 3216 914 1072 3217 911 1072 3218 909 1073 3219 911 1073 3220 912 1073 3221 912 1074 3222 915 1074 3223 914 1074 3224 911 1075 3225 916 1075 3226 913 1075 3227 911 1076 3228 914 1076 3229 916 1076 3230 988 1118 3354 992 1118 3355 990 1118 3356 990 1119 3357 991 1119 3358 989 1119 3359 991 1120 3360 990 1120 3361 994 1120 3362 991 1121 3363 994 1121 3364 993 1121 3365 992 1122 3366 995 1122 3367 990 1122 3368 991 1123 3369 993 1123 3370 992 1123 3371 992 1124 3372 993 1124 3373 995 1124 3374 987 1192 3576 989 1192 3577 991 1192 3578 989 1193 3579 988 1193 3580 990 1193 3581 988 1194 3582 987 1194 3583 992 1194 3584 987 1195 3585 991 1195 3586 992 1195 3587 990 1196 3588 995 1196 3589 994 1196 3590 1094 1254 3762 1096 1254 3763 1092 1254 3764 1096 1255 3765 1095 1255 3766 1093 1255 3767 1095 1256 3768 1099 1256 3769 1097 1256 3770 1097 1257 3771 1098 1257 3772 1096 1257 3773 1097 1258 3774 1099 1258 3775 1098 1258 3776 1149 1282 3846 1155 1282 3847 1153 1282 3848 1149 1283 3849 1151 1283 3850 1155 1283 3851 1149 1284 3852 1152 1284 3853 1151 1284 3854 1149 1285 3855 1150 1285 3856 1152 1285 3857 1150 1286 3858 1153 1286 3859 1152 1286 3860 1153 1287 3861 1155 1287 3862 1152 1287 3863 1152 1288 3864 1154 1288 3865 1151 1288 3866 1155 1289 3867 1154 1289 3868 1152 1289 3869 1151 1290 3870 1156 1290 3871 1155 1290 3872 1151 1291 3873 1154 1291 3874 1157 1291 3875 1179 1302 3906 1183 1302 3907 1178 1302 3908 1177 1303 3909 1182 1303 3910 1179 1303 3911 1183 1304 3912 1182 1304 3913 1178 1304 3914 1179 1305 3915 1182 1305 3916 1181 1305 3917 1182 1306 3918 1184 1306 3919 1181 1306 3920 1094 1336 4008 1097 1336 4009 1096 1336 4010 1093 1337 4011 1092 1337 4012 1096 1337 4013 1094 1338 4014 1095 1338 4015 1097 1338 4016 1094 1339 4017 1093 1339 4018 1095 1339 4019 1099 1340 4020 1095 1340 4021 1100 1340 4022 1095 1341 4023 1096 1341 4024 1100 1341 4025 1096 1342 4026 1098 1342 4027 1100 1342 4028 1154 1374 4122 1155 1374 4123 1156 1374 4124 1151 1375 4125 1157 1375 4126 1156 1375 4127 1180 1386 4158 1179 1386 4159 1178 1386 4160 1177 1387 4161 1178 1387 4162 1182 1387 4163 1177 1388 4164 1179 1388 4165 1180 1388 4166 1179 1389 4167 1181 1389 4168 1183 1389 4169 1182 1390 4170 1183 1390 4171 1184 1390 4172 1300 1453 4359 1301 1453 4360 1302 1453 4361 1303 1454 4362 1305 1454 4363 1301 1454 4364 1300 1455 4365 1302 1455 4366 1303 1455 4367 1301 1456 4368 1305 1456 4369 1302 1456 4370 1303 1457 4371 1304 1457 4372 1305 1457 4373 1303 1458 4374 1306 1458 4375 1304 1458 4376 1302 1459 4377 1306 1459 4378 1303 1459 4379 1302 1460 4380 1305 1460 4381 1306 1460 4382 1330 1474 4422 1331 1474 4423 1329 1474 4424 1327 1475 4425 1331 1475 4426 1332 1475 4427 1330 1476 4428 1333 1476 4429 1335 1476 4430 1332 1477 4431 1334 1477 4432 1333 1477 4433 1327 1544 4632 1329 1544 4633 1331 1544 4634 1329 1545 4635 1328 1545 4636 1330 1545 4637 1328 1546 4638 1327 1546 4639 1330 1546 4640 1327 1547 4641 1332 1547 4642 1330 1547 4643 1332 1548 4644 1333 1548 4645 1330 1548 4646 1330 1549 4647 1335 1549 4648 1331 1549 4649 1331 1550 4650 1335 1550 4651 1334 1550 4652 1332 1551 4653 1331 1551 4654 1334 1551 4655 1365 1566 4698 1362 1566 4699 1364 1566 4700 1364 1567 4701 1366 1567 4702 1363 1567 4703 1362 1568 4704 1366 1568 4705 1367 1568 4706 1362 1569 4707 1367 1569 4708 1364 1569 4709 1367 1570 4710 1368 1570 4711 1364 1570 4712 1375 1573 4719 1380 1573 4720 1378 1573 4721 1378 1574 4722 1379 1574 4723 1376 1574 4724 1380 1575 4725 1379 1575 4726 1382 1575 4727 1378 1576 4728 1382 1576 4729 1381 1576 4730 1380 1577 4731 1382 1577 4732 1378 1577 4733 1379 1578 4734 1381 1578 4735 1383 1578 4736 1449 1621 4863 1450 1621 4864 1454 1621 4865 1454 1622 4866 1453 1622 4867 1451 1622 4868 1452 1623 4869 1454 1623 4870 1450 1623 4871 1365 1651 4953 1363 1651 4954 1362 1651 4955 1363 1652 4956 1366 1652 4957 1362 1652 4958 1364 1653 4959 1368 1653 4960 1366 1653 4961 1375 1658 4974 1376 1658 4975 1379 1658 4976 1376 1659 4977 1377 1659 4978 1378 1659 4979 1377 1660 4980 1375 1660 4981 1378 1660 4982 1375 1661 4983 1379 1661 4984 1380 1661 4985 1379 1662 4986 1378 1662 4987 1381 1662 4988 1382 1663 4989 1379 1663 4990 1383 1663 4991 1448 1696 5088 1449 1696 5089 1451 1696 5090 1450 1697 5091 1448 1697 5092 1451 1697 5093 1451 1698 5094 1449 1698 5095 1454 1698 5096 1450 1699 5097 1451 1699 5098 1452 1699 5099 1452 1700 5100 1451 1700 5101 1453 1700 5102</p>
        </triangles>
        <triangles count="212" material="m3">
          <input semantic="VERTEX" source="#vertices" offset="0" />
          <input semantic="NORMAL" source="#normals" offset="1" />
          <input semantic="TEXCOORD" source="#uv" offset="2" set="0" />
          <p>41 22 66 42 22 67 40 22 68 43 23 69 42 23 70 41 23 71 43 24 72 46 24 73 42 24 74 40 25 75 42 25 76 45 25 77 43 26 78 45 26 79 46 26 80 46 27 81 44 27 82 42 27 83 44 28 84 47 28 85 42 28 86 46 29 87 45 29 88 48 29 89 46 30 90 48 30 91 44 30 92 44 31 93 49 31 94 47 31 95 57 34 102 58 34 103 56 34 104 56 35 105 58 35 106 61 35 107 60 36 108 62 36 109 58 36 110 61 37 111 62 37 112 60 37 113 58 38 114 62 38 115 63 38 116 43 107 321 40 107 322 45 107 323 45 108 324 42 108 325 47 108 326 44 109 327 48 109 328 49 109 329 48 110 330 45 110 331 47 110 332 57 115 345 59 115 346 58 115 347 59 116 348 60 116 349 58 116 350 56 117 351 60 117 352 59 117 353 56 118 354 61 118 355 60 118 356 61 119 357 58 119 358 63 119 359 149 163 489 147 163 490 150 163 491 147 164 492 152 164 493 151 164 494 147 165 495 153 165 496 150 165 497 147 166 498 151 166 499 153 166 500 189 186 558 191 186 559 193 186 560 190 187 561 193 187 562 192 187 563 191 188 564 194 188 565 193 188 566 193 189 567 196 189 568 195 189 569 194 190 570 197 190 571 196 190 572 192 191 573 195 191 574 197 191 575 218 206 618 219 206 619 221 206 620 221 207 621 222 207 622 220 207 623 222 208 624 223 208 625 225 208 626 222 209 627 224 209 628 219 209 629 222 210 630 225 210 631 224 210 632 251 223 669 254 223 670 250 223 671 249 224 672 252 224 673 251 224 674 249 225 675 254 225 676 252 225 677 149 243 729 150 243 730 148 243 731 148 244 732 152 244 733 147 244 734 148 245 735 150 245 736 153 245 737 152 246 738 148 246 739 153 246 740 189 268 804 193 268 805 190 268 806 191 269 807 190 269 808 192 269 809 191 270 810 192 270 811 194 270 812 192 271 813 193 271 814 195 271 815 193 272 816 194 272 817 196 272 818 194 273 819 192 273 820 197 273 821 218 282 846 220 282 847 219 282 848 219 283 849 220 283 850 222 283 851 221 284 852 219 284 853 223 284 854 221 285 855 223 285 856 222 285 857 219 286 858 224 286 859 223 286 860 248 299 897 251 299 898 247 299 899 248 300 900 249 300 901 251 300 902 249 301 903 247 301 904 250 301 905 247 302 906 251 302 907 250 302 908 249 303 909 250 303 910 254 303 911 254 304 912 251 304 913 253 304 914 251 305 915 252 305 916 253 305 917 356 372 1116 358 372 1117 359 372 1118 356 373 1119 360 373 1120 358 373 1121 357 374 1122 359 374 1123 360 374 1124 358 375 1125 361 375 1126 359 375 1127 358 376 1128 363 376 1129 362 376 1130 358 377 1131 364 377 1132 363 377 1133 360 378 1134 362 378 1135 364 378 1136 356 443 1329 357 443 1330 360 443 1331 360 444 1332 359 444 1333 361 444 1334 360 445 1335 361 445 1336 362 445 1337 361 446 1338 358 446 1339 362 446 1340 358 447 1341 360 447 1342 364 447 1343 433 481 1443 434 481 1444 435 481 1445 434 482 1446 437 482 1447 435 482 1448 435 483 1449 437 483 1450 438 483 1451 489 515 1545 495 515 1546 491 515 1547 489 516 1548 490 516 1549 493 516 1550 491 517 1551 495 517 1552 492 517 1553 490 518 1554 492 518 1555 493 518 1556 434 567 1701 432 567 1702 437 567 1703 432 568 1704 433 568 1705 435 568 1706 437 569 1707 432 569 1708 436 569 1709 432 570 1710 435 570 1711 438 570 1712 436 571 1713 432 571 1714 438 571 1715 491 599 1797 492 599 1798 490 599 1799 489 600 1800 493 600 1801 495 600 1802 493 601 1803 492 601 1804 494 601 1805 492 602 1806 495 602 1807 494 602 1808 568 637 1911 569 637 1912 570 637 1913 569 638 1914 572 638 1915 570 638 1916 570 639 1917 572 639 1918 573 639 1919 624 671 2013 630 671 2014 626 671 2015 624 672 2016 625 672 2017 628 672 2018 626 673 2019 630 673 2020 627 673 2021 625 674 2022 627 674 2023 628 674 2024 569 723 2169 567 723 2170 572 723 2171 567 724 2172 568 724 2173 570 724 2174 572 725 2175 567 725 2176 571 725 2177 567 726 2178 570 726 2179 573 726 2180 571 727 2181 567 727 2182 573 727 2183 626 755 2265 627 755 2266 625 755 2267 624 756 2268 628 756 2269 630 756 2270 628 757 2271 627 757 2272 629 757 2273 627 758 2274 630 758 2275 629 758 2276 879 979 2937 884 979 2938 882 979 2939 882 980 2940 885 980 2941 883 980 2942 884 981 2943 885 981 2944 882 981 2945 883 982 2946 884 982 2947 879 982 2948 884 983 2949 887 983 2950 886 983 2951 884 984 2952 888 984 2953 887 984 2954 885 985 2955 888 985 2956 883 985 2957 885 986 2958 886 986 2959 888 986 2960 879 1052 3156 880 1052 3157 883 1052 3158 880 1053 3159 882 1053 3160 883 1053 3161 880 1054 3162 881 1054 3163 882 1054 3164 881 1055 3165 879 1055 3166 882 1055 3167 884 1056 3168 883 1056 3169 888 1056 3170 885 1057 3171 884 1057 3172 886 1057 3173 957 1099 3297 960 1099 3298 958 1099 3299 959 1100 3300 961 1100 3301 957 1100 3302 957 1101 3303 961 1101 3304 963 1101 3305 960 1102 3306 962 1102 3307 961 1102 3308 1003 1127 3381 1004 1127 3382 1005 1127 3383 1002 1128 3384 1007 1128 3385 1004 1128 3386 1002 1129 3387 1005 1129 3388 1007 1129 3389 1005 1130 3390 1004 1130 3391 1008 1130 3392 1006 1131 3393 1008 1131 3394 1004 1131 3395 1042 1151 3453 1044 1151 3454 1045 1151 3455 1046 1152 3456 1049 1152 3457 1047 1152 3458 958 1175 3525 960 1175 3526 959 1175 3527 957 1176 3528 963 1176 3529 960 1176 3530 959 1177 3531 960 1177 3532 961 1177 3533 960 1178 3534 963 1178 3535 962 1178 3536 1003 1201 3603 1005 1201 3604 1002 1201 3605 1004 1202 3606 1007 1202 3607 1006 1202 3608 1007 1203 3609 1005 1203 3610 1008 1203 3611 1044 1221 3663 1046 1221 3664 1043 1221 3665 1045 1222 3666 1043 1222 3667 1042 1222 3668 1043 1223 3669 1046 1223 3670 1042 1223 3671 1046 1224 3672 1044 1224 3673 1048 1224 3674 1042 1225 3675 1046 1225 3676 1047 1225 3677 1044 1226 3678 1047 1226 3679 1048 1226 3680 1044 1227 3681 1042 1227 3682 1047 1227 3683 1046 1228 3684 1048 1228 3685 1049 1228 3686 1108 1261 3783 1109 1261 3784 1110 1261 3785 1109 1262 3786 1112 1262 3787 1110 1262 3788 1110 1263 3789 1112 1263 3790 1113 1263 3791 1164 1295 3885 1170 1295 3886 1166 1295 3887 1164 1296 3888 1165 1296 3889 1168 1296 3890 1166 1297 3891 1170 1297 3892 1167 1297 3893 1165 1298 3894 1167 1298 3895 1168 1298 3896 1109 1347 4041 1107 1347 4042 1112 1347 4043 1107 1348 4044 1108 1348 4045 1110 1348 4046 1112 1349 4047 1107 1349 4048 1111 1349 4049 1107 1350 4050 1110 1350 4051 1113 1350 4052 1111 1351 4053 1107 1351 4054 1113 1351 4055 1166 1379 4137 1167 1379 4138 1165 1379 4139 1164 1380 4140 1168 1380 4141 1170 1380 4142 1168 1381 4143 1167 1381 4144 1169 1381 4145 1167 1382 4146 1170 1382 4147 1169 1382 4148 1257 1425 4275 1256 1425 4276 1258 1425 4277 1254 1426 4278 1256 1426 4279 1257 1426 4280 1260 1427 4281 1259 1427 4282 1256 1427 4283 1259 1428 4284 1261 1428 4285 1256 1428 4286 1258 1429 4287 1263 1429 4288 1260 1429 4289 1342 1482 4446 1345 1482 4447 1344 1482 4448 1344 1483 4449 1348 1483 4450 1343 1483 4451 1345 1484 4452 1346 1484 4453 1344 1484 4454 1343 1485 4455 1348 1485 4456 1345 1485 4457 1254 1507 4521 1260 1507 4522 1256 1507 4523 1254 1508 4524 1255 1508 4525 1260 1508 4526 1255 1509 4527 1257 1509 4528 1260 1509 4529 1257 1510 4530 1258 1510 4531 1260 1510 4532 1258 1511 4533 1256 1511 4534 1261 1511 4535 1261 1512 4536 1259 1512 4537 1262 1512 4538 1259 1513 4539 1263 1513 4540 1262 1513 4541 1259 1514 4542 1260 1514 4543 1263 1514 4544 1258 1515 4545 1261 1515 4546 1263 1515 4547 1342 1554 4662 1343 1554 4663 1345 1554 4664 1344 1555 4665 1347 1555 4666 1348 1555 4667 1344 1556 4668 1346 1556 4669 1347 1556 4670 1345 1557 4671 1348 1557 4672 1346 1557 4673 1346 1558 4674 1348 1558 4675 1349 1558 4676 1347 1559 4677 1346 1559 4678 1349 1559 4679 1391 1582 4746 1392 1582 4747 1390 1582 4748 1393 1583 4749 1392 1583 4750 1391 1583 4751 1393 1584 4752 1396 1584 4753 1392 1584 4754 1390 1585 4755 1392 1585 4756 1395 1585 4757 1393 1586 4758 1395 1586 4759 1396 1586 4760 1396 1587 4761 1394 1587 4762 1392 1587 4763 1394 1588 4764 1397 1588 4765 1392 1588 4766 1396 1589 4767 1395 1589 4768 1398 1589 4769 1396 1590 4770 1398 1590 4771 1394 1590 4772 1394 1591 4773 1399 1591 4774 1397 1591 4775 1407 1594 4782 1408 1594 4783 1406 1594 4784 1406 1595 4785 1408 1595 4786 1411 1595 4787 1410 1596 4788 1412 1596 4789 1408 1596 4790 1411 1597 4791 1412 1597 4792 1410 1597 4793 1408 1598 4794 1412 1598 4795 1413 1598 4796 1393 1667 5001 1390 1667 5002 1395 1667 5003 1395 1668 5004 1392 1668 5005 1397 1668 5006 1394 1669 5007 1398 1669 5008 1399 1669 5009 1398 1670 5010 1395 1670 5011 1397 1670 5012 1407 1675 5025 1409 1675 5026 1408 1675 5027 1409 1676 5028 1410 1676 5029 1408 1676 5030 1406 1677 5031 1410 1677 5032 1409 1677 5033 1406 1678 5034 1411 1678 5035 1410 1678 5036 1411 1679 5037 1408 1679 5038 1413 1679 5039</p>
        </triangles>
        <triangles count="250" material="m1">
          <input semantic="VERTEX" source="#vertices" offset="0" />
          <input semantic="NORMAL" source="#normals" offset="1" />
          <input semantic="TEXCOORD" source="#uv" offset="2" set="0" />
          <p>71 42 126 72 42 127 73 42 128 70 43 129 74 43 130 72 43 131 71 44 132 74 44 133 70 44 134 71 45 135 73 45 136 75 45 137 73 46 138 74 46 139 76 46 140 71 47 141 75 47 142 74 47 143 113 67 201 112 67 202 111 67 203 114 68 204 115 68 205 113 68 206 113 69 207 118 69 208 112 69 209 113 70 210 115 70 211 118 70 212 114 71 213 112 71 214 115 71 215 112 72 216 116 72 217 115 72 218 112 73 219 117 73 220 116 73 221 115 74 222 116 74 223 118 74 224 118 75 225 119 75 226 120 75 227 129 79 237 131 79 238 127 79 239 127 80 240 131 80 241 130 80 242 130 81 243 133 81 244 129 81 245 130 82 246 131 82 247 133 82 248 129 83 249 132 83 250 131 83 251 131 84 252 134 84 253 133 84 254 73 123 369 72 123 370 74 123 371 75 124 372 73 124 373 76 124 374 114 144 432 111 144 433 112 144 434 112 145 435 118 145 436 117 145 437 116 146 438 117 146 439 119 146 440 117 147 441 118 147 442 120 147 443 118 148 444 116 148 445 119 148 446 127 152 456 128 152 457 129 152 458 128 153 459 130 153 460 129 153 461 129 154 462 133 154 463 132 154 464 131 155 465 132 155 466 134 155 467 162 170 510 165 170 511 163 170 512 162 171 513 163 171 514 164 171 515 160 172 516 165 172 517 162 172 518 160 173 519 166 173 520 165 173 521 164 174 522 165 174 523 167 174 524 232 214 642 236 214 643 237 214 644 234 215 645 237 215 646 233 215 647 233 216 648 236 216 649 235 216 650 237 217 651 238 217 652 233 217 653 233 218 654 240 218 655 236 218 656 238 219 657 240 219 658 233 219 659 161 250 750 164 250 751 160 250 752 161 251 753 162 251 754 164 251 755 160 252 756 164 252 757 167 252 758 164 253 759 163 253 760 165 253 761 160 254 762 167 254 763 166 254 764 235 290 870 234 290 871 233 290 872 232 291 873 237 291 874 234 291 875 232 292 876 235 292 877 236 292 878 238 293 879 237 293 880 239 293 881 237 294 882 236 294 883 239 294 884 236 295 885 240 295 886 239 295 887 385 389 1167 389 389 1168 384 389 1169 386 390 1170 387 390 1171 389 390 1172 384 391 1173 387 391 1174 386 391 1175 389 392 1176 388 392 1177 384 392 1178 387 393 1179 391 393 1180 389 393 1181 389 394 1182 390 394 1183 388 394 1184 388 395 1185 391 395 1186 387 395 1187 385 458 1374 386 458 1375 389 458 1376 384 459 1377 388 459 1378 387 459 1379 389 460 1380 391 460 1381 390 460 1382 516 530 1590 519 530 1591 518 530 1592 516 531 1593 517 531 1594 519 531 1595 517 532 1596 518 532 1597 521 532 1598 518 533 1599 520 533 1600 521 533 1601 519 534 1602 520 534 1603 518 534 1604 521 535 1605 519 535 1606 517 535 1607 520 536 1608 519 536 1609 522 536 1610 521 537 1611 523 537 1612 519 537 1613 519 538 1614 523 538 1615 522 538 1616 521 539 1617 524 539 1618 523 539 1619 521 540 1620 522 540 1621 524 540 1622 531 544 1632 534 544 1633 533 544 1634 532 545 1635 533 545 1636 535 545 1637 535 546 1638 538 546 1639 534 546 1640 538 547 1641 537 547 1642 534 547 1643 534 548 1644 537 548 1645 536 548 1646 536 549 1647 539 549 1648 535 549 1649 520 614 1842 522 614 1843 521 614 1844 531 618 1854 532 618 1855 534 618 1856 532 619 1857 535 619 1858 534 619 1859 536 620 1860 533 620 1861 534 620 1862 535 621 1863 533 621 1864 536 621 1865 538 622 1866 535 622 1867 539 622 1868 536 623 1869 537 623 1870 539 623 1871 651 686 2058 654 686 2059 653 686 2060 651 687 2061 652 687 2062 654 687 2063 652 688 2064 653 688 2065 656 688 2066 653 689 2067 655 689 2068 656 689 2069 654 690 2070 655 690 2071 653 690 2072 656 691 2073 654 691 2074 652 691 2075 655 692 2076 654 692 2077 657 692 2078 656 693 2079 658 693 2080 654 693 2081 654 694 2082 658 694 2083 657 694 2084 656 695 2085 659 695 2086 658 695 2087 656 696 2088 657 696 2089 659 696 2090 666 700 2100 669 700 2101 668 700 2102 667 701 2103 668 701 2104 670 701 2105 670 702 2106 673 702 2107 669 702 2108 673 703 2109 672 703 2110 669 703 2111 669 704 2112 672 704 2113 671 704 2114 671 705 2115 674 705 2116 670 705 2117 655 770 2310 657 770 2311 656 770 2312 666 774 2322 667 774 2323 669 774 2324 667 775 2325 670 775 2326 669 775 2327 671 776 2328 668 776 2329 669 776 2330 670 777 2331 668 777 2332 671 777 2333 673 778 2334 670 778 2335 674 778 2336 671 779 2337 672 779 2338 674 779 2339 746 818 2454 749 818 2455 745 818 2456 746 819 2457 747 819 2458 749 819 2459 745 820 2460 750 820 2461 748 820 2462 747 821 2463 751 821 2464 749 821 2465 750 822 2466 751 822 2467 747 822 2468 752 823 2469 751 823 2470 750 823 2471 774 836 2508 778 836 2509 776 836 2510 775 837 2511 778 837 2512 774 837 2513 777 838 2514 779 838 2515 775 838 2516 802 849 2547 805 849 2548 803 849 2549 806 850 2550 803 850 2551 808 850 2552 805 851 2553 807 851 2554 803 851 2555 806 852 2556 808 852 2557 805 852 2558 807 853 2559 808 853 2560 803 853 2561 805 854 2562 809 854 2563 807 854 2564 746 897 2691 748 897 2692 747 897 2693 747 898 2694 748 898 2695 750 898 2696 745 899 2697 752 899 2698 750 899 2699 745 900 2700 749 900 2701 752 900 2702 776 913 2739 777 913 2740 775 913 2741 776 914 2742 778 914 2743 777 914 2744 778 915 2745 775 915 2746 779 915 2747 777 916 2748 778 916 2749 780 916 2750 778 917 2751 779 917 2752 780 917 2753 802 932 2796 804 932 2797 805 932 2798 804 933 2799 806 933 2800 805 933 2801 804 934 2802 803 934 2803 806 934 2804 805 935 2805 808 935 2806 809 935 2807 864 969 2907 865 969 2908 868 969 2909 865 970 2910 866 970 2911 869 970 2912 867 971 2913 868 971 2914 866 971 2915 866 972 2916 871 972 2917 869 972 2918 866 973 2919 868 973 2920 871 973 2921 868 974 2922 872 974 2923 871 974 2924 871 975 2925 870 975 2926 869 975 2927 865 1044 3132 867 1044 3133 866 1044 3134 867 1045 3135 864 1045 3136 868 1045 3137 865 1046 3138 869 1046 3139 868 1046 3140 868 1047 3141 869 1047 3142 870 1047 3143 868 1048 3144 870 1048 3145 872 1048 3146 1028 1143 3429 1031 1143 3430 1030 1143 3431 1029 1144 3432 1031 1144 3433 1028 1144 3434 1030 1145 3435 1031 1145 3436 1032 1145 3437 1029 1146 3438 1034 1146 3439 1031 1146 3440 1032 1147 3441 1033 1147 3442 1035 1147 3443 1056 1157 3471 1061 1157 3472 1062 1157 3473 1056 1158 3474 1057 1158 3475 1061 1158 3476 1060 1159 3477 1061 1159 3478 1057 1159 3479 1058 1160 3480 1062 1160 3481 1060 1160 3482 1060 1161 3483 1064 1161 3484 1063 1161 3485 1060 1162 3486 1063 1162 3487 1065 1162 3488 1030 1213 3639 1032 1213 3640 1029 1213 3641 1031 1214 3642 1033 1214 3643 1032 1214 3644 1029 1215 3645 1032 1215 3646 1034 1215 3647 1034 1216 3648 1032 1216 3649 1035 1216 3650 1033 1217 3651 1031 1217 3652 1034 1217 3653 1059 1231 3693 1056 1231 3694 1062 1231 3695 1057 1232 3696 1059 1232 3697 1058 1232 3698 1059 1233 3699 1062 1233 3700 1058 1233 3701 1058 1234 3702 1060 1234 3703 1057 1234 3704 1060 1235 3705 1062 1235 3706 1064 1235 3707 1062 1236 3708 1061 1236 3709 1064 1236 3710 1061 1237 3711 1065 1237 3712 1064 1237 3713 1061 1238 3714 1060 1238 3715 1065 1238 3716 1191 1310 3930 1194 1310 3931 1193 1310 3932 1191 1311 3933 1192 1311 3934 1194 1311 3935 1192 1312 3936 1193 1312 3937 1196 1312 3938 1193 1313 3939 1195 1313 3940 1196 1313 3941 1194 1314 3942 1195 1314 3943 1193 1314 3944 1196 1315 3945 1194 1315 3946 1192 1315 3947 1195 1316 3948 1194 1316 3949 1197 1316 3950 1196 1317 3951 1198 1317 3952 1194 1317 3953 1194 1318 3954 1198 1318 3955 1197 1318 3956 1196 1319 3957 1199 1319 3958 1198 1319 3959 1196 1320 3960 1197 1320 3961 1199 1320 3962 1206 1324 3972 1209 1324 3973 1208 1324 3974 1207 1325 3975 1208 1325 3976 1210 1325 3977 1210 1326 3978 1213 1326 3979 1209 1326 3980 1213 1327 3981 1212 1327 3982 1209 1327 3983 1209 1328 3984 1212 1328 3985 1211 1328 3986 1211 1329 3987 1214 1329 3988 1210 1329 3989 1195 1394 4182 1197 1394 4183 1196 1394 4184 1206 1398 4194 1207 1398 4195 1209 1398 4196 1207 1399 4197 1210 1399 4198 1209 1399 4199 1211 1400 4200 1208 1400 4201 1209 1400 4202 1210 1401 4203 1208 1401 4204 1211 1401 4205 1213 1402 4206 1210 1402 4207 1214 1402 4208 1211 1403 4209 1212 1403 4210 1214 1403 4211 1242 1419 4257 1244 1419 4258 1241 1419 4259 1243 1420 4260 1247 1420 4261 1242 1420 4262 1247 1421 4263 1246 1421 4264 1242 1421 4265 1286 1444 4332 1290 1444 4333 1288 1444 4334 1288 1445 4335 1290 1445 4336 1289 1445 4337 1286 1446 4338 1293 1446 4339 1291 1446 4340 1290 1447 4341 1291 1447 4342 1292 1447 4343 1289 1448 4344 1292 1448 4345 1293 1448 4346 1241 1499 4497 1243 1499 4498 1242 1499 4499 1241 1500 4500 1244 1500 4501 1247 1500 4502 1244 1501 4503 1242 1501 4504 1245 1501 4505 1247 1502 4506 1244 1502 4507 1245 1502 4508 1245 1503 4509 1242 1503 4510 1246 1503 4511 1287 1528 4584 1288 1528 4585 1293 1528 4586 1288 1529 4587 1289 1529 4588 1293 1529 4589 1286 1530 4590 1287 1530 4591 1293 1530 4592 1290 1531 4593 1286 1531 4594 1291 1531 4595 1289 1532 4596 1290 1532 4597 1292 1532 4598 1421 1602 4806 1422 1602 4807 1423 1602 4808 1420 1603 4809 1424 1603 4810 1422 1603 4811 1421 1604 4812 1424 1604 4813 1420 1604 4814 1421 1605 4815 1423 1605 4816 1425 1605 4817 1423 1606 4818 1424 1606 4819 1426 1606 4820 1421 1607 4821 1425 1607 4822 1424 1607 4823 1463 1627 4881 1462 1627 4882 1461 1627 4883 1464 1628 4884 1465 1628 4885 1463 1628 4886 1463 1629 4887 1468 1629 4888 1462 1629 4889 1463 1630 4890 1465 1630 4891 1468 1630 4892 1464 1631 4893 1462 1631 4894 1465 1631 4895 1462 1632 4896 1466 1632 4897 1465 1632 4898 1462 1633 4899 1467 1633 4900 1466 1633 4901 1465 1634 4902 1466 1634 4903 1468 1634 4904 1468 1635 4905 1469 1635 4906 1470 1635 4907 1479 1639 4917 1481 1639 4918 1477 1639 4919 1477 1640 4920 1481 1640 4921 1480 1640 4922 1480 1641 4923 1483 1641 4924 1479 1641 4925 1480 1642 4926 1481 1642 4927 1483 1642 4928 1479 1643 4929 1482 1643 4930 1481 1643 4931 1481 1644 4932 1484 1644 4933 1483 1644 4934 1423 1683 5049 1422 1683 5050 1424 1683 5051 1425 1684 5052 1423 1684 5053 1426 1684 5054 1464 1704 5112 1461 1704 5113 1462 1704 5114 1462 1705 5115 1468 1705 5116 1467 1705 5117 1466 1706 5118 1467 1706 5119 1469 1706 5120 1467 1707 5121 1468 1707 5122 1470 1707 5123 1468 1708 5124 1466 1708 5125 1469 1708 5126 1477 1712 5136 1478 1712 5137 1479 1712 5138 1478 1713 5139 1480 1713 5140 1479 1713 5141 1479 1714 5142 1483 1714 5143 1482 1714 5144 1481 1715 5145 1482 1715 5146 1484 1715 5147</p>
        </triangles>
        <triangles count="192" material="m2">
          <input semantic="VERTEX" source="#vertices" offset="0" />
          <input semantic="NORMAL" source="#normals" offset="1" />
          <input semantic="TEXCOORD" source="#uv" offset="2" set="0" />
          <p>83 51 153 88 51 154 85 51 155 85 52 156 86 52 157 87 52 158 88 53 159 86 53 160 85 53 161 87 54 162 86 54 163 89 54 164 86 55 165 88 55 166 89 55 167 88 56 168 91 56 169 90 56 170 89 57 171 91 57 172 87 57 173 83 128 384 84 128 385 88 128 386 84 129 387 87 129 388 88 129 389 84 130 390 85 130 391 87 130 392 89 131 393 88 131 394 90 131 395 88 132 396 87 132 397 91 132 398 176 178 534 178 178 535 175 178 536 176 179 537 174 179 538 181 179 539 178 180 540 177 180 541 174 180 542 181 181 543 178 181 544 176 181 545 174 182 546 177 182 547 181 182 548 181 183 549 182 183 550 180 183 551 175 258 774 178 258 775 174 258 776 177 259 777 178 259 778 179 259 779 178 260 780 180 260 781 179 260 782 178 261 783 181 261 784 180 261 785 181 262 786 177 262 787 179 262 788 181 263 789 179 263 790 182 263 791 297 328 984 300 328 985 301 328 986 298 329 987 304 329 988 299 329 989 297 330 990 301 330 991 298 330 992 299 331 993 304 331 994 300 331 995 298 332 996 301 332 997 304 332 998 301 333 999 302 333 1000 304 333 1001 301 334 1002 303 334 1003 302 334 1004 300 335 1005 303 335 1006 301 335 1007 300 336 1008 304 336 1009 303 336 1010 371 381 1143 374 381 1144 372 381 1145 372 382 1146 373 382 1147 375 382 1148 372 383 1149 374 383 1150 373 383 1151 375 384 1152 373 384 1153 376 384 1154 374 385 1155 376 385 1156 377 385 1157 299 417 1251 300 417 1252 297 417 1253 371 452 1356 375 452 1357 374 452 1358 374 453 1359 375 453 1360 376 453 1361 373 454 1362 374 454 1363 377 454 1364 461 494 1482 464 494 1483 460 494 1484 462 495 1485 464 495 1486 459 495 1487 463 496 1488 460 496 1489 462 496 1490 464 497 1491 462 497 1492 465 497 1493 464 498 1494 465 498 1495 466 498 1496 462 499 1497 466 499 1498 467 499 1499 463 584 1752 462 584 1753 459 584 1754 463 585 1755 461 585 1756 460 585 1757 461 586 1758 459 586 1759 464 586 1760 460 587 1761 466 587 1762 462 587 1763 460 588 1764 464 588 1765 466 588 1766 462 589 1767 467 589 1768 465 589 1769 596 650 1950 599 650 1951 595 650 1952 597 651 1953 599 651 1954 594 651 1955 598 652 1956 595 652 1957 597 652 1958 599 653 1959 597 653 1960 600 653 1961 599 654 1962 600 654 1963 601 654 1964 597 655 1965 601 655 1966 602 655 1967 598 740 2220 597 740 2221 594 740 2222 598 741 2223 596 741 2224 595 741 2225 596 742 2226 594 742 2227 599 742 2228 595 743 2229 601 743 2230 597 743 2231 595 744 2232 599 744 2233 601 744 2234 597 745 2235 602 745 2236 600 745 2237 717 806 2418 719 806 2419 720 806 2420 718 807 2421 719 807 2422 717 807 2423 720 808 2424 722 808 2425 718 808 2426 720 809 2427 721 809 2428 722 809 2429 759 826 2478 763 826 2479 762 826 2480 759 827 2481 764 827 2482 763 827 2483 760 828 2484 761 828 2485 764 828 2486 759 829 2487 762 829 2488 761 829 2489 761 830 2490 762 830 2491 764 830 2492 766 831 2493 767 831 2494 763 831 2495 765 832 2496 766 832 2497 764 832 2498 716 875 2625 717 875 2626 720 875 2627 716 876 2628 720 876 2629 718 876 2630 718 877 2631 722 877 2632 719 877 2633 720 878 2634 723 878 2635 721 878 2636 720 879 2637 719 879 2638 723 879 2639 719 880 2640 722 880 2641 723 880 2642 759 905 2715 760 905 2716 764 905 2717 762 906 2718 765 906 2719 764 906 2720 762 907 2721 763 907 2722 765 907 2723 763 908 2724 764 908 2725 766 908 2726 765 909 2727 763 909 2728 767 909 2729 835 952 2856 840 952 2857 836 952 2858 836 953 2859 840 953 2860 838 953 2861 836 954 2862 838 954 2863 843 954 2864 840 955 2865 841 955 2866 838 955 2867 839 956 2868 842 956 2869 840 956 2870 927 1003 3009 925 1003 3010 923 1003 3011 924 1004 3012 926 1004 3013 927 1004 3014 925 1005 3015 928 1005 3016 926 1005 3017 927 1006 3018 929 1006 3019 925 1006 3020 926 1007 3021 928 1007 3022 930 1007 3023 940 1011 3033 939 1011 3034 937 1011 3035 939 1012 3036 941 1012 3037 937 1012 3038 941 1013 3039 943 1013 3040 940 1013 3041 939 1014 3042 942 1014 3043 941 1014 3044 939 1015 3045 944 1015 3046 942 1015 3047 939 1016 3048 943 1016 3049 944 1016 3050 835 1027 3081 837 1027 3082 840 1027 3083 837 1028 3084 836 1028 3085 839 1028 3086 837 1029 3087 839 1029 3088 840 1029 3089 836 1030 3090 843 1030 3091 839 1030 3092 839 1031 3093 843 1031 3094 842 1031 3095 838 1032 3096 841 1032 3097 843 1032 3098 841 1033 3099 840 1033 3100 842 1033 3101 924 1080 3240 923 1080 3241 926 1080 3242 926 1081 3243 923 1081 3244 925 1081 3245 927 1082 3246 926 1082 3247 929 1082 3248 925 1083 3249 929 1083 3250 928 1083 3251 929 1084 3252 926 1084 3253 930 1084 3254 940 1088 3264 938 1088 3265 941 1088 3266 938 1089 3267 937 1089 3268 941 1089 3269 939 1090 3270 940 1090 3271 943 1090 3272 943 1091 3273 941 1091 3274 942 1091 3275 972 1106 3318 973 1106 3319 971 1106 3320 970 1107 3321 971 1107 3322 975 1107 3323 971 1108 3324 973 1108 3325 975 1108 3326 970 1109 3327 975 1109 3328 974 1109 3329 972 1110 3330 974 1110 3331 973 1110 3332 976 1111 3333 977 1111 3334 974 1111 3335 976 1112 3336 975 1112 3337 978 1112 3338 977 1113 3339 978 1113 3340 980 1113 3341 975 1114 3342 979 1114 3343 978 1114 3344 1015 1134 3402 1019 1134 3403 1018 1134 3404 1015 1135 3405 1016 1135 3406 1019 1135 3407 1016 1136 3408 1020 1136 3409 1019 1136 3410 1019 1137 3411 1021 1137 3412 1018 1137 3413 1016 1138 3414 1017 1138 3415 1020 1138 3416 1019 1139 3417 1020 1139 3418 1021 1139 3419 1073 1166 3498 1075 1166 3499 1072 1166 3500 1074 1167 3501 1079 1167 3502 1076 1167 3503 1076 1168 3504 1077 1168 3505 1075 1168 3506 1076 1169 3507 1079 1169 3508 1078 1169 3509 972 1182 3546 970 1182 3547 974 1182 3548 975 1183 3549 976 1183 3550 974 1183 3551 973 1184 3552 977 1184 3553 975 1184 3554 973 1185 3555 974 1185 3556 977 1185 3557 975 1186 3558 977 1186 3559 979 1186 3560 977 1187 3561 980 1187 3562 979 1187 3563 977 1188 3564 976 1188 3565 978 1188 3566 1016 1208 3624 1018 1208 3625 1017 1208 3626 1017 1209 3627 1018 1209 3628 1021 1209 3629 1072 1242 3726 1075 1242 3727 1074 1242 3728 1073 1243 3729 1076 1243 3730 1075 1243 3731 1073 1244 3732 1074 1244 3733 1076 1244 3734 1075 1245 3735 1079 1245 3736 1074 1245 3737 1075 1246 3738 1077 1246 3739 1079 1246 3740 1077 1247 3741 1076 1247 3742 1078 1247 3743 1136 1274 3822 1139 1274 3823 1135 1274 3824 1137 1275 3825 1139 1275 3826 1134 1275 3827 1138 1276 3828 1135 1276 3829 1137 1276 3830 1139 1277 3831 1137 1277 3832 1140 1277 3833 1139 1278 3834 1140 1278 3835 1141 1278 3836 1137 1279 3837 1141 1279 3838 1142 1279 3839 1138 1364 4092 1137 1364 4093 1134 1364 4094 1138 1365 4095 1136 1365 4096 1135 1365 4097 1136 1366 4098 1134 1366 4099 1139 1366 4100 1135 1367 4101 1141 1367 4102 1137 1367 4103 1135 1368 4104 1139 1368 4105 1141 1368 4106 1137 1369 4107 1142 1369 4108 1140 1369 4109 1271 1432 4296 1273 1432 4297 1272 1432 4298 1273 1433 4299 1274 1433 4300 1275 1433 4301 1270 1434 4302 1274 1434 4303 1273 1434 4304 1274 1435 4305 1272 1435 4306 1276 1435 4307 1274 1436 4308 1276 1436 4309 1277 1436 4310 1272 1437 4311 1275 1437 4312 1276 1437 4313 1275 1438 4314 1279 1438 4315 1278 1438 4316 1275 1439 4317 1277 1439 4318 1279 1439 4319 1276 1440 4320 1278 1440 4321 1277 1440 4322 1270 1520 4560 1271 1520 4561 1272 1520 4562 1270 1521 4563 1272 1521 4564 1274 1521 4565 1272 1522 4566 1273 1522 4567 1275 1522 4568 1274 1523 4569 1277 1523 4570 1275 1523 4571 1276 1524 4572 1275 1524 4573 1278 1524 4574 1433 1611 4833 1438 1611 4834 1435 1611 4835 1435 1612 4836 1436 1612 4837 1437 1612 4838 1438 1613 4839 1436 1613 4840 1435 1613 4841 1437 1614 4842 1436 1614 4843 1439 1614 4844 1436 1615 4845 1438 1615 4846 1439 1615 4847 1438 1616 4848 1441 1616 4849 1440 1616 4850 1439 1617 4851 1441 1617 4852 1437 1617 4853 1433 1688 5064 1434 1688 5065 1438 1688 5066 1434 1689 5067 1437 1689 5068 1438 1689 5069 1434 1690 5070 1435 1690 5071 1437 1690 5072 1439 1691 5073 1438 1691 5074 1440 1691 5075 1438 1692 5076 1437 1692 5077 1441 1692 5078</p>
        </triangles>
        <triangles count="88" material="m4">
          <input semantic="VERTEX" source="#vertices" offset="0" />
          <input semantic="NORMAL" source="#normals" offset="1" />
          <input semantic="TEXCOORD" source="#uv" offset="2" set="0" />
          <p>282 318 954 287 318 955 284 318 956 282 319 957 286 319 958 285 319 959 287 320 960 285 320 961 289 320 962 286 321 963 290 321 964 285 321 965 287 322 966 289 322 967 286 322 968 286 323 969 288 323 970 290 323 971 330 354 1062 328 354 1063 329 354 1064 328 355 1065 332 355 1066 329 355 1067 328 356 1068 331 356 1069 332 356 1070 329 357 1071 332 357 1072 334 357 1073 331 358 1074 334 358 1075 333 358 1076 282 409 1227 285 409 1228 287 409 1229 282 410 1230 283 410 1231 286 410 1232 283 411 1233 284 411 1234 286 411 1235 284 412 1236 287 412 1237 286 412 1238 289 413 1239 285 413 1240 290 413 1241 286 414 1242 289 414 1243 288 414 1244 330 429 1287 329 429 1288 334 429 1289 332 430 1290 331 430 1291 333 430 1292 331 431 1293 330 431 1294 334 431 1295 446 487 1461 450 487 1462 447 487 1463 447 488 1464 450 488 1465 451 488 1466 450 489 1467 452 489 1468 451 489 1469 450 490 1470 448 490 1471 452 490 1472 445 575 1725 447 575 1726 449 575 1727 445 576 1728 446 576 1729 447 576 1730 446 577 1731 449 577 1732 450 577 1733 447 578 1734 451 578 1735 449 578 1736 449 579 1737 448 579 1738 450 579 1739 449 580 1740 451 580 1741 448 580 1742 581 643 1929 585 643 1930 582 643 1931 582 644 1932 585 644 1933 586 644 1934 585 645 1935 587 645 1936 586 645 1937 585 646 1938 583 646 1939 587 646 1940 580 731 2193 582 731 2194 584 731 2195 580 732 2196 581 732 2197 582 732 2198 581 733 2199 584 733 2200 585 733 2201 582 734 2202 586 734 2203 584 734 2204 584 735 2205 583 735 2206 585 735 2207 584 736 2208 586 736 2209 583 736 2210 822 942 2826 823 942 2827 828 942 2828 822 943 2829 828 943 2830 824 943 2831 823 944 2832 825 944 2833 828 944 2834 824 945 2835 827 945 2836 825 945 2837 824 946 2838 826 946 2839 827 946 2840 827 947 2841 828 947 2842 825 947 2843 897 990 2970 895 990 2971 898 990 2972 898 991 2973 896 991 2974 897 991 2975 898 992 2976 902 992 2977 896 992 2978 823 1023 3069 824 1023 3070 825 1023 3071 824 1024 3072 828 1024 3073 826 1024 3074 895 1061 3183 896 1061 3184 899 1061 3185 895 1062 3186 899 1062 3187 898 1062 3188 896 1063 3189 902 1063 3190 899 1063 3191 898 1064 3192 899 1064 3193 900 1064 3194 899 1065 3195 901 1065 3196 900 1065 3197 899 1066 3198 902 1066 3199 901 1066 3200 898 1067 3201 900 1067 3202 902 1067 3203 1121 1267 3801 1125 1267 3802 1122 1267 3803 1122 1268 3804 1125 1268 3805 1126 1268 3806 1125 1269 3807 1127 1269 3808 1126 1269 3809 1125 1270 3810 1123 1270 3811 1127 1270 3812 1120 1355 4065 1122 1355 4066 1124 1355 4067 1120 1356 4068 1121 1356 4069 1122 1356 4070 1121 1357 4071 1124 1357 4072 1125 1357 4073 1122 1358 4074 1126 1358 4075 1124 1358 4076 1124 1359 4077 1123 1359 4078 1125 1359 4079 1124 1360 4080 1126 1360 4081 1123 1360 4082 1229 1410 4230 1230 1410 4231 1227 1410 4232 1228 1411 4233 1230 1411 4234 1231 1411 4235 1230 1412 4236 1233 1412 4237 1232 1412 4238 1229 1413 4239 1231 1413 4240 1234 1413 4241 1231 1414 4242 1232 1414 4243 1234 1414 4244 1314 1463 4389 1313 1463 4390 1317 1463 4391 1316 1464 4392 1315 1464 4393 1313 1464 4394 1316 1465 4395 1318 1465 4396 1315 1465 4397 1316 1466 4398 1314 1466 4399 1318 1466 4400 1315 1467 4401 1317 1467 4402 1313 1467 4403 1314 1468 4404 1317 1468 4405 1318 1468 4406 1317 1469 4407 1319 1469 4408 1318 1469 4409 1315 1470 4410 1318 1470 4411 1320 1470 4412 1227 1492 4476 1230 1492 4477 1228 1492 4478 1228 1493 4479 1231 1493 4480 1229 1493 4481 1229 1494 4482 1233 1494 4483 1230 1494 4484 1231 1495 4485 1230 1495 4486 1232 1495 4487 1233 1496 4488 1229 1496 4489 1234 1496 4490 1317 1539 4617 1320 1539 4618 1319 1539 4619 1317 1540 4620 1315 1540 4621 1320 1540 4622</p>
        </triangles>
      </mesh>
    </geometry>
  </library_geometries>
  <library_visual_scenes>
    <visual_scene id="Scene">
      <node id="Node" type="NODE">
        <instance_geometry url="#geometry">
          <bind_material>
            <technique_common>
              <instance_material symbol="m0" target="#m0">
                <bind_vertex_input semantic="UVSET0" input_semantic="TEXCOORD" input_set="0" />
              </instance_material>
              <instance_material symbol="m1" target="#m1">
                <bind_vertex_input semantic="UVSET0" input_semantic="TEXCOORD" input_set="0" />
              </instance_material>
              <instance_material symbol="m2" target="#m2">
                <bind_vertex_input semantic="UVSET0" input_semantic="TEXCOORD" input_set="0" />
              </instance_material>
              <instance_material symbol="m3" target="#m3">
                <bind_vertex_input semantic="UVSET0" input_semantic="TEXCOORD" input_set="0" />
              </instance_material>
              <instance_material symbol="m4" target="#m4">
                <bind_vertex_input semantic="UVSET0" input_semantic="TEXCOORD" input_set="0" />
              </instance_material>
              <instance_material symbol="m5" target="#m5">
                <bind_vertex_input semantic="UVSET0" input_semantic="TEXCOORD" input_set="0" />
              </instance_material>
            </technique_common>
          </bind_material>
        </instance_geometry>
      </node>
    </visual_scene>
  </library_visual_scenes>
  <scene>
    <instance_visual_scene url="#Scene" />
  </scene>
</COLLADA>