<?xml version='1.0' encoding='utf-8'?>
<COLLADA xmlns="http://www.collada.org/2005/11/COLLADASchema" version="1.4.1">
  <asset>
    <created>2026-09-08T00:00:00Z</created>
    <modified>2026-09-08T00:00:00Z</modified>
    <unit name="meter" meter="1" />
    <up_axis>Z_UP</up_axis>
  </asset>
  <library_images />
  <library_effects>
    <effect id="e0">
      <profile_COMMON>
        <technique sid="common">
          <phong>
            <ambient>
              <color>0.1755 0.18 0.1485 1</color>
            </ambient>
            <diffuse>
              <color>0.39 0.4 0.33 1</color>
            </diffuse>
            <specular>
              <color>0.02 0.02 0.02 1</color>
            </specular>
            <shininess>
              <float>8</float>
            </shininess>
          </phong>
        </technique>
      </profile_COMMON>
    </effect>
    <effect id="e1">
      <profile_COMMON>
        <technique sid="common">
          <phong>
            <ambient>
              <color>0.045 0.09 0.06075 1</color>
            </ambient>
            <diffuse>
              <color>0.1 0.2 0.135 1</color>
            </diffuse>
            <specular>
              <color>0.02 0.02 0.02 1</color>
            </specular>
            <shininess>
              <float>8</float>
            </shininess>
          </phong>
        </technique>
      </profile_COMMON>
    </effect>
    <effect id="e2">
      <profile_COMMON>
        <technique sid="common">
          <phong>
            <ambient>
              <color>0.0765 0.1215 0.0765 1</color>
            </ambient>
            <diffuse>
              <color>0.17 0.27 0.17 1</color>
            </diffuse>
            <specular>
              <color>0.02 0.02 0.02 1</color>
            </specular>
            <shininess>
              <float>8</float>
            </shininess>
          </phong>
        </technique>
      </profile_COMMON>
    </effect>
    <effect id="e3">
      <profile_COMMON>
        <technique sid="common">
          <phong>
            <ambient>
              <color>0.099 0.1395 0.09225 1</color>
            </ambient>
            <diffuse>
              <color>0.22 0.31 0.205 1</color>
            </diffuse>
            <specular>
              <color>0.02 0.02 0.02 1</color>
            </specular>
            <shininess>
              <float>8</float>
            </shininess>
          </phong>
        </technique>
      </profile_COMMON>
    </effect>
    <effect id="e4">
      <profile_COMMON>
        <technique sid="common">
          <phong>
            <ambient>
              <color>0.054 0.1035 0.09 1</color>
            </ambient>
            <diffuse>
              <color>0.12 0.23 0.2 1</color>
            </diffuse>
            <specular>
              <color>0.02 0.02 0.02 1</color>
            </specular>
            <shininess>
              <float>8</float>
            </shininess>
          </phong>
        </technique>
      </profile_COMMON>
    </effect>
    <effect id="e5">
      <profile_COMMON>
        <technique sid="common">
          <phong>
            <ambient>
              <color>0.126 0.1485 0.0855 1</color>
            </ambient>
            <diffuse>
              <color>0.28 0.33 0.19 1</color>
            </diffuse>
            <specular>
              <color>0.02 0.02 0.02 1</color>
            </specular>
            <shininess>
              <float>8</float>
            </shininess>
          </phong>
        </technique>
      </profile_COMMON>
    </effect>
  </library_effects>
  <library_materials>
    <material id="m0" name="m0">
      <instance_effect url="#e0" />
    </material>
    <material id="m1" name="m1">
      <instance_effect url="#e1" />
    </material>
    <material id="m2" name="m2">
      <instance_effect url="#e2" />
    </material>
    <material id="m3" name="m3">
      <instance_effect url="#e3" />
    </material>
    <material id="m4" name="m4">
      <instance_effect url="#e4" />
    </material>
    <material id="m5" name="m5">
      <instance_effect url="#e5" />
    </material>
  </library_materials>
  <library_geometries>
    <geometry id="geometry" name="forest_17_25">
      <mesh>
        <source id="positions">
          <float_array id="positions-array" count="10125">-20.8226 54.68632 1.687157 -20.72288 54.67261 1.683566 -20.7837 54.76641 1.68459 -20.73269 54.7327 3.729937 -20.70685 54.71145 3.729376 -20.70467 54.74673 3.728794 -20.76366 54.72562 2.951686 -20.73508 54.69526 2.934805 -20.72848 54.73659 2.936438 -20.28084 54.6022 4.230167 -20.27169 54.60062 4.225668 -20.27681 54.6101 4.229176 -20.26921 54.56036 4.568388 -20.27747 54.60868 4.604323 -20.2699 54.59995 4.565139 -20.22058 54.9668 4.146208 -20.2719 54.60053 3.843011 -20.27574 54.60428 3.882739 -20.27963 54.60184 3.887223 -20.76147 54.7039 3.179374 -20.73052 54.71794 3.20153 -20.73522 54.73403 3.157988 -21.16533 55.25249 3.491797 -21.15711 55.25541 3.49949 -21.15871 55.25911 3.488528 -21.16098 55.25462 3.92694 -21.159 55.26102 3.948271 -21.16253 55.25651 3.904357 -21.06374 55.68731 3.597549 -21.52118 55.04022 3.53146 -20.76758 55.08794 3.509853 -21.07597 54.90969 3.265622 -21.19945 55.3822 3.105134 -21.16071 55.25516 3.087767 -21.16036 55.25564 3.139747 -21.16042 55.25577 3.105865 -20.754 54.70686 2.908967 -20.72093 54.71153 2.923182 -20.74612 54.73329 2.9491 -20.86288 53.93589 3.615341 -20.85581 53.93937 3.621976 -20.86541 53.94275 3.624776 -20.86146 53.93936 3.934367 -20.86146 53.93928 3.910431 -20.86141 53.9394 3.982863 -21.38447 54.22907 3.698512 -20.58937 54.10424 3.669134 -21.03616 53.60506 3.594216 -20.86039 53.93758 3.25524 -20.8309 53.94931 3.232924 -20.86169 53.9393 3.325802 -20.76185 54.72057 2.867952 -20.73049 54.69947 2.856112 -20.73499 54.73503 2.831528 -20.16878 55.21929 3.663218 -20.16383 55.22513 3.653913 -20.17214 55.22706 3.660041 -20.1598 55.22899 3.960146 -20.16986 55.22479 4.152503 -20.15695 55.2233 3.843041 -20.54279 55.12641 3.649598 -20.16687 55.22368 3.180226 -20.07838 55.27379 3.201765 -20.16801 55.2231 3.211641 -20.75513 54.70153 3.050108 -20.7225 54.71361 3.07662 -20.75093 54.74044 3.052992 -21.50003 54.73317 4.247613 -21.49645 54.72628 4.250648 -21.49122 54.73488 4.254773 -21.49543 54.73199 4.517507 -21.49671 54.73548 4.576377 -21.5055 54.74613 4.076784 -21.4872 54.7225 4.623251 -21.09247 54.92238 4.20016 -21.49425 54.73495 4.130841 -21.49395 54.71903 4.059405 -20.74725 54.69667 2.944807 -20.72117 54.72742 2.947291 -20.75256 54.73865 2.961729 -20.40217 54.34255 4.297196 -20.39137 54.34324 4.293871 -20.39566 54.35025 4.297824 -20.3968 54.34472 4.729337 -20.38156 54.45664 4.581892 -20.39753 54.34426 4.812025 -19.89802 54.34883 4.232643 -20.85165 54.12188 4.241055 -20.39652 54.34006 3.812304 -20.40023 54.35121 3.817737 -20.3973 54.34499 3.885823 -20.75924 54.70319 2.734556 -20.71747 54.71685 2.728318 -20.75183 54.73704 2.713641 -20.8177 55.49295 4.314997 -20.807 55.49027 4.317275 -20.81105 55.49828 4.312019 -20.45695 55.68071 4.502516 -20.81197 55.49364 4.671712 -20.81268 55.48553 4.551735 -20.81155 55.49304 4.696541 -21.21515 55.65941 4.272462 -20.7902 55.52482 3.949309 -20.8279 55.46482 3.991401 -20.81165 55.4932 4.027629 -20.74089 54.69867 2.952453 -20.73055 54.73314 2.982813 -20.76178 54.73185 2.963298 -21.17214 54.22313 3.881491 -21.16253 54.21828 3.883816 -21.1673 54.22733 3.887329 -21.16681 54.22214 4.265895 -21.16387 54.21677 4.278865 -20.84185 54.54117 4.081616 -21.16685 54.22264 4.299858 -20.68128 54.36157 3.663425 -21.45487 53.72844 3.813449 -21.59566 54.4269 3.84981 -21.16689 54.22235 3.508498 -21.16701 54.22273 3.457975 -21.16688 54.22218 3.448394 -20.76496 54.72322 2.650412 -20.73499 54.69706 2.635468 -20.72702 54.73492 2.628116 -20.03972 54.80851 4.259667 -20.03079 54.81305 4.254288 -20.03809 54.81875 4.257969 -20.03618 54.81331 4.596511 -20.03617 54.81328 4.594283 -20.03603 54.82177 4.709525 -20.23966 54.7191 4.624354 -19.79214 54.70609 4.226982 -20.03696 54.8034 3.950455 -20.03645 54.81288 3.858809 -20.08551 54.91968 4.13089 -21.18701 52.43766 1.885719 -21.08374 52.5055 1.88218 -21.21572 52.54312 1.883189 -21.14133 52.55314 3.898976 -21.10029 52.55436 3.898424 -21.12675 52.58873 3.89785 -21.13243 52.50604 3.215353 -21.12755 52.55534 3.237086 -21.16758 52.53083 3.222723 -21.25205 52.03586 4.167703 -21.24207 52.04202 4.171305 -21.25538 52.04541 4.171504 -21.2663 52.54463 4.095172 -21.24849 52.04091 4.57857 -21.46074 52.02911 4.244644 -21.22408 52.04436 4.292246 -20.75704 51.98152 4.191542 -21.24798 52.03692 3.704187 -21.24836 52.04108 3.766842 -21.24937 52.04188 3.823029 -21.14138 52.50308 2.885022 -21.1111 52.53319 2.876118 -21.15461 52.55636 2.881007 -20.7889 52.75764 4.51072 -20.78726 52.76833 4.509157 -20.79977 52.76345 4.511939 -20.79278 52.76372 4.77062 -20.79314 52.76354 4.824885 -20.79267 52.76342 4.83644 -21.02382 52.19148 4.469289 -21.05316 53.37335 4.46265 -20.26266 52.95237 4.511527 -20.79266 52.76368 4.254551 -20.79277 52.76369 4.194449 -20.79274 52.76352 4.222904 -21.13699 52.50504 3.508413 -21.13263 52.55959 3.509804 -21.15157 52.53941 3.478961 -21.82965 52.57182 3.825998 -21.82508 52.58216 3.832798 -21.83041 52.58423 3.823151 -21.82837 52.57929 4.129707 -21.82853 52.57966 4.177084 -21.8301 52.57428 4.238992 -22.42362 52.48191 3.881779 -21.7787 53.06769 3.970951 -21.82702 52.62777 3.404189 -21.8116 52.22171 3.722811 -21.82981 52.58498 3.376528 -21.15185 52.50724 3.382236 -21.11239 52.52559 3.378017 -21.15411 52.55326 3.398793 -20.81189 52.10003 4.400889 -20.80578 52.11018 4.402796 -20.81886 52.10926 4.405991 -20.81217 52.10663 4.840754 -20.82433 52.09582 4.890727 -20.80909 52.10953 4.913319 -21.2769 52.36595 4.287336 -20.68139 51.68596 4.277371 -20.59906 52.57102 4.244274 -20.81226 52.10665 3.982222 -20.81241 52.10631 3.964802 -20.81217 52.10654 3.944033 -21.16387 52.51675 3.112498 -21.11067 52.52573 3.106679 -21.14278 52.5556 3.088553 -21.13735 53.34204 4.211764 -21.12533 53.34248 4.211432 -21.13269 53.35198 4.205659 -21.13795 53.35195 4.543168 -21.13172 53.3456 4.50642 -21.34745 52.97063 4.343341 -21.13166 53.3456 4.532069 -21.29501 53.43459 4.173719 -20.68417 53.13525 4.171111 -21.13041 53.34599 3.872722 -21.16766 53.36518 4.196442 -21.13194 52.50772 3.070659 -21.12032 52.53894 3.102325 -21.16401 52.55024 3.079997 -21.62859 52.00967 3.653802 -21.62023 52.01035 3.660203 -21.63022 52.01975 3.660165 -21.62639 52.01401 3.942641 -21.62676 52.01382 3.948036 -21.62638 52.01361 3.92944 -21.15589 52.2949 3.811807 -22.03243 52.3799 3.776289 -21.70434 51.36482 3.692387 -21.61322 52.01981 3.388965 -21.62687 52.01398 3.343926 -21.62639 52.01401 3.429474 -21.14123 52.50149 2.76039 -21.12117 52.54352 2.740537 -21.15443 52.55285 2.771145 -20.13882 52.55945 3.66434 -20.13038 52.55902 3.656518 -20.13392 52.57094 3.659475 -20.13454 52.56376 4.002309 -20.09934 52.51747 3.693304 -20.12678 52.56256 4.055697 -20.01981 52.60258 3.46708 -20.46943 52.87653 3.654166 -20.13365 52.56207 3.291309 -20.13449 52.56323 3.333185 -21.16095 52.51243 2.984766 -21.11545 52.521 2.996799 -21.14008 52.56234 2.980323 -21.57494 52.8329 4.163603 -21.56378 52.83945 4.165618 -21.57079 52.8456 4.16213 -21.57062 52.83876 4.480592 -21.57046 52.83874 4.501977 -21.56912 52.8402 4.576015 -21.50571 52.54857 4.478245 -21.68449 53.35531 3.992518 -22.07594 52.91189 4.169278 -21.57083 52.83866 3.769359 -21.58399 52.8281 3.865887 -21.35564 52.89895 3.991024 -21.16245 52.51694 2.79231 -21.11436 52.51799 2.790429 -21.14178 52.56071 2.808164 -21.04661 51.72955 4.52782 -21.03321 51.73181 4.528048 -21.04084 51.74025 4.531651 -21.0402 51.73377 4.90183 -21.03254 51.73071 4.754485 -21.0407 51.73386 4.948638 -21.09475 52.25939 4.527878 -21.64812 51.57784 4.570491 -21.03662 51.73418 4.089668 -21.04325 51.73062 4.13349 -21.04025 51.73375 4.236046 -20.86511 54.48261 1.708731 -20.81397 54.42678 1.70595 -20.80413 54.51028 1.706742 -20.79079 54.46627 3.291081 -20.78604 54.44156 3.290647 -20.76784 54.46093 3.290196 -20.81841 54.45628 2.753777 -20.78811 54.45815 2.770859 -20.80686 54.47996 2.75957 -21.1145 54.48264 3.502291 -21.1098 54.4772 3.505122 -21.10905 54.48559 3.505279 -20.80816 54.54103 3.445285 -21.1111 54.48098 3.825219 -21.139 54.6082 3.562764 -21.10662 54.46655 3.600177 -21.09895 54.17791 3.521028 -21.11346 54.48028 3.137984 -21.11098 54.48092 3.187228 -21.1106 54.48161 3.231389 -20.82107 54.4614 2.494149 -20.7999 54.44603 2.48715 -20.79014 54.47462 2.490993 -20.63262 54.2731 3.771891 -20.62599 54.27316 3.770662 -20.63017 54.28025 3.772849 -20.62932 54.27605 3.976163 -20.62946 54.27625 4.018814 -20.62949 54.27595 4.027895 -20.99805 54.35981 3.739327 -20.28605 54.49317 3.734109 -20.46336 53.97385 3.772525 -20.62933 54.27597 3.570551 -20.62934 54.27603 3.523313 -20.62944 54.276 3.545677 -20.81946 54.45894 2.984112 -20.78604 54.46164 2.985205 -20.8001 54.47112 2.960964 -20.84682 54.88443 3.233723 -20.84012 54.88268 3.239068 -20.83939 54.8861 3.231485 -20.84218 54.88439 3.472427 -20.84197 54.88452 3.509664 -20.84538 54.88495 3.558322 -20.95931 55.23491 3.277564 -20.54191 54.90213 3.347651 -20.81273 54.88831 2.902195 -21.05683 54.83927 3.152622 -20.83888 54.88582 2.880455 -20.81959 54.46814 2.884942 -20.80462 54.44607 2.881625 -20.79197 54.47401 2.897955 -21.03263 54.22268 3.685567 -21.0259 54.21997 3.687066 -21.02773 54.2278 3.689577 -21.02867 54.2235 4.031286 -21.03639 54.22979 4.070563 -21.02662 54.22192 4.088319 -20.91727 54.52996 3.596318 -21.27032 54.10324 3.588486 -20.72693 54.14002 3.562473 -21.02867 54.22355 3.35651 -21.02889 54.22361 3.342818 -21.02872 54.22349 3.326494 -20.81501 54.47634 2.672937 -20.80437 54.44504 2.668363 -20.78944 54.46739 2.654117 -20.31323 54.54103 3.536922 -20.31179 54.5338 3.536661 -20.30676 54.53919 3.532123 -20.30729 54.54237 3.797394 -20.31052 54.53797 3.768511 -20.55843 54.63178 3.640337 -20.31052 54.53794 3.78867 -20.27267 54.64545 3.50702 -20.39398 54.24669 3.50497 -20.31016 54.53722 3.270447 -20.3022 54.56163 3.524879 -20.81735 54.45615 2.640053 -20.79733 54.45217 2.664941 -20.79476 54.4797 2.647392 -21.16718 54.70783 3.098383 -21.16595 54.70284 3.103414 -21.16124 54.7098 3.103384 -21.16434 54.70692 3.325401 -21.16449 54.70713 3.329641 -21.16458 54.70688 3.315025 -20.94841 54.44981 3.222569 -20.98275 54.98831 3.194654 -21.56463 54.69057 3.128709 -21.15954 54.69953 2.89023 -21.1644 54.70721 2.854831 -21.16434 54.70693 2.922069 -20.82202 54.46116 2.396192 -20.79464 54.45313 2.380588 -20.79225 54.47416 2.404645 -20.68891 53.86051 3.106665 -20.68834 53.85536 3.100517 -20.68148 53.85867 3.102841 -20.68588 53.85834 3.372297 -20.71044 53.83252 3.12943 -20.68585 53.85353 3.414258 -20.65118 53.79274 2.951626 -20.52946 54.09149 3.098669 -20.68682 53.85764 2.813476 -20.6862 53.85826 2.846389 -20.81733 54.47415 2.572543 -20.8077 54.44747 2.582001 -20.7851 54.46641 2.569051 -20.66399 54.75591 3.499069 -20.65894 54.7498 3.500653 -20.65591 54.75464 3.497911 -20.66003 54.75387 3.748211 -20.66002 54.75377 3.765019 -20.65901 54.7531 3.82321 -20.8292 54.68622 3.746367 -20.35872 54.87327 3.364602 -20.66522 55.06667 3.503529 -20.6601 54.75399 3.189207 -20.66778 54.76091 3.265074 -20.60259 54.62972 3.363427 -20.81475 54.47551 2.42128 -20.80941 54.44651 2.419801 -20.78625 54.46728 2.43374 -21.27968 54.32841 3.78533 -21.277 54.32053 3.78551 -21.27265 54.32597 3.788342 -21.2765 54.32494 4.07929 -21.27761 54.32001 3.963482 -21.2765 54.32526 4.116079 -20.96391 54.40936 3.785376 -21.43029 54.6774 3.818869 -21.2759 54.32282 3.440958 -21.2787 54.32648 3.475401 -21.27652 54.32498 3.556007 -26.8878 56.54108 0.2320436 -26.94658 56.45563 0.2289793 -26.83208 56.4682 0.229853 -26.88672 56.43684 1.975454 -26.91824 56.4229 1.974976 -26.88678 56.40456 1.974479 -26.89326 56.47378 1.527677 -26.91493 56.44652 1.548857 -26.87259 56.44384 1.532093 -26.62241 56.73557 2.093446 -26.63222 56.73358 2.098525 -26.62387 56.72682 2.097955 -26.58496 56.7064 2.490374 -26.63732 56.74138 2.452696 -26.62623 56.73207 2.395713 -26.82956 56.30578 2.206976 -26.62257 56.73377 1.728769 -26.61373 56.73206 1.952546 -26.78577 56.75714 2.007641 -26.90007 56.47606 1.091563 -26.91121 56.44232 1.082824 -26.88072 56.43858 1.109176 -27.55924 56.47802 1.77663 -27.56149 56.4671 1.77498 -27.55534 56.46849 1.780285 -27.58303 56.50281 1.825094 -27.55891 56.47196 2.01543 -27.55884 56.47198 2.06861 -27.90735 56.0451 1.896334 -27.87568 56.89969 1.836108 -27.53069 56.46128 1.550711 -27.54482 56.46834 1.486746 -27.55932 56.47214 1.510216 -26.89315 56.47552 1.24616 -26.91076 56.43324 1.240652 -26.87632 56.44103 1.231093 -26.53626 56.17222 2.166607 -26.54561 56.1659 2.168057 -26.53736 56.16183 2.164132 -26.53481 56.1653 2.508959 -26.53976 56.16675 2.417684 -26.53935 56.16905 2.497181 -26.54012 55.72638 2.144531 -26.13929 56.3183 2.230549 -26.53832 56.16136 1.849386 -26.5397 56.16685 1.90208 -26.98522 56.35482 2.069744 -26.53978 56.16677 1.921796 -26.89776 56.47485 0.9977574 -26.90839 56.43396 1.012843 -26.87513 56.44005 1.011728 -26.93866 56.94311 2.146754 -26.94401 56.93409 2.149946 -26.93318 56.93719 2.149162 -26.93913 56.93755 2.426112 -26.93811 56.93751 2.478886 -26.93881 56.93774 2.438683 -26.94591 56.43223 2.172512 -26.68104 57.26525 2.075688 -27.36304 57.23587 2.026623 -26.93912 56.93759 1.82541 -26.93891 56.93874 1.814782 -26.9392 56.93749 1.882456 -26.87867 56.46942 0.9872689 -26.91442 56.46657 0.9796548 -26.89685 56.42934 0.9739711 -27.16322 56.12658 2.193069 -27.16434 56.11625 2.190353 -27.15464 56.12126 2.193451 -27.16206 56.11879 2.596301 -27.16072 56.12101 2.61677 -27.16144 56.22043 2.660226 -27.16564 56.11671 1.895275 -26.80603 56.14244 2.119417 -27.51084 56.22426 2.021271 -27.16567 56.11906 1.779822 -27.15991 56.12258 1.80444 -26.90403 56.47668 1.077145 -26.90652 56.4344 1.084865 -26.87483 56.44484 1.063406 -26.19806 56.61981 2.055849 -26.20309 56.61196 2.060183 -26.19578 56.60849 2.05608 -26.19854 56.61396 2.299491 -26.15349 56.15112 2.049061 -26.19845 56.6139 2.370099 -26.19361 56.61566 2.405059 -25.68789 56.93276 2.085554 -26.23113 56.59522 2.03512 -26.19268 56.61238 1.653502 -26.19223 56.61736 1.6881 -26.87981 56.472 1.167063 -26.91846 56.45105 1.155595 -26.88585 56.43326 1.176279 -27.4889 56.85602 2.302523 -27.49684 56.85011 2.30066 -27.48899 56.84518 2.305852 -27.49148 56.85041 2.624069 -27.36993 56.43207 2.360627 -27.49074 56.84973 2.690325 -27.49244 56.85055 2.683144 -27.80732 57.15057 2.23686 -27.1746 57.1222 2.217428 -27.48899 56.84746 1.938048 -27.49147 56.85044 1.991557 -27.49236 56.8505 1.928881 -26.88381 56.47381 1.038688 -26.91656 56.44193 1.032091 -26.87524 56.43998 1.027779 -26.75467 55.98089 2.438524 -26.74783 55.97222 2.435307 -26.74434 55.98042 2.437449 -26.74292 55.95542 2.768732 -26.74972 55.97837 2.726731 -26.7504 55.97234 2.509498 -26.56648 55.57915 2.439751 -26.65215 56.25708 2.375805 -26.75016 55.98087 2.128086 -26.74972 55.97772 2.172388 -26.74593 55.97204 2.139358 -26.88385 56.47312 1.193235 -26.91849 56.45505 1.202893 -26.88388 56.42948 1.205634 -26.7565 56.76289 2.154064 -26.75934 56.75539 2.156576 -26.74843 56.7551 2.155203 -26.75397 56.75769 2.448702 -26.75493 56.75672 2.550006 -26.63518 56.27954 2.000686 -26.75362 56.75763 2.492559 -27.10641 56.78322 2.314483 -26.46667 57.1772 2.209826 -26.78883 56.76284 1.823842 -26.75378 56.75757 1.782446 -26.75394 56.75765 1.818618 -27.61569 56.27307 0.1819567 -27.71927 56.34235 0.1782727 -27.70238 56.20498 0.1793231 -27.7409 56.27014 2.277924 -27.75815 56.30779 2.277348 -27.77969 56.2697 2.276752 -27.69663 56.27857 1.739596 -27.72972 56.30418 1.765059 -27.73228 56.25327 1.744905 -27.37788 55.95726 2.419777 -27.38043 55.96901 2.425883 -27.38842 55.95887 2.425197 -27.41234 55.91181 2.896972 -27.37113 55.97527 2.851674 -27.38215 55.9618 2.783168 -27.89747 56.19943 2.556265 -27.38004 55.95742 1.981354 -27.38196 55.94678 2.250383 -27.35452 56.15386 2.316619 -27.69399 56.28679 1.21529 -27.73471 56.29965 1.204784 -27.73872 56.26296 1.236464 -27.70194 57.07876 2.038892 -27.71508 57.08129 2.03691 -27.71333 57.07392 2.043287 -27.67253 57.10772 2.097158 -27.70921 57.07826 2.325983 -27.70918 57.07818 2.389917 -28.22748 57.49022 2.182804 -27.20028 57.46552 2.110399 -27.72161 57.0442 1.767289 -27.71334 57.06128 1.690388 -27.709 57.07876 1.718605 -27.69454 56.27847 1.40115 -27.74561 56.29897 1.394528 -27.73571 56.25771 1.383037 -28.05335 55.84496 2.507733 -28.06109 55.8561 2.509476 -28.06586 55.84613 2.504756 -28.06164 55.84312 2.919315 -28.05997 55.84908 2.809582 -28.05721 55.84862 2.905156 -28.58905 55.84264 2.481191 -27.87166 55.37032 2.584604 -28.06643 55.84727 2.126361 -28.05985 55.84901 2.189711 -27.84099 56.3872 2.391281 -28.05996 55.84911 2.213414 -27.69542 56.284 1.102515 -27.7447 56.29613 1.120652 -27.73687 56.25627 1.11931 -27.13348 56.34044 2.483864 -27.1444 56.34674 2.487702 -27.14051 56.33377 2.486759 -27.14017 56.34093 2.819715 -27.1402 56.3397 2.883161 -27.13994 56.34055 2.834828 -27.74736 56.34118 2.514831 -26.74243 56.03597 2.398427 -26.78838 56.85488 2.339441 -27.14012 56.34091 2.097537 -27.13873 56.34068 2.08476 -27.14024 56.341 2.16612 -27.70164 56.26098 1.089905 -27.70562 56.30388 1.080752 -27.75007 56.28219 1.073918 -28.11797 56.59749 2.539545 -28.13041 56.59867 2.53628 -28.12423 56.5871 2.540005 -28.12732 56.59597 3.024319 -28.12463 56.5944 3.048928 -28.00519 56.59681 3.101172 -28.12986 56.60024 2.18153 -28.09334 56.1686 2.450999 -28.00605 57.01665 2.333006 -28.12705 56.60031 2.04273 -28.12273 56.59345 2.072326 -27.69331 56.29156 1.197957 -27.74415 56.29389 1.207238 -27.73111 56.25598 1.181439 -27.51033 55.44563 2.374576 -27.51984 55.45155 2.379787 -27.52389 55.44271 2.374854 -27.51736 55.44611 2.667488 -28.07273 55.38477 2.366416 -27.51744 55.44601 2.752375 -27.51524 55.44022 2.794404 -27.12639 54.8376 2.410288 -27.54039 55.48498 2.349656 -27.51918 55.43906 1.890866 -27.51318 55.4386 1.932461 -27.69856 56.26239 1.306058 -27.72433 56.30849 1.29227 -27.7452 56.26904 1.317137 -27.2467 57.00015 2.671133 -27.25393 57.0096 2.668893 -27.25972 57.00009 2.675136 -27.25348 57.00317 3.057703 -27.75418 56.8506 2.740987 -27.25429 57.00226 3.137357 -27.25333 57.00432 3.128724 -26.8978 57.38731 2.592192 -26.92201 56.6267 2.56883 -27.25699 57.00013 2.232953 -27.25345 57.00316 2.297283 -27.25339 57.00423 2.221933 -27.69645 56.26723 1.151723 -27.73525 56.30608 1.143791 -27.73696 56.2564 1.138607 -28.28662 56.10437 2.834636 -28.29693 56.09602 2.830769 -28.28704 56.09195 2.833345 -28.31704 56.08986 3.23162 -28.28958 56.09839 3.181126 -28.29684 56.09911 2.919963 -28.76635 55.87201 2.836112 -27.95321 55.98551 2.759234 -28.28659 56.09896 2.461421 -28.29036 56.09838 2.514682 -28.29712 56.09374 2.474973 -27.69727 56.26726 1.337522 -27.71952 56.3086 1.349133 -27.7497 56.26662 1.352429 -27.34715 56.11879 2.492653 -27.35621 56.12208 2.495673 -27.35639 56.10897 2.494022 -27.35337 56.11566 2.846873 -27.35454 56.1168 2.968662 -27.92596 55.96549 2.308258 -27.35343 56.11525 2.899598 -27.3282 56.53949 2.685512 -26.84487 55.77704 2.559691 -27.34772 56.15763 2.095652 -27.3535 56.11543 2.045885 -27.35341 56.11563 2.089372 -25.12844 54.19832 1.019247 -25.1419 54.13669 1.017106 -25.0803 54.17009 1.017717 -25.10387 54.13987 2.237479 -25.11842 54.12477 2.237144 -25.09648 54.12167 2.236797 -25.11652 54.16066 1.540553 -25.12028 54.13623 1.534674 -25.09918 54.14904 1.549214 -25.4906 54.05611 2.273543 -25.48757 54.05153 2.274681 -25.48538 54.05789 2.276907 -25.27265 53.92104 2.302844 -25.48732 54.05589 2.49326 -25.49536 54.02604 2.303978 -25.48784 54.05535 2.494747 -25.48332 54.06435 2.151801 -25.48975 54.05491 2.034485 -25.48751 54.05546 2.05552 -25.12312 54.15646 1.820716 -25.11318 54.13182 1.812198 -25.09928 54.15196 1.809945 -24.90672 54.06266 2.394193 -24.90794 54.05649 2.393628 -24.90275 54.05739 2.391616 -24.90833 54.05851 2.634423 -24.89704 54.06545 2.635762 -24.90553 54.05952 2.609006 -24.91955 54.4284 2.427082 -24.70611 53.8005 2.384116 -25.23298 53.95587 2.353572 -24.90388 54.05688 2.157963 -24.90743 54.05911 2.17847 -24.90563 54.05931 2.203493 -25.10625 54.1587 1.568898 -25.12707 54.14158 1.576032 -25.10227 54.13963 1.585116 -25.29132 54.60457 2.25277 -25.28992 54.59959 2.257127 -25.28544 54.60439 2.254708 -25.28886 54.60281 2.432706 -25.28887 54.60281 2.427999 -25.27403 54.4831 2.454698 -25.2889 54.60294 2.451075 -25.01026 54.5247 2.151195 -25.54717 54.6346 2.389559 -25.18031 54.85301 2.342748 -25.26692 54.57508 2.073971 -25.29209 54.6128 2.028401 -25.28529 54.59417 2.025572 -25.10406 54.15521 1.76558 -25.12561 54.14587 1.750217 -25.10838 54.13497 1.747195 -25.26225 53.79478 2.253619 -25.26382 53.79019 2.24924 -25.25842 53.78958 2.250632 -25.26171 53.78901 2.50416 -25.26133 53.79184 2.455749 -24.971 53.73241 2.224722 -25.26266 53.79346 2.508142 -25.38503 54.01216 2.296235 -25.264 53.78926 2.09382 -25.26305 53.79487 1.993077 -25.26134 53.79177 2.029198 -25.10937 54.16046 1.681561 -25.12616 54.1448 1.691073 -25.10087 54.1357 1.683653 -24.85511 54.2967 2.496042 -24.85908 54.29153 2.498597 -24.8533 54.29043 2.49669 -24.85661 54.29112 2.701646 -24.85221 54.29234 2.674185 -24.85801 54.29161 2.754989 -24.74993 54.534 2.453002 -24.85546 54.29674 2.435225 -24.85714 54.2916 2.214357 -24.85572 54.29328 2.228812 -25.12065 54.15668 1.695697 -25.1161 54.13217 1.704226 -25.09954 54.15131 1.711363 -25.58853 54.30367 2.516251 -25.59156 54.29792 2.515438 -25.58602 54.29827 2.519167 -25.5887 54.29996 2.728189 -25.58872 54.29995 2.737965 -25.58387 54.30436 2.768713 -25.38178 54.43196 2.526846 -25.60142 54.07673 2.5642 -25.73679 54.44184 2.567228 -25.56633 54.29425 2.252185 -25.58877 54.29995 2.309507 -25.58869 54.29996 2.295565 -25.11625 54.15981 1.944354 -25.12561 54.14002 1.939496 -25.0982 54.1444 1.934899 -24.99543 53.95819 2.573995 -24.98961 53.95497 2.571589 -24.98949 53.96029 2.573427 -24.99186 53.95762 2.790571 -24.9915 53.95966 2.753612 -25.03995 53.94891 2.658988 -24.88656 53.75263 2.578183 -24.99238 53.95733 2.354252 -24.99175 53.95759 2.393227 -24.99214 53.95928 2.377213 -25.10785 54.15837 1.779444 -25.12603 54.14325 1.795098 -25.10206 54.13792 1.796079 -25.04438 54.5323 2.310901 -25.04843 54.52823 2.314977 -25.04185 54.52863 2.313677 -25.04529 54.52959 2.553113 -24.9257 54.33873 2.498004 -25.04565 54.53042 2.541389 -25.04547 54.52952 2.540387 -25.32509 54.55471 2.407521 -25.12525 54.29183 2.134851 -24.80739 54.6087 2.138301 -25.12686 54.80114 2.25677 -25.04529 54.52967 2.088143 -25.04537 54.52969 2.077358 -25.11128 54.16099 1.766492 -25.1208 54.1374 1.753588 -25.09899 54.14231 1.766399 -25.42507 53.94031 2.47422 -25.41953 53.93621 2.475651 -25.41962 53.94155 2.477424 -25.4218 53.93908 2.697007 -25.42173 53.93942 2.706902 -25.10401 54.03612 2.478123 -25.42662 53.94344 2.614821 -25.65491 53.76101 2.51123 -25.42518 53.93512 2.214562 -25.42806 53.94107 2.227176 -25.42183 53.93922 2.285115 -24.12993 50.63421 1.684981 -24.09667 50.69619 1.682354 -24.17292 50.67919 1.683103 -24.13842 50.7044 3.179683 -24.11821 50.71615 3.179273 -24.14078 50.72616 3.178847 -24.12118 50.68324 2.672141 -24.13212 50.70924 2.688276 -24.14549 50.68611 2.677613 -24.05339 50.4155 3.379194 -24.05007 50.42129 3.381868 -24.05765 50.41938 3.382016 -24.19864 50.66621 3.325345 -24.05298 50.419 3.684234 -24.15598 50.35547 3.436317 -24.0417 50.42735 3.471658 -23.79094 50.52269 3.396893 -24.05164 50.41714 3.035066 -24.05296 50.41912 3.081583 -24.05369 50.41924 3.123298 -24.12485 50.67933 2.426894 -24.11787 50.70262 2.420283 -24.14593 50.70241 2.423913 -24.01758 50.9024 3.63386 -24.01967 50.9082 3.6327 -24.0246 50.90236 3.634765 -24.02117 50.90439 3.826817 -24.02131 50.9042 3.867105 -24.02104 50.90427 3.875684 -23.98143 50.55533 3.6031 -24.31696 51.13876 3.598171 -23.80712 51.1427 3.634459 -24.0211 50.9044 3.443673 -24.02116 50.90438 3.399051 -24.0211 50.9043 3.420177 -24.12319 50.68151 2.889717 -24.13581 50.70999 2.89075 -24.13981 50.69475 2.867851 -24.48791 50.52688 3.125502 -24.48843 50.5333 3.130551 -24.49166 50.53289 3.123388 -24.4893 50.53097 3.350984 -24.48948 50.53111 3.386158 -24.4888 50.52799 3.432121 -24.76071 50.32065 3.166915 -24.59703 50.78884 3.233119 -24.50178 50.55559 2.812338 -24.38383 50.35659 3.048893 -24.49156 50.53342 2.791802 -24.13122 50.67857 2.79604 -24.11646 50.69847 2.792907 -24.14484 50.70099 2.808332 -23.85056 50.5671 3.552318 -23.85026 50.57384 3.553734 -23.85656 50.56983 3.556106 -23.85249 50.57033 3.878887 -23.85564 50.56162 3.915988 -23.85174 50.57261 3.932761 -24.15543 50.57393 3.468013 -23.67285 50.39533 3.460614 -23.87193 50.86055 3.436042 -23.85254 50.57031 3.241487 -23.85253 50.5701 3.228554 -23.85247 50.57028 3.213134 -24.13981 50.68007 2.595779 -24.11563 50.69901 2.591458 -24.13981 50.70524 2.578001 -24.35059 51.10023 3.411906 -24.34469 51.10371 3.41166 -24.35095 51.10647 3.407374 -24.35358 51.10502 3.65795 -24.34874 51.10354 3.630667 -24.35489 50.85734 3.509593 -24.34871 51.10356 3.64971 -24.4546 51.10374 3.383661 -24.06769 51.11978 3.381724 -24.34819 51.10409 3.160191 -24.37204 51.10358 3.40053 -24.12139 50.68422 2.564716 -24.12405 50.70299 2.588226 -24.14897 50.69679 2.571649 -24.23469 50.30018 2.997659 -24.23069 50.30279 3.002411 -24.23825 50.30477 3.002382 -24.23477 50.30294 3.212101 -24.2349 50.30275 3.216107 -24.23466 50.30275 3.202301 -24.07559 50.57122 3.114966 -24.53728 50.3758 3.088597 -24.09754 49.95694 3.026305 -24.22976 50.30942 2.801035 -24.23501 50.3028 2.767597 -24.23477 50.30294 2.831111 -24.12434 50.67858 2.334363 -24.12572 50.70506 2.319624 -24.14489 50.7007 2.342347 -23.63849 50.97971 3.005482 -23.63415 50.98179 2.999675 -23.63916 50.98679 3.00187 -23.63752 50.98303 3.256401 -23.60733 50.96942 3.026986 -23.63331 50.98454 3.296037 -23.59064 51.0336 2.85903 -23.89 51.04862 2.997929 -23.63661 50.98242 2.728533 -23.63735 50.98278 2.759623 -24.13718 50.6787 2.500946 -24.11674 50.69534 2.50988 -24.14029 50.70934 2.497647 -24.43133 50.72667 3.37615 -24.42753 50.73298 3.377646 -24.4327 50.73415 3.375056 -24.43076 50.73077 3.611492 -24.43068 50.73081 3.627369 -24.4304 50.7319 3.682337 -24.31951 50.60319 3.60975 -24.62797 50.95834 3.249132 -24.70347 50.63019 3.380363 -24.43084 50.73067 3.083452 -24.43456 50.72181 3.155117 -24.33953 50.81926 3.248022 -24.13916 50.68055 2.358061 -24.11538 50.69413 2.356664 -24.1407 50.70806 2.369831 -23.86744 50.318 3.646555 -23.86135 50.32277 3.646725 -23.86745 50.32492 3.6494 -23.86537 50.32185 3.924232 -23.86071 50.3224 3.814839 -23.86565 50.32176 3.958983 -24.03536 50.57006 3.646598 -24.12723 50.07879 3.678236 -23.8637 50.32303 3.321258 -23.86604 50.31945 3.353793 -23.86539 50.32183 3.429934 -23.91466 56.49556 0.7410143 -23.87962 56.38289 0.7373559 -23.8103 56.4941 0.738399 -23.82071 56.42318 2.822476 -23.83042 56.38519 2.821905 -23.79189 56.40042 2.821312 -23.86629 56.42744 2.115693 -23.82233 56.40996 2.138163 -23.83428 56.45316 2.123313 -24.26631 56.66118 3.100306 -24.26329 56.6504 3.10403 -24.25667 56.66172 3.104236 -23.79558 56.54013 3.025319 -24.26261 56.65659 3.525093 -24.21749 56.85451 3.179854 -24.26588 56.63327 3.229068 -24.44669 56.22117 3.124953 -24.26641 56.65717 2.621088 -24.26249 56.65642 2.685865 -24.26149 56.65714 2.743956 -23.86665 56.43643 1.774172 -23.847 56.40069 1.764966 -23.81426 56.43452 1.770021 -23.72593 56.04579 3.454944 -23.71654 56.04147 3.453328 -23.71773 56.05424 3.456204 -23.71932 56.04775 3.723649 -23.71939 56.04813 3.779752 -23.71963 56.04773 3.791699 -24.18365 56.41068 3.41211 -23.09113 56.12601 3.405245 -23.68593 55.51144 3.455779 -23.71939 56.04765 3.190097 -23.71936 56.04775 3.127959 -23.71952 56.04776 3.157378 -23.86601 56.43188 2.418681 -23.81708 56.4135 2.420119 -23.83062 56.43621 2.388232 -23.6221 57.05003 2.747025 -23.61381 57.04311 2.754056 -23.61051 57.04746 2.744081 -23.61558 57.04689 3.061023 -23.6152 57.04694 3.110005 -23.61973 57.0498 3.174011 -23.54803 57.61891 2.804696 -23.1804 56.87254 2.896888 -23.57144 57.03287 2.310926 -23.94821 57.12577 2.640343 -23.60998 57.04671 2.282329 -23.86007 56.44494 2.28823 -23.85363 56.40388 2.283868 -23.81723 56.43488 2.305348 -24.32345 56.24027 3.341392 -24.31575 56.23198 3.343363 -24.31314 56.24423 3.346667 -24.31732 56.23878 3.796158 -24.32404 56.25279 3.847824 -24.31548 56.2352 3.871181 -23.95678 56.59696 3.223992 -24.73792 56.22966 3.213689 -23.94727 55.92075 3.179471 -24.31728 56.23886 2.908542 -24.31756 56.23909 2.890532 -24.31741 56.23881 2.869059 -23.84817 56.45346 2.009354 -23.85395 56.40227 2.003338 -23.81807 56.42386 1.984597 -23.09767 56.21154 3.14586 -23.10044 56.2004 3.145517 -23.08978 56.20465 3.139548 -23.08842 56.20949 3.488491 -23.09589 56.20544 3.450498 -23.38318 56.50231 3.281895 -23.09591 56.20538 3.477016 -22.97116 56.33185 3.106527 -23.40695 55.85011 3.10383 -23.09588 56.20413 2.795332 -23.06845 56.23326 3.130019 -23.86488 56.42654 1.966097 -23.83929 56.40765 1.998837 -23.8174 56.44476 1.975752 -24.19108 57.01369 2.568996 -24.19266 57.00584 2.575614 -24.1814 57.01254 2.575574 -24.18768 57.01054 2.86762 -24.18775 57.01092 2.873198 -24.18804 57.01063 2.853972 -24.0539 56.50463 2.732354 -23.74479 57.28675 2.695633 -24.76298 57.25323 2.608888 -24.18583 56.99692 2.295186 -24.18757 57.01098 2.248622 -24.18768 57.01054 2.337068 -23.86814 56.43671 1.645317 -23.83486 56.40722 1.624792 -23.81753 56.43528 1.656436 -24.07922 55.50136 2.579891 -24.08184 55.49373 2.571803 -24.06997 55.49384 2.574861 -24.0764 55.49631 2.92931 -24.12816 55.47619 2.609836 -24.07954 55.48949 2.984505 -24.07102 55.38076 2.375948 -23.70103 55.72122 2.569372 -24.07818 55.49593 2.194222 -24.0769 55.4964 2.237517 -23.85291 56.45192 1.877294 -23.85704 56.40791 1.889735 -23.8126 56.41961 1.872701 -23.44962 56.74741 3.096067 -23.44655 56.73545 3.098151 -23.43906 56.74026 3.094544 -23.44538 56.74191 3.423796 -23.44544 56.74176 3.445904 -23.44446 56.74015 3.522451 -23.72884 56.75884 3.421369 -22.94125 56.71024 2.919187 -23.24503 57.18644 3.101935 -23.44541 56.74213 2.688468 -23.45164 56.75699 2.788266 -23.44681 56.52871 2.917642 -23.84837 56.45212 1.678318 -23.86009 56.40769 1.676373 -23.81364 56.4216 1.694709 -24.60162 56.55338 3.472623 -24.60307 56.54048 3.472859 -24.59332 56.54526 3.476584 -24.59944 56.54638 3.859304 -24.60427 56.54016 3.706968 -24.59922 56.54682 3.907698 -24.10261 56.45787 3.472683 -24.58229 57.14547 3.51674 -24.6 56.54299 3.019628 -24.60152 56.55 3.064934 -24.59944 56.54643 3.170965 -27.70124 58.73544 -0.4396623 -27.69299 58.65921 -0.4421301 -27.63488 58.72145 -0.4414265 -27.65039 58.67754 0.9644101 -27.66133 58.65453 0.9640247 -27.63486 58.65942 0.9636249 -27.67298 58.69663 0.1611686 -27.6679 58.66702 0.1543923 -27.64851 58.68992 0.1711511 -28.06384 58.43191 1.005976 -28.05858 58.4278 1.007287 -28.05851 58.43596 1.009854 -27.76055 58.36024 1.039747 -28.05997 58.43291 1.259211 -28.05773 58.39541 1.041054 -28.06036 58.43209 1.260925 -28.05862 58.44421 0.8656624 -28.0624 58.43085 0.7304501 -28.06002 58.43234 0.7546932 -27.67897 58.68924 0.4840706 -27.65802 58.66467 0.4742529 -27.64975 58.69325 0.4716563 -27.39339 58.66456 1.145031 -27.39241 58.65697 1.14438 -27.38678 58.66002 1.142061 -27.39365 58.65915 1.421908 -27.38331 58.6715 1.423451 -27.3908 58.66139 1.392614 -27.54918 59.08115 1.182938 -27.0611 58.43974 1.133417 -27.72826 58.41569 1.098214 -27.38788 58.65899 0.8727642 -27.39283 58.66019 0.8964003 -27.39085 58.66111 0.9252396 -27.6604 58.69832 0.1938372 -27.67778 58.67057 0.2020602 -27.64845 58.67788 0.2125296 -28.0456 59.14088 0.9820339 -28.04206 59.13568 0.9870559 -28.03875 59.14294 0.9842681 -28.04208 59.13979 1.189419 -28.04208 59.13979 1.183994 -27.97884 59.00754 1.214766 -28.04217 59.13993 1.210591 -27.69086 59.15718 0.8649636 -28.35206 59.07686 1.13969 -28.01343 59.47003 1.085739 -28.0061 59.1163 0.7759597 -28.04965 59.15007 0.7234381 -28.03464 59.13122 0.7201774 -27.65652 58.69514 0.4205236 -27.67775 58.67607 0.4028171 -27.6537 58.67015 0.3993341 -27.69989 58.21873 0.9830124 -27.69993 58.21283 0.977966 -27.69348 58.21422 0.9795695 -27.69705 58.2123 1.271774 -27.6977 58.21571 1.215978 -27.34016 58.25913 0.9497081 -27.69986 58.21705 1.276363 -27.92521 58.42195 1.03213 -27.69979 58.21169 0.7988368 -27.70085 58.21852 0.6827251 -27.69769 58.21561 0.7243567 -27.66467 58.69915 0.3236877 -27.67798 58.67463 0.3346506 -27.64532 58.6739 0.3260982 -27.42414 58.95421 1.262417 -27.42671 58.94671 1.265362 -27.41962 58.94767 1.263164 -27.42371 58.94719 1.499387 -27.4191 58.9503 1.467736 -27.42551 58.94722 1.560867 -27.39439 59.26826 1.212812 -27.42455 58.95412 1.192323 -27.42451 58.94754 0.937761 -27.42352 58.95003 0.9544214 -27.67621 58.69045 0.3399798 -27.66151 58.66395 0.34981 -27.64981 58.69239 0.3580361 -28.27215 58.67948 1.28571 -28.27343 58.67169 1.284772 -28.26717 58.67423 1.28907 -28.27092 58.67514 1.529979 -28.27093 58.67513 1.541245 -28.26704 58.68208 1.576684 -28.08331 58.90706 1.29792 -28.19951 58.41295 1.340972 -28.4963 58.78157 1.344463 -28.24293 58.67719 0.98136 -28.27099 58.6751 1.047426 -28.27091 58.67514 1.031357 -27.67234 58.69575 0.6265692 -27.6755 58.66933 0.6209707 -27.6456 58.68495 0.6156721 -27.45536 58.50995 1.352262 -27.44741 58.50848 1.349489 -27.44932 58.51465 1.351607 -27.45102 58.51066 1.601877 -27.45139 58.51315 1.559279 -27.5031 58.48208 1.45022 -27.25063 58.31499 1.35709 -27.45151 58.51013 1.098997 -27.45089 58.51067 1.143918 -27.45199 58.51247 1.125461 -27.66211 58.69733 0.4365025 -27.67723 58.67289 0.4545438 -27.64755 58.67599 0.4556744 -27.73311 59.15279 1.049033 -27.73621 59.14654 1.053731 -27.72878 59.14953 1.052233 -27.73311 59.14931 1.328195 -27.5217 58.97543 1.264678 -27.73385 59.15012 1.314682 -27.7333 59.14915 1.313528 -28.06529 59.07039 1.160392 -27.73361 58.84445 0.8461265 -27.48942 59.33221 0.8501026 -27.93183 59.43085 0.9866446 -27.73315 59.14941 0.7922934 -27.73325 59.14939 0.7798631 -27.66707 58.69903 0.4215743 -27.66895 58.66816 0.4067016 -27.6457 58.68224 0.4214671 -27.94367 58.3237 1.237266 -27.93569 58.32111 1.238916 -27.93786 58.32723 1.24096 -27.93942 58.32354 1.49404 -27.93947 58.32396 1.505444 -27.61054 58.5579 1.241765 -27.94665 58.32671 1.399316 -28.13944 58.02843 1.279922 -27.94178 58.31768 0.9379976 -27.94741 58.32342 0.9525356 -27.9395 58.32369 1.019313 -27.96841 59.77532 -0.7259102 -27.88619 59.74835 -0.7285598 -27.92317 59.83706 -0.7278044 -27.88522 59.80068 0.7815633 -27.86665 59.77873 0.7811495 -27.85937 59.80823 0.7807202 -27.90502 59.77873 0.2463009 -27.8793 59.79004 0.2217889 -27.90967 59.80458 0.2362175 -27.34401 60.18768 0.9689246 -27.33733 60.18929 0.9632557 -27.34285 60.19562 0.9639437 -27.35139 60.20395 0.8822053 -27.34147 60.19088 1.176227 -27.68925 60.14156 0.8804414 -27.35001 60.1863 1.230382 -27.0472 60.0595 0.9303548 -27.3405 60.19094 0.7442863 -27.34146 60.19092 0.7617132 -27.34147 60.19087 0.7384059 -27.91217 59.79701 0.126145 -27.89516 59.76979 0.1360996 -27.88075 59.80447 0.1415471 -28.19222 59.81691 0.6906101 -28.18468 59.82165 0.6941248 -28.19188 59.82455 0.690395 -28.18886 59.82091 0.9940193 -28.19287 59.82118 1.031451 -28.18907 59.82075 0.9739095 -27.80851 59.75209 0.6854762 -28.19574 59.82336 0.4854137 -28.31724 59.49023 0.6473251 -28.06886 60.18168 0.5623798 -28.18907 59.82074 0.3874949 -28.18907 59.82074 0.3875378 -27.90471 59.77342 0.136891 -27.87766 59.78728 0.133187 -27.90549 59.80345 0.1537271 -27.65256 59.4605 0.7057513 -27.64568 59.45987 0.7025275 -27.64591 59.46737 0.7067469 -27.64794 59.46325 0.9630873 -27.64813 59.46313 0.9240698 -27.47662 59.85855 0.7141223 -27.64893 59.46275 0.968362 -27.361 59.30382 0.6732403 -27.99342 59.72211 0.6840124 -27.85347 59.14785 0.6041899 -27.64813 59.46313 0.4757714 -27.64948 59.46255 0.4956008 -27.64818 59.46276 0.4581636 -27.91248 59.77989 0.3170666 -27.8749 59.78508 0.3141006 -27.90036 59.80707 0.3015856 -27.8983 60.35598 1.26584 -27.89029 60.35824 1.264546 -27.89631 60.36402 1.261266 -27.89505 60.35946 1.465345 -27.89506 60.35947 1.4735 -27.89399 60.35858 1.512814 -27.52497 60.13193 1.233019 -28.2142 60.08657 1.347019 -27.97904 60.79853 1.344057 -27.60236 60.62732 1.137609 -27.89831 60.36193 1.030879 -27.89507 60.35851 1.007839 -27.89504 60.35945 1.053974 -27.91406 59.79902 0.02185812 -27.88891 59.77048 0.02091969 -27.88376 59.80266 0.03586408 -28.35043 59.35654 1.058721 -28.3419 59.35452 1.061438 -28.34759 59.36201 1.062073 -28.34603 59.35746 1.324275 -28.19467 59.74141 1.053783 -28.34609 59.35744 1.314571 -28.34557 59.35596 1.393242 -28.72475 59.41046 1.113189 -28.26741 58.94085 0.974395 -28.34603 59.35741 0.7763583 -28.34643 59.35772 0.7782736 -28.34603 59.35745 0.81388 -27.91065 59.78732 0.1855441 -27.88593 59.77479 0.1652055 -27.88519 59.80538 0.1635516 -27.36787 59.81454 0.7734597 -27.36525 59.80549 0.7715565 -27.36169 59.81144 0.7683682 -27.3601 59.81575 1.114213 -27.36542 59.81066 1.017249 -27.37095 59.80421 1.074543 -27.00772 59.87989 0.7910314 -27.67706 59.86768 0.7926065 -27.36388 59.81183 0.4661967 -27.13956 59.57749 0.5522415 -27.38019 59.81266 0.480101 -27.91218 59.79913 0.2563521 -27.89369 59.76989 0.2717034 -27.88064 59.80309 0.2672558 -28.16213 59.98556 0.9166625 -28.15703 59.97992 0.9202021 -28.15338 59.98808 0.9192932 -28.16047 59.98544 1.066593 -28.14984 59.96877 0.8998786 -28.15165 59.98085 0.8376739 -28.16837 59.98453 0.8358213 -27.91532 59.78634 -0.01467903 -27.88232 59.77822 -0.02152419 -27.89739 59.80786 -0.002502221 -27.85311 59.25657 0.8202336 -27.84725 59.25093 0.816469 -27.84505 59.25883 0.8211795 -27.84839 59.2554 0.9942122 -27.84839 59.2554 1.060047 -27.72143 59.59336 0.8432377 -28.1579 59.13191 0.8506403 -27.84827 59.25226 1.054596 -27.4584 59.02347 0.7879174 -27.84839 59.25547 0.6166097 -27.85157 59.25426 0.5730358 -27.8484 59.25536 0.6156782 -27.90246 59.78064 0.2528692 -27.87717 59.78364 0.2313242 -27.90766 59.80619 0.2286726 -27.54126 60.32799 0.7113968 -27.53494 60.32992 0.7047212 -27.54215 60.33426 0.7051622 -27.53758 60.33361 1.004194 -27.54176 60.32595 0.9001846 -27.53653 60.32845 0.9306297 -27.21869 60.68798 0.6990125 -27.906 60.45682 0.6734735 -27.54276 60.32634 0.4939123 -27.53709 60.33106 0.4545506 -27.53212 60.33606 0.4303725 -20.86634 57.62904 1.208978 -20.77389 57.54405 1.205112 -20.7695 57.68345 1.206214 -20.74119 57.61262 3.408397 -20.72983 57.57246 3.407793 -20.70251 57.60706 3.407167 -20.78542 57.59218 2.66156 -20.73562 57.59958 2.685303 -20.7697 57.63296 2.669612 -21.27849 57.59359 3.701972 -21.26995 57.58528 3.705907 -21.2699 57.59924 3.706125 -20.78055 57.73368 3.622735 -21.27263 57.59134 4.150832 -21.33685 57.79762 3.786028 -21.26318 57.56813 3.838031 -21.20942 57.09222 3.728015 -21.27644 57.58984 3.195596 -21.27243 57.59125 3.264044 -21.27189 57.59245 3.325427 -20.79055 57.60026 2.300685 -20.75338 57.57787 2.290958 -20.74131 57.6265 2.296299 -20.45232 57.3159 4.076707 -20.44137 57.31694 4.075 -20.44929 57.32806 4.078039 -20.44729 57.32123 4.36064 -20.44755 57.32155 4.419923 -20.44756 57.32105 4.432546 -21.06857 57.40719 4.031445 -19.9109 57.72891 4.024192 -20.13001 56.84545 4.077589 -20.4473 57.3211 3.796851 -20.44732 57.32121 3.731192 -20.44748 57.32114 3.762278 -20.78753 57.59642 2.981719 -20.73268 57.60564 2.983238 -20.75727 57.61931 2.949544 -20.89331 58.29569 3.328671 -20.88199 58.29375 3.3361 -20.88127 58.29951 3.32556 -20.88563 58.29628 3.660463 -20.8853 58.29653 3.71222 -20.891 58.29675 3.779854 -21.12908 58.85887 3.389609 -20.39193 58.36832 3.487027 -20.83751 58.30696 2.867857 -21.23393 58.19116 3.215943 -20.88038 58.29911 2.837639 -20.78905 57.61161 2.843875 -20.76118 57.57726 2.839265 -20.74425 57.62524 2.861963 -21.10619 57.17565 3.956721 -21.09468 57.17213 3.958804 -21.09882 57.1848 3.962294 -21.09976 57.17756 4.437259 -21.11342 57.18686 4.491853 -21.09614 57.17524 4.516533 -20.95929 57.69986 3.832667 -21.482 56.94444 3.821781 -20.58924 57.08255 3.785623 -21.09977 57.17765 3.49934 -21.10014 57.17771 3.480309 -21.09985 57.17754 3.45762 -20.78265 57.62581 2.549195 -20.76062 57.5756 2.542838 -20.73913 57.61465 2.523036 -19.96263 57.80413 3.750107 -19.95922 57.79239 3.749745 -19.95168 57.802 3.743438 -19.95301 57.80718 4.112156 -19.95773 57.79946 4.072009 -20.38077 57.91921 3.893851 -19.95771 57.7994 4.10003 -19.91047 57.98246 3.708545 -20.05418 57.30622 3.705696 -19.95701 57.79827 3.379715 -19.94733 57.83974 3.733368 -20.78364 57.59211 2.503487 -20.74999 57.58839 2.538082 -20.74968 57.63425 2.513688 -21.39759 57.95824 3.140553 -21.39485 57.95017 3.147545 -21.38806 57.96235 3.147503 -21.39277 57.95716 3.4561 -21.39304 57.95747 3.461994 -21.39316 57.95705 3.441678 -20.99935 57.56299 3.313167 -21.13272 58.44802 3.274366 -22.05196 57.87316 3.182704 -21.38379 57.94561 2.851226 -21.39291 57.95762 2.802022 -21.39277 57.95716 2.895481 -20.79208 57.59972 2.164528 -20.74569 57.59036 2.14284 -20.74473 57.62545 2.176277 -20.48662 56.62604 3.152065 -20.48495 56.61762 3.143519 -20.47408 56.62406 3.146749 -20.48131 56.6229 3.521285 -20.51821 56.57673 3.183707 -20.48057 56.61494 3.579609 -20.41463 56.51942 2.936564 -20.25599 57.03046 3.14095 -20.48276 56.6216 2.74454 -20.48182 56.62271 2.790288 -20.78619 57.62187 2.409651 -20.76647 57.57915 2.422797 -20.73182 57.61367 2.404798 -20.57287 58.10931 3.697493 -20.56365 58.09994 3.699695 -20.55933 58.10837 3.695884 -20.56603 58.10651 4.043794 -20.56601 58.10634 4.067155 -20.56424 58.10538 4.14804 -20.83598 57.97064 4.04123 -20.0851 58.34671 3.510589 -20.61913 58.6227 3.703693 -20.56617 58.10669 3.266795 -20.57985 58.11704 3.372248 -20.45344 57.90952 3.508956 -20.78211 57.62447 2.199399 -20.76916 57.57732 2.197344 -20.73385 57.61494 2.216719 -21.52951 57.31522 4.095388 -21.52396 57.30257 4.095637 -21.51754 57.31218 4.099574 -21.52377 57.30994 4.503983 -21.52489 57.30163 4.343013 -21.5238 57.31046 4.555119 -21.01919 57.49393 4.095451 -21.82807 57.87051 4.142006 -21.52247 57.30652 3.616721 -21.52762 57.31217 3.664596 -21.5238 57.30999 3.776635 -27.78792 52.05233 1.126073 -27.88803 51.99122 1.122759 -27.76401 51.95137 1.123704 -27.8349 51.94421 3.011057 -27.87388 51.94435 3.01054 -27.84985 51.91091 3.010003 -27.82461 51.98536 2.526919 -27.85956 51.96721 2.549818 -27.81708 51.94491 2.531693 -27.42416 52.13068 3.138631 -27.43521 52.13315 3.144123 -27.42971 52.12231 3.143506 -27.39896 52.08329 3.567792 -27.43688 52.14356 3.527054 -27.42973 52.12883 3.465444 -27.83636 51.78252 3.261381 -27.42516 52.12889 2.74434 -27.41683 52.12305 2.986289 -27.58288 52.22832 3.045858 -27.83058 51.99086 2.055389 -27.85766 51.96116 2.045941 -27.8279 51.94323 2.074432 -28.51026 52.29703 2.796087 -28.51762 52.2868 2.794304 -28.51063 52.28539 2.80004 -28.52338 52.3336 2.848488 -28.51271 52.29062 3.054279 -28.51263 52.29061 3.111778 -29.06943 52.01068 2.925513 -28.64241 52.8784 2.860396 -28.48851 52.26657 2.551823 -28.49983 52.28038 2.482664 -28.51305 52.291 2.50804 -27.8237 51.9871 2.222541 -27.86138 51.95158 2.216585 -27.82223 51.94373 2.206251 -27.59515 51.50929 3.217733 -27.60773 51.50708 3.219301 -27.60109 51.49906 3.215057 -27.59686 51.50148 3.587885 -27.60129 51.50525 3.489199 -27.59981 51.50744 3.575152 -27.80486 51.05075 3.193864 -27.1179 51.47694 3.286867 -27.60229 51.49902 2.874752 -27.60118 51.50533 2.931725 -27.97445 51.90497 3.113004 -27.60131 51.50528 2.953042 -27.82876 51.98854 1.953966 -27.8586 51.95123 1.970278 -27.82146 51.94217 1.969071 -27.65492 52.49088 3.196268 -27.66461 52.48404 3.199719 -27.652 52.48224 3.198871 -27.65798 52.48535 3.498311 -27.65695 52.48484 3.555371 -27.65756 52.4854 3.511903 -27.89814 51.96676 3.224117 -27.2403 52.70461 3.11943 -27.95801 52.98897 3.066382 -27.65795 52.48539 2.848829 -27.6572 52.48649 2.837338 -27.65807 52.48533 2.910508 -27.81156 51.97413 1.942626 -27.84978 51.98768 1.934394 -27.84882 51.94114 1.928249 -28.26354 51.75145 3.246344 -28.26946 51.7413 3.243407 -28.25713 51.742 3.246757 -28.26593 51.74286 3.68232 -28.26353 51.74454 3.704451 -28.21839 51.84753 3.751436 -28.27059 51.74238 2.924367 -27.88743 51.60301 3.166711 -28.57738 52.01269 3.060595 -28.26954 51.74482 2.799539 -28.26196 51.74579 2.826156 -27.83438 51.99333 2.039801 -27.85647 51.95082 2.048148 -27.81893 51.94698 2.024946 -27.03945 51.81536 3.09798 -27.04827 51.80957 3.102667 -27.04232 51.80262 3.098231 -27.04264 51.80954 3.361408 -27.2097 51.31088 3.090642 -27.04259 51.80943 3.43775 -27.03677 51.80902 3.475548 -26.36832 51.90307 3.130098 -27.08494 51.80523 3.075569 -27.03733 51.8052 2.662961 -27.03457 51.81014 2.700369 -27.81155 51.97732 2.137021 -27.86111 51.97352 2.124621 -27.83565 51.9401 2.146985 -28.26322 52.65485 3.364686 -28.27415 52.65241 3.362672 -28.26831 52.6437 3.368286 -28.26847 52.65025 3.712343 -28.336 52.16224 3.427509 -28.26802 52.6492 3.783979 -28.2694 52.65084 3.776215 -28.45607 53.10589 3.293691 -27.8159 52.78465 3.272681 -28.26726 52.64605 2.970614 -28.26845 52.65027 3.028468 -28.26934 52.65075 2.960703 -27.81484 51.98103 1.998221 -27.86336 51.96323 1.991088 -27.8216 51.94215 1.986426 -27.90894 51.41252 3.511731 -27.90588 51.40041 3.508253 -27.89849 51.40726 3.510569 -27.90856 51.3808 3.868754 -27.90499 51.40763 3.823342 -27.90848 51.40172 3.588469 -27.90001 50.9109 3.513058 -27.67565 51.65037 3.443919 -27.9043 51.41041 3.176084 -27.90529 51.40696 3.223984 -27.90401 51.39935 3.188271 -27.8152 51.98034 2.165318 -27.8593 51.97767 2.17576 -27.83536 51.9353 2.178724 -27.55001 52.22076 3.204172 -27.5564 52.21432 3.206888 -27.54527 52.20899 3.205403 -27.54979 52.21421 3.522736 -27.55123 52.21366 3.632266 -27.64778 51.66573 3.038338 -27.54947 52.21399 3.570154 -27.9019 52.40319 3.377617 -27.05959 52.51479 3.264462 -27.58341 52.23562 2.847133 -27.54965 52.21401 2.802376 -27.54979 52.21416 2.841485 -24.80236 52.61519 1.333598 -24.83135 52.73543 1.330236 -24.91143 52.62382 1.331195 -24.89571 52.69729 3.246327 -24.88297 52.73637 3.245802 -24.92431 52.72306 3.245257 -24.85885 52.67484 2.664825 -24.86351 52.70893 2.633963 -24.90131 52.68485 2.661564 -24.75309 53.44267 3.267693 -24.7602 53.45058 3.261441 -24.76488 53.44222 3.269778 -24.75945 53.44531 3.549592 -24.76045 53.44629 3.560288 -24.62058 53.45704 3.290457 -24.74069 53.00215 3.317481 -24.7598 53.4456 2.994978 -24.75933 53.44485 3.008584 -24.77046 53.44941 3.189958 -24.84701 52.68194 2.584034 -24.88315 52.71845 2.584161 -24.89659 52.6777 2.565261 -25.19463 52.36344 3.268848 -25.19128 52.37362 3.273579 -25.20368 52.37256 3.268895 -25.1966 52.36998 3.568728 -25.19758 52.37421 3.623545 -25.19689 52.36956 3.631743 -25.87711 52.38516 3.354542 -24.55199 52.30826 3.397178 -25.29986 51.69973 3.226635 -25.19829 52.36969 2.90684 -25.19659 52.36954 2.947387 -25.13585 52.85346 2.795224 -24.87157 52.66299 2.19145 -24.8499 52.70023 2.184422 -24.89412 52.71205 2.201025 -24.26795 52.64286 3.417331 -24.26604 52.65474 3.416931 -24.27751 52.65149 3.421105 -24.27197 52.65108 3.805694 -24.27595 52.6426 3.811613 -24.27061 52.64962 3.730319 -23.65685 52.59227 3.427285 -24.56104 52.12769 3.362856 -24.21502 52.98344 3.272067 -24.27059 52.64964 3.136135 -24.27036 52.64972 3.118369 -24.85631 52.67216 2.66977 -24.87197 52.72073 2.65892 -24.89585 52.67267 2.662849 -25.13348 52.94753 3.823993 -25.14214 52.95527 3.821219 -25.14625 52.94318 3.822526 -25.14064 52.94853 4.111016 -25.15094 52.94984 4.189536 -24.78746 52.81717 4.069553 -25.14034 52.94906 4.165813 -25.3293 53.35309 3.726463 -25.43086 52.4423 3.709444 -25.14066 52.94853 3.458722 -25.13465 52.9402 3.509217 -25.14009 52.9488 3.485174 -24.8496 52.68695 2.647737 -24.89153 52.70289 2.678216 -24.89245 52.68016 2.642524 -24.79281 51.73147 3.109117 -24.79628 51.73716 3.118589 -24.80519 51.73221 3.111872 -24.80264 51.72963 3.449916 -24.79803 51.73358 3.458688 -24.79809 51.7336 3.547364 -24.80083 52.12811 3.466676 -24.25915 51.36693 3.095455 -25.25937 51.46292 2.772699 -24.70306 52.29013 2.87187 -24.79833 51.7337 2.738734 -24.79811 51.73355 2.753838 -24.79802 51.7335 2.784073 -24.84708 52.68141 2.236614 -24.88324 52.71795 2.234783 -24.89655 52.67866 2.256038 -24.34193 53.28168 3.310729 -24.34692 53.29023 3.309035 -24.35438 53.28205 3.315167 -24.34849 53.28437 3.683835 -24.34919 53.25531 3.562184 -24.34639 53.28352 3.682765 -24.18234 53.80715 3.255777 -24.90873 53.34652 3.335069 -24.34875 53.28457 2.965076 -24.34846 53.28407 2.956755 -24.35395 53.27862 3.007252 -24.84769 52.68421 2.454551 -24.88287 52.71956 2.443636 -24.89619 52.67432 2.435067 -25.42634 52.5843 3.53134 -25.43739 52.58752 3.527348 -25.43652 52.57662 3.526846 -25.43264 52.58247 3.830174 -25.43259 52.58246 3.831197 -26.02588 52.66898 3.610682 -25.42559 52.59059 3.921719 -25.42248 52.59533 3.314908 -25.49676 52.06654 3.526103 -25.10093 52.5336 3.401629 -25.43322 52.58184 3.172443 -24.85122 52.68728 2.293531 -24.87682 52.71988 2.314828 -24.89654 52.66978 2.30821 -24.24094 52.25553 3.369814 -24.24963 52.26318 3.375988 -24.25239 52.25176 3.373706 -24.25099 52.25723 3.729932 -24.24752 52.25687 3.637614 -24.29616 51.82941 3.379684 -24.30232 52.64984 3.341685 -24.23965 52.25834 3.525689 -24.24889 52.25719 3.069646 -24.24012 52.25732 3.03161 -24.24744 52.25691 3.12598 -24.87736 52.67401 2.571514 -24.85107 52.7051 2.540423 -24.89849 52.69805 2.536703 -25.02912 53.42641 3.009422 -25.03079 53.4341 2.999673 -25.03927 53.42899 3.003718 -25.03575 53.43358 3.346479 -25.03112 53.43076 3.377703 -25.47203 53.23713 2.966515 -25.00823 53.31646 3.462324 -24.89493 53.83815 2.883417 -25.03264 53.42995 2.658532 -25.02489 53.42253 2.636489 -25.03221 53.42971 2.634658 -20.23082 52.0295 2.505588 -20.12993 52.01003 2.502668 -20.18675 52.109 2.5035 -20.13661 52.07182 4.166976 -20.11145 52.04874 4.16652 -20.10728 52.08458 4.166047 -20.15863 52.03859 3.602834 -20.12713 52.06514 3.620769 -20.1652 52.07375 3.608916 -20.50262 51.82777 4.388735 -20.4931 51.82565 4.391708 -20.49907 51.83539 4.391873 -20.21603 52.13923 4.328882 -20.49757 51.82872 4.727793 -20.6309 51.94479 4.452229 -20.48102 51.81661 4.491511 -20.23914 51.50828 4.408408 -20.49958 51.82604 4.006232 -20.49739 51.82874 4.057935 -20.49753 51.82981 4.104303 -20.16568 52.04202 3.330237 -20.13017 52.0424 3.322889 -20.14266 52.08144 3.326924 -19.80797 51.98928 4.671801 -19.8008 51.9947 4.670512 -19.81108 51.99905 4.672808 -19.80676 51.99516 4.886277 -19.80708 51.99526 4.931058 -19.80687 51.99491 4.940594 -20.27635 51.78814 4.637612 -19.60834 52.50948 4.632133 -19.38142 51.80011 4.672468 -19.80671 51.99506 4.460405 -19.80677 51.99513 4.410807 -19.80685 51.99501 4.434289 -20.16193 52.04064 3.844674 -20.12769 52.07062 3.845821 -20.15068 52.06958 3.820369 -20.53598 52.48218 4.106753 -20.52726 52.48569 4.112364 -20.52923 52.49001 4.104403 -20.53088 52.48589 4.35738 -20.53076 52.48621 4.396477 -20.53482 52.48391 4.447565 -20.94209 52.77311 4.152784 -20.21801 52.74814 4.226371 -20.50196 52.514 3.758666 -20.72829 52.26306 4.021601 -20.52844 52.49011 3.735839 -20.16951 52.05057 3.74055 -20.13534 52.03862 3.737068 -20.14416 52.0793 3.754213 -20.20309 51.61072 4.581167 -20.19356 51.61322 4.58274 -20.20189 51.62026 4.585377 -20.19943 51.61481 4.944153 -20.21294 51.61543 4.985392 -20.19592 51.61475 5.004035 -20.32597 52.0389 4.487459 -20.36549 51.28827 4.479236 -19.80308 51.76796 4.451924 -20.19948 51.61488 4.235672 -20.19976 51.61476 4.221297 -20.19949 51.61476 4.204158 -20.17115 52.06321 3.517956 -20.13424 52.0377 3.513154 -20.13605 52.07413 3.498195 -19.67668 52.53965 4.425096 -19.66926 52.53294 4.424822 -19.66814 52.54287 4.420058 -19.67129 52.5459 4.698579 -19.67126 52.5385 4.668253 -20.01731 52.44017 4.533677 -19.67122 52.53847 4.689419 -19.71696 52.68625 4.393701 -19.52655 52.15357 4.391548 -19.67025 52.53798 4.145311 -19.68132 52.57102 4.412452 -20.15736 52.03931 3.483429 -20.13233 52.05117 3.509561 -20.15181 52.08324 3.491135 -20.7422 52.03055 3.964653 -20.73683 52.02611 3.969935 -20.73734 52.03751 3.969903 -20.73838 52.03187 4.20301 -20.73871 52.03197 4.207462 -20.73861 52.03162 4.192116 -20.29507 51.92637 4.095042 -20.76814 52.48542 4.065732 -21.16137 51.6902 3.996493 -20.72717 52.02768 3.746102 -20.73868 52.03213 3.708935 -20.73838 52.03187 3.779531 -20.16651 52.04098 3.227387 -20.13018 52.0544 3.211005 -20.14459 52.07924 3.236262 -19.53551 51.49412 3.973349 -19.53073 51.48897 3.966893 -19.52593 51.49813 3.969334 -19.53047 51.49421 4.252249 -19.53633 51.4462 3.99725 -19.52653 51.48899 4.296305 -19.43958 51.4508 3.810565 -19.54863 51.87484 3.964953 -19.53092 51.49269 3.665514 -19.53075 51.49386 3.700072 -20.17192 52.05894 3.412548 -20.13983 52.03766 3.422478 -20.13054 52.07658 3.408881 -20.23275 52.49004 4.385352 -20.22231 52.48747 4.387015 -20.22292 52.4952 4.384137 -20.22679 52.49102 4.64694 -20.2267 52.49092 4.664586 -20.22505 52.49101 4.725685 -20.35642 52.28044 4.645003 -19.99505 52.8649 4.244169 -20.48551 52.82769 4.390036 -20.22697 52.49109 4.060013 -20.24093 52.49242 4.13967 -20.06376 52.4022 4.242936 -20.1702 52.0625 3.253728 -20.14092 52.03523 3.252176 -20.13249 52.0766 3.266811 -20.55785 51.52607 4.685913 -20.54855 51.51965 4.686101 -20.54821 51.5291 4.689074 -20.55158 51.52486 4.994555 -20.5488 51.5186 4.872963 -20.55183 51.52521 5.033182 -20.27923 51.86975 4.68596 -21.00431 51.78453 4.721126 -20.54921 51.52304 4.324339 -20.55522 51.52476 4.360502 -20.55163 51.52488 4.445134 -23.11109 55.83335 1.007392 -23.07877 55.88714 1.005613 -23.14745 55.87529 1.00612 -23.11562 55.89626 2.019508 -23.0971 55.90585 2.01923 -23.11678 55.91575 2.018942 -23.11817 55.87406 1.578834 -23.09566 55.88701 1.576388 -23.11552 55.90067 1.572649 -23.13728 56.10554 2.346197 -23.13149 56.10849 2.345662 -23.13766 56.11144 2.344802 -23.13544 56.10857 2.504327 -23.13595 56.10902 2.549003 -23.08058 56.03929 2.453551 -23.36925 55.89193 2.398714 -23.24725 56.40264 2.270442 -23.13601 56.10859 2.142082 -23.09127 55.90995 2.186028 -23.1353 56.10869 2.169087 -23.1103 55.87405 1.630919 -23.09787 55.892 1.642239 -23.12426 55.89103 1.633964 -23.3417 55.55782 2.261327 -23.33568 55.55964 2.263903 -23.34112 55.56325 2.263812 -23.3386 55.5618 2.441912 -23.58671 55.65516 2.253692 -23.34124 55.55818 2.37345 -23.15489 55.73381 2.233914 -23.33661 55.56145 2.094418 -23.34024 55.55945 2.114279 -23.32721 55.55525 2.245136 -23.11693 55.87503 1.659533 -23.09553 55.88655 1.650964 -23.11825 55.89943 1.65894 -22.88111 55.91135 2.157445 -22.87591 55.91453 2.155339 -22.88049 55.91819 2.156901 -22.87927 55.91463 2.328965 -22.87923 55.91465 2.323784 -22.87688 56.09651 2.302846 -22.87909 55.91448 2.351826 -22.57666 55.83673 2.147307 -23.1578 55.86821 2.024409 -23.02434 55.70056 2.204931 -22.88266 55.91868 1.961473 -22.87923 55.91467 2.003942 -22.8792 55.91461 1.963455 -23.0995 55.88248 1.6132 -23.10978 55.90083 1.600694 -23.12269 55.8828 1.59909 -23.53766 56.12719 2.180332 -23.53275 56.13109 2.181966 -23.53797 56.13283 2.178204 -23.53609 56.13042 2.315628 -23.53605 56.13051 2.331412 -23.74035 56.34998 2.236039 -23.53609 56.13042 2.32424 -23.47101 56.11047 2.354872 -23.81785 56.17875 2.145349 -23.25346 56.26928 2.134779 -23.53657 56.1169 2.062288 -23.53612 56.13039 2.005324 -23.53609 56.13042 1.997407 -23.10313 55.87639 1.571609 -23.102 55.89962 1.582274 -23.12484 55.88486 1.578226 -23.04718 55.63888 2.008504 -23.04177 55.64012 2.00842 -23.04481 55.64484 2.010968 -23.04766 55.63531 2.047955 -23.03758 55.64282 2.196696 -23.04455 55.64178 2.167432 -22.99575 56.01398 1.994628 -23.27427 55.62841 1.992579 -23.04647 55.6416 1.834025 -23.04491 55.64164 1.864507 -23.03623 55.64056 1.975301 -23.11694 55.88016 1.795756 -23.09621 55.882 1.784294 -23.1172 55.89883 1.779424 -22.99547 56.09405 1.981972 -22.99554 56.09871 1.97788 -23.00072 56.09825 1.980749 -22.99722 56.09698 2.117487 -22.99743 56.0983 2.15758 -23.11866 56.35228 1.970248 -22.99674 56.09716 2.15131 -23.00689 56.0913 1.967483 -23.02192 56.09124 1.929971 -22.95674 56.146 1.950121 -23.10341 55.87441 1.458137 -23.10227 55.90014 1.461965 -23.12427 55.8862 1.453764 -23.30815 55.79134 2.016811 -23.30341 55.7923 2.018307 -23.30696 55.79792 2.018036 -23.30552 55.79492 2.238129 -23.30515 55.79226 2.196527 -23.46566 55.98032 1.96863 -23.30851 55.79307 2.221626 -23.09138 55.86422 1.911342 -23.30808 55.79105 1.847524 -23.30637 55.79416 1.818391 -23.30634 55.7943 1.81509 -23.09836 55.8805 1.574481 -23.1044 55.90108 1.579775 -23.12198 55.87955 1.58224 -22.88408 55.7803 2.118087 -22.88827 55.78532 2.120309 -22.88998 55.78004 2.12005 -22.88487 55.78141 2.31697 -22.88698 55.78196 2.262825 -22.88717 55.78202 2.294565 -23.09661 55.59567 2.1293 -22.9805 56.03035 2.108668 -22.64311 55.66513 2.081839 -22.88711 55.78128 1.92973 -22.88705 55.78198 1.957506 -22.88724 55.78193 1.964416 -23.1025 55.874 1.758083 -23.10267 55.89937 1.752553 -23.12476 55.88891 1.752192 -23.19232 56.0304 2.306223 -23.18679 56.03301 2.306315 -23.19236 56.03674 2.304847 -23.19048 56.03345 2.473564 -23.19097 56.0365 2.518523 -23.2709 56.04384 2.469933 -22.95155 56.0709 2.405263 -23.20963 55.79471 2.205728 -23.19521 56.03678 2.066442 -23.16709 56.03936 2.095327 -23.1906 56.03333 2.081389 -29.68036 55.38299 0.2076924 -29.56411 55.40099 0.2037372 -29.6636 55.48569 0.2048649 -29.59519 55.465 2.457957 -29.55915 55.44985 2.457339 -29.56851 55.49008 2.456699 -29.59769 55.41955 1.34085 -29.58028 55.46314 1.335388 -29.62164 55.46508 1.329981 -29.8046 55.72902 3.184126 -29.79306 55.72359 3.186488 -29.79512 55.73546 3.184145 -29.79725 55.72868 3.549939 -29.79766 55.72903 3.486422 -29.79791 55.72882 3.544613 -29.70322 55.22966 3.188249 -29.36505 56.06233 3.115256 -30.28746 55.93425 3.216656 -29.79755 55.72924 2.796518 -29.79981 55.72896 2.833541 -29.79755 55.72919 2.877655 -29.60773 55.42495 1.589499 -29.57361 55.45075 1.614976 -29.62416 55.46157 1.613221 -29.81019 54.66915 2.817804 -29.79729 54.66917 2.820266 -29.80578 54.67655 2.824087 -29.76562 54.73092 2.830868 -29.8035 54.67119 3.122723 -29.80472 54.67071 3.173673 -29.98299 55.00236 2.889869 -29.74319 54.66469 2.476593 -29.79668 54.70327 2.58845 -29.80338 54.67107 2.480593 -29.62518 55.45724 1.403936 -29.5871 55.42199 1.396943 -29.58299 55.46097 1.381846 -29.19985 55.72016 2.340614 -29.18791 55.71876 2.335109 -29.19506 55.72811 2.335567 -29.19379 55.72157 2.682903 -29.19379 55.72158 2.653608 -29.57478 55.44682 2.52127 -29.18552 55.72309 2.073018 -29.19203 55.72553 2.665827 -29.18249 55.33912 2.322507 -29.19538 55.73033 2.115738 -29.19378 55.72157 1.965858 -29.61835 55.44391 1.676113 -29.58912 55.43132 1.720676 -29.59864 55.47321 1.69984 -30.55474 55.55931 2.443172 -30.54926 55.55148 2.452498 -30.54812 55.56365 2.45205 -30.55125 55.55849 2.901314 -30.23977 56.09939 2.383607 -30.55072 55.55808 2.834108 -30.56709 55.03431 2.428782 -30.55009 55.55855 2.899992 -31.19073 55.73851 2.41298 -30.55092 55.55803 2.062035 -30.54816 55.55698 2.01227 -30.55086 55.55796 2.000351 -29.61231 55.42245 1.316857 -29.57778 55.43871 1.312738 -29.60903 55.46935 1.33847 -29.30209 55.01843 2.322417 -29.29035 55.02201 2.320001 -29.30052 55.02723 2.326138 -29.29678 55.02267 2.575817 -29.29583 55.02282 2.669698 -29.54732 54.92346 2.31318 -28.98372 54.6087 2.374924 -29.29238 55.02172 2.712469 -29.29099 55.02411 1.954732 -29.38558 55.46573 2.192275 -29.29678 55.02267 2.046034 -29.29676 55.02265 2.046638 -29.62129 55.4303 1.893217 -29.57976 55.43145 1.892642 -29.60798 55.46766 1.866381 -29.61282 55.81307 2.474242 -29.60423 55.80825 2.477776 -29.601 55.81761 2.471049 -29.60089 55.81289 2.800358 -29.60723 55.82072 2.730394 -29.60758 55.80932 2.80872 -30.02294 56.08511 2.29521 -29.60559 55.80534 2.162167 -29.60585 55.8137 2.145723 -29.62535 55.775 2.171137 -29.60936 55.4226 1.988827 -29.57422 55.44912 2.011653 -29.62194 55.46548 1.999645 -29.94517 55.11015 3.042473 -29.93679 55.11727 3.048189 -29.94685 55.12245 3.046294 -29.94423 55.11443 3.558013 -29.94111 55.12039 3.552695 -30.42869 54.83048 3.020342 -29.94788 55.11601 3.560886 -29.94454 55.11727 2.560155 -29.42279 55.12408 2.971407 -29.94384 55.12324 2.855886 -29.94299 55.11667 2.621686 -29.62524 55.44786 1.461769 -29.58767 55.42158 1.436077 -29.59169 55.47031 1.438507 -28.77882 55.45225 2.831412 -28.76984 55.44805 2.825251 -28.77031 55.46028 2.825502 -28.773 55.45367 3.177275 -28.7747 55.45267 3.228479 -28.77444 55.45448 3.248009 -29.10358 55.02796 2.729945 -29.07455 55.99476 2.764685 -28.27408 55.54367 2.807903 -28.77346 55.45464 2.418829 -28.77319 55.45317 2.448868 -28.77302 55.45365 2.528555 -29.59543 55.42135 1.487564 -29.59033 55.47037 1.473267 -29.62406 55.45497 1.462837 -29.94513 55.69179 2.30164 -29.93387 55.68957 2.307642 -29.93928 55.69938 2.301801 -29.93892 55.69296 2.673596 -29.93889 55.69295 2.682364 -29.90282 55.69202 2.682293 -29.9179 56.11111 2.356795 -30.32695 55.41074 2.393242 -29.52604 55.36624 2.145176 -29.93935 55.69604 1.87013 -29.94471 55.69165 1.849966 -29.93894 55.69291 1.96255 -22.99428 55.00445 1.18772 -23.00082 55.06696 1.185677 -23.04864 55.0161 1.186259 -23.0358 55.05206 2.350401 -23.02676 55.0709 2.350082 -23.04848 55.06696 2.349751 -23.02188 55.03365 1.768336 -23.01576 55.05665 1.762353 -23.0393 55.05442 1.773928 -22.7067 55.13278 2.484926 -22.70404 55.13884 2.482855 -22.70988 55.13794 2.485763 -22.70679 55.13652 2.716601 -22.70681 55.13651 2.695304 -22.70682 55.13654 2.720582 -22.63289 54.8141 2.515448 -22.48333 55.18973 2.563932 -23.00606 55.30899 2.526344 -22.70681 55.13657 2.286787 -22.70744 55.13621 2.249746 -22.70673 55.13628 2.219725 -23.0244 55.034 1.766498 -23.01783 55.06056 1.765007 -23.03967 55.04602 1.759712 -23.28155 55.15047 2.584857 -23.28166 55.15709 2.583918 -23.2862 55.15504 2.582667 -23.28745 55.15813 2.830202 -23.28148 55.15667 2.700998 -23.27945 55.14841 2.743858 -23.53312 54.94904 2.534886 -23.38382 55.29474 2.387652 -23.28306 55.15373 2.415151 -23.28292 55.15359 2.370506 -23.28105 55.1537 2.374294 -23.01414 55.04413 1.864503 -23.03 55.05857 1.882115 -23.0334 55.03722 1.865871 -22.84043 54.63523 2.407665 -22.8435 54.63918 2.412027 -22.84705 54.63474 2.40967 -22.84357 54.63636 2.602567 -22.8437 54.63638 2.590658 -23.0339 54.89395 2.456421 -23.13474 54.56664 2.402377 -22.87929 54.32632 2.437173 -22.84366 54.63645 2.582292 -22.54262 54.6226 2.452867 -22.67327 54.78384 2.226079 -22.84364 54.63636 2.254283 -22.84364 54.63633 2.232867 -22.8436 54.63624 2.241014 -23.01182 55.04293 1.986975 -23.03404 55.05938 1.983576 -23.03188 55.03671 1.994486 -22.95377 55.20688 2.339632 -22.95169 55.21188 2.336694 -22.95808 55.21203 2.338024 -22.96562 55.21906 2.51735 -23.08749 55.48363 2.343576 -22.94061 55.19942 2.445659 -22.84572 55.09805 2.315761 -22.96625 55.19313 2.189171 -22.95457 55.21025 2.202866 -22.95446 55.21032 2.158817 -23.0136 55.04001 1.902884 -23.02107 55.06087 1.90519 -23.03914 55.04726 1.893647 -23.31208 54.86949 2.607492 -23.3105 54.87503 2.609651 -23.3165 54.87478 2.606976 -23.31315 54.87323 2.759076 -23.31337 54.87289 2.782274 -23.31307 54.87306 2.760692 -23.08809 54.67005 2.653842 -23.17186 55.11074 2.644622 -23.52398 54.94466 2.536313 -23.31258 54.87395 2.406916 -23.31295 54.87259 2.438556 -23.3131 54.87307 2.469487 -23.01222 55.0478 1.723828 -23.03396 55.05935 1.73454 -23.03657 55.03907 1.73309 -22.75437 54.96843 2.408171 -22.75812 54.97281 2.410304 -22.76064 54.96679 2.410629 -22.75773 54.96926 2.594722 -22.75771 54.96927 2.622077 -22.88441 55.2509 2.408534 -22.75764 54.96924 2.618034 -22.83353 54.69254 2.410053 -22.39629 55.00461 2.356409 -22.75764 54.96917 2.190336 -22.75772 54.96928 2.167595 -22.75772 54.96928 2.214509 -23.03001 55.03486 2.017047 -23.01411 55.05644 2.011849 -23.03338 55.05854 2.004967 -23.14092 55.22727 2.425228 -23.14235 55.23158 2.422771 -23.14744 55.22731 2.423183 -23.14398 55.22845 2.593923 -23.15157 55.24033 2.596507 -23.13926 55.24041 2.338692 -23.18098 55.41085 2.389837 -23.14519 55.22143 2.460473 -23.14477 55.22809 2.237138 -23.14394 55.22846 2.23657 -23.02694 55.03475 1.841076 -23.01236 55.0537 1.851816 -23.03831 55.05603 1.85128 -23.08069 54.61816 2.735981 -23.08041 54.62466 2.739338 -23.08504 54.62138 2.737352 -23.09243 54.60666 2.911295 -23.08181 54.62136 2.950413 -23.08105 54.62152 2.925465 -22.91343 54.83129 2.686852 -23.08711 54.61803 2.54961 -23.03968 54.35313 2.736687 -23.08101 54.62156 2.543373 -23.081 54.62172 2.55778 -23.0174 55.03637 2.073006 -23.02718 55.0619 2.066846 -23.03798 55.04842 2.081422 -22.68634 55.29114 2.589733 -22.68488 55.29639 2.585998 -22.69004 55.29696 2.589355 -22.69656 55.29187 2.667394 -22.6991 55.41553 2.73623 -22.68742 55.29502 2.843804 -22.68696 55.29465 2.884798 -22.55166 55.22875 2.571346 -22.68753 55.29451 2.309188 -22.68625 55.29502 2.320611 -22.66653 51.6693 1.747827 -22.57204 51.75052 1.744234 -22.70889 51.77104 1.745259 -22.6358 51.7907 3.792009 -22.59492 51.79723 3.791448 -22.62584 51.82818 3.790866 -22.65464 51.75618 3.013224 -22.60305 51.75779 2.996332 -22.63596 51.7978 2.997965 -22.1443 52.10263 4.292583 -22.13533 52.10982 4.288081 -22.14833 52.11285 4.291591 -22.09598 52.07911 4.631036 -22.14755 52.11107 4.666995 -22.13325 52.11093 4.627785 -22.43294 52.45747 4.208566 -22.13543 52.10955 3.905161 -22.14206 52.10906 3.944916 -22.14299 52.10345 3.949403 -22.6327 51.7404 3.241069 -22.62034 51.7806 3.26324 -22.63912 51.78944 3.219668 -23.47248 51.81579 3.553706 -23.46845 51.8258 3.561405 -23.4732 51.82735 3.550434 -23.47089 51.82156 3.989148 -23.4752 51.82865 4.010493 -23.47392 51.82168 3.966549 -23.79233 52.26651 3.65953 -23.56746 51.31179 3.593396 -22.99378 52.04963 3.571774 -23.08138 51.61755 3.327376 -23.62073 51.89051 3.166777 -23.47117 51.82225 3.149399 -23.47133 51.82298 3.201414 -23.4715 51.82303 3.167509 -22.62932 51.74975 2.970476 -22.60653 51.78424 2.9847 -22.64736 51.77874 3.010637 -22.00378 51.01663 3.677335 -22.00122 51.02604 3.683974 -22.01222 51.01991 3.686776 -22.00584 51.02079 3.99658 -22.00576 51.02073 3.972627 -22.00583 51.02087 4.045109 -22.7033 50.77344 3.760562 -21.9356 51.40826 3.731165 -21.83914 50.5847 3.656195 -22.00331 51.02032 3.316986 -21.99 51.05728 3.294656 -22.00597 51.02053 3.387597 -22.64847 51.75371 2.929433 -22.60319 51.76549 2.917585 -22.63985 51.79048 2.892984 -22.62456 52.71252 3.725244 -22.62592 52.7219 3.715933 -22.63452 52.71578 3.722065 -22.62619 52.7288 4.022377 -22.63055 52.71604 4.214866 -22.61858 52.72677 3.905191 -22.84513 52.28959 3.711616 -22.62706 52.71789 3.241921 -22.60097 52.84103 3.263475 -22.62747 52.71636 3.273357 -22.6253 51.74433 3.111713 -22.60975 51.78449 3.138244 -22.65793 51.78014 3.114599 -23.26544 51.07964 4.310041 -23.25612 51.07731 4.313078 -23.2598 51.08921 4.317206 -23.26057 51.08294 4.580119 -23.26486 51.0846 4.639031 -23.28194 51.08519 4.139095 -23.24502 51.08278 4.685937 -23.10668 51.61266 4.262555 -23.26235 51.08645 4.193189 -23.24734 51.07368 4.121703 -22.61434 51.74765 3.00634 -22.62146 51.79705 3.008826 -22.65761 51.77715 3.023274 -22.00305 51.77723 4.359657 -21.99484 51.78782 4.35633 -22.00485 51.78958 4.360286 -22.00066 51.78399 4.792095 -22.09193 51.88989 4.644549 -22.00084 51.78294 4.874839 -21.59549 52.24982 4.295061 -22.16702 51.17955 4.303478 -21.99611 51.78043 3.874433 -22.00949 51.78612 3.87987 -22.00132 51.78375 3.948003 -22.63022 51.74189 2.795945 -22.60863 51.79181 2.789703 -22.65553 51.77651 2.775016 -23.41039 52.33526 4.37747 -23.39912 52.34299 4.379751 -23.40987 52.3458 4.37449 -23.28866 52.8237 4.565118 -23.40632 52.34114 4.734431 -23.39939 52.33383 4.614372 -23.40543 52.34104 4.759277 -23.89061 52.10325 4.334907 -23.41738 52.3869 4.011531 -23.39266 52.30274 4.053652 -23.40566 52.34108 4.089905 -22.61098 51.7552 3.013992 -22.63446 51.79304 3.044372 -22.65887 51.76302 3.024844 -22.52369 50.96543 3.943667 -22.51131 50.97035 3.945993 -22.52361 50.97335 3.949509 -22.5184 50.96956 4.328335 -22.51101 50.96788 4.341314 -22.54773 51.53244 4.14393 -22.51889 50.96993 4.362321 -22.24956 51.53405 3.725452 -22.29687 50.29766 3.875579 -23.05989 50.73984 3.911965 -22.51866 50.96965 3.570419 -22.51911 50.96985 3.519861 -22.51849 50.96953 3.510273 -22.65348 51.75301 2.711744 -22.60465 51.75933 2.696789 -22.63321 51.79778 2.689432 -22.13788 52.49536 4.322103 -22.13476 52.50735 4.316721 -22.14603 52.50527 4.320404 -22.13942 52.50257 4.659178 -22.13939 52.50256 4.656949 -22.14715 52.50965 4.77227 -22.21893 52.23666 4.68704 -21.83991 52.64092 4.289396 -22.13087 52.49373 4.012679 -22.13924 52.50197 3.92097 -22.2785 52.54406 4.193237 -22.06656 57.15049 1.001607 -22.05803 57.04553 0.9987871 -21.97596 57.12885 0.9995909 -21.99887 57.06912 2.605775 -22.01474 57.03793 2.605335 -21.97821 57.04367 2.604878 -22.03929 57.07431 1.809412 -22.0015 57.05593 1.805518 -21.99708 57.09273 1.801663 -21.74956 57.23892 3.123446 -21.75515 57.22898 3.12513 -21.74443 57.23004 3.12346 -21.75034 57.23239 3.384227 -21.75 57.23273 3.338947 -21.75017 57.23297 3.38043 -22.20196 57.18085 3.126386 -21.48054 56.82486 3.07435 -21.53497 57.65668 3.146636 -21.74982 57.23261 2.847128 -21.74993 57.23465 2.873521 -21.74986 57.23262 2.904969 -22.03381 57.08292 1.986669 -22.013 57.05078 2.004831 -22.00005 57.0952 2.003579 -22.69542 57.31276 2.862302 -22.69624 57.30125 2.864057 -22.6891 57.30834 2.866782 -22.64316 57.26896 2.871616 -22.69402 57.30666 3.079673 -22.69437 57.30778 3.115995 -22.38671 57.44539 2.913676 -22.70375 57.25323 2.61906 -22.66583 57.29849 2.698801 -22.69415 57.30656 2.621912 -22.00385 57.0964 1.854384 -22.03779 57.06469 1.8494 -22.00326 57.05849 1.838637 -21.79675 56.6996 2.522123 -21.79877 56.68903 2.518199 -21.78996 56.6948 2.518525 -21.79588 56.69409 2.766134 -21.79587 56.6941 2.745251 -22.01642 57.05208 2.65091 -21.79507 56.68661 2.33136 -21.79247 56.69226 2.753962 -22.13806 56.70885 2.509215 -21.78796 56.69495 2.361814 -21.79588 56.69409 2.254968 -22.0162 57.09116 2.048414 -22.02933 57.06589 2.080182 -21.99132 57.07167 2.065329 -21.85234 57.91965 2.595235 -21.85969 57.91527 2.601884 -21.8489 57.91346 2.601564 -21.8533 57.91659 2.921835 -21.39064 57.60337 2.552772 -21.85371 57.91615 2.873925 -22.32025 57.96478 2.584977 -21.85332 57.91555 2.920893 -21.65105 58.4758 2.573711 -21.85374 57.91632 2.32353 -21.85485 57.91393 2.288054 -21.8538 57.91628 2.279557 -22.03575 57.08717 1.792308 -22.02347 57.05529 1.789371 -21.99409 57.08119 1.807715 -22.41659 56.83645 2.509151 -22.41416 56.82574 2.507429 -22.40884 56.83448 2.511804 -22.41315 56.83144 2.689795 -22.41308 56.83058 2.756721 -22.48545 57.06156 2.502566 -22.80307 56.57884 2.546582 -22.41429 56.82758 2.787212 -22.41224 56.82617 2.247036 -22.01183 56.88194 2.416376 -22.41315 56.83144 2.312124 -22.41317 56.83142 2.312554 -22.02816 57.09467 2.203183 -22.02982 57.05752 2.202773 -21.99566 57.08036 2.184052 -21.68698 57.06225 2.617384 -21.69184 57.05489 2.619903 -21.68369 57.0514 2.615108 -21.68792 57.05161 2.849866 -21.68051 57.05677 2.79999 -21.69066 57.05782 2.855827 -21.41747 57.41072 2.489756 -21.69435 57.0563 2.394912 -21.68687 57.05599 2.383189 -21.72016 57.07591 2.401307 -22.03581 57.08453 2.271342 -22.01441 57.05143 2.287614 -21.99671 57.09297 2.279053 -22.29294 57.40462 3.022464 -22.28712 57.39667 3.026539 -22.28184 57.40532 3.025189 -22.28917 57.40351 3.389982 -22.28406 57.40033 3.386191 -22.51121 57.85446 3.006688 -22.28753 57.40666 3.392031 -22.28662 57.4036 2.67863 -22.31443 56.93735 2.971803 -22.28134 57.40258 2.889451 -22.28726 57.40225 2.722494 -22.01222 57.09706 1.895612 -22.03812 57.06523 1.877297 -21.99435 57.06565 1.87903 -22.06328 56.34112 2.872003 -22.06761 56.33338 2.867611 -22.05667 56.333 2.86779 -22.06239 56.33583 3.118562 -22.06317 56.33741 3.155064 -22.06157 56.33706 3.168987 -22.42098 56.65862 2.79967 -21.55974 56.56989 2.824435 -22.01445 55.88456 2.855244 -22.0615 56.33618 2.577882 -22.06283 56.33604 2.599295 -22.06241 56.33585 2.656103 -22.03783 57.07217 1.914002 -21.99439 57.06443 1.903809 -22.00595 57.09555 1.896374 -21.77367 57.3668 2.49434 -21.77638 57.3569 2.498618 -21.76727 57.36109 2.494454 -21.77303 57.36118 2.7595 -21.77303 57.36116 2.76575 -21.77621 57.32901 2.7657 -21.40108 57.31526 2.533659 -21.99978 57.72594 2.559641 -22.09153 57.0138 2.3828 -21.77025 57.36137 2.186725 -21.77382 57.36643 2.17235 -21.77307 57.3612 2.252609 -27.26964 58.51784 -0.3322465 -27.3329 58.48529 -0.3348823 -27.25963 58.45571 -0.3341308 -27.30283 58.45451 1.167375 -27.32641 58.45631 1.166963 -27.31335 58.43502 1.166536 -27.2953 58.47816 0.711465 -27.31372 58.47092 0.6872687 -27.29512 58.45307 0.7089084 -27.73881 58.43283 1.184127 -27.74226 58.42779 1.179225 -27.73695 58.42631 1.185761 -27.73942 58.42892 1.405141 -27.73982 58.42823 1.413528 -27.76486 58.50494 1.201974 -27.4943 58.49968 1.223161 -27.73953 58.42869 0.9703117 -27.73917 58.42905 0.9809797 -27.74021 58.42221 1.12318 -27.30088 58.48381 0.6481229 -27.31637 58.45865 0.6482224 -27.29176 58.45668 0.6334046 -27.07559 58.33285 1.185032 -27.08174 58.33334 1.188741 -27.07946 58.32656 1.185069 -27.07898 58.33086 1.420145 -27.08121 58.32974 1.463123 -27.07871 58.33076 1.46955 -26.99491 57.94847 1.252218 -27.13216 58.69951 1.285645 -26.69035 58.36431 1.151937 -27.07859 58.32996 0.9012101 -27.07874 58.33093 0.9329999 -27.35745 58.29906 0.8137003 -27.28695 58.47266 0.3403286 -27.3107 58.47971 0.3348182 -27.3113 58.45339 0.3478353 -27.35779 58.81275 1.301446 -27.36469 58.8122 1.301132 -27.36131 58.80623 1.304405 -27.36184 58.80938 1.605931 -27.35656 58.80831 1.610572 -27.36121 58.81035 1.546836 -27.41264 59.16116 1.30925 -27.03002 58.71901 1.258737 -27.55533 58.79601 1.187556 -27.36122 58.81035 1.080982 -27.3613 58.81047 1.067053 -27.29415 58.47995 0.7153421 -27.31916 58.46459 0.7068354 -27.28905 58.45778 0.709916 -27.41034 58.28759 1.620278 -27.41349 58.2817 1.618103 -27.40618 58.28104 1.619128 -27.40993 58.28345 1.845311 -27.40926 58.27752 1.906872 -27.38455 58.4987 1.812802 -27.41027 58.28355 1.888273 -27.61037 58.12299 1.543812 -27.08754 58.1901 1.530469 -27.40993 58.28344 1.333898 -27.40609 58.28793 1.373487 -27.41016 58.28372 1.354637 -27.30333 58.48168 0.6980675 -27.30653 58.45608 0.7219633 -27.2937 58.45866 0.6939802 -26.77706 58.64338 1.0598 -26.77976 58.64066 1.067226 -26.77578 58.63636 1.06196 -26.77469 58.63813 1.326994 -26.77752 58.64017 1.333871 -26.77753 58.64013 1.403395 -26.99764 58.58494 1.340133 -26.6459 58.9912 1.049088 -26.56351 58.41915 0.7960406 -27.10148 58.61755 0.8737925 -26.77755 58.63999 0.7694108 -26.77749 58.64013 0.7812533 -26.77748 58.64018 0.8049577 -27.30057 58.48385 0.3757381 -27.31607 58.45866 0.3743025 -27.29231 58.45657 0.3909666 -27.70475 58.68452 1.217868 -27.70885 58.68057 1.21654 -27.70326 58.67751 1.221347 -27.70537 58.68049 1.510391 -27.68903 58.68405 1.415014 -27.70518 58.68178 1.509552 -28.02013 58.70224 1.174784 -27.6639 58.35893 1.236951 -27.70544 58.68032 0.9468683 -27.7052 58.68054 0.9403442 -27.70141 58.67822 0.9799347 -27.30205 58.48312 0.5466053 -27.31703 58.45865 0.5380476 -27.28993 58.45736 0.5313292 -27.16751 58.17332 1.390832 -27.16781 58.1667 1.387702 -27.16184 58.16867 1.387308 -27.16563 58.17004 1.625124 -27.16563 58.17007 1.625926 -27.1333 57.82673 1.453038 -27.17113 58.17288 1.696898 -27.1742 58.17397 1.221144 -26.86857 58.20438 1.386726 -27.18344 58.36208 1.289135 -27.1652 58.16981 1.109449 -27.30329 58.48073 0.4203623 -27.31802 58.46199 0.4370592 -27.28734 58.45779 0.4318708 -27.145 58.88052 1.264192 -27.14809 58.87463 1.269033 -27.14133 58.87464 1.267243 -27.14458 58.87468 1.546532 -27.14485 58.87667 1.474152 -26.89934 58.90762 1.27193 -27.35702 58.79259 1.242138 -27.14675 58.88086 1.386401 -27.14485 58.87586 1.028853 -27.14611 58.88074 0.9990322 -27.14488 58.8767 1.073021 -27.29232 58.46793 0.6383069 -27.31327 58.47839 0.6139307 -27.30288 58.45285 0.6110144 -27.69218 58.28078 0.9816367 -27.69625 58.2788 0.9739927 -27.69224 58.27476 0.9771647 -27.69528 58.2761 1.245897 -27.69433 58.27907 1.270377 -27.52615 58.05899 0.9479966 -27.63357 58.30741 1.336721 -27.94054 58.29977 0.8828458 -27.69368 58.27833 0.706531 -27.69058 58.28367 0.6892488 -27.6936 58.2786 0.6878129 -20.71408 55.17964 1.613895 -20.71875 55.29742 1.610673 -20.8144 55.20805 1.611592 -20.78601 55.27378 3.446715 -20.76681 55.30792 3.446211 -20.80793 55.3032 3.445689 -20.76715 55.23629 2.648708 -20.74514 55.27983 2.644278 -20.79039 55.28081 2.637508 -21.03566 55.58014 4.03831 -21.02961 55.59075 4.037341 -21.04233 55.58903 4.035783 -21.03589 55.58682 4.324663 -21.03715 55.58699 4.405566 -20.87835 55.53451 4.232715 -21.1799 55.00566 4.133412 -21.51448 55.93346 3.901126 -21.0368 55.58624 3.668683 -20.76188 55.32036 3.748264 -21.0358 55.58713 3.717585 -20.75477 55.24437 2.743027 -20.75374 55.28538 2.763527 -20.7942 55.25666 2.748541 -20.79238 54.50931 3.884619 -20.78482 54.51836 3.889285 -20.79707 54.51843 3.88912 -20.79162 54.51875 4.211638 -21.27749 54.40974 3.870794 -20.79204 54.51035 4.087661 -20.68031 54.97818 3.834979 -20.78813 54.52024 3.582368 -20.79177 54.51337 3.618334 -20.76698 54.5202 3.8553 -20.76621 55.23909 2.794844 -20.74445 55.27922 2.779327 -20.79341 55.27604 2.793771 -20.43325 55.5391 3.696501 -20.42836 55.54944 3.692688 -20.43932 55.55048 3.695516 -20.43373 55.54615 4.007104 -20.43369 55.54622 3.997721 -20.61738 55.83426 3.959805 -20.43331 55.54609 4.048504 -19.87822 55.73558 3.678143 -20.82336 55.18627 3.45559 -20.44103 55.06047 3.782494 -20.44324 55.54902 3.341621 -20.43372 55.54625 3.418527 -20.43361 55.54618 3.34521 -20.7465 55.26875 2.71094 -20.78155 55.28697 2.688294 -20.78326 55.24536 2.685388 -21.6868 55.20163 3.737948 -21.68309 55.21282 3.740906 -21.69308 55.21017 3.734094 -21.68765 55.20833 3.982952 -21.68768 55.2085 4.011535 -22.23467 55.34271 3.838827 -21.68766 55.20833 3.998547 -21.56488 55.24404 4.054019 -22.17997 54.99392 3.674598 -21.38683 55.7176 3.655456 -21.67447 55.1866 3.524184 -21.68766 55.20825 3.42103 -21.68765 55.20833 3.406693 -20.74593 55.25544 2.635624 -20.76809 55.29309 2.654937 -20.78876 55.24638 2.647606 -20.41334 54.94005 3.426789 -20.40612 54.94758 3.426636 -20.41576 54.95187 3.43125 -20.41043 54.93396 3.498229 -20.40232 54.95614 3.767581 -20.41219 54.94733 3.714588 -20.71903 55.58217 3.40166 -20.75922 54.68965 3.397951 -20.41504 54.94507 3.110827 -20.41262 54.94674 3.166026 -20.39788 54.95399 3.366662 -20.77149 55.24713 3.041528 -20.74084 55.27138 3.020771 -20.79114 55.27618 3.011951 -20.8011 55.70822 3.378742 -20.80601 55.71547 3.371331 -20.81367 55.70941 3.376527 -20.80687 55.71102 3.624143 -20.80856 55.71287 3.696746 -21.26063 55.98686 3.357511 -20.8063 55.7118 3.685393 -20.8162 55.69213 3.352504 -20.83974 55.67655 3.284575 -20.79379 55.82971 3.321064 -20.74433 55.25204 2.43014 -20.76905 55.29362 2.437072 -20.78924 55.24906 2.422221 -20.9803 54.91062 3.441831 -20.97384 54.91702 3.44454 -20.98522 54.92219 3.444049 -20.97986 54.91896 3.842611 -20.97653 54.91516 3.767275 -21.42238 55.04515 3.354581 -20.98264 54.91296 3.812726 -20.71493 55.24843 3.250839 -20.97989 54.91025 3.135272 -20.9804 54.9169 3.082516 -20.9805 54.91715 3.076539 -20.74267 55.26682 2.640824 -20.77336 55.29291 2.650411 -20.77878 55.24098 2.654876 -20.3029 55.33022 3.62523 -20.31464 55.33379 3.629253 -20.31189 55.32374 3.628785 -20.30527 55.33115 3.985384 -20.30915 55.32984 3.887332 -20.30952 55.32973 3.94481 -20.44645 54.82128 3.645535 -20.71196 55.62359 3.608173 -19.80578 55.39762 3.559588 -20.30865 55.32864 3.284139 -20.30929 55.3298 3.334437 -20.30953 55.32952 3.346951 -20.74248 55.25234 2.973306 -20.76889 55.292 2.963291 -20.7928 55.25282 2.962638 -21.04468 55.40543 3.965921 -21.0387 55.41523 3.966089 -21.05128 55.41535 3.963429 -21.04493 55.41212 4.268956 -21.04886 55.4164 4.35037 -21.18195 55.34558 4.26238 -20.70826 55.71712 4.14527 -20.82904 55.01743 3.783937 -21.0558 55.41248 3.531707 -21.01429 55.4455 3.584015 -21.045 55.41181 3.558775 -19.9823 50.36491 5.149847 -19.987 50.43236 5.147315 -20.04031 50.37947 5.148037 -20.02516 50.41765 6.590706 -20.01474 50.43756 6.590311 -20.03824 50.43414 6.5899 -20.01625 50.39826 6.041773 -20.00022 50.42122 6.029866 -20.0283 50.41988 6.031018 -20.0015 50.73265 6.94354 -20.00172 50.73888 6.940366 -20.00725 50.73421 6.94284 -19.97559 50.74605 7.182101 -20.00622 50.73397 7.207447 -20.00152 50.74015 7.179809 -20.24948 50.72213 6.884319 -20.00163 50.73875 6.670462 -20.00357 50.73571 6.698484 -20.00143 50.73349 6.701647 -20.00227 50.40269 6.202371 -20.01575 50.4211 6.217999 -20.02569 50.4158 6.187286 -20.30739 50.06175 6.422736 -20.31044 50.06675 6.428162 -20.31265 50.06519 6.42043 -20.30939 50.06432 6.729661 -20.31387 50.06474 6.744706 -20.31042 50.06304 6.713732 -20.60722 50.06874 6.497327 -20.11891 49.85699 6.450712 -20.2539 50.34586 6.435472 -20.09432 50.16763 6.263205 -20.38798 50.02148 6.150006 -20.30978 50.06442 6.137757 -20.31015 50.06458 6.17442 -20.31022 50.06453 6.150522 -20.00524 50.40719 6.011641 -20.01286 50.42829 6.021668 -20.02371 50.40874 6.039949 -19.48342 50.44162 6.509877 -19.48668 50.44579 6.514557 -19.48758 50.43902 6.516532 -19.48589 50.44208 6.734899 -19.48584 50.44209 6.718016 -19.48593 50.44211 6.769105 -19.60444 50.05841 6.568541 -19.6317 50.59829 6.547819 -19.2421 50.37319 6.494976 -19.48487 50.44302 6.255882 -19.49664 50.4608 6.240142 -19.48582 50.44193 6.305652 -20.01318 50.40014 5.982712 -20.00362 50.42366 5.974361 -20.02638 50.41582 5.95702 -20.42259 50.72147 6.543646 -20.42711 50.72391 6.537083 -20.42724 50.71819 6.541405 -20.4302 50.72604 6.753083 -20.42607 50.72 6.88876 -20.42686 50.72869 6.670483 -20.31011 50.48835 6.53404 -20.42574 50.72212 6.202972 -20.47086 50.7734 6.218164 -20.42521 50.72144 6.22513 -20.00158 50.40718 6.111194 -20.01401 50.42697 6.129894 -20.02774 50.40459 6.113228 -19.91996 49.91312 6.955845 -19.91592 49.91642 6.957986 -19.92229 49.91867 6.960895 -19.91982 49.9163 7.146212 -19.92193 49.91498 7.187736 -19.92773 49.90774 6.835352 -19.9147 49.92302 7.220798 -20.10039 50.15504 6.922374 -19.92192 49.91667 6.873481 -19.9115 49.91906 6.823094 -19.99947 50.41303 6.036921 -20.02327 50.42595 6.038673 -20.02634 50.40376 6.048857 -19.81412 50.68858 6.990818 -19.81606 50.69559 6.988473 -19.82007 50.69181 6.991261 -19.81628 50.69182 7.295625 -19.89195 50.68645 7.191626 -19.81588 50.6914 7.353948 -19.88757 51.01916 6.945286 -19.60724 50.42343 6.951219 -19.81326 50.69264 6.648803 -19.82007 50.68867 6.652635 -19.81639 50.69145 6.700659 -20.00211 50.40425 5.888622 -20.01683 50.42983 5.884222 -20.02538 50.40446 5.87387 -20.51327 50.25722 7.003373 -20.51298 50.26463 7.004981 -20.51769 50.26086 7.001273 -20.68632 50.46857 7.135639 -20.51451 50.2609 7.25498 -20.50909 50.26154 7.170355 -20.51418 50.26125 7.272493 -20.56806 49.97304 6.973372 -20.53801 50.27092 6.745438 -20.49338 50.25439 6.775127 -20.51427 50.26116 6.800681 -20.00166 50.41694 6.042314 -20.02574 50.41899 6.063728 -20.0206 50.39864 6.049963 -19.62973 50.19881 6.697604 -19.62786 50.20579 6.699243 -19.63316 50.20141 6.701721 -19.62982 50.20245 6.96874 -19.62669 50.20512 6.977888 -19.88423 50.37222 6.83876 -19.63014 50.20236 6.992695 -19.78824 50.50247 6.543792 -19.26564 50.08096 6.649611 -19.70546 49.89236 6.675258 -19.62994 50.20237 6.434516 -19.63017 50.20224 6.39888 -19.62983 50.2024 6.392122 -20.01449 50.39774 5.829272 -20.00141 50.42103 5.818731 -20.0274 50.42107 5.813545 -20.17029 50.8628 6.964347 -20.1745 50.86804 6.960553 -20.17724 50.86246 6.96315 -20.17392 50.86446 7.201937 -20.17391 50.86447 7.200366 -20.17951 50.8634 7.281651 -20.08401 50.74364 7.221576 -20.137 51.03964 6.941293 -20.16731 50.86531 6.746247 -20.17361 50.86435 6.681605 -20.23708 50.8174 6.873515 -20.55825 56.03722 1.543847 -20.47951 56.00765 1.540959 -20.51177 56.09531 1.541783 -20.47642 56.05843 3.18683 -20.45929 56.03635 3.186379 -20.451 56.06469 3.185911 -20.50421 56.04607 2.764847 -20.47853 56.03434 2.784807 -20.48469 56.06818 2.769008 -20.76317 56.20811 3.298025 -20.75968 56.20078 3.302812 -20.75599 56.20867 3.302274 -20.74752 56.24328 3.672088 -20.76483 56.19523 3.63658 -20.75966 56.20578 3.58288 -20.38443 56.12902 3.405015 -20.76172 56.20833 2.954355 -20.7621 56.21562 3.165241 -20.74823 56.07532 3.217162 -20.50468 56.04026 2.353854 -20.47594 56.03808 2.345619 -20.47896 56.06282 2.370453 -20.37746 55.52107 2.999458 -20.36843 55.52143 2.997904 -20.37072 55.52601 3.002903 -20.39232 55.49751 3.045131 -20.37275 55.52252 3.224503 -20.37279 55.52257 3.274619 -19.96873 55.33165 3.112268 -20.64753 55.18965 3.055511 -20.36986 55.54681 2.786554 -20.37266 55.53431 2.726274 -20.37282 55.52216 2.748392 -20.5056 56.04581 2.499546 -20.46889 56.04021 2.494355 -20.48175 56.0658 2.485347 -20.33661 56.38596 3.366972 -20.3298 56.37983 3.368338 -20.32821 56.38711 3.364639 -20.33144 56.38844 3.689602 -20.33162 56.38427 3.603585 -20.33351 56.38414 3.678503 -19.98495 56.47 3.346167 -20.52911 56.66986 3.42723 -20.32766 56.38645 3.068023 -20.33171 56.3843 3.117682 -20.39262 55.99693 3.275688 -20.33162 56.38425 3.136262 -20.50418 56.04232 2.265453 -20.46992 56.04193 2.27967 -20.4812 56.06692 2.278618 -20.86474 55.91866 3.348262 -20.85659 55.91621 3.35127 -20.86115 55.92413 3.350531 -20.86027 55.91937 3.611528 -20.86043 55.92018 3.661262 -20.86048 55.91959 3.623375 -20.46123 56.01274 3.372536 -21.16861 56.0585 3.281289 -21.01226 55.52745 3.235051 -20.8603 55.91938 3.045429 -20.86125 55.91931 3.035413 -20.86021 55.91933 3.099189 -20.50363 56.0584 2.255568 -20.49441 56.03082 2.248393 -20.46854 56.05192 2.243036 -20.17821 55.90141 3.391909 -20.16986 55.90255 3.389349 -20.1757 55.9092 3.392269 -20.1723 55.90385 3.771913 -20.17431 55.90447 3.791203 -20.25243 55.88448 3.832156 -20.16997 55.90143 3.111269 -20.26047 56.17945 3.3225 -20.18719 55.60873 3.230008 -20.17182 55.90095 3.002467 -20.17571 55.9048 3.025666 -20.5044 56.03703 2.340267 -20.47063 56.04332 2.347542 -20.48504 56.06623 2.327319 -20.75495 56.56471 3.262593 -20.74778 56.56228 3.266678 -20.74649 56.56872 3.262811 -20.75025 56.56547 3.492201 -20.39476 56.69134 3.256197 -20.75021 56.56555 3.558742 -20.75255 56.56902 3.591687 -21.10091 56.90511 3.290587 -20.72913 56.54348 3.243059 -20.75015 56.57039 2.883424 -20.75416 56.56977 2.916029 -20.50544 56.057 2.425006 -20.48141 56.03067 2.414198 -20.47377 56.05981 2.43369 -20.68871 55.5026 3.495058 -20.6825 55.4975 3.493302 -20.68016 55.50465 3.498196 -20.68379 55.50166 3.798081 -20.37827 55.67905 3.549815 -20.6834 55.50238 3.860521 -20.68371 55.50088 3.853753 -20.85834 55.19444 3.433178 -20.9596 55.69798 3.414865 -20.68195 55.5042 3.151579 -20.68381 55.50166 3.202005 -20.68369 55.50095 3.14294 -20.50608 56.0535 2.304026 -20.4746 56.03395 2.297808 -20.48113 56.06685 2.293745 -20.14335 56.25143 3.623225 -20.13787 56.2585 3.620193 -20.145 56.25965 3.622212 -20.1256 56.26565 3.934411 -20.14234 56.25582 3.89483 -20.13745 56.25646 3.690111 -19.86391 56.47802 3.624382 -20.38075 56.27817 3.564118 -20.14421 56.25498 3.330669 -20.14183 56.25594 3.37242 -20.13809 56.26003 3.341292 -20.50553 56.0536 2.44967 -20.48454 56.02986 2.458771 -20.47118 56.0621 2.461355 -20.75848 56.09723 3.355151 -20.75201 56.09646 3.357519 -20.75392 56.1051 3.356224 -20.75487 56.10024 3.632817 -20.75393 56.09967 3.728285 -20.40175 56.28713 3.210608 -20.75489 56.10052 3.674147 -20.70612 55.81786 3.506329 -21.14118 56.24442 3.407701 -20.75212 56.0718 3.043951 -20.75482 56.10041 3.00494 -20.75485 56.10027 3.039028 -28.57089 57.12098 -0.1327167 -28.57647 57.04632 -0.1348269 -28.50964 57.09579 -0.1342253 -28.53232 57.05637 1.067878 -28.5469 57.03621 1.067548 -28.52062 57.03622 1.067207 -28.55487 57.06844 0.6415799 -28.54003 57.04919 0.6220578 -28.53412 57.07771 0.6335492 -28.09495 56.68213 1.217098 -28.09221 56.67685 1.212583 -28.08804 56.68281 1.213131 -28.08282 56.6917 1.148032 -28.09174 56.68066 1.382199 -28.20534 56.96253 1.146627 -28.09736 56.68688 1.42533 -28.14101 56.40624 1.18638 -28.09149 56.67986 1.03819 -28.0917 56.68066 1.052069 -28.09174 56.68066 1.033506 -28.541 57.07824 0.5458843 -28.56033 57.0583 0.5538124 -28.52821 57.0534 0.558151 -28.58241 57.31759 0.9954403 -28.57687 57.31224 0.9982395 -28.57592 57.31889 0.995269 -28.57835 57.31559 1.237084 -28.57896 57.31902 1.266896 -28.57853 57.31574 1.221068 -28.55721 56.98185 0.9913516 -28.57772 57.32188 0.8320161 -28.88274 57.35478 0.960967 -28.25044 57.28968 0.8933141 -28.57854 57.31573 0.7540308 -28.57854 57.31573 0.7540649 -28.55926 57.06708 0.5544427 -28.54201 57.04724 0.5514927 -28.5342 57.07397 0.5678515 -28.76975 56.79035 1.007499 -28.76885 56.78444 1.004932 -28.7626 56.78619 1.008292 -28.76648 56.78704 1.212449 -28.76662 56.78718 1.181374 -28.39891 56.7252 1.014166 -28.76711 56.78777 1.21665 -28.84082 56.51295 0.9816065 -28.62077 57.13093 0.9901858 -29.07404 56.8942 0.9266128 -28.76662 56.78718 0.8243367 -28.76739 56.78819 0.8401294 -28.76694 56.78714 0.8103134 -28.55544 57.07494 0.6979396 -28.54328 57.04446 0.6955775 -28.5301 57.07041 0.6856102 -28.06864 57.18261 1.453569 -28.06508 57.17635 1.452539 -28.06148 57.18261 1.449927 -28.06504 57.1806 1.612461 -28.06504 57.18061 1.618956 -28.06556 57.17952 1.650267 -28.17934 56.82254 1.42743 -28.36048 57.39201 1.518223 -27.7137 57.34227 1.515864 -27.77932 56.99037 1.351443 -28.06365 57.18385 1.26644 -28.06585 57.18042 1.24809 -28.06506 57.18059 1.284834 -28.5397 57.08025 0.4628272 -28.55846 57.05319 0.4620799 -28.53036 57.05555 0.473982 -29.00191 57.35491 1.288615 -29.00183 57.34733 1.290778 -28.99672 57.35366 1.291284 -29.00023 57.35141 1.500109 -28.64633 57.30397 1.284681 -29.00025 57.35145 1.49238 -29.00138 57.35071 1.555037 -29.03431 57.68049 1.331994 -29.33381 57.1989 1.221455 -29.00027 57.3514 1.063733 -29.00008 57.3518 1.065258 -29.00023 57.35141 1.093616 -28.54882 57.07495 0.5931914 -28.55421 57.05159 0.5769932 -28.52837 57.05732 0.575676 -28.4133 56.62473 1.061424 -28.42036 56.62065 1.059908 -28.41463 56.61889 1.057369 -28.41067 56.61845 1.33281 -28.41606 56.62186 1.255585 -28.42262 56.62517 1.301216 -28.28367 56.3358 1.075419 -28.43285 56.89544 1.076673 -28.41475 56.62081 0.8167111 -28.56501 56.38377 0.8852397 -28.41743 56.63468 0.8277849 -28.53922 57.07869 0.6495849 -28.55994 57.05709 0.6618111 -28.52935 57.05302 0.6582689 -28.43452 57.32732 1.175475 -28.43819 57.32186 1.178294 -28.43058 57.32049 1.17757 -28.43427 57.32589 1.294884 -28.44607 57.31351 1.162108 -28.4363 57.31753 1.112566 -28.43668 57.33235 1.111091 -28.55061 57.07867 0.433728 -28.55058 57.04927 0.4282763 -28.52882 57.06808 0.443426 -28.98265 56.91647 1.098676 -28.98617 56.91038 1.095678 -28.97908 56.91016 1.09943 -28.98266 56.91226 1.237238 -28.98266 56.91226 1.28967 -28.67245 56.87577 1.116997 -29.15061 57.14658 1.122893 -28.98527 56.9115 1.285329 -29.0965 56.53657 1.072939 -28.98259 56.91227 0.9365043 -28.98427 56.91469 0.9018009 -28.98269 56.91225 0.9357624 -28.55273 57.06669 0.6468111 -28.54496 57.04607 0.629652 -28.53235 57.07636 0.6275402 -28.01804 56.87692 1.011995 -28.01512 56.87202 1.006679 -28.01296 56.87897 1.00703 -28.01256 56.875 1.245187 -28.01986 56.87692 1.162351 -28.01668 56.87305 1.186599 -27.64874 56.68072 1.002132 -27.98554 57.21 0.9817923 -28.01974 56.87784 0.8387847 -28.0146 56.87406 0.8074359 -28.00937 56.87092 0.7881797 -25.60234 52.6368 1.257092 -25.55938 52.57116 1.25481 -25.53535 52.65491 1.255461 -25.52907 52.60767 2.555727 -25.52835 52.58161 2.55537 -25.50649 52.59838 2.555 -25.5568 52.61369 2.222186 -25.54393 52.5907 2.237962 -25.52992 52.61957 2.225475 -25.66238 52.87833 2.643617 -25.6638 52.87089 2.6474 -25.65667 52.87479 2.646975 -25.63123 52.89617 2.939281 -25.67073 52.86955 2.911215 -25.66103 52.87464 2.86877 -25.42095 52.6101 2.728183 -25.66117 52.8777 2.371976 -25.65744 52.88339 2.538663 -25.72431 52.77016 2.579702 -25.56035 52.60958 1.897332 -25.53993 52.5921 1.890823 -25.52857 52.61237 1.910452 -25.75071 52.14876 2.407626 -25.74372 52.14405 2.406397 -25.74292 52.14876 2.410349 -25.77488 52.13921 2.443726 -25.74637 52.14725 2.585504 -25.74637 52.14731 2.625116 -25.54751 51.78098 2.496792 -26.13658 52.04816 2.451931 -25.73081 52.16394 2.239344 -25.7398 52.15608 2.191697 -25.74662 52.14702 2.20918 -25.55798 52.61426 2.012489 -25.53344 52.58981 2.008386 -25.52902 52.61615 2.001266 -25.24337 52.77711 2.698113 -25.24163 52.76875 2.699193 -25.23641 52.77335 2.696269 -25.23811 52.77613 2.953124 -25.24055 52.77309 2.885136 -25.24204 52.77403 2.944352 -24.93242 52.64657 2.681669 -25.2318 53.09684 2.745742 -25.23636 52.77255 2.461821 -25.2406 52.77316 2.501071 -25.4999 52.51521 2.625962 -25.24057 52.77307 2.515757 -25.55884 52.61084 1.827458 -25.53327 52.59168 1.838696 -25.52799 52.6167 1.837865 -25.89832 52.71647 2.683325 -25.89354 52.71014 2.685703 -25.89261 52.71861 2.685118 -25.89456 52.71455 2.891413 -25.89424 52.71525 2.930724 -25.8946 52.71482 2.900777 -25.54282 52.56492 2.702511 -26.04994 52.98915 2.630389 -26.22491 52.50337 2.593842 -25.89459 52.71457 2.443962 -25.89533 52.71505 2.436045 -25.89454 52.71449 2.486454 -25.54956 52.62265 1.819646 -25.55782 52.59681 1.813974 -25.52673 52.59843 1.80974 -25.39119 52.32518 2.717824 -25.38427 52.32144 2.715801 -25.385 52.32966 2.718109 -25.38539 52.32376 3.018184 -25.38657 52.32534 3.033431 -25.45636 52.35334 3.065801 -25.38497 52.32066 2.496002 -25.29987 52.57974 2.662962 -25.55922 52.10987 2.589855 -25.38662 52.32131 2.410004 -25.38743 52.32635 2.428341 -25.56192 52.60698 1.886593 -25.53304 52.59311 1.892343 -25.53126 52.61829 1.876359 -25.45969 53.14215 2.615611 -25.45564 53.13638 2.61884 -25.45111 53.14051 2.615783 -25.45573 53.14014 2.797096 -25.11885 53.03897 2.610555 -25.45566 53.14018 2.849691 -25.45551 53.14408 2.875731 -25.53246 53.58896 2.637738 -25.45196 53.11195 2.600171 -25.45295 53.14378 2.315911 -25.4563 53.14553 2.341682 -25.5517 52.62259 1.953571 -25.54812 52.58953 1.945028 -25.52631 52.60725 1.960436 -25.99512 52.30637 2.799354 -25.99326 52.29911 2.797966 -25.98756 52.3032 2.801834 -25.99194 52.30295 3.038868 -25.66427 52.26809 2.842635 -25.99125 52.30328 3.088221 -25.99231 52.30232 3.082872 -26.29258 52.16794 2.750443 -26.09132 52.60268 2.735969 -25.98916 52.30385 2.527864 -25.99195 52.30297 2.567721 -25.99225 52.30236 2.521036 -25.55411 52.62031 1.857947 -25.54119 52.58824 1.853033 -25.52798 52.61661 1.849821 -25.17207 52.56937 2.900659 -25.16405 52.57168 2.898263 -25.16878 52.57647 2.899858 -25.15088 52.57029 3.146625 -25.16889 52.57212 3.115339 -25.16486 52.56991 2.953526 -24.83692 52.58591 2.901573 -25.33599 52.72032 2.85394 -25.17076 52.57252 2.669419 -25.16844 52.57193 2.702419 -25.16338 52.57295 2.677816 -25.55364 52.62008 1.973066 -25.55093 52.59065 1.98026 -25.52311 52.60755 1.982302 -25.71995 52.7923 2.68877 -25.71551 52.78816 2.690641 -25.71218 52.79571 2.689618 -25.71558 52.79258 2.90824 -25.71518 52.79163 2.9837 -25.34685 52.73863 2.574522 -25.71544 52.7928 2.940908 -25.8345 52.55321 2.808263 -25.92684 53.11395 2.730306 -25.72918 52.76966 2.442793 -25.71545 52.79268 2.411958 -25.71555 52.79259 2.438902</float_array>
          <technique_common>
            <accessor source="#positions-array" count="3375" stride="3">
              <param name="X" type="float" />
              <param name="Y" type="float" />
              <param name="Z" type="float" />
            </accessor>
          </technique_common>
        </source>
        <source id="normals">
          <float_array id="normals-array" count="11700">-0.6340152 -0.7719846 0.04543657 0.8385988 0.5440709 -0.02718268 -0.8987604 0.4374379 0.02962823 -0.6639488 -0.725619 0.1806905 0.8169353 0.5271935 -0.2338455 -0.2244395 0.959141 0.1722655 -0.8150592 0.460022 0.3522191 0.9857748 0.04903508 0.1607595 -0.9998496 -0.01712185 0.002763978 0.4291932 0.9019173 0.04835721 0.9661699 -0.2307479 0.1152002 -0.3805131 -0.6530335 0.6547954 0.8096451 0.5735497 0.1245619 -0.525189 0.1078055 -0.8441294 0.9648659 -0.2577096 -0.05118161 0.09117675 0.951385 -0.2941996 -0.7676115 -0.2961228 -0.5684047 -0.06933751 0.9021076 -0.4259039 0.753218 -0.4873441 -0.4417674 0.5535966 0.3938872 0.7337463 -0.6765455 0.1990468 0.7089899 -0.9552337 -0.2947503 0.02551026 -0.4016098 -0.9157416 0.01126301 0.374712 -0.6545383 -0.6566357 0.4073626 0.5570671 0.7236933 -0.9780186 0.1994799 0.06072382 0.5307785 0.4193617 -0.7364849 -0.1487971 -0.816406 -0.5579791 -0.1283089 -0.9100026 0.3942487 -0.4235269 0.9018127 -0.08578372 0.6484812 0.2412964 0.7219752 -0.7417917 0.6290574 0.2324473 0.8950079 -0.4452114 0.02734396 0.8574849 -0.2147726 -0.4675387 -0.1213473 0.8874694 -0.4446042 -0.2366468 0.9714866 -0.01456408 -0.7906993 0.6102539 -0.04883348 0.2788202 -0.9599698 -0.02678321 -0.2454303 0.969406 0.003997651 -0.3264994 0.9451818 0.005425115 -0.7112866 -0.5577938 -0.4277118 0.2263047 -0.9608994 0.159557 0.3518738 -0.9294636 -0.1108251 -0.4661428 0.8825031 -0.06244372 0.4222805 -0.9064588 0.003413017 -0.4518314 0.8921033 -8.336458e-05 -0.6976096 -0.7164718 -0.003004382 0.3851472 -0.900411 0.2022909 -0.01463483 -0.9681905 -0.2497859 0.7288261 -0.590307 -0.3469152 0.8384749 0.5425899 -0.05055685 0.002758344 -0.999981 -0.00551168 -0.5369588 -0.6443128 -0.5445515 -0.2288974 0.9547658 -0.189811 -0.1191137 -0.9831648 0.1385602 0.4795692 -0.875188 0.06371284 0.3379032 -0.8386246 0.4272356 0.9168247 0.3769086 -0.1318047 -0.9829824 0.1471886 -0.1099137 -0.4850171 0.8735184 -0.04152049 0.5564389 0.7063436 0.4375551 -0.2738216 -0.7986423 -0.5359031 0.8863977 -0.425787 0.1816715 0.820374 0.2287889 0.5240631 -0.2673218 0.8902555 0.3687603 0.7280133 0.1811632 -0.6611932 0.9169034 -0.2495578 -0.311463 -0.6349324 0.69666 -0.3339547 0.01599893 -0.9164915 0.3997341 -0.2779214 0.9605714 0.00789357 0.2748137 -0.9614938 0.002676212 0.8921848 -0.2597672 -0.369496 -0.2612069 0.9633624 0.0608601 -0.8958855 0.2077134 0.3927395 -0.4215272 0.9067245 -0.0128681 -0.5667285 -0.8189622 -0.09010923 0.1848682 0.9667759 0.176545 -0.6176223 -0.7635841 0.1883669 -0.1354642 -0.990583 0.01986902 0.9980689 -0.06175961 -0.006646568 -0.4467139 0.8943024 0.02588255 -0.1745762 -0.9845976 -0.009521941 0.9294071 -0.1348822 -0.3435246 -0.9822659 -0.0676393 -0.1748673 0.9894104 -0.1431698 -0.02386264 -0.9906433 0.1364462 0.002862358 0.7830228 -0.4392256 0.4404045 -0.2546919 -0.6155837 0.7457806 0.80059 0.5934338 0.083018 -0.622728 -0.01289977 -0.7823321 0.5931493 -0.7978558 -0.1077033 -0.06871831 0.8451707 -0.5300607 -0.7549159 -0.4436779 0.4829616 0.8018898 -0.5810694 0.1390361 -0.6890214 -0.0146444 0.724593 -0.9555038 -0.2949783 0.000513737 0.9561293 0.2795782 0.08747968 0.701687 -0.5415601 -0.4629773 0.7996167 0.3201214 0.5080703 -0.9743105 -0.06102583 -0.2167831 -0.518329 0.8551813 -0.000127996 0.485192 0.8744059 -0.001726141 0.8855752 -0.464493 0.0016831 -0.6892397 0.6613267 -0.2959657 0.6111529 0.7394527 0.2823151 -0.2473843 -0.7270718 0.6404433 0.7183968 -0.6935915 -0.05326253 -0.5703983 0.8156346 -0.09688192 -0.7748893 -0.07862775 0.6271876 0.264146 -0.9644558 -0.00720388 -0.4942243 0.8692986 0.007891866 0.4976934 -0.8329056 0.2420114 0.6575345 -0.6115488 0.4400641 0.5015024 0.8066852 0.3126569 -0.1299926 0.9886363 -0.07550009 -0.8404058 0.1297388 -0.5261995 0.8096947 0.5868487 -0.001731146 0.9166933 0.399366 -0.01342222 0.3958406 0.9047519 0.1572711 -0.7257313 0.5840239 0.3636346 -0.9607509 -0.1993056 0.1929636 0.6835928 -0.6734345 -0.2814015 -0.2224771 0.9438723 0.2441495 0.5260044 -0.8441467 0.1036137 -0.3742313 0.92189 0.1003486 -0.5503926 -0.5070268 0.6633188 -0.3034188 -0.8568028 0.4169245 0.5794973 0.7439153 -0.3328257 -0.6758285 0.655412 -0.3371809 0.4325287 0.899391 -0.06336229 0.4551019 -0.889965 -0.02906039 0.1839518 -0.8280739 -0.5295803 0.4223096 0.9053373 -0.04493299 -0.06667229 -0.9491661 0.3076337 -0.8456946 0.5336573 0.003234852 -0.4764412 0.8783187 0.03949774 0.03973221 -0.7950757 0.6052075 -0.7045026 0.7056111 0.07608542 -0.7851892 -0.3216937 -0.5291419 0.4407267 0.8975537 -0.01254651 -0.7605794 0.5892459 -0.2725953 0.299891 -0.728208 -0.6162618 -0.7505469 0.4518271 -0.4822153 0.03884407 -0.8681098 0.4948499 0.697522 0.1036856 0.7090221 0.8755894 -0.4814279 0.03962803 -0.4501505 0.6855873 0.5721316 -0.5447546 -0.7878603 0.2872605 0.3980231 -0.9110116 -0.1078684 0.5108909 0.8199764 -0.2581262 -0.4267035 0.9019065 -0.06699846 -0.4233052 0.7545638 -0.5014441 0.310654 0.9479246 -0.07023568 0.5032249 -0.8439366 -0.1858379 0.9582201 -0.0394525 0.283298 0.2673347 0.9583416 0.1005663 0.03019713 -0.9979426 0.0565566 0.2737401 0.9612079 -0.03384765 -0.9644692 -0.2616069 0.03689142 0.2221258 0.8427712 0.4903028 -0.5762844 0.7479523 0.3293383 -0.9458265 -0.2451019 -0.2129257 0.1383427 0.9901003 0.02372245 -0.541597 -0.5919496 -0.5968822 0.1295634 0.9914112 -0.01781157 -0.6157398 -0.4456448 0.6498193 0.9995534 0.0240483 0.01774058 -0.9995541 -0.0279226 -0.01058339 0.9047084 -0.2389644 0.3527021 -0.4381895 -0.8686852 0.2310324 0.6986323 -0.7143835 -0.03961271 -0.9476167 -0.217621 0.2338027 0.3331297 -0.9428682 -0.004912879 -0.2222748 -0.5135937 -0.8287433 -0.9182513 -0.3959289 -0.007408243 0.9353912 -0.3511196 -0.0419327 -0.563401 0.5953921 -0.5727892 -0.926711 0.3757608 0.003254195 0.3336511 -0.9426879 0.004057505 0.4205265 -0.05670631 0.9055064 -0.1763011 0.8697259 -0.4609716 -0.4523781 -0.2255194 -0.8628412 0.4602274 -0.3849015 -0.800026 0.200055 -0.9765211 -0.07990371 -0.9950833 0.06146939 -0.07765731 -0.997308 0.01792278 0.07110158 0.8129728 -0.4128844 -0.4106114 0.03200363 0.9184563 0.3942255 -0.9563421 -0.1392983 0.2569157 0.2201276 -0.8339072 -0.5061053 -0.9545972 -0.2978965 -0.001339281 0.04549495 -0.7994044 0.5990683 0.8330082 0.4501083 -0.3217138 -0.9075681 0.3457462 -0.2382851 0.5540067 0.8310318 -0.04962494 0.8337344 -0.2702761 -0.4814953 0.01399377 0.8713599 -0.4904448 0.8837152 0.06932615 0.4628621 -0.03684787 0.7894687 0.6126837 -0.4292919 -0.9031564 0.004126552 -0.1150075 0.7773941 0.6184106 -0.8414991 0.1840217 -0.507952 -0.003633561 -0.4172156 -0.9088003 0.5471734 0.2430585 -0.8009518 -0.9916727 0.1269895 -0.0214248 -0.5177812 0.855113 -0.02615913 -0.4211556 0.3554868 -0.8344202 -0.6675571 -0.7445481 0.003956081 -0.9357959 0.2468054 0.2517401 0.6307253 0.3583599 -0.688305 0.1245396 0.9787337 -0.163004 -0.6265804 -0.3106894 0.714751 0.7285258 0.6789756 -0.09078693 0.6975703 0.7159781 -0.02776769 -0.5140081 0.8466433 0.1378073 0.4147886 -0.8249809 0.383871 0.8176178 0.5521544 0.1631769 -0.8901325 0.2462633 -0.38343 0.5335015 0.1260959 -0.8363468 0.4273925 -0.6341605 -0.6443416 0.3621096 0.8645844 0.3483827 0.2488796 0.9585326 0.1388312 0.003678431 -0.9105595 -0.4133617 0.8599787 0.4788401 0.1764903 -0.8878271 0.3931501 0.239157 -0.9893473 -0.1372354 -0.04856379 -0.2421516 0.97023 0.004048614 -0.9934035 -0.1145391 0.005501736 0.5959929 -0.4419762 0.67041 -0.4347205 0.9005352 0.007377846 0.9956848 0.08938177 0.02495304 0.5494636 -0.8351512 0.02474309 0.7923916 0.6099566 -0.008277837 -0.9245397 0.3797205 0.03222935 0.5771307 -0.7587211 -0.3020968 0.9910316 -0.1220469 0.05441432 -0.5804946 -0.6988299 -0.4179267 0.7696243 -0.4277275 -0.4740546 -0.06228684 0.9980072 -0.01009711 -0.1746221 -0.9825397 0.06420996 0.9705463 -0.1731269 -0.1675322 0.440567 0.872099 -0.2129414 -0.3706419 0.9280307 -0.03719738 0.8258509 0.01733159 -0.5636221 -0.9193727 -0.3933842 0.001642968 0.7420337 0.02218107 0.6699955 -0.5444476 0.5075661 0.6677975 -0.2738603 -0.4134166 0.868382 0.2805271 -0.6109471 0.7403028 0.1036607 0.9826839 0.1535797 -0.3553907 -0.6905989 -0.6298973 -0.9949936 0.09985459 -0.004091843 0.9951682 -0.09753418 0.01128497 0.2030466 0.8119342 -0.5472978 0.9973903 -0.02025305 -0.06929982 0.5430388 -0.6740834 0.5007199 0.4353217 0.6325105 0.6406446 0.3383325 -0.8294391 -0.4444793 0.5953338 0.7907545 0.1424251 -0.7925038 -0.609511 0.02083524 0.5368709 0.8417783 -0.0563819 -0.2193485 -0.9412291 -0.256854 0.05691671 0.836175 -0.5455015 0.7249867 0.6386801 -0.2578412 -0.9655231 0.08056133 -0.2475381 0.659189 0.5700937 0.4903703 0.218572 -0.5537635 0.8034751 -0.4766046 -0.8788636 0.02113719 0.9515449 0.3071796 0.01424957 -0.850154 0.09842844 0.5172524 0.1968351 -0.7871288 0.5845376 0.7351852 0.5488108 -0.3978813 -0.9285157 0.3073333 -0.2083384 0.8671551 -0.498034 -0.002018836 -0.3361732 0.5705881 -0.7492775 -0.4293713 -0.9031251 0.002327527 -0.479602 -0.8774531 0.007610766 0.3729176 -0.8380824 -0.3981838 0.8155265 -0.5327788 0.225972 0.4151375 0.4449087 0.7935472 -0.5960723 -0.2846613 -0.7507768 0.9878624 -0.1424717 0.06188497 -0.7408595 0.3644313 0.5641958 -0.1006949 -0.7806602 0.6167903 0.7955072 0.210143 0.5683382 0.771585 0.5445246 0.3288608 0.004340811 -0.9982373 0.05918927 0.5683594 -0.5572446 -0.6053478 -0.5683311 0.5140945 0.6424224 -0.8689511 0.4787559 -0.1253662 -0.5607275 -0.8129483 -0.1571618 0.6950713 0.7186516 0.0203898 -0.2940927 -0.8190648 0.4925874 -0.679662 -0.7334945 0.006732407 0.101311 -0.9504333 0.2939604 0.6436665 0.7635666 0.05157027 -0.8611184 0.3251786 -0.3908119 0.1536902 0.9879664 -0.01737059 0.9758472 0.2183329 -0.007284828 0.9753789 0.2194335 -0.02201986 -0.9331309 -0.08581529 -0.3491453 -0.7650946 -0.5502384 -0.3344668 -0.4694674 0.7790147 0.4156158 0.5884475 -0.208029 0.7813152 -0.5883691 -0.4262341 0.687129 0.158376 -0.8967881 -0.4131443 0.768745 0.5937668 0.2376386 -0.9104534 0.3504064 0.2197499 -0.9938099 -0.1105995 -0.01047323 0.548244 -0.4876078 -0.6794609 -0.2337211 0.9719666 -0.02559951 -0.992116 -0.1209942 0.032654 -0.9809371 -0.1892513 0.04411784 0.992805 -0.1167972 -0.02639274 -0.4123401 0.9105757 0.02876734 0.9114627 -0.08902878 0.4016337 0.660559 0.7034309 0.2623866 -0.3965019 0.9026262 -0.1674877 0.9995976 0.02150483 0.01849549 -0.7232628 0.4745514 -0.5016891 0.9994419 0.03038037 -0.01388633 -0.5892406 0.5875568 0.5545922 0.1833311 -0.9829539 0.01383098 -0.1871486 0.982297 -0.008250732 -0.09377815 -0.9548431 0.2819225 -0.9373654 0.2970082 0.1820229 -0.5938657 -0.8039709 -0.03089061 -0.3701073 0.9105336 0.184253 -0.8775941 -0.4793891 -0.00382998 -0.6346836 0.1607825 -0.7558609 -0.5374562 0.8432719 -0.005775349 -0.1973477 -0.979788 -0.03270099 0.5333064 0.6976689 -0.4783748 0.2229911 0.9748172 0.002536896 -0.8773315 -0.4798743 0.003163142 0.01354806 -0.5150192 0.8570716 0.8673588 0.3268093 -0.3753458 -0.350425 0.4879589 -0.7994363 -0.3541539 -0.5959876 -0.7206759 -0.933226 -0.3538352 -0.06236914 -0.09830165 0.9933091 -0.06061149 -0.1416691 0.9883579 0.05548411 -0.2874649 -0.8986888 -0.3312436 0.9409166 0.118715 0.3171478 -0.2940241 0.9340072 0.2029296 -0.8309153 -0.3694921 -0.4159992 -0.4464783 0.8947938 -0.001044072 -0.8435116 -0.1861357 0.5038271 0.5894146 -0.7661775 -0.2560518 0.1986417 0.9618982 -0.1878652 0.9092597 -0.4144257 -0.0387051 -0.1402311 -0.9084841 -0.39369 0.9062293 0.1316647 -0.4017621 0.218924 -0.8999576 0.377026 0.83758 0.1758792 0.5172294 -0.9601122 0.2795965 0.003216971 0.8124779 0.2577634 0.5229127 0.04990793 0.9072189 -0.4176877 -0.5016308 -0.07664984 -0.8616794 0.3783462 -0.5795457 -0.7217901 -0.03296409 0.9993169 -0.01670376 0.7615827 0.6477467 -0.02039576 0.3327437 0.5542119 -0.7629749 -0.841577 0.5401283 0.003084074 0.09543245 0.9753956 0.1987362 0.5036631 -0.6266401 -0.5946812 0.991242 0.03348878 -0.1277414 -0.4548598 0.6362529 0.623125 0.7878514 -0.6117718 -0.07088998 0.8182863 -0.574403 -0.02165029 0.756545 0.6449896 0.1078337 -0.770786 -0.5575307 0.3082994 0.679162 -0.7227628 0.1278783 0.1040383 0.9457056 -0.3079235 0.246119 -0.5946308 -0.7654016 -0.6096396 -0.5717824 -0.5490031 0.9338058 -0.2248508 0.2782962 0.9897204 -0.09300869 0.1086409 -0.93 -0.1542626 -0.3336212 0.613756 -0.7772638 0.1384359 0.2491758 0.9499228 0.1885684 -0.2935615 0.9551895 -0.03787668 0.9191285 0.3939453 0.003156212 -0.2716696 0.962381 0.004289045 -0.3758973 -0.7260095 0.5758571 0.8195896 0.5729222 0.005751651 0.2472278 -0.9687621 0.01945516 -0.736805 -0.67583 0.01929143 0.728649 -0.6848569 -0.006453288 0.2272925 0.9735022 0.02513034 -0.6689323 -0.7035671 -0.2398394 0.03775988 -0.998385 0.04244474 -0.8108116 0.4781503 -0.3375749 -0.3135066 -0.8671416 -0.3870129 0.9752816 0.2208254 -0.007871622 -0.9986236 0.01553122 0.05009705 -0.01604597 -0.991209 -0.131329 0.9396442 -0.2983496 -0.1675003 0.8571865 0.5141887 -0.02900605 0.1592066 -0.8683959 -0.4696188 -0.5351177 0.8447765 0.001280818 0.1546363 -0.8031025 0.575425 0.4559274 0.680915 0.5731362 -0.5384343 0.2435097 0.8067165 -0.6301525 -0.4226425 0.6513687 0.9912252 0.05480977 0.1202848 -0.8036632 0.2618125 -0.5343966 -0.06027833 0.9981765 -0.003189912 0.06259822 -0.998 0.008797711 0.8877173 -0.07538287 -0.4541755 0.1393726 -0.9887624 -0.05407542 -0.6094869 -0.6778888 0.4110869 0.7575524 -0.3589157 0.5452466 -0.7962607 -0.4856096 -0.3607661 0.8791624 -0.4632998 0.1114755 -0.7282793 0.6850879 0.01624403 0.9172654 -0.3958406 -0.04398139 -0.9768992 0.06714114 -0.2028795 0.8879688 0.08225953 -0.4524874 0.7561579 -0.621884 -0.2036801 -0.07553219 0.9778234 -0.1953365 0.7019469 -0.5881427 0.4016947 -0.5922136 -0.3519934 0.7248335 -0.9437641 0.3302087 0.01647949 0.455173 -0.8903337 0.01110906 -0.04076034 0.9036993 0.4262232 -0.8012331 -0.343848 0.4896877 0.680616 -0.6589241 -0.3202825 0.1564905 0.9739995 -0.1638162 -0.3532039 -0.935545 -0.001573837 0.5770895 0.478972 -0.6614783 -0.9600918 0.2796792 0.001814486 -0.9427782 0.3333677 0.005933236 -0.7928466 -0.5183117 -0.3205422 -0.3997693 -0.8991758 0.1779535 0.5825187 -0.3904159 0.7129147 -0.4262348 0.6152398 -0.6631771 0.01708199 -0.9986877 0.0482803 0.2581305 0.8439867 0.470165 -0.8529338 -0.02735339 0.5213019 0.3578921 -0.8044424 0.4741157 0.675202 -0.6895389 0.2619893 -0.9854177 -0.1637675 0.04617426 -0.4964197 -0.7024801 -0.5099894 0.4552408 0.7024888 0.5470515 0.3349201 0.9371327 -0.09803508 -0.8963948 0.425815 -0.1231174 0.8204697 -0.5714689 0.01589669 -0.8993826 0.167738 0.4037015 -0.8326026 0.553846 0.005248468 -0.9381043 -0.2561276 0.2331499 0.856982 -0.5137742 0.04022391 0.1892869 0.9302863 -0.3142257 0.9998902 0.006011516 -0.01354249 0.3713315 -0.928483 -0.005679134 0.3723747 -0.9279237 -0.01716778 -0.239486 0.9299684 -0.2789359 -0.6804255 0.6825792 -0.2666586 0.7188527 0.6088038 0.3355723 -0.1277554 -0.7041833 0.6984299 -0.5702046 0.5680694 0.593434 -0.8903224 -0.3100782 -0.333433 0.7168663 -0.671569 0.1873439 0.2024838 0.963891 0.1729577 -0.2678496 0.9634261 -0.008164848 -0.4351982 -0.684093 -0.5853368 0.9223044 0.3859486 -0.01995932 -0.2778929 0.9602746 0.02546159 -0.4047093 0.9128004 0.05482553 0.1093564 -0.993461 -0.03280961 0.7943945 0.6063486 0.03576027 -0.3224561 0.9084448 -0.2659891 0.1040939 -0.907091 0.4078608 0.921409 -0.2878389 -0.2610637 0.7264554 0.4214644 -0.5427986 0.8707108 -0.2207361 -0.4394751 -0.943286 -0.3301617 0.03471026 -0.881677 0.2595711 0.3940412 0.1853116 0.9823318 0.02615134 -0.6644169 0.3852777 -0.6403993 0.0982793 -0.9848775 0.1426796 0.5917389 0.5722893 0.5677411 -0.762523 0.6446387 -0.05476902 0.5180327 -0.07921824 -0.8516846 -0.6916711 -0.7218569 -0.0226654 -0.5366114 -0.8434497 0.02531529 0.6586395 0.6992371 -0.2779597 -0.8546191 0.300853 0.4232182 0.1219352 -0.9378418 -0.3249378 0.9380616 -0.01752885 -0.3460247 -0.3640247 0.9310528 -0.02503397 -0.1688201 -0.9561242 -0.2394292 -0.6187017 0.5062716 -0.6007472 0.04420714 -0.8985557 -0.4366272 0.7147006 0.4416617 -0.5423449 0.3905129 0.9205801 0.00565668 0.1777844 -0.8987266 0.400853 0.7591239 0.6118065 -0.2223146 -0.7801633 0.6254905 0.0103363 -0.8952091 0.2410834 -0.3748058 0.07883764 -0.7673502 -0.6363633 -0.8024998 0.594636 0.04901121 0.5795303 0.8147626 0.01750883 0.9999207 -0.01251695 0.001353819 -0.1282797 0.961482 0.2430983 -0.9762693 0.1470562 -0.1589742 0.8975077 -0.4336489 0.08017845 -0.7956274 0.2377967 -0.5571622 0.8421255 0.2833952 -0.4588157 -0.06974495 0.9975615 -0.00258941 0.2959859 0.9551825 -0.004334419 -0.1235532 -0.9904218 0.06163808 -0.1427946 -0.9647051 0.2212552 0.3037862 0.952545 0.01928767 -0.1067573 0.9926292 0.05735925 -0.665191 0.6389287 0.3863821 0.288421 -0.9566854 -0.03957789 0.5305825 0.6955537 -0.4844453 -0.9912877 -0.12257 0.04822153 -0.5180005 0.8549036 0.02855488 0.5274268 -0.8495863 0.004917149 -0.7291778 0.4087193 0.5488609 0.4559935 -0.8817119 0.1210537 -0.317536 0.8334677 -0.4522194 -0.5403824 -0.8411772 0.02019391 0.8783364 -0.02327691 0.477476 -0.05425358 -0.810127 -0.5837387 -0.8586214 0.1407378 -0.4929119 0.8403805 0.463081 -0.281632 -0.771774 0.3310861 0.542906 0.7937924 0.5335262 0.2919648 -0.9178127 0.1214477 0.3779819 -0.7990956 -0.5924493 -0.102225 -0.07703295 -0.9482167 -0.3081414 0.9194238 -0.3406891 -0.1964457 -0.8946566 -0.07145058 0.4410038 0.9442994 -0.3290179 -0.006769657 0.8964635 0.4429939 0.01046347 -0.9300722 0.3651694 0.04021263 -0.577415 -0.7461894 0.3313505 0.2459516 -0.601311 -0.760219 -0.06840904 -0.997606 -0.01012401 -0.9761655 -0.2155151 -0.02557832 0.4181597 0.7289221 -0.5420471 0.529865 -0.7608845 0.3745636 0.7695236 0.420506 0.480633 -0.9701462 -0.2424884 -0.003968215 -0.8150429 0.01808307 0.5791184 0.007205138 -0.6845858 0.7288967 0.7154939 0.4291704 0.5512543 -0.8240835 0.5659604 0.02398388 -0.5035198 -0.8639464 -0.008023711 0.9995084 -0.002628797 0.03124084 -0.7609167 0.6466261 0.05367047 -0.4846139 -0.6479456 0.5876358 -0.8290662 0.5032993 -0.243596 -0.5503036 -0.8349 -0.01038965 0.9210402 -0.2286186 -0.3153071 -0.1405161 -0.9900077 0.01182875 -0.7020376 0.2458344 -0.6683626 -0.08426378 -0.995493 -0.04351274 0.6258819 0.489277 0.6073548 -0.804755 -0.593579 0.005775519 -0.8038779 -0.5947928 0.001330739 -0.8048791 -0.5934321 -0.002813144 0.6584845 0.02859843 0.7520507 -0.1175421 -0.9892066 0.08748855 -0.45762 0.7764373 0.4332771 -0.4683926 -0.8807845 -0.06947615 0.8544361 0.4911409 -0.1694683 0.3400562 -0.9398135 -0.03335218 -0.7108027 0.3969516 0.5806798 0.2739332 -0.9558055 0.1067541 -0.1401493 -0.8230973 0.5503354 0.5455092 0.4690271 0.6945742 -0.3707277 -0.9266912 0.06167968 -0.8713981 0.442679 -0.2114254 -0.9706238 0.2075578 -0.1216929 0.2788941 -0.8746388 0.3965161 0.8559803 0.4883437 -0.1697588 0.7773999 -0.6288161 -0.01548152 0.9998362 -0.004863675 -0.01743215 0.7640405 0.2921538 -0.5752289 -0.836475 0.3178592 0.4464024 -0.03078243 -0.6090089 0.7925659 0.5403593 0.4135075 0.7328188 -0.8818598 -0.3720277 -0.2896873 0.4856101 -0.8664146 -0.1162259 0.483655 0.8052181 0.3430768 -0.1903822 0.9772318 -0.09366243 -0.1705236 -0.9690653 0.1784212 -0.814623 0.1503479 0.5601651 -0.2406029 -0.909461 0.3391033 0.8042209 0.1505234 -0.5749534 0.99524 0.09744844 -0.001080554 -0.6245812 0.4032633 -0.6687878 0.9797999 0.1678888 -0.1086534 0.5281964 -0.8490962 -0.006653068 0.9788875 0.1744821 0.1064676 -0.4453378 0.7514499 -0.4868236 -0.5014815 -0.8638763 0.04726641 0.8913313 0.126479 0.4353522 0.9029753 0.3948986 -0.1693832 0.6397158 -0.7684632 -0.0151004 -0.6827972 -0.7305481 -0.009358272 0.6191387 -0.7819525 0.07223276 -0.004808458 -0.6358602 0.7717893 -0.6851268 -0.7283682 0.009000514 -0.69627 0.6544933 0.2946973 0.968613 0.2484119 -0.008962745 0.07726669 0.9426248 0.3247898 0.4291369 -0.7616215 -0.4855659 0.9461568 -0.3236525 0.006022643 0.9059057 0.4234769 0.001489803 -0.9322746 -0.1488999 -0.3296859 0.9064747 0.422127 0.01060082 0.8823004 -0.4364658 0.1761919 -0.950506 0.3091135 0.03141951 -0.4951575 0.847763 -0.1900444 0.01565967 -0.9464987 0.3223273 0.9909987 -0.03725521 -0.1285835 0.6853475 0.6670999 -0.2920215 0.823132 -0.5678046 -0.007189935 -0.845531 0.266521 -0.4626487 0.9074655 0.4165381 0.05479328 -0.9919566 -0.1222577 -0.03279027 0.6166214 -0.7864482 0.0357392 0.9042153 0.3342485 -0.2658433 -0.9057505 -0.1158846 0.4076602 -0.2758516 -0.9251089 -0.2609202 0.4309444 -0.7210422 -0.5425727 -0.209426 -0.8736053 -0.4392659 -0.3423925 0.9389164 0.03468981 0.2481141 0.8850569 0.3938448 0.9846574 -0.1725301 0.02613593 0.3767019 0.6695296 -0.6401764 -0.983529 -0.1110713 0.1425971 0.5800412 -0.5843628 0.5675141 0.634676 0.7708374 -0.0547368 -0.07251049 -0.5192406 -0.8515465 -0.7307847 0.682232 -0.02265203 -0.8503523 0.5256053 0.02530036 0.7077696 -0.6495265 -0.2778083 0.289752 0.8585474 0.4230133 -0.9362363 -0.134121 -0.3247663 -0.005337173 -0.9382765 -0.345845 0.9262439 0.3760935 -0.02501921 -0.9582697 0.1563858 -0.2392961 0.4982946 0.6253618 -0.6005207 -0.8980063 -0.05588687 -0.4364187 0.4509905 -0.7090236 -0.542119 0.9255773 -0.3785166 0.005653343 -0.8964253 -0.1894667 0.4006545 0.6216381 -0.7511309 -0.2221899 0.6152991 0.788226 0.0103302 0.2294484 0.898341 -0.3746157 -0.7664439 -0.08882429 -0.6361399 0.5841577 0.8101608 0.04898237 0.8222252 -0.5688932 0.0174985 0.000478562 -0.999999 0.001353021 0.9597672 0.1407687 0.2429633 0.1343587 0.9781125 -0.1588827 -0.4219503 -0.9030708 0.08013145 0.2274787 0.7987968 -0.5569355 0.2943517 -0.8384756 -0.4586019 0.9965709 0.08270286 -0.002587883 0.9589483 -0.2835479 -0.004331862 -0.991946 0.110672 0.06160186 -0.9665072 0.1302495 0.221131 0.9564126 -0.2913818 0.0192763 0.99116 0.1196482 0.05732552 0.6302857 0.6734973 0.3861882 -0.9528573 -0.3008295 -0.03955457 0.7024874 -0.5215708 -0.4842266 -0.1354421 0.9896125 0.04819315 0.8481001 0.5290669 0.02853805 -0.8426604 -0.538423 0.004914248 0.3992797 0.7345582 0.5486346 -0.8757192 -0.4674173 0.1209833 0.8293709 0.3283802 -0.4520071 -0.8481289 0.5294053 0.020182 -0.01186213 -0.8786829 0.4772585 -0.8109266 0.04372979 -0.5835116 0.1295863 0.8605012 -0.4926917 0.4739852 -0.8343306 -0.281479 0.3210843 0.7761463 0.5426801 0.5438242 -0.7868315 0.2918072 0.1095193 0.9193909 0.3777908 -0.6027877 0.7913339 -0.1021653 -0.9491908 0.06470753 -0.3079768 -0.3287194 -0.9237946 -0.1963343 -0.08308057 0.893755 0.4407942 -0.3167185 -0.9484955 -0.006765663 0.4546066 -0.890631 0.01045729 0.3530522 0.9347401 0.04018894 -0.753679 0.5677059 0.3311765 -0.5982679 -0.2538317 -0.7600296 -0.9984108 0.05543889 -0.01011804 -0.2281827 0.9732827 -0.02556324 0.734422 -0.4087226 -0.5418212 -0.7539968 -0.539753 0.3743736 0.4305295 -0.764098 0.4804149 -0.2550754 0.966913 -0.003965874 0.007491143 0.8153703 0.5788913 -0.6846489 -0.0161061 0.7286951 0.438511 -0.7099834 0.5510278 0.5552035 0.8313691 0.02396974 -0.870417 0.4922499 -0.008018978 0.01036053 -0.9994588 0.03122243 0.6366841 0.7692569 0.0536389 -0.6543219 0.4762496 0.5874088 0.4924999 0.8355661 -0.2434609 -0.841981 0.5394072 -0.01038352 -0.2166426 -0.9239876 -0.3151396 -0.9917503 0.1276386 0.01182178 0.2367527 0.705359 -0.6681444 -0.9965051 0.07131983 -0.04348711 0.4974776 -0.6196055 0.6071286 -0.603987 0.7969732 0.005772112 -0.6051894 0.7960804 0.001329954 -0.6038418 0.7970992 -0.002811484 0.03716575 -0.6582769 0.7518579 -0.990655 0.1046774 0.08743733 0.77051 0.4677233 0.4330695 -0.8867997 0.4569081 -0.06943536 0.5022118 -0.8479957 -0.1693712 -0.9353156 -0.3522411 -0.03333253 0.387758 0.7160436 0.5804526 -0.9521713 -0.2863331 0.1066918 -0.8249965 0.129464 0.550109 0.4762122 -0.5395214 0.694362 -0.9314328 0.3586544 0.06164343 0.4313288 0.8771004 -0.2113062 0.1949283 0.9732477 -0.1216222 -0.8710214 -0.2902638 0.396319 0.4994349 -0.8495762 -0.1696615 -0.6186604 -0.7855062 -0.01547239 0.008130097 -0.9998152 -0.01742187 0.3021172 -0.7603277 -0.5750018 0.306998 0.8406339 0.4461915 -0.6095833 0.02287394 0.7923919 0.420628 -0.5351094 0.7326186 -0.3834754 0.876994 -0.2895308 -0.8600376 -0.4968326 -0.1161583 0.8114917 -0.4731829 0.3428982 0.9746802 0.2030668 -0.09360766 -0.9712177 0.1579187 0.1783193 0.1397747 0.8166592 0.5599382 -0.9125728 0.2287792 0.3389262 0.1609933 -0.8023534 -0.5747262 0.1103738 -0.9938896 -0.001079916 0.3952167 0.6299352 -0.6685696 0.1806088 -0.9775421 -0.1085901 -0.8421603 -0.5391862 -0.006649143 0.1871897 -0.9765438 0.1064055 0.7457033 0.4551292 -0.4866045 -0.8703215 0.4902133 0.04723859 0.1380671 -0.8897118 0.435144 0.4066068 -0.8977823 -0.1692861 -0.7600849 -0.6496485 -0.01509149 -0.7393597 0.6732457 -0.009352752 -0.7738428 -0.6292503 0.07219037 -0.6360925 -0.003456476 0.7716051 -0.7372103 0.6756035 0.008995205 0.6454228 0.7047528 0.2945386 0.2609785 -0.9653031 -0.008957457 0.943608 -0.06501434 0.3246183 -0.7560855 -0.4390593 -0.485347 -0.3113294 -0.950283 0.006019091 0.4352139 -0.9003259 0.001488924 -0.161013 0.9303205 -0.3295126 0.4338714 -0.9009125 0.01059457 -0.4249708 -0.8879143 0.1760912 0.2967352 0.9544434 0.03140099 0.8412745 0.5061436 -0.1899363 -0.9462733 -0.02796027 0.3221569 -0.02437379 -0.9914088 -0.1285089 0.675984 -0.6766543 -0.2918639 -0.5570596 -0.8304414 -0.007185694 0.2555427 0.8490304 -0.4624342 -0.7198736 0.6924611 0.04774536 0.4766946 -0.8786047 -0.0285659 0.5064693 0.8616956 0.03113567 -0.3086405 0.950927 -0.02188282 0.4514285 -0.8838029 0.1229016 0.4096975 0.8526517 0.3242423 0.4207479 0.894022 -0.1539346 0.9586221 -0.2846507 0.00418661 -0.6063164 -0.7893173 0.09674026 0.4245448 0.8992781 0.1051689 0.7210358 -0.690385 -0.05895724 -0.9173346 0.1466359 0.3701286 0.2182749 0.9728642 0.07675542 0.6740549 -0.3455363 -0.6528818 -0.8828825 -0.2740212 -0.3813539 0.1620059 0.6883599 0.7070465 0.9798368 -0.08844448 0.1791578 0.529273 -0.4617995 0.7117663 0.792629 0.6097011 -0.001958581 -0.6387025 0.5539682 -0.534021 -0.955124 -0.2946596 -0.03023119 0.9606605 0.2666259 0.07773034 -0.9924181 -0.122907 0.0003359356 0.9923897 0.1231351 0.0007022484 -0.582513 -0.09665942 -0.8070536 0.1432011 -0.1616377 -0.976405 0.1546901 -0.4485019 -0.8802937 -0.7542448 -0.007600196 -0.6565493 0.1185599 0.9646716 0.2352707 0.5055752 -0.7628138 0.4031238 -0.4686935 -0.6135595 0.6355085 0.08212389 0.9373578 0.33855 -0.9402878 0.3398951 -0.01817158 -0.5031701 -0.6317618 -0.5896583 -0.2447283 -0.967823 -0.05853761 0.1906831 0.9816515 -0.0004879511 -0.4717946 -0.7954625 0.3803278 0.890826 0.4530949 0.03367544 0.1494011 0.9857401 0.07743225 -0.6556051 0.7509554 0.07904432 -0.260124 -0.9312308 0.2552347 0.9172137 0.2324741 -0.3235347 -0.9388008 0.3383936 -0.06436416 0.8089004 0.5877311 0.01588605 -0.1481428 0.9887592 0.02022229 -0.9178328 0.3968603 0.009210583 0.9135322 -0.4067271 0.005664157 0.9897956 0.1420804 -0.01085583 -0.8469294 -0.3079012 -0.4334829 0.574467 -0.6714611 0.4681107 0.2628163 0.9645736 -0.02292292 0.7676694 0.6207817 -0.159103 -0.7890393 0.4431231 -0.4255102 -0.08262225 -0.8513022 -0.5181295 -0.8041244 0.526265 0.2764582 0.02442404 -0.9001458 0.4349035 -0.6959904 -0.7180375 -0.004417846 0.8331963 0.4052645 0.3762241 -0.5221715 -0.8422131 -0.1342163 0.9868074 0.03292205 -0.1585161 0.6749942 0.7315493 0.09601283 0.2154624 -0.9765119 0.0006045925 0.878464 0.4769348 0.02888379 0.5593406 -0.8264266 0.0644751 -0.8051303 0.5260316 -0.2739634 0.1632465 -0.796466 0.5822307 0.9733971 0.1135936 -0.1989836 -0.8487773 -0.528636 -0.01100553 0.3467232 0.7278056 -0.5916773 -0.8488947 -0.4822101 -0.2164515 0.2795934 -0.6545751 -0.7023951 0.4175954 0.4388951 -0.7956037 0.5051946 0.7759197 -0.3777922 -0.6782336 0.6772394 0.2852122 0.7160395 -0.1603578 0.6793915 0.9565468 0.2915049 -0.006563958 -0.4705874 -0.78022 -0.4120732 0.2956765 -0.9448352 -0.140932 0.9173371 -0.1101846 0.3825598 -0.4435487 0.856389 -0.264315 0.6437602 -0.7612292 -0.07812106 0.2779929 -0.960571 0.004828777 0.6235949 -0.7817438 0.00244684 -0.4300682 0.8835286 0.1855223 -0.5512457 0.8299127 0.08586633 -0.9769087 0.2126346 0.02088046 -0.1397469 -0.9901626 -0.00698504 0.9265128 0.3752787 0.02719971 -0.8788763 0.2353129 -0.414975 -0.7074643 -0.5709865 -0.4164956 0.8228801 -0.4185487 0.3842985 -0.7242685 -0.5297336 -0.4413814 -0.5488841 -0.8354576 -0.02714333 0.9419063 -0.3357272 -0.009993163 -0.8653106 -0.4349562 0.2490996 0.1077617 -0.9803791 -0.165058 0.753743 -0.5589932 -0.3455403 0.7527818 0.6409198 -0.1501379 -0.2532455 0.564017 -0.7859717 0.9544846 -0.1019565 -0.2802929 -0.9892308 -0.09323886 -0.1128222 0.2607635 0.7697026 -0.582718 -0.8626869 -0.3200486 0.3915867 -0.8110993 -0.5815362 0.06271814 -0.2482594 -0.8302965 0.4989739 0.7431404 -0.4370757 0.5066627 0.1911615 0.8451005 -0.4992618 0.1233129 0.9923434 -0.006961289 0.4327134 0.8744416 0.2193423 -0.4575718 -0.2942576 0.8390712 0.5428351 0.7692736 0.3369693 -0.574236 0.7364002 0.3577257 0.05036937 -0.8304889 -0.5547532 0.9544459 -0.2847782 0.08907536 0.8108755 0.3133609 0.4942528 0.1808773 0.9831711 -0.02565044 -0.5569778 -0.717288 -0.418657 0.9210187 0.3503153 -0.170305 0.8770426 0.4803904 -0.004624414 0.1707262 0.9842756 0.04532137 -0.7542982 0.6429917 0.1326492 -0.1120343 -0.9693643 0.218589 0.9014056 0.2819814 -0.3285641 0.9136828 -0.4064272 0.0007672784 0.9304942 -0.3629708 -0.04932184 -0.7341607 0.4585316 -0.5007563 -0.05340877 -0.9840356 0.1697689 0.7580793 0.5455944 0.3572711 -0.6908514 -0.7229948 -0.001666696 0.8306563 0.3118205 -0.4612788 0.9834856 0.07297393 -0.1656226 0.8812796 0.3571084 0.3095477 0.8908868 0.327718 0.314518 -0.8918254 0.3522049 0.2838999 0.1014518 -0.9486683 -0.2995596 -0.2832871 0.8962358 0.3413354 -0.9023173 -0.429846 -0.03249364 0.6897462 0.66085 -0.2958505 -0.8912734 -0.4534619 0.00198238 0.807446 0.5726244 0.1418881 -0.8957874 -0.4441458 0.01730346 -0.7524812 0.5780145 -0.3157076 -0.1967754 -0.7736499 0.6022834 0.8741581 0.3418627 -0.3449312 0.8453209 0.5340421 -0.01521764 -0.5630529 -0.5613505 -0.6065122 -0.2852286 0.2761238 0.9178237 -0.02766582 -0.5569424 0.8300902 0.7808754 -0.1430811 0.6080801 -0.8517399 0.4702919 -0.2310081 0.7386472 0.4835789 0.4696293 -0.3060959 0.9389558 0.1570582 -0.3111214 0.9498774 -0.03060161 0.2538377 -0.9656464 -0.0556188 -0.05533155 -0.9079804 0.4153433 0.6172686 -0.7865828 0.01634118 0.5027626 -0.8633346 0.04339515 -0.2178121 0.9756454 -0.02595987 -0.7231937 -0.6900654 0.02829559 -0.2177133 0.8920307 0.3960834 -0.8831759 0.3914656 0.25837 -0.7212437 -0.6727881 -0.1648142 -0.35059 0.9363524 0.01819204 -0.2097749 -0.8429025 -0.4954895 -0.3589147 0.9332704 -0.01365847 -0.3616713 -0.7540721 0.5482419 0.8671697 0.497827 0.01360403 -0.8652865 -0.501212 -0.008115329 0.933407 0.2272864 0.277655 0.02941788 -0.9833851 0.1791321 0.9550563 -0.2948631 -0.03038411 -0.7375066 -0.6505411 0.1813293 0.7424414 -0.6699004 -0.003767123 0.05850964 -0.6583123 -0.7504676 -0.6183194 -0.7859064 -0.005680567 0.9899815 0.1374846 -0.03216486 -0.8378265 0.2738474 -0.4722862 -0.9937459 -0.1116367 0.002495261 0.7428126 -0.6694922 0.003111229 0.4874793 0.1851895 0.8532695 -0.5964187 0.7122912 -0.3700351 -0.3484061 -0.4971751 -0.7946258 0.6853522 -0.1385093 -0.7149179 0.6423621 -0.7639419 -0.06134942 -0.9050904 -0.4210187 -0.0596203 -0.886078 -0.4603121 0.05457624 0.9448862 0.02567548 -0.3263907 -0.4236427 0.8502346 0.3124547 -0.7849201 -0.5865212 0.199733 0.6250562 -0.664029 -0.4103293 -0.6970085 -0.7170622 -0.001026936 0.4562867 -0.7376844 0.4976186 0.5289514 0.8103374 -0.2521187 -0.9740666 -0.1304247 -0.1848881 0.0907095 0.9951494 -0.03807079 0.9060815 0.1682553 -0.3882094 -0.424827 0.813965 -0.3962107 0.7788758 0.5051654 0.3716993 -0.4446977 0.735631 0.5109706 0.05335179 -0.9985708 0.003164174 -0.5140407 0.6847263 0.5166352 -0.8752426 -0.2533827 -0.4120043 0.2410263 -0.4536448 -0.8579701 0.4256041 0.5533034 -0.7160422 -0.9323 -0.3613125 -0.01642969 -0.8630155 0.504779 -0.02006116 -0.6391147 0.132188 -0.7576666 -0.2317136 -0.9727793 0.003033458 -0.9527561 -0.2323713 0.1956003 0.4274889 0.6863931 -0.5883177 -0.3592334 0.9247467 -0.1256783 -0.4530924 -0.6436255 0.616809 0.3171111 0.9458213 -0.06973224 0.2717609 0.9621292 -0.02129513 -0.8589054 0.5010266 0.106084 0.7821128 -0.5441139 0.3037098 0.4578776 0.8800677 0.1258131 -0.9283985 -0.2146206 -0.3033384 0.4845512 0.4329236 -0.7601232 0.7447693 -0.3883772 -0.5426618 -0.09645201 0.9568595 0.2740745 -0.2392887 0.9650481 0.1068784 0.4537151 -0.8282943 -0.3287419 0.5309729 0.8363705 0.1362064 -0.9794689 -0.07874268 0.185581 -0.8045581 -0.5927043 -0.03725591 -0.6755206 0.7373346 0.003104412 -0.8185607 -0.5744046 0.004218655 0.8138418 -0.1155184 0.5694884 -0.8115551 0.5842485 0.005657258 0.8326643 0.5534473 0.01913598 0.8813338 -0.472113 0.01897493 0.4056274 0.9140165 -0.00634738 -0.9939363 -0.1071435 0.02471815 0.8859107 -0.3992587 -0.2361244 0.9298588 0.3655401 0.04174936 -0.1837233 -0.9249801 -0.3326523 0.9242828 -0.009396322 -0.3815927 -0.5306792 0.8475374 -0.00774244 0.3153232 -0.9477041 0.04927687 0.9411016 0.3124622 -0.1292099 -0.02890211 0.985899 -0.1648266 -0.7685535 0.639149 -0.02853039 0.7697831 0.4387813 -0.4635785 -0.6205119 -0.784196 0.001259798 0.7107398 0.4135501 0.5690564 -0.7975952 0.2064352 0.5667684 -0.05247966 -0.5949899 0.802018 0.6113581 -0.4582832 0.6451494 -0.3793452 0.9176564 0.1183385 0.01852876 -0.8489884 -0.5280866 -0.9221943 -0.3867142 -0.003137559 0.9212622 0.3888459 0.008653333 -0.222924 0.8656764 -0.4482291 0.8872164 0.4582771 -0.05319046 0.8435262 -0.3522331 0.405457 0.08887398 0.8376605 0.5389122 0.7229711 -0.592336 -0.3555993 0.1468108 0.9830664 0.1096682 -0.4059691 -0.9137471 0.0159775 0.07052302 0.9965716 -0.04326093 0.2595949 -0.9448476 -0.1996837 -0.3722882 0.8136295 -0.4465519 0.3373296 0.9197932 -0.2004727 -0.8985021 -0.3946312 -0.1922501 0.3240204 0.8591163 0.3961439 0.5324778 -0.4464781 0.7191138 0.0001805218 -0.9998686 0.0162091 0.6899273 0.7237962 0.01092676 -0.8419661 -0.338076 0.4204732 0.5915952 -0.6451373 0.483542 0.3976867 0.8615517 -0.3155534 -0.9714251 -0.174208 -0.161198 0.999705 -0.02423883 -0.001548007 -0.6473809 0.3891939 -0.6553061 0.05326697 -0.9985787 0.001784706 -0.003126807 -0.9999781 0.005835863 0.7524344 -0.5780194 -0.3158101 0.9812707 -0.08024739 0.1751232 0.1774836 0.6844893 0.7070884 -0.4430281 -0.6099667 -0.6570135 0.9369853 0.3461261 0.04748972 -0.885065 -0.03536894 0.4641216 0.3090168 -0.7995331 0.5150295 0.6433611 0.605818 0.4680502 0.428185 0.866086 0.2579779 0.4801914 -0.8759871 0.04541802 0.8305764 -0.2374281 -0.5037567 -0.817446 0.1985214 0.5407137 -0.9953177 0.006458367 -0.09644122 -0.1057338 -0.9869897 -0.1211267 0.2682693 0.9632171 0.01563586 0.1392309 -0.9066998 0.3981335 -0.2476261 -0.9688419 0.005162332 0.5522026 -0.8014922 0.2295267 0.2017547 0.9786366 0.0395648 -0.9420948 -0.1289412 -0.3095666 -0.3360626 0.9417455 -0.01332027 0.7536361 0.6572681 -0.005585931 0.7527667 0.6580708 -0.01688611 -0.7996159 -0.5339953 -0.2747061 -0.4198978 -0.8687544 -0.2625862 -0.8136278 0.4781905 0.3306715 0.7125249 0.1130002 0.6924877 -0.3497639 -0.7300785 0.5870695 0.5879107 -0.7391969 -0.3285558 0.3972059 0.8990181 0.1843746 -0.9771332 -0.127444 0.170202 -0.8208099 -0.5711449 -0.008030855 0.7939093 -0.1857524 -0.5789682 -0.6690267 0.7429791 -0.01963187 -0.8145245 -0.5795883 0.02504398 -0.9677231 0.2465395 0.05225198 0.8483512 -0.5285098 -0.03126673 0.01482555 0.9993092 0.03407895 0.7622694 -0.4542487 0.4610895 0.8850569 0.3501983 0.306652 0.02562633 0.9800019 -0.1973313 0.9134667 -0.4063231 0.02191265 -0.4308445 0.7025937 -0.5663348 0.917134 -0.3982393 -0.01645242 -0.2667377 0.7380882 0.6197393 -0.252842 -0.9673688 0.01638685 0.2491146 0.9684247 -0.00977565 -0.4838827 -0.8110177 0.3287975 -0.7167671 0.6635861 0.2142392 -0.8795951 -0.4743136 -0.03659334 0.05265978 0.9747883 0.2168288 -0.9981951 -0.05988269 -0.004537894 -0.4558664 0.374828 -0.807273 -0.1270378 0.9918743 -0.006842809 -0.5957872 -0.8022076 -0.03873703 0.7459832 0.3865595 -0.5422922 0.616998 0.786959 0.003005809 -0.9981652 -0.06043357 0.003747805 -0.1818993 -0.4142651 0.8917943 0.8987291 -0.07178724 -0.4325883 -0.09733984 0.5266768 -0.8444741 -0.5221394 -0.3530806 -0.7763405 -0.9942661 0.07734727 -0.07383938 0.3339441 0.9398572 -0.07176162 0.2926648 0.9539554 0.06569888 -0.6291142 -0.6758092 -0.3840536 0.884072 -0.2876216 0.368362 0.1307709 0.9623065 0.2384641 -0.8789572 0.0190075 -0.4765217 -0.02278062 0.9997397 -0.001237056 -0.8023221 0.1818226 0.5685242 0.204202 -0.9320065 -0.2994418 0.5853094 0.7801044 -0.2210203 0.6459056 -0.7620395 -0.04584542 -0.4985022 -0.7394108 -0.4525121 0.8487556 -0.258617 -0.4612279 -0.180195 -0.8825016 0.4344199 0.79107 -0.1877837 0.5821903 -0.7495416 0.6619462 0.003811583 0.8017685 -0.107131 0.5879543 0.4171637 0.7727716 -0.4783288 -0.4267075 0.1265987 -0.895485 0.08673878 -0.6230818 -0.7773322 0.3958417 0.9181055 -0.01979015 0.9648744 0.2615979 -0.02416365 0.4833121 0.3236367 -0.8134302 -0.5313185 0.8471643 0.003654122 0.4978837 0.8351862 0.2336146 0.1765582 -0.7310315 -0.6591056 0.9080879 -0.3906645 -0.1508566 -0.1306277 0.7153553 0.6864424 0.4517354 -0.8881974 -0.08390808 0.4956005 -0.8681718 -0.02564967 0.9569789 0.2606602 0.1274665 -0.9174104 -0.172793 0.3584699 0.3055715 -0.9401169 0.1510173 0.4877273 0.7961928 -0.358049 -0.02754276 -0.5780688 -0.815523 -0.7507494 -0.2432385 -0.6141745 0.7376171 -0.5920243 0.3246973 0.8537809 -0.5045468 0.1284163 -0.88739 0.2510143 -0.386692 0.223325 -0.9609519 0.1633931 0.6256087 0.7479322 0.221836 0.1412547 0.9889562 -0.04486475 0.9993763 -0.03511371 0.003739594 0.1641647 0.9864199 0.005081807 -0.609802 -0.4664673 0.6407416 0.985556 0.1692129 0.006814732 -0.1889824 -0.9817099 0.02304946 -0.9544294 -0.2975602 0.02285551 0.3674954 -0.9299939 -0.007646039 0.6202512 0.7838381 0.0297716 -0.8945789 -0.3475756 -0.2809267 -0.3909859 -0.9190227 0.05027188 -0.5180988 0.7606803 -0.3910743 -0.634127 -0.632147 -0.4452787 0.9764243 -0.2156584 -0.009326484 -0.8964178 0.4392215 0.05932686 -0.4352381 -0.8868612 -0.1550646 0.7189751 -0.6664304 -0.1973459 0.9943896 0.1000434 -0.03436165 -0.2164454 -0.8178418 -0.5331849 -0.1242819 0.9922458 0.001517562 -0.1899016 -0.7442653 0.6403176 0.6601261 0.3963597 0.6380694 -0.3411871 0.4001533 0.8505696 -0.6931224 -0.1052838 0.7130895 0.9174657 -0.3715687 0.1421035 -0.5828796 0.5484505 -0.5995443 0.3706654 0.9287588 -0.003779523 -0.3684863 -0.9295747 0.0104237 0.7407977 -0.4288453 -0.5170207 -0.2949226 -0.9533732 -0.06403284 -0.812908 -0.342196 0.4712562 0.5031445 -0.611742 0.6104239 -0.9038144 -0.09762427 -0.4166403 0.5965565 -0.7916831 0.1317503 -0.367046 0.9300037 0.01924553 0.6610026 -0.7485734 -0.0520905 -0.8482119 0.4729684 -0.2384062 0.8057649 -0.2920006 -0.5152461 0.4157436 -0.8774267 -0.2393316 0.3455434 0.9098611 -0.2296794 0.3725903 -0.8053026 0.4611553 -0.6228385 -0.06011856 0.7800371 -0.7131537 0.7007358 0.01952446 0.03254607 -0.9993836 0.01316212 0.3359733 0.8059297 0.4874416 -0.8320189 0.02885279 0.5539964 0.328356 -0.8682761 -0.3718588 0.5534941 0.8101698 -0.1930524 -0.7180772 -0.695961 -0.001864741 0.6694056 0.1728623 -0.7225059 -0.749489 0.6620133 0.002149871 -0.7109501 0.7032073 0.007029876 -0.9192271 -0.1285579 -0.3721483 -0.7399975 -0.639147 0.2095107 0.3285681 -0.5477693 0.76941 -0.113852 0.6802522 -0.7240819 -0.4097722 -0.9103941 0.05717745 0.568238 0.6262682 0.5337543 -0.7435884 0.3214066 0.5863225 -0.01807584 -0.8428356 0.5378675 0.3128426 -0.8990945 0.3062003 -0.960888 0.2714842 0.0546855 -0.7119143 -0.4034344 -0.5748206 0.6716855 0.4171531 0.612227 0.7008531 0.7038217 -0.115931 -0.6276918 0.7647569 -0.1454298 0.4988471 -0.8664853 0.01883405 -0.7189657 0.518098 0.4633171 -0.5173537 0.8557491 0.006218552 -0.9474956 0.1660723 0.2732619 0.5563015 -0.8296136 0.04764328 0.5565487 0.7462951 -0.3650988 0.9071611 -0.4204776 -0.01604507 -0.05955771 -0.9982022 -0.006728813 -0.05837246 -0.9980876 -0.02033984 0.1767209 0.9289085 -0.325421 -0.3202734 0.8946444 -0.3115064 0.8897021 0.2392103 0.3888554 -0.3798208 -0.5325759 0.7563723 -0.2562793 0.7081627 0.6578955 -0.9172261 0.09657605 -0.3864833 0.3599566 -0.9065584 0.2204157 0.5902364 0.7811064 0.2037002 0.1680643 0.9857286 -0.009673896 -0.6421602 -0.4063358 -0.6500165 0.9987649 -0.04369803 -0.02364667 0.1576169 0.9870395 0.03016393 -0.9022379 0.4282903 0.05034062 0.7307471 -0.6819834 -0.0301211 0.2069597 0.9777985 0.0328305 -0.5943313 0.8038892 -0.02307461 0.70787 -0.6943721 0.1294892 0.1173771 0.9331022 0.339916 0.1152695 0.9800173 -0.1621078 0.9994074 0.03413799 0.004414738 -0.3244508 -0.9403915 0.1019583 0.1172833 0.9868947 0.110831 0.9026211 -0.4259244 -0.06215778 -0.9095249 -0.1507762 0.3873382 -0.1015701 0.9915326 0.08091121 0.7315991 -0.1112481 -0.6725969 -0.7443274 -0.5355889 -0.3989001 -0.06297961 0.6852842 0.7255474 0.9555728 0.226534 0.1885817 0.6307862 -0.2627098 0.7301317 0.5582876 0.8296449 -0.002065305 -0.7692591 0.3177211 -0.5543408 -0.8122843 -0.58239 -0.03187688 0.8261897 0.5574017 0.08193823 -0.9021761 -0.4313677 0.0003542411 0.9020768 0.4315749 0.0007405146 -0.5037249 -0.266889 -0.821603 0.1778296 -0.1025316 -0.9787052 0.277198 -0.3609383 -0.8904408 -0.696278 -0.2407243 -0.6762017 -0.1929729 0.9495217 0.2473257 0.7149647 -0.5579896 0.4212755 -0.2443942 -0.7145719 0.6554833 -0.2180653 0.9091835 0.3547293 -0.9995267 0.02406867 -0.01916141 -0.2715457 -0.7443967 -0.61003 0.07490291 -0.9952792 -0.06171554 -0.1305579 0.9914406 -0.00051454 -0.1935364 -0.8968076 0.3978439 0.7010464 0.7122311 0.03550819 -0.1709474 0.9818933 0.08162421 -0.8596583 0.5040287 0.08332238 0.04853248 -0.9621493 0.2681666 0.7914757 0.5084498 -0.3391829 -0.9974274 0.02311148 -0.06785569 0.5806797 0.8139597 0.01675146 -0.4541291 0.8906807 0.02132373 -0.9963153 0.08521486 0.009712429 0.9953695 -0.09593655 0.005972791 0.8936011 0.448716 -0.01144729 -0.698213 -0.5548511 -0.4523704 0.7486672 -0.4490794 0.4876731 -0.05673106 0.9980969 -0.0241713 0.5303513 0.8310592 -0.1675354 -0.8799795 0.1682472 -0.4442172 0.1888721 -0.8212946 -0.5383331 -0.9255817 0.2429694 0.2902834 0.3054836 -0.8370933 0.4538222 -0.4322739 -0.9017303 -0.004658573 0.6564295 0.6435564 0.3936185 -0.2278127 -0.9633852 -0.1413874 0.9241007 0.3437671 -0.1669192 0.4078659 0.9074169 0.1011925 0.5140973 -0.8577316 0.0006375372 0.681773 0.7309295 0.03045627 0.7924223 -0.6061738 0.06797259 -0.9265285 0.2424497 -0.2876858 0.3999467 -0.6905662 0.6026284 0.8851323 0.4155815 -0.2093629 -0.6372468 -0.7705724 -0.01160515 0.09608198 0.7849683 -0.61204 -0.6503859 -0.7246887 -0.2276499 0.460254 -0.5179664 -0.721025 0.2481626 0.5302294 -0.8107232 0.2311321 0.8890267 -0.3952334 -0.8541546 0.4251864 0.2993935 0.7117685 0.073194 0.6985901 0.8146739 0.579878 -0.006921617 -0.1969244 -0.8808684 -0.4304552 0.5794765 -0.8013555 -0.1484465 0.8975892 0.1849882 0.4001411 -0.6896078 0.66885 -0.2776341 0.8516939 -0.5175288 -0.08234982 0.568341 -0.8227774 0.005091895 0.8393682 -0.5435572 0.00258017 -0.6868021 0.7001271 0.1952558 -0.7857114 0.6119362 0.09050792 -0.9938817 -0.1082329 0.02201771 0.1815627 -0.9833518 -0.007365641 0.7595875 0.6497725 0.02868066 -0.8995014 -0.05510275 -0.4334293 -0.4851144 -0.7585842 -0.4349874 0.9056945 -0.1347941 0.4019303 -0.5132576 -0.7242671 -0.4604387 -0.2555077 -0.9663833 -0.02862122 0.9997523 -0.01960291 -0.01053764 -0.6802883 -0.6846069 0.2617657 0.412557 -0.8942006 -0.1737873 0.8862321 -0.2891005 -0.361958 0.5099524 0.8455452 -0.1581196 -0.4052996 0.439608 -0.8015467 0.9334354 0.2051841 -0.294275 -0.907918 -0.4019344 -0.1188853 0.003078194 0.7976488 -0.6031143 -0.7105363 -0.5722841 0.4094253 -0.5846097 -0.8086158 0.06612115 0.02756178 -0.8543417 0.5189804 0.8315425 -0.1762538 0.5267557 -0.08560219 0.8503112 -0.5192717 -0.1978397 0.9802069 -0.007340596 0.1326243 0.9639503 0.2306741 -0.3279198 -0.4084182 0.8518587 0.2690713 0.896061 0.3530939 -0.7726602 0.5125545 0.3745452 0.3059838 -0.7586614 -0.5751581 0.9950464 0.03267793 0.09388746 0.6606225 0.5469689 0.5142013 -0.1403341 0.9897347 -0.02704716 -0.2977717 -0.8486383 -0.4372014 0.7610926 0.6233712 -0.1792942 0.6793599 0.733789 -0.004876396 -0.1502992 0.987485 0.04778548 -0.9184033 0.370146 0.1397398 0.200711 -0.9522959 0.229886 0.7608199 0.5500423 -0.344393 0.9954191 -0.09560453 0.0008090881 0.9974415 -0.04905303 -0.05200235 -0.8301256 0.1991882 -0.5207837 0.2610779 -0.9486271 0.1787316 0.5419991 0.7525319 0.3740758 -0.4258282 -0.9048023 -0.001757516 0.6807821 0.5526678 -0.4807224 0.9081511 0.380596 -0.17438 0.7186415 0.6149295 0.3246785 0.7368509 0.5901353 0.329835 -0.9531997 0.05088699 0.2980283 0.3951626 -0.8631668 -0.3143081 -0.5493831 0.7551774 0.3576104 -0.719321 -0.6938324 -0.03426222 0.4423314 0.8414042 -0.3104543 -0.7013986 -0.7127662 0.002090401 0.5834436 0.7982843 0.1494513 -0.7086229 -0.7053514 0.01824604 -0.8920098 0.3077531 -0.3310688 0.05764057 -0.7804252 0.6225866 0.7158166 0.5975353 -0.3613283 0.6322501 0.7745981 -0.01604665 -0.3487961 -0.6967647 -0.6267857 -0.3423103 0.1638335 0.9251931 0.1449459 -0.5173704 0.8433971 0.770155 0.1097637 0.6283416 -0.9540882 0.1752972 -0.2428715 0.5404698 0.6845137 0.4892171 -0.5873262 0.7922718 0.1653882 -0.5963358 0.8020863 -0.03226743 0.5469493 -0.8351095 -0.05863936 0.2333075 -0.8702754 0.4338067 0.8348913 -0.550145 0.01723137 -0.7619282 -0.6454968 0.05290873 0.9224697 0.3847691 -0.03166042 -0.8055896 0.5914681 0.03450798 0.4874412 -0.8659872 0.111657 0.5234264 0.5293945 -0.6676573 0.1345932 0.8253566 -0.5483349 -0.8165852 0.3875355 0.4277906 0.1816057 -0.9821106 -0.0497815 0.1849312 -0.9812761 -0.05383073 -0.4228209 -0.9051344 -0.04420734 0.1422849 0.9550596 -0.2600312 0.07181968 0.8644932 0.4974872 -0.7884214 -0.6151335 0.001552451 0.3214984 0.9447633 -0.06372656 -0.7346486 -0.5848444 -0.3438727 0.7970037 -0.4018784 0.4508646 0.3073764 0.9412613 0.1398105 -0.3279285 0.7252795 -0.6053368 -0.5895433 -0.531563 -0.6081772 0.9384619 -0.3453252 -0.006315414 -0.462687 -0.02649895 0.8861256 -0.9323515 0.3615531 0 -0.1877366 -0.982127 0.01347564 -0.9318955 -0.1954916 0.3055386 -0.2578631 -0.8902623 -0.3754193 -0.6165949 0.5102676 0.5995312 0.2013069 -0.5899234 -0.7819629 -0.4960714 -0.868125 -0.01649973 0.7246223 0.2650166 -0.6361515 -0.1676984 0.7903691 -0.5892316 -0.2842057 0.5495753 0.785617 -0.4954483 -0.8684113 0.01981938 0.6237234 0.7788917 0.06555079 0.1570199 -0.8452023 0.5108599 0.7405998 0.580648 -0.3381713 -0.9325211 0.3140224 -0.1783097 0.6574771 -0.7526612 -0.03500109 -0.6948965 -0.3707025 -0.6161968 0.05940269 0.7508024 0.6578504 0.1972153 -0.5470744 0.8135206 -0.691425 0.7014109 0.1730726 -0.5297925 -0.8479459 0.01753835 -0.6524113 -0.5580877 -0.5127355 -0.2440975 0.9261925 0.2873741 -0.8437857 0.5198731 -0.1332577 0.9290764 -0.369853 -0.005087117 0.301773 -0.614241 -0.7291372 -0.9496527 0.1151841 -0.2913628 0.6325916 0.4246295 0.6477019 -0.8985215 0.03828363 0.4372568 0.8232004 -0.5078627 0.2538045 0.9826626 0.1854027 -0.000151075 -0.6846243 -0.3346121 0.6475525 -0.2536427 -0.9303168 0.2649078 0.6069305 -0.6261325 -0.4894829 -0.2139024 0.976055 -0.03952718 0.4993537 0.7856236 -0.3652962 0.1285792 -0.9867785 -0.0986693 -0.545944 0.6527598 -0.525214 0.01753684 -0.9841995 -0.1761923 0.3864539 0.8962183 -0.2178215 0.01835631 -0.9824352 0.1856991 0.397356 -0.7618279 0.5115921 0.5689679 0.7096242 0.4155828 -0.8021155 -0.5805965 -0.1397083 0.8350711 -0.3245401 0.4442184 -0.02313003 0.9591922 -0.2818073 -0.2163939 -0.9762413 0.01125492 0.6997378 0.7138976 -0.02678156 -0.7551927 -0.5774843 -0.3101545 0.9185533 0.3533694 0.1771719 -0.8068993 0.4697122 0.3581676 0.93285 -0.3596737 -0.02063336 -0.9361186 0.3516844 0 -0.008305055 0.8666798 -0.4987957 0.07252284 0.8068946 -0.5862266 -0.9470386 0.3154055 0.06030959 0.6520487 -0.6095278 0.4508974 0.1739125 0.7587566 0.6277284 -0.5349545 -0.3227017 0.7808247 0.4936359 -0.7263757 0.4782279 0.3988516 0.4449747 -0.8018198 -0.8836627 0.2609649 0.3886355 -0.7656443 0.6408279 -0.05593148 0.2768457 -0.7578764 -0.5907452 0.3380964 0.9411115 6.752577e-05 -0.7468052 0.6650011 0.00744503 -0.7373433 0.6750473 -0.02521935 0.4192472 0.884307 0.2055066 -0.3109341 -0.9501496 0.02314343 0.9707944 -0.2397879 -0.007742404 -0.2790164 0.959813 0.0301465 0.3877743 -0.8995843 0.2009455 -0.8090964 0.08156178 0.5819886 -0.4360393 -0.8978466 0.06116514 0.180011 -0.9778905 0.1064251 -0.3966685 -0.9176741 -0.02298376 0.4076877 -0.8651984 0.2919289 -0.168006 0.977045 -0.1309851 -0.8950881 0.02724661 -0.4450561 -0.9079288 0.4143556 -0.06304563 0.1704313 0.9853219 -0.009694926 -0.9745739 0.1974641 -0.1058942 0.9430501 -0.3325912 -0.006288716 0.947857 -0.3102418 0.0729193 -0.3870821 0.6578857 0.6460293 0.3131466 -0.7625341 -0.5661104 0.9426813 0.1850241 -0.2777014 0.5958889 0.7793075 0.1938975 -0.9379304 0.3147713 -0.1456213 0.4818564 0.8762364 -0.004924491 -0.7347629 -0.1037548 -0.670342 -0.6247633 -0.1861142 0.7583088 0.09499395 -0.5438145 0.8338117 0.4769969 -0.00592248 0.878885 0.8429634 -0.5373264 0.02632647 0.3089869 -0.8122145 0.4948078 0.7048246 0.6122475 -0.358295 -0.9777392 0.1855141 -0.09803361 0.9829632 0.1828456 -0.01873216 0.4569357 -0.154572 -0.8759665 0.6495632 -0.7603062 0.00146218 -0.1656002 0.6480479 -0.7433777 -0.5481834 -0.2399492 -0.8011987 0.7863763 -0.2574069 0.5615639 0.7494297 -0.631538 0.1987833 -0.3720957 0.1191526 0.9205148 -0.08733575 -0.9113204 -0.4023278 0.9161768 -0.279671 0.2870613 0.6987025 0.4863756 0.5246462 0.9267275 -0.3754596 -0.01435988 -0.1293609 -0.9914381 -0.01778415 0.5063287 0.6578728 -0.5575254 0.4633992 -0.6304549 0.622726 -0.9832693 -0.1819089 0.009516123 0.7552801 -0.05364512 -0.653203 0.2689011 0.93225 -0.2420787 -0.3673052 0.8809622 0.298316 -0.6068261 -0.3125232 0.7308155 -0.7185755 -0.6921523 -0.06763409 0.8556527 -0.2777505 0.4367071 -0.1697144 0.9297489 -0.3267476 -0.3031663 -0.8122197 -0.4983868 0.9716395 -0.179684 -0.1537214 -0.2845503 0.7892488 0.5441668 0.602624 -0.5788242 -0.5493695 -0.6358071 -0.2216855 -0.7393273 -0.3682405 0.9297244 0.0033968 -0.5425565 -0.8332083 0.1067537 0.6070746 -0.7023818 0.3716454 0.272812 0.5335359 -0.8005704 -0.8774399 0.2234513 0.4244629 0.382391 0.9202528 -0.0831377 -0.4398122 0.8980877 0.001943741 -0.7414344 0.6708833 -0.01381125 0.2120632 -0.7052646 0.6764844 -0.9606854 -0.2726062 0.05262558 0.9990176 -0.03117831 -0.03149068 -0.488862 0.8716857 0.034323 0.8859411 -0.0101546 0.4636866 0.5892289 0.7466923 0.3086419 -0.4697005 0.8601764 -0.1986905 0.9939942 0.1071841 0.02206969 -0.723673 0.3904374 -0.5690834 0.993109 0.1160166 -0.01657035 -0.5995786 0.5030338 0.6224648 0.2669825 -0.96356 0.0165043 -0.2707365 0.9626031 -0.009845732 -0.01131681 -0.9435988 0.3308976 -0.9527229 0.2139881 0.215704 -0.5225886 -0.851788 -0.03685535 -0.4436848 0.8691862 0.2183095 -0.8332232 -0.5529179 -0.004570429 -0.5797195 0.09486444 -0.809275 -0.6078234 0.7940423 -0.006891868 -0.1125278 -0.9928824 -0.03901434 0.4501438 0.7073293 -0.5450283 0.1385284 0.9903538 0.003027359 -0.8329208 -0.5533794 0.003774676 0.05037288 -0.447045 0.893092 0.8122103 0.3885853 -0.4351043 -0.3468191 0.4045565 -0.8461977 -0.2731302 -0.5650478 -0.7785376 -0.8986843 -0.4322456 -0.07436588 -0.1830235 0.9804483 -0.07227345 -0.2258013 0.9719236 0.06616787 -0.2045911 -0.8993551 -0.3863973 0.9080972 0.1948958 0.3706414 -0.3698631 0.8975327 0.2400756 -0.7684518 -0.424136 -0.479156 -0.5216058 0.8531857 -0.001245925 -0.7833478 -0.2449757 0.5712733 0.6440878 -0.7030735 -0.3013943 0.1145236 0.9681767 -0.2225268 0.9411659 -0.3347758 -0.04617342 -0.05983034 -0.8884349 -0.4550865 0.8625595 0.2021314 -0.4638253 0.2868161 -0.8525365 0.4369416 0.7765373 0.2341699 0.5849396 -0.9805591 0.1961866 0.003838911 0.7453393 0.3090957 0.5907023 -0.02713065 0.8763187 -0.4809671 -0.4301192 -0.1041343 -0.8967461 0.3861493 -0.4931852 -0.7795236 -0.1185778 0.9927447 -0.01993198 0.703135 0.7106398 -0.0243368 0.2543065 0.5200656 -0.8153894 -0.8848152 0.4659275 0.003680321 0.01129651 0.971882 0.2351972 0.5180822 -0.5419011 -0.6617659 0.9813239 0.1180072 -0.1519134 -0.4705137 0.5512278 0.6890318 0.8365458 -0.5413409 -0.0845054 0.8644671 -0.5020251 -0.02583345 0.6966988 0.7057854 0.1283654 -0.7060195 -0.6094483 0.3607066 0.7361233 -0.659542 0.1520751 0.02207289 0.9325815 -0.3602839 0.2651246 -0.5113276 -0.8174674 -0.5257445 -0.585679 -0.6169058 0.9344344 -0.1415939 0.3267775 0.9915726 -0.007727487 0.1293216 -0.8925152 -0.2281661 -0.3890461 0.6754436 -0.7188218 0.164533 0.1655095 0.9605845 0.2233474 -0.3743212 0.9261976 -0.04518576 0.8819363 0.4713536 0.003766405 -0.3532396 0.9355189 0.005118242 -0.2923405 -0.707478 0.6434376 0.7674046 0.6411264 0.00686359 0.3294103 -0.9439014 0.02321463 -0.6760478 -0.7364981 0.02301929 0.7847164 -0.6198071 -0.007700856 0.1429078 0.9892817 0.02998486 -0.5988393 -0.7492842 -0.2827804 0.1232359 -0.9910849 0.05063139 -0.8290525 0.3973318 -0.3934454 -0.2307345 -0.863833 -0.4478328 0.9527255 0.3036871 -0.009393347 -0.9957438 -0.07017152 0.0597507 0.06880865 -0.9853338 -0.1561493 0.9561071 -0.2153498 -0.1987052 0.8097631 0.5857354 -0.03460772 0.2229371 -0.8143075 -0.5359126 -0.6056267 0.7957474 0.001528443 0.2087961 -0.7368425 0.6430143 0.3708373 0.6722305 0.6407698 -0.4934038 0.173881 0.852243 -0.5446 -0.4374284 0.7155887 0.9798659 0.1392292 0.1431015 -0.777435 0.181232 -0.6022872 -0.1457002 0.9893215 -0.00380662 0.1479942 -0.9889325 0.01049843 0.8543306 0.001018452 -0.5197289 0.2235568 -0.9725551 -0.06449004 -0.5304003 -0.702933 0.4738784 0.7402769 -0.2757292 0.6131587 -0.7317374 -0.5375054 -0.4191043 0.9132688 -0.3851449 0.1326784 -0.7843309 0.6200398 0.01938346 0.9474578 -0.3155493 -0.05246296 -0.9706236 -0.01677948 -0.2400174 0.8418516 0.1516965 -0.5179518 0.799724 -0.5498959 -0.2409482 -0.1578796 0.9600015 -0.2312384 0.7254145 -0.5086329 0.4637525 -0.506267 -0.3630938 0.7822126 -0.9685602 0.2480009 0.01966439 0.529872 -0.847974 0.01325647 -0.1138446 0.8642003 0.4900993 -0.7324388 -0.3918847 0.5567403 0.7191674 -0.585498 -0.3741529 0.07193529 0.9782842 -0.1943844 -0.2716306 -0.9623997 -0.001878111 0.4903126 0.4837508 -0.7249681 -0.9805473 0.196271 0.002165285 -0.9678976 0.2512453 0.007080276 -0.7297238 -0.5720971 -0.3744436 -0.3190102 -0.9239774 0.2109463 0.5567938 -0.3074773 0.7716465 -0.4383244 0.5291642 -0.7265377 0.1026566 -0.9930486 0.05758605 0.176669 0.8252118 0.5364826 -0.8024653 -0.09510461 0.589071 0.4066543 -0.7364674 0.5405997 0.7214512 -0.6201036 0.3081878 -0.9672953 -0.2476014 0.0550764 -0.4121804 -0.7046416 -0.5775703 0.3704823 0.6961084 0.6149602 0.2527636 0.9604581 -0.1167509 -0.9266512 0.3462223 -0.1464502 0.8664302 -0.4989378 0.01896904 -0.8805399 0.08699569 0.4659199 -0.8770476 0.4803627 0.006263136 -0.9023285 -0.3318702 0.2750734 0.8975961 -0.4381994 0.04798409 0.1065615 0.9239524 -0.3673643 0.9956484 0.09177725 -0.01616008 0.4496237 -0.8931924 -0.006777054 0.4505901 -0.8924959 -0.02048561 -0.3132691 0.8914051 -0.3275047 -0.7256238 0.6125151 -0.313521 0.6486594 0.6528319 0.391218 -0.06086539 -0.6486155 0.7586786 -0.5753756 0.4822919 0.6605584 -0.8408419 -0.3765513 -0.3888366 0.7661636 -0.6031132 0.2219185 0.1182865 0.971567 0.2050994 -0.3495198 0.9368783 -0.009743249 -0.3503125 -0.671766 -0.6526956 0.8857136 0.4636207 -0.02381611 -0.3592112 0.9327617 0.03038 0.002941166 0.9983506 0.05733656 -0.305487 -0.9515777 -0.03431542 0.9726022 0.2294476 0.03740114 0.07600737 0.957775 -0.2772902 -0.2729412 -0.8638962 0.4233043 0.7214767 -0.6366984 -0.2721886 0.8238675 0.08718703 -0.5600364 0.6985634 -0.5517991 -0.4555512 -0.9958517 0.0834355 0.03630308 -0.6939968 0.592408 0.4091713 0.5699684 0.8212112 0.02735207 -0.44098 0.6111688 -0.6572742 -0.3118152 -0.9383723 0.1490928 0.7622812 0.2768879 0.5850303 -0.433086 0.8995309 -0.05727748 0.4263341 -0.2744829 -0.8619155 -0.9259827 -0.3768209 -0.02370626 -0.8340251 -0.5510908 0.02647768 0.8834164 0.3683208 -0.2896813 -0.6520302 0.6181826 0.438984 -0.2699884 -0.901516 -0.3381939 0.8445374 -0.3965169 -0.3599041 0.04753147 0.9985265 -0.02618346 -0.5427769 -0.8018815 -0.2497585 -0.3523691 0.7028281 -0.6179552 -0.323375 -0.8309846 -0.4526513 0.8214286 0.1101099 -0.5595809 0.7321345 0.6811344 0.005916586 -0.2028503 -0.8863854 0.4161403 0.9405039 0.248259 -0.2319912 -0.4570625 0.8893688 0.01081118 -0.7142404 0.581531 -0.3894642 -0.2366474 -0.7191785 -0.6532843 -0.4899912 0.8702191 0.0512574 0.8615171 0.5073981 0.01831306 0.9077978 -0.4194056 0.001416025 0.2744168 0.9275776 0.2535648 -0.8303255 0.5319553 -0.1660816 0.6422769 -0.7618738 0.08383718 -0.6203792 0.5339915 -0.5744412 0.8758457 -0.084035 -0.4752183 0.3433397 0.9392074 -0.002708388 0.6599521 0.751294 -0.004533574 -0.5168113 -0.8536692 0.06445873 -0.5227763 -0.8206061 0.2308908 0.6659864 0.7456911 0.02017355 0.3074884 0.9496592 0.05998553 -0.3442078 0.8487967 0.4013293 -0.1270063 -0.9910378 -0.04139337 0.7598663 0.4139996 -0.501206 -0.9549286 0.29252 0.05043171 -0.1241085 0.9918191 0.02986578 0.1348886 -0.9908474 0.005143078 -0.4920425 0.6613641 0.5661199 0.05652529 -0.9903511 0.1265287 0.04968488 0.8820568 -0.468516 -0.8365498 -0.5474837 0.02112138 0.7840466 -0.3756178 0.4941479 -0.3741274 -0.7062687 -0.6010102 -0.7183224 0.4734406 -0.5097715 0.9526451 0.07960229 -0.2934804 -0.5617955 0.6087891 0.5601443 0.9386452 0.1625717 0.3041638 -0.7831486 0.4821291 0.392721 -0.9708049 -0.2147481 -0.1068695 -0.4551845 -0.8305714 -0.320871 0.6991414 -0.6849345 -0.2051003 -0.8383249 0.2970928 0.4571075 0.7278797 -0.6856683 -0.007080696 0.9991918 0.03867688 0.01094419 -0.7000887 0.7128163 0.04205713 -0.827361 -0.4433805 0.3448007 -0.02025 -0.6323825 -0.7743915 -0.4694871 -0.8828758 -0.01058914 -0.9791192 0.201519 -0.02675278 0.6699883 0.4881798 -0.5592819 0.1721744 -0.9049127 0.3892158 0.8647887 0.06919165 0.497346 -0.9846585 0.1744431 -0.004150545 -0.7253912 0.3436796 0.5963992 -0.2661738 -0.6128334 0.7440341 0.8167516 0.09849701 0.5685201 -0.5214377 0.8529205 0.02508522 -0.8121988 -0.5833204 -0.008392361 0.9114141 -0.4101909 0.0326748 -0.4308112 0.9006948 0.05612894 -0.6956096 -0.3875913 0.6048969 -0.5500353 0.7955526 -0.2540812 -0.8430582 -0.5377125 -0.01086698 0.7441407 -0.5818049 -0.3282645 -0.5322178 -0.846517 0.01237218 -0.5296351 0.5004793 -0.684841 -0.4830593 -0.8744042 -0.04550802 0.758015 0.188099 0.6245254 -0.9769079 -0.2135755 0.006040885 -0.9766038 -0.2150419 0.001391884 -0.9769624 -0.213391 -0.002942402 0.5971798 -0.2363567 0.7664932 -0.510736 -0.8548573 0.0914756 -0.1001227 0.8877838 0.4492387 -0.7868225 -0.6128883 -0.07265198 0.9791505 0.09964735 -0.1770163 -0.07298615 -0.9967227 -0.03488283 -0.4794468 0.6423218 0.5979578 -0.1398088 -0.9838694 0.1115995 -0.4573205 -0.6846091 0.5675987 0.6742847 0.2011275 0.7105546 -0.7164374 -0.6946631 0.06450222 -0.613661 0.7581041 -0.2206768 -0.8009145 0.585113 -0.127196 -0.1014904 -0.9056487 0.411704 0.9794141 0.09646738 -0.1773189 0.45318 -0.891272 -0.01619269 0.9108304 -0.412378 -0.01823287 0.8043393 -0.0443225 -0.5925149 -0.6281366 0.6256555 0.4626009 -0.2687638 -0.5280832 0.8055397 0.6459467 0.1532305 0.7478457 -0.9531568 0.020076 -0.3018098 0.08978797 -0.9885234 -0.1214892 0.7658778 0.5348587 0.3568716 0.2248133 0.9694687 -0.09792568 -0.5502501 -0.8139422 0.1863407 -0.6725415 0.4628616 0.5774487 -0.5875671 -0.7282233 0.3527828 0.7835685 -0.1878101 -0.5922396 0.9483915 -0.3170999 -0.001130203 -0.3974236 0.6103069 -0.685259 0.9625015 -0.2463531 -0.1135828 0.1357911 -0.9907131 -0.006958751 0.9643789 -0.2399701 0.1113003 -0.09888845 0.8582511 -0.5036131 -0.8102265 -0.5840285 0.04943303 0.8577622 -0.2460178 0.4513527 0.9841923 -0.007879101 -0.1769276 0.2705023 -0.9625898 -0.01579407 -0.9214457 -0.3883839 -0.009788228 0.2461546 -0.9662829 0.07553321 -0.2567372 -0.5630153 0.785557 -0.9226834 -0.3854434 0.009414036 -0.3671431 0.8780459 0.3069875 0.9856726 -0.168409 -0.009374532 0.4529032 0.8249889 0.3380413 0.08015937 -0.8609464 -0.5023403 0.7317649 -0.681528 0.006299363 0.9998542 0.017006 0.001558257 -0.9072748 0.2431961 -0.3430861 0.9998177 0.01554123 0.01108785 0.6265242 -0.7573667 0.1840193 -0.7416346 0.6699987 0.03286166 -0.1059918 0.9743651 -0.19844 -0.3700814 -0.8663009 0.3355032 0.8888683 -0.4380105 -0.1343873 0.8943128 0.3281058 -0.3042224 0.5198295 -0.8542369 -0.007520282 -0.6566339 0.5824819 -0.4791104 0.9492913 -0.3087005 0.05958179 -0.8121413 0.5823699 -0.03566217 -0.07963812 -0.9960658 0.03886866 0.8006077 0.318089 -0.5077861 -0.6945513 0.5186197 -0.4986302 -0.1994304 -0.5914787 0.7812685 -0.6370839 -0.7707201 0.01071 0.05961871 -0.9981339 -0.01320583 0.9979145 0.05887127 -0.02647417 -0.8718426 0.2550413 0.418144 -0.2085732 0.9761349 0.06048037 0.994805 0.08301255 0.05892237 0.8766816 -0.4076615 0.2554242 -0.2135951 0.9085756 0.3589813 -0.8922817 0.3953824 -0.2179588 0.2026139 -0.9232141 -0.3265323 -0.9854154 0.1674029 -0.03054012 0.3368018 0.4390772 -0.832932 0.1773583 -0.8575175 -0.4829159 0.5302076 0.2984332 0.7936104 -0.4992588 0.397872 0.7697003 0.7642654 -0.5175001 -0.3848273 -0.2164704 0.9635454 0.1572285 -0.8073862 -0.4463432 0.3858826 0.08430312 0.9962815 -0.01777912 0.8909864 -0.4514861 -0.04799609 -0.3245472 0.7171751 -0.6167082 -0.390512 -0.7621479 -0.5163632 0.9123978 -0.3839672 -0.1417726 0.8748469 -0.3146708 0.3682733 -0.09055609 -0.9958771 -0.005336689 -0.9198831 0.2834787 -0.2710258 -0.05051347 -0.9749716 0.2165152 -0.8595853 -0.5001928 -0.1045005 0.009193179 0.6844853 -0.7289687 -0.4197276 -0.7508395 -0.5099693 -0.6281601 0.5815775 0.516897 -0.761372 -0.5442713 0.3522518 -0.8946685 -0.4446161 0.04341474 -0.8089384 0.5569495 0.1882178 0.9536987 0.1748534 0.2447143 -0.6682159 0.2531048 0.6995895 -0.219537 -0.4490423 -0.8661204 0.8252371 0.01999525 -0.5644324 -0.8419421 -0.469311 -0.266234 0.8305463 -0.5567444 -0.01511841 0.2388456 0.8377615 -0.491028 -0.5055157 0.8626742 0.01571835 -0.5059622 0.8625503 0.003021891 -0.5226434 -0.04511847 0.8513567 -0.9859223 0.1670417 0.007369106 0.7648489 0.3378531 -0.5485084 -0.8835887 0.4157557 0.215449 0.2073635 -0.8918727 0.4019495 -0.541878 -0.4226289 -0.7264661 -0.9624258 0.2685103 -0.04048057 -0.9537448 0.2998987 0.02077669 0.1996885 0.9551741 0.2185566 -0.8566638 0.3277131 -0.3984109 0.1960487 -0.9805503 0.009270573 0.9941603 -0.08258658 -0.06946027 -0.1252026 -0.9920957 -0.008391413 -0.1862846 -0.9824579 -0.008628935 -0.4194283 0.5482831 0.7235092 0.7295695 0.6682232 -0.1456229 -0.7888878 0.2355058 0.5676205 0.144566 -0.8883077 -0.4359015 -0.9874382 0.1484816 -0.05402832 -0.9791345 -0.1902771 -0.07134648 0.9850904 0.01533542 0.1713524 -0.9914623 0.1303919 0.0006733403 -0.9881511 -0.1515025 0.02458295 0.9729379 0.2305986 0.01470151 -0.5701214 0.3615503 -0.7377283 -0.8872065 -0.3573371 0.2918471 0.6965856 -0.4150924 -0.5852066 0.6375053 -0.6657437 -0.3877786 -0.9617183 0.2686826 0.05392152 0.6306481 -0.5267436 0.5699334 0.4115168 -0.9112514 0.01657672 0.3408818 0.5434274 0.7671286 0.9716531 0.2349694 0.0260703 -0.3063589 0.9518761 -0.008722119 -0.6697272 -0.7418305 0.03395733 0.987006 -0.01002286 -0.1603704 -0.9258455 0.3235629 -0.1952361 0.1592719 -0.623143 0.7657188 -0.8724469 0.2039765 -0.4441057 0.03636489 -0.9991063 0.02154666 0.5915356 0.5836249 0.5562981 -0.6061916 -0.5982786 -0.5240177 0.9880632 -0.154009 0.003498755 -0.2489934 -0.8511418 -0.4621255 -0.2452018 0.5290297 -0.8124061 -0.2591839 -0.8274903 -0.4980798 -0.5228573 0.3147274 0.7921912 0.5484861 0.1201214 0.8274865 -0.9846646 0.1693293 0.04199087 0.8901808 -0.157519 -0.4275113 0.2315763 0.9700052 -0.0739073 -0.5822719 -0.7653799 0.2741406 -0.1386402 -0.985848 -0.0942478 -0.3353503 0.5462281 0.7675774 -0.4328352 -0.2772677 0.8577741 0.9318875 0.3327699 0.1443949 0.6660143 0.7459267 0.004288626 -0.8680271 0.4082141 -0.2826485 0.2794921 -0.9166251 0.2858015 -0.3798572 -0.9144406 -0.139667 0.9094675 0.4156801 -0.008880965 0.899578 -0.09233151 -0.4268891 0.7405156 -0.09500326 0.6652902 -0.8999166 -0.4354083 0.02387093 0.6341115 0.371725 0.6780289 -0.9961507 -0.06010511 0.06380619 0.1749046 -0.4196832 -0.8906595 0.2324945 0.8352888 -0.4982358 -0.5528183 0.01294074 -0.8332014 -0.9999746 -0.007092158 -0.0006641384 0.9989122 -0.002573827 -0.04655953 -0.2491936 0.3875756 0.8875177 0.2235245 -0.2628471 0.9385884 0.5889821 0.5534557 -0.5888861 -0.7362226 0.6767026 0.007064586 0.1295357 -0.8902753 0.4366124 0.2456027 0.9425156 -0.2265912 0.3440653 -0.6578943 -0.669921 0.144798 0.9886408 0.04028529 0.421738 -0.5396341 0.7286509 -0.07201898 -0.9957328 0.05770186 0.1935549 0.9729586 0.1260479 -0.9390344 0.3369824 -0.06824479 0.5924392 0.708168 0.3840753 -0.8932898 -0.05060886 -0.446623 0.5290333 -0.8227251 0.2079596 -0.1435741 -0.9896375 -0.002011375 0.36859 0.4387824 -0.819519 0.1799526 0.9785075 -0.1006978 -0.7210393 0.4771899 -0.5023865 -0.07237942 -0.9924068 0.09944816 0.5803193 0.4109757 0.703085 0.6405586 0.7663585 -0.04877927 -0.8353184 0.09364551 0.5417322 0.1883681 -0.8699317 -0.4557811 -0.9856377 -0.1648959 -0.03643797 0.9915608 0.001443743 -0.1296347 -0.9875194 -0.1574924 0.001264557 0.9729045 0.05521393 0.224518 0.9923561 0.09607715 0.07745011 0.8242901 -0.1512753 0.5455838 -0.01246133 0.5307795 -0.8474183 -0.5166962 -0.5061249 0.6905524 -0.5461274 -0.5663458 -0.6172498 0.8531511 -0.492804 -0.1711066 -0.2981168 0.9459721 0.1275267 0.7557161 -0.4926608 0.4314841 -0.6743671 -0.7361935 0.0569918 0.8665642 0.4978987 -0.03410865 -0.8736134 0.4851984 0.03717583 0.7455913 0.448193 0.49317 0.1085949 0.9371484 0.3316022 -0.8484532 0.4838589 -0.2144942 0.7896905 0.6130395 0.02390548 -0.79878 -0.04633652 -0.5998362 0.7843148 0.6201033 -0.01794903 -0.7496243 0.1097345 0.6527034 0.7330757 -0.679912 0.01787749 -0.7357795 0.6771372 -0.01066508 0.481205 -0.8014723 0.3550828 -0.9195094 -0.3167713 0.2327197 0.002404206 -0.9992001 -0.03991803 -0.8305156 0.5047572 0.2355079 -0.4188826 -0.9080269 -0.004950806 -0.5147654 -0.2119016 -0.8307312 -0.9341854 0.3567098 -0.007465431 0.4254273 -0.9040056 -0.04225584 0.01148511 0.8175458 -0.5757491 -0.4020264 0.9156222 0.003279317 -0.4183832 -0.9082614 0.004088828 0.2601615 -0.3318351 0.9067533 0.4794673 0.7450041 -0.4637672 -0.4787218 0.1530219 -0.8645286 0.06105536 -0.5938811 -0.8022328 -0.5376922 -0.8392879 -0.08051658 -0.6701978 0.7380456 -0.07825317 -0.7021679 0.7083974 0.07164768 0.2942425 -0.861773 -0.4132418 0.6627223 0.635103 0.3967913 -0.7820934 0.5668947 0.2587668 -0.4230281 -0.749642 -0.509003 -0.8918587 0.4523122 -0.001349621 -0.5234948 -0.6029293 0.6020211 0.9101567 -0.2582231 -0.3239377 -0.4090622 0.8803743 -0.240019 0.9766068 0.2091372 -0.05000709 0.4082355 -0.773793 -0.484343 0.6166176 0.6135355 -0.4933123 0.6805155 -0.5657356 0.4656628 0.5226974 0.5897397 0.6156253 -0.9375555 -0.3478108 0.004158409 0.4584265 0.6354325 0.6213459 -0.4737453 0.7173526 -0.5108529 -0.2917332 -0.2945733 -0.91001 0.5588697 -0.2064254 -0.803152 -0.6220852 0.7826518 -0.02159013 0.22535 0.9739212 -0.02636094 -0.05358478 0.5455535 -0.8363612 -0.9976795 -0.06796807 0.003986621 -0.4982334 0.8291389 0.253559 0.6993716 -0.1824267 -0.691086 0.7717157 0.6143971 -0.1642285 -0.6630961 0.2135226 0.7174341 0.9955736 -0.02154451 -0.09148196 0.9992555 0.02656107 -0.02798189 0.2221152 0.9650831 0.1388508 -0.2778252 -0.879496 0.3863935 0.9708299 -0.1745311 0.1644027 -0.4656024 0.7964022 -0.3859506 0.4677384 -0.280217 -0.8382716 -0.1355852 -0.7501342 -0.6472367 0.8616986 0.3666814 0.3507424 0.8467639 0.5132484 0.1398821 -0.6316058 -0.6542294 -0.4160024 0.9500241 -0.256589 0.1778099 -0.3618726 0.9005648 0.2408966 -0.8046922 0.5916718 -0.04893781 0.5031635 0.8641816 0.004079869 -0.7917838 0.6107763 0.005544208 0.1184313 -0.7298738 0.6732446 0.3165546 0.9485452 0.0074348 0.7758689 -0.6303929 0.02514555 -0.1887233 -0.9817137 0.02493399 0.9932666 -0.1155504 -0.008341737 -0.3977055 0.9169381 0.0324779 -0.1155088 -0.9455748 -0.3042139 0.6250609 -0.7786477 0.05483314 -0.9021816 -0.09579828 -0.4205842 0.2527698 -0.8418365 -0.4768844 0.6514321 0.7586387 -0.01017505 -0.8103936 -0.582302 0.06470359 0.5746437 -0.8008089 -0.1687889 0.9236499 0.317579 -0.21451 0.3816478 0.9235474 -0.03748414 0.6024321 -0.5621944 -0.5665801 -0.9332146 0.3593157 0.001655651 0.5453363 -0.4999063 0.6728313 -0.03603394 0.7409081 0.6706391 -0.4817888 -0.1046486 0.8700162 -0.2241278 -0.6308025 0.7428694 0.7595286 0.6318012 0.1547371 -0.7340923 -0.2462739 -0.6328172 -0.6433926 0.7655252 -0.004123431 0.6451356 -0.7639835 0.01137208 0.7101523 0.4392172 -0.5502471 0.7006029 -0.710126 -0.06983222 -0.08083339 -0.8601425 0.5036078 0.7507283 0.1491801 0.6435466 -0.3355288 -0.8291013 -0.4472264 0.977996 0.1514297 0.143502 -0.9930334 0.1159476 0.02099602 0.9718168 0.2287883 -0.05681577 -0.8132435 -0.5212552 -0.2587046 0.6225515 0.5582409 -0.5484494 0.9644997 -0.04792961 -0.259698 -0.635428 0.7307979 -0.2493307 0.8683913 -0.05111864 0.4932376 -0.228453 -0.546558 0.8056572 -0.9545146 -0.2974024 0.0213003 0.8961444 -0.4435301 0.01435955 -0.5394743 0.6621122 0.5201681 -0.4068571 -0.6995106 0.5874966 0.9085109 -0.1193236 -0.4004619 -0.4508935 0.8675523 -0.2098762 0.2740667 -0.9617085 -0.002034421 0.1563728 0.6405835 -0.751798 -0.9375906 -0.3477331 0.002345495 -0.9556817 -0.2943019 0.007669517 -0.3168968 -0.8596297 -0.4007657 0.2127512 -0.9502227 0.2276264 0.6048587 0.02914939 0.7957991 -0.6229843 0.2108215 -0.7532893 0.6085406 -0.7910686 0.06236087 -0.2760624 0.7759677 0.567154 -0.6148288 -0.487774 0.6197275 0.7148591 -0.4032316 0.5712974 0.9319398 -0.147805 0.3311222 -0.6930999 -0.7183698 0.05964459 0.01859258 -0.7934924 -0.6082961 -0.04856545 0.762366 0.6453212 -0.2887643 0.9490305 -0.1263186 -0.9686438 -0.191458 -0.1583448 0.9993321 0.03021994 0.02054715 -0.7805517 -0.3811287 0.4954593 -0.9986446 -0.05160411 0.006784379 -0.5898912 -0.7512614 0.2960316 0.9938032 0.09825798 0.05196732 -0.3898391 0.8326407 -0.3933636 0.7992022 0.6008073 -0.01750465 0.8515942 -0.5241502 -0.007341063 0.8520234 -0.5230332 -0.02218977 -0.7278702 0.5887671 -0.3515087 -0.9312474 0.1391868 -0.3367571 0.2066222 0.8845122 0.4182648 0.2753051 -0.5568684 0.7836483 -0.7163045 0.1045314 0.6899138 -0.5113007 -0.7521271 -0.4157841 0.9646076 -0.1106115 0.2393685 -0.4079069 0.8857822 0.2213636 -0.7893268 0.6138826 -0.01055407 0.052611 -0.7292052 -0.6822696 0.5104137 0.859542 -0.025797 -0.7953569 0.6052476 0.03290582 0.4599489 -0.8861054 0.05713308 -0.1701594 0.9848231 -0.03419338 -0.7556117 -0.6539587 0.03726816 0.4573629 -0.848175 0.2672422 0.5804147 0.789325 -0.2002119 -0.9948299 0.08705833 -0.0522904 -0.1103086 0.5291867 -0.8413046 0.7075098 -0.3264482 -0.6267866 0.5678673 0.2976685 0.7674114 -0.9211436 -0.3799367 0.08451383 -0.9312482 -0.3634828 0.02563408 0.3902368 -0.8723889 -0.2943686 -0.1618252 0.8970947 0.4111371 -0.9535362 0.2028942 -0.2227165 -0.7082866 -0.4916252 -0.5065914 0.1225626 -0.8152744 -0.5659559 0.3597467 0.9328756 0.01803931 0.3591146 0.9332754 -0.005800131 0.4262858 -0.8942033 -0.1366779 0.5399722 0.7940387 -0.2791642 -0.8980587 0.1154745 0.4244481 -0.5838692 -0.2043186 -0.7857167 0.99987 -0.01421366 -0.007610546 0.7448304 -0.1148579 -0.6572939 0.2587652 -0.8584682 0.4428013 -0.1616549 0.7847113 0.5984111 0.3691313 -0.715017 0.593711 0.7351236 0.6114946 0.2926904 0.7345701 0.678421 -0.01231926 0.472295 0.6806735 -0.5600188 -0.2931241 -0.9560744 -9.632152e-05 -0.256608 -0.6454751 -0.7193846 -0.4955185 0.858828 0.1299076 0.09625015 -0.4995339 0.8609308 -0.1715483 -0.9851634 -0.004932884 0.2660409 0.9432853 0.1985828 -0.5031368 0.841828 0.1953945 0.1879702 -0.8526036 -0.4875801 0.9911256 0.01277314 -0.1323135 -0.9214247 0.2415164 0.3043786 -0.01729768 0.9984141 -0.0535738 0.5681781 -0.4066425 -0.7154128 -0.2715551 0.9620502 0.02678241 0.05661904 -0.9983944 -0.001702495 -0.9915202 0.1034233 0.0786849 0.3835361 -0.7206318 0.5775724 0.514209 0.4260547 -0.7443564 -0.3658163 0.7583389 -0.5395374 -0.4950756 -0.3933166 0.7747272 -0.9050362 -0.4252364 0.009131275 0.5648516 0.8206748 -0.08622988 0.9062942 0.4223765 -0.01512769 0.9262139 0.3603443 -0.110814 0.08720104 0.995519 -0.03657707 -0.7339584 0.6789326 0.01885609 -0.7660815 -0.5729042 -0.2913759 -0.1329153 -0.1990629 0.9709313 0.2176192 -0.9738632 -0.06505694 0.9420648 -0.08987805 0.3231654 -0.3921131 0.9178026 -0.06233451 0.8692854 0.4483827 -0.2080765 0.767694 0.6408115 -0.00255194 0.1977297 0.9802436 -0.005040037 -0.3268051 -0.8580802 -0.3961021 -0.3197287 0.9475089 -0.0005817532 -0.339908 0.9370567 0.07992058 0.7957297 0.5969092 0.1025365 -0.01747849 -0.984489 -0.1745733 0.7267393 0.6710254 -0.146884 -0.8680869 0.26037 0.4226495 0.7184428 -0.2231652 -0.658815 -0.6857779 -0.6036623 -0.4065716 0.6717363 -0.7406094 0.01637183 -0.4417019 -0.8968481 0.02372652 0.4024012 -0.8608204 0.3115469 0.5728992 0.8123427 -0.109022 -0.4067179 0.8688857 -0.2821671 -0.5758371 -0.8062278 0.1356771 0.06810473 0.7549646 0.6522194 -0.08450818 -0.9963564 -0.01149869 -0.1994303 0.6894389 -0.6963488 0.1428552 -0.9897426 0.001376141 0.8572671 -0.5142648 0.02499596 0.4495052 0.8932386 -0.008362482 -0.9977409 -0.05876255 0.03255859 0.5025313 -0.824307 0.2607303 0.4458238 0.8666934 -0.2237938 -0.997907 -0.06443838 -0.005419308 -0.6759145 0.7368266 -0.01503687 -0.8660155 -0.4753729 -0.1550414 -0.357056 0.8464715 -0.3949646 0.7441849 -0.01002602 0.6678985 -0.9695271 -0.2031248 0.1369583 0.8197836 -0.5726247 0.007472051 0.4557618 0.7006707 0.548946 0.3933905 0.9171659 -0.06364443 -0.7200787 0.6908726 -0.06466661 0.1618082 -0.7182654 0.6766927 -0.7153257 0.6949486 0.07318195 0.43826 0.8828692 0.1687313 0.4684446 -0.86966 -0.1557276 0.4167169 0.8789106 -0.2320843 -0.9020146 -0.03826038 0.4300068 0.732061 -0.1062419 -0.6729037 -0.8265433 0.562854 -0.004639113 0.8295895 -0.5583268 -0.007235006 -0.2913272 0.6680238 -0.6847427 -0.4622827 -0.7832026 0.4157985 -0.1560471 0.9821088 0.1054115 0.1646173 -0.9863562 0.00159244 0.02337955 0.7411089 0.6709776 -0.5249358 -0.03126963 0.8505672 0.3743234 0.9226134 -0.09309378 -0.5978839 0.4850684 -0.6381563 -0.8351245 -0.2331825 -0.4981897 -0.1778737 -0.9460628 0.2707881 -0.7330906 -0.6801106 0.005261861 0.5526588 0.223078 -0.8029972 0.5491298 0.1832993 -0.8153882 0.2076221 0.9778891 -0.02502112 0.1410184 -0.8132348 0.564591 0.8675964 0.4696658 0.1633727 -0.5338909 0.6936782 0.4834988 -0.4351124 -0.8132488 -0.3863982 0.1032363 -0.9945987 0.01075917 -0.9929812 0.1099144 -0.04367088 -0.4784952 0.8780101 -0.01185514 -0.03753047 0.9988697 0.02916696 0.4725899 -0.3456988 0.8106486 0.9436891 -0.2100997 -0.2555563 -0.924394 0.24367 0.2934634 0.7740926 0.507644 0.3782568 -0.524945 0.8503344 -0.0369343 -0.9377508 0.2193156 -0.2693028 -0.4259647 -0.8590618 -0.283843 -0.3244453 0.9451382 0.03806636 -0.1013775 -0.6835061 0.7228707 0.895265 0.3376762 -0.2906463 -0.685439 0.6058897 0.4038206 -0.01495844 -0.9843366 -0.1756639 0.9526072 0.2905396 -0.09014601 -0.662262 0.7492516 -0.005577923 0.6758125 -0.7362998 -0.03376543 -0.1823119 0.7939175 -0.5800494 -0.047409 0.7557688 0.6531202 0.6910281 -0.1510212 0.7068753 0.9411532 0.336773 0.02854097 -0.5730992 -0.572509 0.5863367 0.9892662 0.03760348 0.141203 -0.9930901 -0.03150914 -0.1130451 -0.1736059 0.9824227 -0.06860528 0.06162748 -0.9976774 0.02901423 0.9819174 0.04701295 0.1833794 -0.7815023 0.3644172 0.5064131 -0.540042 0.422407 0.7279608 -0.9079208 0.248364 0.3376316 -0.3864796 -0.9210377 0.04819881 0.6477583 0.7613 -0.0288376 -0.9863095 0.1618814 0.03143177 -0.4402201 -0.8922602 0.1003893 0.923957 -0.3495127 0.1553846 -0.5534674 0.8151995 -0.1706564 0.5503911 -0.8300549 -0.08988078 -0.7323573 0.2416196 -0.6366104 0.6524307 0.5187217 0.5525051 0.1743225 -0.7894815 0.5884986 0.4090537 0.9119488 0.03200863 0.7051832 -0.6474626 -0.288979 0.6888294 0.5431833 0.4800687 -0.8712486 -0.4901759 -0.02556216 0.8655817 0.4991947 0.03966084 0.6921893 0.6786486 -0.2455809 -0.5607845 -0.695147 0.4497682 0.9205765 -0.2216124 -0.3216004 0.7020302 0.5584078 -0.4419663 -0.2016281 0.6376644 -0.7434583 0.4992998 0.4176689 0.7591129 0.9992641 0.03740748 0.008487385 -0.9962164 0.04170194 0.07624847 -0.4372207 -0.7986127 -0.413589 0.5765011 0.4651727 0.6717595 -0.1706738 0.9294187 -0.327187 0.2446835 -0.6994217 -0.6715201 0.6054566 0.5227253 -0.6001504 -0.9236007 0.2723958 -0.2697447 0.5222061 0.4783109 0.7060591 0.268694 0.96321 -0.005488801 -0.9474576 0.2196321 0.2325636 0.3389559 -0.8312452 -0.4406136 -0.9490624 0.03680875 0.3129309 0.9848047 0.1709632 -0.03051591 0.7404031 -0.3489276 -0.5745022 0.4251594 0.6346763 -0.6453104 0.7954569 0.6059426 -0.009053208 0.7813699 0.6222997 -0.04694822 -0.8605993 -0.4530902 -0.2325468 0.3824603 0.7814977 0.4929356 -0.886547 -0.3516211 0.3006608 0.7407262 -0.07200708 0.6679369 0.3762775 -0.9264638 0.00895186 -0.5707112 -0.6818788 0.4575259 -0.4238922 0.7860071 -0.4500092 -0.9603396 0.2390719 -0.1435007 -0.5014014 0.8646011 -0.03258049 -0.8297156 -0.5580417 0.01270772 0.6022853 0.7960497 -0.05964317 -0.5520636 -0.8335383 0.02096645 0.616971 -0.7861397 -0.03648384 0.3603801 0.8443949 0.396388 -0.9512574 -0.03419311 -0.3064967 0.5155123 -0.8568644 -0.005522698 -0.2828287 0.9296515 -0.2361271 0.002516416 -0.9999884 -0.004102403 -0.2530204 0.9178534 0.30582 0.02118521 -0.9997221 -0.01033801 -0.4243241 -0.8658648 0.2650042 0.8605869 0.04324242 -0.5074645 -0.4124363 0.8758455 0.2505813 -0.7777377 0.6281662 -0.02305054 0.7826779 -0.6222741 0.01379242 -0.247906 0.9649318 -0.08630893 -0.3774709 -0.725021 -0.5760731 0.8463739 -0.006282097 -0.5325522 -0.4630286 0.8018602 -0.3776569 0.7162993 -0.04652935 0.6962402 -0.4902138 0.7126369 0.5018358 -0.7768446 0.6285608 0.03773342 0.1745108 -0.9846393 0.005604719 -0.1827366 0.9831153 0.009578425 -0.2863048 -0.9393016 0.1890555 0.8093114 0.5568374 0.1869419 -0.2903705 0.8839047 -0.3666026 0.1725721 -0.6003157 -0.7809225 0.01685558 0.7041027 -0.709898 0.8201082 -0.4613724 0.3384641 -0.898841 -0.3131072 0.3066735 -0.7201355 -0.5119096 0.4683518 0.2482772 0.6924919 0.6773577 0.1537276 -0.9878884 0.02107914 0.9739869 0.2264944 -0.00705153 -0.6839663 0.7289967 0.02745844 0.9786585 0.1865163 0.0862513 0.06460199 0.9883131 -0.1380717 -0.8828941 -0.4691314 -0.02034111 0.04883419 -0.8120479 -0.5815441 -0.6058974 0.7955008 0.008168799 0.613854 0.5325046 -0.582771 -0.9831069 -0.1829653 -0.004952526 -0.986672 -0.1544191 0.05131428 -0.6331314 0.3189532 0.7052754 -0.61037 0.7921163 0.0004229178 0.0987061 -0.8547021 -0.5096484 0.1559263 0.8179869 0.5537007 -0.8975857 0.4190059 0.1370183 -0.9288561 -0.2269726 -0.2927622 -0.766951 0.6412133 0.02513271 -0.7841789 -0.5800424 -0.2204864 0.3516482 0.923961 -0.1504648 -0.7459092 -0.6385153 0.1895193 -0.0919665 -0.9798406 0.1773546 0.02314614 -0.9559678 0.2925573 -0.1866983 0.9631062 -0.1938305 -0.783176 0.5922579 0.1893832 0.6132466 -0.7810495 -0.1178575 -0.585055 0.8109935 0.0005058155 0.9569353 0.2056559 -0.2048914 0.5912363 -0.8064281 -0.01065007 -0.9998284 -0.01496628 -0.01092027 -0.6012724 -0.7990372 -0.003312553 -0.2195334 -0.9670065 -0.129242 0.6038258 -0.0270773 0.7966563 -0.3822345 0.7230581 -0.5753988 -0.6570911 0.5155834 -0.5499137 0.8654254 -0.5010161 -0.004661607 -0.273624 -0.9618295 0.003741541 -0.9005124 0.2904663 0.3235842 0.2661878 -0.6429821 0.7181352 0.999543 -0.03021562 0.0009229546 0.1858391 -0.8905692 -0.415151 0.728525 0.6810273 0.07384512 0.5396286 0.8183469 0.1977609 -0.9603023 -0.05850526 0.2727574 0.9823428 0.1753888 0.06512552 -0.3278146 0.9437611 0.04304221 0.03088328 -0.8397734 0.5420579 0.9627751 -0.2071433 0.1736541 0.8448445 0.4587714 -0.2752573 -0.4299391 -0.8931685 -0.1319184 -0.838113 0.5454966 -0.000275789 -0.5959709 -0.7195334 -0.3564973 0.4865866 0.2948235 0.8223823 0.6528615 -0.7573461 -0.01409992 0.2185518 0.9051918 0.3645036 -0.9198726 -0.1823497 -0.3472507 0.5263548 -0.850049 -0.01916465 -0.7306255 -0.2002384 -0.6527565 0.008579709 0.8810158 -0.473009 0.520794 -0.8535328 0.01597937 -0.004607088 -0.9995966 0.02802478 -0.3022351 -0.9329273 0.1957055 0.8567824 0.09585219 -0.5066916 -0.5224775 0.7901868 0.3203468 -0.3969835 -0.6415705 0.6563471 0.9258723 0.01383545 0.3775832 -0.7107407 0.5572161 -0.4293693 -0.7265182 -0.6817957 -0.08559184 -0.9986193 0.05244632 0.002969516 0.7203485 -0.4482663 -0.5292971 -0.8545624 -0.3374015 -0.3948205 -0.1355676 0.8020974 -0.5816022 -0.573257 0.8191267 0.02019783 0.6137513 0.7891367 0.02392785 0.9007593 -0.4314497 0.04983904 -0.7283673 0.6845376 -0.0298205 -0.2103758 -0.9770801 0.03250292 0.8314467 -0.4669349 -0.3011117 -0.1232109 0.990584 -0.05968678 -0.7465842 -0.5260962 0.4072282 0.4998976 0.8660836 -0.001231672 -0.5848736 0.3285879 -0.7415881 0.7199847 0.5331334 0.4442869 -0.8270409 0.2653198 0.4955893 -0.2325244 -0.9176723 0.3221955 0.2262767 -0.9740532 0.004387705 0.9237175 -0.2102877 0.3201952 0.9522022 0.05774467 0.2999608 -0.4914465 0.8319891 -0.2574382 -0.671707 -0.7334723 -0.104058 0.8089152 -0.4886178 -0.3269691 -0.9721018 -0.2345579 0.0008597508 -0.7710666 -0.6361188 -0.02844762 -0.6249116 0.780572 0.01388838 -0.8079964 -0.5891717 0.004299454 0.8093435 0.5860083 0.03946271 -0.8135677 -0.5814698 -0.0007131944 0.4225565 0.194521 0.8852161 -0.5194981 0.8222442 0.2324566 0.7734844 0.5999849 0.2043037 -0.774477 0.3342293 0.5370998 -0.95736 -0.06205622 0.2821541 -0.1116477 -0.816679 -0.5661891 0.8063886 0.5913321 -0.007986769 0.4462047 0.3553593 -0.8213533 -0.9933034 0.115497 -0.00297929 -0.3397369 0.430347 -0.8362896 -0.8046232 -0.5937842 0.001365521 0.5481141 -0.03084701 -0.8358346 -0.3383092 -0.6030633 -0.7223999 -0.4592612 -0.8272762 -0.3235634 0.3493951 0.4872592 0.8003134 0.65422 -0.7562102 -0.01193307 0.6552804 -0.7553343 0.008817393 -0.05875675 0.9213774 -0.3842021 -0.978338 0.006378938 0.2069154 -0.8520618 -0.498127 -0.1608108 0.9159102 0.399993 -0.03337922 0.6567091 0.7517009 -0.0606547 0.8919705 0.1445827 0.4283509 0.716345 0.6977406 0.002814896 0.8660055 0.2631196 0.4252089 -0.1299329 0.970588 0.2026733 -0.1604322 -0.9416678 -0.2958435 -0.3045904 -0.9523303 -0.01708061 -0.5086344 -0.1145388 -0.8533299 0.833205 -0.5438462 -0.1000038 0.563624 0.7862781 -0.2531693 0.4381723 0.8364194 0.3292531 -0.7434729 -0.1275903 0.6564822 -0.8646554 0.5022326 0.01155371 0.4426559 0.8942466 -0.06617278 -0.8408622 0.374104 0.3911483 0.2597698 -0.9433513 -0.206417 0.9127793 0.4084406 -0.003195519 0.8754368 0.07847966 -0.4769187 -0.9606454 0.2771775 -0.01824921 -0.399408 -0.6560605 -0.6403576 -0.911613 -0.411048 0.001118939 0.9119721 0.4102523 0 0.9652007 -0.2614776 0.004132228 0.9174475 0.3775807 0.1253912 0.2163559 0.9206798 -0.3248674 0.8367378 0.4748593 0.2727242 -0.9988442 0.00603795 -0.04768543 -0.9734099 -0.224292 -0.04654251 -0.9373985 0.3481521 0.008616266 0.6343077 -0.4178054 0.6504555 0.8275405 -0.5263371 -0.1953097 0.0716443 0.8958429 0.4385573 -0.9000386 -0.3706229 -0.2292798 0.8147508 0.4341796 -0.3842775 -0.8729617 0.1833825 -0.4520052 0.7879748 -0.6155835 0.01235727 0.9815397 0.1901654 0.02041835 -0.7738703 0.2643161 0.5755534 0.3977606 0.5757281 0.7143694 -0.814512 0.3828134 0.4359176 0.7895002 0.1595847 -0.5926401 -0.1202278 0.9320746 -0.3417342 -0.697797 0.7037138 0.1336647 -0.6648607 -0.3815883 0.6421454 -0.8581809 -0.4302903 -0.2799569 0.9996605 0.006487975 0.02523556 0.4087697 0.9124791 0.01700942 0.9942585 0.1047615 0.02179789 -0.1781273 0.9839804 -0.007292072 -0.7618585 -0.6471209 0.02839441 0.8811645 -0.3240951 -0.3442549 -0.1691521 0.9848846 -0.03728233 -0.6563051 -0.6524439 0.3789203 0.6511702 0.5035279 -0.5678354 0.23176 -0.972773 0.0002018024 -0.2323727 0.972626 -0.001303596 -0.1562749 -0.8457826 -0.5101273 0.9695387 0.2438071 0.02351044 -0.2248547 0.9743762 -0.005596352 -0.3509108 0.9101163 -0.2203406 -0.5962685 -0.7994043 -0.07359732 -0.5358244 0.8320658 -0.1433832 0.8436104 0.5238936 0.1177158 0.2216766 -0.743663 -0.6307335 -0.505432 0.5386264 0.6741069 0.4546874 -0.2796998 0.8455929 0.2334812 -0.9723606 0.001210843 -0.4303606 0.5306912 0.7301758 0.4894237 -0.4191696 0.7646969 0.9271545 -0.3740737 0.02129347 0.5782232 0.6912643 -0.4333724 -0.7564462 -0.5023406 0.4188593 0.3911021 -0.8574948 0.334278 -0.8918377 -0.4516122 0.02592373 -0.7372768 -0.03646311 0.6746061 -0.7244097 -0.6893136 0.008801291 0.8855871 -0.3654159 0.286717 -0.5879983 0.8081796 -0.03322098 -0.6796198 -0.6075148 -0.411148 -0.673873 -0.7386871 -0.01537857 0.4792482 -0.5957045 -0.6445598 0.1502257 -0.7434677 0.6516809 0.3259427 0.9452545 0.01597706 -0.317645 -0.9481168 0.01327377 0.7005163 0.6895118 -0.1839847 -0.9189113 0.09068337 0.3838992 0.1819128 -0.9665805 -0.1806376 0.9645675 -0.2638356 -0.0005667184 -0.5058538 0.6026462 -0.6171949 -0.3724245 0.637701 0.6742681 -0.2586215 -0.6615381 0.7039051 0.8847324 0.08187319 0.4588521 0.7733612 -0.4660244 0.4298066 -0.5988525 0.6725847 -0.4347476 -0.9594462 -0.2238316 -0.1713547 -0.129098 -0.9100402 0.3939042 0.9836724 0.1790359 -0.01829738 0.9820762 0.1883371 0.007452623 -0.9632533 -0.2580916 0.07437632 0.9968013 -0.06654126 0.04426623 -0.6339106 0.7070611 0.313404 -0.6258442 -0.6920304 -0.3597401 -0.990925 -0.1307253 -0.03128138 0.7779685 -0.6282485 -0.00829824 -0.9885883 -0.1506261 0.002223451 0.8350965 -0.4534324 -0.311469 -0.2432726 -0.7990594 0.5498386 0.3831382 0.923244 -0.02873241 0.996122 0.08737729 -0.01030144 0.9973764 0.04975816 -0.05257819 -0.6868271 -0.7034774 0.1827238 -0.5865975 -0.8033631 0.1025234 0.1581706 -0.9858129 0.05616899 0.1479719 0.9884201 -0.0336152 -0.9228713 -0.3833616 0.03663813 0.1028097 -0.9697064 0.2215844 0.1442173 0.9475747 -0.2851379 -0.860422 0.4636561 0.2114165 -0.8568387 -0.2962094 0.422004 0.6121465 0.7656847 0.197493 -0.6495522 -0.7603093 0.00341871 -0.3910353 0.9184326 0.05977517 0.8100726 0.568877 0.1419907 0.2140242 -0.6478291 0.7311027 0.1063016 0.9824238 0.153439 -0.36524 -0.274338 -0.889572 0.8316714 0.5516526 -0.06326175 -0.6377998 0.6830827 -0.3558223 -0.2649249 -0.7125904 -0.6496381 -0.6893184 0.5212137 -0.5031664 0.8225661 0.2297775 -0.52018 0.06323778 0.5959511 0.8005269 -0.53078 -0.333169 0.7792759 -0.4119593 -0.910656 0.03154776 0.4198923 -0.907467 0.01393055 0.6663349 -0.1379767 -0.7327758 -0.130428 0.5964871 0.7919543 -0.7965653 -0.5998779 0.07503497 0.03304458 0.5952665 -0.8028486 0.4752714 -0.6043631 -0.6394235 0.5735134 -0.6718516 0.4687193 -0.9542494 0.2796312 -0.1058981 0.2202858 0.5715009 0.7904815 -0.9491448 -0.1369776 0.2834807 0.9262395 0.3754157 0.03381458 0.6900773 0.4733789 -0.5474539 -0.7089709 0.4728819 -0.5232045 -0.8844456 0.4662955 -0.01801305 -0.9803318 -0.1878987 -0.06036316 0.9036356 -0.4270196 -0.03312139 -0.8887519 0.4583618 0.004944604 -0.9243092 0.3815855 0.006710179 -0.05096661 -0.8615464 -0.505114 0.8639058 -0.4639363 0.1960355 0.9263427 -0.3510277 -0.1366338 -0.9688753 0.2352182 -0.07715589 0.9587597 -0.2841866 0.004221489 -0.9675861 0.2525413 -0.0001031122 0.07454348 -0.9972108 -0.00371606 0.9197145 -0.304711 0.2475407 0.7040146 -0.6418447 -0.3039719 0.8968644 0.1501694 -0.4160329 0.1489274 0.9868716 -0.0624906 0.7508878 -0.6603947 -0.006817247 0.1179869 -0.7707258 -0.6261476 -0.8586787 0.4567107 -0.2325645 0.6542401 -0.7368132 0.1705175 0.9722458 -0.2203206 0.07872069 0.8136132 -0.2888099 0.5046012 0.3235561 0.9321888 -0.1622818 -0.7590356 -0.6367889 -0.1355172 -0.975204 0.2152722 -0.05133253 -0.1529105 0.8430265 0.5156789 0.388344 -0.6839961 -0.6175259 0.8983472 0.3786122 0.2227668 0.3476609 0.7157798 0.6056329 -0.8151125 0.3762115 0.4405184 0.312298 0.5995306 -0.7369078 0.7747063 0.5085999 -0.3757079 -0.9158121 -0.01369433 -0.4013734 0.6693639 -0.5714706 0.474735 -0.9036476 0.4281655 0.00976326 0.9022929 -0.4311107 0.003310154 0.7586768 0.4791975 -0.4413381 -0.8938035 0.4421085 0.07520304 -0.7202441 -0.5129352 0.4670609 -0.9584205 0.2849153 -0.01591563 0.2375127 -0.9649968 -0.1112156 -0.5968137 0.772596 0.2165843 0.161315 -0.959529 0.2308279 0.6522162 -0.7576346 0.02457308 0.7074541 0.7067114 -0.008220929 -0.9656717 0.2577859 0.032008 0.6218751 -0.7830279 -0.01177724 0.6953398 0.588717 -0.4122073 -0.5952599 -0.7743578 -0.214559 0.7625941 0.6462038 -0.02951084 -0.7584878 -0.6516776 0.003540393 0.8072823 0.28146 0.5187249 0.2569695 -0.5260743 0.8106864 0.08568782 0.9910358 0.1024965 -0.350092 -0.4127781 -0.8408626 0.9875767 -0.08398818 -0.1328088 -0.6331307 0.474347 -0.6116702 -0.1582694 -0.8107754 0.5635549 0.9615906 0.2146375 0.1710972 -0.3940396 -0.4651025 0.7927247 -0.4120384 -0.9111662 0.0006354323 0.4231317 0.8996106 0.1079834 0.8249371 0.1581106 -0.54266 0.2719307 0.7606938 0.5894053 -0.592416 -0.7608505 -0.2648579 -0.9839817 0.1782692 -0.0001583161 -0.3335709 0.9427226 -0.002135033 0.9346168 0.3556502 0.002081796 -0.9306408 -0.07642765 -0.3578639 -0.1459832 0.9282757 0.3420427 0.3450901 -0.6045153 0.7179652 0.9947312 0.07858852 -0.06583004 -0.9864029 0.1127861 -0.1195347 -0.413403 -0.575412 0.7056904 0.897434 -0.4410587 -0.008910232 -0.9785717 0.2056746 0.009761152 0.9391628 -0.1762557 0.2948001 0.8511006 0.08324166 0.5183614 -0.2652546 0.8873853 0.3770773 -0.82544 0.5567355 -0.09324404 -0.6106708 -0.5076187 -0.6077865 0.09680844 0.9953007 -0.002141223 0.3081178 0.9512034 -0.01660092 -0.4127999 0.8900817 0.1932635 -0.8876906 -0.1515099 0.4347989 -0.482445 -0.8434358 0.2363532 0.9378489 0.06458899 -0.3409805 -0.8412406 0.4515661 0.2973252 0.9780228 -0.1647416 0.127795 -0.9359964 0.3295251 0.1237896 0.01367041 -0.6737538 0.7388295 0.421808 -0.7606403 0.4934616 -0.168474 0.9008568 -0.4000918 -0.9116209 -0.06997654 -0.4050316 -0.3867642 0.9188495 -0.07828849 0.9679344 -0.2486193 -0.03593625 0.6924856 -0.3832927 -0.6111877 -0.3981866 0.9156211 -0.05554714 0.6507169 -0.6623413 0.3713106 -0.9600045 -0.2799561 0.004001122 -0.9731616 0.2248817 0.04883389 0.5691173 -0.4547814 0.6850397 -0.9937547 -0.06018471 0.09396474 -0.2605379 -0.7477353 -0.6107471 -0.3803522 0.9247115 -0.01551791 -0.9271831 -0.1759421 -0.3307203 0.6789704 -0.2351985 -0.6954717 -0.7885095 -0.2480561 -0.5627796 0.6360129 -0.5136959 0.5758507 0.3416093 0.525346 0.7793039 0.9402966 0.3368112 0.04899484 -0.7493833 0.1079964 0.6532698 0.2244285 -0.910317 0.3477855 0.9431998 -0.3044374 -0.1330112 -0.2710312 0.909991 -0.3137808 -0.9571451 0.2775287 -0.08277086 -0.7943933 0.1717113 -0.5826273 -0.5036125 0.8595622 -0.08675998 0.9568372 -0.18049 -0.2277849 0.6506623 0.6773939 0.3431851 -0.5393284 0.8329074 0.1240568 -0.8899675 0.4519955 0.06048048 0.7121158 -0.7011281 -0.03620134 0.2329624 0.971685 0.03945616 -0.8554798 0.502351 0.1256894 -0.4127769 -0.8899834 0.1937649 0.8461384 0.4887639 -0.2125081 -0.8657926 -0.4875705 -0.1125971 0.2648076 0.6418273 -0.7196767 0.4334072 -0.634748 0.639729 -0.7304289 -0.1064279 0.6746457 0.8796005 -0.4740131 0.04017987 -0.6807309 -0.6410844 -0.3544238 0.4620204 -0.6824929 0.5663396 -0.4255789 0.9043521 -0.03209116 0.4348682 -0.8991173 0.04977768 0.6160084 -0.727077 -0.3031381 -0.6175906 0.5770231 0.5344401 -0.2796144 -0.8763132 -0.3922893 0.4796948 -0.7022076 -0.5261154 0.5665581 0.1348203 -0.8129178 0.3295067 -0.4576915 0.8257989 -0.03520462 -0.9993233 0.01065699 0.1136946 0.9889073 0.09558153 -0.7296388 0.471322 -0.4954622 0.3760126 -0.542258 0.7513793 0.9116362 0.09974546 -0.3987108 -0.6372598 -0.1721875 -0.7511667 0.4344221 -0.5840029 -0.6857244 0.3318114 0.8830625 -0.3318158 0.3870325 -0.4896038 0.7813412 0.9411638 -0.3378805 -0.00689197 0.2834219 0.914864 0.2875691 -0.8095374 -0.2633881 -0.5246675 0.1027223 0.9183163 0.3822869 0.09902099 -0.9943477 -0.03830711 -0.3682207 -0.6536348 -0.6611921 0.5407168 -0.4221347 -0.7276178 0.5466077 -0.8373116 -0.01136742 0.5635988 -0.8239451 -0.05891325 -0.3835101 0.8776307 -0.2875489 0.7039783 -0.4103558 0.5796746 -0.2791754 0.8869031 0.3680544 -0.1119879 -0.6542047 0.7479805 -0.9513047 -0.3080471 0.01124017 -0.6032905 0.58442 0.5426728 0.7709243 0.3460859 -0.5346965 0.3063177 0.9349241 -0.1791266 0.8984322 0.4372036 -0.04089728 -0.4963368 0.8679834 0.01595574 0.7494762 -0.6577904 -0.07481443 -0.7911785 0.6110186 0.02632324 -0.8285213 -0.558082 -0.04579347 0.7813845 -0.4028507 0.476602 0.03401825 0.9264673 -0.3748347 -0.8920069 -0.4519686 -0.006934531 0.9328467 0.2112511 -0.2918391 -0.9975297 0.07005665 -0.00515117 0.9095882 0.1809319 0.3740495 -0.9985929 0.05141651 -0.01298056 -0.8164223 0.4764866 0.3262134 -0.0180299 -0.8038353 -0.5945786 0.8875401 0.3416602 0.3090968 0.682844 0.7299908 -0.02893905 -0.6773934 -0.7354171 0.01731754 0.9782788 0.1768501 -0.108142 -0.6373957 0.3931184 -0.66271 -0.06274791 -0.7821477 -0.6199255 0.8010558 0.387979 -0.455831 -0.08697816 -0.6285848 0.7728622 0.6974067 0.4085463 0.5888241 0.682997 0.7288841 0.04736064 -0.9946981 -0.1025968 0.007037518 0.9937577 0.1109095 0.01202686 -0.9067518 0.350123 0.2349789 0.4917095 -0.8391723 0.2324041 0.8695774 0.2172023 -0.4434616 -0.5257598 -0.1105728 -0.8434158 0.6170699 -0.05977387 -0.7846348 -0.5033105 -0.7597708 0.4116149 -0.2406163 0.8952368 0.3750397 -0.4318042 0.7117115 0.5540865 0.5981571 -0.2648871 0.7563352 -0.9963118 -0.08162315 0.02646469 0.1552151 -0.987841 -0.008854147 0.7765397 0.6291247 0.03447078 0.1147598 -0.9874974 0.1080701 0.9756711 -0.1354089 -0.1724249 -0.4037768 0.914501 -0.02553833 -0.7441198 0.009351632 -0.6679807 0.8373559 0.5465619 0.01025698 0.4449321 -0.5951984 -0.6691594 -0.1111404 0.9937853 -0.00621861 -0.08234904 0.9945217 0.06438406 0.3209277 0.5362499 0.7806673 0.834321 0.5512788 0.000531038 -0.8016673 -0.03396705 -0.5968047 0.7416236 -0.1980771 0.6409055 0.4804431 0.8601692 0.1711236 -0.1551806 0.9204065 -0.3588466 0.695052 0.7182668 0.03155221 -0.514446 0.8128881 -0.2730535 0.8902144 -0.4150701 -0.1877102 -0.5767606 0.7822189 0.2355437 -0.9618988 0.1613717 0.2207032 -0.9323943 0.04518551 0.3586072 0.9637313 0.1150758 -0.2407895 0.6409354 0.7306155 0.235378 -0.8202136 -0.5527415 -0.1473989 0.8513113 0.5246606 0.0006351287 0.1340582 -0.9578119 -0.2542139 -0.8471788 -0.5311396 -0.01337235 0.05762635 0.9982441 -0.0137116 -0.7532953 0.6576693 -0.004159404 -0.9439905 0.2877455 -0.1615071 -0.06059794 -0.5135972 0.8558889 0.6862396 0.3012533 -0.6620587 0.5185127 0.5702216 -0.6371749 -0.5624935 -0.826781 -0.005853324 -0.9394336 0.3426988 0.004698058 0.3447917 0.8517228 0.3945718 -0.5799687 -0.1921159 0.7916614 -0.1026704 -0.9947148 0.00115891 -0.8599831 -0.1151365 -0.4971646 0.6253819 -0.7748075 0.0925784 0.7684131 -0.5909645 0.2455653 0.01110022 0.942021 0.3353701 0.1035136 -0.9912689 0.08167523 0.9645465 0.2583259 0.05401724 -0.7765819 0.02786972 0.6293996 -0.2740905 -0.9370921 0.2161777 0.3878707 -0.857379 -0.3383158 -0.8553329 0.4911623 -0.1648188 0.6048782 0.7963179 -0.0003462953 -0.6509561 0.6241474 -0.4320835 0.2194564 -0.4297751 0.8758609 -0.8026799 -0.5961472 -0.01770359 0.8548034 -0.2733836 0.4411038 -0.1113109 0.8999175 -0.421614 -0.8859104 -0.463232 -0.0240616 -0.1314298 0.6659084 -0.7343652 0.826377 -0.06822268 -0.5589693 -0.8890098 -0.4574484 0.02006307 -0.9964012 0.07711582 0.03518143 -0.8986651 0.3651283 0.2430686 0.03119526 -0.8040152 -0.5937898 0.8026111 0.4506163 0.3908457 -0.5469036 0.3960288 0.7376026 -0.05132135 -0.8886277 0.4557489 0.577406 0.635503 -0.51258 -0.6259556 0.7724491 -0.1072473 0.1247751 0.992178 0.003728673 -0.463332 -0.6364338 -0.6166648 -0.2629348 0.8398576 -0.4748731 0.740787 0.07043963 -0.6680366 0.8584659 0.5122433 0.02535848 0.7423951 -0.6692885 0.03004012 0.07554095 0.9961826 0.04374726 -0.3739276 -0.9270886 -0.02617077 0.9869945 0.1582029 0.02852543 -0.530992 0.7486728 -0.3969087 -0.3610381 -0.8476291 -0.3888142 0.73382 -0.06362183 0.6763582 0.899531 -0.4367862 0.007857459 0.9557697 0.2939563 -0.009688671 -0.2932138 0.9558495 -0.01942557 -0.04344567 -0.9464364 0.3199541 -0.899895 -0.4338396 0.04440815 -0.3161413 0.9477252 0.04326231 0.1917128 0.9628297 0.1902767 -0.8582313 -0.4355353 0.271566 -0.1751146 -0.971181 -0.1616859 0.8708326 0.4257835 -0.2456807 0.07036859 -0.9972693 -0.02241018 -0.6141037 0.2710193 -0.7412322 0.8376498 0.3970854 -0.3750548 -0.4932103 0.5279597 0.691377 -0.3150693 -0.6795454 0.6625326 0.3337212 0.8961432 -0.2925021 -0.8901301 -0.4406921 0.1160127 0.6472474 -0.7035687 0.2933633 -0.988035 -0.1536772 -0.01304437 0.2281235 0.9729946 -0.03523044 -0.6829624 -0.5340882 -0.4983093 0.8894272 -0.2127493 -0.4045454 0.1580704 0.9818831 -0.1044956 0.1021329 0.9548273 0.2790586 0.9890549 0.1474957 -0.003915217 -0.05893439 -0.9775497 -0.202295 0.969822 0.1834551 0.1605912 0.6910083 -0.7187491 -0.07685946 -0.768113 -0.1760354 -0.6156411 0.8835454 -0.2454957 -0.3988476 -0.4449006 -0.7987617 0.4050225 0.730094 -0.6293808 0.2661626 0.6438391 -0.7644971 0.03186452 -0.3527731 -0.9252929 0.139227 -0.4009875 0.8978089 0.1820664 -0.09993802 -0.8060236 0.5833853 0.6038957 -0.1325151 -0.7859705 -0.2323311 0.8631201 -0.4483816 0.6660773 -0.7189579 -0.1985963 0.3445852 0.9386895 -0.01109201 -0.9234025 0.03604282 -0.3821371 -0.7187182 -0.6952059 0.01153222 -0.7184528 -0.6955722 0.002216975 0.2052598 -0.6095113 0.7657444 0.07082511 -0.9974741 0.005406315 -0.5486644 0.7147795 -0.4336561 -0.1971588 -0.9672631 0.159783 0.8498652 0.4286741 0.3065416 0.6195292 -0.4905147 -0.6128449 -0.03333546 -0.9990026 -0.02970928 -0.06588039 -0.9977111 0.01524407 -0.9862427 -0.03218959 0.1621393 -0.1203497 -0.9451591 -0.3036284 0.9064044 0.4223562 0.006801368 -0.1550051 0.9865956 -0.05101547 0.9935829 0.1129384 -0.00615635 0.9986628 0.05130874 -0.006330613 -0.49789 -0.6168877 0.6095532 -0.8258394 0.5535909 -0.1073612 -0.04583561 -0.8911663 0.4513554 0.8678821 0.3669831 -0.3348195 0.08927664 -0.9952168 -0.0396639 0.4168953 -0.9074426 -0.05240403 -0.2495302 0.9600596 0.1265714 0.1077447 -0.9941785 0.0004939873 0.3809153 -0.924434 0.01803748 -0.4541406 0.8908648 0.01078611 -0.2501986 -0.7390177 -0.6255026 0.5682783 -0.7933094 0.2184489 0.2600555 0.8446433 -0.4679196 0.5142986 0.8053098 -0.294912 -0.03368012 -0.9986484 0.0395854 0.3933857 0.7997305 0.4535183 0.7881536 0.6153584 0.01216206 -0.7131919 0.2375475 0.659491 -0.4581328 0.8886779 0.01912914 -0.8524567 -0.5227587 -0.00639898 0.8793898 -0.4754499 0.02491898 -0.2249866 0.9671465 -0.1183586 -0.09631529 -0.9848047 -0.1445099 0.6649145 0.3537661 0.6578285 0.008501082 -0.9397538 -0.3417463 0.9622778 0.2716092 0.01580911 -0.7636119 0.4717658 0.4408331 0.7754833 -0.4789267 -0.4114059 -0.08399382 0.996463 0.002566823 0.9330843 -0.04284053 -0.3570972 -0.5469495 -0.4357648 -0.7148114 0.9195854 -0.05969044 -0.3883294 -0.2161633 -0.6911414 0.6896354 -0.2979818 0.6101256 0.7341346 0.06833197 -0.9971865 0.0308186 -0.06002695 0.9428471 -0.3277745 -0.9985157 -0.004361519 -0.05428963 0.897061 -0.3916354 0.204703 0.9927117 0.09860522 -0.0692859 -0.5291226 -0.5332932 0.660021 0.4575136 -0.4368952 0.77447 -0.5463215 0.8307839 0.1064471 -0.8822615 0.4707491 0.003146307 -0.1950172 -0.9577695 -0.2112955 0.8405479 0.4977876 0.2137444 0.9827652 -0.1535517 -0.1029295 -0.6189541 0.7854002 -0.006515521 -0.1285257 0.936155 -0.3272536 -0.0928186 0.8318433 0.5471941 0.6359368 -0.7715424 0.0175149 -0.5758947 0.5951705 0.5604618 0.2942249 -0.954587 0.04685463 0.4603071 0.3381502 -0.820836 -0.9209686 0.0301729 -0.3884668 0.1433319 -0.6553683 -0.741585 0.2433428 -0.9699402 -0.0004872364 -0.2338167 0.9716799 -0.03417489 -0.3982402 -0.4184384 0.8162806 0.2629717 0.3626853 0.8940387 -0.7387611 0.4816582 -0.4714206 -0.4834326 -0.8753663 0.0051829 0.8737419 0.3522353 0.3354182 -0.9856164 0.01596308 -0.1682421 0.6265724 0.5501903 -0.5519943 -0.9952163 -0.09311485 0.02956586 0.4887245 0.6185242 0.6152855 0.9852827 0.1655994 0.04236479 -0.9947908 -0.04215252 0.09281447 -0.1054978 -0.9931556 -0.05012082 -0.8579074 0.4228426 0.2918886 0.2732895 -0.8983651 -0.3438793 0.6811357 0.7157536 0.1541134 0.9955233 0.09450493 -0.00147562 -0.618236 0.3062723 -0.7238657 -0.9956437 -0.05665903 -0.0740492 -0.3119011 -0.8654209 -0.392128 0.9836273 0.1647119 0.073126 -0.6107606 0.5312393 0.5871595 -0.8965836 0.4414247 -0.03580595 0.1145736 -0.896748 0.4274528 0.8421309 0.4088318 -0.3516704 0.393402 -0.9189776 -0.02674044 -0.2367856 0.9668593 -0.09547595 0.3865329 -0.9222752 0.000927726 -0.2870596 0.9433023 0.1666659 -0.3284581 0.9428032 0.05689911 -0.05160179 0.9008876 0.4309742 -0.6272158 -0.1683257 -0.7604385 0.6952512 -0.4330015 0.5737033 0.7484428 -0.437026 -0.4988403 0.2789871 0.9519414 -0.1263874 -0.8518587 -0.5152837 0.09391156 0.3137866 0.8898916 0.3311055 0.8705199 -0.4885529 0.05925471 -0.6824427 0.7300782 -0.03546596 -0.2730699 -0.9612173 0.03865486 0.8453712 -0.4570795 0.2764521 0.05226502 0.9768681 -0.2073572 -0.8794758 -0.4728436 -0.05423328 -0.3726233 0.3720997 -0.8501139 0.7593977 0.1134495 -0.6406593 0.3047982 0.5482571 0.778789 -0.5616463 -0.8227228 0.08763934 -0.5792582 -0.8147104 0.02658863 0.802181 -0.5136963 -0.3043383 -0.6233964 0.6571264 0.4237473 -0.9068725 -0.3527241 -0.230582 -0.3194606 -0.7918992 -0.5204235 0.5431109 -0.6071156 -0.5800355 -0.2109021 0.9773281 0.01871129 -0.2116522 0.9773265 -0.006016255 0.8463228 -0.5134854 -0.1416705 0.01589645 0.9572834 -0.2887139 -0.8087285 -0.393371 0.4372843 -0.3676058 -0.4799842 -0.7965433 0.8438226 0.5365642 -0.007894123 0.6748052 0.3075161 -0.6708739 0.6821927 -0.5716199 0.4559209 -0.5580619 0.5598953 0.6124412 0.6916532 -0.3901893 0.6077567 0.2783423 0.9115646 0.3026146 0.2420712 0.9701743 -0.01277825 0.02128738 0.8185134 -0.5740929 0.2793354 -0.9601936 -9.991077e-05 0.1368354 -0.6674751 -0.7319516 -0.8848399 0.4460095 0.1346621 0.3449122 -0.3550315 0.8689006 0.3969448 -0.9178282 -0.005116695 -0.2945249 0.9332486 0.205675 -0.8811756 0.4272832 0.2023825 0.6192767 -0.6043582 -0.501246 0.8211646 0.5539656 -0.1371529 -0.8997553 -0.3024187 0.3146163 -0.5620533 0.8252325 -0.05556408 0.6849468 -0.02781571 -0.7280619 -0.7547416 0.6554338 0.02777965 0.5949817 -0.8037373 -0.001765936 -0.8855681 -0.4572864 0.08159778 0.7070733 -0.3872955 0.5916498 0.1922474 0.6252797 -0.7563506 -0.7139913 0.4287058 -0.5535592 -0.1938414 -0.5871972 0.7858912 -0.523481 -0.8519847 0.009471506 0.02212933 0.9957483 -0.08941786 0.5260988 0.8502787 -0.01569127 0.5765162 0.8089681 -0.1148898 -0.4731273 0.8801768 -0.03793813 -0.9860852 0.1650864 0.01955847 -0.3252522 -0.8963542 -0.3012643 -0.001879063 -0.2312199 0.9728997 0.716029 -0.6948023 -0.06747033 0.8336965 0.439852 0.3338866 -0.8311718 0.5522446 -0.06464776 0.4801055 0.8503344 -0.2154763 0.2903983 0.9569022 -0.002647033 -0.372355 0.9280756 -0.00522784 0.1962562 -0.8914386 -0.4084369 -0.7870657 0.6168689 -0.0006034312 -0.7980116 0.596916 0.08287859 0.3377866 0.9351991 0.1063149 0.524792 -0.831793 -0.1808694 0.2393857 0.9589159 -0.1522328 -0.862827 -0.2567244 0.4354562 0.7115003 0.2041485 -0.672377 -0.2407764 -0.8754322 -0.4191004 0.9678935 -0.2507865 0.01698172 0.1226145 -0.9921492 0.02461012 0.8056778 -0.4972094 0.3219721 0.03341971 0.993029 -0.1130335 -0.814217 0.5018992 -0.291801 -0.03921799 -0.9892845 0.1406346 -0.3515382 0.6580692 0.6658572 0.4758599 -0.8794402 -0.01192711 -0.5351618 0.4587068 -0.7093588 0.6623412 -0.7492009 0.001427421 0.9988539 0.04023268 0.02592678 -0.1141123 0.99343 -0.008674072 -0.8019829 -0.5963916 0.03377047 0.8700924 -0.4125211 0.2697508 -0.1024355 0.9673806 -0.2316931 -0.7990399 -0.6012518 -0.005621243 -0.9693136 0.2453321 -0.01559706 -0.4629329 -0.8717096 -0.1606722 -0.7583779 0.5089085 -0.4072778 0.6173731 0.3932154 0.6813458 -0.6987415 -0.7011473 0.1419607 0.9995458 -0.02912368 0.007750467 -0.003217026 0.8264518 0.5629982 -0.17413 0.982508 -0.06600589 -0.9808868 0.1826564 -0.06706565 0.5203112 -0.5031422 0.6900175 -0.9791051 0.1886623 0.07589353 -0.1177002 0.9775383 0.17483 0.8679121 -0.4697705 -0.1613821 -0.1333964 0.9615036 -0.2402419 -0.7281282 -0.5231064 0.4429324 0.6591458 0.3074782 -0.6862827 -0.9998397 0.01724629 -0.004811978 0.9999023 -0.01178999 -0.007504591 -0.5994395 0.3918472 -0.6979456 0.04279186 -0.9025328 0.4284897 -0.6689022 0.7352719 0.1092934 0.6786798 -0.7344324 0.001651779 -0.3805175 0.6219533 0.6843834 -0.4106402 -0.3057989 0.8589888 -0.1930241 0.9764341 -0.09653101 -0.7544101 0.07645855 -0.6519352 -0.565074 -0.6469893 -0.5119533 0.3691827 -0.8861422 0.2801001 -0.2399085 -0.9707802 0.005457929 0.3317135 0.4781068 -0.8132527 0.3498829 0.4434201 -0.8252034 -0.3627838 0.9315119 -0.02595287 0.5572847 -0.5954621 0.5786698 0.4673342 0.8677211 0.169289 -0.8196618 0.2846445 0.4971238 0.08180851 -0.9134931 -0.3985444 0.6318754 -0.7749896 0.01116005 -0.8904938 -0.4527351 -0.04529492 -0.8816899 0.4716691 -0.01229684 -0.5792632 0.814579 0.03025284 0.5707104 -0.02910862 0.8206353 0.9020637 0.3411168 -0.2644245 -0.9036287 -0.3023217 0.3034086 0.3668069 0.844492 0.3902382 -0.9053054 0.4230303 -0.03830861 -0.9019077 -0.330091 -0.2785721 0.1146988 -0.9490459 -0.2935237 -0.7896656 0.6122658 0.03948266 0.284563 -0.615032 0.7353635 0.5615436 0.7709473 -0.3005147 -0.8999109 0.1298276 0.4162994 0.5268055 -0.8302729 -0.1819966 0.6369461 0.7652201 -0.09347632 -0.9647208 0.2632116 -0.005785767 0.9689057 -0.2449391 -0.03502212 -0.5805508 0.556756 -0.5941242 -0.4470155 0.5963424 0.666748 0.648448 0.2481074 0.7196929 0.6021869 0.7978061 0.02960359 -0.1630419 -0.7829022 0.6004011 0.8059257 0.5736412 0.1463539 -0.8126815 -0.5708002 -0.1172007 -0.6839158 0.7260834 -0.07114903 0.5987571 -0.8003651 0.03009443 0.7942164 0.5771755 0.1899704 -0.8451459 -0.1227787 0.5202439 -0.669906 0.05585304 0.7403421 -0.8915295 -0.2890994 0.3487072 0.8855181 -0.4625855 0.04327011 -0.7042545 0.7094756 -0.02588498 -0.2441829 -0.9693187 0.02821396 0.8474688 -0.5020978 0.172321 -0.6850242 0.6934723 -0.2232441 -0.8941153 -0.4166238 0.1642633 -0.2850685 -0.8971795 0.3373499 -0.2501119 0.9560094 0.1532644 0.2214546 -0.9751671 0.002631937 -0.970787 0.2354822 0.04605207 0.02807767 0.9935609 0.1097647 0.7318851 -0.2436824 0.6363672 -0.7276836 0.6755646 0.1186971 0.002067661 -0.5548903 -0.8319209 0.05472456 0.9973111 -0.04874248 -0.9537575 -0.1059563 -0.2812824 0.4538914 -0.7013766 -0.5495939 -0.8762487 -0.2547176 -0.4090319 0.325797 0.8447594 -0.4245443 -0.5118971 0.4732668 0.7169239 -0.05769291 -0.7200464 0.6915235 0.4840832 -0.8746847 0.0242923 0.9785714 -0.2056284 0.01072501 0.5756544 0.5111593 -0.6382305 -0.6446057 0.2919066 0.7065932 0.00497202 -0.9983139 0.05783282 -0.5327946 0.4450858 -0.719742 0.8418894 0.02181315 -0.539209 0.9237159 0.06115492 0.3781653 -0.7962779 -0.5993867 -0.08171364 -0.3782553 0.6001148 0.7048299 -0.4650426 -0.8570266 0.2219025 0.2525588 0.9672311 0.02603857 0.03503301 0.892436 -0.4498117 -0.8517167 -0.3032737 -0.4273215 -0.902471 -0.4305273 -0.01386845 -0.4355 -0.8989867 -0.04650574 0.8825847 0.4694612 -0.02550455 -0.898628 -0.438695 0.003806675 -0.8583204 -0.513088 0.00516595 0.6975747 -0.5870556 -0.4107983 0.8952799 0.41873 0.1521152 0.8382194 0.5350128 -0.1055912 -0.7685192 -0.6370568 -0.05947143 0.8008079 0.5989124 0.00324997 -0.7807063 -0.6248981 -7.938202e-05 0.8441157 -0.5361535 -0.002860856 0.8040257 0.5624014 0.1929955 0.9534578 0.1844264 -0.238548 0.43102 0.8389619 -0.3322118 -0.702839 0.7097177 -0.04814735 0.9782374 0.2074224 -0.00524838 0.7510536 -0.3992373 -0.5258593 -0.8891771 -0.4202212 -0.1810476 0.9876109 0.08476467 0.132059 0.7586142 0.6487082 0.06068059 0.7581653 0.5067664 0.410333 -0.5570748 0.8209079 -0.1256099 0.05720332 -0.992855 -0.1047218 -0.7557818 -0.6536287 -0.03954012 -0.8125876 0.4036663 0.4204223 0.8492353 -0.1059475 -0.5172761 0.2356628 0.9562658 0.1732594 -0.3970125 0.7660331 0.5055437 -0.8219 -0.4467603 0.3533916 -0.3332335 0.6897116 -0.6428478 0.05681551 0.9528941 -0.2979343 -0.5548099 -0.7681137 -0.3196676 0.9005394 0.2048217 0.383506 -0.8833306 -0.4686903 0.007516495 0.8848674 0.465836 0.002548363 0.07207196 0.9324241 -0.3541058 -0.8896355 -0.452978 0.05796266 -0.02004744 -0.9261198 0.3766965 -0.801228 -0.5982337 -0.01225345 0.9179878 -0.3872085 -0.08583697 -0.9855797 -0.01699638 0.1683559 0.8753037 -0.4489585 0.1796656 0.9973532 0.07020453 0.01892017 -0.1438795 0.989575 -0.006329057 -0.783931 -0.6203586 0.02464684 0.9994877 0.0306944 -0.00906709 -0.0585718 0.9425367 -0.3289286 0.2676841 -0.9489675 -0.1667513 -0.06242241 0.9977911 -0.02272326 0.06925434 -0.9975953 0.002725616 0.2720895 0.8642108 0.4232103 0.6723578 -0.1265985 0.7293201 -0.7450056 0.6623545 0.07907742 0.1442939 -0.6249971 -0.7671753 0.6598806 0.7443306 -0.1026135 -0.8240694 -0.2435028 -0.5114841 0.5953426 -0.6552602 0.4649745 0.4049594 0.9046812 0.1325134 0.1593451 -0.6884976 0.7075169 0.484347 -0.8748758 0.0004891943 -0.4695688 0.8789546 0.08333028 0.3903573 0.8057911 -0.4453334 -0.4828915 0.7259345 0.4897293 0.2597699 -0.9432497 -0.2068807 -0.7309524 -0.6824284 -0.0001218813 -0.955217 0.2959016 -0.001643679 0.2733544 0.9619121 0.001602694 -0.5082945 -0.8133611 -0.2829849 -0.8520823 0.448493 0.2698328 0.7773307 -0.09513127 0.6218577 0.5318965 0.8452888 -0.05072474 -0.681882 -0.7256162 -0.09229401 0.2400468 -0.7563836 0.6084911 0.8899525 0.4560016 -0.006859748 -0.7497079 -0.6617263 0.007514872 0.7153297 0.659473 0.2310818 0.4682289 0.7758457 0.4228773 -0.8963651 0.3272257 0.2990869 -0.9413336 -0.3297265 -0.07191236 0.04565555 -0.8603475 -0.5076591 -0.7401846 0.6724017 -0.001648445 -0.578583 0.8155233 -0.01278111 -0.9677444 0.2024637 0.1499308 -0.4257109 -0.83509 0.3484178 0.392457 -0.9011646 0.1840651 0.5211494 0.80998 -0.2689532 -0.8807853 -0.4121474 0.2331347 0.7189402 0.6880266 0.09871322 -0.8261368 -0.5553006 0.09559959 0.62186 -0.4441414 0.6450027 0.9081643 -0.12258 0.4002646 -0.8512052 0.4170843 -0.3185756 -0.5058592 -0.7999462 -0.3227887 -0.9690726 0.2392834 -0.0603466 0.7779743 0.6276863 -0.02767318 0.7831854 0.3542475 -0.5110081 -0.972711 0.2280401 -0.04279045 0.9468998 0.1296323 0.2942385 -0.3492185 -0.9370363 0.003080316 -0.7622308 -0.6462116 0.03761356 0.7836014 0.2051986 0.5863978 -0.5465833 -0.834263 0.07247018 0.4819631 -0.7120576 -0.5105737 -0.9687782 0.2476409 -0.01194722 -0.4225215 -0.8681172 -0.2604768 0.6632402 0.4506755 -0.5974982 -0.2917818 -0.8362682 -0.4642401 0.8515503 0.2182527 0.4766843 -0.2502267 0.6775959 0.6915565 0.2919964 0.9556746 0.03773765 -0.5879527 -0.5900501 0.5533105 0.8861146 -0.3733603 0.274596 0.81067 0.5764133 -0.102771 -0.9100334 0.3332363 -0.2465621 -0.7956127 -0.6024355 -0.06381112 -0.6597011 -0.5756074 -0.4831879 -0.991674 0.1100346 -0.06689572 0.7242054 0.6664162 -0.1772456 -0.1581488 0.9495617 0.2707794 -0.9932422 0.06550577 0.09580717 -0.7887467 -0.6129039 0.0471962 0.9379991 0.3454858 -0.02823687 -0.7799753 0.625053 0.0307771 -0.8115092 -0.5367348 -0.2310164 0.8743917 0.3266546 0.3587979 0.05793295 0.9722493 -0.2266609 -0.6077377 0.6280333 -0.486034 0.004620509 0.9216388 -0.3880214 0.5477411 -0.8361144 0.02987312 -0.04037515 -0.9373207 0.3461209 -0.9981336 -0.0567701 0.02250543 -0.2262716 -0.7803543 -0.5829651 0.9346779 0.3335012 0.1231025 -0.7291379 0.4559521 0.5103583 -0.4421563 -0.895698 -0.04714752 -0.05316045 0.5792213 -0.8134351 0.8672673 -0.4974605 -0.01950505 0.9479507 -0.3176708 0.02178581 -0.8458221 0.4756093 -0.2416211 -0.0882119 -0.9236471 0.3729541 0.893179 0.3490644 -0.283523 -0.212268 0.9292146 -0.3024939 -0.8160203 -0.5776217 -0.02154367 0.9759236 0.06695813 -0.2075807 -0.3595882 -0.7588445 -0.5430022 0.8835859 0.2660103 -0.3853756 -0.625146 0.611057 -0.4855942 -0.9875437 0.1572694 0.004867638 0.8472953 0.397406 0.3523624 -0.7816766 0.5932193 -0.1925423 -0.4191565 -0.9078704 0.008894591 -0.01869434 -0.9442952 -0.3285684 0.7672004 0.2762734 -0.578858 -0.3839441 -0.9223921 0.04218768 -0.9304047 0.3662242 0.01506708 -0.2287087 0.9734942 0.001164972 -0.9092722 -0.3588634 0.2108108 0.09273841 -0.9861857 -0.1372493 0.2048632 0.9763518 0.0690518 -0.04082641 -0.8650586 -0.5000068 -0.491514 0.7704072 -0.4060625 -0.9513901 -0.3079804 -0.00222821 -0.9983563 0.05719031 -0.00372981 0.9915096 0.1187122 0.05306622 0.9769216 0.09438581 0.1916129 -0.9977211 0.06539922 0.01659799 -0.9380874 -0.342861 0.04937916 -0.469064 -0.8154612 0.3391193 0.8592175 0.5104752 -0.034064 -0.8285059 0.358507 -0.4301752 0.3578466 -0.9328574 0.04150753 -0.7050323 -0.7087493 0.02457429 0.6975286 0.7165445 0.004231258 -0.2302263 -0.8396491 0.49192 0.7473351 0.6561996 0.1043663 -0.7526864 -0.5230174 -0.3998949 0.9466248 -0.3218687 0.01737793 -0.1948305 0.8846518 0.4235944 0.8372178 0.1492356 -0.5261132 0.07255217 -0.8959474 -0.4381946 -0.6586883 0.7114517 -0.24488 -0.1409331 -0.8624428 0.4861382 -0.716998 0.6491266 0.254064 0.1051757 -0.9375888 0.3314594 0.7685311 -0.63372 -0.08808489 0.9506387 0.1555667 -0.2684867 0.1097414 0.9793325 -0.169896 0.292321 -0.8734316 0.3894428 0.09187156 0.9957538 -0.005825377 -0.6458963 0.7633721 0.009004022 -0.1304125 -0.9908555 0.03461054 0.8758729 -0.3862165 0.2892809 0.5687467 0.416017 -0.709547 0.9847235 0.173907 -0.008711905 0.4443421 -0.8955867 -0.02201221 -0.8408796 0.239583 -0.4853055 0.6222831 0.7105993 0.328348 -0.6121171 0.6658438 0.4265732 0.4690346 -0.8831732 -0.003414687 0.1871017 -0.8324532 0.5215502 0.7137229 0.1851298 0.6755195 -0.6135708 0.6158324 0.4942483 -0.3508203 -0.9362153 0.02063986 0.9598022 -0.2805924 -0.006904523 -0.2382365 0.9708349 0.02688639 -0.4444662 -0.8946034 0.04620113 0.7814367 -0.3293757 0.5299701 -0.2910274 -0.9331006 -0.2112492 0.9428853 -0.3329975 -0.008940498 3.085957e-05 0.9614746 -0.2748938 0.9947228 0.1020924 0.01017892 -0.07390799 -0.7876454 -0.61168 0.9867211 0.1580467 -0.03745225 -0.6579153 0.514863 0.5496031 0.7699512 -0.6380834 0.004969901 0.7709149 -0.6369372 0.001145111 0.769836 -0.6382371 -0.002420735 -0.2017648 0.6844312 0.7006033 0.9893765 0.1243186 0.07535947 -0.6596151 -0.6471322 0.3822668 0.9682819 -0.2425932 -0.05982225 -0.6850508 0.7136384 -0.1463753 0.8303499 0.5565026 -0.02870396 -0.2240771 -0.8222926 0.523091 0.8629558 0.4968335 0.09199888 0.8674083 0.06484238 0.4933541 -0.6271933 0.4452767 0.6390283 0.9891935 -0.1366616 0.05310206 -0.2210316 -0.9579441 -0.1829978 0.03241603 -0.9939523 -0.1049195 0.7981606 0.4914938 0.348387 -0.6827079 0.7158283 -0.1466281 0.4230572 0.9060051 -0.01332239 -0.2361256 0.9716068 -0.01500109 -0.4890609 0.7019889 -0.5177171 -0.1098926 -0.9123148 0.3944685 0.6541869 0.1276908 0.7454761 -0.5729131 0.4579547 0.6797412 0.5798416 -0.7747649 -0.2520379 0.7252042 0.6812055 -0.1001891 -0.9120481 0.2797624 0.2998352 -0.9036288 -0.4206475 -0.08068915 0.9856873 0.06820436 0.154171 0.05248461 -0.8627265 0.5029398 0.9549962 -0.01467162 0.2962551 -0.3553959 0.7784238 -0.5174458 -0.3343088 0.9424631 -0.0009298249 -0.2562758 -0.7480853 -0.6121202 -0.3995685 0.9119081 -0.09364065 0.6968693 0.7171753 -0.00572505 -0.4057325 0.909375 0.09175122 -0.6421135 -0.6330077 -0.4324251 0.9595133 -0.2787094 0.04068491 -0.3460742 0.8559376 0.384192 -0.6030257 0.7841913 -0.1463013 0.5917616 0.8060083 -0.0129944 0.8735172 -0.4867267 -0.008052958 0.610206 0.7897974 0.06219898 0.672454 0.1615038 0.7223034 0.8719619 -0.4895124 0.007745094 -0.4728668 -0.8429748 0.2564964 -0.4744183 0.8802657 -0.007712592 -0.9465282 -0.1541895 0.2833902 0.6562212 0.6192012 -0.4312351 0.08621663 0.9962629 0.005182556 -0.6292193 0.7772268 0.001281988 0.3743968 -0.8814798 -0.2877854 -0.6280551 0.7781154 0.009122224 0.2119448 0.9653527 0.152229 -0.07106673 -0.997105 0.0270402 -0.7068503 -0.688016 -0.1643065 0.9274469 0.246534 0.2811819 -0.2029857 0.972883 -0.1108853 -0.8216851 0.5101564 -0.2541145 0.3528155 0.9356724 -0.006187036 -0.05659977 -0.9104836 -0.4096535 -0.8092317 0.5846728 0.05746016 0.5947829 -0.8031504 -0.03438954 0.3808904 0.9238602 0.03748192 -0.7229474 -0.680197 0.1211568 0.6152922 -0.3667054 -0.6978128 0.811858 0.06559164 -0.5801588 0.177417 0.8714689 0.4572363 -0.9096588 -0.4118225 -0.05406548 -0.908017 -0.4148343 -0.05846095 -0.9799654 0.1932938 -0.04801388 0.9555049 0.09044399 -0.2807674 0.8380097 0.1347045 0.5287668 -0.7863148 0.6178238 0.001686423 0.9939385 -0.08542595 -0.06920073 -0.7362144 0.5668853 -0.3696341 -0.1953944 -0.8546418 0.4810493 0.985781 -0.07246033 0.1516093 0.6057644 0.4768701 -0.6369021 -0.6366174 0.430693 -0.6397045 -0.1100994 -0.9938969 -0.006860395 -0.1279781 0.4144873 0.9010116 0.1273198 0.9918617 0 -0.998468 -0.0533612 0.01463831 -0.4099174 0.8506628 0.3291513 -0.9145947 0.03629755 -0.4027393 0.3367181 0.6987484 0.6311668 -0.4977195 -0.3198087 -0.8062243 -0.9617587 0.2733112 -0.01792318 0.4162203 -0.6177723 -0.6671717 0.7053449 0.34189 -0.6209669 0.4414619 0.386825 0.8096159 -0.9618767 0.2726347 0.02152898 0.9054289 -0.4184876 0.07118014 -0.7650817 -0.3471398 0.5423504 0.7338475 -0.5737951 -0.3636303 0.08090522 0.9778288 -0.1931454 -0.5728865 -0.8187526 -0.03801741 -0.5094592 0.5666227 -0.6476033 0.7157654 0.1179438 0.688309 -0.4573066 -0.305039 0.8353573 0.5136686 0.8372497 0.1875034 -0.950256 0.3108866 0.01905134 -0.6823437 0.4880543 -0.5442518 0.8344043 0.4557902 0.3098785 0.3017816 0.9423587 -0.1445267 -0.1361627 -0.9906711 -0.005526111 -0.5005004 -0.4206472 -0.7566738 -0.1151286 0.9423783 -0.3141154 0.543826 -0.4939334 0.6784417 -0.1753998 0.8666755 0.4670209 -0.2938433 -0.9157036 0.2741222 0.4157329 -0.9094867 -0.0001641125 -0.471606 0.5634732 0.6782962 -0.9579654 0.0229046 0.2859678 -0.4525838 -0.7239676 -0.5206139 0.8961089 0.441753 -0.04293225 0.8720641 -0.2928004 -0.3921378 -0.9263031 -0.3612398 -0.1070904 0.4906857 0.6701602 -0.5568778 -0.9486032 -0.2524335 -0.1908647 0.9586715 -0.1594821 -0.2356148 -0.9464076 -0.252727 0.2011012 -0.6295897 -0.5555781 0.5430929 0.8128572 -0.3763047 0.4445873 -0.7547468 0.6382832 -0.1514988 -0.1127404 -0.8731671 0.4742033 0.9190843 0.250782 -0.3039613 -0.9996341 -0.02412929 0.01222606 0.8608636 -0.5080034 -0.02909087 -0.7354521 0.5895147 -0.3340398 0.561829 -0.8046832 0.1919199 0.2594377 0.8858493 0.3846598 -0.1253709 -0.9918567 -0.02241312 0.1168355 0.9931513 0 0.8211867 0.2113017 -0.5300981 0.7770503 0.1195298 -0.617985 0.07897054 0.9947233 0.06549272 -0.4275438 -0.7653531 0.4810831 0.7520991 0.01275045 0.6589267 -0.4192063 0.4194903 0.805167 -0.5750188 -0.6404283 0.5091218 0.4995457 -0.2655068 -0.824597 0.04079872 0.9081977 0.4165482 0.4383091 0.8967696 -0.06074114 -0.6492418 -0.4370571 -0.6224678 0.9947385 -0.1024466 7.335309e-05 0.466417 0.884528 0.008087479 0.4784147 0.8777066 -0.02739415 0.9554357 -0.1941185 0.2223974 -0.9969483 0.07390565 0.02513944 0.0001120932 -0.9999646 -0.008410511 0.8647754 0.5010901 0.0327454 -0.7774639 -0.5901226 0.2174974 -0.1115738 0.7815571 0.6137751 -0.9759054 0.2078386 0.06642119 -0.9052249 -0.408937 0.1154917 -0.9859904 0.164923 -0.02496602 -0.736497 -0.5987702 0.3147164 0.9068072 0.396884 -0.1420695 -0.1850141 0.8602798 -0.4750667 0.1843734 0.980469 -0.06846183 0.9974258 0.07092786 -0.01053149 -0.04206412 0.9924841 -0.1149167 -0.09663672 -0.9952963 -0.006831394 -0.07375178 -0.9941288 0.07917418 0.5263919 0.5146227 0.6768124 -0.6467435 -0.4734685 -0.5979553 0.4029857 -0.864781 -0.2995937 0.8964762 -0.3902097 0.2099211 0.08041239 0.9841776 -0.157887 0.9662444 -0.2575715 -0.005349452 -0.2664293 0.6621499 -0.7004091 -0.3146741 0.5348631 0.7841567 -0.4762176 -0.2099314 0.8539002 0.1018332 -0.4352098 0.8945515 -0.3193846 -0.9471936 0.0285966 -0.6991251 -0.4842587 0.5260395 0.7547851 -0.5312564 -0.3847936 -0.05441989 0.9928329 -0.1064017 0.4133095 -0.9103632 -0.02034806 -0.03790378 -0.4505582 -0.891942 -0.5822698 -0.812994 0.001588363 0.5620952 0.3015861 -0.7701265 -0.3450586 0.4493531 -0.8240245 -0.05956729 -0.8026917 0.593412 -0.4317707 -0.875942 0.2151738 0.02459612 0.3631001 0.9314254 -0.8927437 -0.1319354 -0.4308152 -0.05132993 -0.9494979 0.3095463 0.6245059 -0.5481953 0.5563041 -0.1421668 -0.9897198 -0.01559882 -0.9934907 -0.1122636 -0.01931834 0.7397142 -0.3247525 -0.5893715 -0.4842526 -0.5811691 0.6540198 -0.4124833 0.9109065 0.01033726 0.1244254 -0.7189878 -0.6837945 0.964461 -0.03720213 -0.2615932 0.7610446 0.5634291 0.3214947 -0.4288316 0.491061 0.7582629 -0.8439807 0.5313219 -0.07344052 -0.06328745 -0.8822788 0.4664534 0.8537159 0.3841342 -0.3515822 -0.8425962 0.09730617 -0.5296821 0.05853905 -0.9842797 -0.1666331 0.6800429 0.4536485 0.5759728 -0.4064519 -0.7049871 -0.5811971 -0.3508836 0.538195 -0.7663073 0.8142301 0.5805305 0.003689932 -0.9380754 0.3264873 0.1158475 -0.5296848 -0.7485993 0.3987895 0.5524021 -0.1295757 -0.8234452 0.00632279 0.8910853 0.4537918 0.9845031 -0.1503581 -0.09025615 0.7663476 0.6424227 0.002111481 0.4734101 0.8807144 -0.01500287 -0.6091937 -0.3605082 0.7063405 -0.9980424 -0.02850107 0.05566954 0.9607581 -0.2753796 -0.03331569 -0.2599715 0.9649333 0.03631175 -0.9618214 0.04591089 -0.2697996 0.8765888 -0.2468764 0.413091 0.6149741 0.7427518 -0.2648144 -0.1141208 0.8282131 -0.5486707 0.5327146 0.7198998 -0.4449262 -0.05203669 -0.998023 0.03524559 -0.5730242 -0.71576 0.3991627 -0.8387703 0.5438375 0.02655489 -0.6045324 -0.4658272 -0.6461777 0.9483321 -0.2822916 0.1448369 -0.3037577 0.760704 0.5736381 -0.8855304 -0.4612409 -0.05561216 0.2666776 0.4443573 -0.8552366 0.4057998 -0.9136722 -0.02301521 0.5770926 -0.816274 0.02570595 -0.3969153 0.8734891 -0.2819132 -0.6006797 -0.6749219 0.4285607 0.9125757 -0.2422634 -0.3294147 0.3711099 0.8598118 -0.3507152 -0.9995478 0.01606459 -0.02542029 0.8200474 -0.5181863 -0.2429099 -0.6990988 -0.3785036 -0.6066267 0.8457508 -0.2988117 -0.4420601 -0.1371622 0.8250124 -0.5482163 -0.7038523 0.7103232 0.005744028 0.8968082 -0.1757141 0.406029 -0.278183 0.9336651 -0.2255741 -0.8745378 -0.4848438 0.0104959 -0.561203 -0.7354117 -0.3797642 0.7353497 -0.2165558 -0.6421561 -0.8544222 -0.5171905 0.04976618 -0.5342808 0.84512 0.01777911 0.3906111 0.9205548 0.001374725 -0.937493 0.2455254 0.2466255 -0.5059458 -0.847337 -0.1613656 0.7414204 0.6660844 0.08140841 -0.519138 -0.6430144 -0.5630525 0.05678267 0.8838128 -0.464382 -0.9495536 0.3135938 -0.002629395 -0.7717037 0.6359669 -0.004401349 0.8696241 -0.4897314 0.06258619 0.8379463 -0.4974389 0.2245008 -0.7663021 0.6421818 0.0195854 -0.9589702 0.2774599 0.058242 -0.8414408 -0.3724941 0.3914403 0.9945948 -0.0957402 -0.04018807 -0.4409175 0.751901 -0.4901394 -0.2623233 -0.963737 0.04896439 -0.9874444 -0.1552833 0.02899545 0.9861091 0.1660236 0.004993078 -0.6515713 -0.517413 0.554742 0.988535 0.08772382 0.1228949 -0.8888091 0.02202363 -0.4577482 0.5735625 -0.8189051 0.02050561 0.3532296 0.8011282 0.4831382 0.7252686 -0.3554105 -0.5896345 -0.4539893 -0.7384106 -0.4986417 -0.1098339 0.9520256 -0.2856287 -0.5961971 -0.5859961 0.5487783 -0.1925618 0.9355512 0.2960808 -0.459269 -0.8015032 0.3829682 0.2452928 -0.9638775 -0.1037866 0.8470034 -0.4300786 -0.3124384 0.6633813 0.7212357 -0.1993595 -0.2721861 -0.852399 0.4464647 0.6624082 0.7491115 -0.006874189 -0.07012252 0.9974818 0.01062502 -0.690452 -0.7222248 0.04083256 0.4708258 -0.8157809 0.3358938 0.6439018 -0.0003319866 -0.7651081 0.897225 -0.441454 -0.01028033 -0.1705901 -0.9849997 -0.02597303 -0.5136745 0.6602457 -0.5479179 0.9029823 0.2014638 0.3795199 -0.0970822 0.8683765 0.4863099 -0.1433497 -0.9896639 -0.004029491 -0.3239958 -0.7434938 0.5850159 0.6310325 -0.2507657 0.7341079 -0.1253375 0.8209064 0.5571383 -0.8360926 -0.5480475 0.02435402 0.6086086 -0.7934288 -0.008147605 0.3812988 0.9239074 0.03172278 -0.8867622 -0.4590021 0.05449681 0.4136773 -0.6903579 0.5935293 -0.7792846 -0.575884 -0.2471296 0.5639957 -0.8257103 -0.01055007 0.5598199 0.764464 -0.3196819 0.8628606 -0.5052993 0.01201139 -0.4902058 -0.5526327 -0.6740143 0.889235 -0.4553118 -0.04418336 -0.2142914 0.7602869 0.6132235 0.2442327 -0.9696989 0.005864702 0.2456885 -0.9693479 0.001351288 0.2440498 -0.9697585 -0.002856584 0.2212015 0.6147969 0.7570302 0.8707258 -0.4836796 0.08882897 -0.8893643 -0.1287785 0.4386881 0.6374581 -0.7672488 -0.0705437 -0.130549 0.9764067 -0.1720084 0.9985617 -0.04156458 -0.03386662 -0.6334488 -0.5046487 0.5865768 0.9881378 -0.1087964 0.1083834 0.7052312 -0.439625 0.5562183 -0.2255582 0.6775206 0.7000638 0.716965 -0.6942902 0.06262842 -0.7394396 -0.6381232 -0.214541 -0.5598623 -0.8193236 -0.1235436 0.9128534 -0.07327899 0.4016576 -0.1273765 0.9767737 -0.172303 0.8765659 0.481025 -0.01572053 0.3834951 0.9233733 -0.01770126 0.01916623 0.8135871 -0.581127 -0.6093244 -0.6515468 0.4518966 0.546575 -0.2568367 0.7970512 -0.1763533 0.6513566 0.7379933 0.009975042 -0.9558219 -0.2937773 0.9856239 0.1209234 -0.1179959 -0.5607673 0.7514108 0.3477382 -0.9763364 0.1942268 -0.09509578 0.8316964 -0.5248702 0.1810867 -0.4457462 -0.6934615 0.5660579 0.7490488 -0.5663735 0.3437252 0.1647112 0.7971711 -0.5808515 0.2870778 0.9579066 -0.001097239 -0.6057202 -0.4221819 -0.6744372 0.2160018 0.9701416 -0.110311 0.985947 0.1669216 -0.0067558 0.2095574 0.9718033 0.1080926 -0.8610108 -0.1267934 -0.4925281 0.6092957 -0.7914892 0.04799463 0.2201778 0.870194 0.4407768 -0.02313788 0.9848388 -0.1719221 0.9536011 0.3006823 -0.01533353 0.4172088 -0.908761 -0.009502769 0.9582094 0.2765062 0.07334222 0.5812223 -0.2432334 0.7765424 0.4143087 -0.9100905 0.009139488 -0.8684044 -0.3956839 0.2988444 0.137287 0.9904895 -0.009101136 -0.8416104 0.428108 0.3292651 0.8642865 0.1080171 -0.4912649 0.6581474 0.7528642 0.006115641 -0.04848301 0.9988229 0.001512809 -0.2152347 -0.9175926 -0.3342121 -0.04701798 0.998836 0.0107645 0.7379804 0.6506966 0.1788263 -0.6463324 -0.7623887 0.0319042 -0.9716445 -0.1367769 -0.1928707 0.880378 -0.3437319 0.3267768 0.4100157 0.9026891 -0.1305355 -0.357056 0.8858968 -0.2961381 0.8374452 0.5464725 -0.007300956 -0.5652572 -0.6791461 -0.4682359</float_array>
          <technique_common>
            <accessor source="#normals-array" count="3900" stride="3">
              <param name="X" type="float" />
              <param name="Y" type="float" />
              <param name="Z" type="float" />
            </accessor>
          </technique_common>
        </source>
        <source id="uv">
          <float_array id="uv-array" count="23400">-8.329041 0.6748627 -8.28274 1.49175 -8.293074 1.491975 21.90657 0.673836 21.89869 1.491518 21.86904 0.6734265 21.87453 0.6748627 21.89308 1.491975 21.90657 0.673836 -8.294031 1.173922 -8.112336 1.692067 -8.305464 1.180674 21.89464 1.174575 21.84404 1.69167 21.84025 1.690267 -8.305464 1.180674 -8.110722 1.69167 -8.291391 1.174575 21.89025 1.180674 21.84088 1.692067 21.84404 1.69167 21.82414 1.827355 21.98672 1.658483 21.84347 1.841729 21.83998 1.826056 21.84021 1.537205 21.82414 1.827355 -8.107684 1.827355 -8.108761 1.537205 -8.111854 1.554889 21.98672 1.658483 21.84171 1.553096 21.84021 1.537205 -8.304587 21.88156 -8.462843 22.10216 -8.466131 22.101 21.89361 1.263195 22.10216 1.399796 21.88717 1.280612 -8.294089 21.89361 -8.466131 22.101 -8.463485 22.10364 22.1026 1.561743 22.27492 1.43902 22.10441 1.579308 -8.464391 1.570776 -8.463598 1.579308 -8.307033 1.403941 22.10441 1.579308 22.27492 1.43902 22.03517 1.403941 -8.464391 1.570776 -8.307033 1.403941 -8.608473 1.412584 22.1026 1.561743 22.01609 1.412584 22.27492 1.43902 -8.430387 21.96388 -8.47978 22.15288 -8.608473 22.01609 -8.430387 21.96388 -8.307033 22.03517 -8.464285 22.10206 22.15288 1.242054 22.10206 1.235107 22.10231 1.242346 -8.307033 1.403941 -8.464144 1.255899 -8.464285 1.235107 -8.288373 21.88461 -8.345151 21.57436 -8.3016 21.88274 -8.298446 21.89332 -8.346162 21.5771 -8.342325 21.57575 21.88274 1.163587 21.5771 1.44991 21.89332 1.17964 -8.344583 21.57571 -8.414464 21.44202 -8.553787 21.69163 -8.553787 1.479405 -8.235747 1.467654 -8.344564 1.593145 -8.235747 1.467654 -8.553787 1.479405 -8.33236 1.29317 -8.235747 1.467654 -8.33236 1.29317 -8.344157 1.302096 -8.414464 21.44202 -8.344678 21.57572 -8.553787 21.69163 21.64169 1.467654 21.57503 1.302096 21.44202 1.437686 21.44202 1.437686 21.57503 1.302096 21.57572 1.330321 21.89401 1.132611 22.09005 1.461565 21.87979 1.142445 -8.293995 1.132611 -8.068855 1.464016 -8.065533 1.461565 -8.067942 1.661001 -8.062782 1.537216 -8.217117 1.459839 22.09159 1.584059 22.10952 1.280706 22.08932 1.537216 -8.063918 1.584059 -8.217117 1.459839 -8.031351 1.280706 -8.217117 1.459839 -8.062782 1.537216 -8.067205 1.284656 -8.066749 1.27209 -8.067205 1.284656 -8.062782 1.537216 21.88061 1.220043 21.89051 1.700259 21.89327 1.699045 -8.289001 1.230648 -8.598581 1.700259 -8.302051 1.220043 -8.598171 1.807003 -8.436988 1.680064 -8.594882 1.8493 -8.598171 1.807003 -8.598686 1.830551 -8.436988 1.680064 -8.598686 1.830551 -8.5977 1.652337 -8.436988 1.680064 -8.436988 1.680064 -8.59758 1.623762 -8.594882 1.8493 -8.598686 1.830551 -8.602201 1.630714 -8.5977 1.652337 -8.436988 1.680064 -8.5977 1.652337 -8.59758 1.623762 -8.298901 1.177923 -8.156546 1.717548 -8.160867 1.718878 21.89097 1.178916 21.7373 1.717548 21.87867 1.177923 21.89097 1.178916 21.7401 1.71913 21.7373 1.717548 -8.158719 1.891735 -7.959206 1.693057 -8.159012 1.92481 -8.152624 1.832757 -7.959206 1.693057 -8.158719 1.891735 -8.159012 1.92481 -7.959206 1.693057 -8.340659 1.696422 -8.152624 1.832757 -8.160094 1.527095 -7.959206 1.693057 -8.340659 1.696422 -8.158607 1.524922 -8.158919 1.554329 -8.286989 1.091327 -8.322798 1.72691 -8.303696 1.093822 21.88674 1.091327 22.19931 1.724807 22.19611 1.72691 21.88128 1.093822 22.19718 1.725999 21.89482 1.085456 -8.182779 1.801006 -8.325074 1.820694 -8.32462 1.878617 -8.486061 1.708985 -8.32466 1.611051 -8.316078 1.579723 -8.296354 1.180981 -8.465013 1.553526 -8.468855 1.552596 21.89326 1.193125 21.68731 1.553526 21.87947 1.180981 21.89326 1.193125 21.69093 1.554931 21.68731 1.553526 -8.304714 1.185319 -8.466921 1.554931 -8.29222 1.193125 21.68886 1.706358 21.49138 1.52538 21.77076 1.539924 21.68886 1.706358 21.68671 1.711546 21.49138 1.52538 -8.272514 1.46537 -8.581949 1.52538 -8.465546 1.711546 -8.33674 1.632646 -8.638264 1.539924 -8.272514 1.46537 -8.272514 1.46537 -8.466805 1.38319 -8.466755 1.403399 -8.272514 1.46537 -8.466755 1.403399 -8.466751 1.379358 21.89397 1.051246 21.92522 1.701715 21.87882 1.054187 -8.305983 1.060165 -8.015234 1.703188 -8.290806 1.051246 21.88929 1.060165 21.9234 1.703867 21.9275 1.703188 -8.014467 1.837713 -8.095866 1.849742 -8.014471 1.838604 -8.014411 1.88381 -8.034205 1.652356 -7.916854 1.690793 -7.916854 1.690793 -8.014782 1.580182 -8.095866 1.849742 -7.916854 1.690793 -8.034205 1.652356 -8.014579 1.543524 -8.329041 0.6748627 -8.289151 0.6734265 -8.28274 1.49175 21.86904 0.6734265 21.89869 1.491518 21.88458 1.49175 -8.313482 0.673836 -8.293074 1.491975 -8.281869 1.491518 -8.294031 1.173922 -8.108676 1.690267 -8.112336 1.692067 21.87811 1.173922 21.89464 1.174575 21.84025 1.690267 21.84347 1.841729 21.98672 1.658483 21.83998 1.826056 21.82414 1.827355 21.84074 1.554889 21.98672 1.658483 21.83998 1.826056 21.98672 1.658483 21.84021 1.537205 21.98672 1.658483 21.84074 1.554889 21.84171 1.553096 -8.304587 21.88156 -8.292208 21.88717 -8.462843 22.10216 21.89361 1.263195 22.10364 1.395411 22.10216 1.399796 -8.294089 21.89361 -8.304587 21.88156 -8.466131 22.101 -8.465012 1.561743 -8.464391 1.570776 -8.608473 1.412584 -8.307033 1.403941 -8.430387 1.306249 -8.608473 1.412584 22.27492 1.43902 22.15288 1.242054 22.03517 1.403941 22.27492 1.43902 22.01609 1.412584 22.15288 1.242054 -8.307033 22.03517 -8.47978 22.15288 -8.464144 22.10226 22.15288 1.242054 22.10231 1.242346 22.10226 1.255899 22.15288 1.242054 21.96388 1.306249 22.10206 1.235107 21.88461 1.169273 21.57575 1.44879 21.57436 1.446136 21.88461 1.169273 21.89332 1.17964 21.57575 1.44879 21.88274 1.163587 21.57436 1.446136 21.5771 1.44991 -8.344585 1.573747 -8.344564 1.593145 -8.235747 1.467654 -8.344564 1.593145 -8.344583 1.564172 -8.553787 1.479405 21.57571 1.564172 21.57574 1.573747 21.44202 1.437686 21.57574 1.573747 21.64169 1.467654 21.44202 1.437686 -8.553787 1.479405 -8.344678 1.330321 -8.33236 1.29317 -8.304742 1.147181 -8.292196 1.142445 -8.067512 1.465287 21.87979 1.142445 22.09005 1.461565 22.08772 1.465287 -8.293995 1.132611 -8.304742 1.147181 -8.068855 1.464016 21.88823 1.147181 22.08772 1.465287 22.09082 1.464016 -8.067942 1.661001 -8.217117 1.459839 -8.063918 1.584059 -8.062782 1.537216 -8.031351 1.280706 -8.066749 1.27209 -8.031351 1.280706 -8.217117 1.459839 -8.067205 1.284656 21.88544 1.230648 21.89395 1.701909 21.89051 1.700259 -8.289001 1.230648 -8.30037 1.221197 -8.596488 1.701909 -8.30037 1.221197 -8.600012 1.699045 -8.596488 1.701909 21.89618 1.221197 21.88061 1.220043 21.89327 1.699045 21.89419 1.830551 21.889 1.8493 21.89845 1.630714 21.89845 1.630714 21.889 1.8493 21.88761 1.623762 -8.288466 1.178916 -8.301025 1.184692 -8.158264 1.71913 21.89546 1.184692 21.73702 1.718878 21.7401 1.71913 21.89546 1.184692 21.87867 1.177923 21.73702 1.718878 21.73771 1.92481 21.64875 1.696422 21.78266 1.832757 -7.959206 1.693057 -8.158607 1.524922 -8.340659 1.696422 -8.152624 1.832757 -8.340659 1.696422 -8.160094 1.527095 -8.160094 1.527095 -8.340659 1.696422 -8.158919 1.554329 -8.158607 21.73602 -7.959206 21.73953 -8.160094 21.74048 -8.303696 1.093822 -8.322798 1.72691 -8.327082 1.725999 -8.286989 1.091327 -8.300733 1.085456 -8.324419 1.724807 21.89482 1.085456 22.19718 1.725999 22.19931 1.724807 -8.325074 1.820694 -8.486061 1.708985 -8.324788 1.868685 -8.32462 1.878617 -8.324788 1.868685 -8.182779 1.801006 -8.324788 1.868685 -8.486061 1.708985 -8.182779 1.801006 -8.486061 1.708985 -8.325074 1.820694 -8.331159 1.59656 -8.182779 1.801006 -8.486061 1.708985 -8.316078 1.579723 22.19421 1.820694 22.20993 1.579723 22.18593 1.59656 -8.325074 1.820694 -8.182779 1.801006 -8.316078 1.579723 -8.486061 1.708985 -8.331159 1.59656 -8.32466 1.611051 -8.304714 1.185319 -8.468855 1.552596 -8.466921 1.554931 21.89274 1.185319 21.87947 1.180981 21.68925 1.552596 -8.466739 1.719943 -8.466724 1.706358 -8.638264 1.539924 21.68671 1.711546 21.68905 1.719943 21.81647 1.632646 -8.466739 1.719943 -8.638264 1.539924 -8.33674 1.632646 21.81647 1.632646 21.74463 1.46537 21.68671 1.711546 -8.272514 1.46537 -8.638264 1.539924 -8.466805 1.38319 -8.638264 21.77076 -8.581949 21.49138 -8.466805 21.68909 21.49138 1.52538 21.68887 1.379358 21.68909 1.38319 -8.581949 1.52538 -8.272514 1.46537 -8.466751 1.379358 -8.305983 1.060165 -8.293998 1.054187 -8.015886 1.703867 -8.293998 1.054187 -8.012317 1.701715 -8.015886 1.703867 -8.290806 1.051246 -8.015234 1.703188 -8.012317 1.701715 -8.014471 1.838604 -8.095866 1.849742 -8.014411 1.88381 -8.014467 1.837713 -7.916854 1.690793 -8.095866 1.849742 -8.014467 1.837713 -8.014411 1.88381 -7.916854 1.690793 -8.095866 1.849742 -8.034205 1.652356 -8.014411 1.88381 21.88764 1.849742 21.92136 1.580182 21.96787 1.652356 -8.014782 1.580182 -7.916854 1.690793 -8.014579 1.543524 -8.474806 0.7542875 -8.440115 1.559369 -8.456532 1.559591 -8.486287 0.7532756 -8.450701 1.55914 -8.433498 0.7528721 20.97507 0.7542875 21.02126 1.559591 21.01725 0.7532756 -8.451022 1.294834 -8.502152 1.668602 -8.496827 1.668522 -8.467032 1.289089 -8.502152 1.668602 -8.451022 1.294834 21.01233 1.289089 20.81434 1.667081 20.81816 1.668602 -8.499398 1.831428 -8.302817 1.676617 -8.48963 1.716898 -8.50652 21.01785 -8.302817 20.79261 -8.499398 20.81637 -8.302817 1.676617 -8.499191 1.481675 -8.48963 1.716898 -8.50652 21.01785 -8.499343 20.81643 -8.302817 20.79261 21.01785 1.638069 20.81675 1.529212 20.81643 1.506737 21.01785 1.638069 20.81477 1.481675 20.81675 1.529212 20.81164 1.697858 20.81477 1.481675 21.01785 1.638069 -8.456552 1.154009 -8.31556 1.804288 -8.319908 1.804776 -8.444439 1.150447 -8.31556 1.804288 -8.456552 1.154009 21.00123 1.154009 21.10538 1.804776 21.02255 1.152403 -8.317113 1.908248 -8.105065 1.804611 -8.317069 1.934576 -8.317113 21.10549 -8.421263 21.34934 -8.105065 21.18095 21.10549 1.908248 21.10542 1.929954 21.34934 1.78506 21.10542 1.929954 21.10537 1.934576 20.87659 1.787716 -8.317069 1.934576 -8.105065 1.804611 -8.409529 1.787716 20.87659 1.787716 21.10541 1.689162 21.10547 1.67778 -8.105065 1.804611 -8.317064 1.70182 -8.317095 1.689162 -8.453052 21.02384 -8.730033 21.03286 -8.454797 21.00202 -8.460629 1.391584 -8.732162 1.52926 -8.453052 1.403921 -8.460629 21.01576 -8.731861 21.02873 -8.732162 21.03369 -8.731412 21.03187 -8.969447 20.99277 -8.711482 21.22708 -8.732041 1.695597 -8.969447 1.552711 -8.731412 1.670833 21.22708 1.58838 20.88868 1.489125 21.02971 1.695597 21.22708 1.58838 21.05111 1.361675 20.88868 1.489125 21.01024 1.351207 20.84407 1.761118 20.84001 1.760356 -8.461643 1.359517 -8.327543 1.762396 -8.32231 1.761118 21.00289 1.352894 20.84371 1.762396 21.0213 1.359517 -8.510759 1.714934 -8.239624 1.69771 -8.323638 1.965327 20.67438 1.710948 20.84266 1.592889 20.84262 1.577613 -8.465546 1.244999 -8.450132 1.684573 -8.45494 1.684706 21.01029 1.242672 21.34079 1.682264 21.33699 1.684573 21.0067 1.244999 21.34079 1.682264 21.02224 1.235421 -8.452687 1.802568 -8.518003 1.669488 -8.45518 1.817267 21.33824 1.802568 21.18825 1.737336 21.37383 1.669488 -8.45518 1.817267 -8.273668 1.668445 -8.452663 1.812827 21.18825 1.737336 21.3384 1.549089 21.37383 1.669488 -8.273668 1.668445 -8.452162 1.549089 -8.538982 1.737336 -8.467063 1.678577 -8.452162 1.549089 -8.273668 1.668445 -8.465603 1.231999 -8.652089 1.464066 -8.448129 1.24093 21.02009 1.231999 20.80387 1.461521 20.8079 1.464066 -8.650557 20.8056 -8.812972 20.95196 -8.462356 20.91796 -8.650557 20.8056 -8.681737 20.54593 -8.812972 20.95196 20.80553 1.579215 20.80544 1.571776 20.54593 1.476955 -8.650557 1.577057 -8.462356 1.524723 -8.650553 1.571776 -8.650553 20.80544 -8.462356 20.91796 -8.681737 20.54593 -8.650749 1.33757 -8.650558 1.37179 -8.812972 1.510516 20.80792 1.355586 20.80559 1.33757 20.54593 1.476955 -8.448468 21.01741 -8.053569 21.02838 -8.052151 21.02361 -8.46177 1.108458 -8.053569 1.46379 -8.448468 1.096215 -8.456492 21.0006 -8.055526 21.02378 -8.46177 21.02114 21.0255 1.600924 21.15061 1.461666 21.02502 1.622279 -8.039734 1.477322 -8.18777 1.461666 -8.053817 1.600924 -8.007923 1.386832 -8.053461 1.316524 -8.039734 1.477322 -8.446182 1.19872 -8.625512 1.666247 -8.629974 1.665441 21.02494 1.192129 21.13578 1.666247 21.0084 1.19872 21.02494 1.192129 21.13316 1.665441 21.13824 1.664852 -8.628249 21.1355 -8.602286 21.01943 -8.830377 21.16476 -8.830377 21.16476 -8.673796 21.34212 -8.627646 21.13608 -8.602286 1.791298 -8.633595 1.546355 -8.830377 1.667711 -8.633595 1.546355 -8.628333 1.507744 -8.830377 1.667711 -8.445742 1.116171 -8.418644 1.811128 -8.464982 1.116924 21.02429 1.123265 20.69273 1.811219 21.0072 1.116171 21.02429 1.123265 20.69182 1.811128 20.6961 1.81266 20.69351 1.960732 20.90376 1.811151 20.69228 1.901794 -8.659247 1.828197 -8.413015 1.901794 -8.417298 1.653396 20.90376 1.811151 20.69367 1.635867 20.69228 1.901794 -8.659247 20.63113 -8.417298 20.69225 -8.437901 20.90376 -8.414648 1.635867 -8.417298 1.653396 -8.413015 1.901794 20.90376 1.811151 20.6935 1.694419 20.69367 1.635867 -8.474806 0.7542875 -8.433498 0.7528721 -8.440115 1.559369 21.0022 0.7528721 21.03549 1.55914 21.02174 1.559369 21.01725 0.7532756 21.02126 1.559591 21.03549 1.55914 -8.452973 1.286141 -8.496827 1.668522 -8.50082 1.667081 21.00242 1.286141 21.02214 1.294834 20.81681 1.668522 -8.467032 1.289089 -8.452973 1.286141 -8.50082 1.667081 20.81164 1.697858 21.01785 1.638069 20.81637 1.831428 -8.48963 1.716898 -8.499191 1.481675 -8.584295 1.697858 -8.499191 1.481675 -8.302817 1.676617 -8.499343 1.506737 21.01328 1.150447 21.10733 1.803663 21.10306 1.804288 -8.444439 1.150447 -8.461843 1.152403 -8.314905 1.803663 -8.461843 1.152403 -8.319908 1.804776 -8.314905 1.803663 21.10542 1.929954 20.87659 1.787716 21.34934 1.78506 21.34934 1.78506 21.10547 1.67778 21.10547 1.70182 21.34934 1.78506 20.87659 1.787716 21.10547 1.67778 -8.409529 20.87659 -8.105065 21.18095 -8.317095 21.10541 -8.105065 21.18095 -8.421263 21.34934 -8.317064 21.10547 -8.454797 21.00202 -8.730033 21.03286 -8.731861 21.02873 -8.453052 1.403921 -8.732162 1.52926 -8.730033 1.533119 -8.460629 1.391584 -8.454797 1.403365 -8.731861 1.530399 21.03172 1.651883 21.03187 1.670833 21.22708 1.58838 21.03172 1.651883 21.22708 1.58838 21.02971 1.695597 -8.732041 1.695597 -8.72464 1.489125 -8.969447 1.552711 21.22708 1.58838 21.03399 1.350611 21.05111 1.361675 -8.711482 1.58838 -8.969447 1.552711 -8.731923 1.350611 -8.969447 20.99277 -8.72464 20.88868 -8.731923 21.03399 -8.460741 1.352894 -8.444955 1.351207 -8.324757 1.760356 -8.444955 1.351207 -8.461643 1.359517 -8.32231 1.761118 21.00289 1.352894 20.84001 1.760356 20.84371 1.762396 -8.324869 1.936302 -8.510759 1.714934 -8.323638 1.965327 -8.324869 1.936302 -8.329732 1.956291 -8.510759 1.714934 -8.329732 1.956291 -8.323638 1.965327 -8.272557 1.710948 20.83833 1.956291 20.67438 1.710948 20.94638 1.714934 20.84381 1.965327 21.02841 1.69771 20.67438 1.710948 20.67438 1.710948 20.84252 1.585921 20.94638 1.714934 -8.239624 21.02841 -8.510759 20.94638 -8.324905 20.84266 -8.510759 1.714934 -8.324965 1.585921 -8.324905 1.592889 20.67438 1.710948 20.84262 1.577613 20.84252 1.585921 20.67438 1.710948 21.02841 1.69771 20.84266 1.592889 -8.465546 1.244999 -8.444268 1.242672 -8.450132 1.684573 21.01029 1.242672 21.02224 1.235421 21.34079 1.682264 21.0067 1.244999 21.33682 1.684706 21.34079 1.682264 21.33824 1.802568 21.33824 1.812827 21.18825 1.737336 -8.538982 21.18825 -8.452663 21.33824 -8.273668 21.2541 -8.45518 1.817267 -8.467063 1.678577 -8.273668 1.668445 -8.45518 1.817267 -8.518003 1.669488 -8.467063 1.678577 -8.452777 1.228264 -8.64809 1.464081 -8.651434 1.461521 21.00309 1.228264 21.01557 1.24093 20.80414 1.464081 -8.448129 21.01557 -8.652089 20.8079 -8.64809 20.80414 -8.465603 21.02009 -8.452777 21.00309 -8.651434 20.80387 20.8056 1.577057 20.80553 1.579215 20.54593 1.476955 20.91796 1.524723 20.80792 1.355586 20.54593 1.476955 -8.462356 1.524723 -8.812972 1.510516 -8.645289 1.355586 20.95196 1.510516 20.54593 1.476955 20.80559 1.33757 20.80792 1.355586 20.95196 1.510516 20.8056 1.37179 -8.456492 1.104156 -8.052151 1.462607 -8.055526 1.465736 -8.456492 21.0006 -8.448468 21.01741 -8.052151 21.02361 -8.46177 21.02114 -8.055526 21.02378 -8.053569 21.02838 21.02502 1.622279 21.04103 1.386832 21.00699 1.477322 -8.05071 1.622279 -8.18777 1.461666 -8.007923 1.386832 -8.18777 1.461666 -8.039734 1.477322 -8.053461 1.316524 -8.007923 1.386832 -8.18777 1.461666 -8.053796 1.333274 -8.18777 1.461666 -8.053461 1.316524 -8.053796 1.333274 -8.464379 1.193906 -8.446182 1.19872 -8.629974 1.665441 -8.456034 1.192129 -8.628316 1.664852 -8.625512 1.666247 21.02494 1.192129 21.00497 1.193906 21.13316 1.665441 -8.627646 1.830406 -8.628249 1.792237 -8.830377 1.667711 21.1355 1.792237 21.1355 1.800791 21.01943 1.791298 21.1355 1.800791 21.13608 1.830406 21.01943 1.791298 21.13608 1.830406 21.15958 1.59641 21.01943 1.791298 21.15958 1.59641 21.13608 1.830406 21.34212 1.597007 -8.602286 1.791298 -8.542254 1.59641 -8.633595 1.546355 -8.830377 21.16476 -8.628333 21.13547 -8.673796 21.34212 -8.673796 21.34212 -8.628333 21.13547 -8.542254 21.15958 -8.445742 1.116171 -8.413285 1.811219 -8.418644 1.811128 21.02429 1.123265 20.6961 1.81266 20.69273 1.811219 21.02429 1.123265 21.00678 1.116924 20.69182 1.811128 20.69351 1.960732 20.69354 1.979455 20.90376 1.811151 -8.41628 20.69354 -8.659247 20.63113 -8.437901 20.90376 -8.41628 1.979455 -8.413015 1.901794 -8.659247 1.828197 20.90376 1.811151 20.69225 1.653396 20.6935 1.694419 21.79304 0.6834923 21.77662 1.316259 21.78651 1.316433 21.80411 0.682697 21.78437 1.316079 21.77071 0.6823798 -8.346042 0.6834923 -8.316315 1.316433 -8.32165 0.682697 21.78326 1.108343 21.79423 1.402112 21.79088 1.402049 -8.322742 1.103828 -8.443621 1.402112 -8.315245 1.108343 -8.322742 1.103828 -8.445802 1.400916 -8.443621 1.402112 21.79239 1.530087 21.67116 1.408411 21.78662 1.440071 21.81641 1.378114 21.67116 1.408411 21.79239 1.530087 21.67116 1.408411 21.79211 1.255194 21.78662 1.440071 21.81641 1.378114 21.79237 1.274891 21.67116 1.408411 -8.323265 1.378114 -8.44424 1.292556 -8.444393 1.274891 -8.323265 1.378114 -8.445386 1.255194 -8.44424 1.292556 -8.4556 1.425106 -8.445386 1.255194 -8.323265 1.378114 21.78456 0.9976595 21.70924 1.508756 21.7121 1.50914 -8.31996 0.9948602 -8.253048 1.508756 -8.32843 0.9976595 -8.32843 0.9976595 -8.252068 1.50914 -8.316056 0.9963972 21.71042 1.590465 21.58954 1.50901 21.71038 1.611158 -8.251728 21.71042 -8.11442 21.79727 -8.185343 21.58954 -8.251728 1.590465 -8.251786 1.607525 -8.11442 1.493644 -8.251786 1.607525 -8.251798 1.611158 -8.399221 1.495731 -8.251798 1.611158 -8.185343 1.50901 -8.399221 1.495731 -8.399221 1.495731 -8.251776 1.418271 -8.251737 1.409325 21.58954 1.50901 21.71039 1.42822 21.7104 1.418271 -8.314414 21.78466 -8.336049 21.95307 -8.327784 21.78358 21.78845 1.184386 21.95444 1.292594 21.78466 1.194082 -8.320039 21.78845 -8.338729 21.95377 -8.335757 21.95444 -8.336788 21.95381 -8.383723 22.09396 -8.216763 21.96085 21.95398 1.423329 22.09396 1.311026 21.95381 1.403866 -8.216763 1.33906 -8.422731 1.261049 -8.338153 1.423329 -8.216763 1.33906 -8.32509 1.160878 -8.422731 1.261049 -8.321848 1.15265 -8.410358 1.474826 -8.413053 1.474227 21.7896 1.159182 21.69112 1.475831 21.68799 1.474826 -8.327834 1.153977 -8.411091 1.475831 -8.316787 1.159182 21.81198 1.438527 21.65601 1.424989 21.68877 1.635328 -8.50813 1.435394 -8.411467 1.342604 -8.411489 1.330598 21.79054 1.069175 21.81352 1.414664 21.81641 1.414769 -8.321748 1.067345 -8.122704 1.412849 -8.124714 1.414664 -8.326002 1.069175 -8.122704 1.412849 -8.315777 1.061647 21.81519 1.507404 21.85818 1.402808 21.81695 1.518958 -8.12421 1.507404 -8.223373 1.456135 -8.109068 1.402808 21.81695 1.518958 21.69868 1.401988 21.81517 1.515468 -8.223373 1.456135 -8.124063 1.308179 -8.109068 1.402808 21.69868 1.401988 21.81489 1.308179 21.85271 1.456135 21.82465 1.409952 21.81489 1.308179 21.69868 1.401988 21.79188 1.058957 21.88392 1.241354 21.78087 1.065977 -8.317906 1.058957 -8.466871 1.239353 -8.464497 1.241354 -8.465736 21.88277 -8.393098 21.99533 -8.379366 21.77993 -8.465736 21.88277 -8.625853 21.87623 -8.393098 21.99533 -8.465795 1.331856 -8.465832 1.32601 -8.625853 1.251484 21.88277 1.33016 21.77993 1.289028 21.88275 1.32601 -8.465832 21.88275 -8.379366 21.77993 -8.625853 21.87623 21.88289 1.141932 21.88277 1.168827 21.99533 1.277861 -8.463818 1.156092 -8.465761 1.141932 -8.625853 1.251484 -8.317855 0.9522354 -8.27259 1.241137 -8.275335 1.240207 21.78966 0.9618579 21.54347 1.241137 21.78125 0.9522354 -8.328808 0.9584767 -8.275562 1.242666 -8.316899 0.9618579 21.54334 1.348919 21.6366 1.239468 21.54141 1.365703 21.53301 1.251772 21.6366 1.239468 21.54334 1.348919 21.5171 1.18065 21.54306 1.12539 21.53301 1.251772 21.77899 1.0328 21.89992 1.400261 21.90236 1.399627 -8.314041 1.027621 -8.263575 1.400261 -8.32308 1.0328 -8.314041 1.027621 -8.265595 1.399627 -8.262362 1.399164 -8.26401 21.90155 -8.33168 21.87449 -8.266088 22.02667 22.02667 1.401412 21.94931 1.345841 21.90124 1.529284 21.87449 1.498547 21.90436 1.30603 22.02667 1.401412 21.90436 1.30603 21.9016 1.275683 22.02667 1.401412 21.77861 0.9679205 21.73136 1.514132 21.7902 0.9685118 -8.314501 0.9734961 -8.510801 1.514204 -8.323764 0.9679205 -8.314501 0.9734961 -8.511872 1.514132 -8.509058 1.515337 -8.510602 1.631716 -8.385563 1.51415 -8.511043 1.585393 21.87096 1.527548 21.72801 1.585393 21.73059 1.39016 -8.385563 1.51415 -8.510361 1.376383 -8.511043 1.585393 -8.572115 1.527548 -8.511481 1.39016 -8.385563 1.51415 21.72913 1.376383 21.73059 1.39016 21.72801 1.585393 -8.385563 1.51415 -8.510608 1.422403 -8.510361 1.376383 21.79304 0.6834923 21.77071 0.6823798 21.77662 1.316259 21.77071 0.6823798 21.78437 1.316079 21.77662 1.316259 -8.32165 0.682697 -8.316315 1.316433 -8.307135 1.316079 -8.327364 1.101511 -8.443921 1.402049 -8.445802 1.400916 -8.327364 1.101511 -8.315245 1.108343 -8.443921 1.402049 21.79199 1.103828 21.78251 1.101511 21.79305 1.400916 -8.4556 1.425106 -8.323265 1.378114 -8.44444 1.530087 21.78662 1.440071 21.79211 1.255194 21.84328 1.425106 21.79211 1.255194 21.67116 1.408411 21.79237 1.274891 -8.31996 0.9948602 -8.250397 1.508265 -8.253048 1.508756 21.77841 0.9948602 21.78985 0.9963972 21.70926 1.508265 21.78985 0.9963972 21.7121 1.50914 21.70926 1.508265 -8.251786 1.607525 -8.399221 1.495731 -8.11442 1.493644 -8.11442 1.493644 -8.251737 1.409325 -8.251734 1.42822 -8.11442 1.493644 -8.399221 1.495731 -8.251737 1.409325 -8.399221 1.495731 -8.185343 1.50901 -8.251776 1.418271 -8.185343 21.58954 -8.11442 21.79727 -8.251734 21.71039 -8.327784 21.78358 -8.336049 21.95307 -8.338729 21.95377 21.78466 1.194082 21.95444 1.292594 21.95307 1.295627 21.78845 1.184386 21.78358 1.193645 21.95377 1.293489 -8.336871 1.388971 -8.336788 1.403866 -8.216763 1.33906 -8.336871 1.388971 -8.216763 1.33906 -8.338153 1.423329 21.95398 1.423329 21.93571 1.261049 22.09396 1.311026 -8.216763 1.33906 -8.335553 1.152182 -8.32509 1.160878 -8.216763 1.33906 -8.383723 1.311026 -8.335553 1.152182 22.09396 1.311026 21.93571 1.261049 21.95433 1.152182 21.78726 1.153977 21.77843 1.15265 21.68907 1.474227 21.77843 1.15265 21.7896 1.159182 21.68799 1.474826 21.78726 1.153977 21.68907 1.474227 21.69112 1.475831 21.6894 1.612514 21.81198 1.438527 21.68877 1.635328 21.6894 1.612514 21.69192 1.628225 21.81198 1.438527 21.69192 1.628225 21.68877 1.635328 21.6413 1.435394 21.69192 1.628225 21.6413 1.435394 21.81198 1.438527 -8.410646 1.635328 -8.290773 1.424989 -8.50813 1.435394 21.6413 1.435394 21.68944 1.337127 21.81198 1.438527 -8.290773 21.65601 -8.366909 21.81198 -8.411467 21.68942 21.81198 1.438527 21.68944 1.337127 21.68942 1.342604 -8.50813 1.435394 -8.411489 1.330598 -8.411554 1.337127 -8.50813 1.435394 -8.290773 1.424989 -8.411467 1.342604 21.79054 1.069175 21.77802 1.067345 21.81352 1.414664 21.77802 1.067345 21.78695 1.061647 21.81567 1.412849 -8.326002 1.069175 -8.12529 1.414769 -8.122704 1.412849 -8.12421 1.507404 -8.124207 1.515468 -8.223373 1.456135 -8.223373 21.85271 -8.124207 21.81517 -8.157591 21.69868 21.81695 1.518958 21.82465 1.409952 21.69868 1.401988 21.81695 1.518958 21.85818 1.402808 21.82465 1.409952 21.78246 1.056021 21.88113 1.241366 21.88313 1.239353 -8.326938 1.056021 -8.31893 1.065977 -8.46638 1.241366 -8.31893 21.78087 -8.464497 21.88392 -8.46638 21.88113 -8.317906 21.79188 -8.326938 21.78246 -8.466871 21.88313 -8.465736 1.33016 -8.465795 1.331856 -8.625853 1.251484 -8.379366 1.289028 -8.463818 1.156092 -8.625853 1.251484 21.77993 1.289028 21.99533 1.277861 21.87981 1.156092 -8.393098 1.277861 -8.625853 1.251484 -8.465761 1.141932 -8.463818 1.156092 -8.393098 1.277861 -8.465736 1.168827 21.78446 0.9584767 21.54214 1.240207 21.5442 1.242666 -8.328808 0.9584767 -8.317855 0.9522354 -8.275335 1.240207 -8.316899 0.9618579 -8.275562 1.242666 -8.27259 1.241137 -8.274338 1.365703 -8.260472 1.18065 -8.284174 1.251772 21.54141 1.365703 21.6366 1.239468 21.5171 1.18065 21.6366 1.239468 21.53301 1.251772 21.54306 1.12539 21.5171 1.18065 21.6366 1.239468 21.5433 1.138556 21.6366 1.239468 21.54306 1.12539 21.5433 1.138556 21.78966 1.029017 21.77899 1.0328 21.90236 1.399627 21.78657 1.027621 21.90186 1.399164 21.89992 1.400261 -8.314041 1.027621 -8.326933 1.029017 -8.265595 1.399627 21.90124 1.529284 21.90155 1.499285 22.02667 1.401412 -8.26401 1.499285 -8.264008 1.506007 -8.33168 1.498547 -8.264008 1.506007 -8.263602 1.529284 -8.33168 1.498547 -8.263602 1.529284 -8.241034 1.345371 -8.33168 1.498547 -8.241034 1.345371 -8.263602 1.529284 -8.143489 1.345841 21.87449 1.498547 21.85189 1.345371 21.90436 1.30603 -8.266088 1.401412 -8.264041 1.275683 -8.143489 1.345841 -8.143489 21.94931 -8.264041 21.9016 -8.241034 21.85189 21.77861 0.9679205 21.72821 1.514204 21.73136 1.514132 21.78691 0.9734961 21.73039 1.515337 21.72821 1.514204 -8.314501 0.9734961 -8.3259 0.9685118 -8.511872 1.514132 -8.510602 1.631716 -8.510599 1.646432 -8.385563 1.51415 -8.510599 1.646432 -8.572115 1.527548 -8.385563 1.51415 21.7301 1.646432 21.72801 1.585393 21.87096 1.527548 -8.385563 1.51415 -8.511481 1.39016 -8.510608 1.422403 -10.75512 0.09281743 -10.7673 0.7899903 -10.75469 0.7901817 -10.73283 0.09194119 -10.75471 0.7897917 -10.77863 0.09159173 22.61643 0.09281743 22.57474 0.7901817 22.58728 0.09194119 -10.7573 0.6110709 -10.65289 0.8394101 -10.64896 0.8373786 -10.74904 0.6128372 -10.64955 0.8391819 -10.76597 0.6195428 22.57754 0.6128372 22.69423 0.8373786 22.69073 0.8391819 22.58951 0.6110709 22.69423 0.8373786 22.57754 0.6128372 22.69283 0.9582852 22.68256 0.9961497 22.52231 0.8827906 22.68256 0.9961497 22.69282 0.7810183 22.69351 0.6915077 22.68256 0.9961497 22.70285 0.8030564 22.52231 0.8827906 -10.63398 0.9961497 -10.64903 0.6915077 -10.71431 0.8030564 22.57693 0.4331295 22.59121 0.7106518 22.59043 0.4366251 -10.75229 0.4436702 -11.02214 0.712114 -11.0246 0.7099921 22.59043 0.4366251 22.59121 0.7106518 22.57543 0.4436702 22.58879 0.8274438 22.58451 0.6202846 22.41804 0.7585337 -11.02354 22.58879 -11.16294 22.41804 -11.15027 22.75987 -11.03321 0.7300378 -11.01228 0.6202846 -11.02354 0.8274438 -11.03321 0.7300378 -11.01793 0.5946985 -11.01228 0.6202846 -11.15027 0.7344434 -11.01228 0.6202846 -11.02373 0.6040866 22.5733 0.4962607 22.46636 0.8672229 22.59021 0.498464 -10.75053 0.4924374 -10.61495 0.8656527 -10.76431 0.4962607 22.57641 0.4924374 22.46889 0.866643 22.46473 0.8656527 -10.61574 0.9988725 -10.45572 0.8922196 -10.6159 0.9670736 -10.61574 0.9988725 -10.61393 1.003583 -10.79409 0.8278977 22.52732 0.8922196 22.29055 0.8578123 22.46612 1.003583 -10.79409 0.8278977 -10.45572 0.8922196 -10.61574 0.9988725 22.46612 1.003583 22.29055 0.8578123 22.54193 0.8278977 -10.79409 0.8278977 -10.61591 0.7687183 -10.61588 0.7608319 -10.75005 0.4046911 -10.7776 0.8599785 -10.76336 0.4051374 22.58994 0.399103 22.77724 0.8587015 22.77488 0.8596647 22.77502 0.9704448 22.7751 0.9754731 22.9061 0.830275 22.775 0.9915545 22.9061 0.830275 22.57289 0.8690047 -10.77553 0.9754731 -10.94522 0.8106493 -10.67242 0.830275 22.9061 0.830275 22.7755 0.7259128 22.77504 0.730164 -10.94522 0.8106493 -10.77568 0.7529826 -10.77556 0.7259128 22.57289 0.8690047 22.77504 0.730164 22.775 0.7529826 -10.76577 0.3918619 -10.86529 0.8772276 -10.75147 0.3949075 22.58663 0.3918619 22.4465 0.8761411 22.45063 0.8772276 22.58777 0.3949075 22.44851 0.8773805 22.57174 0.3895884 22.48817 1.06409 22.45698 0.8477667 22.4484 1.046708 22.44751 1.03852 22.4897 0.8085085 22.48817 1.06409 -10.72241 0.8477667 -10.86626 0.7581098 -10.86482 1.03852 -10.86482 1.03852 -10.86626 0.7581098 -11.00434 0.8085085 -10.86457 1.06409 -11.00434 0.8085085 -10.72241 0.8477667 -11.00434 0.8085085 -10.86396 0.7217759 -10.72241 0.8477667 -10.86626 0.7581098 -10.86627 0.7119288 -11.00434 0.8085085 -10.86396 0.7217759 -10.86626 0.7581098 -10.72241 0.8477667 22.59067 0.4308581 22.64478 0.8240733 22.64793 0.8223395 -10.74993 0.4253622 -10.47831 0.822432 -10.76261 0.433946 -10.76161 0.4308581 -10.47922 0.8223395 -10.74993 0.4253622 22.64559 0.9197963 22.46045 0.8196245 22.64627 0.9620236 -10.47744 0.9620236 -10.27516 0.8342214 -10.47938 0.9480397 -10.27516 0.8342214 -10.49245 0.8140481 -10.47689 0.6752401 22.7731 0.8342214 22.64495 0.6614009 22.46045 0.8196245 -10.27516 0.8342214 -10.47689 0.6752401 -10.47707 0.6614009 -10.76738 0.4622379 -10.99556 0.9210092 -10.75193 0.4668252 -10.76738 0.4622379 -10.99559 0.922341 -10.99874 0.9202639 22.5888 0.4668252 22.73807 0.922341 22.5733 0.4705115 -10.99659 1.049627 -11.12293 0.8947441 -10.86984 0.8869712 22.73989 1.07613 22.84888 0.8869712 22.57283 0.9442509 22.57283 0.9442509 22.86023 0.8947441 22.74022 1.073257 22.84888 0.8869712 22.73898 0.7752193 22.57283 0.9442509 22.57283 0.9442509 22.7402 0.7715526 22.86023 0.8947441 22.73898 0.7752193 22.7402 0.7715526 22.57283 0.9442509 22.57677 0.4128363 22.38889 0.9741228 22.39236 0.9754095 -10.7501 0.4111115 -10.69913 0.9741228 -10.76663 0.4128363 22.57599 0.4111115 22.39217 0.9749797 22.38889 0.9741228 22.50283 0.9503219 22.38882 0.8557433 22.23166 0.9759006 22.38893 1.003799 22.39235 0.8512344 22.50283 0.9503219 22.38893 1.003799 22.38882 0.8557433 22.39235 0.8512344 22.58202 0.4811572 22.70215 0.8626306 22.70516 0.8616257 -10.75355 0.4822537 -10.70374 0.8626306 -10.7674 0.4811572 -10.70159 22.70307 -10.84256 22.71329 -10.58667 22.87088 -10.70159 0.9794808 -10.70197 1.020002 -10.84256 0.9257931 22.70305 0.9970234 22.51182 0.8002745 22.70269 1.020002 -10.65407 0.8002745 -10.84256 0.9257931 -10.70197 1.020002 -10.84256 0.9257931 -10.71553 0.7295367 -10.58667 0.8839306 22.71329 0.9257931 22.51182 0.8002745 22.70514 0.7295367 22.51182 0.8002745 22.70306 0.7274472 22.70303 0.7129784 22.87088 0.8839306 22.70306 0.7274472 22.51182 0.8002745 -10.58667 22.87088 -10.71553 22.70514 -10.70158 22.70306 22.51182 0.8002745 22.70303 0.7129784 22.70514 0.7295367 22.61643 0.09281743 22.58225 0.09159173 22.56916 0.7899903 -10.77863 0.09159173 -10.75471 0.7897917 -10.7673 0.7899903 22.58728 0.09194119 22.57474 0.7901817 22.56183 0.7897917 22.58951 0.6110709 22.57861 0.6195428 22.69343 0.8394101 -10.76597 0.6195428 -10.64955 0.8391819 -10.65289 0.8394101 22.69283 0.9582852 22.52231 0.8827906 22.69655 0.9810783 -10.65493 0.9810783 -10.64549 0.7810183 -10.63398 0.9961497 22.69655 0.9810783 22.52231 0.8827906 22.70285 0.8030564 -10.64549 0.7810183 -10.65493 0.9810783 -10.71431 0.8030564 22.57693 0.4331295 22.58684 0.7099921 22.59121 0.7106518 -10.76449 0.4331295 -10.75229 0.4436702 -11.0246 0.7099921 22.57543 0.4436702 22.59121 0.7106518 22.58739 0.712114 22.58878 0.8061719 22.75987 0.7344434 22.60112 0.7300378 22.58878 0.8061719 22.58879 0.8274438 22.75987 0.7344434 22.60112 0.7300378 22.75987 0.7344434 22.58886 0.6040866 -11.15027 22.75987 -11.16294 22.41804 -11.01228 22.58451 -11.03321 0.7300378 -11.02373 0.6040866 -11.01793 0.5946985 -10.75726 0.498464 -10.61824 0.8672229 -10.6145 0.866643 -10.76431 0.4962607 -10.61495 0.8656527 -10.61824 0.8672229 22.57641 0.4924374 22.59021 0.498464 22.46889 0.866643 -10.6159 0.9670736 -10.45572 0.8922196 -10.61393 1.003583 22.29055 0.8578123 22.52732 0.8922196 22.46455 0.7397543 -10.45572 0.8922196 -10.61588 0.7608319 -10.61533 0.7397543 -10.45572 0.8922196 -10.79409 0.8278977 -10.61588 0.7608319 -10.79409 22.54193 -10.61605 22.29055 -10.61533 22.46455 -10.79409 0.8278977 -10.61533 0.7397543 -10.61591 0.7687183 22.58994 0.399103 22.77364 0.8599785 22.77724 0.8587015 22.58994 0.399103 22.57359 0.4051374 22.77364 0.8599785 -10.75005 0.4046911 -10.77327 0.8596647 -10.7776 0.8599785 22.57602 0.4046911 22.58994 0.399103 22.77488 0.8596647 22.77502 0.9704448 22.9061 0.830275 22.775 0.9915545 22.7751 0.9754731 22.775 0.9915545 22.57289 0.8690047 22.7751 0.9754731 22.57289 0.8690047 22.89435 0.8106493 22.57289 0.8690047 22.9061 0.830275 22.77504 0.730164 -10.67242 22.9061 -10.94522 22.89435 -10.77556 22.7755 -10.94522 22.89435 -10.77837 22.57289 -10.77568 22.775 22.58663 0.3918619 22.57174 0.3895884 22.4465 0.8761411 -10.75874 0.3895884 -10.86186 0.8773805 -10.86574 0.8761411 -10.75147 0.3949075 -10.86529 0.8772276 -10.86186 0.8773805 -10.86429 1.046708 -10.72241 0.8477667 -10.86482 1.03852 -11.00434 0.8085085 -10.86627 0.7119288 -10.86396 0.7217759 22.59067 0.4308581 22.57376 0.433946 22.64478 0.8240733 -10.76261 0.433946 -10.47831 0.822432 -10.48123 0.8240733 22.57794 0.4253622 22.64793 0.8223395 22.6434 0.822432 22.64559 0.9197963 22.64556 0.9480397 22.46045 0.8196245 -10.4614 22.46045 -10.47938 22.64556 -10.27516 22.7731 22.64627 0.9620236 22.46045 0.8196245 22.63809 0.8140481 -10.47744 0.9620236 -10.49245 0.8140481 -10.27516 0.8342214 22.46045 0.8196245 22.64495 0.6614009 22.63809 0.8140481 -10.76738 0.4622379 -10.99874 0.9202639 -10.99556 0.9210092 -10.76738 0.4622379 -10.75434 0.4705115 -10.99559 0.922341 22.5888 0.4668252 22.74241 0.9210092 22.73807 0.922341 22.74022 1.073257 22.73989 1.07613 22.57283 0.9442509 -10.99659 1.049627 -10.86984 0.8869712 -10.99629 1.07613 -10.99659 1.049627 -10.99698 1.073257 -11.12293 0.8947441 -10.9956 0.7752193 -10.86984 0.8869712 -10.99659 0.7966228 -10.86984 22.84888 -11.12293 22.86023 -10.99659 22.74017 -11.12293 0.8947441 -10.99695 0.7715526 -10.99659 0.7966228 22.58952 0.4154753 22.57677 0.4128363 22.39236 0.9754095 22.57599 0.4111115 22.58952 0.4154753 22.39217 0.9749797 -10.75353 0.4154753 -10.70187 0.9754095 -10.69773 0.9749797 -10.69989 1.090692 -10.66086 0.9503219 -10.69717 1.107493 22.39135 1.090692 22.38893 1.003799 22.50283 0.9503219 22.38893 1.003799 22.38217 1.107493 22.23166 0.9759006 22.38217 1.107493 22.50283 0.9503219 22.23166 0.9759006 22.38893 1.003799 22.23166 0.9759006 22.38882 0.8557433 22.38882 0.8557433 22.50283 0.9503219 22.39109 0.8689553 22.50283 0.9503219 22.39235 0.8512344 22.39109 0.8689553 -10.75354 0.4772939 -10.7674 0.4811572 -10.7026 0.8616257 -10.75355 0.4822537 -10.69937 0.8620812 -10.70374 0.8626306 22.57179 0.4822537 22.58925 0.4772939 22.70204 0.8620812 22.58925 0.4772939 22.70516 0.8616257 22.70204 0.8620812 22.70305 0.9970234 22.70307 0.9794808 22.87088 0.8839306 22.51182 0.8002745 22.70305 0.9970234 22.87088 0.8839306 22.50923 0.07278266 22.52312 0.9109394 22.50806 0.9111695 22.48199 0.07172922 22.50788 0.9107006 22.53694 0.07130909 -11.04628 0.07278266 -11.09636 0.9111695 -11.08095 0.07172922 22.51143 0.6958385 22.3876 0.9703531 22.3829 0.9679107 22.50131 0.697962 22.38355 0.9700786 22.52167 0.7060237 -11.09291 0.697962 -10.95115 0.9679107 -10.95537 0.9700786 -11.07865 0.6958385 -10.95115 0.9679107 -11.09291 0.697962 -10.95286 1.113267 -10.96494 1.158789 -11.15899 1.022506 -10.96494 1.158789 -10.95279 0.9001531 -10.95202 0.7925414 -10.96494 1.158789 -10.94181 0.9266478 -11.15899 1.022506 22.36473 1.158789 22.38297 0.7925414 22.46154 0.9266478 -11.09388 0.4819135 -11.08078 0.815557 -11.0776 0.486116 22.50518 0.4945857 22.82957 0.8173149 22.83252 0.8147638 -11.0776 0.486116 -11.08078 0.815557 -11.09549 0.4945857 -11.08367 0.9559669 -11.08864 0.7069154 -11.29099 0.8731216 -11.08367 22.83127 -11.29099 22.99609 -10.88011 22.98621 22.84309 0.8388632 22.81768 0.7069154 22.83127 0.9559669 22.84309 0.8388632 22.82451 0.6761553 22.81768 0.7069154 22.98621 0.8441597 22.81768 0.7069154 22.8315 0.6874418 -11.09824 0.5578111 -11.22444 1.00379 -11.07782 0.5604601 22.50308 0.5532147 22.33845 1.001902 22.51959 0.5578111 -11.09428 0.5532147 -11.22134 1.003093 -11.22634 1.001902 22.33945 1.162062 22.14813 1.033842 22.33963 1.123833 22.33945 1.162062 22.33725 1.167726 22.55488 0.9565126 -11.14866 1.033842 -11.43562 0.9924765 -11.22466 1.167726 22.55488 0.9565126 22.14813 1.033842 22.33945 1.162062 -11.22466 1.167726 -11.43562 0.9924765 -11.1364 0.9565126 22.55488 0.9565126 22.33964 0.8853657 22.3396 0.8758846 22.50251 0.4477241 22.53869 0.9950808 22.51845 0.4482607 -11.07817 0.441006 -10.85339 0.9935456 -10.8562 0.9947036 -10.85607 1.127886 -10.85597 1.133931 -10.69697 0.9593707 -10.85608 1.153264 -10.69697 0.9593707 -11.09895 1.005932 22.53622 1.133931 22.74195 0.9357762 22.41439 0.9593707 -10.69697 0.9593707 -10.85549 0.833904 -10.85605 0.8390149 22.74195 0.9357762 22.5364 0.8664479 22.53627 0.833904 -11.09895 1.005932 -10.85605 0.8390149 -10.85609 0.8664479 22.52155 0.4323006 22.639 1.015818 22.50439 0.4359621 -11.08225 0.4323006 -11.25216 1.014512 -11.24719 1.015818 -11.08066 0.4359621 -11.24969 1.016002 -11.10003 0.4295674 -11.20208 1.240469 -11.23734 0.9803995 -11.24985 1.219571 -11.25093 1.209728 -11.20242 0.9332024 -11.20208 1.240469 22.46744 0.9803995 22.6401 0.8726121 22.63839 1.209728 22.63839 1.209728 22.6401 0.8726121 22.80666 0.9332024 22.63872 1.240469 22.80666 0.9332024 22.46744 0.9803995 22.80666 0.9332024 22.63738 0.8289305 22.46744 0.9803995 22.6401 0.8726121 22.64013 0.8170922 22.80666 0.9332024 22.63738 0.8289305 22.6401 0.8726121 22.46744 0.9803995 -11.07732 0.4791827 -11.00794 0.9519148 -11.00413 0.9498303 22.50239 0.4725755 22.17708 0.9499416 22.51756 0.482895 22.51662 0.4791827 22.17825 0.9498303 22.50239 0.4725755 -11.00695 1.066995 -11.22909 0.9465663 -11.0061 1.117762 22.17609 1.117762 21.93504 0.9641151 22.17841 1.10095 21.93504 0.9641151 22.19399 0.9398623 22.17544 0.7729842 -10.85056 0.9641151 -11.00767 0.7563464 -11.22909 0.9465663 21.93504 0.9641151 22.17544 0.7729842 22.17562 0.7563464 22.5234 0.5169081 22.80006 1.068453 22.50496 0.5224232 22.5234 0.5169081 22.80003 1.070054 22.80384 1.067557 -11.07942 0.5224232 -10.90389 1.070054 -11.09808 0.5268549 22.80127 1.223081 22.95492 1.036877 22.65068 1.027532 -10.90171 1.254943 -10.7688 1.027532 -11.10167 1.096395 -11.10167 1.096395 -10.75912 1.036877 -10.90133 1.25149 -10.7688 1.027532 -10.9028 0.8931814 -11.10167 1.096395 -11.10167 1.096395 -10.90135 0.8887732 -10.75912 1.036877 -10.9028 0.8931814 -10.90135 0.8887732 -11.10167 1.096395 -11.0941 0.4575165 -11.31877 1.132308 -11.31465 1.133855 22.50256 0.4554429 22.43841 1.132308 22.52243 0.4575165 -11.09478 0.4554429 -11.31481 1.133338 -11.31877 1.132308 -11.18128 1.103694 -11.31885 0.9899892 -11.50654 1.134445 -11.31874 1.167985 -11.31464 0.9845684 -11.18128 1.103694 -11.31874 1.167985 -11.31885 0.9899892 -11.31464 0.9845684 -11.08781 0.5396534 -10.94249 0.9982692 -10.93886 0.9970611 22.50665 0.5409717 22.44883 0.9982692 22.52344 0.5396534 -10.94135 22.44626 -10.93128 22.6158 -10.73795 22.31082 22.44626 1.138749 22.44672 1.187465 22.6158 1.074205 -10.94137 1.159839 -11.17038 0.9233033 -10.94182 1.187465 22.38619 0.9233033 22.6158 1.074205 22.44672 1.187465 22.6158 1.074205 22.46305 0.8382607 22.31082 1.023877 -10.93128 1.074205 -11.17038 0.9233033 -10.93909 0.8382607 -11.17038 0.9233033 -10.94136 0.8357488 -10.9414 0.818354 -10.73795 1.023877 -10.94136 0.8357488 -11.17038 0.9233033 -10.73795 22.31082 -10.93909 22.46305 -10.94136 22.44625 -11.17038 0.9233033 -10.9414 0.818354 -10.93909 0.8382607 -11.04628 0.07278266 -11.08771 0.07130909 -11.10326 0.9109394 22.53694 0.07130909 22.50788 0.9107006 22.52312 0.9109394 -11.08095 0.07172922 -11.09636 0.9111695 -11.11187 0.9107006 -11.07865 0.6958385 -11.09189 0.7060237 -10.95217 0.9703531 22.52167 0.7060237 22.38355 0.9700786 22.3876 0.9703531 -10.95286 1.113267 -11.15899 1.022506 -10.94845 1.14067 22.39011 1.14067 22.37871 0.9001531 22.36473 1.158789 -10.94845 1.14067 -11.15899 1.022506 -10.94181 0.9266478 22.37871 0.9001531 22.39011 1.14067 22.46154 0.9266478 -11.09388 0.4819135 -11.08603 0.8147638 -11.08078 0.815557 22.51986 0.4819135 22.50518 0.4945857 22.83252 0.8147638 -11.09549 0.4945857 -11.08078 0.815557 -11.08533 0.8173149 -11.08369 0.9303934 -10.88011 0.8441597 -11.06901 0.8388632 -11.08369 0.9303934 -11.08367 0.9559669 -10.88011 0.8441597 -11.06901 0.8388632 -10.88011 0.8441597 -11.0836 0.6874418 -10.88011 22.98621 -11.29099 22.99609 -11.08864 22.81768 22.84309 0.8388632 22.8315 0.6874418 22.82451 0.6761553 22.51139 0.5604601 22.34244 1.00379 22.33798 1.003093 22.51959 0.5578111 22.33845 1.001902 22.34244 1.00379 -11.09428 0.5532147 -11.07782 0.5604601 -11.22134 1.003093 22.33963 1.123833 22.14813 1.033842 22.33725 1.167726 -11.43562 0.9924765 -11.14866 1.033842 -11.22657 0.8505446 22.14813 1.033842 22.3396 0.8758846 22.33891 0.8505446 22.14813 1.033842 22.55488 0.9565126 22.3396 0.8758846 -11.1364 22.55488 -11.43562 22.33706 -11.22657 22.33891 22.55488 0.9565126 22.33891 0.8505446 22.33964 0.8853657 -11.07817 0.441006 -10.85776 0.9950808 -10.85339 0.9935456 -11.07817 0.441006 -11.09788 0.4482607 -10.85776 0.9950808 22.50251 0.4477241 22.53351 0.9947036 22.53869 0.9950808 -11.09475 0.4477241 -11.07817 0.441006 -10.8562 0.9947036 -10.85607 1.127886 -10.69697 0.9593707 -10.85608 1.153264 -10.85597 1.133931 -10.85608 1.153264 -11.09895 1.005932 -10.85597 1.133931 -11.09895 1.005932 -10.71535 0.9357762 -11.09895 1.005932 -10.69697 0.9593707 -10.85605 0.8390149 -10.69697 22.41439 -10.71535 22.74195 -10.85549 22.53627 -10.71535 22.74195 -11.09895 22.53647 -10.85609 22.5364 -11.08225 0.4323006 -11.10003 0.4295674 -11.25216 1.014512 22.51288 0.4295674 22.63484 1.016002 22.63947 1.014512 22.50439 0.4359621 22.639 1.015818 22.63484 1.016002 22.63776 1.219571 22.46744 0.9803995 22.63839 1.209728 22.80666 0.9332024 22.64013 0.8170922 22.63738 0.8289305 -11.07732 0.4791827 -11.09766 0.482895 -11.00794 0.9519148 22.51756 0.482895 22.17708 0.9499416 22.18062 0.9519148 -11.09244 0.4725755 -11.00413 0.9498303 -11.00956 0.9499416 -11.00695 1.066995 -11.00698 1.10095 -11.22909 0.9465663 -11.22909 22.15391 -11.00698 22.17841 -10.85056 21.93504 -11.0061 1.117762 -11.22909 0.9465663 -11.01616 0.9398623 22.17609 1.117762 22.19399 0.9398623 21.93504 0.9641151 -11.22909 0.9465663 -11.00767 0.7563464 -11.01616 0.9398623 22.5234 0.5169081 22.80384 1.067557 22.80006 1.068453 22.5234 0.5169081 22.50762 0.5268549 22.80003 1.070054 -11.07942 0.5224232 -10.89868 1.068453 -10.90389 1.070054 -10.90133 1.25149 -10.90171 1.254943 -11.10167 1.096395 22.80127 1.223081 22.65068 1.027532 22.8009 1.254943 22.80127 1.223081 22.80173 1.25149 22.95492 1.036877 22.80005 0.8931814 22.65068 1.027532 22.80126 0.9189131 -10.7688 22.65068 -10.75912 22.95492 -10.90138 22.80126 22.95492 1.036877 22.80169 0.8887732 22.80126 0.9189131 -11.07858 0.4606892 -11.0941 0.4575165 -11.31465 1.133855 -11.09478 0.4554429 -11.07858 0.4606892 -11.31481 1.133338 22.50689 0.4606892 22.44175 1.133855 22.43678 1.133338 22.43935 1.27245 22.39421 1.103694 22.43594 1.292648 -11.31583 1.27245 -11.31874 1.167985 -11.18128 1.103694 -11.31874 1.167985 -11.32682 1.292648 -11.50654 1.134445 -11.32682 1.292648 -11.18128 1.103694 -11.50654 1.134445 -11.31874 1.167985 -11.50654 1.134445 -11.31885 0.9899892 -11.31885 0.9899892 -11.18128 1.103694 -11.31614 1.005873 -11.18128 1.103694 -11.31464 0.9845684 -11.31614 1.005873 22.5069 0.5350089 22.52344 0.5396534 22.44752 0.9970611 22.50665 0.5409717 22.44359 0.9976088 22.44883 0.9982692 -11.09988 0.5409717 -11.07891 0.5350089 -10.94256 0.9976088 -11.07891 0.5350089 -10.93886 0.9970611 -10.94256 0.9976088 -10.94137 1.159839 -10.94135 1.138749 -10.73795 1.023877 -11.17038 0.9233033 -10.94137 1.159839 -10.73795 1.023877 21.67933 0.407699 21.64991 0.8948577 21.65595 0.8949914 -10.03212 0.4070867 -10.03859 0.8947189 -10.05676 0.4068425 -10.05138 0.407699 -10.04155 0.8949914 -10.03212 0.4070867 -10.04661 0.6162212 -10.19624 0.909417 -10.19415 0.9107629 -10.03967 0.6196858 -10.19503 0.9098722 -10.04811 0.6138695 -10.04661 0.6162212 -10.19415 0.9107629 -10.03967 0.6196858 -10.19513 0.9978987 -10.10906 0.9211377 -10.19814 0.921591 21.61042 0.921591 21.62574 0.8607204 21.62235 0.997304 -10.10906 0.9211377 -10.19333 0.8607204 -10.1959 0.8137941 -10.10906 0.9211377 -10.1959 0.8137941 -10.19814 0.921591 21.62196 0.8137941 21.62218 0.8222078 21.61042 0.921591 21.66258 0.7282865 21.62259 0.9574513 21.62507 0.957677 -10.04925 0.7282865 -9.96269 0.957677 -10.03971 0.723978 21.62341 1.053769 21.58235 0.9414288 21.77136 0.970833 21.77136 0.970833 21.5202 0.9536462 21.62618 1.054305 -10.09319 21.58235 -9.882444 21.5202 -9.96297 21.62364 21.77136 0.970833 21.62364 0.8713882 21.62275 0.8631851 -10.09319 21.58235 -9.96297 21.62364 -9.96782 21.77136 21.5202 0.9536462 21.62275 0.8631851 21.62372 0.8813971 21.65663 0.630413 21.84183 0.9011079 21.66348 0.6275591 21.65663 0.630413 21.83983 0.9028508 21.84183 0.9011079 21.66348 0.6275591 21.84176 0.9018833 21.65585 0.6340464 21.84112 0.9711994 21.79324 0.9818791 21.84112 0.9730824 21.84118 0.9804302 21.79324 0.9818791 21.84112 0.9711994 -10.11556 21.84118 -10.07212 21.9412 -10.10961 21.79324 -10.11555 21.84112 -10.10961 21.79324 -10.21887 21.85384 -10.11556 21.84118 -10.21887 21.85384 -10.07212 21.9412 21.9412 0.9370994 21.80988 0.8604779 21.79324 0.9818791 -10.0041 0.8604779 -10.10677 0.8295885 -10.10961 0.9818791 -10.07212 0.9370994 -10.21887 0.9558235 -10.11684 0.8113605 -10.07212 21.9412 -10.11684 21.84512 -10.0041 21.80988 -10.0041 0.8604779 -10.11412 0.8102289 -10.10677 0.8295885 21.65835 0.7000869 21.51607 0.8996961 21.51791 0.9014475 -10.04335 0.6988781 -10.10553 0.8996961 -10.05024 0.7000869 -10.10453 0.9822997 -9.988402 0.889889 -10.10468 1.001664 -10.10468 1.001664 -9.988402 0.889889 -10.1056 0.8375282 -10.15401 0.9184941 -10.10522 0.7972308 -9.988402 0.889889 21.5157 0.8375282 21.51795 0.7972308 21.60486 0.9184941 -9.988402 0.889889 -10.10522 0.7972308 -10.10454 0.8116793 -10.05046 0.6764293 -9.942046 0.9984167 -10.04375 0.6726246 -10.04035 0.6734611 -9.943632 0.9994388 -10.05046 0.6764293 21.65428 0.6734611 21.71868 0.9984167 21.71617 0.9986759 21.71694 1.069674 21.71664 1.101996 21.8136 0.9812008 21.71645 1.080659 21.7187 0.9740902 21.71664 1.101996 -9.940882 1.069674 -9.942183 0.9740902 -9.942643 1.080659 21.71694 1.069674 21.8136 0.9812008 21.71664 0.8857427 21.8136 0.9812008 21.7187 0.9740902 21.71731 0.8915248 21.71694 1.069674 21.71664 0.8857427 21.7187 0.9740902 21.65287 0.6816905 21.71917 1.006175 21.66267 0.6782788 -10.03982 0.6845454 -10.23441 1.007667 -10.04644 0.6816905 -10.04826 0.6782788 -10.23541 1.006501 -10.03982 0.6845454 21.71998 1.091276 21.77673 1.026891 21.72175 1.107485 21.72175 1.107485 21.77278 1.010738 21.63069 1.02568 -10.29472 1.026891 -10.15271 1.010738 -10.23355 1.107485 21.63069 1.02568 21.77278 1.010738 21.7177 0.900874 -10.15271 1.010738 -10.29472 1.026891 -10.22653 0.900874 -10.29472 1.026891 -10.23548 0.9182259 -10.23551 0.9238026 21.7177 0.900874 21.71998 0.9182259 21.63069 1.02568 -10.05024 0.7757986 -9.995843 1.028636 -9.998173 1.029598 21.65776 0.7739596 21.58412 1.029371 21.58199 1.028636 -10.0465 0.7777416 -9.995796 1.029371 -10.03928 0.7739596 -9.9966 1.101445 -10.01598 1.063595 -9.996858 0.9508852 21.58371 0.9508852 21.58303 0.9572908 21.50105 1.031273 -9.996951 0.9417008 -9.996858 0.9508852 -10.01598 1.063595 21.66335 0.7117777 21.81129 0.9259908 21.81292 0.9243605 -10.04083 0.7184314 -10.01674 0.9254708 -10.01937 0.9259908 21.66335 0.7117777 21.81145 0.9254708 21.65517 0.7184314 21.81217 1.016556 21.73549 0.9992015 21.81183 1.021245 -10.01819 1.016155 -10.13004 0.9630083 -10.01826 1.016556 21.81217 1.016556 21.92046 0.902708 21.73549 0.9992015 -10.01826 21.81217 -10.13004 21.82188 -10.05075 21.92046 -10.01819 21.81181 -9.970281 21.73549 -10.13004 21.82188 -9.970281 0.9992015 -10.0501 0.8539403 -10.13004 0.9630083 21.73549 0.9992015 21.84348 0.8553202 21.71673 0.8539403 21.82188 0.9630083 21.71673 0.8539403 21.92046 0.902708 21.92046 0.902708 21.81187 0.8352572 21.81188 0.8309432 -10.04832 0.7014351 -10.16781 0.9902605 -10.17003 0.9896878 -10.0396 0.7065595 -10.16781 0.9902605 -10.04832 0.7014351 21.65692 0.7065595 21.57662 0.9909698 21.57448 0.9902605 -10.0416 0.9912491 -10.26196 1.004492 -10.16872 1.078803 -10.16872 1.078803 -10.26196 1.004492 -10.17065 1.045928 -10.17065 1.045928 -10.17123 0.8908703 -10.0416 0.9912491 -10.17065 1.045928 -10.26196 1.004492 -10.17123 0.8908703 -10.0416 0.9912491 -10.17007 0.8858248 -10.26196 1.004492 -10.26196 1.004492 -10.16873 0.914046 -10.17123 0.8908703 21.67933 0.407699 21.65468 0.4068425 21.64991 0.8948577 -10.05676 0.4068425 -10.03859 0.8947189 -10.04737 0.8948577 21.66804 0.4070867 21.65595 0.8949914 21.64867 0.8947189 21.66427 0.6162212 21.65449 0.6138695 21.62245 0.909417 21.65449 0.6138695 21.62061 0.9098722 21.62245 0.909417 21.65961 0.6196858 21.62315 0.9107629 21.62061 0.9098722 21.62214 0.9978987 21.62235 0.997304 21.56841 0.9211377 -10.19493 0.997304 -10.19333 0.8607204 -10.10906 0.9211377 21.61042 0.921591 21.62218 0.8222078 21.62574 0.8607204 21.66258 0.7282865 21.65273 0.7248792 21.62259 0.9574513 -10.04527 0.7248792 -9.961101 0.9566463 -9.963176 0.9574513 21.65273 0.7248792 21.66078 0.723978 21.62296 0.9566463 21.66078 0.723978 21.62507 0.957677 21.62296 0.9566463 -9.963334 21.62341 -9.958816 21.62618 -9.882444 21.5202 21.62618 1.054305 21.62381 1.043602 21.77136 0.970833 21.62381 1.043602 21.62341 1.053769 21.77136 0.970833 -9.963334 1.053769 -9.882444 0.9536462 -10.09319 0.9414288 21.5202 0.9536462 21.77136 0.970833 21.62275 0.8631851 21.62364 0.8713882 21.5202 0.9536462 21.62372 0.8813971 -10.05083 0.630413 -10.04091 0.6340464 -10.11597 0.9028508 21.65585 0.6340464 21.84176 0.9018833 21.83983 0.9028508 -10.0425 0.6275591 -10.11653 0.9011079 -10.11418 0.9018833 -10.11556 0.9804302 -10.11555 0.9730824 -10.21887 0.9558235 -10.21887 0.9558235 -10.10961 0.9818791 -10.10677 0.8295885 -10.0041 21.80988 -10.11684 21.84512 -10.11412 21.83767 -10.11684 0.8113605 -10.21887 0.9558235 -10.10677 0.8295885 -10.04162 0.7062321 -10.05024 0.7000869 -10.1049 0.9014475 -10.04335 0.6988781 -10.10337 0.9002526 -10.10553 0.8996961 21.65399 0.6988781 21.66208 0.7062321 21.51583 0.9002526 21.66208 0.7062321 21.51791 0.9014475 21.51583 0.9002526 -10.10453 0.9822997 -10.10507 1.003257 -9.988402 0.889889 -10.10507 1.003257 -10.15401 0.9184941 -9.988402 0.889889 21.51561 1.001664 21.60486 0.9184941 21.51738 1.003257 21.51561 1.001664 21.5157 0.8375282 21.60486 0.9184941 -10.1056 0.8375282 -9.988402 0.889889 -10.10454 0.8116793 21.65792 0.6764293 21.71661 0.9994388 21.71868 0.9984167 -10.04035 0.6734611 -9.941318 0.9986759 -9.943632 0.9994388 21.65428 0.6734611 21.66418 0.6726246 21.71868 0.9984167 21.8136 0.9812008 21.71664 1.101996 21.7187 0.9740902 21.71664 0.8857427 21.8136 0.9812008 21.71731 0.8915248 21.66267 0.6782788 21.71917 1.006175 21.72147 1.006501 -10.04644 0.6816905 -10.23441 1.007667 -10.23662 1.006175 21.66052 0.6845454 21.72147 1.006501 21.71931 1.007667 -10.23548 1.091276 -10.23549 1.095186 -10.29472 1.026891 21.71998 1.095186 21.63069 1.02568 21.77673 1.026891 21.71998 1.095186 21.72175 1.107485 21.63069 1.02568 21.7177 0.900874 21.77673 1.026891 21.71998 0.9238026 21.77673 1.026891 21.63069 1.02568 21.71998 0.9182259 21.66392 0.7777416 21.65601 0.7757986 21.58328 1.029598 -10.05024 0.7757986 -10.03928 0.7739596 -9.995843 1.028636 -10.0465 0.7777416 -9.998173 1.029598 -9.995796 1.029371 21.58305 1.116228 21.58386 1.101445 21.50105 1.031273 21.57956 1.063595 21.58305 1.116228 21.50105 1.031273 21.50105 1.031273 21.58386 1.101445 21.58371 0.9508852 21.57956 1.063595 21.50105 1.031273 21.58293 0.9417008 21.58293 0.9417008 21.50105 1.031273 21.58303 0.9572908 21.66335 0.7117777 21.6573 0.718039 21.81129 0.9259908 -10.05041 0.718039 -10.04083 0.7184314 -10.01937 0.9259908 21.66335 0.7117777 21.81292 0.9243605 21.81145 0.9254708 21.81181 1.016155 21.81183 1.021245 21.73549 0.9992015 -9.970281 21.73549 -10.05075 21.92046 -9.922956 21.84348 -10.0501 21.71673 -9.922956 21.84348 -10.01812 21.81187 -9.922956 21.84348 -10.05075 21.92046 -10.01815 21.81188 21.92046 0.902708 21.71673 0.8539403 21.81187 0.8352572 21.6644 0.7065968 21.65496 0.7014351 21.57613 0.9896878 21.65692 0.7065595 21.6644 0.7065968 21.57662 0.9909698 -10.04451 0.7065968 -10.17003 0.9896878 -10.16785 0.9909698 -10.16872 1.078803 -10.16869 1.082761 -10.0416 0.9912491 -10.16869 1.082761 -10.17065 1.045928 -10.0416 0.9912491 -10.0416 0.9912491 -10.17123 0.8908703 -10.17007 0.8858248 -10.26196 1.004492 -10.17007 0.8858248 -10.16873 0.914046 -9.651971 0.6739924 -9.647283 1.271709 -9.655366 1.271873 -9.669167 0.6732411 -9.656313 1.271539 -9.638667 0.6729415 20.25369 0.6739924 20.28176 1.271873 20.27168 0.6732411 -9.652848 1.075311 -9.623059 1.352806 -9.620026 1.352747 20.27444 1.071045 20.16775 1.352806 20.2837 1.075311 20.27444 1.071045 20.1662 1.351677 20.16775 1.352806 -9.621193 1.473694 -9.516377 1.358757 -9.61668 1.388663 -9.679455 1.330138 -9.516377 1.358757 -9.621193 1.473694 -9.516377 1.358757 -9.620656 1.214026 -9.61668 1.388663 -9.679455 1.330138 -9.621184 1.232633 -9.516377 1.358757 20.26649 1.330138 20.1677 1.249319 20.16765 1.232633 20.26649 1.330138 20.16686 1.214026 20.1677 1.249319 20.14219 1.374527 20.16686 1.214026 20.26649 1.330138 -9.64994 0.9707575 -9.607033 1.453544 -9.609839 1.453906 20.28105 0.9681132 20.36096 1.453544 20.27173 0.9707575 20.27173 0.9707575 20.36094 1.453906 20.28096 0.9695651 20.36176 1.530727 20.45708 1.453784 20.36171 1.550274 -9.60847 20.36176 -9.726784 20.4555 -9.52285 20.45708 -9.60847 1.530727 -9.608523 1.546842 -9.726784 1.439269 20.36168 1.546842 20.36171 1.550274 20.22213 1.44124 20.36171 1.550274 20.45708 1.453784 20.22213 1.44124 20.22213 1.44124 20.36172 1.368071 20.36175 1.35962 20.45708 1.453784 20.36176 1.377469 20.36172 1.368071 -9.654326 20.284 -9.795372 20.21332 -9.649275 20.2726 -9.655925 1.147141 -9.796663 1.249355 -9.654326 1.1563 -9.655925 20.2779 -9.795164 20.21075 -9.796663 20.21316 -9.795791 20.21245 -9.904286 20.12826 -9.838813 20.31554 -9.795521 1.372849 -9.904286 1.266766 -9.795791 1.354463 20.31554 1.293248 20.14264 1.219557 20.2112 1.372849 20.31554 1.293248 20.22224 1.124935 20.14264 1.219557 20.27939 1.117163 20.22954 1.421493 20.22684 1.420927 -9.657937 1.123333 -9.542622 1.422442 -9.540103 1.421493 20.27143 1.118416 20.22793 1.422442 20.2804 1.123333 -9.662174 1.387205 -9.54877 1.374417 -9.540696 1.573104 -9.469141 1.384246 -9.541017 1.296595 -9.540988 1.285254 -9.655925 1.038311 -9.737877 1.364664 -9.740236 1.364762 -9.646253 1.036583 -9.740382 1.362949 -9.737877 1.364664 20.27203 1.038311 20.44259 1.362949 20.28209 1.0312 -9.739494 1.452267 -9.781841 1.353464 -9.741431 1.46318 20.44142 1.452267 20.34294 1.403837 20.4415 1.353464 -9.741431 1.46318 -9.627074 1.35269 -9.739482 1.459884 20.34294 1.403837 20.44164 1.264077 20.4415 1.353464 -9.627074 1.35269 -9.739274 1.264077 -9.741957 1.403837 -9.748814 1.360212 -9.739274 1.264077 -9.627074 1.35269 -9.65959 1.028659 -9.695299 1.200953 -9.649619 1.03529 20.27872 1.028659 20.12007 1.199064 20.12191 1.200953 -9.693909 20.12118 -9.81491 20.15032 -9.630238 20.22849 -9.693909 20.12118 -9.639016 19.98278 -9.81491 20.15032 20.1211 1.286443 20.1211 1.28092 19.98278 1.210522 20.12118 1.284841 20.22849 1.245986 20.1211 1.28092 -9.693863 20.1211 -9.630238 20.22849 -9.639016 19.98278 -9.694002 1.107039 -9.693909 1.132444 -9.81491 1.235439 20.12377 1.120414 20.12112 1.107039 19.98278 1.210522 -9.650286 0.9278494 -9.455663 1.200748 -9.453659 1.19987 -9.657956 0.9369389 -9.455663 1.200748 -9.650286 0.9278494 -9.649738 0.933745 -9.455395 1.202193 -9.657956 0.9369389 -9.455007 1.30256 -9.555999 1.199172 -9.453323 1.318415 -9.442934 1.210794 -9.555999 1.199172 -9.455007 1.30256 20.41344 1.143612 20.39297 1.091413 20.38777 1.210794 20.27814 1.003952 20.29319 1.351058 20.29067 1.35046 -9.656116 0.999059 -9.771011 1.351058 -9.646697 1.003952 20.28374 0.999059 20.29067 1.35046 20.29366 1.350022 -9.772305 20.29231 -9.727802 20.24128 -9.881388 20.25208 20.25208 1.352145 20.38333 1.299653 20.29276 1.472935 -9.727802 1.4439 -9.773823 1.262047 -9.881388 1.352145 -9.773823 1.262047 -9.772337 1.233381 -9.881388 1.352145 -9.64615 0.9426658 -9.546975 1.458622 -9.655664 0.9432244 -9.656279 0.9479326 -9.544539 1.45869 -9.64615 0.9426658 20.28323 0.9479326 20.1272 1.458622 20.12997 1.45976 20.12874 1.569693 20.22802 1.458639 20.12896 1.525935 -9.650893 1.471294 -9.544283 1.525935 -9.546418 1.341517 20.22802 1.458639 20.12921 1.328503 20.12896 1.525935 20.03152 1.471294 20.12778 1.341517 20.22802 1.458639 20.12921 1.328503 20.12778 1.341517 20.12896 1.525935 20.22802 1.458639 20.12873 1.371974 20.12921 1.328503 20.25369 0.6739924 20.27848 0.6729415 20.28646 1.271709 -9.638667 0.6729415 -9.656313 1.271539 -9.647283 1.271709 20.27168 0.6732411 20.28176 1.271873 20.29047 1.271539 20.2733 1.068856 20.16852 1.352747 20.1662 1.351677 20.2733 1.068856 20.2837 1.075311 20.16852 1.352747 -9.658197 1.071045 -9.64847 1.068856 -9.621355 1.351677 20.14219 1.374527 20.26649 1.330138 20.1676 1.473694 -9.61668 1.388663 -9.620656 1.214026 -9.662392 1.374527 -9.620656 1.214026 -9.516377 1.358757 -9.621184 1.232633 20.28105 0.9681132 20.36328 1.45308 20.36096 1.453544 -9.647148 0.9681132 -9.658374 0.9695651 -9.607866 1.45308 20.28096 0.9695651 20.36094 1.453906 20.36328 1.45308 20.36168 1.546842 20.22213 1.44124 20.4555 1.439269 -9.726784 1.439269 -9.608463 1.35962 -9.608441 1.377469 20.4555 1.439269 20.22213 1.44124 20.36175 1.35962 20.22213 1.44124 20.45708 1.453784 20.36172 1.368071 -9.52285 20.45708 -9.726784 20.4555 -9.608441 20.36176 -9.649275 20.2726 -9.795372 20.21332 -9.795164 20.21075 -9.654326 1.1563 -9.796663 1.249355 -9.795372 1.25222 -9.655925 1.147141 -9.649275 1.155887 -9.795164 1.250201 20.21239 1.340394 20.21245 1.354463 20.31554 1.293248 20.21239 1.340394 20.31554 1.293248 20.2112 1.372849 -9.795521 1.372849 -9.753533 1.219557 -9.904286 1.266766 20.31554 1.293248 20.21337 1.116721 20.22224 1.124935 20.31554 1.293248 20.12826 1.266766 20.21337 1.116721 -9.904286 1.266766 -9.753533 1.219557 -9.796624 1.116721 20.27143 1.118416 20.27939 1.117163 20.22684 1.420927 -9.646582 1.117163 -9.657937 1.123333 -9.540103 1.421493 -9.652487 1.118416 -9.540225 1.420927 -9.542622 1.422442 -9.540998 1.551555 -9.662174 1.387205 -9.540696 1.573104 -9.540998 1.551555 -9.542258 1.566395 -9.662174 1.387205 -9.542258 1.566395 -9.540696 1.573104 -9.469141 1.384246 -9.542258 1.566395 -9.469141 1.384246 -9.662174 1.387205 20.22905 1.573104 20.34422 1.374417 20.15813 1.384246 -9.469141 1.384246 -9.541011 1.291422 -9.662174 1.387205 -9.54877 20.34422 -9.662174 20.22957 -9.541017 20.22812 -9.662174 1.387205 -9.541011 1.291422 -9.541017 1.296595 -9.469141 1.384246 -9.540988 1.285254 -9.541011 1.291422 20.15813 1.384246 20.34422 1.374417 20.22812 1.296595 -9.655925 1.038311 -9.646253 1.036583 -9.737877 1.364664 -9.646253 1.036583 -9.655923 1.0312 -9.740382 1.362949 20.27203 1.038311 20.44009 1.364762 20.44259 1.362949 20.44142 1.452267 20.44142 1.459884 20.34294 1.403837 -9.741957 20.34294 -9.739482 20.44142 -9.627074 20.44791 -9.741431 1.46318 -9.748814 1.360212 -9.627074 1.35269 -9.741431 1.46318 -9.781841 1.353464 -9.748814 1.360212 20.27369 1.025886 20.12111 1.200964 20.12007 1.199064 20.27369 1.025886 20.2812 1.03529 20.12111 1.200964 -9.649619 20.2812 -9.695299 20.12191 -9.692277 20.12111 -9.65959 20.27872 -9.648555 20.27369 -9.693877 20.12007 20.12118 1.284841 20.1211 1.286443 19.98278 1.210522 20.22849 1.245986 20.12377 1.120414 19.98278 1.210522 -9.630238 1.245986 -9.81491 1.235439 -9.691902 1.120414 20.15032 1.235439 19.98278 1.210522 20.12112 1.107039 -9.691902 1.120414 -9.81491 1.235439 -9.693909 1.132444 -9.649738 0.933745 -9.453659 1.19987 -9.455395 1.202193 20.27143 0.933745 20.28202 0.9278494 20.39272 1.19987 20.28028 0.9369389 20.39188 1.202193 20.39472 1.200748 20.39381 1.318415 20.41344 1.143612 20.38777 1.210794 -9.453323 1.318415 -9.555999 1.199172 -9.436258 1.143612 -9.555999 1.199172 -9.442934 1.210794 -9.454646 1.091413 -9.436258 1.143612 -9.555999 1.199172 -9.454939 1.103849 -9.555999 1.199172 -9.454646 1.091413 -9.454939 1.103849 -9.654872 1.000378 -9.646697 1.003952 -9.772533 1.35046 -9.656116 0.999059 -9.773081 1.350022 -9.771011 1.351058 20.28374 0.999059 20.27148 1.000378 20.29067 1.35046 -9.77216 1.472935 -9.772305 1.444597 -9.881388 1.352145 20.29231 1.444597 20.29232 1.450947 20.24128 1.4439 20.29232 1.450947 20.29276 1.472935 20.24128 1.4439 20.29276 1.472935 20.3277 1.299209 20.24128 1.4439 -9.735811 1.299209 -9.77216 1.472935 -9.851188 1.299653 20.24128 1.4439 20.3277 1.299209 20.28873 1.262047 20.25208 1.352145 20.29227 1.233381 20.38333 1.299653 -9.851188 1.299653 -9.772337 1.233381 -9.735811 1.299209 -9.64615 0.9426658 -9.544539 1.45869 -9.546975 1.458622 -9.656279 0.9479326 -9.546982 1.45976 -9.544539 1.45869 20.28323 0.9479326 20.27222 0.9432244 20.1272 1.458622 20.12874 1.569693 20.1287 1.583593 20.22802 1.458639 20.1287 1.583593 20.03152 1.471294 20.22802 1.458639 -9.546259 1.583593 -9.544283 1.525935 -9.650893 1.471294 20.22802 1.458639 20.12778 1.341517 20.12873 1.371974 22.59822 0.2964057 22.55408 1.128762 22.56927 1.12899 22.59764 0.2953596 22.56017 1.128525 22.55316 0.2949424 -9.565864 0.2964057 -9.528284 1.12899 -9.524119 0.2953596 22.56398 0.8552651 22.66469 1.241695 22.66016 1.241612 22.58126 0.8493252 22.66469 1.241695 22.56398 0.8552651 -9.53371 0.8493252 -9.706525 1.240122 -9.702667 1.241695 22.66264 1.410037 22.48847 1.249981 22.65331 1.291627 -9.518231 1.210127 -9.778677 1.249981 -9.705044 1.410037 22.48847 1.249981 22.66287 1.048435 22.65331 1.291627 -9.518231 1.210127 -9.704996 1.074346 -9.778677 1.249981 -9.518231 1.210127 -9.704595 1.097582 -9.704996 1.074346 -9.518231 1.210127 -9.706564 1.048435 -9.704595 1.097582 -9.686995 1.271942 -9.706564 1.048435 -9.518231 1.210127 22.57457 0.7096687 22.41832 1.381978 22.42169 1.382482 22.56028 0.7059865 22.41832 1.381978 22.57457 0.7096687 -9.54666 0.7096687 -9.487092 1.382482 -9.525702 0.7080083 22.4191 1.48946 22.20458 1.382311 22.41909 1.516679 -9.487729 22.4191 -9.236451 22.4504 -9.474372 22.20458 -9.487729 1.48946 -9.487756 1.511901 -9.236451 1.362098 -9.487756 1.511901 -9.487852 1.516679 -9.673459 1.364844 22.41909 1.516679 22.20458 1.382311 22.56427 1.364844 -9.673459 1.364844 -9.487809 1.262951 -9.487744 1.251183 22.20458 1.382311 22.41906 1.276039 22.41911 1.262951 -9.526834 22.5654 -9.445526 22.81725 -9.546402 22.57275 22.57448 0.9552926 22.81898 1.097633 22.5654 0.9680476 -9.532247 22.57448 -9.44884 22.82001 -9.444205 22.81898 -9.446079 22.81877 -9.419211 23.04756 -9.272158 22.74902 22.81992 1.269604 23.04756 1.121878 22.81877 1.244002 -9.272158 1.158755 -9.579284 1.056137 -9.447891 1.269604 -9.272158 1.158755 -9.428577 0.9243705 -9.579284 1.056137 -9.541451 0.913547 -9.7263 1.337345 -9.729381 1.336557 22.57395 0.9221392 22.49769 1.338667 22.49279 1.337345 -9.544029 0.915292 -9.725257 1.338667 -9.526894 0.9221392 22.63879 1.289597 22.3683 1.271789 22.49408 1.548473 -9.895167 1.285476 -9.726914 1.163417 -9.726962 1.147623 22.58138 0.8037416 22.48016 1.258207 22.48462 1.258344 -9.541582 0.8013351 -9.235912 1.255819 -9.240176 1.258207 -9.539269 0.8037416 -9.235912 1.255819 -9.52723 0.793839 -9.238357 1.380199 -9.188465 1.242611 -9.235368 1.395397 -9.238357 1.380199 -9.353273 1.312758 -9.188465 1.242611 22.48379 1.395397 22.34004 1.241532 22.48215 1.390806 -9.353273 1.312758 -9.238351 1.118133 -9.188465 1.242611 22.34004 1.241532 22.48165 1.118133 22.60092 1.312758 22.49331 1.252007 22.48165 1.118133 22.34004 1.241532 22.57791 0.7903007 22.80502 1.03023 22.56306 0.7995346 -9.52696 0.7903007 -9.676431 1.027598 -9.672559 1.03023 -9.675071 22.80421 -9.497918 22.9147 -9.621561 22.60185 -9.675071 22.80421 -9.905192 22.90129 -9.497918 22.9147 -9.675099 1.149279 -9.675218 1.141589 -9.905192 1.043555 22.80421 1.147048 22.60185 1.092941 22.80425 1.141589 -9.675218 22.80425 -9.621561 22.60185 -9.905192 22.90129 -9.675029 0.8994488 -9.67507 0.9348272 -9.497918 1.078253 -9.674331 0.9180746 -9.675029 0.8994488 -9.905192 1.043555 -9.533943 0.6499168 -9.627987 1.029944 -9.632736 1.028721 22.57411 0.6625744 22.19754 1.029944 22.56289 0.6499168 -9.547258 0.6581267 -9.631689 1.031956 -9.527011 0.6625744 -9.630559 1.171724 -9.480413 1.027749 -9.631817 1.193802 -9.651266 1.043934 -9.480413 1.027749 -9.630559 1.171724 22.1523 0.9503791 22.19837 0.8776889 22.19048 1.043934 22.56316 0.755894 22.69418 1.23926 22.69896 1.238427 -9.525039 0.7490803 -9.37862 1.23926 -9.542814 0.755894 -9.525039 0.7490803 -9.379847 1.238427 -9.375624 1.237818 -9.378153 22.69676 -9.491538 22.70354 -9.298014 22.87457 22.87457 1.240774 22.6841 1.167675 22.69606 1.40898 22.70354 1.368548 22.70279 1.115306 22.87457 1.240774 22.70279 1.115306 22.69685 1.075387 22.87457 1.240774 22.56308 0.6705494 22.62135 1.389049 22.58085 0.6713272 -9.525457 0.6778837 -9.841229 1.389143 -9.544034 0.6705494 -9.525457 0.6778837 -9.840646 1.389049 -9.837328 1.390634 -9.839776 1.543722 -9.641043 1.389073 -9.841707 1.482787 22.85819 1.406696 22.61606 1.482787 22.62 1.225974 -9.641043 1.389073 -9.84 1.207851 -9.841707 1.482787 -9.832915 22.85819 -9.840608 22.62 -9.641043 22.58315 22.61719 1.207851 22.62 1.225974 22.61606 1.482787 -9.641043 1.389073 -9.839777 1.268386 -9.84 1.207851 22.59822 0.2964057 22.55316 0.2949424 22.55408 1.128762 -9.551848 0.2949424 -9.516756 1.128525 -9.532168 1.128762 -9.524119 0.2953596 -9.528284 1.12899 -9.516756 1.128525 22.57097 0.8462772 22.66016 1.241612 22.66447 1.240122 -9.546517 0.8462772 -9.528931 0.8552651 -9.705316 1.241612 -9.53371 0.8493252 -9.546517 0.8462772 -9.706525 1.240122 22.7418 1.271942 22.61605 1.210127 22.66264 1.410037 22.65331 1.291627 22.66287 1.048435 22.7418 1.271942 22.66287 1.048435 22.48847 1.249981 22.66257 1.074346 -9.538799 0.7059865 -9.486618 1.381331 -9.49037 1.381978 22.56028 0.7059865 22.57381 0.7080083 22.41659 1.381331 22.57381 0.7080083 22.42169 1.382482 22.41659 1.381331 -9.487756 1.511901 -9.673459 1.364844 -9.236451 1.362098 -9.236451 1.362098 -9.487744 1.251183 -9.487757 1.276039 -9.236451 1.362098 -9.673459 1.364844 -9.487744 1.251183 22.56427 1.364844 22.20458 1.382311 22.41911 1.262951 -9.474372 22.20458 -9.236451 22.4504 -9.487757 22.41906 -9.546402 22.57275 -9.445526 22.81725 -9.44884 22.82001 22.5654 0.9680476 22.81898 1.097633 22.81725 1.101622 -9.532247 22.57448 -9.546402 22.57275 -9.44884 22.82001 -9.446231 1.224409 -9.446079 1.244002 -9.272158 1.158755 -9.446231 1.224409 -9.272158 1.158755 -9.447891 1.269604 22.81992 1.269604 22.85031 1.056137 23.04756 1.121878 -9.272158 1.158755 -9.443993 0.9129314 -9.428577 0.9243705 22.74902 1.158755 23.04756 1.121878 22.81868 0.9129314 -9.419211 1.121878 -9.579284 1.056137 -9.443993 0.9129314 22.57798 0.915292 22.56155 0.913547 22.49611 1.336557 -9.541451 0.913547 -9.526894 0.9221392 -9.7263 1.337345 -9.544029 0.915292 -9.729381 1.336557 -9.725257 1.338667 -9.72693 1.518463 -9.582713 1.289597 -9.726191 1.548473 22.49551 1.518463 22.50112 1.53913 22.63879 1.289597 22.50112 1.53913 22.49408 1.548473 22.49186 1.285476 -9.729614 1.53913 -9.895167 1.285476 -9.582713 1.289597 -9.726191 1.548473 -9.578908 1.271789 -9.895167 1.285476 -9.895167 1.285476 -9.727022 1.156213 -9.582713 1.289597 -9.578908 22.3683 -9.582713 22.63879 -9.726914 22.49554 22.63879 1.289597 22.49564 1.156213 22.49554 1.163417 -9.895167 1.285476 -9.726962 1.147623 -9.727022 1.156213 -9.895167 1.285476 -9.578908 1.271789 -9.726914 1.163417 22.58138 0.8037416 22.56091 0.8013351 22.48016 1.258207 -9.541582 0.8013351 -9.52723 0.793839 -9.235912 1.255819 -9.539269 0.8037416 -9.239068 1.258344 -9.235912 1.255819 22.48218 1.380199 22.48215 1.390806 22.60092 1.312758 -9.353273 22.60092 -9.238363 22.48215 -9.362781 22.34004 22.48379 1.395397 22.49331 1.252007 22.34004 1.241532 22.48379 1.395397 22.53274 1.242611 22.49331 1.252007 22.57062 0.7864389 22.80234 1.030245 22.80548 1.027598 22.57062 0.7864389 22.56306 0.7995346 22.80234 1.030245 -9.535716 22.56306 -9.672559 22.80502 -9.677063 22.80234 -9.52696 22.57791 -9.545952 22.57062 -9.676431 22.80548 -9.675071 1.147048 -9.675099 1.149279 -9.905192 1.043555 -9.621561 1.092941 -9.674331 0.9180746 -9.905192 1.043555 22.60185 1.092941 22.9147 1.078253 22.79877 0.9180746 -9.497918 1.078253 -9.905192 1.043555 -9.675029 0.8994488 -9.674331 0.9180746 -9.497918 1.078253 -9.67507 0.9348272 22.57468 0.6581267 22.19749 1.028721 22.20054 1.031956 22.57468 0.6581267 22.56289 0.6499168 22.19749 1.028721 22.57411 0.6625744 22.20054 1.031956 22.19754 1.029944 -9.631817 1.193802 -9.628407 0.9503791 -9.651266 1.043934 -9.631817 1.193802 -9.480413 1.027749 -9.628407 0.9503791 -9.480413 1.027749 -9.651266 1.043934 -9.631273 0.8776889 22.1523 0.9503791 22.28849 1.027749 22.19856 0.8950068 -9.480413 1.027749 -9.631273 0.8776889 -9.630759 0.8950068 22.58077 0.7509176 22.56316 0.755894 22.69896 1.238427 -9.525039 0.7490803 -9.375624 1.237818 -9.37862 1.23926 -9.525039 0.7490803 -9.541163 0.7509176 -9.379847 1.238427 22.69606 1.40898 22.69676 1.369518 22.87457 1.240774 -9.378153 1.369518 -9.378177 1.378362 -9.491538 1.368548 -9.378177 1.378362 -9.377782 1.40898 -9.491538 1.368548 -9.377782 1.40898 -9.378725 1.167057 -9.491538 1.368548 -9.378725 1.167057 -9.377782 1.40898 -9.176498 1.167675 22.70354 1.368548 22.61149 1.167057 22.70279 1.115306 -9.298014 22.87457 -9.378164 22.69685 -9.176498 22.6841 -9.176498 1.167675 -9.378164 1.075387 -9.378725 1.167057 22.56308 0.6705494 22.61619 1.389143 22.62135 1.389049 -9.525457 0.6778837 -9.837328 1.390634 -9.841229 1.389143 -9.525457 0.6778837 -9.539347 0.6713272 -9.840646 1.389049 -9.839776 1.543722 -9.83969 1.563079 -9.641043 1.389073 -9.83969 22.61873 -9.832915 22.85819 -9.641043 22.58315 22.61873 1.563079 22.61606 1.482787 22.85819 1.406696 -9.641043 1.389073 -9.840608 1.225974 -9.839777 1.268386 23.49418 -0.1758649 23.46181 0.3856099 23.47101 0.385764 23.48858 -0.1765706 23.46377 0.3854499 23.46368 -0.1768521 -11.0805 -0.1758649 -11.06016 0.385764 -11.05395 -0.1765706 -11.06919 0.06446743 -11.22554 0.4023902 -11.2234 0.4039415 23.47597 0.06846046 23.37112 0.4029149 23.46681 0.06175691 -11.06919 0.06446743 -11.2234 0.4039415 -11.0594 0.06846046 -11.22414 0.5043698 -11.10422 0.4158989 -11.22309 0.4164214 23.35817 0.4164214 23.37768 0.346265 23.37316 0.5036845 -11.10422 0.4158989 -11.22345 0.346265 -11.22496 0.2921801 -11.10422 0.4158989 -11.22496 0.2921801 -11.22309 0.4164214 23.37234 0.2921801 23.37294 0.3018773 23.35817 0.4164214 23.4757 0.1936282 23.46279 0.4577521 23.46582 0.4580124 -11.07159 0.1936282 -10.95736 0.4580124 -11.0599 0.1886625 23.46366 0.5687633 23.36628 0.4392855 23.63246 0.4731753 23.63246 0.4731753 23.37589 0.4533666 23.4686 0.5693806 -11.0913 23.36628 -10.82444 23.37589 -10.95713 23.46408 23.63246 0.4731753 23.46408 0.3585601 23.4636 0.3491057 -11.0913 23.36628 -10.95713 23.46408 -11.01967 23.63246 -10.82444 0.4533666 -10.95515 0.3491057 -10.95634 0.3700959 23.46823 0.0808241 23.65635 0.3928136 23.47933 0.07753488 23.46823 0.0808241 23.65427 0.3948224 23.65635 0.3928136 23.47933 0.07753488 23.65717 0.3937072 23.47115 0.08501183 23.65592 0.4735976 23.60302 0.4859064 23.65592 0.4757678 23.65597 0.4842365 23.60302 0.4859064 23.65592 0.4735976 -11.21687 23.65597 -11.20537 23.78801 -11.19154 23.60302 -11.21683 23.65592 -11.19154 23.60302 -11.34082 23.63074 -11.21687 23.65597 -11.34082 23.63074 -11.20537 23.78801 23.78801 0.4342955 23.66287 0.3459854 23.60302 0.4859064 -11.07634 0.3459854 -11.20244 0.3103839 -11.19154 0.4859064 23.78801 0.4342955 23.63074 0.4558761 23.66003 0.2893752 -11.20537 0.4342955 -11.21986 0.2893752 -11.07634 0.3459854 -11.07634 0.3459854 -11.21386 0.288071 -11.20244 0.3103839 23.47043 0.1611268 23.28513 0.3911864 23.28749 0.393205 -11.06148 0.1597337 -11.07997 0.3911864 -11.0711 0.1611268 -11.07908 0.4863912 -10.93606 0.3798832 -11.07882 0.5087094 -11.07882 0.5087094 -10.93606 0.3798832 -11.07991 0.3195347 -11.17009 0.4128521 -11.08034 0.27309 -10.93606 0.3798832 -11.07991 0.3195347 -11.08034 0.27309 -11.17009 0.4128521 -10.93606 0.3798832 -11.08034 0.27309 -11.07907 0.2897427 23.46985 0.1338602 23.58168 0.5049669 23.47966 0.1294751 -11.05813 0.1304393 -10.97068 0.5061449 -11.07119 0.1338602 23.46956 0.1304393 23.58168 0.5049669 23.57907 0.5052656 23.58012 0.5870946 23.57889 0.6243468 23.7073 0.4851247 -10.96948 0.5997548 -10.96982 0.4769293 -10.9702 0.6243468 -10.96764 0.5870946 -10.96982 0.4769293 -10.96948 0.5997548 23.58012 0.5870946 23.7073 0.4851247 23.57901 0.3751044 23.7073 0.4851247 23.58165 0.4769293 23.58001 0.3817686 23.58012 0.5870946 23.57901 0.3751044 23.58165 0.4769293 23.46558 0.139924 23.46868 0.5139089 23.47618 0.1359919 23.47696 0.1432144 23.46969 0.5156281 23.46558 0.139924 -11.07048 0.1359919 -11.30886 0.5142839 -11.05992 0.1432144 -11.30837 0.6119915 -11.39852 0.5377852 -11.30682 0.6306737 23.47283 0.6306737 23.56282 0.5191681 23.36518 0.536389 -11.39852 0.5377852 -11.23332 0.5191681 -11.30682 0.6306737 23.36518 0.536389 23.56282 0.5191681 23.47087 0.392544 -11.23332 0.5191681 -11.39852 0.5377852 -11.29717 0.392544 -11.39852 0.5377852 -11.30836 0.4125429 -11.3084 0.4189704 23.47087 0.392544 23.47006 0.4125429 23.36518 0.536389 -11.0702 0.2483883 -10.97896 0.5397956 -10.98214 0.5409047 23.47398 0.2462688 23.40586 0.5406428 23.40339 0.5397956 -11.06894 0.2506277 -10.97973 0.5406428 -11.05824 0.2462688 -10.98056 0.6237117 -11.00124 0.5800881 -10.9808 0.4501844 -10.9808 0.4501844 -10.98035 0.4575672 -10.90025 0.5428358 23.40405 0.4395989 23.40499 0.4501844 23.39283 0.5800881 23.47893 0.174601 23.65862 0.4214923 23.66111 0.4196133 -11.05902 0.1822698 -11.09151 0.420893 -11.09448 0.4214923 23.47893 0.174601 23.65981 0.420893 23.47039 0.1822698 -11.09354 0.525873 -11.00868 0.5058713 -11.09325 0.531278 -11.09332 0.5254111 -11.22612 0.4641569 -11.09354 0.525873 -11.09354 0.525873 -11.17273 0.3946578 -11.00868 0.5058713 -11.09354 23.66005 -11.22612 23.62816 -11.17273 23.77234 -11.09332 23.65966 -11.00868 23.59017 -11.22612 23.62816 -11.00868 0.5058713 -11.09344 0.3384506 -11.22612 0.4641569 23.59017 0.5058713 23.73288 0.340041 23.53778 0.3384506 23.62816 0.4641569 23.53778 0.3384506 23.77234 0.3946578 23.77234 0.3946578 23.65976 0.3169174 23.65976 0.3119453 -11.06758 0.1626806 -11.17428 0.4955665 -11.17747 0.4949064 -11.05828 0.1685869 -11.17428 0.4955665 -11.06758 0.1626806 23.47289 0.1685869 23.33089 0.4963839 23.32844 0.4955665 23.42316 0.4967059 23.21137 0.5119689 23.32942 0.5976159 23.32942 0.5976159 23.21137 0.5119689 23.33068 0.5597265 -11.17866 0.5597265 -11.17896 0.3810142 -11.04422 0.4967059 23.33068 0.5597265 23.21137 0.5119689 23.32937 0.3810142 -11.04422 0.4967059 -11.17671 0.375199 -11.25578 0.5119689 23.21137 0.5119689 23.32948 0.4077254 23.32937 0.3810142 23.49418 -0.1758649 23.46368 -0.1768521 23.46181 0.3856099 -11.0772 -0.1768521 -11.05394 0.3854499 -11.06453 0.3856099 23.48858 -0.1765706 23.47101 0.385764 23.46377 0.3854499 23.47865 0.06446743 23.46681 0.06175691 23.37276 0.4023902 -11.06716 0.06175691 -11.22343 0.4029149 -11.22554 0.4023902 23.47597 0.06846046 23.37438 0.4039415 23.37112 0.4029149 -11.22414 0.5043698 -11.22399 0.5036845 -11.10422 0.4158989 -11.22399 0.5036845 -11.22345 0.346265 -11.10422 0.4158989 23.35817 0.4164214 23.37294 0.3018773 23.37768 0.346265 -11.07159 0.1936282 -11.06321 0.1897012 -10.95697 0.4577521 -11.06321 0.1897012 -10.95471 0.4568244 -10.95697 0.4577521 23.46587 0.1897012 23.4773 0.1886625 23.46401 0.4568244 -11.0599 0.1886625 -10.95736 0.4580124 -10.95471 0.4568244 -10.95746 23.46366 -10.95332 23.4686 -10.82444 23.37589 23.4686 0.5693806 23.46456 0.5570456 23.63246 0.4731753 23.46456 0.5570456 23.46366 0.5687633 23.63246 0.4731753 -10.95746 0.5687633 -10.82444 0.4533666 -11.0913 0.4392855 23.37589 0.4533666 23.63246 0.4731753 23.4636 0.3491057 -10.95713 0.3585601 -10.82444 0.4533666 -10.95634 0.3700959 -11.07111 0.0808241 -11.05938 0.08501183 -11.21682 0.3948224 23.47115 0.08501183 23.65717 0.3937072 23.65427 0.3948224 -11.06416 0.07753488 -11.21824 0.3928136 -11.2155 0.3937072 -11.21687 0.4842365 -11.21683 0.4757678 -11.34082 0.4558761 -11.34082 0.4558761 -11.19154 0.4859064 -11.20244 0.3103839 -11.07634 23.66287 -11.21986 23.66003 -11.21386 23.65249 -11.21986 0.2893752 -11.34082 0.4558761 -11.20244 0.3103839 23.47806 0.1682094 23.47043 0.1611268 23.28749 0.393205 -11.06148 0.1597337 -11.07739 0.3918278 -11.07997 0.3911864 23.46806 0.1597337 23.47806 0.1682094 23.28569 0.3918278 23.47806 0.1682094 23.28749 0.393205 23.28569 0.3918278 -11.07908 0.4863912 -11.07994 0.5105452 -10.93606 0.3798832 -11.07994 0.5105452 -11.17009 0.4128521 -10.93606 0.3798832 23.28492 0.5087094 23.36878 0.4128521 23.28682 0.5105452 -11.07882 0.5087094 -11.07991 0.3195347 -11.17009 0.4128521 -11.07991 0.3195347 -10.93606 0.3798832 -11.07907 0.2897427 23.46985 0.1338602 23.57868 0.5061449 23.58168 0.5049669 -11.05813 0.1304393 -10.96785 0.5052656 -10.97068 0.5061449 23.46956 0.1304393 23.47966 0.1294751 23.58168 0.5049669 23.7073 0.4851247 23.57889 0.6243468 23.58165 0.4769293 23.57901 0.3751044 23.7073 0.4851247 23.58001 0.3817686 23.47618 0.1359919 23.46868 0.5139089 23.47179 0.5142839 -11.0646 0.139924 -11.30687 0.5156281 -11.30937 0.5139089 -11.05992 0.1432144 -11.30886 0.5142839 -11.30687 0.5156281 -11.30837 0.6119915 -11.30837 0.6164981 -11.39852 0.5377852 23.47005 0.6164981 23.36518 0.536389 23.51263 0.5377852 23.47005 0.6164981 23.47283 0.6306737 23.36518 0.536389 23.47087 0.392544 23.51263 0.5377852 23.47004 0.4189704 23.51263 0.5377852 23.36518 0.536389 23.47006 0.4125429 23.4783 0.2506277 23.46773 0.2483883 23.40398 0.5409047 -11.0702 0.2483883 -11.05824 0.2462688 -10.97896 0.5397956 -11.06894 0.2506277 -10.98214 0.5409047 -10.97973 0.5406428 23.40426 0.6407508 23.40526 0.6237117 23.326 0.5428358 -11.00124 0.5800881 -10.98041 0.6407508 -10.90025 0.5428358 -10.90025 0.5428358 -10.98056 0.6237117 -10.9808 0.4501844 -11.00124 0.5800881 -10.90025 0.5428358 -10.9806 0.4395989 23.40405 0.4395989 23.326 0.5428358 23.40427 0.4575672 23.47893 0.174601 23.46916 0.1818175 23.65862 0.4214923 -11.07089 0.1818175 -11.05902 0.1822698 -11.09448 0.4214923 23.47893 0.174601 23.66111 0.4196133 23.65981 0.420893 -11.09332 0.5254111 -11.09325 0.531278 -11.00868 0.5058713 -11.00868 0.5058713 -11.17273 0.3946578 -10.99577 0.340041 -11.09344 23.53778 -10.99577 23.73288 -11.09326 23.65976 -10.99577 23.73288 -11.17273 23.77234 -11.0933 23.65976 23.77234 0.3946578 23.53778 0.3384506 23.65976 0.3169174 23.47961 0.1686297 23.46726 0.1626806 23.32948 0.4949064 -11.05828 0.1685869 -11.06683 0.1686297 -11.17515 0.4963839 -11.06683 0.1686297 -11.17747 0.4949064 -11.17515 0.4963839 -11.17577 0.5976159 -11.17579 0.6021777 -11.04422 0.4967059 -11.17579 0.6021777 -11.17866 0.5597265 -11.04422 0.4967059 -11.04422 0.4967059 -11.17896 0.3810142 -11.17671 0.375199 23.21137 0.5119689 23.32707 0.375199 23.32948 0.4077254 23.91013 -0.2903641 23.91149 0.3124598 23.92027 0.3126253 23.93482 -0.2911217 23.92329 0.3122881 23.89934 -0.2914239 23.91013 -0.2903641 23.92027 0.3126253 23.93482 -0.2911217 -11.15172 0.08871555 -10.9376 0.3875699 -11.16201 0.09852037 -11.15172 23.91602 -10.93714 24.07825 -10.93493 24.07572 -11.16387 0.09448702 -10.93714 0.3855775 -11.15172 0.08871555 23.92183 0.09448702 24.07507 0.3875699 24.07825 0.3855775 -10.93659 0.4704908 -11.0757 0.3521766 -10.94055 0.3528821 -10.93659 0.4704908 -10.94 0.4921529 -11.0757 0.3521766 -10.94055 0.3528821 -10.81888 0.3721419 -10.94 0.4921529 -10.94 0.4921529 -10.81888 0.3721419 -11.0757 0.3521766 -10.81888 0.3721419 -10.9362 0.2977145 -11.0757 0.3521766 24.08158 0.3528821 24.07635 0.2953624 24.07637 0.3046853 -10.94055 0.3528821 -10.9362 0.2977145 -10.93659 0.2953624 23.90792 0.05443984 23.92676 0.276244 23.9188 0.05045798 23.92179 0.05661886 23.92866 0.2776499 23.90792 0.05443984 -11.1523 0.05661886 -11.27675 0.276158 -11.27387 0.2776499 -11.27563 0.3895638 -11.1234 0.2741905 -11.32689 0.2589301 -11.27554 23.92836 -11.22754 24.07267 -11.1234 23.90083 23.92847 0.4125805 23.79609 0.2589301 23.92934 0.1941655 -11.22754 24.07267 -11.2783 23.92934 -11.1234 23.90083 23.79609 0.2589301 23.9283 0.1550151 23.9283 0.154998 -11.1234 0.2741905 -11.2783 0.1941655 -11.27563 0.1550151 23.90937 0.05475641 23.7842 0.2823005 23.92138 0.06149085 -11.16189 0.05475641 -11.05827 0.281011 -11.06102 0.2823005 23.92138 0.06149085 23.7842 0.2823005 23.78695 0.2826988 -11.05957 23.7851 -11.19737 23.88884 -10.99065 23.94342 -11.05925 0.3696279 -10.9444 0.2692961 -11.05957 0.3873448 23.7851 0.3873448 23.65914 0.241676 23.88884 0.273605 -11.05957 0.3873448 -10.9444 0.2692961 -11.14139 0.241676 -11.14139 23.65914 -10.9444 23.72153 -11.05927 23.7851 -10.9444 0.2692961 -11.05925 0.1903086 -11.05927 0.1832655 -11.19737 0.273605 -11.05979 0.1982403 -11.05925 0.1903086 -11.14996 0.1256402 -11.15932 0.5063358 -11.16499 0.1268266 23.91403 0.1256402 24.14561 0.5045066 24.1433 0.5058185 23.91196 0.1268266 24.14561 0.5045066 23.92283 0.1206342 -11.15803 0.5894 -11.15759 0.6051256 -11.28568 0.5388077 24.31941 0.5376229 24.05277 0.4932076 24.14343 0.6051256 -11.00999 0.4932076 -11.15803 0.4031356 -11.28568 0.5388077 -11.19162 24.31941 -11.15932 24.14477 -11.04094 24.25093 -11.15932 0.4123516 -11.15802 0.4215896 -11.04094 0.4550435 -11.00999 0.4932076 -11.15802 0.4215896 -11.15803 0.4031356 23.90819 0.008367876 23.74262 0.4234885 23.91961 0.008743247 -11.16562 0.008743247 -11.33904 0.4248294 -11.15351 0.01434563 23.91961 0.008743247 23.74262 0.4234885 23.7448 0.4248294 23.74298 0.5258283 23.89656 0.4215132 23.74298 0.5297099 -11.33844 23.74298 -11.4899 23.76418 -11.27787 23.89656 23.74239 0.5572969 23.89656 0.4215132 23.57634 0.389758 -11.4899 23.76418 -11.30696 23.57634 -11.33857 23.74309 23.89656 0.4215132 23.74296 0.3105433 23.57634 0.389758 23.89656 0.4215132 23.74309 0.3113094 23.74296 0.3105433 23.57634 0.389758 23.74296 0.3105433 23.74298 0.325552 23.91493 0.07421762 23.9222 0.3086226 23.92582 0.3093839 -11.15437 0.06608219 -10.9461 0.3086226 -11.16426 0.07421762 -11.15437 0.06608219 -10.94467 0.3073473 -10.9461 0.3086226 -10.94617 0.4068998 -10.94404 0.4456851 -10.80309 0.3164125 -10.94838 0.4298174 -11.07082 0.3170426 -10.94404 0.4456851 -10.94617 0.4068998 -10.80309 0.3164125 -10.94838 0.4298174 -10.94838 0.4298174 -10.80309 0.3164125 -10.85583 0.2208966 -11.07082 0.3170426 -10.80309 0.3164125 -10.94404 0.4456851 -10.94838 0.4298174 -10.85583 0.2208966 -11.07082 0.3170426 -11.07082 0.3170426 -10.94555 0.1864787 -10.80309 0.3164125 -10.95207 0.1920404 -10.94555 0.1864787 -11.07082 0.3170426 -10.85583 0.2208966 -10.95207 0.1920404 -11.07082 0.3170426 23.90796 0.1086813 23.99422 0.366665 23.91965 0.1025408 23.90796 0.1086813 23.99523 0.3677173 23.99197 0.3680808 -11.16487 0.1025408 -11.26135 0.3677173 -11.15226 0.1069023 -11.26419 0.4266371 -11.26735 0.3343285 -11.26066 0.3350696 -11.26419 0.4266371 -11.25994 0.3599514 -11.26735 0.3343285 23.91454 -0.005871611 23.70037 0.3265876 23.70263 0.3280935 23.92314 -0.001000888 23.70353 0.3284718 23.91129 -0.008609675 23.91454 -0.005871611 23.70263 0.3280935 23.92314 -0.001000888 23.70216 0.3976849 23.83734 0.3372951 23.7009 0.4218386 23.70216 0.4240186 23.83734 0.3372951 23.70216 0.3976849 -11.13931 0.4218386 -11.26316 0.3402561 -11.13936 0.4240186 -11.13931 0.4218386 -10.98336 0.315167 -11.26316 0.3402561 23.83734 0.3372951 23.7017 0.2292143 23.70219 0.2466439 23.65276 0.3402561 23.7017 0.2292143 23.83734 0.3372951 -10.98336 0.315167 -11.13936 0.2462713 -11.26316 0.3402561 -11.08857 23.83734 -11.13936 23.70219 -10.98336 23.60939 -11.15087 0.09252969 -11.0165 0.2845587 -11.16098 0.1011477 -11.16306 23.92247 -11.01398 24.13197 -11.15087 23.91346 23.92247 0.09146903 24.1312 0.2845587 24.1337 0.2820649 24.13345 0.4016776 24.27519 0.279605 24.13138 0.3722519 -11.01503 0.4016776 -11.1624 0.2693894 -10.88747 0.279605 -11.0167 0.3600738 -11.0171 0.1975649 -11.1624 0.2693894 24.13138 0.3722519 24.27519 0.279605 24.13054 0.1975649 24.27519 0.279605 24.13243 0.1818202 24.13054 0.1975649 -11.1624 0.2693894 -11.0171 0.1975649 -11.01285 0.172149 -11.18737 -0.2903641 -11.15448 -0.2914239 -11.14666 0.3124598 23.89934 -0.2914239 23.92329 0.3122881 23.91149 0.3124598 -11.16927 -0.2911217 -11.15409 0.3126253 -11.14375 0.3122881 -11.15172 0.08871555 -10.93493 0.3853023 -10.9376 0.3875699 23.92183 0.09448702 23.91149 0.09852037 24.07507 0.3875699 -10.81888 0.3721419 -10.94055 0.3528821 -10.93658 0.3046853 -10.94055 0.3528821 -11.0757 0.3521766 -10.9362 0.2977145 -10.9362 0.2977145 -10.81888 0.3721419 -10.93658 0.3046853 -11.15806 0.05443984 -11.27387 0.2776499 -11.27689 0.276244 -11.1523 0.05661886 -11.16487 0.05045798 -11.27675 0.276158 23.9188 0.05045798 23.92676 0.276244 23.92982 0.276158 23.9283 0.3895638 23.79609 0.2589301 23.92847 0.4125805 -11.27563 0.3895638 -11.27554 0.3976077 -11.1234 0.2741905 23.92836 0.3976077 23.92847 0.4125805 24.07267 0.2249519 23.92847 0.4125805 23.92934 0.1941655 24.07267 0.2249519 23.79609 0.2589301 23.9283 0.154998 23.92934 0.1941655 -11.32689 0.2589301 -11.1234 0.2741905 -11.27563 0.1550151 -11.16189 0.05475641 -11.15106 0.05327481 -11.05827 0.281011 23.91491 0.05327481 23.78695 0.2826988 23.78395 0.281011 -11.15106 0.05327481 -11.1622 0.06149085 -11.05836 0.2826988 23.7853 0.3852349 23.7851 0.3873448 23.94342 0.2856489 -11.05925 0.3696279 -11.05918 0.3852349 -10.9444 0.2692961 23.72153 0.2692961 23.7853 0.3852349 23.94342 0.2856489 -10.9444 23.72153 -10.99065 23.94342 -11.05925 23.78525 -10.99065 23.94342 -11.19737 23.88884 -11.05925 23.78525 -11.19737 23.88884 -11.14139 23.65914 -11.05979 23.78502 23.65914 0.241676 23.7851 0.1832655 23.78502 0.1982403 -11.14996 0.1256402 -11.15611 0.5058185 -11.15932 0.5063358 23.91403 0.1256402 23.92283 0.1206342 24.14561 0.5045066 23.91196 0.1268266 24.14239 0.5063358 24.14561 0.5045066 24.14379 0.5861379 24.31941 0.5376229 24.14343 0.6051256 -11.15802 24.14379 -11.28568 24.03463 -11.19162 24.31941 -11.15802 0.5861379 -11.15803 0.5894 -11.28568 0.5388077 -11.15759 24.14343 -11.00999 24.05277 -11.28568 24.03463 -11.00999 24.05277 -11.19162 24.31941 -11.04094 24.25093 24.31941 0.5376229 24.03463 0.5388077 24.14477 0.4123516 24.14477 0.4123516 24.03463 0.5388077 24.14341 0.4031356 -11.00999 24.05277 -11.04094 24.25093 -11.15802 24.14378 -11.15556 0.008367876 -11.33676 0.424575 -11.34017 0.4234885 23.90819 0.008367876 23.92106 0.01434563 23.74181 0.424575 23.92106 0.01434563 23.7448 0.4248294 23.74181 0.424575 23.74298 0.5297099 23.89656 0.4215132 23.74239 0.5572969 -11.33844 0.5258283 -11.33823 0.5572969 -11.4899 0.4452756 -11.33823 0.5572969 -11.30696 0.389758 -11.4899 0.4452756 -11.4899 0.4452756 -11.33857 0.3113094 -11.27787 0.4215132 23.74309 0.3113094 23.57634 0.389758 23.74298 0.325552 23.90992 0.06608219 23.92215 0.06542065 23.92457 0.3073473 -11.15408 0.06542065 -10.94715 0.3093839 -10.94467 0.3073473 -11.15408 0.06542065 -11.16426 0.07421762 -10.94715 0.3093839 -10.85583 23.831 -10.80309 23.95195 -10.94555 23.92473 23.90796 0.1086813 23.99197 0.3680808 23.99422 0.366665 23.90796 0.1086813 23.92124 0.1069023 23.99523 0.3677173 -11.16487 0.1025408 -11.26485 0.366665 -11.26135 0.3677173 -11.16613 -0.005871611 -11.15293 -0.008609675 -11.1389 0.3265876 23.91129 -0.008609675 23.70353 0.3284718 23.70037 0.3265876 -11.15896 -0.001000888 -11.14124 0.3280935 -11.13802 0.3284718 23.70216 0.4240186 23.65276 0.3402561 23.83734 0.3372951 -11.13931 23.7009 -11.08857 23.83734 -10.98336 23.60939 -11.14063 0.2292143 -11.26316 0.3402561 -11.13936 0.2462713 -10.98336 0.315167 -11.13936 0.2466439 -11.13936 0.2462713 -11.15087 0.09252969 -11.01398 0.2818885 -11.0165 0.2845587 -11.16306 23.92247 -11.01686 24.1337 -11.01398 24.13197 23.92247 0.09146903 23.91226 0.1011477 24.1312 0.2845587 -11.0167 0.3600738 -11.1624 0.2693894 -11.01503 0.4016776 -11.01461 0.3722519 -11.0171 0.1975649 -11.0167 0.3600738 24.27519 0.279605 24.13443 0.172149 24.13243 0.1818202 -10.88747 0.279605 -11.1624 0.2693894 -11.01285 0.172149 23.05161 0.4835912 23.02898 1.363117 23.04505 1.363359 23.07338 0.4824857 23.04283 1.362867 23.01762 0.4820449 -8.346535 0.4835912 -8.296478 1.363359 -8.307801 0.4824857 23.03983 1.074121 23.0397 1.48245 23.03411 1.482363 -8.307879 1.067845 -8.507961 1.48245 -8.294247 1.074121 -8.307879 1.067845 -8.511397 1.480789 -8.507961 1.48245 23.03654 1.660333 22.83689 1.491206 23.02725 1.535212 23.09347 1.449094 22.83689 1.491206 23.03654 1.660333 22.83689 1.491206 23.03594 1.278239 23.02725 1.535212 -8.312219 23.09347 -8.508972 23.0365 -8.483768 22.83689 -8.312219 1.449094 -8.508757 1.330171 -8.508972 1.305618 -8.312219 1.449094 -8.510575 1.278239 -8.508757 1.330171 -8.534738 1.514411 -8.510575 1.278239 -8.312219 1.449094 23.0401 0.920274 22.92636 1.630683 22.93122 1.631216 -8.30135 0.9163831 -8.180927 1.630683 -8.316222 0.920274 -8.316222 0.920274 -8.179715 1.631216 -8.296525 0.9185195 22.92849 1.744256 22.73818 1.631036 22.92842 1.773018 -8.178915 22.92849 -7.964361 23.09156 -8.052004 22.73818 -8.178915 1.744256 -8.179021 1.767969 -7.964361 1.609677 -8.179021 1.767969 -8.179024 1.773018 -8.427426 1.612578 -8.179024 1.773018 -8.052004 1.631036 -8.427426 1.612578 -8.427426 1.612578 -8.178991 1.504911 -8.178928 1.492477 22.73818 1.631036 22.92844 1.51874 22.92846 1.504911 -8.293073 23.04226 -8.352796 23.3175 -8.315014 23.03857 23.04772 1.179818 23.3198 1.330224 23.04226 1.193295 -8.302909 23.04772 -8.357324 23.31828 -8.352507 23.3198 -8.354121 23.31861 -8.451631 23.54355 -8.156772 23.34733 23.3187 1.511941 23.54355 1.355844 23.31861 1.484888 -8.156772 1.394811 -8.493572 1.286377 -8.356401 1.511941 -8.156772 1.394811 -8.335006 1.147143 -8.493572 1.286377 -8.304472 1.135706 -8.437871 1.583521 -8.442478 1.582688 23.0501 1.144785 22.87392 1.584918 22.86885 1.583521 -8.315621 1.13755 -8.439528 1.584918 -8.297698 1.144785 23.07995 1.533067 22.83302 1.514249 22.8701 1.806613 -8.592801 1.528712 -8.439907 1.399736 -8.439941 1.383048 23.05032 1.019678 23.11696 1.499898 23.12165 1.500043 -8.304248 1.017135 -7.980672 1.497375 -7.983687 1.499898 -8.31306 1.019678 -7.980672 1.497375 -8.295653 1.009214 23.11979 1.628804 23.19298 1.483418 23.12287 1.644862 -7.983091 1.628804 -8.152306 1.557541 -7.964186 1.483418 23.12287 1.644862 22.92249 1.482278 23.11976 1.640012 -8.152306 1.557541 -7.982805 1.351886 -7.964186 1.483418 22.92249 1.482278 23.11931 1.351886 23.16768 1.557541 23.1359 1.493347 23.11931 1.351886 22.92249 1.482278 23.0537 1.005475 23.18494 1.259001 23.03536 1.015233 -8.299872 1.005475 -8.559035 1.256221 -8.555225 1.259001 -8.557109 23.18286 -8.453087 23.37921 -8.399738 23.0252 -8.557109 23.18286 -8.820783 23.14926 -8.453087 23.37921 -8.557217 1.384797 -8.557264 1.376671 -8.820783 1.273082 -8.557109 1.38244 -8.399738 1.325267 -8.557264 1.376671 -8.557264 23.18282 -8.399738 23.0252 -8.820783 23.14926 23.18305 1.120809 23.18286 1.158192 23.37921 1.309746 -8.553517 1.14049 -8.557166 1.120809 -8.820783 1.273082 -8.298275 23.03614 -8.189631 22.64963 -8.193978 22.64705 23.05018 0.8705108 22.64963 1.2587 23.03614 0.8571358 -8.316832 23.03989 -8.194646 22.65042 -8.297892 23.05018 22.64916 1.408514 22.81218 1.25638 22.64598 1.431844 22.63069 1.273483 22.81218 1.25638 22.64916 1.408514 -8.165851 1.174626 -8.193103 1.097816 -8.207285 1.273483 23.03166 0.9691189 23.23997 1.479878 23.24372 1.478997 23.04547 0.961919 23.23997 1.479878 23.03166 0.9691189 -8.292729 0.961919 -8.229148 1.478997 -8.223733 1.478353 -8.226413 23.2426 -8.334392 23.18826 -8.247654 23.44908 -8.247654 23.44908 -8.034039 23.33869 -8.225695 23.24215 23.18826 1.616492 23.24682 1.348899 23.44908 1.481477 23.24682 1.348899 23.24268 1.306718 23.44908 1.481477 23.03093 0.8789377 22.92609 1.638155 23.04979 0.8797597 -8.293539 0.8866877 -8.609585 1.638255 -8.307664 0.8789377 -8.293539 0.8866877 -8.611804 1.638155 -8.607015 1.639829 -8.609507 1.801593 -8.407677 1.638181 -8.609955 1.737205 23.1482 1.656802 22.92065 1.737205 22.92487 1.465838 -8.407677 1.638181 -8.608989 1.446689 -8.609955 1.737205 -8.731227 1.656802 -8.611048 1.465838 -8.407677 1.638181 22.92261 1.446689 22.92487 1.465838 22.92065 1.737205 -8.407677 1.638181 -8.60952 1.510654 -8.608989 1.446689 -8.346535 0.4835912 -8.309555 0.4820449 -8.291933 1.363117 23.01762 0.4820449 23.04283 1.362867 23.02898 1.363117 -8.307801 0.4824857 -8.296478 1.363359 -8.281003 1.362867 -8.314169 1.064624 -8.50798 1.482363 -8.511397 1.480789 -8.314169 1.064624 -8.294247 1.074121 -8.50798 1.482363 23.05318 1.067845 23.03687 1.064624 23.03744 1.480789 -8.534738 1.514411 -8.312219 1.449094 -8.509052 1.660333 23.02725 1.535212 23.03594 1.278239 23.11905 1.514411 23.03594 1.278239 22.83689 1.491206 23.0365 1.305618 -8.30135 0.9163831 -8.17655 1.63 -8.180927 1.630683 23.03115 0.9163831 23.0506 0.9185195 22.92677 1.63 23.0506 0.9185195 22.93122 1.631216 22.92677 1.63 -8.179021 1.767969 -8.427426 1.612578 -7.964361 1.609677 -7.964361 1.609677 -8.178928 1.492477 -8.178919 1.51874 -7.964361 1.609677 -8.427426 1.612578 -8.178928 1.492477 -8.427426 1.612578 -8.052004 1.631036 -8.178991 1.504911 -8.052004 22.73818 -7.964361 23.09156 -8.178919 22.92844 -8.315014 23.03857 -8.352796 23.3175 -8.357324 23.31828 23.04226 1.193295 23.3198 1.330224 23.3175 1.33444 23.04772 1.179818 23.03857 1.192687 23.31828 1.331468 -8.354251 1.464185 -8.354121 1.484888 -8.156772 1.394811 -8.354251 1.464185 -8.156772 1.394811 -8.356401 1.511941 23.3187 1.511941 23.27646 1.286377 23.54355 1.355844 -8.156772 1.394811 -8.352153 1.135056 -8.335006 1.147143 -8.156772 1.394811 -8.451631 1.355844 -8.352153 1.135056 23.54355 1.355844 23.27646 1.286377 23.31964 1.135056 23.04465 1.13755 23.03091 1.135706 22.87026 1.582688 23.03091 1.135706 23.0501 1.144785 22.86885 1.583521 23.04465 1.13755 22.87026 1.582688 22.87392 1.584918 22.87102 1.774903 23.07995 1.533067 22.8701 1.806613 22.87102 1.774903 22.87475 1.796741 23.07995 1.533067 22.87475 1.796741 22.8701 1.806613 22.77777 1.528712 22.87475 1.796741 22.77777 1.528712 23.07995 1.533067 -8.438458 1.806613 -8.235695 1.514249 -8.592801 1.528712 22.77777 1.528712 22.87109 1.392124 23.07995 1.533067 -8.235695 22.83302 -8.383715 23.07995 -8.439907 22.87106 23.07995 1.533067 22.87109 1.392124 22.87106 1.399736 -8.592801 1.528712 -8.439941 1.383048 -8.440055 1.392124 -8.592801 1.528712 -8.235695 1.514249 -8.439907 1.399736 23.05032 1.019678 23.03024 1.017135 23.11696 1.499898 23.03024 1.017135 23.04586 1.009214 23.1208 1.497375 -8.31306 1.019678 -7.98505 1.500043 -7.980672 1.497375 -7.983091 1.628804 -7.983084 1.640012 -8.152306 1.557541 -8.152306 23.16768 -7.983084 23.11976 -8.021673 22.92249 23.12287 1.644862 23.1359 1.493347 22.92249 1.482278 23.12287 1.644862 23.19298 1.483418 23.1359 1.493347 23.03684 1.001395 23.18007 1.259018 23.1833 1.256221 -8.313457 1.001395 -8.299998 1.015233 -8.557939 1.259018 -8.299998 23.03536 -8.555225 23.18494 -8.557939 23.18007 -8.299872 23.0537 -8.313457 23.03684 -8.559035 23.1833 -8.557109 1.38244 -8.557217 1.384797 -8.820783 1.273082 -8.399738 1.325267 -8.553517 1.14049 -8.820783 1.273082 23.0252 1.325267 23.37921 1.309746 23.17824 1.14049 -8.453087 1.309746 -8.820783 1.273082 -8.557166 1.120809 23.17824 1.14049 23.37921 1.309746 23.18286 1.158192 23.03989 0.8658111 22.64705 1.257408 22.65042 1.260826 -8.316832 0.8658111 -8.298275 0.8571358 -8.193978 1.257408 -8.297892 0.8705108 -8.194646 1.260826 -8.189631 1.2587 -8.192227 1.431844 -8.165851 1.174626 -8.207285 1.273483 22.64598 1.431844 22.81218 1.25638 22.60777 1.174626 22.81218 1.25638 22.63069 1.273483 22.64864 1.097816 22.60777 1.174626 22.81218 1.25638 22.64908 1.116115 22.81218 1.25638 22.64864 1.097816 22.64908 1.116115 23.04875 0.9638605 23.03166 0.9691189 23.24372 1.478997 23.04547 0.961919 23.24335 1.478353 23.23997 1.479878 -8.292729 0.961919 -8.314475 0.9638605 -8.229148 1.478997 23.24215 1.659216 23.2426 1.617518 23.44908 1.481477 -8.226413 1.617518 -8.226404 1.626862 -8.334392 1.616492 -8.226404 1.626862 -8.225695 1.659216 -8.334392 1.616492 -8.225695 1.659216 -8.181376 1.403582 -8.334392 1.616492 23.16381 1.403582 23.24215 1.659216 23.33869 1.404235 -8.334392 1.616492 -8.181376 1.403582 -8.231939 1.348899 -8.247654 23.44908 -8.22647 23.24268 -8.034039 23.33869 -8.034039 23.33869 -8.22647 23.24268 -8.181376 23.16381 23.03093 0.8789377 22.92103 1.638255 22.92609 1.638155 23.04597 0.8866877 22.92487 1.639829 22.92103 1.638255 -8.293539 0.8866877 -8.312844 0.8797597 -8.611804 1.638155 -8.609507 1.801593 -8.609521 1.822048 -8.407677 1.638181 -8.609521 1.822048 -8.731227 1.656802 -8.407677 1.638181 22.92418 1.822048 22.92065 1.737205 23.1482 1.656802 -8.407677 1.638181 -8.611048 1.465838 -8.60952 1.510654 -11.11517 0.450429 -11.14955 1.204216 -11.13396 1.204423 -11.10561 0.4494816 -11.13994 1.204001 -11.15521 0.4491038 20.82093 0.450429 20.77768 1.204423 20.78055 0.4494816 -11.12984 1.010767 -10.97409 1.257649 -10.96967 1.255453 -11.12683 1.012677 -10.97188 1.257402 -11.14382 1.019927 20.77796 1.012677 20.85227 1.255453 20.84892 1.257402 20.79414 1.010767 20.85227 1.255453 20.77796 1.012677 20.85153 1.386177 20.83331 1.427117 20.71301 1.304552 20.83331 1.427117 20.84922 1.194515 20.85156 1.097736 20.83331 1.427117 20.89133 1.218343 20.71301 1.304552 -10.95959 1.427117 -10.97006 1.097736 -11.03315 1.218343 -11.14307 20.78446 -11.4041 20.91881 -11.13223 20.79634 -11.13116 0.8297729 -11.40425 1.120016 -11.40705 1.117722 20.79634 0.8221557 20.91881 1.118435 20.77729 0.8297729 -11.40505 1.244711 -11.3954 1.020729 -11.62777 1.170205 -11.40505 20.91624 -11.62777 20.80427 -11.45697 21.15136 20.93344 1.139395 20.90663 1.020729 20.91624 1.244711 20.93344 1.139395 20.91215 0.9930656 20.90663 1.020729 21.15136 1.144158 20.90663 1.020729 20.9164 1.003216 20.78063 0.886634 20.60283 1.28772 20.79484 0.8890163 -11.12889 0.8825002 -11.04044 1.286023 -11.14455 0.886634 20.77749 0.8825002 20.60371 1.287093 20.59962 1.286023 -11.03992 1.430061 -10.84716 1.314747 -11.04052 1.39568 -11.03992 1.430061 -11.03874 1.435154 -11.18978 1.245202 -10.84716 1.314747 -11.12194 1.277546 -11.03874 1.435154 -11.18978 1.245202 -10.84716 1.314747 -11.03992 1.430061 20.60059 1.435154 20.4203 1.277546 20.76199 1.245202 20.76199 1.245202 20.60211 1.181217 20.60213 1.17269 -11.12858 0.7876285 -11.06584 1.279888 -11.14344 0.788111 20.79542 0.7815866 20.99635 1.278507 20.9929 1.279548 -11.06319 1.399324 -11.06303 1.404761 -10.89612 1.247772 20.99394 1.422148 21.08185 1.247772 20.7867 1.289647 -11.06303 1.404761 -11.1832 1.226553 -10.89612 1.247772 -10.89612 1.247772 -11.06288 1.134935 -11.06318 1.139532 21.19559 1.226553 20.99413 1.164203 20.99459 1.134935 20.7867 1.289647 20.99416 1.139532 20.99413 1.164203 -11.13991 0.7737575 -11.30542 1.298538 -11.12462 0.7770505 20.79507 0.7737575 20.69652 1.297363 20.70058 1.298538 -11.12462 0.7770505 -11.30285 1.298703 -11.13953 0.7712994 20.73901 1.500575 20.6412 1.266684 20.69782 1.481781 20.69715 1.472928 20.80508 1.224238 20.73901 1.500575 -11.15497 1.266684 -11.30824 1.169747 -11.30637 1.472928 -11.30637 1.472928 -11.30824 1.169747 -11.43095 1.224238 -11.28736 1.500575 -11.43095 1.224238 -11.15497 1.266684 -11.43095 1.224238 -11.30479 1.130462 -11.15497 1.266684 -11.30824 1.169747 -11.30781 1.119816 -11.43095 1.224238 -11.30479 1.130462 -11.30824 1.169747 -11.15497 1.266684 -11.13375 0.8159204 -10.81931 1.241067 -10.81578 1.239192 -11.12757 0.8099782 -10.81693 1.239292 -11.14259 0.819259 20.79733 0.8159204 20.72614 1.239192 20.77879 0.8099782 20.72382 1.344563 20.52435 1.236257 20.72361 1.390219 -10.81471 1.390219 -10.54733 1.252039 -10.81703 1.3751 -10.54733 1.252039 -10.83398 1.230228 -10.81383 1.080148 -10.54733 1.252039 -10.81493 1.065185 -10.88388 1.236257 -10.54733 1.252039 -10.81383 1.080148 -10.81493 1.065185 -11.14444 0.8498484 -11.30529 1.345874 -11.12462 0.8548083 20.78941 0.8498484 21.05748 1.347314 21.06096 1.345069 20.79093 0.8548083 21.05748 1.347314 20.77604 0.8587939 -11.30739 1.484937 -11.38243 1.317476 -11.12636 1.309072 21.05968 1.513592 21.11386 1.309072 20.86489 1.371003 20.86489 1.371003 21.24235 1.317476 21.06034 1.510486 -11.12636 1.309072 -11.30691 1.188246 -11.3344 1.371003 20.86489 1.371003 21.0603 1.184281 21.24235 1.317476 21.05842 1.188246 21.0603 1.184281 20.86489 1.371003 20.78529 0.7964351 20.56017 1.403301 20.56501 1.404692 -11.12864 0.7945703 -11.16235 1.403301 -11.14534 0.7964351 20.77686 0.7945703 20.5629 1.404228 20.56017 1.403301 20.66015 1.377567 20.55974 1.275309 20.36436 1.405223 20.56069 1.435387 20.56416 1.270434 20.66015 1.377567 20.56069 1.435387 20.55974 1.275309 20.56416 1.270434 -11.14372 0.870304 -11.02256 1.282755 -11.02 1.281669 20.77412 0.8714896 20.88573 1.282755 20.79107 0.870304 -11.01992 20.88569 -11.16076 20.96128 -10.82384 21.00592 -11.01992 1.409094 -11.02049 1.452906 -11.16076 1.351047 20.8856 1.428061 20.66629 1.215335 20.88547 1.452906 20.66629 1.215335 20.96128 1.351047 20.88547 1.452906 -11.16076 1.351047 -11.03336 1.138853 -10.82384 1.305785 20.96128 1.351047 20.66629 1.215335 20.89425 1.138853 20.66629 1.215335 20.88567 1.136594 20.8856 1.12095 21.00592 1.305785 20.88567 1.136594 20.66629 1.215335 -10.82384 21.00592 -11.03336 20.89425 -11.01991 20.88567 20.66629 1.215335 20.8856 1.12095 20.89425 1.138853 -11.11517 0.450429 -11.15521 0.4491038 -11.14955 1.204216 20.79649 0.4491038 20.76436 1.204001 20.77774 1.204216 20.78055 0.4494816 20.77768 1.204423 20.76436 1.204001 -11.12984 1.010767 -11.14382 1.019927 -10.97409 1.257649 20.78689 1.019927 20.84892 1.257402 20.85326 1.257649 -10.97189 1.386177 -11.13454 1.304552 -10.97475 1.410821 20.85742 1.410821 20.84922 1.194515 20.83331 1.427117 20.85742 1.410821 20.71301 1.304552 20.89133 1.218343 -10.96673 1.194515 -10.97475 1.410821 -11.03315 1.218343 -11.14307 20.78446 -11.40705 20.91472 -11.4041 20.91881 -11.14307 0.8183763 -11.13116 0.8297729 -11.40705 1.117722 20.77729 0.8297729 20.91881 1.118435 20.91415 1.120016 20.91625 1.221712 21.15136 1.144158 20.93344 1.139395 20.91625 1.221712 20.91624 1.244711 21.15136 1.144158 20.93344 1.139395 21.15136 1.144158 20.9164 1.003216 -11.45697 21.15136 -11.62777 20.80427 -11.3954 20.90663 -11.40935 1.139395 -11.40522 1.003216 -11.39993 0.9930656 -11.12948 0.8890163 -11.04309 1.28772 -11.03806 1.287093 20.78063 0.886634 20.59962 1.286023 20.60283 1.28772 20.77749 0.8825002 20.79484 0.8890163 20.60371 1.287093 -11.04052 1.39568 -10.84716 1.314747 -11.03874 1.435154 -11.12194 1.277546 -10.84716 1.314747 -11.04092 1.149901 -10.84716 1.314747 -11.04047 1.17269 -11.04092 1.149901 -10.84716 1.314747 -11.18978 1.245202 -11.04047 1.17269 -11.18978 20.76199 -11.12194 20.4203 -11.04092 20.59961 20.76199 1.245202 20.59961 1.149901 20.60211 1.181217 -11.1315 0.7815866 -11.06584 1.279888 -11.06197 1.278507 20.79542 0.7815866 20.78049 0.788111 20.99362 1.279888 -11.12858 0.7876285 -11.0608 1.279548 -11.06584 1.279888 20.77687 0.7876285 20.79542 0.7815866 20.9929 1.279548 -11.06319 1.399324 -10.89612 1.247772 -11.06278 1.422148 20.99416 1.404761 20.99394 1.422148 20.7867 1.289647 20.99416 1.404761 20.7867 1.289647 21.19559 1.226553 20.7867 1.289647 21.08185 1.247772 20.99416 1.139532 -10.89612 21.08185 -11.1832 21.19559 -11.06288 20.99459 -11.1832 21.19559 -11.15926 20.7867 -11.06323 20.99413 20.79507 0.7737575 20.77645 0.7712994 20.69652 1.297363 -11.13953 0.7712994 -11.30285 1.298703 -11.30778 1.297363 20.78965 0.7770505 20.70058 1.298538 20.6968 1.298703 -11.30541 1.481781 -11.15497 1.266684 -11.30637 1.472928 -11.43095 1.224238 -11.30781 1.119816 -11.30479 1.130462 20.79733 0.8159204 20.78033 0.819259 20.72383 1.241067 -11.14259 0.819259 -10.81693 1.239292 -10.81931 1.241067 20.77879 0.8099782 20.72614 1.239192 20.72105 1.239292 20.72382 1.344563 20.72377 1.3751 20.52435 1.236257 -10.88388 20.52435 -10.81703 20.72377 -10.54733 20.76123 20.72361 1.390219 20.52435 1.236257 20.72209 1.230228 -10.81471 1.390219 -10.83398 1.230228 -10.54733 1.252039 20.52435 1.236257 20.72208 1.065185 20.72209 1.230228 -11.14444 0.8498484 -11.30966 1.345069 -11.30529 1.345874 20.78941 0.8498484 20.77604 0.8587939 21.05748 1.347314 20.79093 0.8548083 21.06194 1.345874 21.05748 1.347314 21.06034 1.510486 21.05968 1.513592 20.86489 1.371003 -11.30739 1.484937 -11.12636 1.309072 -11.30721 1.513592 21.0601 1.484937 21.06034 1.510486 21.24235 1.317476 -11.30691 1.188246 -11.12636 1.309072 -11.30738 1.211387 -11.12636 21.11386 -11.38243 21.24235 -11.30738 21.06011 21.24235 1.317476 21.0603 1.184281 21.06011 1.211387 -11.12594 0.7992884 -11.14534 0.7964351 -11.16358 1.404692 20.77686 0.7945703 20.79241 0.7992884 20.5629 1.404228 -11.12594 0.7992884 -11.16358 1.404692 -11.1594 1.404228 -11.162 1.529337 -11.07026 1.377567 -11.16342 1.547501 20.56305 1.529337 20.56069 1.435387 20.66015 1.377567 20.56069 1.435387 20.55232 1.547501 20.36436 1.405223 20.55232 1.547501 20.66015 1.377567 20.36436 1.405223 20.56069 1.435387 20.36436 1.405223 20.55974 1.275309 -11.1616 1.275309 -11.07026 1.377567 -11.16212 1.289594 20.66015 1.377567 20.56416 1.270434 20.56279 1.289594 -11.12608 0.8661271 -11.14372 0.870304 -11.02 1.281669 -11.13415 0.8714896 -11.01811 1.282161 -11.02256 1.282755 20.77412 0.8714896 20.79214 0.8661271 20.8836 1.282161 20.79214 0.8661271 20.8883 1.281669 20.8836 1.282161 -11.01979 1.428061 -11.01992 1.409094 -10.82384 1.305785 20.66629 1.215335 20.8856 1.428061 21.00592 1.305785 21.04608 0.5334392 21.09455 1.298321 21.07892 1.298531 21.04953 0.5324778 21.08922 1.298103 21.09417 0.5320944 -9.920943 0.5334392 -9.958284 1.298531 -9.964571 0.5324778 21.08357 1.053585 21.38023 1.304576 21.37707 1.307077 21.07394 1.064626 21.38023 1.304576 21.08357 1.053585 -9.943538 21.06994 -9.905952 21.37689 -9.960524 21.07394 -9.90378 1.419837 -9.904179 1.424115 -9.908183 1.275983 -9.90378 1.419837 -9.908183 1.275983 -9.848233 1.316183 21.37851 1.424115 21.20086 1.326992 21.37977 1.275983 21.38281 1.316183 21.37794 1.203434 21.20086 1.326992 -9.848233 1.316183 -9.90392 1.197991 -9.903734 1.203434 21.37794 1.203434 21.37977 1.275983 21.20086 1.326992 21.07278 1.033614 20.94945 1.309431 20.94537 1.307539 -9.953258 1.033664 -10.08147 1.307558 -10.07651 1.309431 21.07108 1.026104 20.94902 1.307558 21.08738 1.033664 -9.938802 1.033614 -10.07785 1.307539 -9.958634 1.026104 20.94799 1.427491 20.67989 1.290654 20.94969 1.449418 -10.07903 20.94969 -10.11995 20.67989 -10.35085 20.95406 -10.07903 1.449418 -10.35085 1.341817 -10.05434 1.11809 -10.11995 20.67989 -10.07932 20.94788 -10.35085 20.95406 -9.820796 20.9233 -10.07863 20.94782 -10.11995 20.67989 21.08009 0.8737687 21.05714 1.366932 21.0652 0.8765801 -9.957646 0.8804099 -9.711004 1.368442 -9.706414 1.366772 21.0652 0.8765801 21.06059 1.368442 21.08482 0.8804099 -9.708242 1.492128 -9.70879 1.522278 -9.46274 1.370914 21.05704 1.524645 20.85108 1.345143 21.06043 1.522278 -9.46274 1.370914 -9.824417 1.345143 -9.710381 1.524645 -9.70879 1.522278 -9.68601 1.308827 -9.46274 1.370914 21.06043 1.522278 20.85108 1.345143 21.19337 1.308827 20.85108 1.345143 21.05989 1.247347 21.19337 1.308827 -9.46274 1.370914 -9.708234 1.254454 -9.708143 1.247347 21.08829 1.063568 21.17727 1.52901 21.18211 1.528488 -9.942522 1.067908 -10.0585 1.52901 -9.958339 1.06514 21.17941 1.644406 21.17993 1.675814 21.34124 1.490585 -10.06038 21.17993 -9.914985 21.12687 -10.17234 20.97692 -10.05614 1.666325 -10.13172 1.490585 -9.914985 1.627821 21.12687 1.627821 21.17608 1.403687 20.97692 1.483778 21.12687 1.627821 21.34124 1.490585 21.17608 1.403687 21.34124 1.490585 21.17952 1.39407 21.17608 1.403687 21.17608 1.403687 21.17941 1.383489 20.97692 1.483778 21.07478 1.059095 20.69486 1.247435 20.69259 1.243647 -9.956613 21.08116 -9.922075 20.69288 -9.918512 20.69486 -9.956978 21.07206 -9.917122 20.69259 -9.922075 20.69288 20.69185 1.379966 20.58517 1.10908 20.85124 1.38667 20.85124 1.38667 20.91605 1.148748 20.54677 1.238182 20.58517 1.10908 20.91605 1.148748 20.85124 1.38667 -9.703661 1.238182 -10.10375 1.10908 -9.921057 1.379966 -10.10375 1.10908 -9.919246 1.101535 -9.91933 1.095493 -10.10375 1.10908 -9.919209 1.113629 -9.919246 1.101535 -9.881223 20.91605 -9.919209 20.6934 -9.703661 20.54677 20.91605 1.148748 20.69348 1.095493 20.6934 1.113629 21.07256 0.8946457 21.31609 1.323614 21.31267 1.324292 21.07147 0.9024151 21.31282 1.326067 21.08718 0.8939132 -9.938831 0.8946457 -9.741753 1.326067 -9.958618 0.9024151 -9.738555 21.31341 -9.739394 21.31375 -9.672936 21.52286 21.52286 1.302311 21.30212 1.424874 21.31341 1.473106 21.52286 1.302311 21.31145 1.202901 21.30212 1.424874 -9.953149 0.9774543 -10.17496 1.410939 -10.17054 1.412536 21.06973 0.9740267 21.03501 1.410939 21.08782 0.9774543 -9.939075 0.9818204 -10.17461 1.410738 -9.958478 0.9740267 21.03298 1.532479 21.03624 1.568688 20.82662 1.410441 -10.41035 1.444273 -10.16899 1.325963 -10.17024 1.568688 -10.17024 1.568688 -10.16899 1.325963 -10.04037 1.360652 -10.19871 20.82662 -10.04037 21.01344 -10.17329 21.03273 21.08795 0.925931 20.90221 1.347925 21.07491 0.9174125 21.06791 0.923284 20.90527 1.350395 21.08795 0.925931 -9.958615 0.923284 -9.696377 1.347925 -9.700956 1.349482 20.90334 1.410275 20.73176 1.351874 20.90289 1.491973 20.90275 1.455045 21.05994 1.336674 20.90334 1.410275 20.73176 1.351874 20.90288 1.227858 21.05994 1.336674 20.90334 1.410275 20.90293 1.212644 20.73176 1.351874 21.05994 1.336674 20.90288 1.227858 20.90276 1.250392 21.08204 1.016169 21.37364 1.199869 21.37057 1.203769 -9.959397 21.07922 -10.01571 21.3716 -10.01232 21.37364 21.0696 1.028606 21.3716 1.201487 21.07922 1.014681 21.32658 1.38493 21.29485 1.186606 21.37343 1.338592 -10.18881 1.186606 -9.957974 1.153367 -10.0143 1.338592 21.53526 1.153367 21.36901 1.054596 21.32658 1.38493 21.29485 1.186606 21.37198 1.063413 21.53526 1.153367 -10.18881 1.186606 -10.01289 1.053863 -10.01306 1.063413 -10.18881 21.29485 -10.00996 21.36901 -10.01289 21.37188 21.04608 0.5334392 21.09417 0.5320944 21.09455 1.298321 -9.932539 0.5320944 -9.969724 1.298103 -9.953188 1.298321 -9.964571 0.5324778 -9.958284 1.298531 -9.969724 1.298103 21.06994 1.06593 21.08357 1.053585 21.37707 1.307077 21.07394 1.064626 21.37689 1.307911 21.38023 1.304576 -9.943538 21.06994 -9.901237 21.37707 -9.905952 21.37689 21.37851 1.424115 21.38281 1.316183 21.20086 1.326992 -9.848233 1.316183 -9.908183 1.275983 -9.90392 1.197991 21.07278 1.033614 21.08738 1.033664 20.94945 1.309431 21.07108 1.026104 20.94537 1.307539 20.94902 1.307558 20.94799 1.427491 20.94782 1.452697 20.67989 1.290654 -10.07876 1.452697 -10.07903 1.449418 -9.820796 1.358871 -10.07876 20.94782 -9.820796 20.9233 -10.11995 20.67989 -10.07903 1.449418 -10.05434 1.11809 -9.820796 1.358871 -9.820796 20.9233 -10.05434 21.14138 -10.07863 20.94782 -10.35085 20.95406 -10.07932 20.94788 -10.05434 21.14138 20.94788 1.162736 20.67989 1.290654 20.94782 1.178955 21.08009 0.8737687 21.0619 1.366772 21.05714 1.366932 -9.939961 0.8737687 -9.957646 0.8804099 -9.706414 1.366772 -9.94863 0.8765801 -9.707179 1.366932 -9.711004 1.368442 -9.710381 1.524645 -9.708242 1.492128 -9.46274 1.370914 -9.824417 20.85108 -9.46274 21.03691 -9.708143 21.05989 -9.46274 21.03691 -9.68601 21.19337 -9.708234 21.05986 21.06886 1.067908 21.08829 1.063568 21.17901 1.529597 -9.948787 1.063568 -10.05686 1.528488 -10.05339 1.529597 21.08829 1.063568 21.06907 1.06514 21.17727 1.52901 -9.942522 1.067908 -10.05339 1.529597 -10.0585 1.52901 -10.06038 1.675814 -10.05614 1.666325 -9.914985 1.627821 21.17962 1.666325 21.17941 1.644406 21.34124 1.490585 21.17993 1.675814 20.97692 1.483778 21.34124 1.490585 21.34124 1.490585 20.97692 1.483778 21.17941 1.383489 21.34124 1.490585 21.17941 1.383489 21.17952 1.39407 -9.939839 21.07478 -9.956613 21.08116 -9.918512 20.69486 21.08116 1.071286 21.07206 1.05701 20.69288 1.244749 -9.956978 21.07206 -9.939839 21.07478 -9.917122 20.69259 -9.921057 1.379966 -9.919212 1.383475 -9.703661 1.238182 -9.919212 20.69343 -9.920334 20.85124 -9.703661 20.54677 20.69343 1.383475 20.69344 1.418946 20.85124 1.38667 20.69344 1.418946 20.69185 1.379966 20.85124 1.38667 -10.10375 20.58517 -9.703661 20.54677 -9.919209 20.6934 -9.881223 20.91605 -10.10375 20.58517 -9.91933 20.69348 21.07256 0.8946457 21.08718 0.8939132 21.31609 1.323614 21.08718 0.8939132 21.31282 1.326067 21.31609 1.323614 -9.938831 0.8946457 -9.736773 1.324292 -9.741753 1.326067 -9.739394 1.473534 -9.739675 1.424874 -9.963494 1.334028 -9.739394 21.31375 -9.963494 21.33861 -9.672936 21.52286 -9.739675 1.424874 -9.741579 1.202901 -9.963494 1.334028 -9.672936 21.52286 -9.963494 21.33861 -9.739498 21.31383 -9.963494 1.334028 -9.739386 1.182702 -9.739498 1.18603 -9.963494 1.334028 -9.741579 1.202901 -9.739386 1.182702 21.52286 1.302311 21.31383 1.18603 21.31145 1.202901 -9.939075 0.9818204 -9.953149 0.9774543 -10.17054 1.412536 21.06973 0.9740267 21.03065 1.410738 21.03501 1.410939 -9.939075 0.9818204 -10.17054 1.412536 -10.17461 1.410738 -10.17306 1.532069 -10.17304 1.532479 -10.41035 1.444273 -10.17304 21.03298 -10.19871 20.82662 -10.41035 21.06759 -10.17306 1.532069 -10.41035 1.444273 -10.17024 1.568688 21.03624 1.568688 21.01344 1.360652 20.82662 1.410441 -10.41035 1.444273 -10.17329 1.268977 -10.16899 1.325963 -10.41035 21.06759 -10.19871 20.82662 -10.17329 21.03273 -9.950728 0.925931 -9.699851 1.350395 -9.696377 1.347925 21.06791 0.923284 20.9007 1.349482 20.90527 1.350395 -9.958615 0.923284 -9.940486 0.9174125 -9.696377 1.347925 20.90275 1.455045 20.90289 1.491973 21.05994 1.336674 21.05994 1.336674 20.90289 1.491973 20.73176 1.351874 20.90334 1.410275 21.05994 1.336674 20.90293 1.212644 20.73176 1.351874 20.90293 1.212644 20.90288 1.227858 20.90293 1.212644 21.05994 1.336674 20.90276 1.250392 21.0696 1.028606 21.08204 1.016169 21.37057 1.203769 -9.940428 21.08204 -9.959397 21.07922 -10.01232 21.37364 -9.950942 21.0696 -10.01165 21.37057 -10.01571 21.3716 -10.00329 21.32658 -10.01245 21.3723 -9.957974 21.53526 21.3723 1.351081 21.37343 1.338592 21.53526 1.153367 -10.18881 1.186606 -10.00329 1.38493 -10.00996 1.054596 21.36901 1.054596 21.53526 1.153367 21.37198 1.063413 -8.092326 1.002235 -8.04458 1.666608 -8.054645 1.66679 20.8436 1.0014 20.83383 1.666419 20.80401 1.001067 20.8118 1.002235 20.82873 1.66679 20.8436 1.0014 20.82606 1.448307 20.73416 1.756749 20.73026 1.756683 -8.06608 1.443566 -8.199627 1.756749 -8.050852 1.448307 20.8295 1.443566 20.73111 1.755494 20.73416 1.756749 20.73149 1.891117 20.60331 1.763363 20.72664 1.796605 20.85569 1.731553 20.60331 1.763363 20.73149 1.891117 20.60331 1.763363 20.73042 1.602493 20.72664 1.796605 20.85569 1.731553 20.7315 1.623174 20.60331 1.763363 20.85569 1.731553 20.73192 1.641721 20.7315 1.623174 20.85569 1.731553 20.73042 1.602493 20.73192 1.641721 -8.252361 1.780892 -8.199832 1.602493 -8.08641 1.731553 20.81681 1.332095 20.79571 1.868721 20.79962 1.869123 -8.052068 1.329156 -7.92319 1.868721 -8.066272 1.332095 20.81681 1.332095 20.79962 1.869123 20.83258 1.33077 -7.922704 1.954511 -7.752569 1.868987 -7.922749 1.976237 -7.922704 20.79806 -7.843336 21.00379 -7.752569 20.72004 20.79806 1.954511 20.7981 1.972423 21.00379 1.852853 -7.922832 1.972423 -7.922749 1.976237 -8.110541 1.855045 -7.922749 1.976237 -7.752569 1.868987 -8.110541 1.855045 -8.110541 1.855045 -7.922741 1.773716 -7.92271 1.764323 -7.752569 1.868987 -7.922685 1.784162 -7.922741 1.773716 -8.051075 20.82825 -8.210903 20.99428 -8.064771 20.81626 -8.060273 1.528148 -8.211693 1.641761 -8.051075 1.538329 -8.060273 20.82783 -8.214391 20.99287 -8.211693 20.99601 -8.212304 20.99448 -8.376837 21.10924 -8.087204 21.09926 -8.21393 1.779026 -8.376837 1.661114 -8.212304 1.758591 -8.087204 1.690548 -8.291315 1.60864 -8.21393 1.779026 -8.087204 1.690548 -8.200784 1.503466 -8.291315 1.60864 -8.054137 1.494827 -8.077425 1.833096 -8.081237 1.832467 20.83172 1.501685 20.6481 1.834151 20.64529 1.833096 20.82023 1.49622 20.6481 1.834151 20.83172 1.501685 -8.130389 1.794984 -7.921234 1.78077 -8.078368 2.001614 20.51531 1.791694 20.64595 1.694269 20.6459 1.681663 -8.06846 1.407182 -7.867704 1.769929 -7.870671 1.770038 20.81508 1.405261 21.01715 1.768023 21.01318 1.769929 -8.06846 1.407182 -7.867255 1.768023 -8.05442 1.399278 21.0154 1.867301 21.0745 1.75748 21.01836 1.879431 -7.868503 1.867301 -8.006923 1.813471 -7.886782 1.75748 21.01836 1.879431 20.86143 1.756619 21.01539 1.875768 20.97607 1.813471 21.01519 1.658124 21.0745 1.75748 -7.81062 20.86143 -7.868099 21.01519 -8.006923 20.97607 21.02841 1.764981 21.01519 1.658124 20.86143 1.756619 -8.060725 1.396454 -8.294934 1.587961 -8.052933 1.403824 -8.060725 1.396454 -8.296882 1.585861 -8.294934 1.587961 -8.295353 20.81275 -8.307255 20.99417 -8.118029 20.77055 -8.295353 20.81275 -8.464546 20.67608 -8.307255 20.99417 -8.295482 1.682985 -8.295443 1.676846 -8.464546 1.598597 -8.295353 1.681204 -8.118029 1.638017 -8.295443 1.676846 -8.295443 20.81265 -8.118029 20.77055 -8.464546 20.67608 20.81285 1.483574 20.81275 1.511813 20.99417 1.626293 -8.290868 1.498441 -8.295473 1.483574 -8.464546 1.598597 20.82176 1.284402 20.59925 1.587733 20.59559 1.586757 20.8317 1.294505 20.59925 1.587733 20.82176 1.284402 -8.066604 20.81639 -7.814206 20.59765 -8.057835 20.8317 20.59768 1.7009 20.74993 1.585981 20.5956 1.718522 20.57848 1.5989 20.74993 1.585981 20.59768 1.7009 -7.775832 1.524226 -7.812368 1.466206 -7.814534 1.5989 -8.055934 1.368991 -8.088923 1.754806 -8.093101 1.754141 20.83063 1.363552 20.99499 1.754806 20.81506 1.368991 -8.052214 1.363552 -8.093101 1.754141 -8.089169 1.753655 -8.090716 20.99641 -8.142567 20.91218 -8.194205 21.13108 -8.194205 1.756014 -7.998018 1.697668 -8.090022 1.890274 20.91218 1.858001 20.99697 1.655868 21.13108 1.756014 20.99697 1.655868 20.99644 1.624005 21.13108 1.756014 -8.05637 1.30087 -8.22314 1.874365 -8.068079 1.301491 20.83064 1.306725 20.60786 1.87444 20.81409 1.30087 -8.052997 1.306725 -8.22314 1.874365 -8.219283 1.87563 20.60995 1.997822 20.7479 1.874384 20.60744 1.949185 -8.401723 1.888451 -8.219518 1.949185 -8.222089 1.744201 20.7479 1.874384 20.60922 1.729736 20.60744 1.949185 -8.401723 1.888451 -8.222089 1.744201 -8.111692 1.874384 -8.219685 1.729736 -8.222089 1.744201 -8.219518 1.949185 20.7479 1.874384 20.60995 1.778054 20.60922 1.729736 -8.092326 1.002235 -8.051971 1.001067 -8.04458 1.666608 20.80401 1.001067 20.83383 1.666419 20.8195 1.666608 -8.074702 1.0014 -8.054645 1.66679 -8.042914 1.666419 -8.063453 1.441133 -8.19724 1.756683 -8.201049 1.755494 -8.063453 1.441133 -8.050852 1.448307 -8.19724 1.756683 20.8295 1.443566 20.81544 1.441133 20.73111 1.755494 -8.252361 1.780892 -8.08641 1.731553 -8.199029 1.891117 -8.192408 1.796605 -8.199832 1.602493 -8.252361 1.780892 20.73042 1.602493 20.60331 1.763363 20.7315 1.623174 -8.052068 1.329156 -7.920319 1.868205 -7.92319 1.868721 20.81696 1.329156 20.83258 1.33077 20.79788 1.868205 -8.057063 1.33077 -7.924434 1.869123 -7.920319 1.868205 20.7981 1.972423 20.71525 1.855045 21.00379 1.852853 21.00379 1.852853 20.79805 1.764323 20.79802 1.784162 -7.843336 21.00379 -8.110541 20.71525 -7.92271 20.79805 -8.110541 1.855045 -7.752569 1.868987 -7.922741 1.773716 -7.752569 20.72004 -7.843336 21.00379 -7.922685 20.79802 -8.064771 20.81626 -8.210903 20.99428 -8.214391 20.99287 20.82825 1.538329 20.99601 1.641761 20.99428 1.644946 20.82783 1.528148 20.81626 1.537869 20.99287 1.642701 -8.212353 1.742952 -8.212304 1.758591 -8.087204 1.690548 -8.212353 1.742952 -8.087204 1.690548 -8.21393 1.779026 20.99356 1.779026 20.90523 1.60864 21.10924 1.661114 -8.087204 1.690548 -8.211377 1.494336 -8.200784 1.503466 -8.087204 1.690548 -8.376837 1.661114 -8.211377 1.494336 21.10924 1.661114 20.90523 1.60864 20.99605 1.494336 -8.067804 1.49622 -8.054137 1.494827 -8.081237 1.832467 20.81545 1.494827 20.83172 1.501685 20.64529 1.833096 20.82023 1.49622 20.64429 1.832467 20.6481 1.834151 20.64593 1.977661 20.81556 1.794984 20.6459 2.001614 20.64593 1.977661 20.64617 1.994157 20.81556 1.794984 20.64617 1.994157 20.6459 2.001614 20.51531 1.791694 20.64617 1.994157 20.51531 1.791694 20.81556 1.794984 -8.078368 2.001614 -7.921234 1.78077 -8.146195 1.791694 20.51531 1.791694 20.6459 1.688519 20.81556 1.794984 -7.921234 20.70718 -8.130389 20.81556 -8.079791 20.64595 20.81556 1.794984 20.6459 1.688519 20.64595 1.694269 20.51531 1.791694 20.6459 1.681663 20.6459 1.688519 -8.146195 1.791694 -7.921234 1.78077 -8.079791 1.694269 -8.06846 1.407182 -8.053696 1.405261 -7.867704 1.769929 20.81508 1.405261 20.82965 1.399278 21.01715 1.768023 -8.06846 1.407182 -7.870671 1.770038 -7.867255 1.768023 -7.868503 1.867301 -7.868489 1.875768 -8.006923 1.813471 -8.006923 20.97607 -7.868489 21.01539 -7.81062 20.86143 21.01836 1.879431 21.02841 1.764981 20.86143 1.756619 21.01836 1.879431 21.0745 1.75748 21.02841 1.764981 -8.062946 1.393372 -8.294731 1.587974 -8.296882 1.585861 -8.062946 1.393372 -8.052933 1.403824 -8.294731 1.587974 -8.052933 20.82047 -8.294934 20.815 -8.294731 20.81044 -8.060725 20.8333 -8.062946 20.81572 -8.296882 20.81222 -8.295353 1.681204 -8.295482 1.682985 -8.464546 1.598597 -8.118029 1.638017 -8.290868 1.498441 -8.464546 1.598597 -8.118029 20.77055 -8.307255 20.99417 -8.290868 20.81107 20.99417 1.626293 20.67608 1.598597 20.81285 1.483574 20.81107 1.498441 20.99417 1.626293 20.81275 1.511813 -8.066604 1.290955 -7.812293 1.586757 -7.814206 1.589339 -8.066604 1.290955 -8.052072 1.284402 -7.812293 1.586757 -8.057835 1.294505 -7.814206 1.589339 -7.810373 1.587733 -7.810614 1.718522 -7.775832 1.524226 -7.814534 1.5989 20.5956 1.718522 20.74993 1.585981 20.58032 1.524226 20.74993 1.585981 20.57848 1.5989 20.59707 1.466206 20.58032 1.524226 20.74993 1.585981 20.59755 1.480029 20.74993 1.585981 20.59707 1.466206 20.59755 1.480029 -8.068767 1.365019 -8.055934 1.368991 -8.093101 1.754141 20.83063 1.363552 20.99808 1.753655 20.99499 1.754806 -8.052214 1.363552 -8.068767 1.365019 -8.093101 1.754141 20.9964 1.890274 20.99641 1.858776 21.13108 1.756014 20.99641 1.858776 20.99637 1.865834 20.91218 1.858001 20.99637 1.865834 20.9964 1.890274 20.91218 1.858001 20.9964 1.890274 20.96088 1.697174 20.91218 1.858001 20.96088 1.697174 20.9964 1.890274 21.14596 1.697668 -8.142567 1.858001 -8.025503 1.697174 -8.096374 1.655868 -8.194205 21.13108 -8.090787 20.99644 -7.998018 21.14596 21.14596 1.697668 20.99644 1.624005 20.96088 1.697174 -8.05637 1.30087 -8.219422 1.87444 -8.22314 1.874365 20.83064 1.306725 20.61164 1.87563 20.60786 1.87444 -8.052997 1.306725 -8.068079 1.301491 -8.22314 1.874365 20.60995 1.997822 20.61008 2.013273 20.7479 1.874384 -8.220732 2.013273 -8.401723 1.888451 -8.111692 1.874384 -8.220732 2.013273 -8.219518 1.949185 -8.401723 1.888451 20.7479 1.874384 20.6099 1.744201 20.60995 1.778054 -9.244436 0.4029568 -9.23884 0.807692 -9.246247 0.8078031 -9.25898 0.4024481 -9.246713 0.8075767 -9.231509 0.4022452 22.33334 0.4029568 22.3585 0.8078031 22.35012 0.4024481 -9.247268 0.6315338 -9.252597 0.9382648 -9.254913 0.938479 -9.246206 0.6290597 -9.252597 0.9382648 -9.238263 0.6305553 22.34963 0.6315338 22.44458 0.9379206 22.36027 0.6290597 -9.232232 22.41571 -9.347701 22.35677 -9.254175 22.44343 22.44361 1.019601 22.35677 0.9594857 22.56105 0.9081768 -9.347701 22.35677 -9.23651 22.36398 -9.254404 22.44343 22.41571 0.9814205 22.56105 0.9081768 22.44347 0.8676348 22.56105 0.9081768 22.44343 0.856833 22.44347 0.8676348 -9.24412 0.6523675 -9.334273 0.9055612 -9.336678 0.9045306 -9.249705 0.6535855 -9.336448 0.9055247 -9.239146 0.6568957 22.35641 0.6535855 22.22313 0.9045306 22.2253 0.9055247 22.34962 0.6523675 22.22313 0.9045306 22.35641 0.6535855 -9.434686 0.9014769 -9.261955 0.8935658 -9.33544 0.9767649 -9.336495 0.94938 -9.330884 0.8980543 -9.434686 0.9014769 -9.330884 0.8980543 -9.336094 0.8457116 -9.434686 0.9014769 -9.238211 0.6603857 -9.152444 0.8629778 -9.246774 0.6638133 -9.238211 0.6603857 -9.152195 0.8627602 -9.150365 0.8621355 22.35977 0.6635762 22.36454 0.8629778 22.36727 0.8627602 -9.151638 22.36579 -9.150752 22.4386 -9.030666 22.33469 22.36585 0.931586 22.4386 0.9211383 22.36579 0.9407305 22.28022 0.8819724 22.34728 0.8097637 22.4386 0.9211383 -9.263119 0.8097637 -9.153063 0.7845893 -9.150752 0.9211383 -9.030666 0.8589228 -9.151682 0.785382 -9.209738 0.8819724 -9.239799 0.6452799 -9.413099 0.8727862 -9.415066 0.8721329 22.36033 0.6402777 22.45244 0.8727862 22.35299 0.6452799 22.4522 0.9325647 22.45217 0.9296958 22.53999 0.8944157 -9.414438 0.9296958 -9.388404 0.9419489 -9.527142 0.8581395 -9.414434 0.926251 -9.388404 0.9419489 -9.414438 0.9296958 -9.388404 22.44419 -9.49614 22.53999 -9.301385 22.50771 -9.388404 0.9419489 -9.301385 0.8539114 -9.414626 0.8249152 -9.49614 22.53999 -9.527142 22.4715 -9.301385 22.50771 -9.527142 0.8581395 -9.414434 0.798963 -9.414447 0.8021296 -9.527142 0.8581395 -9.414626 0.8249152 -9.414434 0.798963 -9.301385 0.8539114 -9.414447 0.8021296 -9.414626 0.8249152 -9.241252 0.6286436 -9.216708 0.803368 -9.218873 0.8034017 22.35985 0.6329095 22.25605 0.803368 22.35056 0.6286436 22.35395 0.6312903 22.25555 0.8034017 22.25794 0.8043871 -9.219065 0.8191819 -9.309709 0.7970318 -9.217818 0.8669729 -9.217818 22.25671 -9.309709 22.25137 -9.198299 22.40559 -9.219065 0.8191819 -9.214492 0.7901206 -9.218589 0.7336099 -9.309709 0.7970318 -9.218589 0.7336099 -9.217964 0.7458027 22.40559 0.7978512 22.25666 0.7458027 22.25622 0.7901206 -9.238484 0.7137176 -9.198187 0.7927888 -9.246775 0.7183026 -9.24688 22.35953 -9.198215 22.43948 -9.238484 22.3528 -9.24688 0.7117695 -9.200287 0.7922995 -9.198215 0.7911519 -9.246775 22.35206 -9.198187 22.43762 -9.200287 22.4393 22.43879 0.8469948 22.43932 0.8630318 22.54091 0.7880991 -9.198695 0.8605242 -9.208767 0.7719886 -9.198973 0.8630318 22.43879 0.8469948 22.54091 0.7880991 22.43887 0.8605242 22.43932 0.8630318 22.43649 0.7719886 22.54091 0.7880991 -9.198695 0.8605242 -9.202755 0.7869933 -9.208767 0.7719886 22.43887 0.8605242 22.4584 0.7800485 22.43652 0.7869933 22.54091 0.7880991 22.4584 0.7800485 22.43887 0.8605242 -9.247463 22.54091 -9.208767 22.43649 -9.182694 22.4584 -9.241365 0.5832549 -9.321363 0.8073227 -9.323261 0.8067244 22.36005 0.5847859 22.31692 0.8073227 22.34976 0.5832549 -9.322059 0.8786109 -9.322209 0.8952516 -9.236552 0.7645367 22.31723 0.8886504 22.39213 0.787452 22.31797 0.8952516 22.31723 0.8886504 22.31642 0.7390094 22.39213 0.787452 -9.323405 0.8886504 -9.322059 0.8786109 -9.323231 0.7390094 -9.386263 0.787452 -9.236552 0.7645367 -9.322209 0.8952516 -9.322059 0.8786109 -9.236552 0.7645367 -9.323231 0.7390094 -9.236552 0.7645367 -9.322546 0.7273562 -9.323231 0.7390094 22.39213 0.787452 22.31642 0.7390094 22.31772 0.726036 -9.239342 0.6297923 -9.153633 0.8472349 -9.248791 0.6328961 22.36043 0.6319098 22.31413 0.8481235 22.31212 0.8472349 22.35182 0.6328961 22.31202 0.8480201 22.31413 0.8481235 22.23827 0.8517199 22.41214 0.8434672 22.31281 0.917826 22.31256 0.9267882 22.41214 0.8434672 22.26605 0.8327355 -9.238642 0.8517199 -9.154842 0.7718922 -9.154894 0.7857665 -9.057245 0.8327355 -9.154819 0.7830024 -9.154842 0.7718922 -9.240999 0.7032333 -9.274718 0.9225261 -9.276926 0.922489 -9.241069 0.7010211 -9.276944 0.9219387 -9.274718 0.9225261 -9.249904 0.7008769 -9.276944 0.9219387 -9.241069 0.7010211 -9.240999 0.7032333 -9.276926 0.922489 -9.249904 0.7008769 -9.276191 0.9894257 -9.180618 0.9621051 -9.308361 0.9879732 -9.308361 0.9879732 -9.266837 0.8381309 -9.276389 1.007409 -9.180618 22.42836 -9.283853 22.31788 -9.308361 22.41754 -9.276389 1.007409 -9.266837 0.8381309 -9.180618 0.9621051 22.33334 0.4029568 22.35486 0.4022452 22.36234 0.807692 -9.231509 0.4022452 -9.246713 0.8075767 -9.23884 0.807692 22.35012 0.4024481 22.3585 0.8078031 22.3663 0.8075767 -9.247268 0.6315338 -9.238263 0.6305553 -9.252597 0.9382648 -9.246206 0.6290597 -9.255063 0.9379206 -9.252597 0.9382648 22.34963 0.6315338 22.44221 0.938479 22.44458 0.9379206 -9.254175 1.001731 -9.347701 0.9594857 -9.254379 1.019601 22.44361 1.019601 22.56105 0.9081768 22.41571 0.9814205 -9.232232 0.9814205 -9.23651 0.8744114 -9.347701 0.9594857 22.56105 0.9081768 22.35677 0.9594857 22.44343 0.856833 22.36398 0.8744114 22.41571 0.9814205 22.44347 0.8676348 22.34962 0.6523675 22.3568 0.6568957 22.22386 0.9055612 -9.239146 0.6568957 -9.336448 0.9055247 -9.334273 0.9055612 -9.33544 0.9767649 -9.336495 0.94938 -9.434686 0.9014769 22.22472 0.9767649 22.29352 0.8935658 22.2221 0.8980543 -9.261955 0.8935658 -9.434686 0.9014769 -9.334644 0.8377671 22.2221 0.8980543 22.29352 0.8935658 22.22458 0.8377671 -9.334644 0.8377671 -9.434686 0.9014769 -9.336094 0.8457116 -9.238211 0.6603857 -9.150365 0.8621355 -9.152444 0.8629778 -9.238211 0.6603857 -9.2473 0.6635762 -9.152195 0.8627602 22.35977 0.6635762 22.35001 0.6638133 22.36454 0.8629778 22.36585 0.931586 22.28022 0.8819724 22.4386 0.9211383 22.36585 0.931586 22.36586 0.9295134 22.28022 0.8819724 22.36586 0.9295134 22.36579 0.9407305 22.28022 0.8819724 -9.151638 22.36579 -9.030666 22.33469 -9.209738 22.28022 -9.030666 0.8589228 -9.150752 0.9211383 -9.153063 0.7845893 -9.153063 0.7845893 -9.263119 0.8097637 -9.151691 0.8015769 -9.263119 0.8097637 -9.151682 0.785382 -9.151691 0.8015769 -9.263119 0.8097637 -9.209738 0.8819724 -9.151682 0.785382 -9.030666 22.33469 -9.153063 22.36747 -9.151682 22.36584 -9.243912 0.6402777 -9.415187 0.8712815 -9.413099 0.8727862 -9.243912 22.36033 -9.249076 22.35312 -9.415187 22.45313 22.35312 0.6396358 22.45088 0.8721329 22.45313 0.8712815 -9.249076 0.6396358 -9.239799 0.6452799 -9.415066 0.8721329 22.45217 0.926251 22.4522 0.9325647 22.53999 0.8944157 -9.414434 22.45217 -9.49614 22.53999 -9.388404 22.44419 -9.49614 22.53999 -9.414438 22.45217 -9.527142 22.4715 -9.388404 0.9419489 -9.414626 0.8249152 -9.527142 0.8581395 -9.301385 0.8539114 -9.527142 0.8581395 -9.414447 0.8021296 22.35985 0.6329095 22.25794 0.8043871 22.25605 0.803368 -9.240802 0.6329095 -9.249937 0.6312903 -9.217923 0.8043871 -9.249937 0.6312903 -9.241252 0.6286436 -9.218873 0.8034017 -9.215031 0.8786783 -9.217818 0.8669729 -9.214492 0.7901206 22.25671 0.8669729 22.40559 0.7978512 22.25622 0.7901206 -9.219065 0.8191819 -9.215031 0.8786783 -9.214492 0.7901206 -9.309709 0.7970318 -9.219065 0.8191819 -9.218589 0.7336099 -9.198299 22.40559 -9.309709 22.25137 -9.217964 22.25666 22.3528 0.7137176 22.43948 0.7911519 22.43762 0.7927888 22.35953 0.7117695 22.35206 0.7183026 22.4393 0.7922995 22.36005 0.5847859 22.31917 0.8072143 22.31692 0.8073227 -9.240909 0.5847859 -9.249709 0.5815057 -9.322786 0.8072143 22.35448 0.5815057 22.31654 0.8067244 22.31917 0.8072143 -9.249709 0.5815057 -9.241365 0.5832549 -9.323261 0.8067244 -9.236552 0.7645367 -9.322534 0.726036 -9.322546 0.7273562 -9.236552 22.34569 -9.386263 22.39213 -9.322534 22.31772 22.3522 0.6297923 22.36043 0.6319098 22.31212 0.8472349 22.36043 0.6319098 22.35182 0.6328961 22.31413 0.8481235 -9.248791 0.6328961 -9.153633 0.8472349 -9.155991 0.8480201 22.31256 0.9267882 22.31281 0.917826 22.41214 0.8434672 -9.154869 0.917826 -9.15479 0.9051299 -9.238642 0.8517199 -9.15479 0.9051299 -9.153947 0.9267882 -9.238642 0.8517199 -9.153947 0.9267882 -9.057245 0.8327355 -9.238642 0.8517199 -9.057245 0.8327355 -9.154842 0.7718922 -9.238642 0.8517199 -9.238642 22.23827 -9.154894 22.31277 -9.192202 22.41214 22.41214 0.8434672 22.31277 0.7857665 22.31279 0.7830024 -9.057245 22.26605 -9.192202 22.41214 -9.154819 22.31279 22.3496 0.7032333 22.35975 0.7010211 22.41321 0.9225261 22.35557 0.7008769 22.41216 0.922489 22.4147 0.9219387 -9.276191 0.9894257 -9.276389 1.007409 -9.180618 0.9621051 -9.308361 0.9879732 -9.278084 0.8265768 -9.266837 0.8381309 22.41754 0.9879732 22.31788 0.8822911 22.41471 0.8265768 22.42836 0.9621051 22.41574 0.8381309 22.31788 0.8822911 -9.283853 22.31788 -9.266837 22.41574 -9.276238 22.41333 22.41471 0.8265768 22.31788 0.8822911 22.41333 0.8325557 -11.87215 0.08307695 -11.82366 0.9829358 -11.83808 0.9831828 -11.86544 0.08194596 -11.8274 0.9826794 -11.82564 0.0814949 22.15319 0.08307695 22.186 0.9831828 22.19428 0.08194596 -11.83908 0.5363398 -11.91723 1.274595 -11.92184 1.27365 22.18525 0.5341553 22.28944 1.274595 22.16782 0.5363398 -11.84866 0.5319922 -11.92184 1.27365 -11.91805 1.273658 -11.91916 1.417845 -11.74602 1.246102 -11.9189 1.419975 22.42493 1.246102 22.09186 1.2753 22.29161 1.394569 22.09186 1.2753 22.29158 1.133416 22.3737 1.286662 -12.11499 1.286662 -11.91902 1.118607 -11.74602 1.246102 -12.11499 1.286662 -11.91992 1.133416 -11.91902 1.118607 22.1803 0.6459906 21.86767 1.128106 22.16998 0.6357995 22.1803 0.6459906 21.87062 1.129635 21.86767 1.128106 21.86848 1.249089 21.86829 1.269469 22.00095 1.155947 21.86829 1.269469 21.88131 1.03538 22.00095 1.155947 22.00095 1.155947 21.88131 1.03538 21.86843 0.9922373 -11.83484 0.5587773 -11.67994 0.9362454 -11.85007 0.5615742 22.18439 0.5527385 22.28751 0.9340437 22.1688 0.5587773 22.18439 0.5527385 22.29125 0.9342266 22.28751 0.9340437 -11.67752 22.28863 -11.673 22.13565 -11.82991 22.17873 -11.82991 22.17873 -11.673 22.13565 -11.67815 22.29213 22.13565 0.9290028 22.28863 0.7863433 22.29213 0.846295 22.13565 0.9290028 22.28924 0.8292072 22.28863 0.7863433 -11.84734 0.6704453 -12.2197 0.9809994 -12.2219 0.9772687 -11.83946 22.18928 -12.21925 22.22546 -11.83565 22.17253 -11.83946 0.679936 -12.2219 0.9772687 -12.21925 0.9808202 -12.22029 1.133643 -12.47629 0.9651918 -12.09591 0.9534429 22.01372 0.9715129 22.2954 0.9651918 22.22339 1.160525 22.22342 1.159997 22.43976 0.9534429 22.01372 0.9715129 -12.47629 22.2954 -12.22683 22.01372 -12.22037 22.22321 -12.47629 0.9651918 -12.22037 0.8248141 -12.21927 0.8049081 22.01372 0.9715129 22.22279 0.8049081 22.22318 0.8001405 -11.83111 0.5250951 -11.71614 0.9280003 -11.84492 0.526743 22.18774 0.535388 22.00737 0.9289669 22.01089 0.9304554 22.00907 1.030327 22.18629 0.87691 22.00869 1.084988 22.00907 1.030327 21.96939 0.9252721 22.18629 0.87691 -11.71871 22.00907 -11.59349 21.84348 -11.81893 21.96939 22.00907 1.030327 22.00913 1.067879 21.84348 0.9499696 22.00913 1.067879 22.00869 1.084988 21.84348 0.9499696 22.00869 1.084988 22.18629 0.87691 21.84348 0.9499696 -11.59349 0.9499696 -11.71639 0.7818927 -11.81893 0.9252721 22.18629 0.87691 22.00964 0.7818927 21.84348 0.9499696 21.96939 0.9252721 22.00907 0.8184137 22.18629 0.87691 -11.81893 0.9252721 -11.71639 0.7818927 -11.7187 0.8186551 -11.84852 0.7572866 -11.84169 0.9911104 -11.84513 0.9896967 -11.84319 0.7465523 -11.84513 0.9896967 -11.8404 0.9884196 22.17212 0.7572866 22.32523 0.9896967 22.18707 0.7465523 -11.84036 1.120143 -11.85014 0.8684549 -11.84303 1.123488 22.32516 1.120143 22.32829 1.092157 22.32214 0.8648667 -11.84303 1.123488 -11.85014 0.8684549 -12.00918 0.9180838 -11.84289 1.092157 -12.00918 0.9180838 -11.84224 0.8648667 -11.82969 0.8046612 -11.97807 1.216989 -11.84374 0.7955308 -11.82969 0.8046612 -11.97874 1.218518 -11.97471 1.219275 22.18619 0.7998579 22.04406 1.216989 22.04898 1.218518 -12.17148 1.208137 -11.97753 1.142355 -11.97644 1.421078 -11.97769 1.423205 -11.76912 1.188563 -12.17148 1.208137 -11.97753 1.142355 -11.76912 1.188563 -11.97644 1.421078 -12.17148 1.208137 -11.76912 1.188563 -11.97782 1.024062 -11.76912 1.188563 -11.9772 1.048674 -11.97782 1.024062 -11.83507 0.5744308 -11.51153 1.132565 -11.8501 0.5847074 22.16863 0.5744308 22.18411 1.130201 22.17922 1.1301 -11.8501 0.5847074 -11.50812 1.130201 -11.83667 0.5754029 22.18147 1.27091 22.01119 1.091978 22.18179 1.299204 22.18147 1.27091 22.18107 1.291391 22.01119 1.091978 -11.50988 1.291391 -11.50978 1.299204 -11.30963 1.123161 -11.50978 1.299204 -11.62982 1.105874 -11.30963 1.123161 22.01119 1.091978 22.3979 1.105874 22.18179 1.299204 -11.30963 1.123161 -11.64143 1.091978 -11.50988 1.291391 22.3979 1.105874 22.01119 1.091978 22.18186 0.9675318 -11.30963 1.123161 -11.50928 0.9795471 -11.64143 1.091978 22.01119 1.091978 22.18127 0.9795471 22.18186 0.9675318 -11.30963 1.123161 -11.50921 1.011422 -11.50928 0.9795471 -11.30963 1.123161 -11.50938 0.9675318 -11.50921 1.011422 -11.83817 0.5950257 -11.97355 0.9230568 -11.97805 0.9206559 22.18815 0.5893068 22.27975 0.9207203 22.27583 0.9230568 -11.84963 0.5851348 -11.97571 0.9207203 -11.83613 0.5893068 -11.97557 22.27718 -11.96716 22.44444 -11.96113 22.27681 -11.97556 22.27718 -11.96113 22.27681 -12.13078 22.1643 22.1643 0.9572969 22.27666 0.7399863 22.44444 0.942718 22.27666 0.7399863 22.27841 0.7480519 22.44444 0.942718 22.44444 0.942718 22.27841 0.7480519 22.14649 0.8580706 -11.81041 0.8580706 -11.97557 0.7850199 -12.13078 0.9572969 -11.87215 0.08307695 -11.82564 0.0814949 -11.82366 0.9829358 22.1604 0.0814949 22.19603 0.9826794 22.17994 0.9829358 -11.86544 0.08194596 -11.83808 0.9831828 -11.8274 0.9826794 22.18525 0.5341553 22.29418 1.273658 22.28944 1.274595 -11.83211 0.5341553 -11.84866 0.5319922 -11.91805 1.273658 22.18603 0.5319922 22.16782 0.5363398 22.29161 1.27365 -11.91916 1.417845 -12.11499 1.286662 -11.74602 1.246102 -11.91906 1.394569 -11.9189 1.419975 -11.74602 1.246102 22.29153 1.417845 22.09186 1.2753 22.3737 1.286662 22.29153 1.417845 22.29161 1.394569 22.09186 1.2753 22.29158 1.133416 22.09186 1.2753 22.29168 1.151062 -11.88129 22.09186 -11.74602 22.42493 -11.91902 22.29168 -11.74602 1.246102 -11.91902 1.118607 -11.91902 1.151062 -11.84309 0.6357995 -11.91892 1.128106 -11.92408 1.127121 -11.82944 0.6459906 -11.84966 0.6452883 -11.92231 1.129635 22.18463 0.6452883 21.86766 1.127121 21.87062 1.129635 22.18463 0.6452883 22.16998 0.6357995 21.86766 1.127121 21.86829 1.269469 21.89237 1.132347 21.88131 1.03538 21.89237 1.132347 21.86848 1.249089 22.00095 1.155947 -11.91867 1.03538 -11.90625 1.132347 -11.89727 0.9906373 21.89237 1.132347 22.00095 1.155947 21.86843 0.9922373 -11.89727 0.9906373 -11.90625 1.132347 -11.92135 0.9922373 -11.83484 0.5587773 -11.67516 0.9340437 -11.67994 0.9362454 -11.83319 0.5527385 -11.85007 0.5615742 -11.67802 0.9342266 22.1829 0.5615742 22.28806 0.9362454 22.29125 0.9342266 -11.67751 1.073161 -11.82991 1.008508 -11.67681 1.066331 -11.67751 1.073161 -11.67752 1.061443 -11.82991 1.008508 22.28863 1.061443 22.29021 1.066331 22.13565 0.9290028 -11.82991 1.008508 -11.67815 0.846295 -11.67681 1.066331 22.29021 1.066331 22.28924 0.8292072 22.13565 0.9290028 -11.67681 1.066331 -11.67815 0.846295 -11.67421 0.8292072 -11.84734 0.6704453 -11.83565 0.6882705 -12.2197 0.9809994 -11.83565 22.17253 -12.21925 22.22546 -12.2197 22.22059 -11.83946 0.679936 -11.84734 0.6704453 -12.2219 0.9772687 22.22342 1.159997 22.01372 0.9715129 22.22339 1.160525 22.22342 1.159997 22.22323 1.133643 22.43976 0.9534429 -12.22029 1.133643 -12.2205 1.160525 -12.47629 0.9651918 22.43976 0.9534429 22.22279 0.8049081 22.01372 0.9715129 -12.09591 22.43976 -12.47629 22.2954 -12.21927 22.22279 22.01372 0.9715129 22.22318 0.8001405 22.22321 0.8248141 -11.84492 0.526743 -11.71614 0.9280003 -11.72083 0.9289669 22.17549 0.5250951 22.18774 0.535388 22.0088 0.9280003 -11.84361 0.535388 -11.72021 0.9304554 -11.71614 0.9280003 22.18774 0.535388 22.16898 0.526743 22.00737 0.9289669 22.00964 0.7818927 22.18629 0.87691 22.00907 0.8184137 -11.81893 0.9252721 -11.7187 0.8186551 -11.71871 0.8184137 -11.84852 0.7572866 -11.8319 0.7570566 -11.84169 0.9911104 22.17258 0.7570566 22.32704 0.9884196 22.3233 0.9911104 22.17258 0.7570566 22.18707 0.7465523 22.32704 0.9884196 -11.84303 1.123488 -12.00918 0.9180838 -11.84289 1.092157 22.32516 1.120143 22.32214 0.8648667 22.31 0.8684549 -11.84224 0.8648667 -12.00918 0.9180838 -11.84234 0.858289 -12.00918 22.43404 -11.85014 22.31 -11.84234 22.32548 -11.82969 0.8046612 -11.97471 1.219275 -11.97807 1.216989 -11.82969 0.8046612 -11.84878 0.7998579 -11.97874 1.218518 22.18619 0.7998579 22.16904 0.7955308 22.04406 1.216989 -11.97915 1.424354 -12.17148 1.208137 -11.97644 1.421078 22.04577 1.423205 22.04816 1.421078 22.04963 1.188563 -11.97769 1.423205 -12.17148 1.208137 -11.97915 1.424354 -12.17148 1.208137 -11.97782 1.024062 -11.97753 1.142355 -11.76912 1.188563 -11.97753 1.142355 -11.9772 1.048674 -11.83507 0.5744308 -11.50794 1.1301 -11.51153 1.132565 22.16863 0.5744308 22.18813 0.5754029 22.18411 1.130201 -11.8501 0.5847074 -11.51153 1.132565 -11.50812 1.130201 -11.62982 22.3979 -11.50938 22.18186 -11.30963 22.21747 22.16854 0.5950257 22.18815 0.5893068 22.27583 0.9230568 22.18199 0.5851348 22.27672 0.9206559 22.27975 0.9207203 22.18199 0.5851348 22.16854 0.5950257 22.27672 0.9206559 22.27718 1.069438 22.27718 1.072946 22.44444 0.942718 22.27718 1.072946 22.1643 0.9572969 22.44444 0.942718 22.14649 0.8580706 22.27681 1.072917 22.44444 0.942718 -12.13078 0.9572969 -11.96113 1.072917 -11.81041 0.8580706 -11.97788 0.7399863 -12.13078 0.9572969 -11.97557 0.7850199 -11.81041 0.8580706 -11.97574 0.7480519 -11.97557 0.7850199 22.00178 0.4750881 22.02836 0.9400327 22.02083 0.9401604 22.00644 0.4745038 22.02679 0.9399003 22.02679 0.4742707 -9.197711 0.4750881 -9.21432 0.9401604 -9.219457 0.4745038 22.01346 0.7073343 22.05553 0.9931421 22.05311 0.9939703 -9.21572 0.7095712 -9.081618 0.9931421 -9.206304 0.7049411 22.02177 0.7095712 22.05311 0.9939703 22.05518 0.9943053 -9.082718 1.08664 -9.202426 1.010538 -9.08273 1.088233 -9.082718 22.05461 -8.99333 22.07589 -9.053154 21.92564 22.12359 1.010538 21.92564 1.006179 22.05448 0.8998985 22.07589 1.025573 22.05451 0.88789 21.92564 1.006179 -9.202426 1.010538 -9.082977 0.8998985 -8.99333 1.025573 -8.99333 1.025573 -9.082722 0.9147147 -9.082693 0.88789 22.02422 0.7060028 22.06019 1.033943 22.0136 0.7065993 22.02422 0.7060028 22.06284 1.033567 22.06019 1.033943 -9.215867 0.7038849 -9.31448 1.033067 -9.207134 0.7060028 -9.215867 0.7038849 -9.312622 1.033943 -9.31448 1.033067 22.06325 1.132081 21.97962 1.013954 22.11789 0.9550608 22.06267 1.080399 22.06148 0.9497175 22.05936 1.097543 22.06325 1.132081 22.11789 0.9550608 22.06267 1.080399 -9.311779 1.097543 -9.312421 0.9497175 -9.413249 1.013954 22.06267 1.080399 22.11789 0.9550608 22.06148 0.9497175 22.11789 0.9550608 22.06149 0.9660604 22.06148 0.9497175 22.11789 0.9550608 22.06144 0.9482024 22.06149 0.9660604 -9.413249 21.97962 -9.31317 22.06144 -9.353528 22.11789 -9.413249 1.013954 -9.312421 0.9497175 -9.31317 0.9482024 22.02343 0.7528461 21.85409 0.9630661 22.01765 0.7458012 22.02343 0.7528461 21.8539 0.963868 21.85567 0.9648109 22.01489 0.7463484 21.8539 0.963868 22.02343 0.7528461 -9.213362 0.7463484 -9.136173 0.9630661 -9.138819 0.963868 21.85455 1.036263 21.95758 0.9825684 21.85455 1.041027 -9.137479 21.85455 -9.151716 21.73053 -9.253895 21.82666 21.85458 1.032917 21.73053 0.9748694 21.85455 1.036263 -9.137465 21.85458 -9.017046 21.84904 -9.151716 21.73053 21.85455 1.041027 21.95758 0.9825684 21.85458 1.032917 -9.137479 21.85455 -9.253895 21.82666 -9.213561 21.95758 -9.137465 21.85458 -9.213561 21.95758 -9.017046 21.84904 -9.213561 0.9825684 -9.069307 0.8904315 -9.017046 0.9811469 -9.151716 21.73053 -9.137458 21.85453 -9.253895 21.82666 -9.069307 0.8904315 -9.13744 0.8964054 -9.137458 0.8931466 -9.069307 0.8904315 -9.137458 0.9017133 -9.13744 0.8964054 -9.213615 0.7934305 -9.183231 0.9352094 -9.180675 0.9346775 22.01468 0.7977945 22.08481 0.9352094 22.02375 0.7934305 22.07977 0.9782635 22.08762 1.00694 22.19345 0.9374302 22.08762 1.00694 22.07725 0.8756686 22.19345 0.9374302 -9.186246 1.00694 -9.138289 0.9263046 -9.186502 0.8756686 22.19345 0.9374302 22.07725 0.8756686 22.08413 0.8635268 22.03922 0.9263046 22.08413 0.8635268 22.0841 0.8811466 22.02435 0.7620761 21.95001 1.04386 22.016 0.7611536 -9.208429 0.7620761 -9.3266 1.04279 -9.324199 1.04386 -9.20544 0.7611536 -9.324833 1.042997 -9.215654 0.757459 -9.325262 1.103631 -9.325349 1.11291 -9.409591 1.014525 -9.325229 21.94922 -9.268746 22.0443 -9.235238 21.86802 21.94929 1.103631 22.0443 1.057849 21.94922 1.104277 -9.325349 1.11291 -9.235238 1.061537 -9.409591 1.014525 -9.235238 1.061537 -9.32518 0.9754222 -9.409591 1.014525 22.0443 1.057849 21.94904 0.9754222 21.86802 1.061537 21.94958 0.9627666 21.94904 0.9754222 22.0443 1.057849 -9.213585 0.6938162 -9.103247 0.9641217 -9.204888 0.6895312 22.02374 0.6938162 21.98672 0.9642514 21.98913 0.9641217 -9.204888 0.6895312 -9.104258 0.9642514 -9.214629 0.6932361 21.9877 1.037889 22.10036 0.9634135 21.9877 1.047213 21.9877 1.037889 21.87702 0.9640212 22.10036 0.9634135 21.98771 1.048831 21.9877 1.047213 21.87702 0.9640212 -9.153763 0.9634135 -8.958515 0.9425635 -9.103056 1.047213 22.10036 0.9634135 21.98771 0.8670379 21.98767 0.8761344 22.10036 0.9634135 21.98771 0.8858037 21.98771 0.8670379 21.87702 0.9640212 21.98767 0.8761344 21.98771 0.8858037 22.02258 0.8047396 22.09263 0.9691082 22.09091 0.9700913 -9.213351 0.801987 -9.256941 0.9691082 -9.205645 0.8047396 22.09138 1.037569 22.16434 0.9559347 22.09613 1.038603 22.09613 1.038603 22.09616 0.9354768 22.08857 0.9841893 22.09613 1.038603 22.16434 0.9559347 22.09616 0.9354768 22.08857 0.9841893 22.09616 0.9354768 22.09123 0.8948552 -9.272392 22.16434 -9.257909 22.09123 -9.257578 22.09138 22.02148 0.7407264 21.84726 1.094392 22.0139 0.7364305 -9.215322 0.740512 -9.232164 1.095735 -9.204943 0.7407264 22.0139 0.7364305 21.84855 1.094941 22.02241 0.740512 21.84854 1.180165 21.74125 1.094675 21.84266 1.164518 21.84861 1.170186 21.93251 1.074741 21.74125 1.094675 21.84266 1.164518 21.93251 1.074741 21.84861 1.170186 21.74125 1.094675 21.84721 1.019844 21.84266 1.164518 21.93251 1.074741 21.84869 1.023112 21.74125 1.094675 -9.215872 21.74125 -9.232405 21.84862 -9.234844 21.84721 21.84721 1.019844 21.84869 1.023112 21.93251 1.074741 22.02476 0.8267383 22.11856 1.034399 22.01455 0.8292024 -9.210873 0.8267383 -9.076017 1.035742 -9.073952 1.034399 -9.215192 0.8325688 -9.076017 1.035742 -9.210873 0.8267383 22.01937 0.8325688 22.11646 1.035893 22.11878 1.035742 22.11786 1.153919 22.16621 1.094492 22.0915 1.028538 22.11675 1.066958 22.1178 0.9236752 22.16621 1.094492 -9.020665 1.028538 -9.075013 0.9236752 -9.078624 1.066958 22.00178 0.4750881 22.02679 0.4742707 22.02836 0.9400327 -9.200328 0.4742707 -9.219392 0.9399003 -9.210705 0.9400327 22.00644 0.4745038 22.02083 0.9401604 22.02679 0.9399003 22.01346 0.7073343 22.02266 0.7049411 22.05553 0.9931421 -9.21572 0.7095712 -9.083952 0.9943053 -9.081618 0.9931421 22.02177 0.7095712 22.01346 0.7073343 22.05311 0.9939703 22.05461 1.08664 21.92564 1.006179 22.12359 1.010538 -9.082718 1.08664 -9.082724 1.078121 -8.99333 1.025573 -9.082724 1.078121 -9.08273 1.088233 -8.99333 1.025573 -9.08273 1.088233 -9.202426 1.010538 -8.99333 1.025573 22.05448 0.8998985 21.92564 1.006179 22.05451 0.88789 -8.99333 1.025573 -9.082977 0.8998985 -9.082722 0.9147147 -9.207134 0.7060028 -9.31448 1.033067 -9.312664 1.033567 -9.215867 0.7038849 -9.209758 0.7065993 -9.312622 1.033943 -9.311779 1.097543 -9.413249 1.013954 -9.314981 1.132081 22.02343 0.7528461 21.85567 0.9648109 21.85409 0.9630661 -9.213362 0.7463484 -9.205658 0.7458012 -9.136173 0.9630661 -9.017046 21.84904 -9.069307 21.91353 -9.151716 21.73053 -9.213561 21.95758 -9.253895 21.82666 -9.069307 21.91353 -9.253895 0.9609507 -9.137458 0.8931466 -9.137458 0.9017133 -9.151716 21.73053 -9.069307 21.91353 -9.137458 21.85453 -9.069307 21.91353 -9.253895 21.82666 -9.137458 21.85454 22.01717 0.7947901 22.08475 0.9346775 22.08275 0.9358528 -9.204729 0.7947901 -9.213615 0.7934305 -9.180675 0.9346775 22.01468 0.7977945 22.08275 0.9358528 22.08481 0.9352094 -9.212751 0.7977945 -9.204729 0.7947901 -9.181509 0.9358528 22.07977 0.9782635 22.19345 0.9374302 22.08413 0.8635268 22.07725 0.8756686 22.03922 0.9263046 22.0841 0.8811466 22.03922 0.9263046 22.07977 0.9782635 22.08413 0.8635268 22.016 0.7611536 21.95001 1.04386 21.9478 1.042997 -9.208429 0.7620761 -9.215654 0.757459 -9.3266 1.04279 22.0189 0.757459 21.9478 1.042997 21.94991 1.04279 -9.325349 1.11291 -9.325229 1.104277 -9.235238 1.061537 -9.325262 21.94929 -9.409591 21.97786 -9.268746 22.0443 -9.268746 1.057849 -9.409591 1.014525 -9.325032 0.9627666 -9.325032 0.9627666 -9.409591 1.014525 -9.325239 0.9877947 -9.409591 1.014525 -9.32518 0.9754222 -9.325239 0.9877947 22.01912 0.6895312 21.98913 0.9641217 21.98737 0.9632686 22.02374 0.6938162 22.01563 0.6932361 21.98672 0.9642514 -9.204888 0.6895312 -9.101747 0.9632686 -9.104258 0.9642514 21.9877 1.037889 21.98771 1.048831 21.87702 0.9640212 -9.13341 21.87702 -9.103056 21.9877 -8.958515 22.00185 -9.13341 21.87702 -8.958515 22.00185 -9.103058 21.98767 -8.958515 22.00185 -9.153763 22.10036 -9.103058 21.98767 22.10036 0.9634135 21.87702 0.9640212 21.98771 0.8858037 22.01394 0.8068186 22.02258 0.8047396 22.09091 0.9700913 -9.213351 0.801987 -9.258977 0.969273 -9.256941 0.9691082 22.02342 0.801987 22.01394 0.8068186 22.09092 0.969273 -9.212004 0.8068186 -9.256366 0.9700913 -9.258977 0.969273 22.09138 1.037569 22.08857 0.9841893 22.16434 0.9559347 22.16434 0.9559347 22.08857 0.9841893 22.09123 0.8948552 22.09616 0.9354768 22.16434 0.9559347 22.09138 0.8946281 22.02148 0.7407264 21.84986 1.095735 21.84726 1.094392 -9.215322 0.740512 -9.234018 1.094941 -9.232164 1.095735 -9.210777 0.7364305 -9.232278 1.094392 -9.234018 1.094941 21.84854 1.180165 21.84861 1.170186 21.74125 1.094675 21.84266 1.164518 21.84721 1.019844 21.93251 1.074741 21.74125 1.094675 21.84869 1.023112 21.84862 1.017349 22.01455 0.8292024 22.11856 1.034399 22.11646 1.035893 -9.215192 0.8325688 -9.206959 0.8292024 -9.074536 1.035893 -9.078624 1.066958 -9.074784 1.153919 -9.020665 1.028538 22.11786 1.153919 22.11801 1.137522 22.16621 1.094492 22.11801 1.137522 22.11675 1.066958 22.16621 1.094492 -9.020665 1.028538 -9.07964 1.094492 -9.074499 0.9282442 -9.020665 1.028538 -9.074499 0.9282442 -9.075013 0.9236752 -9.066611 0.6991309 -9.037967 1.516579 -9.054321 1.516804 -9.083557 0.6981035 -9.050335 1.516346 -9.028818 0.6976937 20.66772 0.6991309 20.71628 1.516804 20.70842 0.6981035 -9.041221 1.198533 -8.857721 1.717033 -9.061854 1.20529 -9.054383 1.199186 -8.85933 1.716636 -8.854134 1.715232 20.70247 1.20529 20.84514 1.716636 20.71912 1.199186 20.70247 1.20529 20.84105 1.717033 20.84514 1.716636 -8.83839 1.852414 -8.973176 1.683426 -8.859022 1.866798 -8.853298 1.851114 -8.854172 1.562065 -8.83839 1.852414 -8.83839 1.852414 -8.854172 1.562065 -8.857194 1.579761 20.98299 1.683426 20.84363 1.577966 20.84382 1.562065 -9.053079 20.69616 -9.387381 20.73032 -9.388993 20.72631 -9.055647 1.287867 -9.387381 1.424562 -9.048135 1.305296 -9.055647 20.71578 -9.388993 20.72631 -9.38928 20.73094 20.72867 1.58662 20.90661 1.463812 20.73146 1.604197 -9.388355 1.595659 -9.390081 1.604197 -9.197511 1.42871 -9.390081 1.604197 -9.516934 1.463812 -9.197511 1.42871 20.72862 1.595659 20.81985 1.42871 20.52472 1.437359 20.72867 1.58662 20.52472 1.437359 20.90661 1.463812 -9.232552 20.64702 -9.448292 20.7562 -9.426985 20.52472 -9.232552 20.64702 -9.197511 20.81985 -9.388469 20.7289 -9.448292 1.266711 -9.388469 1.25976 -9.388598 1.267004 -9.197511 1.42871 -9.388533 1.280566 -9.388469 1.25976 -9.042614 20.7137 -8.801513 20.40665 -9.051727 20.6999 -9.058946 20.7115 -8.804886 20.40796 -8.800487 20.41041 20.6999 1.18819 20.40796 1.47471 20.7115 1.204255 -8.802305 20.40829 -8.735654 20.23388 -9.081319 20.30937 -9.081319 20.30937 -8.774239 20.5633 -8.802333 20.40835 -8.774239 1.492466 -9.081319 1.504225 -8.796002 1.317862 20.5633 1.492466 20.42291 1.317862 20.40813 1.326795 -8.735654 20.23388 -8.80239 20.40821 -9.081319 20.30937 20.5633 1.492466 20.40813 1.326795 20.23388 1.462478 20.23388 1.462478 20.40813 1.326795 20.40821 1.355039 20.71619 1.157193 21.08876 1.486373 20.7062 1.167034 20.71619 1.157193 21.08631 1.488826 21.08876 1.486373 21.08642 1.685946 21.09071 1.562076 20.91584 1.484646 21.09152 1.608951 21.13641 1.30539 21.09071 1.562076 21.09152 1.608951 20.91584 1.484646 21.13641 1.30539 20.91584 1.484646 21.09071 1.562076 21.08654 1.309343 21.08716 1.296768 21.08654 1.309343 21.09071 1.562076 -9.05012 1.244685 -9.302447 1.725231 -9.306176 1.724016 20.7138 1.255298 20.43092 1.725231 20.69773 1.244685 20.43317 1.832048 20.64506 1.705022 20.43311 1.874375 20.43317 1.832048 20.43384 1.855612 20.64506 1.705022 20.43384 1.855612 20.43458 1.677276 20.64506 1.705022 20.64506 1.705022 20.42947 1.648681 20.43311 1.874375 -9.305943 1.855612 -9.312776 1.655638 -9.304938 1.677276 20.64506 1.705022 20.43458 1.677276 20.42947 1.648681 20.69906 1.202536 20.71513 1.742532 20.71089 1.743863 20.71882 1.20353 20.71513 1.742532 20.69906 1.202536 -9.048584 1.20353 -8.801942 1.744115 -8.797936 1.742532 20.7136 1.916838 20.89993 1.718024 20.71318 1.949936 -8.836773 1.85782 -8.638196 1.718024 -8.800265 1.916838 20.71318 1.949936 20.89993 1.718024 20.47182 1.721391 -8.836773 1.85782 -8.803798 1.551948 -8.638196 1.718024 20.47182 1.721391 20.71217 1.549773 20.7135 1.579201 20.71672 1.115881 20.93719 1.7519 20.69676 1.118378 -9.043451 1.115881 -9.363949 1.749796 -9.359647 1.7519 20.69676 1.118378 20.9341 1.750988 20.7106 1.110006 21.12948 1.826047 20.93353 1.845749 20.93642 1.903711 -9.556246 1.733963 -9.362264 1.635962 -9.366951 1.604613 -9.044391 1.205597 -9.004525 1.578397 -9.009474 1.577467 20.71722 1.217749 20.38814 1.578397 20.70208 1.205597 -9.053784 1.217749 -9.009445 1.579804 -9.004525 1.578397 20.70521 1.209938 20.38934 1.579804 20.71722 1.217749 -9.007361 20.38782 -8.918747 20.11906 -9.223957 20.29594 20.38782 1.731334 20.38715 1.736526 20.11906 1.550231 20.61362 1.490181 20.11906 1.550231 20.38715 1.736526 20.61297 1.657572 20.29594 1.564786 20.61362 1.490181 20.61362 1.490181 20.38794 1.407944 20.38786 1.428167 20.61362 1.490181 20.38786 1.428167 20.38781 1.404109 20.71911 1.075773 21.00294 1.726688 20.70373 1.078716 20.7012 1.084697 21.00211 1.728162 20.71911 1.075773 20.7012 1.084697 20.99814 1.728841 21.00211 1.728162 21.00102 1.86278 20.89466 1.874816 21.00103 1.863671 -8.858858 1.908908 -8.9114 1.677295 -8.735962 1.715758 -8.735962 1.715758 -8.85235 1.605071 -8.887572 1.874816 -8.735962 1.715758 -8.9114 1.677295 -8.855697 1.568388 -9.066611 0.6991309 -9.028818 0.6976937 -9.037967 1.516579 20.70021 0.6976937 20.73127 1.516346 20.71889 1.516579 20.70842 0.6981035 20.71628 1.516804 20.73127 1.516346 -9.041221 1.198533 -8.854134 1.715232 -8.857721 1.717033 20.70311 1.198533 20.71912 1.199186 20.84393 1.715232 -8.859022 1.866798 -8.973176 1.683426 -8.853298 1.851114 20.83164 1.852414 20.84138 1.579761 20.98299 1.683426 20.84437 1.851114 20.98299 1.683426 20.84382 1.562065 20.98299 1.683426 20.84138 1.579761 20.84363 1.577966 -9.053079 20.69616 -9.048135 20.71224 -9.387381 20.73032 -9.055647 1.287867 -9.38928 1.420174 -9.387381 1.424562 -9.055647 20.71578 -9.053079 20.69616 -9.388993 20.72631 20.72867 1.58662 20.72862 1.595659 20.52472 1.437359 20.81985 1.42871 20.64702 1.33095 20.52472 1.437359 -9.516934 1.463812 -9.448292 1.266711 -9.197511 1.42871 20.90661 1.463812 20.52472 1.437359 20.7562 1.266711 -9.197511 20.81985 -9.448292 20.7562 -9.388533 20.72919 -9.448292 1.266711 -9.388598 1.267004 -9.388533 1.280566 -9.448292 1.266711 -9.232552 1.33095 -9.388469 1.25976 20.7137 1.19388 20.41041 1.47359 20.40665 1.470934 -9.042614 1.19388 -9.058946 1.204255 -8.800487 1.47359 -9.051727 1.18819 -8.801513 1.470934 -8.804886 1.47471 20.40832 1.598632 20.40835 1.618043 20.5633 1.492466 -8.802333 1.618043 -8.802305 1.589051 -9.081319 1.504225 20.40829 1.589051 20.40832 1.598632 20.23388 1.462478 20.40832 1.598632 20.5633 1.492466 20.23388 1.462478 -9.081319 1.504225 -8.80239 1.355039 -8.796002 1.317862 -9.059389 20.70149 -9.041276 20.7062 -9.049824 21.08501 20.7062 1.167034 21.08876 1.486373 21.08501 1.490098 20.71619 1.157193 20.70149 1.171773 21.08631 1.488826 -9.059389 20.70149 -9.049824 21.08501 -9.053808 21.08631 21.08642 1.685946 20.91584 1.484646 21.09152 1.608951 21.09071 1.562076 21.13641 1.30539 21.08716 1.296768 21.13641 1.30539 20.91584 1.484646 21.08654 1.309343 20.7138 1.255298 20.43568 1.726882 20.43092 1.725231 -9.043901 1.255298 -9.063173 1.24584 -9.303918 1.726882 20.71205 1.24584 20.43186 1.724016 20.43568 1.726882 20.71205 1.24584 20.69773 1.244685 20.43186 1.724016 -9.305943 1.855612 -9.29801 1.874375 -9.312776 1.655638 -9.312776 1.655638 -9.29801 1.874375 -9.298935 1.648681 -9.048584 1.20353 -9.063045 1.20931 -8.801942 1.744115 20.71086 1.20931 20.71089 1.743863 20.71583 1.744115 -9.063045 1.20931 -9.045737 1.202536 -8.801222 1.743863 20.71318 1.949936 20.47182 1.721391 20.75596 1.85782 20.89993 1.718024 20.71217 1.549773 20.47182 1.721391 20.75596 1.85782 20.47182 1.721391 20.71445 1.551948 20.71445 1.551948 20.47182 1.721391 20.7135 1.579201 -8.798446 20.71217 -8.638196 20.89993 -8.803798 20.71445 -9.052087 1.118378 -9.359647 1.7519 -9.364154 1.750988 -9.043451 1.115881 -9.062211 1.110006 -9.363949 1.749796 20.7106 1.110006 20.9341 1.750988 20.93832 1.749796 -9.359756 1.845749 -9.556246 1.733963 -9.362529 1.893772 20.93642 1.903711 20.93646 1.893772 21.12948 1.826047 20.93646 1.893772 20.8413 1.733963 21.12948 1.826047 -9.556246 1.733963 -9.359756 1.845749 -9.357064 1.621461 -9.315465 1.826047 -9.556246 1.733963 -9.366951 1.604613 20.93353 1.845749 20.95476 1.604613 20.9211 1.621461 20.93353 1.845749 21.12948 1.826047 20.95476 1.604613 -9.556246 20.8413 -9.357064 20.9211 -9.362264 20.93643 20.70521 1.209938 20.38617 1.577467 20.38934 1.579804 -9.063548 1.209938 -9.044391 1.205597 -9.009474 1.577467 -9.007556 1.744928 -9.007361 1.731334 -9.223957 1.564786 20.38715 1.736526 20.38797 1.744928 20.61297 1.657572 -9.007556 20.38797 -9.223957 20.29594 -9.019093 20.61297 20.61297 1.657572 20.61362 1.490181 20.38715 1.736526 20.61362 1.490181 20.29594 1.564786 20.38794 1.407944 -9.223957 20.29594 -8.918747 20.11906 -9.007644 20.38794 20.11906 1.550231 20.38781 1.404109 20.38794 1.407944 20.11906 1.550231 20.61362 1.490181 20.38781 1.404109 -9.06139 1.084697 -9.041859 1.078716 -8.85515 1.728841 20.70373 1.078716 21.00294 1.726688 20.99814 1.728841 -9.053284 1.075773 -8.858413 1.728162 -8.853906 1.726688 21.00103 1.863671 20.89466 1.874816 21.00386 1.908908 21.00102 1.86278 21.05637 1.715758 20.89466 1.874816 -8.855754 1.86278 -8.858858 1.908908 -8.735962 1.715758 20.89466 1.874816 21.01762 1.677295 21.00386 1.908908 -8.887572 1.874816 -8.85235 1.605071 -8.9114 1.677295 -8.85235 1.605071 -8.735962 1.715758 -8.855697 1.568388 22.8602 0.4006426 22.81517 1.042134 22.82765 1.04231 22.85154 0.3998364 22.81747 1.041951 22.81821 0.3995148 -8.826623 0.4006426 -8.799547 1.04231 -8.790383 0.3998364 22.82972 0.7237646 22.89159 1.250052 22.89557 1.249378 -8.800601 0.7222073 -8.702061 1.250052 -8.815715 0.7237646 22.83709 0.7206653 22.89557 1.249378 22.89202 1.249384 22.89319 1.352172 22.72994 1.22974 22.89295 1.353691 -8.592215 22.72994 -8.880784 22.87234 -8.700002 22.89309 -8.880784 22.87234 -8.699971 22.89386 -8.61399 23.06267 23.06267 1.258654 22.89305 1.138851 22.72994 1.22974 23.06267 1.258654 22.89386 1.149409 22.89305 1.138851 22.82031 0.8019325 22.9205 1.145623 22.83317 0.7946675 -8.805199 0.8019325 -9.075639 1.146713 -9.078495 1.145623 -9.07761 1.231869 -9.077749 1.246398 -8.954683 1.16547 -9.077749 1.246398 -9.066333 1.07952 -8.954683 1.16547 -8.954683 1.16547 -9.066333 1.07952 -9.077659 1.048765 22.82588 0.7397598 22.67984 1.008849 22.83856 0.7417537 -8.801304 0.7354549 -8.719509 1.00728 -8.815118 0.7397598 -8.801304 0.7354549 -8.715985 1.00741 -8.719509 1.00728 -8.71835 22.67764 -8.855223 22.68354 -8.806569 22.82083 -8.806569 22.82083 -8.855223 22.68354 -8.715183 22.67798 -8.855223 1.003686 -8.718354 0.9019871 -8.715183 0.9447254 -8.855223 1.003686 -8.718028 0.9325439 -8.718354 0.9019871 22.83647 0.8193657 23.16611 1.040753 23.16786 1.038094 -8.796527 22.82867 -8.739558 23.16538 -8.811734 22.82636 22.82867 0.8261314 23.16786 1.038094 23.16538 1.040626 -8.741482 23.16646 -8.66042 23.39032 -8.556255 23.04135 -8.928099 23.18591 -8.66042 23.39032 -8.741322 23.16664 -8.741329 1.168357 -8.556255 1.021109 -8.928099 1.033991 -8.66042 23.39032 -8.928099 23.18591 -8.741494 23.16653 23.39032 1.029485 23.16653 0.9294121 23.16557 0.9152216 -8.928099 1.033991 -8.741941 0.9152216 -8.741521 0.9118228 22.82212 0.7157485 22.7303 1.002971 22.83487 0.7169232 -8.797636 0.7230861 -8.966637 1.003661 -8.963535 1.004722 -8.965262 1.075918 -8.804733 0.9665503 -8.965715 1.114885 -8.965262 22.73258 -8.994179 22.82462 -8.804733 22.75278 -8.965262 22.73258 -9.121228 22.63154 -8.994179 22.82462 -8.965262 1.075918 -8.965232 1.102688 -9.121228 1.018633 -8.965232 1.102688 -8.965715 1.114885 -9.121228 1.018633 -8.965715 1.114885 -8.804733 0.9665503 -9.121228 1.018633 22.63154 1.018633 22.73047 0.8988144 22.82462 1.001027 -8.804733 0.9665503 -8.964898 0.8988144 -9.121228 1.018633 -8.994179 22.82462 -8.96526 22.73258 -8.804733 22.75278 22.82462 1.001027 22.73047 0.8988144 22.73257 0.9250215 22.83787 0.8812731 22.82196 1.047961 22.8249 1.046954 22.83214 0.8736209 22.8249 1.046954 22.82056 1.046043 -8.811262 0.8812731 -8.674793 1.046954 -8.798265 0.8736209 22.82065 1.139946 22.83036 0.9605228 22.82313 1.142331 -8.675166 1.139946 -8.672203 1.119996 -8.677738 0.9579648 22.82313 1.142331 22.83036 0.9605228 22.96429 0.9959022 22.82271 1.119996 22.96429 0.9959022 22.82252 0.9579648 22.82057 0.9150455 22.96185 1.208986 22.83381 0.9085367 22.82057 0.9150455 22.96213 1.210075 22.95867 1.210616 -8.798683 0.9116214 -8.917174 1.208986 -8.912737 1.210075 23.14178 1.202675 22.96103 1.15578 22.96013 1.354477 22.9614 1.355993 22.77494 1.188721 23.14178 1.202675 22.96103 1.15578 22.77494 1.188721 22.96013 1.354477 23.14178 1.202675 22.77494 1.188721 22.96144 1.071452 22.77494 1.188721 22.9609 1.088998 22.96144 1.071452 22.82609 0.7509189 22.53645 1.148801 22.83882 0.7582449 -8.815248 0.7509189 -8.822667 1.147116 -8.827045 1.147045 22.83882 0.7582449 22.5332 1.147116 22.82626 0.7516119 -8.824957 1.247425 -8.968391 1.119868 -8.824629 1.267595 -8.824957 1.247425 -8.82527 1.262026 -8.968391 1.119868 22.53496 1.262026 22.53483 1.267595 22.35382 1.142098 -8.824629 22.53483 -8.623894 22.62796 -8.805781 22.35382 -8.968391 1.119868 -8.623894 1.129774 -8.824629 1.267595 22.35382 1.142098 22.66345 1.119868 22.53496 1.262026 -8.623894 22.62796 -8.968391 22.66345 -8.824599 22.53447 22.35382 1.142098 22.53441 1.039718 22.66345 1.119868 -8.968391 1.119868 -8.825132 1.039718 -8.824599 1.031153 22.35382 1.142098 22.53434 1.062441 22.53441 1.039718 22.35382 1.142098 22.53447 1.031153 22.53434 1.062441 22.82887 0.7656006 22.94276 0.9994474 22.94672 0.9977358 -8.797755 0.7615237 -8.706909 0.9977817 -8.710553 0.9994474 22.83822 0.7585496 22.94443 0.9977817 22.82577 0.7615237 -8.709213 22.94447 -8.560433 22.9261 -8.710485 22.93161 -8.709214 22.94446 -8.710485 22.93161 -8.799911 23.09038 -8.799911 1.023856 -8.709529 0.8689401 -8.560433 1.013463 -8.709529 0.8689401 -8.708101 0.8746899 -8.560433 1.013463 -8.560433 1.013463 -8.708101 0.8746899 -8.836614 0.95312 -8.836614 22.80552 -8.709228 22.94448 -8.799911 23.09038 22.8602 0.4006426 22.81821 0.3995148 22.81517 1.042134 -8.823213 0.3995148 -8.791284 1.041951 -8.805895 1.042134 22.85154 0.3998364 22.82765 1.04231 22.81747 1.041951 -8.800601 0.7222073 -8.69777 1.249384 -8.702061 1.250052 22.82237 0.7222073 22.83709 0.7206653 22.89202 1.249384 -8.798831 0.7206653 -8.815715 0.7237646 -8.699824 1.249378 22.89319 1.352172 23.06267 1.258654 22.72994 1.22974 22.89309 1.335579 22.89295 1.353691 22.72994 1.22974 -8.700068 22.89319 -8.880784 22.87234 -8.61399 23.06267 -8.700068 1.352172 -8.700002 1.335579 -8.880784 1.250554 -8.699971 1.149409 -8.880784 1.250554 -8.699944 1.161988 -8.880784 22.87234 -8.592215 22.72994 -8.699944 22.89305 22.72994 1.22974 22.89305 1.138851 22.89305 1.161988 22.83317 0.7946675 22.9205 1.145623 22.92511 1.144921 22.82031 0.8019325 22.83808 0.8014318 22.92334 1.146713 -8.80002 0.8014318 -9.078167 1.144921 -9.075639 1.146713 -8.80002 0.8014318 -8.813524 0.7946675 -9.078167 1.144921 -9.077749 1.246398 -9.057264 1.148646 -9.066333 1.07952 -9.057264 1.148646 -9.07761 1.231869 -8.954683 1.16547 22.9194 1.07952 22.90758 1.148646 22.90129 1.047624 -9.057264 1.148646 -8.954683 1.16547 -9.077659 1.048765 22.90129 1.047624 22.90758 1.148646 22.92262 1.048765 22.82588 0.7397598 22.67561 1.00728 22.67984 1.008849 22.82339 0.7354549 22.83856 0.7417537 22.67792 1.00741 -8.801541 0.7417537 -8.718701 1.008849 -8.715985 1.00741 22.67764 1.106454 22.82083 1.060364 22.67691 1.101585 22.67764 1.106454 22.67764 1.0981 22.82083 1.060364 -8.71835 1.0981 -8.716986 1.101585 -8.855223 1.003686 22.82083 1.060364 22.67798 0.9447254 22.67691 1.101585 -8.716986 1.101585 -8.718028 0.9325439 -8.855223 1.003686 22.67691 1.101585 22.67798 0.9447254 22.67464 0.9325439 22.83647 0.8193657 22.82636 0.832073 23.16611 1.040753 -8.811734 22.82636 -8.739558 23.16538 -8.743875 23.16611 22.82867 0.8261314 22.83647 0.8193657 23.16786 1.038094 -8.741329 23.16622 -8.928099 23.18591 -8.741322 23.16664 -8.741329 1.168357 -8.741482 1.14957 -8.556255 1.021109 23.16646 1.14957 23.16664 1.168734 23.39032 1.029485 -8.556255 1.021109 -8.741941 0.9152216 -8.928099 1.033991 -8.556255 23.04135 -8.66042 23.39032 -8.741941 23.16557 -8.928099 1.033991 -8.741521 0.9118228 -8.741494 0.9294121 22.83487 0.7169232 22.7303 1.002971 22.73458 1.003661 -8.809388 0.7157485 -8.797636 0.7230861 -8.965665 1.002971 22.83248 0.7230861 22.73379 1.004722 22.7303 1.002971 -8.797636 0.7230861 -8.814298 0.7169232 -8.966637 1.003661 -8.964898 0.8988144 -8.804733 0.9665503 -8.96526 0.9248494 22.82462 1.001027 22.73257 0.9250215 22.73258 0.9248494 22.83787 0.8812731 22.82301 0.8811092 22.82196 1.047961 -8.811929 0.8811092 -8.673477 1.046043 -8.676737 1.047961 -8.811929 0.8811092 -8.798265 0.8736209 -8.673477 1.046043 22.82313 1.142331 22.96429 0.9959022 22.82271 1.119996 -8.675166 1.139946 -8.677738 0.9579648 -8.688063 0.9605228 22.82252 0.9579648 22.96429 0.9959022 22.82239 0.9532757 -8.566989 22.96429 -8.688063 22.83036 -8.674746 22.82239 22.82057 0.9150455 22.95867 1.210616 22.96185 1.208986 22.82057 0.9150455 22.83719 0.9116214 22.96213 1.210075 -8.798683 0.9116214 -8.814322 0.9085367 -8.917174 1.208986 22.96266 1.356812 23.14178 1.202675 22.96013 1.354477 -8.915669 22.9614 -8.913623 22.96013 -8.925774 22.77494 22.9614 1.355993 23.14178 1.202675 22.96266 1.356812 23.14178 1.202675 22.96144 1.071452 22.96103 1.15578 22.77494 1.188721 22.96103 1.15578 22.9609 1.088998 22.82609 0.7509189 22.53335 1.147045 22.53645 1.148801 -8.815248 0.7509189 -8.797741 0.7516119 -8.822667 1.147116 22.83882 0.7582449 22.53645 1.148801 22.5332 1.147116 -8.623894 22.62796 -8.824599 22.53447 -8.805781 22.35382 -8.815131 0.7656006 -8.797755 0.7615237 -8.710553 0.9994474 -8.802381 0.7585496 -8.709467 0.9977358 -8.706909 0.9977817 -8.802381 0.7585496 -8.815131 0.7656006 -8.709467 0.9977358 -8.709213 1.1038 -8.709214 1.1063 -8.560433 1.013463 -8.709214 1.1063 -8.799911 1.023856 -8.560433 1.013463 -8.836614 0.95312 -8.710485 1.10628 -8.560433 1.013463 23.09038 1.023856 22.93161 1.10628 22.80552 0.95312 22.94657 0.8689401 23.09038 1.023856 22.94448 0.9010436 22.80552 0.95312 22.94455 0.8746899 22.94448 0.9010436 -10.90786 -0.1328986 -10.93056 0.4667854 -10.92113 0.46695 -10.90385 -0.1336523 -10.92534 0.4666146 -10.93316 -0.1339529 23.40714 -0.1328986 23.3818 0.46695 23.38229 -0.1336523 -10.92549 0.2749075 -11.0969 0.4716899 -11.09552 0.4736507 -10.91805 0.2835634 -11.0969 0.4716899 -10.92549 0.2749075 23.39126 0.284586 23.37052 0.4743045 23.38123 0.2835634 23.37157 0.5620566 23.37129 0.5654111 23.36888 0.4492721 23.37157 0.5620566 23.36888 0.4492721 23.40198 0.4807896 -11.09593 0.5654111 -10.99772 0.4892644 -11.09608 0.4492721 -11.10594 0.4807896 -11.09567 0.3923919 -10.99772 0.4892644 23.40198 0.4807896 23.37148 0.3881247 23.37162 0.3923919 -11.09567 0.3923919 -11.09608 0.4492721 -10.99772 0.4892644 -10.92035 0.2592492 -10.8327 0.4754964 -10.83024 0.4740129 23.38346 0.259289 23.33062 0.4740277 23.33334 0.4754964 -10.91671 0.2533618 -10.83178 0.4740277 -10.92655 0.259289 23.39353 0.2592492 23.33314 0.4740129 23.38267 0.2533618 -10.83159 0.5680579 -10.67614 0.4607746 -10.83249 0.5852491 -10.83249 23.33189 -10.67614 23.34572 -10.79796 23.17939 23.33189 0.5852491 23.17939 0.5008872 23.31962 0.3254801 -10.67614 23.34572 -10.83144 23.33198 -10.79796 23.17939 -10.85286 0.5142581 -10.8315 0.3731999 -10.67614 0.4607746 -10.92428 0.1339273 -10.94312 0.5205784 -10.91478 0.1361315 23.38136 0.1391341 23.52249 0.5217619 23.52488 0.5204529 -10.91478 0.1361315 -10.94453 0.5217619 -10.92452 0.1391341 23.52414 0.6187342 23.52375 0.6423725 23.66446 0.5237 -10.94262 0.6442287 -10.81201 0.5034947 -10.94474 0.6423725 23.66446 0.5237 23.48761 0.5034947 23.52332 0.6442287 23.52375 0.6423725 23.5184 0.4750224 23.66446 0.5237 -10.94474 0.6423725 -10.81201 0.5034947 -11.02213 0.4750224 -10.81201 0.5034947 -10.94452 0.4268212 -11.02213 0.4750224 23.66446 0.5237 23.52414 0.4323928 23.52419 0.4268212 -10.92766 0.2827342 -10.96247 0.647651 -10.9654 0.6472412 23.39198 0.2861368 23.31242 0.647651 23.38311 0.2839664 -10.96397 0.7381242 -10.9637 0.7627487 -11.04415 0.6175248 23.31101 0.7627487 23.39948 0.7251209 23.27604 0.6121876 23.31342 0.7553091 23.2492 0.6175248 23.39948 0.7251209 -10.95382 0.7251209 -10.96244 0.5493946 -10.83502 0.6121876 23.39948 0.7251209 23.2492 0.6175248 23.31517 0.5493946 -11.04415 0.6175248 -10.96406 0.5418547 -10.96244 0.5493946 -10.96244 0.5493946 -10.96397 0.5335591 -10.83502 0.6121876 -10.92133 0.279227 -10.71191 0.4268902 -10.71082 0.4239199 -10.92261 0.2887853 -10.71031 0.4247839 -10.71191 0.4268902 -10.91748 23.38346 -10.71082 23.45735 -10.71031 23.45454 -10.70988 0.5307974 -10.6254 0.3184162 -10.79905 0.5360534 -10.79905 0.5360534 -10.84059 0.349517 -10.65836 0.4196352 -10.6254 0.3184162 -10.84059 0.349517 -10.79905 0.5360534 23.59648 0.4196352 23.36766 0.3184162 23.45525 0.5307974 23.36766 0.3184162 23.45605 0.3125013 23.45599 0.3077643 23.36766 0.3184162 23.45607 0.3219831 23.45605 0.3125013 -10.84059 23.44702 -10.71099 23.45607 -10.65836 23.59648 -10.84059 0.349517 -10.71102 0.3077643 -10.71099 0.3219831 -10.92023 0.1502952 -11.08354 0.4866159 -11.0819 0.4871471 -10.91692 0.1563866 -11.08131 0.4885388 -10.92643 0.149721 23.39354 0.1502952 23.471 0.4885388 23.38263 0.1563866 23.47271 0.6038209 23.4722 0.6041564 23.4809 0.4699137 -11.20805 0.4699137 -11.07561 0.5660057 -11.08207 0.6038209 -11.20805 0.4699137 -11.08056 0.3919739 -11.07561 0.5660057 23.38346 0.215219 23.26668 0.5550808 23.26933 0.5563328 -10.91597 0.2125317 -10.86713 0.5550808 -10.92681 0.215219 23.39325 0.2186421 23.26747 0.5549232 23.38294 0.2125317 -10.86625 0.6503703 -10.86845 0.6787591 -10.74743 0.5546903 23.13069 0.581215 23.26959 0.4884577 23.26915 0.6787591 23.26915 0.6787591 23.26959 0.4884577 23.34483 0.5156541 -10.74743 0.5546903 -10.87338 0.5156541 -10.86608 0.4437794 23.3848 0.1748237 23.55221 0.5056766 23.39229 0.1681449 -10.91494 0.1727483 -10.85924 0.507613 -10.92721 0.1748237 23.38311 0.1727483 23.55221 0.5056766 23.54986 0.5068973 -10.8587 0.5545603 -10.75974 0.508772 -10.85783 0.6186127 -10.85794 0.589661 -10.94281 0.4968553 -10.8587 0.5545603 -10.75974 0.508772 -10.85794 0.4115412 -10.94281 0.4968553 -10.8587 0.5545603 -10.85844 0.3996129 -10.75974 0.508772 -10.94281 0.4968553 -10.85794 0.4115412 -10.85795 0.4292082 -10.92531 0.2455723 -11.0785 0.3895971 -11.07687 0.3926547 -10.92115 0.2444058 -11.0769 0.3908659 -11.0785 0.3895971 -10.91693 0.2553228 -11.0769 0.3908659 -10.92115 0.2444058 -11.05343 0.5346886 -11.01046 0.3791986 -11.07811 0.4983587 -11.01046 0.3791986 -11.17621 0.3531383 -11.07811 0.4983587 -11.17621 0.3531383 -11.07623 0.2756995 -11.05343 0.5346886 -11.01046 0.3791986 -11.07747 0.2826124 -11.17621 0.3531383 23.2236 0.3791986 23.31144 0.2751252 23.31133 0.2826124 23.2236 0.3791986 23.31347 0.2756995 23.31144 0.2751252 -10.90786 -0.1328986 -10.93316 -0.1339529 -10.93056 0.4667854 23.39412 -0.1339529 23.37401 0.4666146 23.38252 0.4667854 23.38229 -0.1336523 23.3818 0.46695 23.37401 0.4666146 -10.91812 0.284586 -10.92549 0.2749075 -11.09552 0.4736507 -10.91805 0.2835634 -11.09478 0.4743045 -11.0969 0.4716899 23.39126 0.284586 23.37313 0.4736507 23.37052 0.4743045 -11.09593 0.5654111 -11.10594 0.4807896 -10.99772 0.4892644 23.40198 0.4807896 23.36888 0.4492721 23.37148 0.3881247 23.39353 0.2592492 23.38346 0.259289 23.33334 0.4754964 23.38267 0.2533618 23.33314 0.4740129 23.33062 0.4740277 -10.83159 0.5680579 -10.83148 0.5878199 -10.67614 0.4607746 23.3323 0.5878199 23.33189 0.5852491 23.47981 0.5142581 -10.83148 23.3323 -10.85286 23.47981 -10.67614 23.34572 23.33189 0.5852491 23.31962 0.3254801 23.47981 0.5142581 -10.85286 0.5142581 -10.94298 0.3254801 -10.8315 0.3731999 -10.79796 23.17939 -10.83144 23.33198 -10.94298 23.31962 -10.83144 0.360484 -10.67614 0.4607746 -10.8315 0.3731999 -10.92428 0.1339273 -10.94588 0.5204529 -10.94312 0.5205784 23.39188 0.1339273 23.38136 0.1391341 23.52488 0.5204529 23.38906 0.1361315 23.5251 0.5205784 23.52249 0.5217619 23.52332 0.6442287 23.52414 0.6187342 23.66446 0.5237 -10.81201 23.48761 -10.96505 23.66446 -10.94452 23.52419 -10.96505 23.66446 -11.02213 23.5184 -10.94449 23.52414 -10.91766 0.2861368 -10.92766 0.2827342 -10.96414 0.6481112 23.38583 0.2827342 23.31268 0.6472412 23.31503 0.6481112 -10.92766 0.2827342 -10.91562 0.2839664 -10.96247 0.647651 23.39198 0.2861368 23.31503 0.6481112 23.31242 0.647651 23.31101 0.7627487 23.31342 0.7553091 23.39948 0.7251209 -10.96411 0.7553091 -10.96397 0.7381242 -11.04415 0.6175248 -10.9637 0.7627487 -10.83502 0.6121876 -11.04415 0.6175248 -11.04415 0.6175248 -10.83502 0.6121876 -10.96397 0.5335591 -11.04415 0.6175248 -10.96397 0.5335591 -10.96406 0.5418547 -10.92133 0.279227 -10.92261 0.2887853 -10.71191 0.4268902 -10.92261 0.2887853 -10.91748 0.2775921 -10.71031 0.4247839 -10.91748 23.38346 -10.92133 23.39267 -10.71082 23.45735 23.45525 0.5307974 23.45607 0.5335484 23.59648 0.4196352 -10.71101 23.45607 -10.79905 23.43398 -10.65836 23.59648 -10.71101 0.5335484 -10.71101 0.5613579 -10.79905 0.5360534 -10.71101 0.5613579 -10.70988 0.5307974 -10.79905 0.5360534 -10.6254 23.36766 -10.65836 23.59648 -10.71099 23.45607 -10.84059 23.44702 -10.6254 23.36766 -10.71102 23.45599 23.39354 0.1502952 23.38347 0.149721 23.47223 0.4866159 -10.92643 0.149721 -11.08131 0.4885388 -11.08354 0.4866159 23.39354 0.1502952 23.47381 0.4871471 23.471 0.4885388 23.4722 0.6041564 23.47362 0.5660057 23.34357 0.4947803 23.4722 0.6041564 23.34357 0.4947803 23.4809 0.4699137 23.47362 0.5660057 23.47129 0.3919739 23.34357 0.4947803 -11.20805 0.4699137 -11.06556 0.4947803 -11.08218 0.3787473 23.34357 0.4947803 23.47222 0.3761377 23.47213 0.3787473 23.34357 0.4947803 23.47129 0.3919739 23.47222 0.3761377 -11.20805 0.4699137 -11.08218 0.3787473 -11.08056 0.3919739 23.39325 0.2186421 23.38346 0.215219 23.26933 0.5563328 -10.91597 0.2125317 -10.86473 0.5549232 -10.86713 0.5550808 -10.92082 0.2186421 -10.86701 0.5563328 -10.86473 0.5549232 23.26802 0.6500495 23.26803 0.6503703 23.13069 0.581215 -10.86625 23.26803 -10.74743 23.28175 -10.85332 23.13069 23.26802 0.6500495 23.13069 0.581215 23.26915 0.6787591 -10.86845 0.6787591 -10.87338 0.5156541 -10.74743 0.5546903 23.13069 0.581215 23.26792 0.4437794 23.26959 0.4884577 23.13069 0.581215 23.28175 0.5546903 23.26792 0.4437794 23.3848 0.1748237 23.54985 0.507613 23.55221 0.5056766 -10.91494 0.1727483 -10.85653 0.5068973 -10.85924 0.507613 23.38311 0.1727483 23.39229 0.1681449 23.55221 0.5056766 -10.85794 0.589661 -10.85783 0.6186127 -10.94281 0.4968553 -10.94281 0.4968553 -10.85783 0.6186127 -10.75974 0.508772 -10.8587 0.5545603 -10.94281 0.4968553 -10.85844 0.3996129 -10.75974 0.508772 -10.85844 0.3996129 -10.85794 0.4115412 -10.85844 0.3996129 -10.94281 0.4968553 -10.85795 0.4292082 -10.91693 0.2553228 -10.92531 0.2455723 -11.07687 0.3926547 -10.92531 23.39136 -10.92115 23.38114 -11.0785 23.31152 23.38717 0.2553228 23.31231 0.3926547 23.3099 0.3908659 23.32297 0.5346886 23.31163 0.5081509 23.31991 0.3531383 -11.07773 0.5081509 -11.07811 0.4983587 -11.17621 0.3531383 23.2236 0.3791986 23.32297 0.5346886 23.31347 0.2756995 -11.07623 0.2756995 -11.17621 0.3531383 -11.07747 0.2826124 22.07186 0.645558 22.12317 1.378485 22.10951 1.378686 -8.325761 0.6446368 -8.323171 1.378276 -8.287498 0.6442694 -8.285634 0.645558 -8.314404 1.378686 -8.325761 0.6446368 22.09452 1.059483 22.2363 1.614936 22.23206 1.615324 -8.316158 1.055003 -8.411844 1.614936 -8.298055 1.057711 22.09452 1.059483 22.23561 1.614313 22.11232 1.055003 -8.351339 22.21381 -8.471961 22.00226 -8.414356 22.23473 22.23479 1.762227 22.00226 1.653365 22.37338 1.56045 -8.471961 22.00226 -8.304753 22.12814 -8.414721 22.2345 -8.351339 1.693086 -8.605791 1.56045 -8.41432 1.487034 -8.605791 1.56045 -8.414721 1.467473 -8.41432 1.487034 22.09775 1.097211 21.80735 1.555714 21.80372 1.553848 -8.31768 1.099416 -8.318829 1.555648 -8.301495 1.105411 22.10266 1.099416 21.80372 1.553848 21.80737 1.555648 -8.301909 1.097211 -8.316953 1.553848 -8.31768 1.099416 -8.510997 1.548318 -8.272125 1.533992 -8.316647 1.684655 -8.316814 1.635065 -8.306794 1.54212 -8.510997 1.548318 -8.306794 1.54212 -8.316708 1.447334 -8.510997 1.548318 22.11169 1.111731 22.21564 1.478601 22.09563 1.117938 -8.297781 1.111731 -8.175727 1.478207 -8.171344 1.477075 22.11042 1.117508 22.21564 1.478601 22.22019 1.478207 -8.173323 22.21843 -8.246951 22.3337 -7.951287 22.29423 22.21846 1.602842 22.3337 1.583922 22.21843 1.619401 22.02419 1.512998 22.07451 1.382236 22.3337 1.583922 22.07451 1.382236 22.21961 1.336648 22.3337 1.583922 -7.951287 22.29423 -8.173446 22.21847 -8.176412 22.02419 22.1075 1.084376 22.08513 1.496362 22.08065 1.495179 -8.31262 1.075317 -8.673236 1.496362 -8.2986 1.084376 -8.675072 1.604614 -8.675065 1.599419 -8.893869 1.535531 -8.675065 1.599419 -8.625951 1.621608 -8.871989 1.469839 -8.675059 1.593181 -8.625951 1.621608 -8.675065 1.599419 -8.625951 22.09762 -8.893869 22.13708 -8.554733 22.28704 22.09762 1.621608 22.28704 1.462182 22.07464 1.409674 -8.893869 22.13708 -8.871989 21.99757 -8.554733 22.28704 -8.871989 1.469839 -8.675059 1.362677 -8.675065 1.368412 -8.871989 1.469839 -8.669787 1.409674 -8.675059 1.362677 22.28704 1.462182 22.0833 1.368412 22.07464 1.409674 22.10218 1.05425 21.97903 1.370654 21.97602 1.370715 22.11723 1.061975 21.97903 1.370654 22.10218 1.05425 22.09855 1.059042 21.97602 1.370715 21.98075 1.3725 -8.16417 1.399291 -8.303689 1.35918 -8.164876 1.485835 -8.164876 21.97893 -8.303689 21.87586 -8.287614 22.23287 21.97358 1.399291 21.98159 1.346665 21.97803 1.244331 -8.303689 1.35918 -8.166016 1.244331 -8.165049 1.266411 22.23287 1.360664 21.97869 1.266411 21.98159 1.346665 22.10855 1.208308 22.28329 1.351497 22.09885 1.216611 -8.316457 22.11047 -8.322404 22.28619 -8.296336 22.10855 22.11047 1.204781 22.28376 1.350611 22.28619 1.348532 -8.308597 22.09885 -8.320439 22.28329 -8.325469 22.28376 -8.322747 1.449657 -8.323425 1.478698 -8.504252 1.343004 -8.32252 1.474157 -8.335895 1.31383 -8.323425 1.478698 -8.322747 1.449657 -8.504252 1.343004 -8.32252 1.474157 -8.323425 1.478698 -8.335895 1.31383 -8.504252 1.343004 -8.32252 1.474157 -8.326478 1.341002 -8.335895 1.31383 22.28472 1.474157 22.33188 1.328426 22.27685 1.341002 -8.504252 1.343004 -8.317514 1.328426 -8.32252 1.474157 -8.504252 22.39474 -8.335895 22.27062 -8.317514 22.33188 22.10082 0.9720562 21.96681 1.377816 21.96425 1.376733 22.11745 0.9748286 21.96681 1.377816 22.10082 0.9720562 21.96607 1.50691 21.96759 1.537045 22.09937 1.300336 -8.393058 1.52509 -8.568951 1.341832 -8.391944 1.537045 -8.393058 1.52509 -8.391956 1.254109 -8.568951 1.341832 -8.393058 1.52509 -8.39061 1.50691 -8.391956 1.254109 -8.568951 1.341832 -8.285973 1.300336 -8.391944 1.537045 21.96607 1.50691 22.09937 1.300336 21.9641 1.254109 22.09937 1.300336 21.96676 1.233006 21.9641 1.254109 -8.568951 1.341832 -8.391956 1.254109 -8.3922 1.230615 -8.297066 1.05633 -8.121159 1.450092 -8.311513 1.06195 -8.309342 1.060164 -8.125858 1.451701 -8.121159 1.450092 22.09639 1.06195 22.1295 1.451514 22.13352 1.451701 21.92851 1.458214 22.24944 1.443269 22.13189 1.577924 -8.122109 1.594153 -8.284786 1.443269 -7.922313 1.423835 21.92851 1.458214 22.13145 1.313655 22.13181 1.33878 -7.922313 1.423835 -8.123715 1.333775 -8.123461 1.313655 22.10094 1.189323 22.16609 1.586435 22.16217 1.586368 -8.307554 1.185317 -8.420513 1.585372 -8.41548 1.586435 22.10113 1.185055 22.16614 1.585372 22.1168 1.185317 -8.29699 1.189323 -8.417871 1.586368 -8.317121 1.185055 -8.417973 22.16485 -8.283305 22.28685 -8.472781 22.13823 -8.472781 1.704952 -8.405718 1.433606 -8.419542 1.740148 -8.283305 22.28685 -8.331616 22.00697 -8.472781 22.13823 -8.419542 1.740148 -8.405718 1.433606 -8.283305 1.658108 22.07186 0.645558 22.11897 0.6442694 22.12317 1.378485 -8.287498 0.6442694 -8.323171 1.378276 -8.306725 1.378485 22.08322 0.6446368 22.10951 1.378686 22.12128 1.378276 22.09452 1.059483 22.11193 1.057711 22.2363 1.614936 -8.316158 1.055003 -8.416932 1.614313 -8.411844 1.614936 22.09452 1.059483 22.23206 1.615324 22.23561 1.614313 22.23473 1.729865 22.00226 1.653365 22.23479 1.762227 -8.41486 1.762227 -8.605791 1.56045 -8.351339 1.693086 22.21381 1.693086 22.12814 1.499305 22.00226 1.653365 -8.605791 22.37338 -8.471961 22.00226 -8.414721 22.2345 -8.304753 1.499305 -8.351339 1.693086 -8.41432 1.487034 22.09775 1.097211 22.11415 1.105411 21.80735 1.555714 -8.301495 1.105411 -8.318829 1.555648 -8.313926 1.555714 -8.316647 1.684655 -8.316814 1.635065 -8.510997 1.548318 21.8075 1.684655 21.99127 1.533992 21.80808 1.54212 -8.272125 21.99127 -8.510997 21.7639 -8.315253 21.8081 21.80808 1.54212 21.99127 1.533992 21.8081 1.432947 -8.315253 1.432947 -8.510997 1.548318 -8.316708 1.447334 22.11169 1.111731 22.21978 1.477075 22.21564 1.478601 -8.297781 1.111731 -8.317364 1.117508 -8.175727 1.478207 22.11042 1.117508 22.09563 1.117938 22.21564 1.478601 -8.173494 22.21846 -8.176412 22.02419 -8.246951 22.3337 22.21846 1.602842 22.21849 1.599089 22.02419 1.512998 22.21849 1.599089 22.21843 1.619401 22.02419 1.512998 -8.173323 22.21843 -7.951287 22.29423 -8.176412 22.02419 -7.951287 1.471257 -8.246951 1.583922 -8.177295 1.336648 -8.177295 1.336648 -8.329344 1.382236 -8.173486 1.367411 -8.329344 1.382236 -8.173446 1.338084 -8.173486 1.367411 -8.329344 22.07451 -8.176412 22.02419 -8.173446 22.21847 -7.951287 22.29423 -8.177295 22.21961 -8.173446 22.21847 -8.31262 1.075317 -8.677231 1.493638 -8.673236 1.496362 22.11479 1.075317 22.09815 1.074155 22.08407 1.493638 -8.313302 1.074155 -8.67472 1.495179 -8.677231 1.493638 -8.313302 1.074155 -8.2986 1.084376 -8.67472 1.495179 -8.675059 1.593181 -8.675072 1.604614 -8.893869 1.535531 -8.675059 22.08333 -8.893869 22.13708 -8.625951 22.09762 -8.893869 22.13708 -8.675065 22.08333 -8.871989 21.99757 -8.625951 1.621608 -8.669787 1.409674 -8.871989 1.469839 -8.554733 1.462182 -8.871989 1.469839 -8.675065 1.368412 -8.307238 1.061975 -8.166303 1.3725 -8.162449 1.370654 22.11723 1.061975 22.09855 1.059042 21.98075 1.3725 -8.315504 1.059042 -8.29837 1.05425 -8.165338 1.370715 -8.160927 1.507032 -8.164876 1.485835 -8.159151 1.346665 21.97893 1.485835 22.23287 1.360664 21.98159 1.346665 21.97358 1.399291 21.98246 1.507032 21.98159 1.346665 -8.303689 1.35918 -8.16417 1.399291 -8.166016 1.244331 -8.287614 22.23287 -8.303689 21.87586 -8.165049 21.97869 22.10855 1.208308 22.28619 1.348532 22.28329 1.351497 22.11047 1.204781 22.09885 1.216611 22.28376 1.350611 -8.307619 0.9748286 -8.394087 1.37762 -8.389535 1.377816 22.11745 0.9748286 22.09962 0.9688886 21.96888 1.37762 22.09962 0.9688886 21.96425 1.376733 21.96888 1.37762 -8.315695 0.9688886 -8.297734 0.9720562 -8.39212 1.376733 22.09937 1.300336 21.96686 1.230615 21.96676 1.233006 -8.285973 22.09937 -8.568951 22.01806 -8.3922 21.96686 -8.297066 1.05633 -8.309342 1.060164 -8.121159 1.450092 22.11716 1.060164 22.09639 1.06195 22.13352 1.451701 -8.311513 1.06195 -8.121159 1.450092 -8.124756 1.451514 -8.122109 1.594153 -8.123809 1.577924 -8.284786 1.443269 22.13189 1.577924 22.13193 1.554933 21.92851 1.458214 22.13193 1.554933 22.13246 1.594153 21.92851 1.458214 -8.122109 22.13246 -7.922313 22.15905 -8.178581 21.92851 -7.922313 22.15905 -8.123461 22.13145 -8.178581 21.92851 -8.178581 21.92851 -8.12381 22.13181 -8.284786 22.24944 -8.284786 1.443269 -8.12381 1.33878 -8.123715 1.333775 -7.922313 1.423835 -8.284786 1.443269 -8.123715 1.333775 22.10094 1.189323 22.1168 1.185317 22.16609 1.586435 22.10113 1.185055 22.16217 1.586368 22.16614 1.585372 -8.417973 1.707583 -8.419542 1.740148 -8.283305 1.658108 -8.472781 1.704952 -8.42232 1.412683 -8.405718 1.433606 22.13823 1.704952 22.00697 1.513575 22.16499 1.412683 22.28685 1.658108 22.1782 1.433606 22.00697 1.513575 -8.331616 22.00697 -8.405718 22.1782 -8.417998 22.16472 22.16499 1.412683 22.00697 1.513575 22.16472 1.42351 20.14597 2.059939 20.17502 2.636124 20.16706 2.636282 -8.016124 2.059215 -8.015294 2.63596 -7.994802 2.058926 -7.992922 2.059939 -8.010065 2.636282 -8.016124 2.059215 20.16849 2.411946 20.29306 2.777416 20.1593 2.416709 -8.011319 2.412407 -8.002899 2.777136 -8.000686 2.776147 20.1593 2.416709 20.29368 2.777136 20.16795 2.412407 -8.006499 2.416709 -8.000598 2.777416 -8.002899 2.777136 -7.990236 2.87284 -8.099793 2.753728 -8.002489 2.882979 -8.000609 2.871924 -8.000652 2.668185 -7.990236 2.87284 20.29842 2.87284 20.2955 2.668185 20.2934 2.680659 -8.099793 2.753728 -8.001427 2.679394 -8.000652 2.668185 20.16108 2.480948 20.0267 2.571265 20.0247 2.569094 20.16632 2.474915 20.0267 2.571265 20.16844 2.487199 -8.010275 20.16632 -8.122956 20.0247 -8.125062 20.02607 -8.124168 2.685493 -8.242888 2.598931 -8.125549 2.697883 20.02573 2.691864 20.0259 2.697883 20.13834 2.574189 -8.125549 2.697883 -8.242888 2.598931 -8.101561 2.574189 20.02573 2.691864 20.13834 2.574189 19.9428 2.580285 -8.124168 2.685493 -8.047563 2.580285 -8.242888 2.598931 -8.037726 20.06705 -8.155191 20.00859 -8.047563 19.9428 -8.037726 2.505282 -8.101561 2.574189 -8.123912 2.455103 -8.155191 2.460002 -8.123912 2.455103 -8.124089 2.460209 20.13834 2.574189 20.02583 2.469768 20.02577 2.455103 -8.005143 20.17131 -7.793368 20.17665 -8.002097 20.16288 -8.009482 20.1635 -7.795033 20.17561 -7.794672 20.17832 -8.002097 2.404656 -7.795033 2.606613 -8.009482 2.41598 -7.794338 20.17684 -7.696839 20.14928 -7.841777 20.02336 20.02336 2.627416 20.23931 2.619128 20.17684 2.707642 20.23931 2.619128 20.02336 2.627416 20.18432 2.496057 20.23931 2.619128 20.18432 2.496057 20.17721 2.502353 -7.696839 20.14928 -7.79433 20.17677 -7.841777 20.02336 -7.852681 2.619128 -7.793949 2.502353 -7.696839 2.59799 -7.696839 2.59799 -7.793949 2.502353 -7.79433 2.522261 -8.010551 2.382808 -8.170845 2.614833 -8.001447 2.389744 20.16633 2.382808 20.28728 2.616562 20.28957 2.614833 20.288 2.755504 20.29148 2.668193 20.19534 2.613616 -8.172082 2.701233 -8.188343 2.487266 -8.170742 2.668193 20.29042 2.701233 20.19534 2.613616 20.30936 2.487266 20.19534 2.613616 20.29148 2.668193 20.28858 2.490052 20.28885 2.481189 20.28858 2.490052 20.29148 2.668193 20.16287 2.444478 19.96657 2.783194 19.96525 2.782338 20.17079 2.451958 19.96657 2.783194 20.16287 2.444478 19.96652 2.858485 20.06202 2.76895 19.96921 2.888319 19.96652 2.858485 19.96599 2.875095 20.06202 2.76895 19.96599 2.875095 19.96667 2.749392 20.06202 2.76895 20.06202 2.76895 19.96762 2.729238 19.96921 2.888319 19.96599 2.875095 19.96309 2.734141 19.96667 2.749392 20.06202 2.76895 19.96667 2.749392 19.96762 2.729238 20.16521 2.414768 20.27824 2.795389 20.27543 2.796327 -8.00931 2.415469 -7.926423 2.795389 -7.999789 2.414768 -8.00931 2.415469 -7.928029 2.796504 -7.926423 2.795389 20.27673 2.91825 20.40766 2.778114 20.27656 2.941579 20.27458 2.87665 20.40766 2.778114 20.27673 2.91825 20.27656 2.941579 20.40766 2.778114 20.16937 2.780488 20.27458 2.87665 20.27547 2.661054 20.40766 2.778114 20.16937 2.780488 20.27706 2.659521 20.27658 2.680264 20.17193 2.353689 20.10585 2.801992 20.1617 2.355449 -8.006732 2.353689 -8.207078 2.800509 -8.205193 2.801992 -8.000845 2.355449 -8.205309 2.801349 -8.010154 2.349548 20.18743 2.854255 20.10462 2.868142 20.1045 2.908997 19.98922 2.789349 20.10447 2.720272 20.10837 2.698175 20.16677 2.416926 20.08232 2.679697 20.07953 2.679041 -8.010298 2.425491 -7.851146 2.679697 -8.000666 2.416926 -8.010298 2.425491 -7.853263 2.680688 -7.851146 2.679697 20.15945 2.419985 20.08057 2.680688 20.1676 2.425491 -7.851927 2.787496 -7.706256 2.659844 -7.882185 2.670103 -7.851927 2.787496 -7.850676 2.791155 -7.706256 2.659844 -7.915297 2.617517 -7.706256 2.659844 -7.850676 2.791155 20.14889 2.735504 19.95694 2.670103 20.20099 2.617517 20.20099 2.617517 20.08089 2.559552 20.08095 2.573806 20.20099 2.617517 20.08095 2.573806 20.08096 2.556849 -8.01096 2.325418 -8.069798 2.784221 -8.000564 2.327492 20.15909 2.331709 20.34498 2.78526 20.16843 2.325418 -8.005797 2.331709 -8.068115 2.785739 -8.070897 2.78526 20.34579 2.880146 20.29746 2.888631 20.34579 2.880775 20.34536 2.91266 20.32696 2.749406 20.41586 2.776517 20.41586 2.776517 20.34613 2.698499 20.29746 2.888631 20.41586 2.776517 20.32696 2.749406 20.34574 2.672642 20.14597 2.059939 20.17294 2.058926 20.17502 2.636124 -7.994802 2.058926 -8.015294 2.63596 -8.005898 2.636124 20.15179 2.059215 20.16706 2.636282 20.17365 2.63596 20.16849 2.411946 20.29555 2.776147 20.29306 2.777416 -8.000088 2.411946 -8.011319 2.412407 -8.000686 2.776147 -8.002489 2.882979 -8.099793 2.753728 -8.000609 2.871924 -7.990236 2.87284 -8.000571 2.680659 -8.099793 2.753728 -8.000609 2.871924 -8.099793 2.753728 -8.000652 2.668185 -8.099793 2.753728 -8.000571 2.680659 -8.001427 2.679394 -8.000908 20.16108 -8.006301 20.16844 -8.124177 20.0267 20.16632 2.474915 20.02607 2.568172 20.0267 2.571265 -8.010275 20.16632 -8.000908 20.16108 -8.122956 20.0247 -8.124168 2.685493 -8.123755 2.691864 -8.047563 2.580285 20.13834 2.574189 20.06705 2.505282 19.9428 2.580285 -8.242888 2.598931 -8.155191 2.460002 -8.101561 2.574189 -8.242888 2.598931 -8.047563 2.580285 -8.155191 2.460002 -8.101561 20.13834 -8.155191 20.00859 -8.124059 20.02583 -8.155191 2.460002 -8.124089 2.460209 -8.124059 2.469768 -8.155191 2.460002 -8.037726 2.505282 -8.123912 2.455103 -8.005143 2.408667 -7.794672 2.605823 -7.793368 2.603951 -8.005143 2.408667 -8.009482 2.41598 -7.794672 2.605823 -8.002097 2.404656 -7.793368 2.603951 -7.795033 2.606613 20.17683 2.69396 20.17684 2.707642 20.23931 2.619128 20.17684 2.707642 20.17684 2.687206 20.02336 2.627416 -7.794338 2.687206 -7.794358 2.69396 -7.696839 2.59799 -7.794358 2.69396 -7.852681 2.619128 -7.696839 2.59799 20.02336 2.627416 20.17677 2.522261 20.18432 2.496057 20.16006 2.393085 20.16946 2.389744 20.28859 2.617459 -8.001447 2.389744 -8.170845 2.614833 -8.169038 2.617459 -8.010551 2.382808 -8.00527 2.393085 -8.170896 2.616562 -8.00527 2.393085 -8.169038 2.617459 -8.170896 2.616562 20.288 2.755504 20.19534 2.613616 20.29042 2.701233 20.29148 2.668193 20.30936 2.487266 20.28885 2.481189 20.30936 2.487266 20.19534 2.613616 20.28858 2.490052 -8.005605 2.451958 -7.968917 2.784358 -7.966369 2.783194 20.17079 2.451958 20.16184 2.445291 19.96747 2.784358 20.16184 2.445291 19.96525 2.782338 19.96747 2.784358 -8.011096 2.445291 -8.000632 2.444478 -7.967984 2.782338 19.96599 2.875095 19.96921 2.888319 19.96309 2.734141 -7.97109 2.734141 -7.965881 2.888319 -7.964598 2.729238 20.17038 2.415469 20.16151 2.419543 20.27672 2.796504 -8.010535 2.419543 -7.925646 2.796327 -7.928029 2.796504 -8.010535 2.419543 -7.999789 2.414768 -7.925646 2.796327 -7.926352 2.941579 -7.842896 2.780488 -7.956781 2.87665 20.40766 2.778114 20.27706 2.659521 20.16937 2.780488 20.27458 2.87665 20.16937 2.780488 20.27547 2.661054 20.27547 2.661054 20.16937 2.780488 20.27658 2.680264 -7.925303 20.27706 -7.955028 20.40766 -7.928029 20.27547 20.1617 2.355449 20.10585 2.801992 20.10289 2.801349 20.17193 2.353689 20.16179 2.349548 20.10435 2.800509 -8.010154 2.349548 -8.205309 2.801349 -8.207078 2.800509 20.10462 2.868142 19.98922 2.789349 20.10436 2.901992 20.1045 2.908997 20.10436 2.901992 20.18743 2.854255 20.10436 2.901992 19.98922 2.789349 20.18743 2.854255 19.98922 2.789349 20.10462 2.868142 20.10175 2.710051 20.18743 2.854255 19.98922 2.789349 20.10837 2.698175 -8.203634 2.868142 -8.215203 2.698175 -8.197351 2.710051 20.10462 2.868142 20.18743 2.854255 20.10837 2.698175 19.98922 2.789349 20.10175 2.710051 20.10447 2.720272 -8.008239 2.419985 -7.851894 2.679041 -7.853263 2.680688 -8.008239 2.419985 -8.000666 2.416926 -7.851894 2.679041 20.08094 2.797078 20.08098 2.787496 19.95694 2.670103 -7.850676 2.791155 -7.852054 2.797078 -7.953693 2.735504 20.08094 2.797078 19.95694 2.670103 20.14889 2.735504 -7.953693 2.735504 -7.915297 2.617517 -7.850676 2.791155 20.20099 2.617517 19.95694 2.670103 20.08089 2.559552 -7.882185 19.95694 -7.706256 20.03238 -7.852069 20.08089 -7.706256 2.659844 -7.851933 2.556849 -7.852069 2.559552 -7.706256 2.659844 -7.915297 2.617517 -7.851933 2.556849 20.15909 2.331709 20.16841 2.327492 20.34512 2.785739 20.16841 2.327492 20.34722 2.784221 20.34512 2.785739 20.16843 2.325418 20.34498 2.78526 20.34722 2.784221 20.34579 2.880775 20.29746 2.888631 20.34536 2.91266 20.34579 2.880146 20.41586 2.776517 20.29746 2.888631 20.34579 2.880146 20.34536 2.91266 20.41586 2.776517 20.29746 2.888631 20.32696 2.749406 20.34536 2.91266 -8.033605 2.888631 -8.066923 2.698499 -8.09483 2.749406 20.34613 2.698499 20.41586 2.776517 20.34574 2.672642 22.41489 0.6175389 22.41454 1.274552 22.42337 1.274732 22.43812 0.6167131 22.42588 1.274364 22.40306 0.6163838 22.41489 0.6175389 22.42337 1.274732 22.43812 0.6167131 22.41843 1.105939 22.48031 1.321125 22.48324 1.31921 22.42727 1.107603 22.48347 1.32091 22.41373 1.113923 -8.193875 1.107603 -8.305267 1.31921 -8.302396 1.32091 -8.201685 1.105939 -8.305267 1.31921 -8.193875 1.107603 -8.303864 1.433152 -8.29901 1.468835 -8.153772 1.362006 -8.29901 1.468835 -8.304839 1.266096 -8.304688 1.181742 -8.29901 1.468835 -8.299292 1.286865 -8.153772 1.362006 22.49731 1.468835 22.48333 1.181742 22.43013 1.286865 -8.190377 0.9382475 -8.150983 1.199783 -8.201873 0.9415418 22.42513 0.948181 22.2104 1.201161 22.20857 1.199162 22.41611 0.9415418 22.20843 1.199783 22.42513 0.948181 -8.149115 1.309848 -8.147943 1.114622 -7.987492 1.244907 -8.149115 22.20903 -7.987492 22.13266 -8.25901 22.07586 22.199 1.218053 22.21872 1.114622 22.20903 1.309848 22.199 1.218053 22.21373 1.090509 22.21872 1.114622 22.07586 1.222204 22.21872 1.114622 22.20886 1.099357 -8.187555 0.997742 -8.131921 1.347335 -8.20224 0.9998185 22.42632 0.994139 22.55485 1.345855 22.41608 0.997742 -8.192699 0.994139 -8.134643 1.346789 -8.131282 1.345855 22.55366 1.471401 22.66794 1.370892 22.55371 1.441434 22.55366 1.471401 22.55538 1.475841 22.39877 1.310275 -8.211646 1.370892 -7.993979 1.338467 -8.132576 1.475841 22.39877 1.310275 22.66794 1.370892 22.55366 1.471401 22.55538 1.475841 22.588 1.338467 22.39877 1.310275 22.39877 1.310275 22.5537 1.254505 22.55372 1.247073 22.42677 0.9114472 22.36648 1.340508 22.41677 0.9118678 22.41693 0.906181 22.36746 1.339305 22.36965 1.340212 -8.344107 1.444611 -8.344192 1.44935 -8.467443 1.312516 -8.344174 1.464505 -8.467443 1.312516 -8.184492 1.349014 22.36783 1.44935 22.21098 1.294021 22.4234 1.312516 -8.467443 1.312516 -8.344501 1.214165 -8.344121 1.218172 22.21098 1.294021 22.36773 1.239676 22.36773 1.214165 -8.184492 1.349014 -8.344121 1.218172 -8.344085 1.239676 22.41233 0.8993571 22.36056 1.356764 22.42336 0.9022273 -8.197763 0.8993571 -8.067944 1.35574 -8.071285 1.356764 -8.201452 0.9022273 -8.070282 1.356908 -8.187415 0.8972146 -8.100971 1.532862 -8.104187 1.329 -8.069726 1.516481 -8.068922 1.508765 -8.074874 1.292003 -8.100971 1.532862 22.47178 1.329 22.36057 1.244508 22.36154 1.508765 22.36154 1.508765 22.36057 1.244508 22.24349 1.292003 22.35379 1.532862 22.24349 1.292003 22.47178 1.329 22.24349 1.292003 22.36192 1.210267 22.47178 1.329 22.36057 1.244508 22.36038 1.200987 22.24349 1.292003 22.36192 1.210267 22.36057 1.244508 22.47178 1.329 -8.201758 0.9361069 -8.299114 1.306671 -8.301979 1.305037 22.42649 0.9309277 22.62749 1.305125 22.41733 0.9390169 22.41481 0.9361069 22.62588 1.305037 22.42649 0.9309277 -8.3001 1.39688 -8.157904 1.302479 -8.30102 1.436675 -8.30102 1.436675 -8.440363 1.316235 -8.300086 1.423497 -8.440363 1.316235 -8.291653 1.297224 -8.301662 1.166412 -8.440363 1.316235 -8.300058 1.153369 -8.157904 1.302479 22.76204 1.316235 22.62791 1.166412 22.62816 1.153369 22.41227 0.9656791 22.20104 1.398023 22.4228 0.9700022 22.41227 0.9656791 22.20186 1.399278 22.199 1.397321 -8.202176 0.9700022 -8.272065 1.399278 -8.189507 0.9734761 22.20066 1.519233 22.07778 1.373271 22.27919 1.365946 -8.273361 1.544208 -8.383841 1.365946 -8.15131 1.419926 -8.15131 1.419926 -8.343335 1.373271 -8.273486 1.541501 -8.383841 1.365946 -8.272781 1.260631 -8.15131 1.419926 22.27162 1.419926 22.20038 1.257176 22.07778 1.373271 -8.272781 1.260631 -8.273476 1.257176 -8.15131 1.419926 22.41358 0.9191233 22.5034 1.448077 22.50057 1.44929 22.42674 0.9174979 22.5034 1.448077 22.41358 0.9191233 -8.192452 0.9174979 -8.057999 1.448885 -8.055147 1.448077 -8.152302 1.425647 -8.055237 1.336517 -7.945565 1.449753 -8.054981 1.476044 -8.057684 1.332268 -8.152302 1.425647 -8.054981 1.476044 -8.055237 1.336517 -8.057684 1.332268 -8.193817 0.9835086 -8.300805 1.343007 -8.30339 1.34206 22.42484 0.984542 22.43858 1.343007 22.41195 0.9835086 -8.301949 22.4401 -8.282449 22.32714 -8.456471 22.49777 22.4401 1.453127 22.43987 1.491314 22.32714 1.402532 -8.301958 1.469659 -8.160698 1.284243 -8.301571 1.491314 22.51485 1.284243 22.32714 1.402532 22.43987 1.491314 -8.282449 1.402532 -8.300849 1.21758 -8.456471 1.36308 -8.282449 1.402532 -8.160698 1.284243 -8.300849 1.21758 -8.160698 1.284243 -8.301939 1.215611 -8.301929 1.201976 -8.456471 1.36308 -8.301939 1.215611 -8.160698 1.284243 22.49777 1.36308 22.42872 1.21758 22.44011 1.215611 -8.160698 1.284243 -8.301929 1.201976 -8.300849 1.21758 -8.223299 0.6175389 -8.191805 0.6163838 -8.183714 1.274552 22.40306 0.6163838 22.42588 1.274364 22.41454 1.274552 -8.20471 0.6167131 -8.190567 1.274732 -8.180401 1.274364 -8.201685 1.105939 -8.19141 1.113923 -8.303873 1.321125 22.41373 1.113923 22.48347 1.32091 22.48031 1.321125 -8.303864 1.433152 -8.153772 1.362006 -8.305931 1.454632 22.47809 1.454632 22.48625 1.266096 22.49731 1.468835 -8.305931 1.454632 -8.153772 1.362006 -8.299292 1.286865 22.48625 1.266096 22.47809 1.454632 22.43013 1.286865 -8.190377 0.9382475 -8.147372 1.199162 -8.150983 1.199783 22.41523 0.9382475 22.42513 0.948181 22.20857 1.199162 22.42513 0.948181 22.20843 1.199783 22.2104 1.201161 22.20901 1.289801 22.07586 1.222204 22.199 1.218053 22.20901 1.289801 22.20903 1.309848 22.07586 1.222204 22.199 1.218053 22.07586 1.222204 22.20886 1.099357 -8.25901 22.07586 -7.987492 22.13266 -8.147943 22.21872 22.199 1.218053 22.20886 1.099357 22.21373 1.090509 22.41833 0.9998185 22.55193 1.347335 22.55438 1.346789 22.41608 0.997742 22.55485 1.345855 22.55193 1.347335 -8.192699 0.994139 -8.20224 0.9998185 -8.134643 1.346789 22.55371 1.441434 22.66794 1.370892 22.55538 1.475841 -7.993979 1.338467 -8.211646 1.370892 -8.131062 1.227209 22.66794 1.370892 22.55372 1.247073 22.55458 1.227209 22.66794 1.370892 22.39877 1.310275 22.55372 1.247073 -8.157047 22.39877 -7.993979 22.588 -8.131062 22.55458 22.39877 1.310275 22.55458 1.227209 22.5537 1.254505 -8.20167 0.906181 -8.342638 1.340508 -8.345895 1.339305 -8.20167 0.906181 -8.187968 0.9118678 -8.342638 1.340508 22.42677 0.9114472 22.36965 1.340212 22.36648 1.340508 -8.192482 0.9114472 -8.20167 0.906181 -8.344459 1.340212 -8.344107 1.444611 -8.467443 1.312516 -8.344174 1.464505 -8.344192 1.44935 -8.344174 1.464505 -8.184492 1.349014 -8.344192 1.44935 -8.184492 1.349014 -8.404905 1.294021 -8.184492 1.349014 -8.467443 1.312516 -8.344121 1.218172 -8.467443 22.4234 -8.404905 22.21098 -8.344501 22.36773 -8.404905 22.21098 -8.184492 22.4051 -8.344085 22.36773 -8.197763 0.8993571 -8.187415 0.8972146 -8.067944 1.35574 22.42077 0.8972146 22.36368 1.356908 22.36102 1.35574 22.42336 0.9022273 22.36056 1.356764 22.36368 1.356908 22.36179 1.516481 22.47178 1.329 22.36154 1.508765 22.24349 1.292003 22.36038 1.200987 22.36192 1.210267 -8.201758 0.9361069 -8.18825 0.9390169 -8.299114 1.306671 22.41733 0.9390169 22.62749 1.305125 22.62491 1.306671 -8.194015 0.9309277 -8.301979 1.305037 -8.298594 1.305125 -8.3001 1.39688 -8.300086 1.423497 -8.157904 1.302479 -8.157904 1.302479 -8.300086 1.423497 -8.440363 1.316235 -8.30102 1.436675 -8.157904 1.302479 -8.291653 1.297224 -8.30102 1.436675 -8.291653 1.297224 -8.440363 1.316235 -8.157904 1.302479 -8.300058 1.153369 -8.291653 1.297224 22.41227 0.9656791 22.199 1.397321 22.20104 1.398023 22.41227 0.9656791 22.42393 0.9734761 22.20186 1.399278 -8.202176 0.9700022 -8.275485 1.398023 -8.272065 1.399278 -8.273486 1.541501 -8.273361 1.544208 -8.15131 1.419926 -8.273517 1.519233 -8.383841 1.365946 -8.273361 1.544208 22.20066 1.519233 22.20035 1.541501 22.07778 1.373271 -8.272781 1.260631 -8.383841 1.365946 -8.273525 1.280802 -8.383841 22.27919 -8.343335 22.07778 -8.273525 22.20067 22.07778 1.373271 22.20038 1.257176 22.20067 1.280802 -8.202432 0.9216103 -8.189839 0.9191233 -8.057342 1.44929 -8.192452 0.9174979 -8.202432 0.9216103 -8.057999 1.448885 22.4214 0.9216103 22.50057 1.44929 22.50386 1.448885 22.50233 1.557932 22.51127 1.425647 22.50626 1.573765 -8.056934 1.557932 -8.054981 1.476044 -8.152302 1.425647 -8.054981 1.476044 -8.050241 1.573765 -7.945565 1.449753 -8.050241 1.573765 -8.152302 1.425647 -7.945565 1.449753 -8.054981 1.476044 -7.945565 1.449753 -8.055237 1.336517 -8.055237 1.336517 -8.152302 1.425647 -8.05673 1.348968 -8.152302 1.425647 -8.057684 1.332268 -8.05673 1.348968 22.42144 0.9798679 22.41195 0.9835086 22.43889 1.34206 22.42484 0.984542 22.44204 1.34249 22.43858 1.343007 -8.188473 0.984542 -8.202213 0.9798679 -8.301567 1.34249 22.42144 0.9798679 22.43889 1.34206 22.44204 1.34249 -8.301958 1.469659 -8.301949 1.453127 -8.456471 1.36308 -8.160698 1.284243 -8.301958 1.469659 -8.456471 1.36308 22.84839 -0.05308669 22.81449 0.4270194 22.82255 0.4271512 -11.40386 -0.05369011 -11.40825 0.4268826 -11.43059 -0.05393077 -11.42835 -0.05308669 -11.41293 0.4271512 -11.40386 -0.05369011 22.81968 0.2488231 22.67285 0.4868392 22.82738 0.256632 -11.41601 22.81968 -11.23522 22.67312 -11.23688 22.67074 22.83108 0.2534197 22.67312 0.4852524 22.81968 0.2488231 -11.41365 0.2534197 -11.23798 0.4868392 -11.23522 0.4852524 22.67226 0.5528798 22.78501 0.458651 22.67668 0.4592129 22.67226 0.5528798 22.67475 0.5701321 22.78501 0.458651 22.67668 0.4592129 22.56249 0.4745519 22.67475 0.5701321 22.67475 0.5701321 22.56249 0.4745519 22.78501 0.458651 22.56249 0.4745519 22.67195 0.4152758 22.78501 0.458651 22.67668 0.4592129 22.67226 0.4134025 22.67226 0.4208276 22.67668 0.4592129 22.67195 0.4152758 22.67226 0.4134025 22.82332 0.221525 22.92703 0.3981761 22.83129 0.2183537 -11.41128 0.2232604 -11.43075 0.3992958 -11.42413 0.221525 22.82136 0.2232604 22.92756 0.3981076 22.9249 0.3992958 -11.43141 22.92629 -11.42289 22.79274 -11.55309 22.94191 -11.43134 22.92624 -11.30018 22.91587 -11.42289 22.79274 -11.43158 0.5067584 -11.55309 0.3843868 -11.43109 0.3328064 -11.30018 22.91587 -11.43109 22.92875 -11.42289 22.79274 -11.55309 0.3843868 -11.43141 0.301626 -11.43141 0.3016123 22.79274 0.3965406 22.92875 0.3328064 22.92629 0.301626 -11.42371 0.2217771 -11.5079 0.4029997 -11.41368 0.2271406 22.82683 0.2217771 22.71378 0.4019727 22.71614 0.4029997 -11.41368 0.2271406 -11.5079 0.4029997 -11.50504 0.4033169 -11.50684 22.71511 -11.44831 22.85237 -11.35957 22.69008 22.71487 0.4725497 22.60518 0.3926426 22.71511 0.48666 -11.50684 22.71511 -11.62962 22.75768 -11.44831 22.85237 22.71511 0.48666 22.60518 0.3926426 22.75768 0.3706451 -11.62962 22.75768 -11.53633 22.60518 -11.50678 22.71486 22.60518 0.3926426 22.71487 0.3297347 22.71486 0.3241253 22.85237 0.3960743 22.71528 0.3360518 22.71487 0.3297347 22.81779 0.278231 22.87304 0.5814278 22.82998 0.2791759 22.81779 0.278231 22.87304 0.5799709 22.87054 0.5810158 -11.42218 0.2791759 -11.22459 0.5799709 -11.41204 0.2742441 -11.22602 0.6475825 -11.22622 0.6601068 -11.34419 0.6072893 -11.08548 22.93691 -11.27173 22.72902 -11.22622 22.87181 22.72902 0.5709721 22.87217 0.4992362 22.95681 0.6072893 -11.08548 22.93691 -11.22546 22.87354 -11.11173 22.79615 -11.22546 0.506576 -11.22602 0.5139335 -11.11173 0.5405771 22.72902 0.5709721 22.87224 0.5139335 22.87217 0.4992362 22.82128 0.1848319 22.94196 0.5154458 22.8321 0.1851309 22.8321 0.1851309 22.94146 0.5165137 22.82222 0.1895928 -11.41588 0.1851309 -11.60076 0.5154458 -11.59869 0.5165137 -11.6001 0.5969522 -11.45853 0.5138726 -11.60009 0.6000436 -11.6001 22.94058 -11.61372 23.0722 -11.45853 22.92159 -11.60055 0.6220147 -11.45853 0.5138726 -11.73352 0.4885819 -11.61372 23.0722 -11.73352 22.87956 -11.60003 22.94072 -11.45853 0.5138726 -11.60011 0.4254931 -11.73352 0.4885819 -11.45853 0.5138726 -11.60003 0.4261032 -11.60011 0.4254931 -11.73352 0.4885819 -11.60011 0.4254931 -11.60009 0.4374464 -11.41953 22.82998 -11.36814 22.64826 -11.36532 22.64989 22.82064 0.2307973 22.64826 0.4239633 22.82998 0.2372766 -11.42169 0.2307973 -11.36585 0.4229476 -11.36814 0.4239633 22.64875 0.5022341 22.64738 0.5331238 22.53432 0.4301675 22.65007 0.5204863 22.75818 0.4306693 22.64738 0.5331238 22.64875 0.5022341 22.53432 0.4301675 22.65007 0.5204863 -11.36905 0.5204863 -11.31347 0.4301675 -11.42601 0.3540959 22.75818 0.4306693 22.53432 0.4301675 22.64738 0.5331238 22.65007 0.5204863 22.55351 0.3540959 22.75818 0.4306693 22.75818 0.4306693 22.64832 0.3266844 22.53432 0.4301675 22.65387 0.331114 22.64832 0.3266844 22.75818 0.4306693 22.55351 0.3540959 22.65387 0.331114 22.75818 0.4306693 22.82284 0.2647244 22.93093 0.47019 22.83147 0.259834 -11.42398 0.2647244 -11.37223 0.471028 -11.37528 0.4713176 22.83147 0.259834 22.92819 0.471028 22.82121 0.2633076 22.93036 0.5179534 22.93294 0.4444363 22.92701 0.4450265 22.93036 0.5179534 22.9254 0.4648431 22.93294 0.4444363 22.83147 0.1734912 22.76415 0.4382712 22.76659 0.4394705 -11.41153 0.1773704 -11.59163 0.4397718 -11.42023 0.1713105 -11.42025 0.1734912 -11.59306 0.4394705 -11.41153 0.1773704 -11.59306 0.4948951 -11.46898 0.4467989 -11.59411 0.5141318 -11.59306 0.515868 -11.46898 0.4467989 -11.59306 0.4948951 22.7646 0.5141318 22.85863 0.4491572 22.7649 0.515868 22.7646 0.5141318 22.61463 0.4291755 22.85863 0.4491572 -11.46898 0.4467989 -11.59371 0.3607203 -11.59304 0.3746017 -11.66024 0.4491572 -11.59371 0.3607203 -11.46898 0.4467989 22.61463 0.4291755 22.7649 0.374305 22.85863 0.4491572 -11.46898 22.75031 -11.59304 22.76491 -11.6386 22.61463 -11.41799 0.2518608 -11.20722 0.4047982 -11.42109 0.2587244 -11.41294 22.83054 -11.20605 22.74881 -11.41799 22.81843 -11.41294 0.2510161 -11.20722 0.4047982 -11.20519 0.402812 -11.20502 0.498075 -11.0595 0.4008529 -11.20667 0.4746395 22.75 0.498075 22.884 0.3927169 22.67229 0.4008529 22.75077 0.4649406 22.75114 0.3355139 22.884 0.3927169 -11.20667 0.4746395 -11.0595 0.4008529 -11.2079 0.3355139 -11.0595 0.4008529 -11.20584 0.3229743 -11.2079 0.3355139 22.884 0.3927169 22.75114 0.3355139 22.74837 0.3152719 22.84839 -0.05308669 22.81853 -0.05393077 22.81449 0.4270194 -11.43059 -0.05393077 -11.40825 0.4268826 -11.41876 0.4270194 22.83832 -0.05369011 22.82255 0.4271512 22.81449 0.4268826 22.81968 0.2488231 22.67074 0.4850332 22.67285 0.4868392 -11.41365 0.2534197 -11.42195 0.256632 -11.23798 0.4868392 22.56249 0.4745519 22.67668 0.4592129 22.67226 0.4208276 22.67668 0.4592129 22.78501 0.458651 22.67195 0.4152758 22.67195 0.4152758 22.56249 0.4745519 22.67226 0.4208276 22.82332 0.221525 22.9249 0.3992958 22.92703 0.3981761 22.82136 0.2232604 22.83129 0.2183537 22.92756 0.3981076 -11.4164 0.2183537 -11.43296 0.3981761 -11.43037 0.3981076 -11.43141 0.4884272 -11.55309 0.3843868 -11.43158 0.5067584 22.92629 0.4884272 22.92624 0.4948336 22.79274 0.3965406 -11.43134 0.4948336 -11.43158 0.5067584 -11.30018 0.3573256 -11.43158 0.5067584 -11.43109 0.3328064 -11.30018 0.3573256 -11.55309 0.3843868 -11.43141 0.3016123 -11.43109 0.3328064 -11.55309 22.94191 -11.42289 22.79274 -11.43141 22.92629 22.82683 0.2217771 22.8189 0.2205971 22.71378 0.4019727 -11.4168 0.2205971 -11.50504 0.4033169 -11.50754 0.4019727 22.8189 0.2205971 22.82959 0.2271406 22.71448 0.4033169 -11.50659 0.4849796 -11.50684 0.48666 -11.35957 0.4056664 22.71487 0.4725497 22.71482 0.4849796 22.60518 0.3926426 -11.53633 22.60518 -11.50659 22.71482 -11.35957 22.69008 -11.53633 22.60518 -11.35957 22.69008 -11.50665 22.71487 -11.35957 22.69008 -11.44831 22.85237 -11.50665 22.71487 -11.44831 22.85237 -11.62962 22.75768 -11.50696 22.71528 -11.62962 0.3706451 -11.50678 0.3241253 -11.50696 0.3360518 22.81779 0.278231 22.87054 0.5810158 22.87304 0.5814278 22.81779 0.278231 22.82817 0.2742441 22.87304 0.5799709 -11.42218 0.2791759 -11.22746 0.5814278 -11.22459 0.5799709 -11.22602 0.6449844 -11.08548 0.6063457 -11.22622 0.6601068 -11.22602 22.87224 -11.34419 22.95681 -11.08548 22.93691 -11.22602 0.6449844 -11.22602 0.6475825 -11.34419 0.6072893 -11.22622 22.87181 -11.27173 22.72902 -11.34419 22.95681 -11.27173 22.72902 -11.08548 22.93691 -11.11173 22.79615 -11.08548 0.6063457 -11.34419 0.6072893 -11.22546 0.506576 -11.22546 0.506576 -11.34419 0.6072893 -11.22634 0.4992362 -11.27173 22.72902 -11.11173 22.79615 -11.22602 22.87224 22.82128 0.1848319 22.93893 0.5163111 22.94196 0.5154458 -11.42338 0.1848319 -11.41214 0.1895928 -11.60073 0.5163111 22.82222 0.1895928 22.94146 0.5165137 22.93893 0.5163111 -11.60009 0.6000436 -11.45853 0.5138726 -11.60055 0.6220147 22.94058 0.5969522 22.94028 0.6220147 23.0722 0.5327977 22.94028 0.6220147 22.87956 0.4885819 23.0722 0.5327977 -11.61372 23.0722 -11.60003 22.94072 -11.45853 22.92159 -11.60003 0.4261032 -11.73352 0.4885819 -11.60009 0.4374464 -11.42169 0.2307973 -11.41135 0.2302704 -11.36585 0.4229476 22.82293 0.2302704 22.64989 0.4245697 22.64755 0.4229476 22.82293 0.2302704 22.82998 0.2372766 22.64989 0.4245697 -11.42601 22.55351 -11.31347 22.53432 -11.3659 22.64832 22.82284 0.2647244 22.92875 0.4713176 22.93093 0.47019 -11.42398 0.2647244 -11.41174 0.2633076 -11.37223 0.471028 22.83147 0.259834 22.93093 0.47019 22.92819 0.471028 22.83147 0.1734912 22.81971 0.1713105 22.76415 0.4382712 -11.42023 0.1713105 -11.59163 0.4397718 -11.59447 0.4382712 22.82723 0.1773704 22.76659 0.4394705 22.76406 0.4397718 -11.59306 0.515868 -11.66024 0.4491572 -11.46898 0.4467989 -11.59411 22.7646 -11.46898 22.75031 -11.6386 22.61463 22.76588 0.3607203 22.85863 0.4491572 22.7649 0.374305 22.61463 0.4291755 22.76491 0.3746017 22.7649 0.374305 -11.41799 0.2518608 -11.20605 0.4026715 -11.20722 0.4047982 -11.41294 22.83054 -11.20519 22.75159 -11.20605 22.74881 -11.41294 0.2510161 -11.42109 0.2587244 -11.20722 0.4047982 22.75077 0.4649406 22.884 0.3927169 22.75 0.498075 22.74922 0.4746395 22.75114 0.3355139 22.75077 0.4649406 -11.0595 0.4008529 -11.20375 0.3152719 -11.20584 0.3229743 -11.0595 22.67229 -11.19422 22.884 -11.20375 22.74837 21.05472 0.5028369 21.03264 1.022148 21.04307 1.022291 21.06196 0.5021842 21.03935 1.022 21.02847 0.5019239 -10.24094 0.5028369 -10.21163 1.022291 -10.21414 0.5021842 21.04547 0.8888744 21.14835 1.05896 21.15133 1.057447 21.04783 0.89019 21.14992 1.05879 21.03628 0.8951849 -10.21197 0.89019 -10.26495 1.057447 -10.26267 1.05879 -10.22272 0.8888744 -10.26495 1.057447 -10.21197 0.89019 -10.26441 1.147508 -10.25249 1.175712 -10.16838 1.091273 -10.25249 1.175712 -10.26297 1.015465 -10.26447 0.9487903 -10.25249 1.175712 -10.28973 1.031881 -10.16838 1.091273 21.15847 1.175712 21.15108 0.9487903 21.10807 1.031881 -10.21597 21.03684 -10.30028 20.8595 -10.22414 21.04383 21.04495 0.7641807 20.8595 0.9641396 20.85762 0.9625589 -10.22414 0.7589329 -10.30028 0.9630504 -10.21143 0.7641807 20.85892 1.050047 20.86558 0.8957375 20.71239 0.9987167 -10.29855 20.85892 -10.219 20.71239 -10.45463 20.81927 -10.30995 0.9774906 -10.29232 0.8957375 -10.29855 1.050047 -10.30995 0.9774906 -10.29592 0.8766789 -10.29232 0.8957375 -10.45463 0.9807722 -10.29232 0.8957375 -10.29865 0.8836719 -10.21338 0.8033543 -10.09665 1.079677 -10.22319 0.8049956 21.04646 0.8005064 21.10934 1.078508 21.03592 0.8033543 -10.21161 0.8005064 -10.09735 1.079245 -10.09457 1.078508 21.10961 1.177741 21.23873 1.098297 21.10923 1.154054 21.10961 1.177741 21.11045 1.18125 21.00608 1.050385 21.23873 1.098297 21.05863 1.072667 21.11045 1.18125 21.00608 1.050385 21.23873 1.098297 21.10961 1.177741 -10.09525 1.18125 -9.972968 1.072667 -10.19996 1.050385 -10.19996 1.050385 -10.09623 1.006303 -10.09624 1.000429 21.04668 0.7351458 21.08406 1.074281 21.03667 0.7354783 -10.22354 0.7309834 -10.35933 1.07333 -10.35704 1.074047 21.08582 1.156565 21.08593 1.160311 21.19566 1.052156 -10.3577 1.17229 -10.41997 1.052156 -10.21713 1.081005 21.08593 1.160311 21.00135 1.037537 21.19566 1.052156 21.19566 1.052156 21.08602 0.974418 21.08583 0.9775846 -10.48996 1.037537 -10.35782 0.9945818 -10.35813 0.974418 -10.21713 1.081005 -10.35783 0.9775846 -10.35782 0.9945818 21.03872 0.7255896 20.93007 1.08713 21.04906 0.7278583 -10.22313 0.7255896 -10.15371 1.08632 -10.15647 1.08713 21.04906 0.7278583 20.93187 1.087243 21.03937 0.7238962 -10.18255 1.22632 -10.11995 1.065185 -10.15463 1.213372 -10.15416 1.207274 -10.22369 1.035942 -10.18255 1.22632 21.0319 1.065185 20.92826 0.998401 20.9295 1.207274 20.9295 1.207274 20.92826 0.998401 20.84395 1.035942 20.94134 1.22632 20.84395 1.035942 21.0319 1.065185 20.84395 1.035942 20.93054 0.9713365 21.0319 1.065185 20.92826 0.998401 20.92853 0.9640016 20.84395 1.035942 20.93054 0.9713365 20.92826 0.998401 21.0319 1.065185 21.04279 0.7546372 21.25455 1.047536 21.25686 1.046244 21.04732 0.7505434 21.2562 1.046313 21.03724 0.7569373 -10.22477 0.7546372 -10.18388 1.046244 -10.2125 0.7505434 -10.18229 1.118838 -10.04754 1.044222 -10.1822 1.150293 21.25763 1.150293 21.43558 1.055095 21.25607 1.139876 21.43558 1.055095 21.24478 1.040068 21.25821 0.9366728 21.43558 1.055095 21.25751 0.9263643 21.21559 1.044222 21.43558 1.055095 21.25821 0.9366728 21.25751 0.9263643 21.03581 0.7780114 20.92255 1.119742 21.04903 0.7814284 -10.21925 0.7780114 -10.39502 1.120734 -10.3973 1.119187 -10.22068 0.7814284 -10.39502 1.120734 -10.21053 0.7841743 20.92118 1.215547 20.86718 1.100177 21.04107 1.094387 -10.3965 1.235288 -10.43653 1.094387 -10.26571 1.137054 -10.26571 1.137054 -10.51703 1.100177 -10.39692 1.233149 21.04107 1.094387 20.92154 1.011145 20.90724 1.137054 -10.26571 1.137054 -10.3969 1.008414 -10.51703 1.100177 -10.39566 1.011145 -10.3969 1.008414 -10.26571 1.137054 -10.21648 0.7412131 -10.06562 1.159305 -10.06883 1.160263 21.04664 0.7399283 21.02867 1.159305 21.0353 0.7412131 -10.21119 0.7399283 -10.06751 1.159943 -10.06562 1.159305 -10.1344 1.141576 -10.06535 1.071126 -9.934768 1.160629 -10.06594 1.18141 -10.06831 1.067768 -10.1344 1.141576 -10.06594 1.18141 -10.06535 1.071126 -10.06831 1.067768 -10.22037 0.792104 -10.2862 1.076257 -10.28798 1.075508 -10.20924 0.7929209 -10.2862 1.076257 -10.22037 0.792104 -10.28623 21.11703 -10.3338 21.02129 -10.37074 21.24558 21.11703 1.163296 21.11665 1.19348 21.02129 1.123305 -10.28618 1.176363 -10.13874 1.029809 -10.28607 1.19348 -10.13874 1.029809 -10.3338 1.123305 -10.28607 1.19348 21.02129 1.123305 21.10786 0.9771173 21.24558 1.092123 -10.3338 1.123305 -10.13874 1.029809 -10.29167 0.9771173 -10.13874 1.029809 -10.28622 0.975561 -10.28618 0.9647834 -10.37074 1.092123 -10.28622 0.975561 -10.13874 1.029809 -10.37074 21.24558 -10.29167 21.10786 -10.28622 21.11703 -10.13874 1.029809 -10.28618 0.9647834 -10.29167 0.9771173 21.05472 0.5028369 21.02847 0.5019239 21.03264 1.022148 -10.22375 0.5019239 -10.2026 1.022 -10.21134 1.022148 -10.21414 0.5021842 -10.21163 1.022291 -10.2026 1.022 21.04547 0.8888744 21.03628 0.8951849 21.14835 1.05896 -10.21757 0.8951849 -10.26267 1.05879 -10.26552 1.05896 21.14986 1.147508 21.04404 1.091273 21.14782 1.164486 -10.26829 1.164486 -10.26297 1.015465 -10.25249 1.175712 -10.26829 1.164486 -10.16838 1.091273 -10.28973 1.031881 21.15336 1.015465 21.14782 1.164486 21.10807 1.031881 -10.21597 21.03684 -10.29749 20.85762 -10.30028 20.8595 21.03684 0.7563291 21.04495 0.7641807 20.85762 0.9625589 -10.21143 0.7641807 -10.30028 0.9630504 -10.29717 0.9641396 -10.29855 1.034202 -10.45463 0.9807722 -10.30995 0.9774906 -10.29855 1.034202 -10.29855 1.050047 -10.45463 0.9807722 -10.30995 0.9774906 -10.45463 0.9807722 -10.29865 0.8836719 -10.45463 20.81927 -10.219 20.71239 -10.29232 20.86558 20.85569 0.9774906 20.85881 0.8836719 20.86243 0.8766789 21.0457 0.8049956 21.1075 1.079677 21.11084 1.079245 -10.21338 0.8033543 -10.09457 1.078508 -10.09665 1.079677 -10.21161 0.8005064 -10.22319 0.8049956 -10.09735 1.079245 21.10923 1.154054 21.23873 1.098297 21.11045 1.18125 21.05863 1.072667 21.23873 1.098297 21.10902 0.9847283 21.23873 1.098297 21.10926 1.000429 21.10902 0.9847283 21.23873 1.098297 21.00608 1.050385 21.10926 1.000429 -10.19996 21.00608 -9.972968 21.05863 -10.09454 21.10902 21.00608 1.050385 21.10902 0.9847283 21.10923 1.006303 21.04434 0.7309834 21.08406 1.074281 21.08659 1.07333 -10.22354 0.7309834 -10.21331 0.7354783 -10.35742 1.074281 21.04668 0.7351458 21.08744 1.074047 21.08406 1.074281 -10.2112 0.7351458 -10.22354 0.7309834 -10.35704 1.074047 21.08582 1.156565 21.19566 1.052156 21.0861 1.17229 -10.35784 1.160311 -10.3577 1.17229 -10.21713 1.081005 -10.35784 1.160311 -10.21713 1.081005 -10.48996 1.037537 -10.21713 1.081005 -10.41997 1.052156 -10.35783 0.9775846 -10.41997 21.19566 -10.48996 21.00135 -10.35813 21.08602 -10.48996 21.00135 -10.21713 21.02597 -10.35782 21.08579 -10.22313 0.7255896 -10.21069 0.7238962 -10.15371 1.08632 21.03937 0.7238962 20.93187 1.087243 20.92858 1.08632 -10.21983 0.7278583 -10.15647 1.08713 -10.154 1.087243 20.93013 1.213372 21.0319 1.065185 20.9295 1.207274 20.84395 1.035942 20.92853 0.9640016 20.93054 0.9713365 -10.22477 0.7546372 -10.21322 0.7569373 -10.18225 1.047536 21.03724 0.7569373 21.2562 1.046313 21.25455 1.047536 -10.2125 0.7505434 -10.18388 1.046244 -10.18045 1.046313 -10.18229 1.118838 -10.18227 1.139876 -10.04754 1.044222 -10.04754 21.21559 -10.18227 21.25607 -10.21298 21.43558 -10.1822 1.150293 -10.04754 1.044222 -10.18078 1.040068 21.25763 1.150293 21.24478 1.040068 21.43558 1.055095 -10.04754 1.044222 -10.18118 0.9263643 -10.18078 1.040068 21.03581 0.7780114 20.91964 1.119187 20.92255 1.119742 -10.21925 0.7780114 -10.21053 0.7841743 -10.39502 1.120734 -10.22068 0.7814284 -10.39805 1.119742 -10.39502 1.120734 -10.39692 1.233149 -10.3965 1.235288 -10.26571 1.137054 20.92118 1.215547 21.04107 1.094387 20.92131 1.235288 -10.39678 1.215547 -10.39692 1.233149 -10.51703 1.100177 20.92154 1.011145 21.04107 1.094387 20.92119 1.027089 -10.43653 21.04107 -10.51703 20.86718 -10.39678 20.92119 -10.51703 1.100177 -10.3969 1.008414 -10.39678 1.027089 21.04812 0.7431788 21.0353 0.7412131 21.02775 1.160263 -10.21119 0.7399283 -10.22164 0.7431788 -10.06751 1.159943 21.04812 0.7431788 21.02775 1.160263 21.03059 1.159943 21.02885 1.246136 21.08813 1.141576 21.02812 1.25865 -10.06756 1.246136 -10.06594 1.18141 -10.1344 1.141576 -10.06594 1.18141 -10.06035 1.25865 -9.934768 1.160629 -10.06035 1.25865 -10.1344 1.141576 -9.934768 1.160629 -10.06594 1.18141 -9.934768 1.160629 -10.06535 1.071126 21.02918 1.071126 21.08813 1.141576 21.02877 1.080968 -10.1344 1.141576 -10.06831 1.067768 -10.06737 1.080968 21.04803 0.7892264 21.03626 0.792104 21.11692 1.075508 21.04302 0.7929209 21.11829 1.075847 21.11526 1.076257 -10.20924 0.7929209 -10.22146 0.7892264 -10.28487 1.075847 -10.22146 0.7892264 -10.28798 1.075508 -10.28487 1.075847 21.11712 1.176363 21.11703 1.163296 21.24558 1.092123 -10.13874 1.029809 -10.28618 1.176363 -10.37074 1.092123</float_array>
          <technique_common>
            <accessor source="#uv-array" count="11700" stride="2">
              <param name="S" type="float" />
              <param name="T" type="float" />
            </accessor>
          </technique_common>
        </source>
        <vertices id="vertices">
          <input semantic="POSITION" source="#positions" />
        </vertices>
        <triangles count="1500" material="m0">
          <input semantic="VERTEX" source="#vertices" offset="0" />
          <input semantic="NORMAL" source="#normals" offset="1" />
          <input semantic="TEXCOORD" source="#uv" offset="2" set="0" />
          <p>0 0 0 4 0 1 3 0 2 2 1 3 5 1 4 1 1 5 0 2 6 3 2 7 2 2 8 7 3 9 9 3 10 6 3 11 8 4 12 11 4 13 10 4 14 6 5 15 11 5 16 8 5 17 6 6 18 9 6 19 11 6 20 19 11 33 23 11 34 22 11 35 21 12 36 23 12 37 20 12 38 21 13 39 22 13 40 24 13 41 37 23 69 39 23 70 36 23 71 38 24 72 41 24 73 40 24 74 36 25 75 41 25 76 38 25 77 53 33 99 55 33 100 52 33 101 53 34 102 56 34 103 55 34 104 64 40 120 68 40 121 67 40 122 65 41 123 68 41 124 64 41 125 77 48 144 81 48 145 80 48 146 78 49 147 81 49 148 77 49 149 78 50 150 82 50 151 81 50 152 92 56 168 95 56 169 91 56 170 92 57 171 96 57 172 95 57 173 91 58 174 94 58 175 93 58 176 105 61 183 109 61 184 108 61 185 106 62 186 109 62 187 105 62 188 106 63 189 110 63 190 109 63 191 107 64 192 110 64 193 106 64 194 123 71 213 125 71 214 122 71 215 121 72 216 126 72 217 123 72 218 121 73 219 124 73 220 126 73 221 0 78 234 1 78 235 4 78 236 1 79 237 5 79 238 4 79 239 2 80 240 3 80 241 5 80 242 7 81 243 10 81 244 9 81 245 7 82 246 8 82 247 10 82 248 19 87 261 20 87 262 23 87 263 21 88 264 24 88 265 23 88 266 21 89 267 19 89 268 22 89 269 37 97 291 40 97 292 39 97 293 37 98 294 38 98 295 40 98 296 36 99 297 39 99 298 41 99 299 51 105 315 52 105 316 54 105 317 52 106 318 55 106 319 54 106 320 53 107 321 51 107 322 56 107 323 51 108 324 54 108 325 56 108 326 65 112 336 69 112 337 68 112 338 65 113 339 66 113 340 69 113 341 66 114 342 67 114 343 69 114 344 66 115 345 64 115 346 67 115 347 78 118 354 79 118 355 82 118 356 79 119 357 80 119 358 82 119 359 79 120 360 77 120 361 80 120 362 91 126 378 95 126 379 94 126 380 92 127 381 93 127 382 96 127 383 93 128 384 94 128 385 96 128 386 107 137 411 108 137 412 110 137 413 107 138 414 105 138 415 108 138 416 121 147 441 122 147 442 124 147 443 122 148 444 125 148 445 124 148 446 123 149 447 126 149 448 125 149 449 135 156 468 139 156 469 138 156 470 137 157 471 140 157 472 136 157 473 135 158 474 138 158 475 137 158 476 142 159 477 146 159 478 145 159 479 143 160 480 146 160 481 142 160 482 143 161 483 144 161 484 146 161 485 155 169 507 158 169 508 160 169 509 156 170 510 158 170 511 155 170 512 155 171 513 160 171 514 157 171 515 171 179 537 174 179 538 170 179 539 172 180 540 175 180 541 171 180 542 172 181 543 173 181 544 175 181 545 185 186 558 188 186 559 187 186 560 186 187 561 189 187 562 188 187 563 184 188 564 189 188 565 186 188 566 199 191 573 203 191 574 202 191 575 200 192 576 204 192 577 203 192 578 199 193 579 204 193 580 201 193 581 215 200 600 218 200 601 214 200 602 215 201 603 216 201 604 218 201 605 229 209 627 233 209 628 232 209 629 230 210 630 233 210 631 229 210 632 228 211 633 231 211 634 230 211 635 242 215 645 245 215 646 244 215 647 243 216 648 245 216 649 242 216 650 243 217 651 244 217 652 246 217 653 257 222 666 259 222 667 256 222 668 258 223 669 260 223 670 257 223 671 258 224 672 259 224 673 261 224 674 135 231 693 136 231 694 139 231 695 136 232 696 140 232 697 139 232 698 137 233 699 138 233 700 140 233 701 141 234 702 145 234 703 144 234 704 141 235 705 142 235 706 145 235 707 143 236 708 141 236 709 144 236 710 156 240 720 159 240 721 158 240 722 156 241 723 157 241 724 159 241 725 157 242 726 160 242 727 159 242 728 170 248 744 174 248 745 173 248 746 171 249 747 175 249 748 174 249 749 172 250 750 170 250 751 173 250 752 184 257 771 185 257 772 187 257 773 185 258 774 186 258 775 188 258 776 184 259 777 187 259 778 189 259 779 199 270 810 200 270 811 203 270 812 200 271 813 201 271 814 204 271 815 199 272 816 202 272 817 204 272 818 213 277 831 217 277 832 216 277 833 213 278 834 214 278 835 217 278 836 214 279 837 218 279 838 217 279 839 215 280 840 213 280 841 216 280 842 228 286 858 232 286 859 231 286 860 228 287 861 229 287 862 232 287 863 230 288 864 231 288 865 233 288 866 241 294 882 242 294 883 244 294 884 243 295 885 246 295 886 245 295 887 243 296 888 241 296 889 244 296 890 257 305 915 260 305 916 259 305 917 258 306 918 261 306 919 260 306 920 258 307 921 256 307 922 259 307 923 270 312 936 274 312 937 273 312 938 272 313 939 275 313 940 271 313 941 270 314 942 273 314 943 272 314 944 277 315 945 281 315 946 280 315 947 278 316 948 281 316 949 277 316 950 278 317 951 279 317 952 281 317 953 290 325 975 293 325 976 295 325 977 291 326 978 293 326 979 290 326 980 290 327 981 295 327 982 292 327 983 306 335 1005 309 335 1006 305 335 1007 307 336 1008 310 336 1009 306 336 1010 307 337 1011 308 337 1012 310 337 1013 320 342 1026 323 342 1027 322 342 1028 321 343 1029 324 343 1030 323 343 1031 319 344 1032 324 344 1033 321 344 1034 334 347 1041 338 347 1042 337 347 1043 335 348 1044 339 348 1045 338 348 1046 334 349 1047 339 349 1048 336 349 1049 350 356 1068 353 356 1069 349 356 1070 350 357 1071 351 357 1072 353 357 1073 364 365 1095 368 365 1096 367 365 1097 365 366 1098 368 366 1099 364 366 1100 363 367 1101 366 367 1102 365 367 1103 377 371 1113 380 371 1114 379 371 1115 378 372 1116 380 372 1117 377 372 1118 378 373 1119 379 373 1120 381 373 1121 392 378 1134 394 378 1135 391 378 1136 393 379 1137 395 379 1138 392 379 1139 393 380 1140 394 380 1141 396 380 1142 270 387 1161 271 387 1162 274 387 1163 271 388 1164 275 388 1165 274 388 1166 272 389 1167 273 389 1168 275 389 1169 276 390 1170 280 390 1171 279 390 1172 276 391 1173 277 391 1174 280 391 1175 278 392 1176 276 392 1177 279 392 1178 291 396 1188 294 396 1189 293 396 1190 291 397 1191 292 397 1192 294 397 1193 292 398 1194 295 398 1195 294 398 1196 305 404 1212 309 404 1213 308 404 1214 306 405 1215 310 405 1216 309 405 1217 307 406 1218 305 406 1219 308 406 1220 319 413 1239 320 413 1240 322 413 1241 320 414 1242 321 414 1243 323 414 1244 319 415 1245 322 415 1246 324 415 1247 334 426 1278 335 426 1279 338 426 1280 335 427 1281 336 427 1282 339 427 1283 334 428 1284 337 428 1285 339 428 1286 348 433 1299 352 433 1300 351 433 1301 348 434 1302 349 434 1303 352 434 1304 349 435 1305 353 435 1306 352 435 1307 350 436 1308 348 436 1309 351 436 1310 363 442 1326 367 442 1327 366 442 1328 363 443 1329 364 443 1330 367 443 1331 365 444 1332 366 444 1333 368 444 1334 376 450 1350 377 450 1351 379 450 1352 378 451 1353 381 451 1354 380 451 1355 378 452 1356 376 452 1357 379 452 1358 392 461 1383 395 461 1384 394 461 1385 393 462 1386 396 462 1387 395 462 1388 393 463 1389 391 463 1390 394 463 1391 405 468 1404 409 468 1405 408 468 1406 407 469 1407 410 469 1408 406 469 1409 405 470 1410 408 470 1411 407 470 1412 411 471 1413 415 471 1414 414 471 1415 413 472 1416 416 472 1417 412 472 1418 413 473 1419 414 473 1420 416 473 1421 411 474 1422 414 474 1423 413 474 1424 425 479 1437 427 479 1438 424 479 1439 426 480 1440 429 480 1441 428 480 1442 424 481 1443 427 481 1444 426 481 1445 439 487 1461 442 487 1462 438 487 1463 440 488 1464 443 488 1465 439 488 1466 440 489 1467 441 489 1468 443 489 1469 455 496 1488 457 496 1489 454 496 1490 453 497 1491 456 497 1492 458 497 1493 469 504 1512 471 504 1513 468 504 1514 469 505 1515 472 505 1516 471 505 1517 468 506 1518 473 506 1519 470 506 1520 482 515 1545 486 515 1546 485 515 1547 484 516 1548 487 516 1549 483 516 1550 482 517 1551 485 517 1552 484 517 1553 497 523 1569 499 523 1570 496 523 1571 497 524 1572 501 524 1573 500 524 1574 496 525 1575 501 525 1576 498 525 1577 512 532 1596 515 532 1597 514 532 1598 513 533 1599 515 533 1600 512 533 1601 513 534 1602 516 534 1603 515 534 1604 526 538 1614 529 538 1615 528 538 1616 527 539 1617 529 539 1618 526 539 1619 405 550 1650 406 550 1651 409 550 1652 406 551 1653 410 551 1654 409 551 1655 407 552 1656 408 552 1657 410 552 1658 411 553 1659 412 553 1660 415 553 1661 412 554 1662 416 554 1663 415 554 1664 425 559 1677 428 559 1678 427 559 1679 425 560 1680 426 560 1681 428 560 1682 426 561 1683 427 561 1684 429 561 1685 438 567 1701 442 567 1702 441 567 1703 439 568 1704 443 568 1705 442 568 1706 440 569 1707 438 569 1708 441 569 1709 453 576 1728 457 576 1729 456 576 1730 453 577 1731 454 577 1732 457 577 1733 455 578 1734 458 578 1735 457 578 1736 455 579 1737 453 579 1738 458 579 1739 469 586 1758 470 586 1759 472 586 1760 470 587 1761 473 587 1762 472 587 1763 468 588 1764 471 588 1765 473 588 1766 482 591 1773 483 591 1774 486 591 1775 483 592 1776 487 592 1777 486 592 1778 484 593 1779 485 593 1780 487 593 1781 497 599 1797 500 599 1798 499 599 1799 497 600 1800 498 600 1801 501 600 1802 496 601 1803 499 601 1804 501 601 1805 511 608 1824 512 608 1825 514 608 1826 513 609 1827 511 609 1828 516 609 1829 511 610 1830 514 610 1831 516 610 1832 525 618 1854 526 618 1855 528 618 1856 527 619 1857 530 619 1858 529 619 1859 527 620 1860 525 620 1861 530 620 1862 525 621 1863 528 621 1864 530 621 1865 540 624 1872 544 624 1873 543 624 1874 542 625 1875 545 625 1876 541 625 1877 540 626 1878 543 626 1879 542 626 1880 546 627 1881 550 627 1882 549 627 1883 548 628 1884 551 628 1885 547 628 1886 548 629 1887 549 629 1888 551 629 1889 546 630 1890 549 630 1891 548 630 1892 560 635 1905 562 635 1906 559 635 1907 561 636 1908 564 636 1909 563 636 1910 559 637 1911 562 637 1912 561 637 1913 574 643 1929 577 643 1930 573 643 1931 575 644 1932 578 644 1933 574 644 1934 575 645 1935 576 645 1936 578 645 1937 590 652 1956 592 652 1957 589 652 1958 588 653 1959 591 653 1960 593 653 1961 604 660 1980 606 660 1981 603 660 1982 604 661 1983 607 661 1984 606 661 1985 603 662 1986 608 662 1987 605 662 1988 617 671 2013 621 671 2014 620 671 2015 619 672 2016 622 672 2017 618 672 2018 617 673 2019 620 673 2020 619 673 2021 632 679 2037 634 679 2038 631 679 2039 632 680 2040 636 680 2041 635 680 2042 631 681 2043 636 681 2044 633 681 2045 647 688 2064 650 688 2065 649 688 2066 648 689 2067 650 689 2068 647 689 2069 648 690 2070 651 690 2071 650 690 2072 661 694 2082 664 694 2083 663 694 2084 662 695 2085 664 695 2086 661 695 2087 540 706 2118 541 706 2119 544 706 2120 541 707 2121 545 707 2122 544 707 2123 542 708 2124 543 708 2125 545 708 2126 546 709 2127 547 709 2128 550 709 2129 547 710 2130 551 710 2131 550 710 2132 560 715 2145 563 715 2146 562 715 2147 560 716 2148 561 716 2149 563 716 2150 561 717 2151 562 717 2152 564 717 2153 573 723 2169 577 723 2170 576 723 2171 574 724 2172 578 724 2173 577 724 2174 575 725 2175 573 725 2176 576 725 2177 588 732 2196 592 732 2197 591 732 2198 588 733 2199 589 733 2200 592 733 2201 590 734 2202 593 734 2203 592 734 2204 590 735 2205 588 735 2206 593 735 2207 604 742 2226 605 742 2227 607 742 2228 605 743 2229 608 743 2230 607 743 2231 603 744 2232 606 744 2233 608 744 2234 617 747 2241 618 747 2242 621 747 2243 618 748 2244 622 748 2245 621 748 2246 619 749 2247 620 749 2248 622 749 2249 632 755 2265 635 755 2266 634 755 2267 632 756 2268 633 756 2269 636 756 2270 631 757 2271 634 757 2272 636 757 2273 646 764 2292 647 764 2293 649 764 2294 648 765 2295 646 765 2296 651 765 2297 646 766 2298 649 766 2299 651 766 2300 660 774 2322 661 774 2323 663 774 2324 662 775 2325 665 775 2326 664 775 2327 662 776 2328 660 776 2329 665 776 2330 660 777 2331 663 777 2332 665 777 2333 675 780 2340 679 780 2341 678 780 2342 677 781 2343 680 781 2344 676 781 2345 675 782 2346 678 782 2347 677 782 2348 681 783 2349 684 783 2350 686 783 2351 683 784 2352 685 784 2353 682 784 2354 681 785 2355 686 785 2356 683 785 2357 694 791 2373 698 791 2374 697 791 2375 694 792 2376 697 792 2377 696 792 2378 710 799 2397 712 799 2398 709 799 2399 710 800 2400 713 800 2401 712 800 2402 709 801 2403 714 801 2404 711 801 2405 726 812 2436 729 812 2437 728 812 2438 727 813 2439 729 813 2440 726 813 2441 740 819 2457 742 819 2458 739 819 2459 741 820 2460 743 820 2461 740 820 2462 741 821 2463 742 821 2464 744 821 2465 753 828 2484 756 828 2485 752 828 2486 754 829 2487 757 829 2488 753 829 2489 752 830 2490 755 830 2491 754 830 2492 768 838 2514 771 838 2515 770 838 2516 769 839 2517 772 839 2518 771 839 2519 767 840 2520 772 840 2521 769 840 2522 780 844 2532 784 844 2533 783 844 2534 782 845 2535 785 845 2536 784 845 2537 780 846 2538 785 846 2539 782 846 2540 797 856 2568 800 856 2569 799 856 2570 798 857 2571 800 857 2572 797 857 2573 798 858 2574 801 858 2575 800 858 2576 675 865 2595 676 865 2596 679 865 2597 676 866 2598 680 866 2599 679 866 2600 677 867 2601 678 867 2602 680 867 2603 681 868 2604 682 868 2605 684 868 2606 682 869 2607 685 869 2608 684 869 2609 683 870 2610 686 870 2611 685 870 2612 694 874 2622 695 874 2623 698 874 2624 695 875 2625 699 875 2626 698 875 2627 695 876 2628 696 876 2629 699 876 2630 696 877 2631 697 877 2632 699 877 2633 710 884 2652 711 884 2653 713 884 2654 711 885 2655 714 885 2656 713 885 2657 709 886 2658 712 886 2659 714 886 2660 725 891 2673 726 891 2674 728 891 2675 727 892 2676 730 892 2677 729 892 2678 727 893 2679 725 893 2680 730 893 2681 725 894 2682 728 894 2683 730 894 2684 740 900 2700 743 900 2701 742 900 2702 741 901 2703 744 901 2704 743 901 2705 741 902 2706 739 902 2707 742 902 2708 752 905 2715 756 905 2716 755 905 2717 753 906 2718 757 906 2719 756 906 2720 754 907 2721 755 907 2722 757 907 2723 767 913 2739 768 913 2740 770 913 2741 768 914 2742 769 914 2743 771 914 2744 767 915 2745 770 915 2746 772 915 2747 780 921 2763 781 921 2764 784 921 2765 781 922 2766 782 922 2767 784 922 2768 780 923 2769 783 923 2770 785 923 2771 796 929 2787 797 929 2788 799 929 2789 798 930 2790 796 930 2791 801 930 2792 796 931 2793 799 931 2794 801 931 2795 810 936 2808 814 936 2809 813 936 2810 812 937 2811 815 937 2812 811 937 2813 810 938 2814 813 938 2815 812 938 2816 817 939 2817 821 939 2818 820 939 2819 818 940 2820 821 940 2821 817 940 2822 818 941 2823 819 941 2824 821 941 2825 830 949 2847 833 949 2848 835 949 2849 831 950 2850 833 950 2851 830 950 2852 830 951 2853 835 951 2854 832 951 2855 846 959 2877 849 959 2878 845 959 2879 847 960 2880 850 960 2881 846 960 2882 847 961 2883 848 961 2884 850 961 2885 860 966 2898 863 966 2899 862 966 2900 861 967 2901 864 967 2902 863 967 2903 859 968 2904 864 968 2905 861 968 2906 874 971 2913 878 971 2914 877 971 2915 875 972 2916 879 972 2917 878 972 2918 874 973 2919 879 973 2920 876 973 2921 890 980 2940 893 980 2941 889 980 2942 890 981 2943 891 981 2944 893 981 2945 904 989 2967 908 989 2968 907 989 2969 905 990 2970 908 990 2971 904 990 2972 903 991 2973 906 991 2974 905 991 2975 917 995 2985 920 995 2986 919 995 2987 918 996 2988 920 996 2989 917 996 2990 918 997 2991 919 997 2992 921 997 2993 932 1002 3006 934 1002 3007 931 1002 3008 933 1003 3009 935 1003 3010 932 1003 3011 933 1004 3012 934 1004 3013 936 1004 3014 810 1011 3033 811 1011 3034 814 1011 3035 811 1012 3036 815 1012 3037 814 1012 3038 812 1013 3039 813 1013 3040 815 1013 3041 816 1014 3042 820 1014 3043 819 1014 3044 816 1015 3045 817 1015 3046 820 1015 3047 818 1016 3048 816 1016 3049 819 1016 3050 831 1020 3060 834 1020 3061 833 1020 3062 831 1021 3063 832 1021 3064 834 1021 3065 832 1022 3066 835 1022 3067 834 1022 3068 845 1028 3084 849 1028 3085 848 1028 3086 846 1029 3087 850 1029 3088 849 1029 3089 847 1030 3090 845 1030 3091 848 1030 3092 859 1037 3111 860 1037 3112 862 1037 3113 860 1038 3114 861 1038 3115 863 1038 3116 859 1039 3117 862 1039 3118 864 1039 3119 874 1050 3150 875 1050 3151 878 1050 3152 875 1051 3153 876 1051 3154 879 1051 3155 874 1052 3156 877 1052 3157 879 1052 3158 888 1057 3171 892 1057 3172 891 1057 3173 888 1058 3174 889 1058 3175 892 1058 3176 889 1059 3177 893 1059 3178 892 1059 3179 890 1060 3180 888 1060 3181 891 1060 3182 903 1066 3198 907 1066 3199 906 1066 3200 903 1067 3201 904 1067 3202 907 1067 3203 905 1068 3204 906 1068 3205 908 1068 3206 916 1074 3222 917 1074 3223 919 1074 3224 918 1075 3225 921 1075 3226 920 1075 3227 918 1076 3228 916 1076 3229 919 1076 3230 932 1085 3255 935 1085 3256 934 1085 3257 933 1086 3258 936 1086 3259 935 1086 3260 933 1087 3261 931 1087 3262 934 1087 3263 945 1092 3276 949 1092 3277 948 1092 3278 947 1093 3279 950 1093 3280 946 1093 3281 945 1094 3282 948 1094 3283 947 1094 3284 952 1095 3285 956 1095 3286 955 1095 3287 953 1096 3288 956 1096 3289 952 1096 3290 953 1097 3291 954 1097 3292 956 1097 3293 965 1105 3315 968 1105 3316 970 1105 3317 966 1106 3318 968 1106 3319 965 1106 3320 965 1107 3321 970 1107 3322 967 1107 3323 981 1115 3345 984 1115 3346 980 1115 3347 982 1116 3348 985 1116 3349 981 1116 3350 982 1117 3351 983 1117 3352 985 1117 3353 995 1122 3366 998 1122 3367 997 1122 3368 996 1123 3369 999 1123 3370 998 1123 3371 994 1124 3372 999 1124 3373 996 1124 3374 1009 1127 3381 1013 1127 3382 1012 1127 3383 1010 1128 3384 1014 1128 3385 1013 1128 3386 1009 1129 3387 1014 1129 3388 1011 1129 3389 1025 1136 3408 1028 1136 3409 1024 1136 3410 1025 1137 3411 1026 1137 3412 1028 1137 3413 1039 1145 3435 1043 1145 3436 1042 1145 3437 1040 1146 3438 1043 1146 3439 1039 1146 3440 1038 1147 3441 1041 1147 3442 1040 1147 3443 1052 1151 3453 1055 1151 3454 1054 1151 3455 1053 1152 3456 1055 1152 3457 1052 1152 3458 1053 1153 3459 1054 1153 3460 1056 1153 3461 1067 1158 3474 1069 1158 3475 1066 1158 3476 1068 1159 3477 1070 1159 3478 1067 1159 3479 1068 1160 3480 1069 1160 3481 1071 1160 3482 945 1167 3501 946 1167 3502 949 1167 3503 946 1168 3504 950 1168 3505 949 1168 3506 947 1169 3507 948 1169 3508 950 1169 3509 951 1170 3510 955 1170 3511 954 1170 3512 951 1171 3513 952 1171 3514 955 1171 3515 953 1172 3516 951 1172 3517 954 1172 3518 966 1176 3528 969 1176 3529 968 1176 3530 966 1177 3531 967 1177 3532 969 1177 3533 967 1178 3534 970 1178 3535 969 1178 3536 980 1184 3552 984 1184 3553 983 1184 3554 981 1185 3555 985 1185 3556 984 1185 3557 982 1186 3558 980 1186 3559 983 1186 3560 994 1193 3579 995 1193 3580 997 1193 3581 995 1194 3582 996 1194 3583 998 1194 3584 994 1195 3585 997 1195 3586 999 1195 3587 1009 1206 3618 1010 1206 3619 1013 1206 3620 1010 1207 3621 1011 1207 3622 1014 1207 3623 1009 1208 3624 1012 1208 3625 1014 1208 3626 1023 1213 3639 1027 1213 3640 1026 1213 3641 1023 1214 3642 1024 1214 3643 1027 1214 3644 1024 1215 3645 1028 1215 3646 1027 1215 3647 1025 1216 3648 1023 1216 3649 1026 1216 3650 1038 1222 3666 1042 1222 3667 1041 1222 3668 1038 1223 3669 1039 1223 3670 1042 1223 3671 1040 1224 3672 1041 1224 3673 1043 1224 3674 1051 1230 3690 1052 1230 3691 1054 1230 3692 1053 1231 3693 1056 1231 3694 1055 1231 3695 1053 1232 3696 1051 1232 3697 1054 1232 3698 1067 1241 3723 1070 1241 3724 1069 1241 3725 1068 1242 3726 1071 1242 3727 1070 1242 3728 1068 1243 3729 1066 1243 3730 1069 1243 3731 1080 1248 3744 1084 1248 3745 1083 1248 3746 1082 1249 3747 1085 1249 3748 1081 1249 3749 1080 1250 3750 1083 1250 3751 1082 1250 3752 1086 1251 3753 1089 1251 3754 1091 1251 3755 1088 1252 3756 1090 1252 3757 1087 1252 3758 1086 1253 3759 1091 1253 3760 1088 1253 3761 1099 1259 3777 1103 1259 3778 1102 1259 3779 1099 1260 3780 1102 1260 3781 1101 1260 3782 1115 1267 3801 1117 1267 3802 1114 1267 3803 1115 1268 3804 1118 1268 3805 1117 1268 3806 1114 1269 3807 1119 1269 3808 1116 1269 3809 1131 1280 3840 1134 1280 3841 1133 1280 3842 1132 1281 3843 1134 1281 3844 1131 1281 3845 1145 1287 3861 1147 1287 3862 1144 1287 3863 1146 1288 3864 1148 1288 3865 1145 1288 3866 1146 1289 3867 1147 1289 3868 1149 1289 3869 1158 1296 3888 1161 1296 3889 1157 1296 3890 1159 1297 3891 1162 1297 3892 1158 1297 3893 1157 1298 3894 1160 1298 3895 1159 1298 3896 1173 1306 3918 1176 1306 3919 1175 1306 3920 1174 1307 3921 1177 1307 3922 1176 1307 3923 1172 1308 3924 1177 1308 3925 1174 1308 3926 1185 1312 3936 1189 1312 3937 1188 1312 3938 1187 1313 3939 1190 1313 3940 1189 1313 3941 1185 1314 3942 1190 1314 3943 1187 1314 3944 1202 1324 3972 1205 1324 3973 1204 1324 3974 1203 1325 3975 1205 1325 3976 1202 1325 3977 1203 1326 3978 1206 1326 3979 1205 1326 3980 1080 1333 3999 1081 1333 4000 1084 1333 4001 1081 1334 4002 1085 1334 4003 1084 1334 4004 1082 1335 4005 1083 1335 4006 1085 1335 4007 1086 1336 4008 1087 1336 4009 1089 1336 4010 1087 1337 4011 1090 1337 4012 1089 1337 4013 1088 1338 4014 1091 1338 4015 1090 1338 4016 1099 1342 4026 1100 1342 4027 1103 1342 4028 1100 1343 4029 1104 1343 4030 1103 1343 4031 1100 1344 4032 1101 1344 4033 1104 1344 4034 1101 1345 4035 1102 1345 4036 1104 1345 4037 1115 1352 4056 1116 1352 4057 1118 1352 4058 1116 1353 4059 1119 1353 4060 1118 1353 4061 1114 1354 4062 1117 1354 4063 1119 1354 4064 1130 1359 4077 1131 1359 4078 1133 1359 4079 1132 1360 4080 1135 1360 4081 1134 1360 4082 1132 1361 4083 1130 1361 4084 1135 1361 4085 1130 1362 4086 1133 1362 4087 1135 1362 4088 1145 1368 4104 1148 1368 4105 1147 1368 4106 1146 1369 4107 1149 1369 4108 1148 1369 4109 1146 1370 4110 1144 1370 4111 1147 1370 4112 1157 1373 4119 1161 1373 4120 1160 1373 4121 1158 1374 4122 1162 1374 4123 1161 1374 4124 1159 1375 4125 1160 1375 4126 1162 1375 4127 1172 1381 4143 1173 1381 4144 1175 1381 4145 1173 1382 4146 1174 1382 4147 1176 1382 4148 1172 1383 4149 1175 1383 4150 1177 1383 4151 1185 1389 4167 1186 1389 4168 1189 1389 4169 1186 1390 4170 1187 1390 4171 1189 1390 4172 1185 1391 4173 1188 1391 4174 1190 1391 4175 1201 1397 4191 1202 1397 4192 1204 1397 4193 1203 1398 4194 1201 1398 4195 1206 1398 4196 1201 1399 4197 1204 1399 4198 1206 1399 4199 1215 1404 4212 1219 1404 4213 1218 1404 4214 1217 1405 4215 1220 1405 4216 1216 1405 4217 1215 1406 4218 1218 1406 4219 1217 1406 4220 1222 1407 4221 1224 1407 4222 1221 1407 4223 1222 1408 4224 1226 1408 4225 1225 1408 4226 1223 1409 4227 1226 1409 4228 1222 1409 4229 1223 1410 4230 1224 1410 4231 1226 1410 4232 1236 1418 4254 1238 1418 4255 1235 1418 4256 1237 1419 4257 1239 1419 4258 1236 1419 4259 1237 1420 4260 1240 1420 4261 1239 1420 4262 1250 1427 4281 1253 1427 4282 1252 1427 4283 1250 1428 4284 1254 1428 4285 1253 1428 4286 1252 1429 4287 1253 1429 4288 1255 1429 4289 1267 1437 4311 1269 1437 4312 1266 1437 4313 1267 1438 4314 1271 1438 4315 1270 1438 4316 1266 1439 4317 1271 1439 4318 1268 1439 4319 1283 1446 4338 1285 1446 4339 1282 1446 4340 1282 1447 4341 1287 1447 4342 1284 1447 4343 1282 1448 4344 1285 1448 4345 1287 1448 4346 1297 1456 4368 1301 1456 4369 1300 1456 4370 1298 1457 4371 1301 1457 4372 1297 1457 4373 1298 1458 4374 1302 1458 4375 1301 1458 4376 1312 1468 4404 1314 1468 4405 1311 1468 4406 1312 1469 4407 1316 1469 4408 1315 1469 4409 1311 1470 4410 1316 1470 4411 1313 1470 4412 1321 1473 4419 1325 1473 4420 1324 1473 4421 1323 1474 4422 1326 1474 4423 1322 1474 4424 1321 1475 4425 1324 1475 4426 1323 1475 4427 1337 1484 4452 1339 1484 4453 1336 1484 4454 1338 1485 4455 1340 1485 4456 1337 1485 4457 1338 1486 4458 1339 1486 4459 1341 1486 4460 1215 1493 4479 1216 1493 4480 1219 1493 4481 1216 1494 4482 1220 1494 4483 1219 1494 4484 1217 1495 4485 1218 1495 4486 1220 1495 4487 1222 1496 4488 1225 1496 4489 1224 1496 4490 1223 1497 4491 1221 1497 4492 1224 1497 4493 1236 1501 4503 1239 1501 4504 1238 1501 4505 1237 1502 4506 1235 1502 4507 1240 1502 4508 1235 1503 4509 1238 1503 4510 1240 1503 4511 1250 1510 4530 1251 1510 4531 1254 1510 4532 1251 1511 4533 1255 1511 4534 1254 1511 4535 1251 1512 4536 1252 1512 4537 1255 1512 4538 1267 1520 4560 1270 1520 4561 1269 1520 4562 1267 1521 4563 1268 1521 4564 1271 1521 4565 1266 1522 4566 1269 1522 4567 1271 1522 4568 1283 1531 4593 1286 1531 4594 1285 1531 4595 1283 1532 4596 1284 1532 4597 1286 1532 4598 1284 1533 4599 1287 1533 4600 1286 1533 4601 1298 1539 4617 1299 1539 4618 1302 1539 4619 1299 1540 4620 1300 1540 4621 1302 1540 4622 1299 1541 4623 1297 1541 4624 1300 1541 4625 1312 1543 4629 1315 1543 4630 1314 1543 4631 1312 1544 4632 1313 1544 4633 1316 1544 4634 1311 1545 4635 1314 1545 4636 1316 1545 4637 1321 1546 4638 1322 1546 4639 1325 1546 4640 1322 1547 4641 1326 1547 4642 1325 1547 4643 1323 1548 4644 1324 1548 4645 1326 1548 4646 1337 1553 4659 1340 1553 4660 1339 1553 4661 1338 1554 4662 1341 1554 4663 1340 1554 4664 1338 1555 4665 1336 1555 4666 1339 1555 4667 1350 1560 4680 1354 1560 4681 1353 1560 4682 1352 1561 4683 1355 1561 4684 1351 1561 4685 1350 1562 4686 1353 1562 4687 1352 1562 4688 1357 1563 4689 1361 1563 4690 1360 1563 4691 1358 1564 4692 1361 1564 4693 1357 1564 4694 1358 1565 4695 1359 1565 4696 1361 1565 4697 1370 1573 4719 1373 1573 4720 1375 1573 4721 1371 1574 4722 1373 1574 4723 1370 1574 4724 1370 1575 4725 1375 1575 4726 1372 1575 4727 1386 1583 4749 1389 1583 4750 1385 1583 4751 1387 1584 4752 1390 1584 4753 1386 1584 4754 1387 1585 4755 1388 1585 4756 1390 1585 4757 1400 1590 4770 1403 1590 4771 1402 1590 4772 1401 1591 4773 1404 1591 4774 1403 1591 4775 1399 1592 4776 1404 1592 4777 1401 1592 4778 1414 1595 4785 1418 1595 4786 1417 1595 4787 1415 1596 4788 1419 1596 4789 1418 1596 4790 1414 1597 4791 1419 1597 4792 1416 1597 4793 1430 1604 4812 1433 1604 4813 1429 1604 4814 1430 1605 4815 1431 1605 4816 1433 1605 4817 1444 1613 4839 1448 1613 4840 1447 1613 4841 1445 1614 4842 1448 1614 4843 1444 1614 4844 1443 1615 4845 1446 1615 4846 1445 1615 4847 1457 1619 4857 1460 1619 4858 1459 1619 4859 1458 1620 4860 1460 1620 4861 1457 1620 4862 1458 1621 4863 1459 1621 4864 1461 1621 4865 1472 1626 4878 1474 1626 4879 1471 1626 4880 1473 1627 4881 1475 1627 4882 1472 1627 4883 1473 1628 4884 1474 1628 4885 1476 1628 4886 1350 1635 4905 1351 1635 4906 1354 1635 4907 1351 1636 4908 1355 1636 4909 1354 1636 4910 1352 1637 4911 1353 1637 4912 1355 1637 4913 1356 1638 4914 1360 1638 4915 1359 1638 4916 1356 1639 4917 1357 1639 4918 1360 1639 4919 1358 1640 4920 1356 1640 4921 1359 1640 4922 1371 1644 4932 1374 1644 4933 1373 1644 4934 1371 1645 4935 1372 1645 4936 1374 1645 4937 1372 1646 4938 1375 1646 4939 1374 1646 4940 1385 1652 4956 1389 1652 4957 1388 1652 4958 1386 1653 4959 1390 1653 4960 1389 1653 4961 1387 1654 4962 1385 1654 4963 1388 1654 4964 1399 1661 4983 1400 1661 4984 1402 1661 4985 1400 1662 4986 1401 1662 4987 1403 1662 4988 1399 1663 4989 1402 1663 4990 1404 1663 4991 1414 1674 5022 1415 1674 5023 1418 1674 5024 1415 1675 5025 1416 1675 5026 1419 1675 5027 1414 1676 5028 1417 1676 5029 1419 1676 5030 1428 1681 5043 1432 1681 5044 1431 1681 5045 1428 1682 5046 1429 1682 5047 1432 1682 5048 1429 1683 5049 1433 1683 5050 1432 1683 5051 1430 1684 5052 1428 1684 5053 1431 1684 5054 1443 1690 5070 1447 1690 5071 1446 1690 5072 1443 1691 5073 1444 1691 5074 1447 1691 5075 1445 1692 5076 1446 1692 5077 1448 1692 5078 1456 1698 5094 1457 1698 5095 1459 1698 5096 1458 1699 5097 1461 1699 5098 1460 1699 5099 1458 1700 5100 1456 1700 5101 1459 1700 5102 1472 1709 5127 1475 1709 5128 1474 1709 5129 1473 1710 5130 1476 1710 5131 1475 1710 5132 1473 1711 5133 1471 1711 5134 1474 1711 5135 1485 1716 5148 1489 1716 5149 1488 1716 5150 1487 1717 5151 1490 1717 5152 1486 1717 5153 1485 1718 5154 1488 1718 5155 1487 1718 5156 1491 1719 5157 1495 1719 5158 1494 1719 5159 1493 1720 5160 1496 1720 5161 1492 1720 5162 1493 1721 5163 1494 1721 5164 1496 1721 5165 1491 1722 5166 1494 1722 5167 1493 1722 5168 1505 1727 5181 1507 1727 5182 1504 1727 5183 1506 1728 5184 1509 1728 5185 1508 1728 5186 1504 1729 5187 1507 1729 5188 1506 1729 5189 1519 1735 5205 1522 1735 5206 1518 1735 5207 1520 1736 5208 1523 1736 5209 1519 1736 5210 1520 1737 5211 1521 1737 5212 1523 1737 5213 1535 1744 5232 1537 1744 5233 1534 1744 5234 1533 1745 5235 1536 1745 5236 1538 1745 5237 1549 1752 5256 1551 1752 5257 1548 1752 5258 1549 1753 5259 1552 1753 5260 1551 1753 5261 1548 1754 5262 1553 1754 5263 1550 1754 5264 1562 1763 5289 1566 1763 5290 1565 1763 5291 1564 1764 5292 1567 1764 5293 1563 1764 5294 1562 1765 5295 1565 1765 5296 1564 1765 5297 1577 1771 5313 1579 1771 5314 1576 1771 5315 1577 1772 5316 1581 1772 5317 1580 1772 5318 1576 1773 5319 1581 1773 5320 1578 1773 5321 1592 1780 5340 1595 1780 5341 1594 1780 5342 1593 1781 5343 1595 1781 5344 1592 1781 5345 1593 1782 5346 1596 1782 5347 1595 1782 5348 1606 1786 5358 1609 1786 5359 1608 1786 5360 1607 1787 5361 1609 1787 5362 1606 1787 5363 1485 1798 5394 1486 1798 5395 1489 1798 5396 1486 1799 5397 1490 1799 5398 1489 1799 5399 1487 1800 5400 1488 1800 5401 1490 1800 5402 1491 1801 5403 1492 1801 5404 1495 1801 5405 1492 1802 5406 1496 1802 5407 1495 1802 5408 1505 1807 5421 1508 1807 5422 1507 1807 5423 1505 1808 5424 1506 1808 5425 1508 1808 5426 1506 1809 5427 1507 1809 5428 1509 1809 5429 1518 1815 5445 1522 1815 5446 1521 1815 5447 1519 1816 5448 1523 1816 5449 1522 1816 5450 1520 1817 5451 1518 1817 5452 1521 1817 5453 1533 1824 5472 1537 1824 5473 1536 1824 5474 1533 1825 5475 1534 1825 5476 1537 1825 5477 1535 1826 5478 1538 1826 5479 1537 1826 5480 1535 1827 5481 1533 1827 5482 1538 1827 5483 1549 1834 5502 1550 1834 5503 1552 1834 5504 1550 1835 5505 1553 1835 5506 1552 1835 5507 1548 1836 5508 1551 1836 5509 1553 1836 5510 1562 1839 5517 1563 1839 5518 1566 1839 5519 1563 1840 5520 1567 1840 5521 1566 1840 5522 1564 1841 5523 1565 1841 5524 1567 1841 5525 1577 1847 5541 1580 1847 5542 1579 1847 5543 1577 1848 5544 1578 1848 5545 1581 1848 5546 1576 1849 5547 1579 1849 5548 1581 1849 5549 1591 1856 5568 1592 1856 5569 1594 1856 5570 1593 1857 5571 1591 1857 5572 1596 1857 5573 1591 1858 5574 1594 1858 5575 1596 1858 5576 1605 1866 5598 1606 1866 5599 1608 1866 5600 1607 1867 5601 1610 1867 5602 1609 1867 5603 1607 1868 5604 1605 1868 5605 1610 1868 5606 1605 1869 5607 1608 1869 5608 1610 1869 5609 1620 1872 5616 1624 1872 5617 1623 1872 5618 1622 1873 5619 1625 1873 5620 1621 1873 5621 1620 1874 5622 1623 1874 5623 1622 1874 5624 1627 1875 5625 1630 1875 5626 1629 1875 5627 1628 1876 5628 1630 1876 5629 1627 1876 5630 1626 1877 5631 1631 1877 5632 1628 1877 5633 1639 1884 5652 1643 1884 5653 1642 1884 5654 1640 1885 5655 1644 1885 5656 1643 1885 5657 1641 1886 5658 1644 1886 5659 1640 1886 5660 1639 1887 5661 1642 1887 5662 1641 1887 5663 1655 1893 5679 1657 1893 5680 1654 1893 5681 1656 1894 5682 1659 1894 5683 1658 1894 5684 1654 1895 5685 1659 1895 5686 1656 1895 5687 1669 1903 5709 1673 1903 5710 1672 1903 5711 1668 1904 5712 1673 1904 5713 1670 1904 5714 1683 1912 5736 1687 1912 5737 1686 1912 5738 1684 1913 5739 1688 1913 5740 1687 1913 5741 1685 1914 5742 1686 1914 5743 1688 1914 5744 1699 1923 5769 1703 1923 5770 1702 1923 5771 1701 1924 5772 1704 1924 5773 1700 1924 5774 1699 1925 5775 1704 1925 5776 1701 1925 5777 1714 1929 5787 1717 1929 5788 1716 1929 5789 1715 1930 5790 1717 1930 5791 1714 1930 5792 1713 1931 5793 1718 1931 5794 1715 1931 5795 1728 1936 5808 1730 1936 5809 1727 1936 5810 1729 1937 5811 1731 1937 5812 1728 1937 5813 1729 1938 5814 1730 1938 5815 1732 1938 5816 1742 1944 5832 1745 1944 5833 1744 1944 5834 1743 1945 5835 1746 1945 5836 1745 1945 5837 1741 1946 5838 1746 1946 5839 1743 1946 5840 1620 1953 5859 1621 1953 5860 1624 1953 5861 1621 1954 5862 1625 1954 5863 1624 1954 5864 1622 1955 5865 1623 1955 5866 1625 1955 5867 1626 1956 5868 1627 1956 5869 1629 1956 5870 1628 1957 5871 1631 1957 5872 1630 1957 5873 1626 1958 5874 1629 1958 5875 1631 1958 5876 1639 1961 5883 1640 1961 5884 1643 1961 5885 1641 1962 5886 1642 1962 5887 1644 1962 5888 1655 1970 5910 1658 1970 5911 1657 1970 5912 1655 1971 5913 1656 1971 5914 1658 1971 5915 1654 1972 5916 1657 1972 5917 1659 1972 5918 1668 1976 5928 1669 1976 5929 1671 1976 5930 1669 1977 5931 1672 1977 5932 1671 1977 5933 1669 1978 5934 1670 1978 5935 1673 1978 5936 1668 1979 5937 1671 1979 5938 1673 1979 5939 1683 1985 5955 1684 1985 5956 1687 1985 5957 1684 1986 5958 1685 1986 5959 1688 1986 5960 1685 1987 5961 1683 1987 5962 1686 1987 5963 1699 1994 5982 1700 1994 5983 1703 1994 5984 1700 1995 5985 1704 1995 5986 1703 1995 5987 1699 1996 5988 1702 1996 5989 1704 1996 5990 1713 2004 6012 1714 2004 6013 1716 2004 6014 1715 2005 6015 1718 2005 6016 1717 2005 6017 1713 2006 6018 1716 2006 6019 1718 2006 6020 1728 2013 6039 1731 2013 6040 1730 2013 6041 1729 2014 6042 1732 2014 6043 1731 2014 6044 1729 2015 6045 1727 2015 6046 1730 2015 6047 1741 2021 6063 1742 2021 6064 1744 2021 6065 1742 2022 6066 1743 2022 6067 1745 2022 6068 1741 2023 6069 1744 2023 6070 1746 2023 6071 1755 2028 6084 1759 2028 6085 1758 2028 6086 1757 2029 6087 1760 2029 6088 1756 2029 6089 1755 2030 6090 1758 2030 6091 1757 2030 6092 1762 2031 6093 1766 2031 6094 1765 2031 6095 1763 2032 6096 1766 2032 6097 1762 2032 6098 1763 2033 6099 1764 2033 6100 1766 2033 6101 1775 2041 6123 1778 2041 6124 1780 2041 6125 1776 2042 6126 1778 2042 6127 1775 2042 6128 1775 2043 6129 1780 2043 6130 1777 2043 6131 1791 2051 6153 1794 2051 6154 1790 2051 6155 1792 2052 6156 1795 2052 6157 1791 2052 6158 1792 2053 6159 1793 2053 6160 1795 2053 6161 1805 2058 6174 1808 2058 6175 1807 2058 6176 1806 2059 6177 1809 2059 6178 1808 2059 6179 1804 2060 6180 1809 2060 6181 1806 2060 6182 1819 2063 6189 1823 2063 6190 1822 2063 6191 1820 2064 6192 1824 2064 6193 1823 2064 6194 1819 2065 6195 1824 2065 6196 1821 2065 6197 1835 2072 6216 1838 2072 6217 1834 2072 6218 1835 2073 6219 1836 2073 6220 1838 2073 6221 1849 2081 6243 1853 2081 6244 1852 2081 6245 1850 2082 6246 1853 2082 6247 1849 2082 6248 1848 2083 6249 1851 2083 6250 1850 2083 6251 1862 2087 6261 1865 2087 6262 1864 2087 6263 1863 2088 6264 1865 2088 6265 1862 2088 6266 1863 2089 6267 1864 2089 6268 1866 2089 6269 1877 2094 6282 1879 2094 6283 1876 2094 6284 1878 2095 6285 1880 2095 6286 1877 2095 6287 1878 2096 6288 1879 2096 6289 1881 2096 6290 1755 2103 6309 1756 2103 6310 1759 2103 6311 1756 2104 6312 1760 2104 6313 1759 2104 6314 1757 2105 6315 1758 2105 6316 1760 2105 6317 1761 2106 6318 1765 2106 6319 1764 2106 6320 1761 2107 6321 1762 2107 6322 1765 2107 6323 1763 2108 6324 1761 2108 6325 1764 2108 6326 1776 2112 6336 1779 2112 6337 1778 2112 6338 1776 2113 6339 1777 2113 6340 1779 2113 6341 1777 2114 6342 1780 2114 6343 1779 2114 6344 1790 2120 6360 1794 2120 6361 1793 2120 6362 1791 2121 6363 1795 2121 6364 1794 2121 6365 1792 2122 6366 1790 2122 6367 1793 2122 6368 1804 2129 6387 1805 2129 6388 1807 2129 6389 1805 2130 6390 1806 2130 6391 1808 2130 6392 1804 2131 6393 1807 2131 6394 1809 2131 6395 1819 2142 6426 1820 2142 6427 1823 2142 6428 1820 2143 6429 1821 2143 6430 1824 2143 6431 1819 2144 6432 1822 2144 6433 1824 2144 6434 1833 2149 6447 1837 2149 6448 1836 2149 6449 1833 2150 6450 1834 2150 6451 1837 2150 6452 1834 2151 6453 1838 2151 6454 1837 2151 6455 1835 2152 6456 1833 2152 6457 1836 2152 6458 1848 2158 6474 1852 2158 6475 1851 2158 6476 1848 2159 6477 1849 2159 6478 1852 2159 6479 1850 2160 6480 1851 2160 6481 1853 2160 6482 1861 2166 6498 1862 2166 6499 1864 2166 6500 1863 2167 6501 1866 2167 6502 1865 2167 6503 1863 2168 6504 1861 2168 6505 1864 2168 6506 1877 2177 6531 1880 2177 6532 1879 2177 6533 1878 2178 6534 1881 2178 6535 1880 2178 6536 1878 2179 6537 1876 2179 6538 1879 2179 6539 1890 2184 6552 1894 2184 6553 1893 2184 6554 1892 2185 6555 1895 2185 6556 1891 2185 6557 1890 2186 6558 1893 2186 6559 1892 2186 6560 1896 2187 6561 1900 2187 6562 1899 2187 6563 1898 2188 6564 1900 2188 6565 1897 2188 6566 1896 2189 6567 1901 2189 6568 1898 2189 6569 1910 2195 6585 1914 2195 6586 1913 2195 6587 1912 2196 6588 1915 2196 6589 1911 2196 6590 1912 2197 6591 1913 2197 6592 1915 2197 6593 1910 2198 6594 1913 2198 6595 1912 2198 6596 1924 2202 6606 1926 2202 6607 1923 2202 6608 1924 2203 6609 1928 2203 6610 1927 2203 6611 1925 2204 6612 1926 2204 6613 1928 2204 6614 1939 2210 6630 1943 2210 6631 1942 2210 6632 1940 2211 6633 1943 2211 6634 1939 2211 6635 1955 2221 6663 1959 2221 6664 1958 2221 6665 1956 2222 6666 1959 2222 6667 1955 2222 6668 1957 2223 6669 1958 2223 6670 1960 2223 6671 1970 2229 6687 1972 2229 6688 1969 2229 6689 1971 2230 6690 1973 2230 6691 1970 2230 6692 1971 2231 6693 1974 2231 6694 1973 2231 6695 1969 2232 6696 1972 2232 6697 1974 2232 6698 1982 2241 6723 1986 2241 6724 1985 2241 6725 1983 2242 6726 1986 2242 6727 1982 2242 6728 1996 2251 6753 1999 2251 6754 1998 2251 6755 1997 2252 6756 2000 2252 6757 1999 2252 6758 1998 2253 6759 2001 2253 6760 2000 2253 6761 2011 2258 6774 2015 2258 6775 2014 2258 6776 2012 2259 6777 2016 2259 6778 2015 2259 6779 2013 2260 6780 2016 2260 6781 2012 2260 6782 2011 2261 6783 2014 2261 6784 2013 2261 6785 1890 2266 6798 1891 2266 6799 1894 2266 6800 1891 2267 6801 1895 2267 6802 1894 2267 6803 1892 2268 6804 1893 2268 6805 1895 2268 6806 1896 2269 6807 1897 2269 6808 1900 2269 6809 1898 2270 6810 1901 2270 6811 1900 2270 6812 1896 2271 6813 1899 2271 6814 1901 2271 6815 1910 2277 6831 1911 2277 6832 1914 2277 6833 1911 2278 6834 1915 2278 6835 1914 2278 6836 1924 2284 6852 1927 2284 6853 1926 2284 6854 1924 2285 6855 1925 2285 6856 1928 2285 6857 1925 2286 6858 1923 2286 6859 1926 2286 6860 1940 2296 6888 1944 2296 6889 1943 2296 6890 1940 2297 6891 1941 2297 6892 1944 2297 6893 1941 2298 6894 1942 2298 6895 1944 2298 6896 1941 2299 6897 1939 2299 6898 1942 2299 6899 1956 2305 6915 1960 2305 6916 1959 2305 6917 1956 2306 6918 1957 2306 6919 1960 2306 6920 1957 2307 6921 1955 2307 6922 1958 2307 6923 1970 2313 6939 1973 2313 6940 1972 2313 6941 1971 2314 6942 1969 2314 6943 1974 2314 6944 1983 2315 6945 1987 2315 6946 1986 2315 6947 1983 2316 6948 1984 2316 6949 1987 2316 6950 1984 2317 6951 1985 2317 6952 1987 2317 6953 1984 2318 6954 1982 2318 6955 1985 2318 6956 1996 2321 6963 1997 2321 6964 1999 2321 6965 1997 2322 6966 1998 2322 6967 2000 2322 6968 1998 2323 6969 1999 2323 6970 2001 2323 6971 2011 2332 6996 2012 2332 6997 2015 2332 6998 2013 2333 6999 2014 2333 7000 2016 2333 7001 2025 2340 7020 2029 2340 7021 2028 2340 7022 2027 2341 7023 2030 2341 7024 2026 2341 7025 2025 2342 7026 2028 2342 7027 2027 2342 7028 2031 2343 7029 2035 2343 7030 2034 2343 7031 2032 2344 7032 2035 2344 7033 2031 2344 7034 2033 2345 7035 2034 2345 7036 2036 2345 7037 2047 2351 7053 2050 2351 7054 2046 2351 7055 2047 2352 7056 2051 2352 7057 2050 2352 7058 2060 2356 7068 2062 2356 7069 2059 2356 7070 2061 2357 7071 2063 2357 7072 2060 2357 7073 2061 2358 7074 2064 2358 7075 2063 2358 7076 2073 2363 7089 2077 2363 7090 2076 2363 7091 2075 2364 7092 2078 2364 7093 2074 2364 7094 2075 2365 7095 2076 2365 7096 2078 2365 7097 2089 2372 7116 2092 2372 7117 2088 2372 7118 2090 2373 7119 2091 2373 7120 2093 2373 7121 2103 2384 7152 2107 2384 7153 2106 2384 7154 2105 2385 7155 2106 2385 7156 2108 2385 7157 2103 2386 7158 2106 2386 7159 2105 2386 7160 2117 2391 7173 2119 2391 7174 2116 2391 7175 2117 2392 7176 2121 2392 7177 2120 2392 7178 2118 2393 7179 2119 2393 7180 2121 2393 7181 2131 2399 7197 2133 2399 7198 2130 2399 7199 2131 2400 7200 2135 2400 7201 2134 2400 7202 2130 2401 7203 2135 2401 7204 2132 2401 7205 2145 2413 7239 2149 2413 7240 2148 2413 7241 2146 2414 7242 2150 2414 7243 2149 2414 7244 2147 2415 7245 2150 2415 7246 2146 2415 7247 2025 2422 7266 2026 2422 7267 2029 2422 7268 2026 2423 7269 2030 2423 7270 2029 2423 7271 2027 2424 7272 2028 2424 7273 2030 2424 7274 2032 2425 7275 2036 2425 7276 2035 2425 7277 2032 2426 7278 2033 2426 7279 2036 2426 7280 2033 2427 7281 2031 2427 7282 2034 2427 7283 2046 2435 7305 2050 2435 7306 2049 2435 7307 2047 2436 7308 2048 2436 7309 2051 2436 7310 2048 2437 7311 2049 2437 7312 2051 2437 7313 2048 2438 7314 2046 2438 7315 2049 2438 7316 2060 2444 7332 2063 2444 7333 2062 2444 7334 2061 2445 7335 2059 2445 7336 2064 2445 7337 2059 2446 7338 2062 2446 7339 2064 2446 7340 2073 2453 7359 2074 2453 7360 2077 2453 7361 2074 2454 7362 2078 2454 7363 2077 2454 7364 2075 2455 7365 2073 2455 7366 2076 2455 7367 2088 2462 7386 2092 2462 7387 2091 2462 7388 2089 2463 7389 2090 2463 7390 2092 2463 7391 2090 2464 7392 2093 2464 7393 2092 2464 7394 2090 2465 7395 2088 2465 7396 2091 2465 7397 2103 2468 7404 2104 2468 7405 2107 2468 7406 2104 2469 7407 2108 2469 7408 2107 2469 7409 2104 2470 7410 2105 2470 7411 2108 2470 7412 2117 2475 7425 2120 2475 7426 2119 2475 7427 2117 2476 7428 2118 2476 7429 2121 2476 7430 2118 2477 7431 2116 2477 7432 2119 2477 7433 2131 2483 7449 2134 2483 7450 2133 2483 7451 2131 2484 7452 2132 2484 7453 2135 2484 7454 2130 2485 7455 2133 2485 7456 2135 2485 7457 2145 2487 7461 2146 2487 7462 2149 2487 7463 2147 2488 7464 2148 2488 7465 2150 2488 7466 2147 2489 7467 2145 2489 7468 2148 2489 7469 2160 2496 7488 2164 2496 7489 2163 2496 7490 2162 2497 7491 2165 2497 7492 2161 2497 7493 2160 2498 7494 2163 2498 7495 2162 2498 7496 2166 2499 7497 2170 2499 7498 2169 2499 7499 2168 2500 7500 2170 2500 7501 2167 2500 7502 2168 2501 7503 2169 2501 7504 2171 2501 7505 2182 2508 7524 2184 2508 7525 2181 2508 7526 2182 2509 7527 2185 2509 7528 2184 2509 7529 2183 2510 7530 2186 2510 7531 2182 2510 7532 2183 2511 7533 2184 2511 7534 2186 2511 7535 2196 2521 7563 2198 2521 7564 2195 2521 7565 2196 2522 7566 2200 2522 7567 2199 2522 7568 2197 2523 7569 2200 2523 7570 2196 2523 7571 2197 2524 7572 2198 2524 7573 2200 2524 7574 2213 2536 7608 2217 2536 7609 2216 2536 7610 2214 2537 7611 2217 2537 7612 2213 2537 7613 2226 2543 7629 2229 2543 7630 2225 2543 7631 2226 2544 7632 2230 2544 7633 2229 2544 7634 2225 2545 7635 2228 2545 7636 2227 2545 7637 2241 2553 7659 2244 2553 7660 2240 2553 7661 2241 2554 7662 2245 2554 7663 2244 2554 7664 2240 2555 7665 2245 2555 7666 2242 2555 7667 2256 2563 7689 2259 2563 7690 2258 2563 7691 2257 2564 7692 2259 2564 7693 2256 2564 7694 2269 2570 7710 2271 2570 7711 2268 2570 7712 2270 2571 7713 2272 2571 7714 2269 2571 7715 2268 2572 7716 2273 2572 7717 2270 2572 7718 2283 2580 7740 2286 2580 7741 2282 2580 7742 2283 2581 7743 2287 2581 7744 2286 2581 7745 2284 2582 7746 2287 2582 7747 2283 2582 7748 2284 2583 7749 2285 2583 7750 2287 2583 7751 2160 2587 7761 2161 2587 7762 2164 2587 7763 2161 2588 7764 2165 2588 7765 2164 2588 7766 2162 2589 7767 2163 2589 7768 2165 2589 7769 2166 2590 7770 2167 2590 7771 2170 2590 7772 2168 2591 7773 2171 2591 7774 2170 2591 7775 2168 2592 7776 2166 2592 7777 2169 2592 7778 2182 2599 7797 2186 2599 7798 2185 2599 7799 2183 2600 7800 2181 2600 7801 2184 2600 7802 2196 2602 7806 2199 2602 7807 2198 2602 7808 2197 2603 7809 2195 2603 7810 2198 2603 7811 2212 2609 7827 2216 2609 7828 2215 2609 7829 2212 2610 7830 2213 2610 7831 2216 2610 7832 2214 2611 7833 2215 2611 7834 2217 2611 7835 2214 2612 7836 2212 2612 7837 2215 2612 7838 2225 2616 7848 2229 2616 7849 2228 2616 7850 2226 2617 7851 2227 2617 7852 2230 2617 7853 2227 2618 7854 2228 2618 7855 2230 2618 7856 2240 2624 7872 2244 2624 7873 2243 2624 7874 2241 2625 7875 2242 2625 7876 2245 2625 7877 2240 2626 7878 2243 2626 7879 2245 2626 7880 2255 2632 7896 2256 2632 7897 2258 2632 7898 2257 2633 7899 2260 2633 7900 2259 2633 7901 2257 2634 7902 2255 2634 7903 2260 2634 7904 2255 2635 7905 2258 2635 7906 2260 2635 7907 2269 2639 7917 2272 2639 7918 2271 2639 7919 2270 2640 7920 2273 2640 7921 2272 2640 7922 2268 2641 7923 2271 2641 7924 2273 2641 7925 2282 2645 7935 2286 2645 7936 2285 2645 7937 2284 2646 7938 2282 2646 7939 2285 2646 7940 2295 2652 7956 2299 2652 7957 2298 2652 7958 2297 2653 7959 2300 2653 7960 2296 2653 7961 2295 2654 7962 2298 2654 7963 2297 2654 7964 2302 2655 7965 2304 2655 7966 2301 2655 7967 2303 2656 7968 2306 2656 7969 2305 2656 7970 2301 2657 7971 2306 2657 7972 2303 2657 7973 2301 2658 7974 2304 2658 7975 2306 2658 7976 2314 2663 7989 2318 2663 7990 2317 2663 7991 2316 2664 7992 2318 2664 7993 2315 2664 7994 2316 2665 7995 2317 2665 7996 2319 2665 7997 2332 2675 8025 2334 2675 8026 2331 2675 8027 2333 2676 8028 2336 2676 8029 2335 2676 8030 2331 2677 8031 2336 2677 8032 2333 2677 8033 2348 2685 8055 2350 2685 8056 2347 2685 8057 2348 2686 8058 2351 2686 8059 2350 2686 8060 2359 2692 8076 2363 2692 8077 2362 2692 8078 2360 2693 8079 2363 2693 8080 2359 2693 8081 2372 2700 8100 2376 2700 8101 2375 2700 8102 2373 2701 8103 2376 2701 8104 2372 2701 8105 2373 2702 8106 2377 2702 8107 2376 2702 8108 2387 2708 8124 2390 2708 8125 2386 2708 8126 2387 2709 8127 2391 2709 8128 2390 2709 8129 2386 2710 8130 2389 2710 8131 2388 2710 8132 2400 2713 8139 2404 2713 8140 2403 2713 8141 2401 2714 8142 2404 2714 8143 2400 2714 8144 2401 2715 8145 2405 2715 8146 2404 2715 8147 2402 2716 8148 2405 2716 8149 2401 2716 8150 2418 2723 8169 2420 2723 8170 2417 2723 8171 2416 2724 8172 2421 2724 8173 2418 2724 8174 2416 2725 8175 2419 2725 8176 2421 2725 8177 2295 2730 8190 2296 2730 8191 2299 2730 8192 2296 2731 8193 2300 2731 8194 2299 2731 8195 2297 2732 8196 2298 2732 8197 2300 2732 8198 2302 2733 8199 2305 2733 8200 2304 2733 8201 2302 2734 8202 2303 2734 8203 2305 2734 8204 2314 2739 8217 2315 2739 8218 2318 2739 8219 2316 2740 8220 2319 2740 8221 2318 2740 8222 2316 2741 8223 2314 2741 8224 2317 2741 8225 2332 2749 8247 2335 2749 8248 2334 2749 8249 2332 2750 8250 2333 2750 8251 2335 2750 8252 2331 2751 8253 2334 2751 8254 2336 2751 8255 2346 2757 8271 2347 2757 8272 2349 2757 8273 2347 2758 8274 2350 2758 8275 2349 2758 8276 2348 2759 8277 2346 2759 8278 2351 2759 8279 2346 2760 8280 2349 2760 8281 2351 2760 8282 2360 2764 8292 2364 2764 8293 2363 2764 8294 2360 2765 8295 2361 2765 8296 2364 2765 8297 2361 2766 8298 2362 2766 8299 2364 2766 8300 2361 2767 8301 2359 2767 8302 2362 2767 8303 2373 2770 8310 2374 2770 8311 2377 2770 8312 2374 2771 8313 2375 2771 8314 2377 2771 8315 2374 2772 8316 2372 2772 8317 2375 2772 8318 2386 2778 8334 2390 2778 8335 2389 2778 8336 2387 2779 8337 2388 2779 8338 2391 2779 8339 2388 2780 8340 2389 2780 8341 2391 2780 8342 2402 2789 8367 2403 2789 8368 2405 2789 8369 2402 2790 8370 2400 2790 8371 2403 2790 8372 2416 2799 8397 2417 2799 8398 2419 2799 8399 2417 2800 8400 2420 2800 8401 2419 2800 8402 2418 2801 8403 2421 2801 8404 2420 2801 8405 2430 2808 8424 2434 2808 8425 2433 2808 8426 2432 2809 8427 2435 2809 8428 2431 2809 8429 2430 2810 8430 2433 2810 8431 2432 2810 8432 2436 2811 8433 2440 2811 8434 2439 2811 8435 2437 2812 8436 2440 2812 8437 2436 2812 8438 2438 2813 8439 2439 2813 8440 2441 2813 8441 2452 2819 8457 2455 2819 8458 2451 2819 8459 2452 2820 8460 2456 2820 8461 2455 2820 8462 2465 2824 8472 2467 2824 8473 2464 2824 8474 2466 2825 8475 2468 2825 8476 2465 2825 8477 2466 2826 8478 2469 2826 8479 2468 2826 8480 2478 2831 8493 2482 2831 8494 2481 2831 8495 2480 2832 8496 2483 2832 8497 2479 2832 8498 2480 2833 8499 2481 2833 8500 2483 2833 8501 2494 2840 8520 2497 2840 8521 2493 2840 8522 2495 2841 8523 2496 2841 8524 2498 2841 8525 2508 2852 8556 2512 2852 8557 2511 2852 8558 2510 2853 8559 2511 2853 8560 2513 2853 8561 2508 2854 8562 2511 2854 8563 2510 2854 8564 2522 2859 8577 2524 2859 8578 2521 2859 8579 2522 2860 8580 2526 2860 8581 2525 2860 8582 2523 2861 8583 2524 2861 8584 2526 2861 8585 2536 2867 8601 2538 2867 8602 2535 2867 8603 2536 2868 8604 2540 2868 8605 2539 2868 8606 2535 2869 8607 2540 2869 8608 2537 2869 8609 2550 2881 8643 2554 2881 8644 2553 2881 8645 2551 2882 8646 2555 2882 8647 2554 2882 8648 2552 2883 8649 2555 2883 8650 2551 2883 8651 2430 2890 8670 2431 2890 8671 2434 2890 8672 2431 2891 8673 2435 2891 8674 2434 2891 8675 2432 2892 8676 2433 2892 8677 2435 2892 8678 2437 2893 8679 2441 2893 8680 2440 2893 8681 2437 2894 8682 2438 2894 8683 2441 2894 8684 2438 2895 8685 2436 2895 8686 2439 2895 8687 2451 2903 8709 2455 2903 8710 2454 2903 8711 2452 2904 8712 2453 2904 8713 2456 2904 8714 2453 2905 8715 2454 2905 8716 2456 2905 8717 2453 2906 8718 2451 2906 8719 2454 2906 8720 2465 2912 8736 2468 2912 8737 2467 2912 8738 2466 2913 8739 2464 2913 8740 2469 2913 8741 2464 2914 8742 2467 2914 8743 2469 2914 8744 2478 2921 8763 2479 2921 8764 2482 2921 8765 2479 2922 8766 2483 2922 8767 2482 2922 8768 2480 2923 8769 2478 2923 8770 2481 2923 8771 2493 2930 8790 2497 2930 8791 2496 2930 8792 2494 2931 8793 2495 2931 8794 2497 2931 8795 2495 2932 8796 2498 2932 8797 2497 2932 8798 2495 2933 8799 2493 2933 8800 2496 2933 8801 2508 2936 8808 2509 2936 8809 2512 2936 8810 2509 2937 8811 2513 2937 8812 2512 2937 8813 2509 2938 8814 2510 2938 8815 2513 2938 8816 2522 2943 8829 2525 2943 8830 2524 2943 8831 2522 2944 8832 2523 2944 8833 2526 2944 8834 2523 2945 8835 2521 2945 8836 2524 2945 8837 2536 2951 8853 2539 2951 8854 2538 2951 8855 2536 2952 8856 2537 2952 8857 2540 2952 8858 2535 2953 8859 2538 2953 8860 2540 2953 8861 2550 2955 8865 2551 2955 8866 2554 2955 8867 2552 2956 8868 2553 2956 8869 2555 2956 8870 2552 2957 8871 2550 2957 8872 2553 2957 8873 2565 2964 8892 2569 2964 8893 2568 2964 8894 2567 2965 8895 2570 2965 8896 2566 2965 8897 2565 2966 8898 2568 2966 8899 2567 2966 8900 2572 2967 8901 2575 2967 8902 2574 2967 8903 2573 2968 8904 2575 2968 8905 2572 2968 8906 2571 2969 8907 2576 2969 8908 2573 2969 8909 2584 2976 8928 2588 2976 8929 2587 2976 8930 2585 2977 8931 2589 2977 8932 2588 2977 8933 2586 2978 8934 2589 2978 8935 2585 2978 8936 2584 2979 8937 2587 2979 8938 2586 2979 8939 2600 2985 8955 2602 2985 8956 2599 2985 8957 2601 2986 8958 2604 2986 8959 2603 2986 8960 2599 2987 8961 2604 2987 8962 2601 2987 8963 2614 2995 8985 2618 2995 8986 2617 2995 8987 2613 2996 8988 2618 2996 8989 2615 2996 8990 2628 3004 9012 2632 3004 9013 2631 3004 9014 2629 3005 9015 2633 3005 9016 2632 3005 9017 2630 3006 9018 2631 3006 9019 2633 3006 9020 2644 3015 9045 2648 3015 9046 2647 3015 9047 2646 3016 9048 2649 3016 9049 2645 3016 9050 2644 3017 9051 2649 3017 9052 2646 3017 9053 2659 3021 9063 2662 3021 9064 2661 3021 9065 2660 3022 9066 2662 3022 9067 2659 3022 9068 2658 3023 9069 2663 3023 9070 2660 3023 9071 2673 3028 9084 2675 3028 9085 2672 3028 9086 2674 3029 9087 2676 3029 9088 2673 3029 9089 2674 3030 9090 2675 3030 9091 2677 3030 9092 2687 3036 9108 2690 3036 9109 2689 3036 9110 2688 3037 9111 2691 3037 9112 2690 3037 9113 2686 3038 9114 2691 3038 9115 2688 3038 9116 2565 3045 9135 2566 3045 9136 2569 3045 9137 2566 3046 9138 2570 3046 9139 2569 3046 9140 2567 3047 9141 2568 3047 9142 2570 3047 9143 2571 3048 9144 2572 3048 9145 2574 3048 9146 2573 3049 9147 2576 3049 9148 2575 3049 9149 2571 3050 9150 2574 3050 9151 2576 3050 9152 2584 3053 9159 2585 3053 9160 2588 3053 9161 2586 3054 9162 2587 3054 9163 2589 3054 9164 2600 3062 9186 2603 3062 9187 2602 3062 9188 2600 3063 9189 2601 3063 9190 2603 3063 9191 2599 3064 9192 2602 3064 9193 2604 3064 9194 2613 3068 9204 2614 3068 9205 2616 3068 9206 2614 3069 9207 2617 3069 9208 2616 3069 9209 2614 3070 9210 2615 3070 9211 2618 3070 9212 2613 3071 9213 2616 3071 9214 2618 3071 9215 2628 3077 9231 2629 3077 9232 2632 3077 9233 2629 3078 9234 2630 3078 9235 2633 3078 9236 2630 3079 9237 2628 3079 9238 2631 3079 9239 2644 3086 9258 2645 3086 9259 2648 3086 9260 2645 3087 9261 2649 3087 9262 2648 3087 9263 2644 3088 9264 2647 3088 9265 2649 3088 9266 2658 3096 9288 2659 3096 9289 2661 3096 9290 2660 3097 9291 2663 3097 9292 2662 3097 9293 2658 3098 9294 2661 3098 9295 2663 3098 9296 2673 3105 9315 2676 3105 9316 2675 3105 9317 2674 3106 9318 2677 3106 9319 2676 3106 9320 2674 3107 9321 2672 3107 9322 2675 3107 9323 2686 3113 9339 2687 3113 9340 2689 3113 9341 2687 3114 9342 2688 3114 9343 2690 3114 9344 2686 3115 9345 2689 3115 9346 2691 3115 9347 2700 3120 9360 2704 3120 9361 2703 3120 9362 2702 3121 9363 2705 3121 9364 2701 3121 9365 2700 3122 9366 2703 3122 9367 2702 3122 9368 2706 3123 9369 2710 3123 9370 2709 3123 9371 2708 3124 9372 2710 3124 9373 2707 3124 9374 2706 3125 9375 2711 3125 9376 2708 3125 9377 2720 3131 9393 2724 3131 9394 2723 3131 9395 2722 3132 9396 2725 3132 9397 2721 3132 9398 2722 3133 9399 2723 3133 9400 2725 3133 9401 2720 3134 9402 2723 3134 9403 2722 3134 9404 2734 3138 9414 2736 3138 9415 2733 3138 9416 2734 3139 9417 2738 3139 9418 2737 3139 9419 2735 3140 9420 2736 3140 9421 2738 3140 9422 2749 3146 9438 2753 3146 9439 2752 3146 9440 2750 3147 9441 2753 3147 9442 2749 3147 9443 2765 3157 9471 2769 3157 9472 2768 3157 9473 2766 3158 9474 2769 3158 9475 2765 3158 9476 2767 3159 9477 2768 3159 9478 2770 3159 9479 2780 3165 9495 2782 3165 9496 2779 3165 9497 2781 3166 9498 2783 3166 9499 2780 3166 9500 2781 3167 9501 2784 3167 9502 2783 3167 9503 2779 3168 9504 2782 3168 9505 2784 3168 9506 2792 3177 9531 2796 3177 9532 2795 3177 9533 2793 3178 9534 2796 3178 9535 2792 3178 9536 2806 3187 9561 2809 3187 9562 2808 3187 9563 2807 3188 9564 2810 3188 9565 2809 3188 9566 2808 3189 9567 2811 3189 9568 2810 3189 9569 2821 3194 9582 2825 3194 9583 2824 3194 9584 2822 3195 9585 2826 3195 9586 2825 3195 9587 2823 3196 9588 2826 3196 9589 2822 3196 9590 2821 3197 9591 2824 3197 9592 2823 3197 9593 2700 3202 9606 2701 3202 9607 2704 3202 9608 2701 3203 9609 2705 3203 9610 2704 3203 9611 2702 3204 9612 2703 3204 9613 2705 3204 9614 2706 3205 9615 2707 3205 9616 2710 3205 9617 2708 3206 9618 2711 3206 9619 2710 3206 9620 2706 3207 9621 2709 3207 9622 2711 3207 9623 2720 3213 9639 2721 3213 9640 2724 3213 9641 2721 3214 9642 2725 3214 9643 2724 3214 9644 2734 3220 9660 2737 3220 9661 2736 3220 9662 2734 3221 9663 2735 3221 9664 2738 3221 9665 2735 3222 9666 2733 3222 9667 2736 3222 9668 2750 3232 9696 2754 3232 9697 2753 3232 9698 2750 3233 9699 2751 3233 9700 2754 3233 9701 2751 3234 9702 2752 3234 9703 2754 3234 9704 2751 3235 9705 2749 3235 9706 2752 3235 9707 2766 3241 9723 2770 3241 9724 2769 3241 9725 2766 3242 9726 2767 3242 9727 2770 3242 9728 2767 3243 9729 2765 3243 9730 2768 3243 9731 2780 3249 9747 2783 3249 9748 2782 3249 9749 2781 3250 9750 2779 3250 9751 2784 3250 9752 2793 3251 9753 2797 3251 9754 2796 3251 9755 2793 3252 9756 2794 3252 9757 2797 3252 9758 2794 3253 9759 2795 3253 9760 2797 3253 9761 2794 3254 9762 2792 3254 9763 2795 3254 9764 2806 3257 9771 2807 3257 9772 2809 3257 9773 2807 3258 9774 2808 3258 9775 2810 3258 9776 2808 3259 9777 2809 3259 9778 2811 3259 9779 2821 3268 9804 2822 3268 9805 2825 3268 9806 2823 3269 9807 2824 3269 9808 2826 3269 9809 2835 3276 9828 2839 3276 9829 2838 3276 9830 2837 3277 9831 2840 3277 9832 2836 3277 9833 2835 3278 9834 2838 3278 9835 2837 3278 9836 2842 3279 9837 2844 3279 9838 2841 3279 9839 2843 3280 9840 2846 3280 9841 2845 3280 9842 2841 3281 9843 2846 3281 9844 2843 3281 9845 2841 3282 9846 2844 3282 9847 2846 3282 9848 2854 3287 9861 2858 3287 9862 2857 3287 9863 2856 3288 9864 2858 3288 9865 2855 3288 9866 2856 3289 9867 2857 3289 9868 2859 3289 9869 2872 3299 9897 2874 3299 9898 2871 3299 9899 2873 3300 9900 2876 3300 9901 2875 3300 9902 2871 3301 9903 2876 3301 9904 2873 3301 9905 2888 3309 9927 2890 3309 9928 2887 3309 9929 2888 3310 9930 2891 3310 9931 2890 3310 9932 2899 3316 9948 2903 3316 9949 2902 3316 9950 2900 3317 9951 2903 3317 9952 2899 3317 9953 2912 3324 9972 2916 3324 9973 2915 3324 9974 2913 3325 9975 2916 3325 9976 2912 3325 9977 2913 3326 9978 2917 3326 9979 2916 3326 9980 2927 3332 9996 2930 3332 9997 2926 3332 9998 2927 3333 9999 2931 3333 10000 2930 3333 10001 2926 3334 10002 2929 3334 10003 2928 3334 10004 2940 3337 10011 2944 3337 10012 2943 3337 10013 2941 3338 10014 2944 3338 10015 2940 3338 10016 2941 3339 10017 2945 3339 10018 2944 3339 10019 2942 3340 10020 2945 3340 10021 2941 3340 10022 2958 3347 10041 2960 3347 10042 2957 3347 10043 2956 3348 10044 2961 3348 10045 2958 3348 10046 2956 3349 10047 2959 3349 10048 2961 3349 10049 2835 3354 10062 2836 3354 10063 2839 3354 10064 2836 3355 10065 2840 3355 10066 2839 3355 10067 2837 3356 10068 2838 3356 10069 2840 3356 10070 2842 3357 10071 2845 3357 10072 2844 3357 10073 2842 3358 10074 2843 3358 10075 2845 3358 10076 2854 3363 10089 2855 3363 10090 2858 3363 10091 2856 3364 10092 2859 3364 10093 2858 3364 10094 2856 3365 10095 2854 3365 10096 2857 3365 10097 2872 3373 10119 2875 3373 10120 2874 3373 10121 2872 3374 10122 2873 3374 10123 2875 3374 10124 2871 3375 10125 2874 3375 10126 2876 3375 10127 2886 3381 10143 2887 3381 10144 2889 3381 10145 2887 3382 10146 2890 3382 10147 2889 3382 10148 2888 3383 10149 2886 3383 10150 2891 3383 10151 2886 3384 10152 2889 3384 10153 2891 3384 10154 2900 3388 10164 2904 3388 10165 2903 3388 10166 2900 3389 10167 2901 3389 10168 2904 3389 10169 2901 3390 10170 2902 3390 10171 2904 3390 10172 2901 3391 10173 2899 3391 10174 2902 3391 10175 2913 3394 10182 2914 3394 10183 2917 3394 10184 2914 3395 10185 2915 3395 10186 2917 3395 10187 2914 3396 10188 2912 3396 10189 2915 3396 10190 2926 3402 10206 2930 3402 10207 2929 3402 10208 2927 3403 10209 2928 3403 10210 2931 3403 10211 2928 3404 10212 2929 3404 10213 2931 3404 10214 2942 3413 10239 2943 3413 10240 2945 3413 10241 2942 3414 10242 2940 3414 10243 2943 3414 10244 2956 3423 10269 2957 3423 10270 2959 3423 10271 2957 3424 10272 2960 3424 10273 2959 3424 10274 2958 3425 10275 2961 3425 10276 2960 3425 10277 2970 3432 10296 2974 3432 10297 2973 3432 10298 2972 3433 10299 2975 3433 10300 2971 3433 10301 2970 3434 10302 2973 3434 10303 2972 3434 10304 2976 3435 10305 2980 3435 10306 2979 3435 10307 2978 3436 10308 2981 3436 10309 2977 3436 10310 2978 3437 10311 2979 3437 10312 2981 3437 10313 2976 3438 10314 2979 3438 10315 2978 3438 10316 2990 3443 10329 2992 3443 10330 2989 3443 10331 2991 3444 10332 2994 3444 10333 2993 3444 10334 2989 3445 10335 2992 3445 10336 2991 3445 10337 3004 3451 10353 3007 3451 10354 3003 3451 10355 3005 3452 10356 3008 3452 10357 3004 3452 10358 3005 3453 10359 3006 3453 10360 3008 3453 10361 3020 3460 10380 3022 3460 10381 3019 3460 10382 3018 3461 10383 3021 3461 10384 3023 3461 10385 3034 3468 10404 3036 3468 10405 3033 3468 10406 3034 3469 10407 3037 3469 10408 3036 3469 10409 3033 3470 10410 3038 3470 10411 3035 3470 10412 3047 3479 10437 3051 3479 10438 3050 3479 10439 3049 3480 10440 3052 3480 10441 3048 3480 10442 3047 3481 10443 3050 3481 10444 3049 3481 10445 3062 3487 10461 3064 3487 10462 3061 3487 10463 3062 3488 10464 3066 3488 10465 3065 3488 10466 3061 3489 10467 3066 3489 10468 3063 3489 10469 3077 3496 10488 3080 3496 10489 3079 3496 10490 3078 3497 10491 3080 3497 10492 3077 3497 10493 3078 3498 10494 3081 3498 10495 3080 3498 10496 3091 3502 10506 3094 3502 10507 3093 3502 10508 3092 3503 10509 3094 3503 10510 3091 3503 10511 2970 3514 10542 2971 3514 10543 2974 3514 10544 2971 3515 10545 2975 3515 10546 2974 3515 10547 2972 3516 10548 2973 3516 10549 2975 3516 10550 2976 3517 10551 2977 3517 10552 2980 3517 10553 2977 3518 10554 2981 3518 10555 2980 3518 10556 2990 3523 10569 2993 3523 10570 2992 3523 10571 2990 3524 10572 2991 3524 10573 2993 3524 10574 2991 3525 10575 2992 3525 10576 2994 3525 10577 3003 3531 10593 3007 3531 10594 3006 3531 10595 3004 3532 10596 3008 3532 10597 3007 3532 10598 3005 3533 10599 3003 3533 10600 3006 3533 10601 3018 3540 10620 3022 3540 10621 3021 3540 10622 3018 3541 10623 3019 3541 10624 3022 3541 10625 3020 3542 10626 3023 3542 10627 3022 3542 10628 3020 3543 10629 3018 3543 10630 3023 3543 10631 3034 3550 10650 3035 3550 10651 3037 3550 10652 3035 3551 10653 3038 3551 10654 3037 3551 10655 3033 3552 10656 3036 3552 10657 3038 3552 10658 3047 3555 10665 3048 3555 10666 3051 3555 10667 3048 3556 10668 3052 3556 10669 3051 3556 10670 3049 3557 10671 3050 3557 10672 3052 3557 10673 3062 3563 10689 3065 3563 10690 3064 3563 10691 3062 3564 10692 3063 3564 10693 3066 3564 10694 3061 3565 10695 3064 3565 10696 3066 3565 10697 3076 3572 10716 3077 3572 10717 3079 3572 10718 3078 3573 10719 3076 3573 10720 3081 3573 10721 3076 3574 10722 3079 3574 10723 3081 3574 10724 3090 3582 10746 3091 3582 10747 3093 3582 10748 3092 3583 10749 3095 3583 10750 3094 3583 10751 3092 3584 10752 3090 3584 10753 3095 3584 10754 3090 3585 10755 3093 3585 10756 3095 3585 10757 3105 3588 10764 3109 3588 10765 3108 3588 10766 3107 3589 10767 3110 3589 10768 3106 3589 10769 3105 3590 10770 3108 3590 10771 3107 3590 10772 3112 3591 10773 3114 3591 10774 3111 3591 10775 3112 3592 10776 3116 3592 10777 3115 3592 10778 3113 3593 10779 3116 3593 10780 3112 3593 10781 3113 3594 10782 3114 3594 10783 3116 3594 10784 3126 3602 10806 3128 3602 10807 3125 3602 10808 3127 3603 10809 3129 3603 10810 3126 3603 10811 3127 3604 10812 3130 3604 10813 3129 3604 10814 3140 3611 10833 3143 3611 10834 3142 3611 10835 3140 3612 10836 3144 3612 10837 3143 3612 10838 3142 3613 10839 3143 3613 10840 3145 3613 10841 3157 3621 10863 3159 3621 10864 3156 3621 10865 3157 3622 10866 3161 3622 10867 3160 3622 10868 3156 3623 10869 3161 3623 10870 3158 3623 10871 3173 3630 10890 3175 3630 10891 3172 3630 10892 3172 3631 10893 3177 3631 10894 3174 3631 10895 3172 3632 10896 3175 3632 10897 3177 3632 10898 3187 3640 10920 3191 3640 10921 3190 3640 10922 3188 3641 10923 3191 3641 10924 3187 3641 10925 3188 3642 10926 3192 3642 10927 3191 3642 10928 3202 3652 10956 3204 3652 10957 3201 3652 10958 3202 3653 10959 3206 3653 10960 3205 3653 10961 3201 3654 10962 3206 3654 10963 3203 3654 10964 3211 3657 10971 3215 3657 10972 3214 3657 10973 3213 3658 10974 3216 3658 10975 3212 3658 10976 3211 3659 10977 3214 3659 10978 3213 3659 10979 3227 3668 11004 3229 3668 11005 3226 3668 11006 3228 3669 11007 3230 3669 11008 3227 3669 11009 3228 3670 11010 3229 3670 11011 3231 3670 11012 3105 3677 11031 3106 3677 11032 3109 3677 11033 3106 3678 11034 3110 3678 11035 3109 3678 11036 3107 3679 11037 3108 3679 11038 3110 3679 11039 3112 3680 11040 3115 3680 11041 3114 3680 11042 3113 3681 11043 3111 3681 11044 3114 3681 11045 3126 3685 11055 3129 3685 11056 3128 3685 11057 3127 3686 11058 3125 3686 11059 3130 3686 11060 3125 3687 11061 3128 3687 11062 3130 3687 11063 3140 3694 11082 3141 3694 11083 3144 3694 11084 3141 3695 11085 3145 3695 11086 3144 3695 11087 3141 3696 11088 3142 3696 11089 3145 3696 11090 3157 3704 11112 3160 3704 11113 3159 3704 11114 3157 3705 11115 3158 3705 11116 3161 3705 11117 3156 3706 11118 3159 3706 11119 3161 3706 11120 3173 3715 11145 3176 3715 11146 3175 3715 11147 3173 3716 11148 3174 3716 11149 3176 3716 11150 3174 3717 11151 3177 3717 11152 3176 3717 11153 3188 3723 11169 3189 3723 11170 3192 3723 11171 3189 3724 11172 3190 3724 11173 3192 3724 11174 3189 3725 11175 3187 3725 11176 3190 3725 11177 3202 3727 11181 3205 3727 11182 3204 3727 11183 3202 3728 11184 3203 3728 11185 3206 3728 11186 3201 3729 11187 3204 3729 11188 3206 3729 11189 3211 3730 11190 3212 3730 11191 3215 3730 11192 3212 3731 11193 3216 3731 11194 3215 3731 11195 3213 3732 11196 3214 3732 11197 3216 3732 11198 3227 3737 11211 3230 3737 11212 3229 3737 11213 3228 3738 11214 3231 3738 11215 3230 3738 11216 3228 3739 11217 3226 3739 11218 3229 3739 11219 3240 3744 11232 3244 3744 11233 3243 3744 11234 3242 3745 11235 3245 3745 11236 3241 3745 11237 3240 3746 11238 3243 3746 11239 3242 3746 11240 3246 3747 11241 3250 3747 11242 3249 3747 11243 3248 3748 11244 3251 3748 11245 3247 3748 11246 3248 3749 11247 3249 3749 11248 3251 3749 11249 3246 3750 11250 3249 3750 11251 3248 3750 11252 3260 3755 11265 3262 3755 11266 3259 3755 11267 3261 3756 11268 3264 3756 11269 3263 3756 11270 3259 3757 11271 3262 3757 11272 3261 3757 11273 3274 3763 11289 3277 3763 11290 3273 3763 11291 3275 3764 11292 3278 3764 11293 3274 3764 11294 3275 3765 11295 3276 3765 11296 3278 3765 11297 3290 3772 11316 3292 3772 11317 3289 3772 11318 3288 3773 11319 3291 3773 11320 3293 3773 11321 3304 3780 11340 3306 3780 11341 3303 3780 11342 3304 3781 11343 3307 3781 11344 3306 3781 11345 3303 3782 11346 3308 3782 11347 3305 3782 11348 3317 3791 11373 3321 3791 11374 3320 3791 11375 3319 3792 11376 3322 3792 11377 3318 3792 11378 3317 3793 11379 3320 3793 11380 3319 3793 11381 3332 3799 11397 3334 3799 11398 3331 3799 11399 3332 3800 11400 3336 3800 11401 3335 3800 11402 3331 3801 11403 3336 3801 11404 3333 3801 11405 3347 3808 11424 3350 3808 11425 3349 3808 11426 3348 3809 11427 3350 3809 11428 3347 3809 11429 3348 3810 11430 3351 3810 11431 3350 3810 11432 3361 3814 11442 3364 3814 11443 3363 3814 11444 3362 3815 11445 3364 3815 11446 3361 3815 11447 3240 3826 11478 3241 3826 11479 3244 3826 11480 3241 3827 11481 3245 3827 11482 3244 3827 11483 3242 3828 11484 3243 3828 11485 3245 3828 11486 3246 3829 11487 3247 3829 11488 3250 3829 11489 3247 3830 11490 3251 3830 11491 3250 3830 11492 3260 3835 11505 3263 3835 11506 3262 3835 11507 3260 3836 11508 3261 3836 11509 3263 3836 11510 3261 3837 11511 3262 3837 11512 3264 3837 11513 3273 3843 11529 3277 3843 11530 3276 3843 11531 3274 3844 11532 3278 3844 11533 3277 3844 11534 3275 3845 11535 3273 3845 11536 3276 3845 11537 3288 3852 11556 3292 3852 11557 3291 3852 11558 3288 3853 11559 3289 3853 11560 3292 3853 11561 3290 3854 11562 3293 3854 11563 3292 3854 11564 3290 3855 11565 3288 3855 11566 3293 3855 11567 3304 3862 11586 3305 3862 11587 3307 3862 11588 3305 3863 11589 3308 3863 11590 3307 3863 11591 3303 3864 11592 3306 3864 11593 3308 3864 11594 3317 3867 11601 3318 3867 11602 3321 3867 11603 3318 3868 11604 3322 3868 11605 3321 3868 11606 3319 3869 11607 3320 3869 11608 3322 3869 11609 3332 3875 11625 3335 3875 11626 3334 3875 11627 3332 3876 11628 3333 3876 11629 3336 3876 11630 3331 3877 11631 3334 3877 11632 3336 3877 11633 3346 3884 11652 3347 3884 11653 3349 3884 11654 3348 3885 11655 3346 3885 11656 3351 3885 11657 3346 3886 11658 3349 3886 11659 3351 3886 11660 3360 3894 11682 3361 3894 11683 3363 3894 11684 3362 3895 11685 3365 3895 11686 3364 3895 11687 3362 3896 11688 3360 3896 11689 3365 3896 11690 3360 3897 11691 3363 3897 11692 3365 3897 11693</p>
        </triangles>
        <triangles count="446" material="m3">
          <input semantic="VERTEX" source="#vertices" offset="0" />
          <input semantic="NORMAL" source="#normals" offset="1" />
          <input semantic="TEXCOORD" source="#uv" offset="2" set="0" />
          <p>12 7 21 15 7 22 13 7 23 14 8 24 16 8 25 12 8 26 12 9 27 16 9 28 18 9 29 15 10 30 17 10 31 16 10 32 58 35 105 59 35 106 60 35 107 57 36 108 62 36 109 59 36 110 57 37 111 60 37 112 62 37 113 60 38 114 59 38 115 63 38 116 61 39 117 63 39 118 59 39 119 97 59 177 99 59 178 100 59 179 101 60 180 104 60 181 102 60 182 13 83 249 15 83 250 14 83 251 12 84 252 18 84 253 15 84 254 14 85 255 15 85 256 16 85 257 15 86 258 18 86 259 17 86 260 58 109 327 60 109 328 57 109 329 59 110 330 62 110 331 61 110 332 62 111 333 60 111 334 63 111 335 99 129 387 101 129 388 98 129 389 100 130 390 98 130 391 97 130 392 98 131 393 101 131 394 97 131 395 101 132 396 99 132 397 103 132 398 97 133 399 101 133 400 102 133 401 99 134 402 102 134 403 103 134 404 99 135 405 97 135 406 102 135 407 101 136 408 103 136 409 104 136 410 419 475 1425 417 475 1426 420 475 1427 417 476 1428 422 476 1429 421 476 1430 417 477 1431 423 477 1432 420 477 1433 417 478 1434 421 478 1435 423 478 1436 459 498 1494 461 498 1495 463 498 1496 460 499 1497 463 499 1498 462 499 1499 461 500 1500 464 500 1501 463 500 1502 463 501 1503 466 501 1504 465 501 1505 464 502 1506 467 502 1507 466 502 1508 462 503 1509 465 503 1510 467 503 1511 488 518 1554 489 518 1555 491 518 1556 491 519 1557 492 519 1558 490 519 1559 492 520 1560 493 520 1561 495 520 1562 492 521 1563 494 521 1564 489 521 1565 492 522 1566 495 522 1567 494 522 1568 521 535 1605 524 535 1606 520 535 1607 519 536 1608 522 536 1609 521 536 1610 519 537 1611 524 537 1612 522 537 1613 419 555 1665 420 555 1666 418 555 1667 418 556 1668 422 556 1669 417 556 1670 418 557 1671 420 557 1672 423 557 1673 422 558 1674 418 558 1675 423 558 1676 459 580 1740 463 580 1741 460 580 1742 461 581 1743 460 581 1744 462 581 1745 461 582 1746 462 582 1747 464 582 1748 462 583 1749 463 583 1750 465 583 1751 463 584 1752 464 584 1753 466 584 1754 464 585 1755 462 585 1756 467 585 1757 488 594 1782 490 594 1783 489 594 1784 489 595 1785 490 595 1786 492 595 1787 491 596 1788 489 596 1789 493 596 1790 491 597 1791 493 597 1792 492 597 1793 489 598 1794 494 598 1795 493 598 1796 518 611 1833 521 611 1834 517 611 1835 518 612 1836 519 612 1837 521 612 1838 519 613 1839 517 613 1840 520 613 1841 517 614 1842 521 614 1843 520 614 1844 519 615 1845 520 615 1846 524 615 1847 524 616 1848 521 616 1849 523 616 1850 521 617 1851 522 617 1852 523 617 1853 554 631 1893 552 631 1894 555 631 1895 552 632 1896 557 632 1897 556 632 1898 552 633 1899 558 633 1900 555 633 1901 552 634 1902 556 634 1903 558 634 1904 594 654 1962 596 654 1963 598 654 1964 595 655 1965 598 655 1966 597 655 1967 596 656 1968 599 656 1969 598 656 1970 598 657 1971 601 657 1972 600 657 1973 599 658 1974 602 658 1975 601 658 1976 597 659 1977 600 659 1978 602 659 1979 623 674 2022 624 674 2023 626 674 2024 626 675 2025 627 675 2026 625 675 2027 627 676 2028 628 676 2029 630 676 2030 627 677 2031 629 677 2032 624 677 2033 627 678 2034 630 678 2035 629 678 2036 656 691 2073 659 691 2074 655 691 2075 654 692 2076 657 692 2077 656 692 2078 654 693 2079 659 693 2080 657 693 2081 554 711 2133 555 711 2134 553 711 2135 553 712 2136 557 712 2137 552 712 2138 553 713 2139 555 713 2140 558 713 2141 557 714 2142 553 714 2143 558 714 2144 594 736 2208 598 736 2209 595 736 2210 596 737 2211 595 737 2212 597 737 2213 596 738 2214 597 738 2215 599 738 2216 597 739 2217 598 739 2218 600 739 2219 598 740 2220 599 740 2221 601 740 2222 599 741 2223 597 741 2224 602 741 2225 623 750 2250 625 750 2251 624 750 2252 624 751 2253 625 751 2254 627 751 2255 626 752 2256 624 752 2257 628 752 2258 626 753 2259 628 753 2260 627 753 2261 624 754 2262 629 754 2263 628 754 2264 653 767 2301 656 767 2302 652 767 2303 653 768 2304 654 768 2305 656 768 2306 654 769 2307 652 769 2308 655 769 2309 652 770 2310 656 770 2311 655 770 2312 654 771 2313 655 771 2314 659 771 2315 659 772 2316 656 772 2317 658 772 2318 656 773 2319 657 773 2320 658 773 2321 716 802 2406 717 802 2407 715 802 2408 718 803 2409 717 803 2410 716 803 2411 718 804 2412 721 804 2413 717 804 2414 715 805 2415 717 805 2416 720 805 2417 718 806 2418 720 806 2419 721 806 2420 721 807 2421 719 807 2422 717 807 2423 719 808 2424 722 808 2425 717 808 2426 721 809 2427 720 809 2428 723 809 2429 721 810 2430 723 810 2431 719 810 2432 719 811 2433 724 811 2434 722 811 2435 732 814 2442 733 814 2443 731 814 2444 731 815 2445 733 815 2446 736 815 2447 735 816 2448 737 816 2449 733 816 2450 736 817 2451 737 817 2452 735 817 2453 733 818 2454 737 818 2455 738 818 2456 718 887 2661 715 887 2662 720 887 2663 720 888 2664 717 888 2665 722 888 2666 719 889 2667 723 889 2668 724 889 2669 723 890 2670 720 890 2671 722 890 2672 732 895 2685 734 895 2686 733 895 2687 734 896 2688 735 896 2689 733 896 2690 731 897 2691 735 897 2692 734 897 2693 731 898 2694 736 898 2695 735 898 2696 736 899 2697 733 899 2698 738 899 2699 1121 1270 3810 1122 1270 3811 1120 1270 3812 1123 1271 3813 1122 1271 3814 1121 1271 3815 1123 1272 3816 1126 1272 3817 1122 1272 3818 1120 1273 3819 1122 1273 3820 1125 1273 3821 1123 1274 3822 1125 1274 3823 1126 1274 3824 1126 1275 3825 1124 1275 3826 1122 1275 3827 1124 1276 3828 1127 1276 3829 1122 1276 3830 1126 1277 3831 1125 1277 3832 1128 1277 3833 1126 1278 3834 1128 1278 3835 1124 1278 3836 1124 1279 3837 1129 1279 3838 1127 1279 3839 1137 1282 3846 1138 1282 3847 1136 1282 3848 1136 1283 3849 1138 1283 3850 1141 1283 3851 1140 1284 3852 1142 1284 3853 1138 1284 3854 1141 1285 3855 1142 1285 3856 1140 1285 3857 1138 1286 3858 1142 1286 3859 1143 1286 3860 1123 1355 4065 1120 1355 4066 1125 1355 4067 1125 1356 4068 1122 1356 4069 1127 1356 4070 1124 1357 4071 1128 1357 4072 1129 1357 4073 1128 1358 4074 1125 1358 4075 1127 1358 4076 1137 1363 4089 1139 1363 4090 1138 1363 4091 1139 1364 4092 1140 1364 4093 1138 1364 4094 1136 1365 4095 1140 1365 4096 1139 1365 4097 1136 1366 4098 1141 1366 4099 1140 1366 4100 1141 1367 4101 1138 1367 4102 1143 1367 4103 1499 1723 5169 1497 1723 5170 1500 1723 5171 1497 1724 5172 1502 1724 5173 1501 1724 5174 1497 1725 5175 1503 1725 5176 1500 1725 5177 1497 1726 5178 1501 1726 5179 1503 1726 5180 1539 1746 5238 1541 1746 5239 1543 1746 5240 1540 1747 5241 1543 1747 5242 1542 1747 5243 1541 1748 5244 1544 1748 5245 1543 1748 5246 1543 1749 5247 1546 1749 5248 1545 1749 5249 1544 1750 5250 1547 1750 5251 1546 1750 5252 1542 1751 5253 1545 1751 5254 1547 1751 5255 1568 1766 5298 1569 1766 5299 1571 1766 5300 1571 1767 5301 1572 1767 5302 1570 1767 5303 1572 1768 5304 1573 1768 5305 1575 1768 5306 1572 1769 5307 1574 1769 5308 1569 1769 5309 1572 1770 5310 1575 1770 5311 1574 1770 5312 1601 1783 5349 1604 1783 5350 1600 1783 5351 1599 1784 5352 1602 1784 5353 1601 1784 5354 1599 1785 5355 1604 1785 5356 1602 1785 5357 1499 1803 5409 1500 1803 5410 1498 1803 5411 1498 1804 5412 1502 1804 5413 1497 1804 5414 1498 1805 5415 1500 1805 5416 1503 1805 5417 1502 1806 5418 1498 1806 5419 1503 1806 5420 1539 1828 5484 1543 1828 5485 1540 1828 5486 1541 1829 5487 1540 1829 5488 1542 1829 5489 1541 1830 5490 1542 1830 5491 1544 1830 5492 1542 1831 5493 1543 1831 5494 1545 1831 5495 1543 1832 5496 1544 1832 5497 1546 1832 5498 1544 1833 5499 1542 1833 5500 1547 1833 5501 1568 1842 5526 1570 1842 5527 1569 1842 5528 1569 1843 5529 1570 1843 5530 1572 1843 5531 1571 1844 5532 1569 1844 5533 1573 1844 5534 1571 1845 5535 1573 1845 5536 1572 1845 5537 1569 1846 5538 1574 1846 5539 1573 1846 5540 1598 1859 5577 1601 1859 5578 1597 1859 5579 1598 1860 5580 1599 1860 5581 1601 1860 5582 1599 1861 5583 1597 1861 5584 1600 1861 5585 1597 1862 5586 1601 1862 5587 1600 1862 5588 1599 1863 5589 1600 1863 5590 1604 1863 5591 1604 1864 5592 1601 1864 5593 1603 1864 5594 1601 1865 5595 1602 1865 5596 1603 1865 5597 1689 1915 5745 1694 1915 5746 1692 1915 5747 1692 1916 5748 1695 1916 5749 1693 1916 5750 1694 1917 5751 1695 1917 5752 1692 1917 5753 1693 1918 5754 1694 1918 5755 1689 1918 5756 1694 1919 5757 1697 1919 5758 1696 1919 5759 1694 1920 5760 1698 1920 5761 1697 1920 5762 1695 1921 5763 1698 1921 5764 1693 1921 5765 1695 1922 5766 1696 1922 5767 1698 1922 5768 1689 1988 5964 1690 1988 5965 1693 1988 5966 1690 1989 5967 1692 1989 5968 1693 1989 5969 1690 1990 5970 1691 1990 5971 1692 1990 5972 1691 1991 5973 1689 1991 5974 1692 1991 5975 1694 1992 5976 1693 1992 5977 1698 1992 5978 1695 1993 5979 1694 1993 5980 1696 1993 5981 1932 2205 6615 1931 2205 6616 1933 2205 6617 1929 2206 6618 1931 2206 6619 1932 2206 6620 1935 2207 6621 1934 2207 6622 1931 2207 6623 1934 2208 6624 1936 2208 6625 1931 2208 6626 1933 2209 6627 1938 2209 6628 1935 2209 6629 2017 2262 6786 2020 2262 6787 2019 2262 6788 2019 2263 6789 2023 2263 6790 2018 2263 6791 2020 2264 6792 2021 2264 6793 2019 2264 6794 2018 2265 6795 2023 2265 6796 2020 2265 6797 1929 2287 6861 1935 2287 6862 1931 2287 6863 1929 2288 6864 1930 2288 6865 1935 2288 6866 1930 2289 6867 1932 2289 6868 1935 2289 6869 1932 2290 6870 1933 2290 6871 1935 2290 6872 1933 2291 6873 1931 2291 6874 1936 2291 6875 1936 2292 6876 1934 2292 6877 1937 2292 6878 1934 2293 6879 1938 2293 6880 1937 2293 6881 1934 2294 6882 1935 2294 6883 1938 2294 6884 1933 2295 6885 1936 2295 6886 1938 2295 6887 2017 2334 7002 2018 2334 7003 2020 2334 7004 2019 2335 7005 2022 2335 7006 2023 2335 7007 2019 2336 7008 2021 2336 7009 2022 2336 7010 2020 2337 7011 2023 2337 7012 2021 2337 7013 2021 2338 7014 2023 2338 7015 2024 2338 7016 2022 2339 7017 2021 2339 7018 2024 2339 7019 2053 2353 7059 2054 2353 7060 2055 2353 7061 2054 2354 7062 2057 2354 7063 2055 2354 7064 2055 2355 7065 2057 2355 7066 2058 2355 7067 2109 2387 7161 2115 2387 7162 2111 2387 7163 2109 2388 7164 2110 2388 7165 2113 2388 7166 2111 2389 7167 2115 2389 7168 2112 2389 7169 2110 2390 7170 2112 2390 7171 2113 2390 7172 2054 2439 7317 2052 2439 7318 2057 2439 7319 2052 2440 7320 2053 2440 7321 2055 2440 7322 2057 2441 7323 2052 2441 7324 2056 2441 7325 2052 2442 7326 2055 2442 7327 2058 2442 7328 2056 2443 7329 2052 2443 7330 2058 2443 7331 2111 2471 7413 2112 2471 7414 2110 2471 7415 2109 2472 7416 2113 2472 7417 2115 2472 7418 2113 2473 7419 2112 2473 7420 2114 2473 7421 2112 2474 7422 2115 2474 7423 2114 2474 7424 2246 2556 7668 2248 2556 7669 2249 2556 7670 2246 2557 7671 2250 2557 7672 2248 2557 7673 2247 2558 7674 2249 2558 7675 2250 2558 7676 2248 2559 7677 2251 2559 7678 2249 2559 7679 2248 2560 7680 2253 2560 7681 2252 2560 7682 2248 2561 7683 2254 2561 7684 2253 2561 7685 2250 2562 7686 2252 2562 7687 2254 2562 7688 2246 2627 7881 2247 2627 7882 2250 2627 7883 2250 2628 7884 2249 2628 7885 2251 2628 7886 2250 2629 7887 2251 2629 7888 2252 2629 7889 2251 2630 7890 2248 2630 7891 2252 2630 7892 2248 2631 7893 2250 2631 7894 2254 2631 7895 2307 2659 7977 2310 2659 7978 2308 2659 7979 2309 2660 7980 2311 2660 7981 2307 2660 7982 2307 2661 7983 2311 2661 7984 2313 2661 7985 2310 2662 7986 2312 2662 7987 2311 2662 7988 2353 2687 8061 2354 2687 8062 2355 2687 8063 2352 2688 8064 2357 2688 8065 2354 2688 8066 2352 2689 8067 2355 2689 8068 2357 2689 8069 2355 2690 8070 2354 2690 8071 2358 2690 8072 2356 2691 8073 2358 2691 8074 2354 2691 8075 2392 2711 8133 2394 2711 8134 2395 2711 8135 2396 2712 8136 2399 2712 8137 2397 2712 8138 2308 2735 8205 2310 2735 8206 2309 2735 8207 2307 2736 8208 2313 2736 8209 2310 2736 8210 2309 2737 8211 2310 2737 8212 2311 2737 8213 2310 2738 8214 2313 2738 8215 2312 2738 8216 2353 2761 8283 2355 2761 8284 2352 2761 8285 2354 2762 8286 2357 2762 8287 2356 2762 8288 2357 2763 8289 2355 2763 8290 2358 2763 8291 2394 2781 8343 2396 2781 8344 2393 2781 8345 2395 2782 8346 2393 2782 8347 2392 2782 8348 2393 2783 8349 2396 2783 8350 2392 2783 8351 2396 2784 8352 2394 2784 8353 2398 2784 8354 2392 2785 8355 2396 2785 8356 2397 2785 8357 2394 2786 8358 2397 2786 8359 2398 2786 8360 2394 2787 8361 2392 2787 8362 2397 2787 8363 2396 2788 8364 2398 2788 8365 2399 2788 8366 2458 2821 8463 2459 2821 8464 2460 2821 8465 2459 2822 8466 2462 2822 8467 2460 2822 8468 2460 2823 8469 2462 2823 8470 2463 2823 8471 2514 2855 8565 2520 2855 8566 2516 2855 8567 2514 2856 8568 2515 2856 8569 2518 2856 8570 2516 2857 8571 2520 2857 8572 2517 2857 8573 2515 2858 8574 2517 2858 8575 2518 2858 8576 2459 2907 8721 2457 2907 8722 2462 2907 8723 2457 2908 8724 2458 2908 8725 2460 2908 8726 2462 2909 8727 2457 2909 8728 2461 2909 8729 2457 2910 8730 2460 2910 8731 2463 2910 8732 2461 2911 8733 2457 2911 8734 2463 2911 8735 2516 2939 8817 2517 2939 8818 2515 2939 8819 2514 2940 8820 2518 2940 8821 2520 2940 8822 2518 2941 8823 2517 2941 8824 2519 2941 8825 2517 2942 8826 2520 2942 8827 2519 2942 8828 2634 3007 9021 2639 3007 9022 2637 3007 9023 2637 3008 9024 2640 3008 9025 2638 3008 9026 2639 3009 9027 2640 3009 9028 2637 3009 9029 2638 3010 9030 2639 3010 9031 2634 3010 9032 2639 3011 9033 2642 3011 9034 2641 3011 9035 2639 3012 9036 2643 3012 9037 2642 3012 9038 2640 3013 9039 2643 3013 9040 2638 3013 9041 2640 3014 9042 2641 3014 9043 2643 3014 9044 2634 3080 9240 2635 3080 9241 2638 3080 9242 2635 3081 9243 2637 3081 9244 2638 3081 9245 2635 3082 9246 2636 3082 9247 2637 3082 9248 2636 3083 9249 2634 3083 9250 2637 3083 9251 2639 3084 9252 2638 3084 9253 2643 3084 9254 2640 3085 9255 2639 3085 9256 2641 3085 9257 2742 3141 9423 2741 3141 9424 2743 3141 9425 2739 3142 9426 2741 3142 9427 2742 3142 9428 2745 3143 9429 2744 3143 9430 2741 3143 9431 2744 3144 9432 2746 3144 9433 2741 3144 9434 2743 3145 9435 2748 3145 9436 2745 3145 9437 2827 3198 9594 2830 3198 9595 2829 3198 9596 2829 3199 9597 2833 3199 9598 2828 3199 9599 2830 3200 9600 2831 3200 9601 2829 3200 9602 2828 3201 9603 2833 3201 9604 2830 3201 9605 2739 3223 9669 2745 3223 9670 2741 3223 9671 2739 3224 9672 2740 3224 9673 2745 3224 9674 2740 3225 9675 2742 3225 9676 2745 3225 9677 2742 3226 9678 2743 3226 9679 2745 3226 9680 2743 3227 9681 2741 3227 9682 2746 3227 9683 2746 3228 9684 2744 3228 9685 2747 3228 9686 2744 3229 9687 2748 3229 9688 2747 3229 9689 2744 3230 9690 2745 3230 9691 2748 3230 9692 2743 3231 9693 2746 3231 9694 2748 3231 9695 2827 3270 9810 2828 3270 9811 2830 3270 9812 2829 3271 9813 2832 3271 9814 2833 3271 9815 2829 3272 9816 2831 3272 9817 2832 3272 9818 2830 3273 9819 2833 3273 9820 2831 3273 9821 2831 3274 9822 2833 3274 9823 2834 3274 9824 2832 3275 9825 2831 3275 9826 2834 3275 9827 2847 3283 9849 2850 3283 9850 2848 3283 9851 2849 3284 9852 2851 3284 9853 2847 3284 9854 2847 3285 9855 2851 3285 9856 2853 3285 9857 2850 3286 9858 2852 3286 9859 2851 3286 9860 2893 3311 9933 2894 3311 9934 2895 3311 9935 2892 3312 9936 2897 3312 9937 2894 3312 9938 2892 3313 9939 2895 3313 9940 2897 3313 9941 2895 3314 9942 2894 3314 9943 2898 3314 9944 2896 3315 9945 2898 3315 9946 2894 3315 9947 2932 3335 10005 2934 3335 10006 2935 3335 10007 2936 3336 10008 2939 3336 10009 2937 3336 10010 2848 3359 10077 2850 3359 10078 2849 3359 10079 2847 3360 10080 2853 3360 10081 2850 3360 10082 2849 3361 10083 2850 3361 10084 2851 3361 10085 2850 3362 10086 2853 3362 10087 2852 3362 10088 2893 3385 10155 2895 3385 10156 2892 3385 10157 2894 3386 10158 2897 3386 10159 2896 3386 10160 2897 3387 10161 2895 3387 10162 2898 3387 10163 2934 3405 10215 2936 3405 10216 2933 3405 10217 2935 3406 10218 2933 3406 10219 2932 3406 10220 2933 3407 10221 2936 3407 10222 2932 3407 10223 2936 3408 10224 2934 3408 10225 2938 3408 10226 2932 3409 10227 2936 3409 10228 2937 3409 10229 2934 3410 10230 2937 3410 10231 2938 3410 10232 2934 3411 10233 2932 3411 10234 2937 3411 10235 2936 3412 10236 2938 3412 10237 2939 3412 10238 2984 3439 10317 2982 3439 10318 2985 3439 10319 2982 3440 10320 2987 3440 10321 2986 3440 10322 2982 3441 10323 2988 3441 10324 2985 3441 10325 2982 3442 10326 2986 3442 10327 2988 3442 10328 3024 3462 10386 3026 3462 10387 3028 3462 10388 3025 3463 10389 3028 3463 10390 3027 3463 10391 3026 3464 10392 3029 3464 10393 3028 3464 10394 3028 3465 10395 3031 3465 10396 3030 3465 10397 3029 3466 10398 3032 3466 10399 3031 3466 10400 3027 3467 10401 3030 3467 10402 3032 3467 10403 3053 3482 10446 3054 3482 10447 3056 3482 10448 3056 3483 10449 3057 3483 10450 3055 3483 10451 3057 3484 10452 3058 3484 10453 3060 3484 10454 3057 3485 10455 3059 3485 10456 3054 3485 10457 3057 3486 10458 3060 3486 10459 3059 3486 10460 3086 3499 10497 3089 3499 10498 3085 3499 10499 3084 3500 10500 3087 3500 10501 3086 3500 10502 3084 3501 10503 3089 3501 10504 3087 3501 10505 2984 3519 10557 2985 3519 10558 2983 3519 10559 2983 3520 10560 2987 3520 10561 2982 3520 10562 2983 3521 10563 2985 3521 10564 2988 3521 10565 2987 3522 10566 2983 3522 10567 2988 3522 10568 3024 3544 10632 3028 3544 10633 3025 3544 10634 3026 3545 10635 3025 3545 10636 3027 3545 10637 3026 3546 10638 3027 3546 10639 3029 3546 10640 3027 3547 10641 3028 3547 10642 3030 3547 10643 3028 3548 10644 3029 3548 10645 3031 3548 10646 3029 3549 10647 3027 3549 10648 3032 3549 10649 3053 3558 10674 3055 3558 10675 3054 3558 10676 3054 3559 10677 3055 3559 10678 3057 3559 10679 3056 3560 10680 3054 3560 10681 3058 3560 10682 3056 3561 10683 3058 3561 10684 3057 3561 10685 3054 3562 10686 3059 3562 10687 3058 3562 10688 3083 3575 10725 3086 3575 10726 3082 3575 10727 3083 3576 10728 3084 3576 10729 3086 3576 10730 3084 3577 10731 3082 3577 10732 3085 3577 10733 3082 3578 10734 3086 3578 10735 3085 3578 10736 3084 3579 10737 3085 3579 10738 3089 3579 10739 3089 3580 10740 3086 3580 10741 3088 3580 10742 3086 3581 10743 3087 3581 10744 3088 3581 10745 3254 3751 11253 3252 3751 11254 3255 3751 11255 3252 3752 11256 3257 3752 11257 3256 3752 11258 3252 3753 11259 3258 3753 11260 3255 3753 11261 3252 3754 11262 3256 3754 11263 3258 3754 11264 3294 3774 11322 3296 3774 11323 3298 3774 11324 3295 3775 11325 3298 3775 11326 3297 3775 11327 3296 3776 11328 3299 3776 11329 3298 3776 11330 3298 3777 11331 3301 3777 11332 3300 3777 11333 3299 3778 11334 3302 3778 11335 3301 3778 11336 3297 3779 11337 3300 3779 11338 3302 3779 11339 3323 3794 11382 3324 3794 11383 3326 3794 11384 3326 3795 11385 3327 3795 11386 3325 3795 11387 3327 3796 11388 3328 3796 11389 3330 3796 11390 3327 3797 11391 3329 3797 11392 3324 3797 11393 3327 3798 11394 3330 3798 11395 3329 3798 11396 3356 3811 11433 3359 3811 11434 3355 3811 11435 3354 3812 11436 3357 3812 11437 3356 3812 11438 3354 3813 11439 3359 3813 11440 3357 3813 11441 3254 3831 11493 3255 3831 11494 3253 3831 11495 3253 3832 11496 3257 3832 11497 3252 3832 11498 3253 3833 11499 3255 3833 11500 3258 3833 11501 3257 3834 11502 3253 3834 11503 3258 3834 11504 3294 3856 11568 3298 3856 11569 3295 3856 11570 3296 3857 11571 3295 3857 11572 3297 3857 11573 3296 3858 11574 3297 3858 11575 3299 3858 11576 3297 3859 11577 3298 3859 11578 3300 3859 11579 3298 3860 11580 3299 3860 11581 3301 3860 11582 3299 3861 11583 3297 3861 11584 3302 3861 11585 3323 3870 11610 3325 3870 11611 3324 3870 11612 3324 3871 11613 3325 3871 11614 3327 3871 11615 3326 3872 11616 3324 3872 11617 3328 3872 11618 3326 3873 11619 3328 3873 11620 3327 3873 11621 3324 3874 11622 3329 3874 11623 3328 3874 11624 3353 3887 11661 3356 3887 11662 3352 3887 11663 3353 3888 11664 3354 3888 11665 3356 3888 11666 3354 3889 11667 3352 3889 11668 3355 3889 11669 3352 3890 11670 3356 3890 11671 3355 3890 11672 3354 3891 11673 3355 3891 11674 3359 3891 11675 3359 3892 11676 3356 3892 11677 3358 3892 11678 3356 3893 11679 3357 3893 11680 3358 3893 11681</p>
        </triangles>
        <triangles count="504" material="m2">
          <input semantic="VERTEX" source="#vertices" offset="0" />
          <input semantic="NORMAL" source="#normals" offset="1" />
          <input semantic="TEXCOORD" source="#uv" offset="2" set="0" />
          <p>27 14 42 28 14 43 26 14 44 25 15 45 26 15 46 30 15 47 26 16 48 28 16 49 30 16 50 25 17 51 30 17 52 29 17 53 27 18 54 29 18 55 28 18 56 31 19 57 32 19 58 29 19 59 31 20 60 30 20 61 33 20 62 32 21 63 33 21 64 35 21 65 30 22 66 34 22 67 33 22 68 70 42 126 74 42 127 73 42 128 70 43 129 71 43 130 74 43 131 71 44 132 75 44 133 74 44 134 74 45 135 76 45 136 73 45 137 71 46 138 72 46 139 75 46 140 74 47 141 75 47 142 76 47 143 128 74 222 130 74 223 127 74 224 129 75 225 134 75 226 131 75 227 131 76 228 132 76 229 130 76 230 131 77 231 134 77 232 133 77 233 27 90 270 25 90 271 29 90 272 30 91 273 31 91 274 29 91 275 28 92 276 32 92 277 30 92 278 28 93 279 29 93 280 32 93 281 30 94 282 32 94 283 34 94 284 32 95 285 35 95 286 34 95 287 32 96 288 31 96 289 33 96 290 71 116 348 73 116 349 72 116 350 72 117 351 73 117 352 76 117 353 127 150 450 130 150 451 129 150 452 128 151 453 131 151 454 130 151 455 128 152 456 129 152 457 131 152 458 130 153 459 134 153 460 129 153 461 130 154 462 132 154 463 134 154 464 132 155 465 131 155 466 133 155 467 177 182 546 179 182 547 180 182 548 178 183 549 179 183 550 177 183 551 180 184 552 182 184 553 178 184 554 180 185 555 181 185 556 182 185 557 219 202 606 223 202 607 222 202 608 219 203 609 224 203 610 223 203 611 220 204 612 221 204 613 224 204 614 219 205 615 222 205 616 221 205 617 221 206 618 222 206 619 224 206 620 226 207 621 227 207 622 223 207 623 225 208 624 226 208 625 224 208 626 176 251 753 177 251 754 180 251 755 176 252 756 180 252 757 178 252 758 178 253 759 182 253 760 179 253 761 180 254 762 183 254 763 181 254 764 180 255 765 179 255 766 183 255 767 179 256 768 182 256 769 183 256 770 219 281 843 220 281 844 224 281 845 222 282 846 225 282 847 224 282 848 222 283 849 223 283 850 225 283 851 223 284 852 224 284 853 226 284 854 225 285 855 223 285 856 227 285 857 312 338 1014 314 338 1015 315 338 1016 313 339 1017 314 339 1018 312 339 1019 315 340 1020 317 340 1021 313 340 1022 315 341 1023 316 341 1024 317 341 1025 354 358 1074 358 358 1075 357 358 1076 354 359 1077 359 359 1078 358 359 1079 355 360 1080 356 360 1081 359 360 1082 354 361 1083 357 361 1084 356 361 1085 356 362 1086 357 362 1087 359 362 1088 361 363 1089 362 363 1090 358 363 1091 360 364 1092 361 364 1093 359 364 1094 311 407 1221 312 407 1222 315 407 1223 311 408 1224 315 408 1225 313 408 1226 313 409 1227 317 409 1228 314 409 1229 315 410 1230 318 410 1231 316 410 1232 315 411 1233 314 411 1234 318 411 1235 314 412 1236 317 412 1237 318 412 1238 354 437 1311 355 437 1312 359 437 1313 357 438 1314 360 438 1315 359 438 1316 357 439 1317 358 439 1318 360 439 1319 358 440 1320 359 440 1321 361 440 1322 360 441 1323 358 441 1324 362 441 1325 446 490 1470 448 490 1471 445 490 1472 446 491 1473 444 491 1474 451 491 1475 448 492 1476 447 492 1477 444 492 1478 451 493 1479 448 493 1480 446 493 1481 444 494 1482 447 494 1483 451 494 1484 451 495 1485 452 495 1486 450 495 1487 445 570 1710 448 570 1711 444 570 1712 447 571 1713 448 571 1714 449 571 1715 448 572 1716 450 572 1717 449 572 1718 448 573 1719 451 573 1720 450 573 1721 451 574 1722 447 574 1723 449 574 1724 451 575 1725 449 575 1726 452 575 1727 581 646 1938 583 646 1939 580 646 1940 581 647 1941 579 647 1942 586 647 1943 583 648 1944 582 648 1945 579 648 1946 586 649 1947 583 649 1948 581 649 1949 579 650 1950 582 650 1951 586 650 1952 586 651 1953 587 651 1954 585 651 1955 580 726 2178 583 726 2179 579 726 2180 582 727 2181 583 727 2182 584 727 2183 583 728 2184 585 728 2185 584 728 2186 583 729 2187 586 729 2188 585 729 2189 586 730 2190 582 730 2191 584 730 2192 586 731 2193 584 731 2194 587 731 2195 758 831 2493 763 831 2494 760 831 2495 760 832 2496 761 832 2497 762 832 2498 763 833 2499 761 833 2500 760 833 2501 762 834 2502 761 834 2503 764 834 2504 761 835 2505 763 835 2506 764 835 2507 763 836 2508 766 836 2509 765 836 2510 764 837 2511 766 837 2512 762 837 2513 758 908 2724 759 908 2725 763 908 2726 759 909 2727 762 909 2728 763 909 2729 759 910 2730 760 910 2731 762 910 2732 764 911 2733 763 911 2734 765 911 2735 763 912 2736 762 912 2737 766 912 2738 852 962 2886 854 962 2887 855 962 2888 853 963 2889 854 963 2890 852 963 2891 855 964 2892 857 964 2893 853 964 2894 855 965 2895 856 965 2896 857 965 2897 894 982 2946 898 982 2947 897 982 2948 894 983 2949 899 983 2950 898 983 2951 895 984 2952 896 984 2953 899 984 2954 894 985 2955 897 985 2956 896 985 2957 896 986 2958 897 986 2959 899 986 2960 901 987 2961 902 987 2962 898 987 2963 900 988 2964 901 988 2965 899 988 2966 851 1031 3093 852 1031 3094 855 1031 3095 851 1032 3096 855 1032 3097 853 1032 3098 853 1033 3099 857 1033 3100 854 1033 3101 855 1034 3102 858 1034 3103 856 1034 3104 855 1035 3105 854 1035 3106 858 1035 3107 854 1036 3108 857 1036 3109 858 1036 3110 894 1061 3183 895 1061 3184 899 1061 3185 897 1062 3186 900 1062 3187 899 1062 3188 897 1063 3189 898 1063 3190 900 1063 3191 898 1064 3192 899 1064 3193 901 1064 3194 900 1065 3195 898 1065 3196 902 1065 3197 987 1118 3354 989 1118 3355 990 1118 3356 988 1119 3357 989 1119 3358 987 1119 3359 990 1120 3360 992 1120 3361 988 1120 3362 990 1121 3363 991 1121 3364 992 1121 3365 1029 1138 3414 1033 1138 3415 1032 1138 3416 1029 1139 3417 1034 1139 3418 1033 1139 3419 1030 1140 3420 1031 1140 3421 1034 1140 3422 1029 1141 3423 1032 1141 3424 1031 1141 3425 1031 1142 3426 1032 1142 3427 1034 1142 3428 1036 1143 3429 1037 1143 3430 1033 1143 3431 1035 1144 3432 1036 1144 3433 1034 1144 3434 986 1187 3561 987 1187 3562 990 1187 3563 986 1188 3564 990 1188 3565 988 1188 3566 988 1189 3567 992 1189 3568 989 1189 3569 990 1190 3570 993 1190 3571 991 1190 3572 990 1191 3573 989 1191 3574 993 1191 3575 989 1192 3576 992 1192 3577 993 1192 3578 1029 1217 3651 1030 1217 3652 1034 1217 3653 1032 1218 3654 1035 1218 3655 1034 1218 3656 1032 1219 3657 1033 1219 3658 1035 1219 3659 1033 1220 3660 1034 1220 3661 1036 1220 3662 1035 1221 3663 1033 1221 3664 1037 1221 3665 1163 1299 3897 1168 1299 3898 1165 1299 3899 1165 1300 3900 1166 1300 3901 1167 1300 3902 1168 1301 3903 1166 1301 3904 1165 1301 3905 1167 1302 3906 1166 1302 3907 1169 1302 3908 1166 1303 3909 1168 1303 3910 1169 1303 3911 1168 1304 3912 1171 1304 3913 1170 1304 3914 1169 1305 3915 1171 1305 3916 1167 1305 3917 1163 1376 4128 1164 1376 4129 1168 1376 4130 1164 1377 4131 1167 1377 4132 1168 1377 4133 1164 1378 4134 1165 1378 4135 1167 1378 4136 1169 1379 4137 1168 1379 4138 1170 1379 4139 1168 1380 4140 1167 1380 4141 1171 1380 4142 1243 1421 4263 1244 1421 4264 1246 1421 4265 1241 1422 4266 1247 1422 4267 1244 1422 4268 1242 1423 4269 1246 1423 4270 1245 1423 4271 1247 1424 4272 1245 1424 4273 1244 1424 4274 1246 1425 4275 1249 1425 4276 1248 1425 4277 1244 1426 4278 1245 1426 4279 1249 1426 4280 1317 1471 4413 1320 1471 4414 1319 1471 4415 1317 1472 4416 1318 1472 4417 1320 1472 4418 1327 1476 4428 1329 1476 4429 1331 1476 4430 1328 1477 4431 1329 1477 4432 1327 1477 4433 1331 1478 4434 1330 1478 4435 1328 1478 4436 1331 1479 4437 1332 1479 4438 1330 1479 4439 1329 1480 4440 1334 1480 4441 1333 1480 4442 1330 1481 4443 1334 1481 4444 1329 1481 4445 1332 1482 4446 1335 1482 4447 1330 1482 4448 1329 1483 4449 1333 1483 4450 1332 1483 4451 1243 1504 4512 1246 1504 4513 1242 1504 4514 1243 1505 4515 1241 1505 4516 1244 1505 4517 1241 1506 4518 1242 1506 4519 1247 1506 4520 1242 1507 4521 1245 1507 4522 1247 1507 4523 1246 1508 4524 1248 1508 4525 1245 1508 4526 1246 1509 4527 1244 1509 4528 1249 1509 4529 1328 1549 4647 1330 1549 4648 1329 1549 4649 1331 1550 4650 1329 1550 4651 1332 1550 4652 1334 1551 4653 1330 1551 4654 1335 1551 4655 1332 1552 4656 1333 1552 4657 1335 1552 4658 1392 1586 4758 1394 1586 4759 1395 1586 4760 1393 1587 4761 1394 1587 4762 1392 1587 4763 1395 1588 4764 1397 1588 4765 1393 1588 4766 1395 1589 4767 1396 1589 4768 1397 1589 4769 1434 1606 4818 1438 1606 4819 1437 1606 4820 1434 1607 4821 1439 1607 4822 1438 1607 4823 1435 1608 4824 1436 1608 4825 1439 1608 4826 1434 1609 4827 1437 1609 4828 1436 1609 4829 1436 1610 4830 1437 1610 4831 1439 1610 4832 1441 1611 4833 1442 1611 4834 1438 1611 4835 1440 1612 4836 1441 1612 4837 1439 1612 4838 1391 1655 4965 1392 1655 4966 1395 1655 4967 1391 1656 4968 1395 1656 4969 1393 1656 4970 1393 1657 4971 1397 1657 4972 1394 1657 4973 1395 1658 4974 1398 1658 4975 1396 1658 4976 1395 1659 4977 1394 1659 4978 1398 1659 4979 1394 1660 4980 1397 1660 4981 1398 1660 4982 1434 1685 5055 1435 1685 5056 1439 1685 5057 1437 1686 5058 1440 1686 5059 1439 1686 5060 1437 1687 5061 1438 1687 5062 1440 1687 5063 1438 1688 5064 1439 1688 5065 1441 1688 5066 1440 1689 5067 1438 1689 5068 1442 1689 5069 1526 1738 5214 1528 1738 5215 1525 1738 5216 1526 1739 5217 1524 1739 5218 1531 1739 5219 1528 1740 5220 1527 1740 5221 1524 1740 5222 1531 1741 5223 1528 1741 5224 1526 1741 5225 1524 1742 5226 1527 1742 5227 1531 1742 5228 1531 1743 5229 1532 1743 5230 1530 1743 5231 1525 1818 5454 1528 1818 5455 1524 1818 5456 1527 1819 5457 1528 1819 5458 1529 1819 5459 1528 1820 5460 1530 1820 5461 1529 1820 5462 1528 1821 5463 1531 1821 5464 1530 1821 5465 1531 1822 5466 1527 1822 5467 1529 1822 5468 1531 1823 5469 1529 1823 5470 1532 1823 5471 1645 1888 5664 1650 1888 5665 1646 1888 5666 1646 1889 5667 1650 1889 5668 1648 1889 5669 1646 1890 5670 1648 1890 5671 1653 1890 5672 1650 1891 5673 1651 1891 5674 1648 1891 5675 1649 1892 5676 1652 1892 5677 1650 1892 5678 1737 1939 5817 1735 1939 5818 1733 1939 5819 1734 1940 5820 1736 1940 5821 1737 1940 5822 1735 1941 5823 1738 1941 5824 1736 1941 5825 1737 1942 5826 1739 1942 5827 1735 1942 5828 1736 1943 5829 1738 1943 5830 1740 1943 5831 1750 1947 5841 1749 1947 5842 1747 1947 5843 1749 1948 5844 1751 1948 5845 1747 1948 5846 1751 1949 5847 1753 1949 5848 1750 1949 5849 1749 1950 5850 1752 1950 5851 1751 1950 5852 1749 1951 5853 1754 1951 5854 1752 1951 5855 1749 1952 5856 1753 1952 5857 1754 1952 5858 1645 1963 5889 1647 1963 5890 1650 1963 5891 1647 1964 5892 1646 1964 5893 1649 1964 5894 1647 1965 5895 1649 1965 5896 1650 1965 5897 1646 1966 5898 1653 1966 5899 1649 1966 5900 1649 1967 5901 1653 1967 5902 1652 1967 5903 1648 1968 5904 1651 1968 5905 1653 1968 5906 1651 1969 5907 1650 1969 5908 1652 1969 5909 1734 2016 6048 1733 2016 6049 1736 2016 6050 1736 2017 6051 1733 2017 6052 1735 2017 6053 1737 2018 6054 1736 2018 6055 1739 2018 6056 1735 2019 6057 1739 2019 6058 1738 2019 6059 1739 2020 6060 1736 2020 6061 1740 2020 6062 1750 2024 6072 1748 2024 6073 1751 2024 6074 1748 2025 6075 1747 2025 6076 1751 2025 6077 1749 2026 6078 1750 2026 6079 1753 2026 6080 1753 2027 6081 1751 2027 6082 1752 2027 6083 1797 2054 6162 1799 2054 6163 1800 2054 6164 1798 2055 6165 1799 2055 6166 1797 2055 6167 1800 2056 6168 1802 2056 6169 1798 2056 6170 1800 2057 6171 1801 2057 6172 1802 2057 6173 1839 2074 6222 1843 2074 6223 1842 2074 6224 1839 2075 6225 1844 2075 6226 1843 2075 6227 1840 2076 6228 1841 2076 6229 1844 2076 6230 1839 2077 6231 1842 2077 6232 1841 2077 6233 1841 2078 6234 1842 2078 6235 1844 2078 6236 1846 2079 6237 1847 2079 6238 1843 2079 6239 1845 2080 6240 1846 2080 6241 1844 2080 6242 1796 2123 6369 1797 2123 6370 1800 2123 6371 1796 2124 6372 1800 2124 6373 1798 2124 6374 1798 2125 6375 1802 2125 6376 1799 2125 6377 1800 2126 6378 1803 2126 6379 1801 2126 6380 1800 2127 6381 1799 2127 6382 1803 2127 6383 1799 2128 6384 1802 2128 6385 1803 2128 6386 1839 2153 6459 1840 2153 6460 1844 2153 6461 1842 2154 6462 1845 2154 6463 1844 2154 6464 1842 2155 6465 1843 2155 6466 1845 2155 6467 1843 2156 6468 1844 2156 6469 1846 2156 6470 1845 2157 6471 1843 2157 6472 1847 2157 6473 1946 2212 6636 1948 2212 6637 1947 2212 6638 1948 2213 6639 1949 2213 6640 1950 2213 6641 1945 2214 6642 1949 2214 6643 1948 2214 6644 1949 2215 6645 1947 2215 6646 1951 2215 6647 1949 2216 6648 1951 2216 6649 1952 2216 6650 1947 2217 6651 1950 2217 6652 1951 2217 6653 1950 2218 6654 1954 2218 6655 1953 2218 6656 1950 2219 6657 1952 2219 6658 1954 2219 6659 1951 2220 6660 1953 2220 6661 1952 2220 6662 1945 2300 6900 1946 2300 6901 1947 2300 6902 1945 2301 6903 1947 2301 6904 1949 2301 6905 1947 2302 6906 1948 2302 6907 1950 2302 6908 1949 2303 6909 1952 2303 6910 1950 2303 6911 1951 2304 6912 1950 2304 6913 1953 2304 6914 2081 2366 7098 2084 2366 7099 2080 2366 7100 2082 2367 7101 2084 2367 7102 2079 2367 7103 2083 2368 7104 2080 2368 7105 2082 2368 7106 2084 2369 7107 2082 2369 7108 2085 2369 7109 2084 2370 7110 2085 2370 7111 2086 2370 7112 2082 2371 7113 2086 2371 7114 2087 2371 7115 2083 2456 7368 2082 2456 7369 2079 2456 7370 2083 2457 7371 2081 2457 7372 2080 2457 7373 2081 2458 7374 2079 2458 7375 2084 2458 7376 2080 2459 7377 2086 2459 7378 2082 2459 7379 2080 2460 7380 2084 2460 7381 2086 2460 7382 2082 2461 7383 2087 2461 7384 2085 2461 7385 2187 2512 7536 2190 2512 7537 2191 2512 7538 2188 2513 7539 2194 2513 7540 2189 2513 7541 2187 2514 7542 2191 2514 7543 2188 2514 7544 2189 2515 7545 2194 2515 7546 2190 2515 7547 2188 2516 7548 2191 2516 7549 2194 2516 7550 2191 2517 7551 2192 2517 7552 2194 2517 7553 2191 2518 7554 2193 2518 7555 2192 2518 7556 2190 2519 7557 2193 2519 7558 2191 2519 7559 2190 2520 7560 2194 2520 7561 2193 2520 7562 2261 2565 7695 2264 2565 7696 2262 2565 7697 2262 2566 7698 2263 2566 7699 2265 2566 7700 2262 2567 7701 2264 2567 7702 2263 2567 7703 2265 2568 7704 2263 2568 7705 2266 2568 7706 2264 2569 7707 2266 2569 7708 2267 2569 7709 2189 2601 7803 2190 2601 7804 2187 2601 7805 2261 2636 7908 2265 2636 7909 2264 2636 7910 2264 2637 7911 2265 2637 7912 2266 2637 7913 2263 2638 7914 2264 2638 7915 2267 2638 7916 2322 2666 7998 2323 2666 7999 2321 2666 8000 2320 2667 8001 2321 2667 8002 2325 2667 8003 2321 2668 8004 2323 2668 8005 2325 2668 8006 2320 2669 8007 2325 2669 8008 2324 2669 8009 2322 2670 8010 2324 2670 8011 2323 2670 8012 2326 2671 8013 2327 2671 8014 2324 2671 8015 2326 2672 8016 2325 2672 8017 2328 2672 8018 2327 2673 8019 2328 2673 8020 2330 2673 8021 2325 2674 8022 2329 2674 8023 2328 2674 8024 2365 2694 8082 2369 2694 8083 2368 2694 8084 2365 2695 8085 2366 2695 8086 2369 2695 8087 2366 2696 8088 2370 2696 8089 2369 2696 8090 2369 2697 8091 2371 2697 8092 2368 2697 8093 2366 2698 8094 2367 2698 8095 2370 2698 8096 2369 2699 8097 2370 2699 8098 2371 2699 8099 2423 2726 8178 2425 2726 8179 2422 2726 8180 2424 2727 8181 2429 2727 8182 2426 2727 8183 2426 2728 8184 2427 2728 8185 2425 2728 8186 2426 2729 8187 2429 2729 8188 2428 2729 8189 2322 2742 8226 2320 2742 8227 2324 2742 8228 2325 2743 8229 2326 2743 8230 2324 2743 8231 2323 2744 8232 2327 2744 8233 2325 2744 8234 2323 2745 8235 2324 2745 8236 2327 2745 8237 2325 2746 8238 2327 2746 8239 2329 2746 8240 2327 2747 8241 2330 2747 8242 2329 2747 8243 2327 2748 8244 2326 2748 8245 2328 2748 8246 2366 2768 8304 2368 2768 8305 2367 2768 8306 2367 2769 8307 2368 2769 8308 2371 2769 8309 2422 2802 8406 2425 2802 8407 2424 2802 8408 2423 2803 8409 2426 2803 8410 2425 2803 8411 2423 2804 8412 2424 2804 8413 2426 2804 8414 2425 2805 8415 2429 2805 8416 2424 2805 8417 2425 2806 8418 2427 2806 8419 2429 2806 8420 2427 2807 8421 2426 2807 8422 2428 2807 8423 2486 2834 8502 2489 2834 8503 2485 2834 8504 2487 2835 8505 2489 2835 8506 2484 2835 8507 2488 2836 8508 2485 2836 8509 2487 2836 8510 2489 2837 8511 2487 2837 8512 2490 2837 8513 2489 2838 8514 2490 2838 8515 2491 2838 8516 2487 2839 8517 2491 2839 8518 2492 2839 8519 2488 2924 8772 2487 2924 8773 2484 2924 8774 2488 2925 8775 2486 2925 8776 2485 2925 8777 2486 2926 8778 2484 2926 8779 2489 2926 8780 2485 2927 8781 2491 2927 8782 2487 2927 8783 2485 2928 8784 2489 2928 8785 2491 2928 8786 2487 2929 8787 2492 2929 8788 2490 2929 8789 2590 2980 8940 2595 2980 8941 2591 2980 8942 2591 2981 8943 2595 2981 8944 2593 2981 8945 2591 2982 8946 2593 2982 8947 2598 2982 8948 2595 2983 8949 2596 2983 8950 2593 2983 8951 2594 2984 8952 2597 2984 8953 2595 2984 8954 2682 3031 9093 2680 3031 9094 2678 3031 9095 2679 3032 9096 2681 3032 9097 2682 3032 9098 2680 3033 9099 2683 3033 9100 2681 3033 9101 2682 3034 9102 2684 3034 9103 2680 3034 9104 2681 3035 9105 2683 3035 9106 2685 3035 9107 2695 3039 9117 2694 3039 9118 2692 3039 9119 2694 3040 9120 2696 3040 9121 2692 3040 9122 2696 3041 9123 2698 3041 9124 2695 3041 9125 2694 3042 9126 2697 3042 9127 2696 3042 9128 2694 3043 9129 2699 3043 9130 2697 3043 9131 2694 3044 9132 2698 3044 9133 2699 3044 9134 2590 3055 9165 2592 3055 9166 2595 3055 9167 2592 3056 9168 2591 3056 9169 2594 3056 9170 2592 3057 9171 2594 3057 9172 2595 3057 9173 2591 3058 9174 2598 3058 9175 2594 3058 9176 2594 3059 9177 2598 3059 9178 2597 3059 9179 2593 3060 9180 2596 3060 9181 2598 3060 9182 2596 3061 9183 2595 3061 9184 2597 3061 9185 2679 3108 9324 2678 3108 9325 2681 3108 9326 2681 3109 9327 2678 3109 9328 2680 3109 9329 2682 3110 9330 2681 3110 9331 2684 3110 9332 2680 3111 9333 2684 3111 9334 2683 3111 9335 2684 3112 9336 2681 3112 9337 2685 3112 9338 2695 3116 9348 2693 3116 9349 2696 3116 9350 2693 3117 9351 2692 3117 9352 2696 3117 9353 2694 3118 9354 2695 3118 9355 2698 3118 9356 2698 3119 9357 2696 3119 9358 2697 3119 9359 2756 3148 9444 2758 3148 9445 2757 3148 9446 2758 3149 9447 2759 3149 9448 2760 3149 9449 2755 3150 9450 2759 3150 9451 2758 3150 9452 2759 3151 9453 2757 3151 9454 2761 3151 9455 2759 3152 9456 2761 3152 9457 2762 3152 9458 2757 3153 9459 2760 3153 9460 2761 3153 9461 2760 3154 9462 2764 3154 9463 2763 3154 9464 2760 3155 9465 2762 3155 9466 2764 3155 9467 2761 3156 9468 2763 3156 9469 2762 3156 9470 2755 3236 9708 2756 3236 9709 2757 3236 9710 2755 3237 9711 2757 3237 9712 2759 3237 9713 2757 3238 9714 2758 3238 9715 2760 3238 9716 2759 3239 9717 2762 3239 9718 2760 3239 9719 2761 3240 9720 2760 3240 9721 2763 3240 9722 2862 3290 9870 2863 3290 9871 2861 3290 9872 2860 3291 9873 2861 3291 9874 2865 3291 9875 2861 3292 9876 2863 3292 9877 2865 3292 9878 2860 3293 9879 2865 3293 9880 2864 3293 9881 2862 3294 9882 2864 3294 9883 2863 3294 9884 2866 3295 9885 2867 3295 9886 2864 3295 9887 2866 3296 9888 2865 3296 9889 2868 3296 9890 2867 3297 9891 2868 3297 9892 2870 3297 9893 2865 3298 9894 2869 3298 9895 2868 3298 9896 2905 3318 9954 2909 3318 9955 2908 3318 9956 2905 3319 9957 2906 3319 9958 2909 3319 9959 2906 3320 9960 2910 3320 9961 2909 3320 9962 2909 3321 9963 2911 3321 9964 2908 3321 9965 2906 3322 9966 2907 3322 9967 2910 3322 9968 2909 3323 9969 2910 3323 9970 2911 3323 9971 2963 3350 10050 2965 3350 10051 2962 3350 10052 2964 3351 10053 2969 3351 10054 2966 3351 10055 2966 3352 10056 2967 3352 10057 2965 3352 10058 2966 3353 10059 2969 3353 10060 2968 3353 10061 2862 3366 10098 2860 3366 10099 2864 3366 10100 2865 3367 10101 2866 3367 10102 2864 3367 10103 2863 3368 10104 2867 3368 10105 2865 3368 10106 2863 3369 10107 2864 3369 10108 2867 3369 10109 2865 3370 10110 2867 3370 10111 2869 3370 10112 2867 3371 10113 2870 3371 10114 2869 3371 10115 2867 3372 10116 2866 3372 10117 2868 3372 10118 2906 3392 10176 2908 3392 10177 2907 3392 10178 2907 3393 10179 2908 3393 10180 2911 3393 10181 2962 3426 10278 2965 3426 10279 2964 3426 10280 2963 3427 10281 2966 3427 10282 2965 3427 10283 2963 3428 10284 2964 3428 10285 2966 3428 10286 2965 3429 10287 2969 3429 10288 2964 3429 10289 2965 3430 10290 2967 3430 10291 2969 3430 10292 2967 3431 10293 2966 3431 10294 2968 3431 10295 3011 3454 10362 3013 3454 10363 3010 3454 10364 3011 3455 10365 3009 3455 10366 3016 3455 10367 3013 3456 10368 3012 3456 10369 3009 3456 10370 3016 3457 10371 3013 3457 10372 3011 3457 10373 3009 3458 10374 3012 3458 10375 3016 3458 10376 3016 3459 10377 3017 3459 10378 3015 3459 10379 3010 3534 10602 3013 3534 10603 3009 3534 10604 3012 3535 10605 3013 3535 10606 3014 3535 10607 3013 3536 10608 3015 3536 10609 3014 3536 10610 3013 3537 10611 3016 3537 10612 3015 3537 10613 3016 3538 10614 3012 3538 10615 3014 3538 10616 3016 3539 10617 3014 3539 10618 3017 3539 10619 3133 3605 10815 3134 3605 10816 3136 3605 10817 3131 3606 10818 3137 3606 10819 3134 3606 10820 3132 3607 10821 3136 3607 10822 3135 3607 10823 3137 3608 10824 3135 3608 10825 3134 3608 10826 3136 3609 10827 3139 3609 10828 3138 3609 10829 3134 3610 10830 3135 3610 10831 3139 3610 10832 3207 3655 10965 3210 3655 10966 3209 3655 10967 3207 3656 10968 3208 3656 10969 3210 3656 10970 3217 3660 10980 3219 3660 10981 3221 3660 10982 3218 3661 10983 3219 3661 10984 3217 3661 10985 3221 3662 10986 3220 3662 10987 3218 3662 10988 3221 3663 10989 3222 3663 10990 3220 3663 10991 3219 3664 10992 3224 3664 10993 3223 3664 10994 3220 3665 10995 3224 3665 10996 3219 3665 10997 3222 3666 10998 3225 3666 10999 3220 3666 11000 3219 3667 11001 3223 3667 11002 3222 3667 11003 3133 3688 11064 3136 3688 11065 3132 3688 11066 3133 3689 11067 3131 3689 11068 3134 3689 11069 3131 3690 11070 3132 3690 11071 3137 3690 11072 3132 3691 11073 3135 3691 11074 3137 3691 11075 3136 3692 11076 3138 3692 11077 3135 3692 11078 3136 3693 11079 3134 3693 11080 3139 3693 11081 3218 3733 11199 3220 3733 11200 3219 3733 11201 3221 3734 11202 3219 3734 11203 3222 3734 11204 3224 3735 11205 3220 3735 11206 3225 3735 11207 3222 3736 11208 3223 3736 11209 3225 3736 11210 3281 3766 11298 3283 3766 11299 3280 3766 11300 3281 3767 11301 3279 3767 11302 3286 3767 11303 3283 3768 11304 3282 3768 11305 3279 3768 11306 3286 3769 11307 3283 3769 11308 3281 3769 11309 3279 3770 11310 3282 3770 11311 3286 3770 11312 3286 3771 11313 3287 3771 11314 3285 3771 11315 3280 3846 11538 3283 3846 11539 3279 3846 11540 3282 3847 11541 3283 3847 11542 3284 3847 11543 3283 3848 11544 3285 3848 11545 3284 3848 11546 3283 3849 11547 3286 3849 11548 3285 3849 11549 3286 3850 11550 3282 3850 11551 3284 3850 11552 3286 3851 11553 3284 3851 11554 3287 3851 11555</p>
        </triangles>
        <triangles count="662" material="m5">
          <input semantic="VERTEX" source="#vertices" offset="0" />
          <input semantic="NORMAL" source="#normals" offset="1" />
          <input semantic="TEXCOORD" source="#uv" offset="2" set="0" />
          <p>43 26 78 47 26 79 45 26 80 45 27 81 46 27 82 44 27 83 46 28 84 45 28 85 49 28 86 46 29 87 49 29 88 48 29 89 47 30 90 50 30 91 45 30 92 46 31 93 48 31 94 47 31 95 47 32 96 48 32 97 50 32 98 42 100 300 44 100 301 46 100 302 44 101 303 43 101 304 45 101 305 43 102 306 42 102 307 47 102 308 42 103 309 46 103 310 47 103 311 45 104 312 50 104 313 49 104 314 148 162 486 151 162 487 150 162 488 147 163 489 151 163 490 148 163 491 151 164 492 152 164 493 150 164 494 147 165 495 153 165 496 151 165 497 147 166 498 154 166 499 153 166 500 147 167 501 152 167 502 154 167 503 149 168 504 152 168 505 147 168 506 161 172 516 166 172 517 163 172 518 161 173 519 165 173 520 166 173 521 161 174 522 162 174 523 165 174 524 162 175 525 163 175 526 164 175 527 163 176 528 166 176 529 164 176 530 164 177 531 169 177 532 168 177 533 166 178 534 167 178 535 169 178 536 193 189 567 195 189 568 192 189 569 194 190 570 196 190 571 198 190 572 247 218 654 250 218 655 252 218 656 252 219 657 251 219 658 249 219 659 250 220 660 254 220 661 252 220 662 254 221 663 253 221 664 252 221 665 149 237 711 147 237 712 148 237 713 150 238 714 152 238 715 149 238 716 152 239 717 151 239 718 153 239 719 162 243 729 164 243 730 165 243 731 165 244 732 168 244 733 167 244 734 165 245 735 164 245 736 168 245 737 164 246 738 166 246 739 169 246 740 166 247 741 165 247 742 167 247 743 190 260 780 193 260 781 192 260 782 190 261 783 191 261 784 193 261 785 191 262 786 192 262 787 194 262 788 191 263 789 194 263 790 193 263 791 192 264 792 195 264 793 194 264 794 194 265 795 197 265 796 193 265 797 195 266 798 193 266 799 196 266 800 193 267 801 197 267 802 196 267 803 194 268 804 198 268 805 197 268 806 194 269 807 195 269 808 196 269 809 249 297 891 247 297 892 252 297 893 247 298 894 248 298 895 250 298 896 248 299 897 249 299 898 250 299 899 249 300 900 255 300 901 250 300 902 255 301 903 249 301 904 251 301 905 250 302 906 255 302 907 254 302 908 252 303 909 253 303 910 251 303 911 251 304 912 253 304 913 255 304 914 283 318 954 286 318 955 285 318 956 282 319 957 286 319 958 283 319 959 286 320 960 287 320 961 285 320 962 282 321 963 288 321 964 286 321 965 282 322 966 289 322 967 288 322 968 282 323 969 287 323 970 289 323 971 284 324 972 287 324 973 282 324 974 296 328 984 301 328 985 298 328 986 296 329 987 300 329 988 301 329 989 296 330 990 297 330 991 300 330 992 297 331 993 298 331 994 299 331 995 298 332 996 301 332 997 299 332 998 299 333 999 304 333 1000 303 333 1001 301 334 1002 302 334 1003 304 334 1004 328 345 1035 330 345 1036 327 345 1037 329 346 1038 331 346 1039 333 346 1040 382 374 1122 385 374 1123 387 374 1124 387 375 1125 386 375 1126 384 375 1127 385 376 1128 389 376 1129 387 376 1130 389 377 1131 388 377 1132 387 377 1133 284 393 1179 282 393 1180 283 393 1181 285 394 1182 287 394 1183 284 394 1184 287 395 1185 286 395 1186 288 395 1187 297 399 1197 299 399 1198 300 399 1199 300 400 1200 303 400 1201 302 400 1202 300 401 1203 299 401 1204 303 401 1205 299 402 1206 301 402 1207 304 402 1208 301 403 1209 300 403 1210 302 403 1211 325 416 1248 328 416 1249 327 416 1250 325 417 1251 326 417 1252 328 417 1253 326 418 1254 327 418 1255 329 418 1256 326 419 1257 329 419 1258 328 419 1259 327 420 1260 330 420 1261 329 420 1262 329 421 1263 332 421 1264 328 421 1265 330 422 1266 328 422 1267 331 422 1268 328 423 1269 332 423 1270 331 423 1271 329 424 1272 333 424 1273 332 424 1274 329 425 1275 330 425 1276 331 425 1277 384 453 1359 382 453 1360 387 453 1361 382 454 1362 383 454 1363 385 454 1364 383 455 1365 384 455 1366 385 455 1367 384 456 1368 390 456 1369 385 456 1370 390 457 1371 384 457 1372 386 457 1373 385 458 1374 390 458 1375 389 458 1376 387 459 1377 388 459 1378 386 459 1379 386 460 1380 388 460 1381 390 460 1382 476 507 1521 478 507 1522 475 507 1523 474 508 1524 479 508 1525 476 508 1526 478 509 1527 477 509 1528 474 509 1529 474 510 1530 477 510 1531 479 510 1532 476 511 1533 479 511 1534 478 511 1535 479 512 1536 481 512 1537 478 512 1538 477 513 1539 480 513 1540 479 513 1541 481 514 1542 477 514 1543 478 514 1544 531 540 1620 535 540 1621 536 540 1622 531 541 1623 532 541 1624 535 541 1625 534 542 1626 533 542 1627 532 542 1628 533 543 1629 535 543 1630 532 543 1631 535 544 1632 537 544 1633 536 544 1634 535 545 1635 533 545 1636 537 545 1637 533 546 1638 539 546 1639 538 546 1640 536 547 1641 539 547 1642 533 547 1643 536 548 1644 537 548 1645 539 548 1646 533 549 1647 538 549 1648 537 549 1649 475 589 1767 478 589 1768 474 589 1769 479 590 1770 480 590 1771 481 590 1772 534 622 1866 531 622 1867 536 622 1868 533 623 1869 534 623 1870 536 623 1871 611 663 1989 613 663 1990 610 663 1991 609 664 1992 614 664 1993 611 664 1994 613 665 1995 612 665 1996 609 665 1997 609 666 1998 612 666 1999 614 666 2000 611 667 2001 614 667 2002 613 667 2003 614 668 2004 616 668 2005 613 668 2006 612 669 2007 615 669 2008 614 669 2009 616 670 2010 612 670 2011 613 670 2012 666 696 2088 670 696 2089 671 696 2090 666 697 2091 667 697 2092 670 697 2093 669 698 2094 668 698 2095 667 698 2096 668 699 2097 670 699 2098 667 699 2099 670 700 2100 672 700 2101 671 700 2102 670 701 2103 668 701 2104 672 701 2105 668 702 2106 674 702 2107 673 702 2108 671 703 2109 674 703 2110 668 703 2111 671 704 2112 672 704 2113 674 704 2114 668 705 2115 673 705 2116 672 705 2117 610 745 2235 613 745 2236 609 745 2237 614 746 2238 615 746 2239 616 746 2240 669 778 2334 666 778 2335 671 778 2336 668 779 2337 669 779 2338 671 779 2339 690 786 2358 687 786 2359 689 786 2360 689 787 2361 691 787 2362 688 787 2363 687 788 2364 691 788 2365 692 788 2366 687 789 2367 692 789 2368 689 789 2369 692 790 2370 693 790 2371 689 790 2372 700 793 2379 705 793 2380 703 793 2381 703 794 2382 704 794 2383 701 794 2384 705 795 2385 704 795 2386 707 795 2387 703 796 2388 707 796 2389 706 796 2390 705 797 2391 707 797 2392 703 797 2393 704 798 2394 706 798 2395 708 798 2396 774 841 2523 775 841 2524 779 841 2525 779 842 2526 778 842 2527 776 842 2528 777 843 2529 779 843 2530 775 843 2531 690 871 2613 688 871 2614 687 871 2615 688 872 2616 691 872 2617 687 872 2618 689 873 2619 693 873 2620 691 873 2621 700 878 2634 701 878 2635 704 878 2636 701 879 2637 702 879 2638 703 879 2639 702 880 2640 700 880 2641 703 880 2642 700 881 2643 704 881 2644 705 881 2645 704 882 2646 703 882 2647 706 882 2648 707 883 2649 704 883 2650 708 883 2651 773 916 2748 774 916 2749 776 916 2750 775 917 2751 773 917 2752 776 917 2753 776 918 2754 774 918 2755 779 918 2756 775 919 2757 776 919 2758 777 919 2759 777 920 2760 776 920 2761 778 920 2762 823 942 2826 826 942 2827 825 942 2828 822 943 2829 826 943 2830 823 943 2831 826 944 2832 827 944 2833 825 944 2834 822 945 2835 828 945 2836 826 945 2837 822 946 2838 829 946 2839 828 946 2840 822 947 2841 827 947 2842 829 947 2843 824 948 2844 827 948 2845 822 948 2846 836 952 2856 841 952 2857 838 952 2858 836 953 2859 840 953 2860 841 953 2861 836 954 2862 837 954 2863 840 954 2864 837 955 2865 838 955 2866 839 955 2867 838 956 2868 841 956 2869 839 956 2870 839 957 2871 844 957 2872 843 957 2873 841 958 2874 842 958 2875 844 958 2876 868 969 2907 870 969 2908 867 969 2909 869 970 2910 871 970 2911 873 970 2912 922 998 2994 925 998 2995 927 998 2996 927 999 2997 926 999 2998 924 999 2999 925 1000 3000 929 1000 3001 927 1000 3002 929 1001 3003 928 1001 3004 927 1001 3005 824 1017 3051 822 1017 3052 823 1017 3053 825 1018 3054 827 1018 3055 824 1018 3056 827 1019 3057 826 1019 3058 828 1019 3059 837 1023 3069 839 1023 3070 840 1023 3071 840 1024 3072 843 1024 3073 842 1024 3074 840 1025 3075 839 1025 3076 843 1025 3077 839 1026 3078 841 1026 3079 844 1026 3080 841 1027 3081 840 1027 3082 842 1027 3083 865 1040 3120 868 1040 3121 867 1040 3122 865 1041 3123 866 1041 3124 868 1041 3125 866 1042 3126 867 1042 3127 869 1042 3128 866 1043 3129 869 1043 3130 868 1043 3131 867 1044 3132 870 1044 3133 869 1044 3134 869 1045 3135 872 1045 3136 868 1045 3137 870 1046 3138 868 1046 3139 871 1046 3140 868 1047 3141 872 1047 3142 871 1047 3143 869 1048 3144 873 1048 3145 872 1048 3146 869 1049 3147 870 1049 3148 871 1049 3149 924 1077 3231 922 1077 3232 927 1077 3233 922 1078 3234 923 1078 3235 925 1078 3236 923 1079 3237 924 1079 3238 925 1079 3239 924 1080 3240 930 1080 3241 925 1080 3242 930 1081 3243 924 1081 3244 926 1081 3245 925 1082 3246 930 1082 3247 929 1082 3248 927 1083 3249 928 1083 3250 926 1083 3251 926 1084 3252 928 1084 3253 930 1084 3254 958 1098 3294 961 1098 3295 960 1098 3296 957 1099 3297 961 1099 3298 958 1099 3299 961 1100 3300 962 1100 3301 960 1100 3302 957 1101 3303 963 1101 3304 961 1101 3305 957 1102 3306 964 1102 3307 963 1102 3308 957 1103 3309 962 1103 3310 964 1103 3311 959 1104 3312 962 1104 3313 957 1104 3314 971 1108 3324 976 1108 3325 973 1108 3326 971 1109 3327 975 1109 3328 976 1109 3329 971 1110 3330 972 1110 3331 975 1110 3332 972 1111 3333 973 1111 3334 974 1111 3335 973 1112 3336 976 1112 3337 974 1112 3338 974 1113 3339 979 1113 3340 978 1113 3341 976 1114 3342 977 1114 3343 979 1114 3344 1003 1125 3375 1005 1125 3376 1002 1125 3377 1004 1126 3378 1006 1126 3379 1008 1126 3380 1057 1154 3462 1060 1154 3463 1062 1154 3464 1062 1155 3465 1061 1155 3466 1059 1155 3467 1060 1156 3468 1064 1156 3469 1062 1156 3470 1064 1157 3471 1063 1157 3472 1062 1157 3473 959 1173 3519 957 1173 3520 958 1173 3521 960 1174 3522 962 1174 3523 959 1174 3524 962 1175 3525 961 1175 3526 963 1175 3527 972 1179 3537 974 1179 3538 975 1179 3539 975 1180 3540 978 1180 3541 977 1180 3542 975 1181 3543 974 1181 3544 978 1181 3545 974 1182 3546 976 1182 3547 979 1182 3548 976 1183 3549 975 1183 3550 977 1183 3551 1000 1196 3588 1003 1196 3589 1002 1196 3590 1000 1197 3591 1001 1197 3592 1003 1197 3593 1001 1198 3594 1002 1198 3595 1004 1198 3596 1001 1199 3597 1004 1199 3598 1003 1199 3599 1002 1200 3600 1005 1200 3601 1004 1200 3602 1004 1201 3603 1007 1201 3604 1003 1201 3605 1005 1202 3606 1003 1202 3607 1006 1202 3608 1003 1203 3609 1007 1203 3610 1006 1203 3611 1004 1204 3612 1008 1204 3613 1007 1204 3614 1004 1205 3615 1005 1205 3616 1006 1205 3617 1059 1233 3699 1057 1233 3700 1062 1233 3701 1057 1234 3702 1058 1234 3703 1060 1234 3704 1058 1235 3705 1059 1235 3706 1060 1235 3707 1059 1236 3708 1065 1236 3709 1060 1236 3710 1065 1237 3711 1059 1237 3712 1061 1237 3713 1060 1238 3714 1065 1238 3715 1064 1238 3716 1062 1239 3717 1063 1239 3718 1061 1239 3719 1061 1240 3720 1063 1240 3721 1065 1240 3722 1095 1254 3762 1092 1254 3763 1094 1254 3764 1094 1255 3765 1096 1255 3766 1093 1255 3767 1092 1256 3768 1096 1256 3769 1097 1256 3770 1092 1257 3771 1097 1257 3772 1094 1257 3773 1097 1258 3774 1098 1258 3775 1094 1258 3776 1105 1261 3783 1110 1261 3784 1108 1261 3785 1108 1262 3786 1109 1262 3787 1106 1262 3788 1110 1263 3789 1109 1263 3790 1112 1263 3791 1108 1264 3792 1112 1264 3793 1111 1264 3794 1110 1265 3795 1112 1265 3796 1108 1265 3797 1109 1266 3798 1111 1266 3799 1113 1266 3800 1179 1309 3927 1180 1309 3928 1184 1309 3929 1184 1310 3930 1183 1310 3931 1181 1310 3932 1182 1311 3933 1184 1311 3934 1180 1311 3935 1095 1339 4017 1093 1339 4018 1092 1339 4019 1093 1340 4020 1096 1340 4021 1092 1340 4022 1094 1341 4023 1098 1341 4024 1096 1341 4025 1105 1346 4038 1106 1346 4039 1109 1346 4040 1106 1347 4041 1107 1347 4042 1108 1347 4043 1107 1348 4044 1105 1348 4045 1108 1348 4046 1105 1349 4047 1109 1349 4048 1110 1349 4049 1109 1350 4050 1108 1350 4051 1111 1350 4052 1112 1351 4053 1109 1351 4054 1113 1351 4055 1178 1384 4152 1179 1384 4153 1181 1384 4154 1180 1385 4155 1178 1385 4156 1181 1385 4157 1181 1386 4158 1179 1386 4159 1184 1386 4160 1180 1387 4161 1181 1387 4162 1182 1387 4163 1182 1388 4164 1181 1388 4165 1183 1388 4166 1363 1566 4698 1366 1566 4699 1365 1566 4700 1362 1567 4701 1366 1567 4702 1363 1567 4703 1366 1568 4704 1367 1568 4705 1365 1568 4706 1362 1569 4707 1368 1569 4708 1366 1569 4709 1362 1570 4710 1369 1570 4711 1368 1570 4712 1362 1571 4713 1367 1571 4714 1369 1571 4715 1364 1572 4716 1367 1572 4717 1362 1572 4718 1376 1576 4728 1381 1576 4729 1378 1576 4730 1376 1577 4731 1380 1577 4732 1381 1577 4733 1376 1578 4734 1377 1578 4735 1380 1578 4736 1377 1579 4737 1378 1579 4738 1379 1579 4739 1378 1580 4740 1381 1580 4741 1379 1580 4742 1379 1581 4743 1384 1581 4744 1383 1581 4745 1381 1582 4746 1382 1582 4747 1384 1582 4748 1408 1593 4779 1410 1593 4780 1407 1593 4781 1409 1594 4782 1411 1594 4783 1413 1594 4784 1462 1622 4866 1465 1622 4867 1467 1622 4868 1467 1623 4869 1466 1623 4870 1464 1623 4871 1465 1624 4872 1469 1624 4873 1467 1624 4874 1469 1625 4875 1468 1625 4876 1467 1625 4877 1364 1641 4923 1362 1641 4924 1363 1641 4925 1365 1642 4926 1367 1642 4927 1364 1642 4928 1367 1643 4929 1366 1643 4930 1368 1643 4931 1377 1647 4941 1379 1647 4942 1380 1647 4943 1380 1648 4944 1383 1648 4945 1382 1648 4946 1380 1649 4947 1379 1649 4948 1383 1649 4949 1379 1650 4950 1381 1650 4951 1384 1650 4952 1381 1651 4953 1380 1651 4954 1382 1651 4955 1405 1664 4992 1408 1664 4993 1407 1664 4994 1405 1665 4995 1406 1665 4996 1408 1665 4997 1406 1666 4998 1407 1666 4999 1409 1666 5000 1406 1667 5001 1409 1667 5002 1408 1667 5003 1407 1668 5004 1410 1668 5005 1409 1668 5006 1409 1669 5007 1412 1669 5008 1408 1669 5009 1410 1670 5010 1408 1670 5011 1411 1670 5012 1408 1671 5013 1412 1671 5014 1411 1671 5015 1409 1672 5016 1413 1672 5017 1412 1672 5018 1409 1673 5019 1410 1673 5020 1411 1673 5021 1464 1701 5103 1462 1701 5104 1467 1701 5105 1462 1702 5106 1463 1702 5107 1465 1702 5108 1463 1703 5109 1464 1703 5110 1465 1703 5111 1464 1704 5112 1470 1704 5113 1465 1704 5114 1470 1705 5115 1464 1705 5116 1466 1705 5117 1465 1706 5118 1470 1706 5119 1469 1706 5120 1467 1707 5121 1468 1707 5122 1466 1707 5123 1466 1708 5124 1468 1708 5125 1470 1708 5126 1556 1755 5265 1558 1755 5266 1555 1755 5267 1554 1756 5268 1559 1756 5269 1556 1756 5270 1558 1757 5271 1557 1757 5272 1554 1757 5273 1554 1758 5274 1557 1758 5275 1559 1758 5276 1556 1759 5277 1559 1759 5278 1558 1759 5279 1559 1760 5280 1561 1760 5281 1558 1760 5282 1557 1761 5283 1560 1761 5284 1559 1761 5285 1561 1762 5286 1557 1762 5287 1558 1762 5288 1611 1788 5364 1615 1788 5365 1616 1788 5366 1611 1789 5367 1612 1789 5368 1615 1789 5369 1614 1790 5370 1613 1790 5371 1612 1790 5372 1613 1791 5373 1615 1791 5374 1612 1791 5375 1615 1792 5376 1617 1792 5377 1616 1792 5378 1615 1793 5379 1613 1793 5380 1617 1793 5381 1613 1794 5382 1619 1794 5383 1618 1794 5384 1616 1795 5385 1619 1795 5386 1613 1795 5387 1616 1796 5388 1617 1796 5389 1619 1796 5390 1613 1797 5391 1618 1797 5392 1617 1797 5393 1555 1837 5511 1558 1837 5512 1554 1837 5513 1559 1838 5514 1560 1838 5515 1561 1838 5516 1614 1870 5610 1611 1870 5611 1616 1870 5612 1613 1871 5613 1614 1871 5614 1616 1871 5615 1662 1896 5688 1660 1896 5689 1663 1896 5690 1661 1897 5691 1664 1897 5692 1660 1897 5693 1663 1898 5694 1664 1898 5695 1661 1898 5696 1660 1899 5697 1665 1899 5698 1663 1899 5699 1660 1900 5700 1664 1900 5701 1665 1900 5702 1664 1901 5703 1667 1901 5704 1665 1901 5705 1663 1902 5706 1666 1902 5707 1667 1902 5708 1720 1932 5796 1722 1932 5797 1724 1932 5798 1721 1933 5799 1723 1933 5800 1722 1933 5801 1722 1934 5802 1723 1934 5803 1725 1934 5804 1724 1935 5805 1725 1935 5806 1726 1935 5807 1661 1973 5919 1662 1973 5920 1663 1973 5921 1664 1974 5922 1663 1974 5923 1667 1974 5924 1663 1975 5925 1665 1975 5926 1666 1975 5927 1719 2007 6021 1720 2007 6022 1721 2007 6023 1720 2008 6024 1724 2008 6025 1721 2008 6026 1719 2009 6027 1721 2009 6028 1722 2009 6029 1722 2010 6030 1725 2010 6031 1724 2010 6032 1721 2011 6033 1726 2011 6034 1723 2011 6035 1721 2012 6036 1724 2012 6037 1726 2012 6038 1768 2034 6102 1771 2034 6103 1770 2034 6104 1767 2035 6105 1771 2035 6106 1768 2035 6107 1771 2036 6108 1772 2036 6109 1770 2036 6110 1767 2037 6111 1773 2037 6112 1771 2037 6113 1767 2038 6114 1774 2038 6115 1773 2038 6116 1767 2039 6117 1772 2039 6118 1774 2039 6119 1769 2040 6120 1772 2040 6121 1767 2040 6122 1781 2044 6132 1786 2044 6133 1783 2044 6134 1781 2045 6135 1785 2045 6136 1786 2045 6137 1781 2046 6138 1782 2046 6139 1785 2046 6140 1782 2047 6141 1783 2047 6142 1784 2047 6143 1783 2048 6144 1786 2048 6145 1784 2048 6146 1784 2049 6147 1789 2049 6148 1788 2049 6149 1786 2050 6150 1787 2050 6151 1789 2050 6152 1813 2061 6183 1815 2061 6184 1812 2061 6185 1814 2062 6186 1816 2062 6187 1818 2062 6188 1867 2090 6270 1870 2090 6271 1872 2090 6272 1872 2091 6273 1871 2091 6274 1869 2091 6275 1870 2092 6276 1874 2092 6277 1872 2092 6278 1874 2093 6279 1873 2093 6280 1872 2093 6281 1769 2109 6327 1767 2109 6328 1768 2109 6329 1770 2110 6330 1772 2110 6331 1769 2110 6332 1772 2111 6333 1771 2111 6334 1773 2111 6335 1782 2115 6345 1784 2115 6346 1785 2115 6347 1785 2116 6348 1788 2116 6349 1787 2116 6350 1785 2117 6351 1784 2117 6352 1788 2117 6353 1784 2118 6354 1786 2118 6355 1789 2118 6356 1786 2119 6357 1785 2119 6358 1787 2119 6359 1810 2132 6396 1813 2132 6397 1812 2132 6398 1810 2133 6399 1811 2133 6400 1813 2133 6401 1811 2134 6402 1812 2134 6403 1814 2134 6404 1811 2135 6405 1814 2135 6406 1813 2135 6407 1812 2136 6408 1815 2136 6409 1814 2136 6410 1814 2137 6411 1817 2137 6412 1813 2137 6413 1815 2138 6414 1813 2138 6415 1816 2138 6416 1813 2139 6417 1817 2139 6418 1816 2139 6419 1814 2140 6420 1818 2140 6421 1817 2140 6422 1814 2141 6423 1815 2141 6424 1816 2141 6425 1869 2169 6507 1867 2169 6508 1872 2169 6509 1867 2170 6510 1868 2170 6511 1870 2170 6512 1868 2171 6513 1869 2171 6514 1870 2171 6515 1869 2172 6516 1875 2172 6517 1870 2172 6518 1875 2173 6519 1869 2173 6520 1871 2173 6521 1870 2174 6522 1875 2174 6523 1874 2174 6524 1872 2175 6525 1873 2175 6526 1871 2175 6527 1871 2176 6528 1873 2176 6529 1875 2176 6530 1975 2233 6699 1976 2233 6700 1977 2233 6701 1978 2234 6702 1980 2234 6703 1976 2234 6704 1975 2235 6705 1977 2235 6706 1978 2235 6707 1976 2236 6708 1980 2236 6709 1977 2236 6710 1978 2237 6711 1979 2237 6712 1980 2237 6713 1978 2238 6714 1981 2238 6715 1979 2238 6716 1977 2239 6717 1981 2239 6718 1978 2239 6719 1977 2240 6720 1980 2240 6721 1981 2240 6722 2005 2254 6762 2006 2254 6763 2004 2254 6764 2002 2255 6765 2006 2255 6766 2007 2255 6767 2005 2256 6768 2008 2256 6769 2010 2256 6770 2007 2257 6771 2009 2257 6772 2008 2257 6773 2002 2324 6972 2004 2324 6973 2006 2324 6974 2004 2325 6975 2003 2325 6976 2005 2325 6977 2003 2326 6978 2002 2326 6979 2005 2326 6980 2002 2327 6981 2007 2327 6982 2005 2327 6983 2007 2328 6984 2008 2328 6985 2005 2328 6986 2005 2329 6987 2010 2329 6988 2006 2329 6989 2006 2330 6990 2010 2330 6991 2009 2330 6992 2007 2331 6993 2006 2331 6994 2009 2331 6995 2039 2346 7038 2041 2346 7039 2037 2346 7040 2041 2347 7041 2040 2347 7042 2038 2347 7043 2040 2348 7044 2044 2348 7045 2042 2348 7046 2042 2349 7047 2043 2349 7048 2041 2349 7049 2042 2350 7050 2044 2350 7051 2043 2350 7052 2094 2374 7122 2100 2374 7123 2098 2374 7124 2094 2375 7125 2096 2375 7126 2100 2375 7127 2094 2376 7128 2097 2376 7129 2096 2376 7130 2094 2377 7131 2095 2377 7132 2097 2377 7133 2095 2378 7134 2098 2378 7135 2097 2378 7136 2098 2379 7137 2100 2379 7138 2097 2379 7139 2097 2380 7140 2099 2380 7141 2096 2380 7142 2100 2381 7143 2099 2381 7144 2097 2381 7145 2096 2382 7146 2101 2382 7147 2100 2382 7148 2096 2383 7149 2099 2383 7150 2102 2383 7151 2124 2394 7182 2128 2394 7183 2123 2394 7184 2122 2395 7185 2127 2395 7186 2124 2395 7187 2128 2396 7188 2127 2396 7189 2123 2396 7190 2124 2397 7191 2127 2397 7192 2126 2397 7193 2127 2398 7194 2129 2398 7195 2126 2398 7196 2039 2428 7284 2042 2428 7285 2041 2428 7286 2038 2429 7287 2037 2429 7288 2041 2429 7289 2039 2430 7290 2040 2430 7291 2042 2430 7292 2039 2431 7293 2038 2431 7294 2040 2431 7295 2044 2432 7296 2040 2432 7297 2045 2432 7298 2040 2433 7299 2041 2433 7300 2045 2433 7301 2041 2434 7302 2043 2434 7303 2045 2434 7304 2099 2466 7398 2100 2466 7399 2101 2466 7400 2096 2467 7401 2102 2467 7402 2101 2467 7403 2125 2478 7434 2124 2478 7435 2123 2478 7436 2122 2479 7437 2123 2479 7438 2127 2479 7439 2122 2480 7440 2124 2480 7441 2125 2480 7442 2124 2481 7443 2126 2481 7444 2128 2481 7445 2127 2482 7446 2128 2482 7447 2129 2482 7448 2202 2525 7575 2203 2525 7576 2201 2525 7577 2202 2526 7578 2205 2526 7579 2204 2526 7580 2206 2527 7581 2205 2527 7582 2202 2527 7583 2206 2528 7584 2207 2528 7585 2205 2528 7586 2201 2529 7587 2203 2529 7588 2206 2529 7589 2202 2530 7590 2204 2530 7591 2203 2530 7592 2206 2531 7593 2203 2531 7594 2207 2531 7595 2203 2532 7596 2208 2532 7597 2207 2532 7598 2205 2533 7599 2210 2533 7600 2204 2533 7601 2208 2534 7602 2211 2534 7603 2210 2534 7604 2208 2535 7605 2209 2535 7606 2211 2535 7607 2231 2546 7638 2232 2546 7639 2236 2546 7640 2233 2547 7641 2235 2547 7642 2234 2547 7643 2231 2548 7644 2235 2548 7645 2233 2548 7646 2232 2549 7647 2234 2549 7648 2236 2549 7649 2234 2550 7650 2238 2550 7651 2236 2550 7652 2235 2551 7653 2238 2551 7654 2234 2551 7655 2237 2552 7656 2238 2552 7657 2235 2552 7658 2291 2584 7752 2289 2584 7753 2292 2584 7754 2288 2585 7755 2293 2585 7756 2289 2585 7757 2292 2586 7758 2293 2586 7759 2288 2586 7760 2207 2604 7812 2208 2604 7813 2205 2604 7814 2203 2605 7815 2204 2605 7816 2208 2605 7817 2204 2606 7818 2210 2606 7819 2209 2606 7820 2205 2607 7821 2208 2607 7822 2210 2607 7823 2208 2608 7824 2204 2608 7825 2209 2608 7826 2232 2619 7857 2233 2619 7858 2234 2619 7859 2231 2620 7860 2236 2620 7861 2235 2620 7862 2235 2621 7863 2236 2621 7864 2237 2621 7865 2237 2622 7866 2236 2622 7867 2239 2622 7868 2236 2623 7869 2238 2623 7870 2239 2623 7871 2288 2647 7941 2291 2647 7942 2292 2647 7943 2291 2648 7944 2290 2648 7945 2289 2648 7946 2290 2649 7947 2288 2649 7948 2289 2649 7949 2292 2650 7950 2289 2650 7951 2294 2650 7952 2292 2651 7953 2294 2651 7954 2293 2651 7955 2338 2678 8034 2342 2678 8035 2340 2678 8036 2340 2679 8037 2341 2679 8038 2339 2679 8039 2341 2680 8040 2340 2680 8041 2344 2680 8042 2341 2681 8043 2344 2681 8044 2343 2681 8045 2342 2682 8046 2345 2682 8047 2340 2682 8048 2341 2683 8049 2343 2683 8050 2342 2683 8051 2342 2684 8052 2343 2684 8053 2345 2684 8054 2337 2752 8256 2339 2752 8257 2341 2752 8258 2339 2753 8259 2338 2753 8260 2340 2753 8261 2338 2754 8262 2337 2754 8263 2342 2754 8264 2337 2755 8265 2341 2755 8266 2342 2755 8267 2340 2756 8268 2345 2756 8269 2344 2756 8270 2444 2814 8442 2446 2814 8443 2442 2814 8444 2446 2815 8445 2445 2815 8446 2443 2815 8447 2445 2816 8448 2449 2816 8449 2447 2816 8450 2447 2817 8451 2448 2817 8452 2446 2817 8453 2447 2818 8454 2449 2818 8455 2448 2818 8456 2499 2842 8526 2505 2842 8527 2503 2842 8528 2499 2843 8529 2501 2843 8530 2505 2843 8531 2499 2844 8532 2502 2844 8533 2501 2844 8534 2499 2845 8535 2500 2845 8536 2502 2845 8537 2500 2846 8538 2503 2846 8539 2502 2846 8540 2503 2847 8541 2505 2847 8542 2502 2847 8543 2502 2848 8544 2504 2848 8545 2501 2848 8546 2505 2849 8547 2504 2849 8548 2502 2849 8549 2501 2850 8550 2506 2850 8551 2505 2850 8552 2501 2851 8553 2504 2851 8554 2507 2851 8555 2529 2862 8586 2533 2862 8587 2528 2862 8588 2527 2863 8589 2532 2863 8590 2529 2863 8591 2533 2864 8592 2532 2864 8593 2528 2864 8594 2529 2865 8595 2532 2865 8596 2531 2865 8597 2532 2866 8598 2534 2866 8599 2531 2866 8600 2444 2896 8688 2447 2896 8689 2446 2896 8690 2443 2897 8691 2442 2897 8692 2446 2897 8693 2444 2898 8694 2445 2898 8695 2447 2898 8696 2444 2899 8697 2443 2899 8698 2445 2899 8699 2449 2900 8700 2445 2900 8701 2450 2900 8702 2445 2901 8703 2446 2901 8704 2450 2901 8705 2446 2902 8706 2448 2902 8707 2450 2902 8708 2504 2934 8802 2505 2934 8803 2506 2934 8804 2501 2935 8805 2507 2935 8806 2506 2935 8807 2530 2946 8838 2529 2946 8839 2528 2946 8840 2527 2947 8841 2528 2947 8842 2532 2947 8843 2527 2948 8844 2529 2948 8845 2530 2948 8846 2529 2949 8847 2531 2949 8848 2533 2949 8849 2532 2950 8850 2533 2950 8851 2534 2950 8852 2607 2988 8964 2605 2988 8965 2608 2988 8966 2606 2989 8967 2609 2989 8968 2605 2989 8969 2608 2990 8970 2609 2990 8971 2606 2990 8972 2605 2991 8973 2610 2991 8974 2608 2991 8975 2605 2992 8976 2609 2992 8977 2610 2992 8978 2609 2993 8979 2612 2993 8980 2610 2993 8981 2608 2994 8982 2611 2994 8983 2612 2994 8984 2665 3024 9072 2667 3024 9073 2669 3024 9074 2666 3025 9075 2668 3025 9076 2667 3025 9077 2667 3026 9078 2668 3026 9079 2670 3026 9080 2669 3027 9081 2670 3027 9082 2671 3027 9083 2606 3065 9195 2607 3065 9196 2608 3065 9197 2609 3066 9198 2608 3066 9199 2612 3066 9200 2608 3067 9201 2610 3067 9202 2611 3067 9203 2664 3099 9297 2665 3099 9298 2666 3099 9299 2665 3100 9300 2669 3100 9301 2666 3100 9302 2664 3101 9303 2666 3101 9304 2667 3101 9305 2667 3102 9306 2670 3102 9307 2669 3102 9308 2666 3103 9309 2671 3103 9310 2668 3103 9311 2666 3104 9312 2669 3104 9313 2671 3104 9314 2785 3169 9507 2786 3169 9508 2787 3169 9509 2788 3170 9510 2790 3170 9511 2786 3170 9512 2785 3171 9513 2787 3171 9514 2788 3171 9515 2786 3172 9516 2790 3172 9517 2787 3172 9518 2788 3173 9519 2789 3173 9520 2790 3173 9521 2788 3174 9522 2791 3174 9523 2789 3174 9524 2787 3175 9525 2791 3175 9526 2788 3175 9527 2787 3176 9528 2790 3176 9529 2791 3176 9530 2815 3190 9570 2816 3190 9571 2814 3190 9572 2812 3191 9573 2816 3191 9574 2817 3191 9575 2815 3192 9576 2818 3192 9577 2820 3192 9578 2817 3193 9579 2819 3193 9580 2818 3193 9581 2812 3260 9780 2814 3260 9781 2816 3260 9782 2814 3261 9783 2813 3261 9784 2815 3261 9785 2813 3262 9786 2812 3262 9787 2815 3262 9788 2812 3263 9789 2817 3263 9790 2815 3263 9791 2817 3264 9792 2818 3264 9793 2815 3264 9794 2815 3265 9795 2820 3265 9796 2816 3265 9797 2816 3266 9798 2820 3266 9799 2819 3266 9800 2817 3267 9801 2816 3267 9802 2819 3267 9803 2878 3302 9906 2882 3302 9907 2880 3302 9908 2880 3303 9909 2881 3303 9910 2879 3303 9911 2881 3304 9912 2880 3304 9913 2884 3304 9914 2881 3305 9915 2884 3305 9916 2883 3305 9917 2882 3306 9918 2885 3306 9919 2880 3306 9920 2881 3307 9921 2883 3307 9922 2882 3307 9923 2882 3308 9924 2883 3308 9925 2885 3308 9926 2877 3376 10128 2879 3376 10129 2881 3376 10130 2879 3377 10131 2878 3377 10132 2880 3377 10133 2878 3378 10134 2877 3378 10135 2882 3378 10136 2877 3379 10137 2881 3379 10138 2882 3379 10139 2880 3380 10140 2885 3380 10141 2884 3380 10142 3041 3471 10413 3043 3471 10414 3040 3471 10415 3039 3472 10416 3044 3472 10417 3041 3472 10418 3043 3473 10419 3042 3473 10420 3039 3473 10421 3039 3474 10422 3042 3474 10423 3044 3474 10424 3041 3475 10425 3044 3475 10426 3043 3475 10427 3044 3476 10428 3046 3476 10429 3043 3476 10430 3042 3477 10431 3045 3477 10432 3044 3477 10433 3046 3478 10434 3042 3478 10435 3043 3478 10436 3096 3504 10512 3100 3504 10513 3101 3504 10514 3096 3505 10515 3097 3505 10516 3100 3505 10517 3099 3506 10518 3098 3506 10519 3097 3506 10520 3098 3507 10521 3100 3507 10522 3097 3507 10523 3100 3508 10524 3102 3508 10525 3101 3508 10526 3100 3509 10527 3098 3509 10528 3102 3509 10529 3098 3510 10530 3104 3510 10531 3103 3510 10532 3101 3511 10533 3104 3511 10534 3098 3511 10535 3101 3512 10536 3102 3512 10537 3104 3512 10538 3098 3513 10539 3103 3513 10540 3102 3513 10541 3040 3553 10659 3043 3553 10660 3039 3553 10661 3044 3554 10662 3045 3554 10663 3046 3554 10664 3099 3586 10758 3096 3586 10759 3101 3586 10760 3098 3587 10761 3099 3587 10762 3101 3587 10763 3311 3783 11349 3313 3783 11350 3310 3783 11351 3309 3784 11352 3314 3784 11353 3311 3784 11354 3313 3785 11355 3312 3785 11356 3309 3785 11357 3309 3786 11358 3312 3786 11359 3314 3786 11360 3311 3787 11361 3314 3787 11362 3313 3787 11363 3314 3788 11364 3316 3788 11365 3313 3788 11366 3312 3789 11367 3315 3789 11368 3314 3789 11369 3316 3790 11370 3312 3790 11371 3313 3790 11372 3366 3816 11448 3370 3816 11449 3371 3816 11450 3366 3817 11451 3367 3817 11452 3370 3817 11453 3369 3818 11454 3368 3818 11455 3367 3818 11456 3368 3819 11457 3370 3819 11458 3367 3819 11459 3370 3820 11460 3372 3820 11461 3371 3820 11462 3370 3821 11463 3368 3821 11464 3372 3821 11465 3368 3822 11466 3374 3822 11467 3373 3822 11468 3371 3823 11469 3374 3823 11470 3368 3823 11471 3371 3824 11472 3372 3824 11473 3374 3824 11474 3368 3825 11475 3373 3825 11476 3372 3825 11477 3310 3865 11595 3313 3865 11596 3309 3865 11597 3314 3866 11598 3315 3866 11599 3316 3866 11600 3369 3898 11694 3366 3898 11695 3371 3898 11696 3368 3899 11697 3369 3899 11698 3371 3899 11699</p>
        </triangles>
        <triangles count="556" material="m1">
          <input semantic="VERTEX" source="#vertices" offset="0" />
          <input semantic="NORMAL" source="#normals" offset="1" />
          <input semantic="TEXCOORD" source="#uv" offset="2" set="0" />
          <p>83 51 153 86 51 154 85 51 155 84 52 156 86 52 157 83 52 158 85 53 159 86 53 160 87 53 161 84 54 162 89 54 163 86 54 164 87 55 165 88 55 166 90 55 167 111 65 195 116 65 196 117 65 197 111 66 198 112 66 199 116 66 200 115 67 201 116 67 202 112 67 203 113 68 204 117 68 205 115 68 206 115 69 207 119 69 208 118 69 209 115 70 210 118 70 211 120 70 212 85 121 363 87 121 364 84 121 365 86 122 366 88 122 367 87 122 368 84 123 369 87 123 370 89 123 371 89 124 372 87 124 373 90 124 374 88 125 375 86 125 376 89 125 377 114 139 417 111 139 418 117 139 419 112 140 420 114 140 421 113 140 422 114 141 423 117 141 424 113 141 425 113 142 426 115 142 427 112 142 428 115 143 429 117 143 430 119 143 431 117 144 432 116 144 433 119 144 434 116 145 435 120 145 436 119 145 437 116 146 438 115 146 439 120 146 440 206 194 582 209 194 583 205 194 584 206 195 585 207 195 586 209 195 587 205 196 588 210 196 589 208 196 590 207 197 591 211 197 592 209 197 593 210 198 594 211 198 595 207 198 596 212 199 597 211 199 598 210 199 599 234 212 636 238 212 637 236 212 638 235 213 639 238 213 640 234 213 641 237 214 642 239 214 643 235 214 644 262 225 675 265 225 676 263 225 677 266 226 678 263 226 679 268 226 680 265 227 681 267 227 682 263 227 683 266 228 684 268 228 685 265 228 686 267 229 687 268 229 688 263 229 689 265 230 690 269 230 691 267 230 692 206 273 819 208 273 820 207 273 821 207 274 822 208 274 823 210 274 824 205 275 825 212 275 826 210 275 827 205 276 828 209 276 829 212 276 830 236 289 867 237 289 868 235 289 869 236 290 870 238 290 871 237 290 872 238 291 873 235 291 874 239 291 875 237 292 876 238 292 877 240 292 878 238 293 879 239 293 880 240 293 881 262 308 924 264 308 925 265 308 926 264 309 927 266 309 928 265 309 929 264 310 930 263 310 931 266 310 932 265 311 933 268 311 934 269 311 935 341 350 1050 344 350 1051 340 350 1052 341 351 1053 342 351 1054 344 351 1055 340 352 1056 345 352 1057 343 352 1058 342 353 1059 346 353 1060 344 353 1061 345 354 1062 346 354 1063 342 354 1064 347 355 1065 346 355 1066 345 355 1067 369 368 1104 373 368 1105 371 368 1106 370 369 1107 373 369 1108 369 369 1109 372 370 1110 374 370 1111 370 370 1112 397 381 1143 400 381 1144 398 381 1145 401 382 1146 398 382 1147 403 382 1148 400 383 1149 402 383 1150 398 383 1151 401 384 1152 403 384 1153 400 384 1154 402 385 1155 403 385 1156 398 385 1157 400 386 1158 404 386 1159 402 386 1160 341 429 1287 343 429 1288 342 429 1289 342 430 1290 343 430 1291 345 430 1292 340 431 1293 347 431 1294 345 431 1295 340 432 1296 344 432 1297 347 432 1298 371 445 1335 372 445 1336 370 445 1337 371 446 1338 373 446 1339 372 446 1340 373 447 1341 370 447 1342 374 447 1343 372 448 1344 373 448 1345 375 448 1346 373 449 1347 374 449 1348 375 449 1349 397 464 1392 399 464 1393 400 464 1394 399 465 1395 401 465 1396 400 465 1397 399 466 1398 398 466 1399 401 466 1400 400 467 1401 403 467 1402 404 467 1403 432 482 1446 435 482 1447 433 482 1448 432 483 1449 433 483 1450 434 483 1451 430 484 1452 435 484 1453 432 484 1454 430 485 1455 436 485 1456 435 485 1457 434 486 1458 435 486 1459 437 486 1460 502 526 1578 506 526 1579 507 526 1580 504 527 1581 507 527 1582 503 527 1583 503 528 1584 506 528 1585 505 528 1586 507 529 1587 508 529 1588 503 529 1589 503 530 1590 510 530 1591 506 530 1592 508 531 1593 510 531 1594 503 531 1595 431 562 1686 434 562 1687 430 562 1688 431 563 1689 432 563 1690 434 563 1691 430 564 1692 434 564 1693 437 564 1694 434 565 1695 433 565 1696 435 565 1697 430 566 1698 437 566 1699 436 566 1700 505 602 1806 504 602 1807 503 602 1808 502 603 1809 507 603 1810 504 603 1811 502 604 1812 505 604 1813 506 604 1814 508 605 1815 507 605 1816 509 605 1817 507 606 1818 506 606 1819 509 606 1820 506 607 1821 510 607 1822 509 607 1823 567 638 1914 570 638 1915 568 638 1916 567 639 1917 568 639 1918 569 639 1919 565 640 1920 570 640 1921 567 640 1922 565 641 1923 571 641 1924 570 641 1925 569 642 1926 570 642 1927 572 642 1928 637 682 2046 641 682 2047 642 682 2048 639 683 2049 642 683 2050 638 683 2051 638 684 2052 641 684 2053 640 684 2054 642 685 2055 643 685 2056 638 685 2057 638 686 2058 645 686 2059 641 686 2060 643 687 2061 645 687 2062 638 687 2063 566 718 2154 569 718 2155 565 718 2156 566 719 2157 567 719 2158 569 719 2159 565 720 2160 569 720 2161 572 720 2162 569 721 2163 568 721 2164 570 721 2165 565 722 2166 572 722 2167 571 722 2168 640 758 2274 639 758 2275 638 758 2276 637 759 2277 642 759 2278 639 759 2279 637 760 2280 640 760 2281 641 760 2282 643 761 2283 642 761 2284 644 761 2285 642 762 2286 641 762 2287 644 762 2288 641 763 2289 645 763 2290 644 763 2291 746 822 2466 747 822 2467 748 822 2468 745 823 2469 749 823 2470 747 823 2471 746 824 2472 749 824 2473 745 824 2474 746 825 2475 748 825 2476 750 825 2477 748 826 2478 749 826 2479 751 826 2480 746 827 2481 750 827 2482 749 827 2483 788 847 2541 787 847 2542 786 847 2543 789 848 2544 790 848 2545 788 848 2546 788 849 2547 793 849 2548 787 849 2549 788 850 2550 790 850 2551 793 850 2552 789 851 2553 787 851 2554 790 851 2555 787 852 2556 791 852 2557 790 852 2558 787 853 2559 792 853 2560 791 853 2561 790 854 2562 791 854 2563 793 854 2564 793 855 2565 794 855 2566 795 855 2567 804 859 2577 806 859 2578 802 859 2579 802 860 2580 806 860 2581 805 860 2582 805 861 2583 808 861 2584 804 861 2585 805 862 2586 806 862 2587 808 862 2588 804 863 2589 807 863 2590 806 863 2591 806 864 2592 809 864 2593 808 864 2594 748 903 2709 747 903 2710 749 903 2711 750 904 2712 748 904 2713 751 904 2714 789 924 2772 786 924 2773 787 924 2774 787 925 2775 793 925 2776 792 925 2777 791 926 2778 792 926 2779 794 926 2780 792 927 2781 793 927 2782 795 927 2783 793 928 2784 791 928 2785 794 928 2786 802 932 2796 803 932 2797 804 932 2798 803 933 2799 805 933 2800 804 933 2801 804 934 2802 808 934 2803 807 934 2804 806 935 2805 807 935 2806 809 935 2807 881 974 2922 884 974 2923 880 974 2924 881 975 2925 882 975 2926 884 975 2927 880 976 2928 885 976 2929 883 976 2930 882 977 2931 886 977 2932 884 977 2933 885 978 2934 886 978 2935 882 978 2936 887 979 2937 886 979 2938 885 979 2939 909 992 2976 913 992 2977 911 992 2978 910 993 2979 913 993 2980 909 993 2981 912 994 2982 914 994 2983 910 994 2984 937 1005 3015 940 1005 3016 938 1005 3017 941 1006 3018 938 1006 3019 943 1006 3020 940 1007 3021 942 1007 3022 938 1007 3023 941 1008 3024 943 1008 3025 940 1008 3026 942 1009 3027 943 1009 3028 938 1009 3029 940 1010 3030 944 1010 3031 942 1010 3032 881 1053 3159 883 1053 3160 882 1053 3161 882 1054 3162 883 1054 3163 885 1054 3164 880 1055 3165 887 1055 3166 885 1055 3167 880 1056 3168 884 1056 3169 887 1056 3170 911 1069 3207 912 1069 3208 910 1069 3209 911 1070 3210 913 1070 3211 912 1070 3212 913 1071 3213 910 1071 3214 914 1071 3215 912 1072 3216 913 1072 3217 915 1072 3218 913 1073 3219 914 1073 3220 915 1073 3221 937 1088 3264 939 1088 3265 940 1088 3266 939 1089 3267 941 1089 3268 940 1089 3269 939 1090 3270 938 1090 3271 941 1090 3272 940 1091 3273 943 1091 3274 944 1091 3275 1016 1130 3390 1019 1130 3391 1015 1130 3392 1016 1131 3393 1017 1131 3394 1019 1131 3395 1015 1132 3396 1020 1132 3397 1018 1132 3398 1017 1133 3399 1021 1133 3400 1019 1133 3401 1020 1134 3402 1021 1134 3403 1017 1134 3404 1022 1135 3405 1021 1135 3406 1020 1135 3407 1044 1148 3444 1048 1148 3445 1046 1148 3446 1045 1149 3447 1048 1149 3448 1044 1149 3449 1047 1150 3450 1049 1150 3451 1045 1150 3452 1072 1161 3483 1075 1161 3484 1073 1161 3485 1076 1162 3486 1073 1162 3487 1078 1162 3488 1075 1163 3489 1077 1163 3490 1073 1163 3491 1076 1164 3492 1078 1164 3493 1075 1164 3494 1077 1165 3495 1078 1165 3496 1073 1165 3497 1075 1166 3498 1079 1166 3499 1077 1166 3500 1016 1209 3627 1018 1209 3628 1017 1209 3629 1017 1210 3630 1018 1210 3631 1020 1210 3632 1015 1211 3633 1022 1211 3634 1020 1211 3635 1015 1212 3636 1019 1212 3637 1022 1212 3638 1046 1225 3675 1047 1225 3676 1045 1225 3677 1046 1226 3678 1048 1226 3679 1047 1226 3680 1048 1227 3681 1045 1227 3682 1049 1227 3683 1047 1228 3684 1048 1228 3685 1050 1228 3686 1048 1229 3687 1049 1229 3688 1050 1229 3689 1072 1244 3732 1074 1244 3733 1075 1244 3734 1074 1245 3735 1076 1245 3736 1075 1245 3737 1074 1246 3738 1073 1246 3739 1076 1246 3740 1075 1247 3741 1078 1247 3742 1079 1247 3743 1151 1290 3870 1152 1290 3871 1153 1290 3872 1150 1291 3873 1154 1291 3874 1152 1291 3875 1151 1292 3876 1154 1292 3877 1150 1292 3878 1151 1293 3879 1153 1293 3880 1155 1293 3881 1153 1294 3882 1154 1294 3883 1156 1294 3884 1151 1295 3885 1155 1295 3886 1154 1295 3887 1193 1315 3945 1192 1315 3946 1191 1315 3947 1194 1316 3948 1195 1316 3949 1193 1316 3950 1193 1317 3951 1198 1317 3952 1192 1317 3953 1193 1318 3954 1195 1318 3955 1198 1318 3956 1194 1319 3957 1192 1319 3958 1195 1319 3959 1192 1320 3960 1196 1320 3961 1195 1320 3962 1192 1321 3963 1197 1321 3964 1196 1321 3965 1195 1322 3966 1196 1322 3967 1198 1322 3968 1198 1323 3969 1199 1323 3970 1200 1323 3971 1209 1327 3981 1211 1327 3982 1207 1327 3983 1207 1328 3984 1211 1328 3985 1210 1328 3986 1210 1329 3987 1213 1329 3988 1209 1329 3989 1210 1330 3990 1211 1330 3991 1213 1330 3992 1209 1331 3993 1212 1331 3994 1211 1331 3995 1211 1332 3996 1214 1332 3997 1213 1332 3998 1153 1371 4113 1152 1371 4114 1154 1371 4115 1155 1372 4116 1153 1372 4117 1156 1372 4118 1194 1392 4176 1191 1392 4177 1192 1392 4178 1192 1393 4179 1198 1393 4180 1197 1393 4181 1196 1394 4182 1197 1394 4183 1199 1394 4184 1197 1395 4185 1198 1395 4186 1200 1395 4187 1198 1396 4188 1196 1396 4189 1199 1396 4190 1207 1400 4200 1208 1400 4201 1209 1400 4202 1208 1401 4203 1210 1401 4204 1209 1401 4205 1209 1402 4206 1213 1402 4207 1212 1402 4208 1211 1403 4209 1212 1403 4210 1214 1403 4211 1290 1449 4347 1289 1449 4348 1288 1449 4349 1290 1450 4350 1292 1450 4351 1289 1450 4352 1291 1451 4353 1289 1451 4354 1293 1451 4355 1292 1452 4356 1293 1452 4357 1295 1452 4358 1289 1453 4359 1294 1453 4360 1293 1453 4361 1289 1454 4362 1295 1454 4363 1294 1454 4364 1293 1455 4365 1294 1455 4366 1296 1455 4367 1288 1534 4602 1289 1534 4603 1291 1534 4604 1290 1535 4605 1291 1535 4606 1292 1535 4607 1291 1536 4608 1293 1536 4609 1292 1536 4610 1292 1537 4611 1295 1537 4612 1289 1537 4613 1295 1538 4614 1293 1538 4615 1296 1538 4616 1421 1598 4794 1424 1598 4795 1420 1598 4796 1421 1599 4797 1422 1599 4798 1424 1599 4799 1420 1600 4800 1425 1600 4801 1423 1600 4802 1422 1601 4803 1426 1601 4804 1424 1601 4805 1425 1602 4806 1426 1602 4807 1422 1602 4808 1427 1603 4809 1426 1603 4810 1425 1603 4811 1449 1616 4848 1453 1616 4849 1451 1616 4850 1450 1617 4851 1453 1617 4852 1449 1617 4853 1452 1618 4854 1454 1618 4855 1450 1618 4856 1477 1629 4887 1480 1629 4888 1478 1629 4889 1481 1630 4890 1478 1630 4891 1483 1630 4892 1480 1631 4893 1482 1631 4894 1478 1631 4895 1481 1632 4896 1483 1632 4897 1480 1632 4898 1482 1633 4899 1483 1633 4900 1478 1633 4901 1480 1634 4902 1484 1634 4903 1482 1634 4904 1421 1677 5031 1423 1677 5032 1422 1677 5033 1422 1678 5034 1423 1678 5035 1425 1678 5036 1420 1679 5037 1427 1679 5038 1425 1679 5039 1420 1680 5040 1424 1680 5041 1427 1680 5042 1451 1693 5079 1452 1693 5080 1450 1693 5081 1451 1694 5082 1453 1694 5083 1452 1694 5084 1453 1695 5085 1450 1695 5086 1454 1695 5087 1452 1696 5088 1453 1696 5089 1455 1696 5090 1453 1697 5091 1454 1697 5092 1455 1697 5093 1477 1712 5136 1479 1712 5137 1480 1712 5138 1479 1713 5139 1481 1713 5140 1480 1713 5141 1479 1714 5142 1478 1714 5143 1481 1714 5144 1480 1715 5145 1483 1715 5146 1484 1715 5147 1512 1730 5190 1515 1730 5191 1513 1730 5192 1512 1731 5193 1513 1731 5194 1514 1731 5195 1510 1732 5196 1515 1732 5197 1512 1732 5198 1510 1733 5199 1516 1733 5200 1515 1733 5201 1514 1734 5202 1515 1734 5203 1517 1734 5204 1582 1774 5322 1586 1774 5323 1587 1774 5324 1584 1775 5325 1587 1775 5326 1583 1775 5327 1583 1776 5328 1586 1776 5329 1585 1776 5330 1587 1777 5331 1588 1777 5332 1583 1777 5333 1583 1778 5334 1590 1778 5335 1586 1778 5336 1588 1779 5337 1590 1779 5338 1583 1779 5339 1511 1810 5430 1514 1810 5431 1510 1810 5432 1511 1811 5433 1512 1811 5434 1514 1811 5435 1510 1812 5436 1514 1812 5437 1517 1812 5438 1514 1813 5439 1513 1813 5440 1515 1813 5441 1510 1814 5442 1517 1814 5443 1516 1814 5444 1585 1850 5550 1584 1850 5551 1583 1850 5552 1582 1851 5553 1587 1851 5554 1584 1851 5555 1582 1852 5556 1585 1852 5557 1586 1852 5558 1588 1853 5559 1587 1853 5560 1589 1853 5561 1587 1854 5562 1586 1854 5563 1589 1854 5564 1586 1855 5565 1590 1855 5566 1589 1855 5567 1674 1905 5715 1675 1905 5716 1678 1905 5717 1675 1906 5718 1676 1906 5719 1679 1906 5720 1677 1907 5721 1678 1907 5722 1676 1907 5723 1676 1908 5724 1681 1908 5725 1679 1908 5726 1676 1909 5727 1678 1909 5728 1681 1909 5729 1678 1910 5730 1682 1910 5731 1681 1910 5732 1681 1911 5733 1680 1911 5734 1679 1911 5735 1675 1980 5940 1677 1980 5941 1676 1980 5942 1677 1981 5943 1674 1981 5944 1678 1981 5945 1675 1982 5946 1679 1982 5947 1678 1982 5948 1678 1983 5949 1679 1983 5950 1680 1983 5951 1678 1984 5952 1680 1984 5953 1682 1984 5954 1826 2066 6198 1829 2066 6199 1825 2066 6200 1826 2067 6201 1827 2067 6202 1829 2067 6203 1825 2068 6204 1830 2068 6205 1828 2068 6206 1827 2069 6207 1831 2069 6208 1829 2069 6209 1830 2070 6210 1831 2070 6211 1827 2070 6212 1832 2071 6213 1831 2071 6214 1830 2071 6215 1854 2084 6252 1858 2084 6253 1856 2084 6254 1855 2085 6255 1858 2085 6256 1854 2085 6257 1857 2086 6258 1859 2086 6259 1855 2086 6260 1882 2097 6291 1885 2097 6292 1883 2097 6293 1886 2098 6294 1883 2098 6295 1888 2098 6296 1885 2099 6297 1887 2099 6298 1883 2099 6299 1886 2100 6300 1888 2100 6301 1885 2100 6302 1887 2101 6303 1888 2101 6304 1883 2101 6305 1885 2102 6306 1889 2102 6307 1887 2102 6308 1826 2145 6435 1828 2145 6436 1827 2145 6437 1827 2146 6438 1828 2146 6439 1830 2146 6440 1825 2147 6441 1832 2147 6442 1830 2147 6443 1825 2148 6444 1829 2148 6445 1832 2148 6446 1856 2161 6483 1857 2161 6484 1855 2161 6485 1856 2162 6486 1858 2162 6487 1857 2162 6488 1858 2163 6489 1855 2163 6490 1859 2163 6491 1857 2164 6492 1858 2164 6493 1860 2164 6494 1858 2165 6495 1859 2165 6496 1860 2165 6497 1882 2180 6540 1884 2180 6541 1885 2180 6542 1884 2181 6543 1886 2181 6544 1885 2181 6545 1884 2182 6546 1883 2182 6547 1886 2182 6548 1885 2183 6549 1888 2183 6550 1889 2183 6551 1917 2199 6597 1919 2199 6598 1916 2199 6599 1918 2200 6600 1922 2200 6601 1917 2200 6602 1922 2201 6603 1921 2201 6604 1917 2201 6605 1961 2224 6672 1965 2224 6673 1963 2224 6674 1963 2225 6675 1965 2225 6676 1964 2225 6677 1961 2226 6678 1968 2226 6679 1966 2226 6680 1965 2227 6681 1966 2227 6682 1967 2227 6683 1964 2228 6684 1967 2228 6685 1968 2228 6686 1916 2279 6837 1918 2279 6838 1917 2279 6839 1916 2280 6840 1919 2280 6841 1922 2280 6842 1919 2281 6843 1917 2281 6844 1920 2281 6845 1922 2282 6846 1919 2282 6847 1920 2282 6848 1920 2283 6849 1917 2283 6850 1921 2283 6851 1962 2308 6924 1963 2308 6925 1968 2308 6926 1963 2309 6927 1964 2309 6928 1968 2309 6929 1961 2310 6930 1962 2310 6931 1968 2310 6932 1965 2311 6933 1961 2311 6934 1966 2311 6935 1964 2312 6936 1965 2312 6937 1967 2312 6938 2136 2402 7206 2139 2402 7207 2138 2402 7208 2136 2403 7209 2137 2403 7210 2139 2403 7211 2137 2404 7212 2138 2404 7213 2141 2404 7214 2138 2405 7215 2140 2405 7216 2141 2405 7217 2139 2406 7218 2140 2406 7219 2138 2406 7220 2141 2407 7221 2139 2407 7222 2137 2407 7223 2140 2408 7224 2139 2408 7225 2142 2408 7226 2141 2409 7227 2143 2409 7228 2139 2409 7229 2139 2410 7230 2143 2410 7231 2142 2410 7232 2141 2411 7233 2144 2411 7234 2143 2411 7235 2141 2412 7236 2142 2412 7237 2144 2412 7238 2151 2416 7248 2154 2416 7249 2153 2416 7250 2152 2417 7251 2153 2417 7252 2155 2417 7253 2155 2418 7254 2158 2418 7255 2154 2418 7256 2158 2419 7257 2157 2419 7258 2154 2419 7259 2154 2420 7260 2157 2420 7261 2156 2420 7262 2156 2421 7263 2159 2421 7264 2155 2421 7265 2140 2486 7458 2142 2486 7459 2141 2486 7460 2151 2490 7470 2152 2490 7471 2154 2490 7472 2152 2491 7473 2155 2491 7474 2154 2491 7475 2156 2492 7476 2153 2492 7477 2154 2492 7478 2155 2493 7479 2153 2493 7480 2156 2493 7481 2158 2494 7482 2155 2494 7483 2159 2494 7484 2156 2495 7485 2157 2495 7486 2159 2495 7487 2275 2573 7719 2279 2573 7720 2274 2573 7721 2276 2574 7722 2277 2574 7723 2279 2574 7724 2274 2575 7725 2277 2575 7726 2276 2575 7727 2279 2576 7728 2278 2576 7729 2274 2576 7730 2277 2577 7731 2281 2577 7732 2279 2577 7733 2279 2578 7734 2280 2578 7735 2278 2578 7736 2278 2579 7737 2281 2579 7738 2277 2579 7739 2275 2642 7926 2276 2642 7927 2279 2642 7928 2274 2643 7929 2278 2643 7930 2277 2643 7931 2279 2644 7932 2281 2644 7933 2280 2644 7934 2378 2703 8109 2381 2703 8110 2380 2703 8111 2379 2704 8112 2381 2704 8113 2378 2704 8114 2380 2705 8115 2381 2705 8116 2382 2705 8117 2379 2706 8118 2384 2706 8119 2381 2706 8120 2382 2707 8121 2383 2707 8122 2385 2707 8123 2406 2717 8151 2411 2717 8152 2412 2717 8153 2406 2718 8154 2407 2718 8155 2411 2718 8156 2410 2719 8157 2411 2719 8158 2407 2719 8159 2408 2720 8160 2412 2720 8161 2410 2720 8162 2410 2721 8163 2414 2721 8164 2413 2721 8165 2410 2722 8166 2413 2722 8167 2415 2722 8168 2380 2773 8319 2382 2773 8320 2379 2773 8321 2381 2774 8322 2383 2774 8323 2382 2774 8324 2379 2775 8325 2382 2775 8326 2384 2775 8327 2384 2776 8328 2382 2776 8329 2385 2776 8330 2383 2777 8331 2381 2777 8332 2384 2777 8333 2409 2791 8373 2406 2791 8374 2412 2791 8375 2407 2792 8376 2409 2792 8377 2408 2792 8378 2409 2793 8379 2412 2793 8380 2408 2793 8381 2408 2794 8382 2410 2794 8383 2407 2794 8384 2410 2795 8385 2412 2795 8386 2414 2795 8387 2412 2796 8388 2411 2796 8389 2414 2796 8390 2411 2797 8391 2415 2797 8392 2414 2797 8393 2411 2798 8394 2410 2798 8395 2415 2798 8396 2541 2870 8610 2544 2870 8611 2543 2870 8612 2541 2871 8613 2542 2871 8614 2544 2871 8615 2542 2872 8616 2543 2872 8617 2546 2872 8618 2543 2873 8619 2545 2873 8620 2546 2873 8621 2544 2874 8622 2545 2874 8623 2543 2874 8624 2546 2875 8625 2544 2875 8626 2542 2875 8627 2545 2876 8628 2544 2876 8629 2547 2876 8630 2546 2877 8631 2548 2877 8632 2544 2877 8633 2544 2878 8634 2548 2878 8635 2547 2878 8636 2546 2879 8637 2549 2879 8638 2548 2879 8639 2546 2880 8640 2547 2880 8641 2549 2880 8642 2556 2884 8652 2559 2884 8653 2558 2884 8654 2557 2885 8655 2558 2885 8656 2560 2885 8657 2560 2886 8658 2563 2886 8659 2559 2886 8660 2563 2887 8661 2562 2887 8662 2559 2887 8663 2559 2888 8664 2562 2888 8665 2561 2888 8666 2561 2889 8667 2564 2889 8668 2560 2889 8669 2545 2954 8862 2547 2954 8863 2546 2954 8864 2556 2958 8874 2557 2958 8875 2559 2958 8876 2557 2959 8877 2560 2959 8878 2559 2959 8879 2561 2960 8880 2558 2960 8881 2559 2960 8882 2560 2961 8883 2558 2961 8884 2561 2961 8885 2563 2962 8886 2560 2962 8887 2564 2962 8888 2561 2963 8889 2562 2963 8890 2564 2963 8891 2619 2997 8991 2620 2997 8992 2623 2997 8993 2620 2998 8994 2621 2998 8995 2624 2998 8996 2622 2999 8997 2623 2999 8998 2621 2999 8999 2621 3000 9000 2626 3000 9001 2624 3000 9002 2621 3001 9003 2623 3001 9004 2626 3001 9005 2623 3002 9006 2627 3002 9007 2626 3002 9008 2626 3003 9009 2625 3003 9010 2624 3003 9011 2620 3072 9216 2622 3072 9217 2621 3072 9218 2622 3073 9219 2619 3073 9220 2623 3073 9221 2620 3074 9222 2624 3074 9223 2623 3074 9224 2623 3075 9225 2624 3075 9226 2625 3075 9227 2623 3076 9228 2625 3076 9229 2627 3076 9230 2727 3135 9405 2729 3135 9406 2726 3135 9407 2728 3136 9408 2732 3136 9409 2727 3136 9410 2732 3137 9411 2731 3137 9412 2727 3137 9413 2771 3160 9480 2775 3160 9481 2773 3160 9482 2773 3161 9483 2775 3161 9484 2774 3161 9485 2771 3162 9486 2778 3162 9487 2776 3162 9488 2775 3163 9489 2776 3163 9490 2777 3163 9491 2774 3164 9492 2777 3164 9493 2778 3164 9494 2726 3215 9645 2728 3215 9646 2727 3215 9647 2726 3216 9648 2729 3216 9649 2732 3216 9650 2729 3217 9651 2727 3217 9652 2730 3217 9653 2732 3218 9654 2729 3218 9655 2730 3218 9656 2730 3219 9657 2727 3219 9658 2731 3219 9659 2772 3244 9732 2773 3244 9733 2778 3244 9734 2773 3245 9735 2774 3245 9736 2778 3245 9737 2771 3246 9738 2772 3246 9739 2778 3246 9740 2775 3247 9741 2771 3247 9742 2776 3247 9743 2774 3248 9744 2775 3248 9745 2777 3248 9746 2918 3327 9981 2921 3327 9982 2920 3327 9983 2919 3328 9984 2921 3328 9985 2918 3328 9986 2920 3329 9987 2921 3329 9988 2922 3329 9989 2919 3330 9990 2924 3330 9991 2921 3330 9992 2922 3331 9993 2923 3331 9994 2925 3331 9995 2946 3341 10023 2951 3341 10024 2952 3341 10025 2946 3342 10026 2947 3342 10027 2951 3342 10028 2950 3343 10029 2951 3343 10030 2947 3343 10031 2948 3344 10032 2952 3344 10033 2950 3344 10034 2950 3345 10035 2954 3345 10036 2953 3345 10037 2950 3346 10038 2953 3346 10039 2955 3346 10040 2920 3397 10191 2922 3397 10192 2919 3397 10193 2921 3398 10194 2923 3398 10195 2922 3398 10196 2919 3399 10197 2922 3399 10198 2924 3399 10199 2924 3400 10200 2922 3400 10201 2925 3400 10202 2923 3401 10203 2921 3401 10204 2924 3401 10205 2949 3415 10245 2946 3415 10246 2952 3415 10247 2947 3416 10248 2949 3416 10249 2948 3416 10250 2949 3417 10251 2952 3417 10252 2948 3417 10253 2948 3418 10254 2950 3418 10255 2947 3418 10256 2950 3419 10257 2952 3419 10258 2954 3419 10259 2952 3420 10260 2951 3420 10261 2954 3420 10262 2951 3421 10263 2955 3421 10264 2954 3421 10265 2951 3422 10266 2950 3422 10267 2955 3422 10268 2997 3446 10338 3000 3446 10339 2998 3446 10340 2997 3447 10341 2998 3447 10342 2999 3447 10343 2995 3448 10344 3000 3448 10345 2997 3448 10346 2995 3449 10347 3001 3449 10348 3000 3449 10349 2999 3450 10350 3000 3450 10351 3002 3450 10352 3067 3490 10470 3071 3490 10471 3072 3490 10472 3069 3491 10473 3072 3491 10474 3068 3491 10475 3068 3492 10476 3071 3492 10477 3070 3492 10478 3072 3493 10479 3073 3493 10480 3068 3493 10481 3068 3494 10482 3075 3494 10483 3071 3494 10484 3073 3495 10485 3075 3495 10486 3068 3495 10487 2996 3526 10578 2999 3526 10579 2995 3526 10580 2996 3527 10581 2997 3527 10582 2999 3527 10583 2995 3528 10584 2999 3528 10585 3002 3528 10586 2999 3529 10587 2998 3529 10588 3000 3529 10589 2995 3530 10590 3002 3530 10591 3001 3530 10592 3070 3566 10698 3069 3566 10699 3068 3566 10700 3067 3567 10701 3072 3567 10702 3069 3567 10703 3067 3568 10704 3070 3568 10705 3071 3568 10706 3073 3569 10707 3072 3569 10708 3074 3569 10709 3072 3570 10710 3071 3570 10711 3074 3570 10712 3071 3571 10713 3075 3571 10714 3074 3571 10715 3180 3633 10899 3179 3633 10900 3178 3633 10901 3180 3634 10902 3182 3634 10903 3179 3634 10904 3181 3635 10905 3179 3635 10906 3183 3635 10907 3182 3636 10908 3183 3636 10909 3185 3636 10910 3179 3637 10911 3184 3637 10912 3183 3637 10913 3179 3638 10914 3185 3638 10915 3184 3638 10916 3183 3639 10917 3184 3639 10918 3186 3639 10919 3178 3718 11154 3179 3718 11155 3181 3718 11156 3180 3719 11157 3181 3719 11158 3182 3719 11159 3181 3720 11160 3183 3720 11161 3182 3720 11162 3182 3721 11163 3185 3721 11164 3179 3721 11165 3185 3722 11166 3183 3722 11167 3186 3722 11168 3267 3758 11274 3270 3758 11275 3268 3758 11276 3267 3759 11277 3268 3759 11278 3269 3759 11279 3265 3760 11280 3270 3760 11281 3267 3760 11282 3265 3761 11283 3271 3761 11284 3270 3761 11285 3269 3762 11286 3270 3762 11287 3272 3762 11288 3337 3802 11406 3341 3802 11407 3342 3802 11408 3339 3803 11409 3342 3803 11410 3338 3803 11411 3338 3804 11412 3341 3804 11413 3340 3804 11414 3342 3805 11415 3343 3805 11416 3338 3805 11417 3338 3806 11418 3345 3806 11419 3341 3806 11420 3343 3807 11421 3345 3807 11422 3338 3807 11423 3266 3838 11514 3269 3838 11515 3265 3838 11516 3266 3839 11517 3267 3839 11518 3269 3839 11519 3265 3840 11520 3269 3840 11521 3272 3840 11522 3269 3841 11523 3268 3841 11524 3270 3841 11525 3265 3842 11526 3272 3842 11527 3271 3842 11528 3340 3878 11634 3339 3878 11635 3338 3878 11636 3337 3879 11637 3342 3879 11638 3339 3879 11639 3337 3880 11640 3340 3880 11641 3341 3880 11642 3343 3881 11643 3342 3881 11644 3344 3881 11645 3342 3882 11646 3341 3882 11647 3344 3882 11648 3341 3883 11649 3345 3883 11650 3344 3883 11651</p>
        </triangles>
        <triangles count="232" material="m4">
          <input semantic="VERTEX" source="#vertices" offset="0" />
          <input semantic="NORMAL" source="#normals" offset="1" />
          <input semantic="TEXCOORD" source="#uv" offset="2" set="0" />
          <p>1228 1411 4233 1229 1411 4234 1227 1411 4235 1228 1412 4236 1230 1412 4237 1229 1412 4238 1227 1413 4239 1231 1413 4240 1230 1413 4241 1230 1414 4242 1231 1414 4243 1229 1414 4244 1231 1415 4245 1232 1415 4246 1229 1415 4247 1227 1416 4248 1234 1416 4249 1233 1416 4250 1227 1417 4251 1232 1417 4252 1234 1417 4253 1259 1430 4290 1261 1430 4291 1258 1430 4292 1257 1431 4293 1260 1431 4294 1259 1431 4295 1259 1432 4296 1262 1432 4297 1261 1432 4298 1259 1433 4299 1260 1433 4300 1262 1433 4301 1262 1434 4302 1260 1434 4303 1265 1434 4304 1260 1435 4305 1263 1435 4306 1265 1435 4307 1261 1436 4308 1264 1436 4309 1263 1436 4310 1273 1440 4320 1274 1440 4321 1276 1440 4322 1277 1441 4323 1275 1441 4324 1274 1441 4325 1275 1442 4326 1280 1442 4327 1276 1442 4328 1277 1443 4329 1279 1443 4330 1278 1443 4331 1279 1444 4332 1281 1444 4333 1278 1444 4334 1275 1445 4335 1281 1445 4336 1280 1445 4337 1304 1459 4377 1303 1459 4378 1306 1459 4379 1305 1460 4380 1307 1460 4381 1303 1460 4382 1304 1461 4383 1306 1461 4384 1305 1461 4385 1305 1462 4386 1306 1462 4387 1309 1462 4388 1307 1463 4389 1306 1463 4390 1303 1463 4391 1305 1464 4392 1309 1464 4393 1307 1464 4394 1307 1465 4395 1308 1465 4396 1306 1465 4397 1310 1466 4398 1308 1466 4399 1307 1466 4400 1309 1467 4401 1310 1467 4402 1307 1467 4403 1342 1487 4461 1345 1487 4462 1344 1487 4463 1342 1488 4464 1346 1488 4465 1345 1488 4466 1343 1489 4467 1347 1489 4468 1346 1489 4469 1344 1490 4470 1345 1490 4471 1347 1490 4472 1345 1491 4473 1348 1491 4474 1347 1491 4475 1346 1492 4476 1347 1492 4477 1349 1492 4478 1231 1498 4494 1227 1498 4495 1233 1498 4496 1227 1499 4497 1229 1499 4498 1232 1499 4499 1232 1500 4500 1231 1500 4501 1233 1500 4502 1256 1513 4539 1259 1513 4540 1258 1513 4541 1257 1514 4542 1256 1514 4543 1260 1514 4544 1260 1515 4545 1256 1515 4546 1258 1515 4547 1260 1516 4548 1258 1516 4549 1263 1516 4550 1258 1517 4551 1261 1517 4552 1263 1517 4553 1261 1518 4554 1262 1518 4555 1264 1518 4556 1262 1519 4557 1265 1519 4558 1264 1519 4559 1272 1523 4569 1277 1523 4570 1274 1523 4571 1272 1524 4572 1276 1524 4573 1277 1524 4574 1272 1525 4575 1273 1525 4576 1276 1525 4577 1274 1526 4578 1275 1526 4579 1276 1526 4580 1275 1527 4581 1277 1527 4582 1278 1527 4583 1277 1528 4584 1276 1528 4585 1279 1528 4586 1279 1529 4587 1276 1529 4588 1280 1529 4589 1275 1530 4590 1278 1530 4591 1281 1530 4592 1309 1542 4626 1306 1542 4627 1308 1542 4628 1343 1556 4668 1346 1556 4669 1342 1556 4670 1344 1557 4671 1347 1557 4672 1343 1557 4673 1345 1558 4674 1349 1558 4675 1348 1558 4676 1345 1559 4677 1346 1559 4678 1349 1559 4679 1632 1878 5634 1633 1878 5635 1638 1878 5636 1632 1879 5637 1638 1879 5638 1634 1879 5639 1633 1880 5640 1635 1880 5641 1638 1880 5642 1634 1881 5643 1637 1881 5644 1635 1881 5645 1634 1882 5646 1636 1882 5647 1637 1882 5648 1637 1883 5649 1638 1883 5650 1635 1883 5651 1707 1926 5778 1705 1926 5779 1708 1926 5780 1708 1927 5781 1706 1927 5782 1707 1927 5783 1708 1928 5784 1712 1928 5785 1706 1928 5786 1633 1959 5877 1634 1959 5878 1635 1959 5879 1634 1960 5880 1638 1960 5881 1636 1960 5882 1705 1997 5991 1706 1997 5992 1709 1997 5993 1705 1998 5994 1709 1998 5995 1708 1998 5996 1706 1999 5997 1712 1999 5998 1709 1999 5999 1708 2000 6000 1709 2000 6001 1710 2000 6002 1709 2001 6003 1711 2001 6004 1710 2001 6005 1709 2002 6006 1712 2002 6007 1711 2002 6008 1708 2003 6009 1710 2003 6010 1712 2003 6011 1904 2190 6570 1905 2190 6571 1902 2190 6572 1903 2191 6573 1905 2191 6574 1906 2191 6575 1905 2192 6576 1908 2192 6577 1907 2192 6578 1904 2193 6579 1906 2193 6580 1909 2193 6581 1906 2194 6582 1907 2194 6583 1909 2194 6584 1989 2243 6729 1988 2243 6730 1992 2243 6731 1991 2244 6732 1990 2244 6733 1988 2244 6734 1991 2245 6735 1993 2245 6736 1990 2245 6737 1991 2246 6738 1989 2246 6739 1993 2246 6740 1990 2247 6741 1992 2247 6742 1988 2247 6743 1989 2248 6744 1992 2248 6745 1993 2248 6746 1992 2249 6747 1994 2249 6748 1993 2249 6749 1990 2250 6750 1993 2250 6751 1995 2250 6752 1902 2272 6816 1905 2272 6817 1903 2272 6818 1903 2273 6819 1906 2273 6820 1904 2273 6821 1904 2274 6822 1908 2274 6823 1905 2274 6824 1906 2275 6825 1905 2275 6826 1907 2275 6827 1908 2276 6828 1904 2276 6829 1909 2276 6830 1992 2319 6957 1995 2319 6958 1994 2319 6959 1992 2320 6960 1990 2320 6961 1995 2320 6962 2066 2359 7077 2070 2359 7078 2067 2359 7079 2067 2360 7080 2070 2360 7081 2071 2360 7082 2070 2361 7083 2072 2361 7084 2071 2361 7085 2070 2362 7086 2068 2362 7087 2072 2362 7088 2065 2447 7341 2067 2447 7342 2069 2447 7343 2065 2448 7344 2066 2448 7345 2067 2448 7346 2066 2449 7347 2069 2449 7348 2070 2449 7349 2067 2450 7350 2071 2450 7351 2069 2450 7352 2069 2451 7353 2068 2451 7354 2070 2451 7355 2069 2452 7356 2071 2452 7357 2068 2452 7358 2172 2502 7506 2177 2502 7507 2174 2502 7508 2172 2503 7509 2176 2503 7510 2175 2503 7511 2177 2504 7512 2175 2504 7513 2179 2504 7514 2176 2505 7515 2180 2505 7516 2175 2505 7517 2177 2506 7518 2179 2506 7519 2176 2506 7520 2176 2507 7521 2178 2507 7522 2180 2507 7523 2220 2538 7614 2218 2538 7615 2219 2538 7616 2218 2539 7617 2222 2539 7618 2219 2539 7619 2218 2540 7620 2221 2540 7621 2222 2540 7622 2219 2541 7623 2222 2541 7624 2224 2541 7625 2221 2542 7626 2224 2542 7627 2223 2542 7628 2172 2593 7779 2175 2593 7780 2177 2593 7781 2172 2594 7782 2173 2594 7783 2176 2594 7784 2173 2595 7785 2174 2595 7786 2176 2595 7787 2174 2596 7788 2177 2596 7789 2176 2596 7790 2179 2597 7791 2175 2597 7792 2180 2597 7793 2176 2598 7794 2179 2598 7795 2178 2598 7796 2220 2613 7839 2219 2613 7840 2224 2613 7841 2222 2614 7842 2221 2614 7843 2223 2614 7844 2221 2615 7845 2220 2615 7846 2224 2615 7847 2471 2827 8481 2475 2827 8482 2472 2827 8483 2472 2828 8484 2475 2828 8485 2476 2828 8486 2475 2829 8487 2477 2829 8488 2476 2829 8489 2475 2830 8490 2473 2830 8491 2477 2830 8492 2470 2915 8745 2472 2915 8746 2474 2915 8747 2470 2916 8748 2471 2916 8749 2472 2916 8750 2471 2917 8751 2474 2917 8752 2475 2917 8753 2472 2918 8754 2476 2918 8755 2474 2918 8756 2474 2919 8757 2473 2919 8758 2475 2919 8759 2474 2920 8760 2476 2920 8761 2473 2920 8762 2577 2970 8910 2578 2970 8911 2583 2970 8912 2577 2971 8913 2583 2971 8914 2579 2971 8915 2578 2972 8916 2580 2972 8917 2583 2972 8918 2579 2973 8919 2582 2973 8920 2580 2973 8921 2579 2974 8922 2581 2974 8923 2582 2974 8924 2582 2975 8925 2583 2975 8926 2580 2975 8927 2652 3018 9054 2650 3018 9055 2653 3018 9056 2653 3019 9057 2651 3019 9058 2652 3019 9059 2653 3020 9060 2657 3020 9061 2651 3020 9062 2578 3051 9153 2579 3051 9154 2580 3051 9155 2579 3052 9156 2583 3052 9157 2581 3052 9158 2650 3089 9267 2651 3089 9268 2654 3089 9269 2650 3090 9270 2654 3090 9271 2653 3090 9272 2651 3091 9273 2657 3091 9274 2654 3091 9275 2653 3092 9276 2654 3092 9277 2655 3092 9278 2654 3093 9279 2656 3093 9280 2655 3093 9281 2654 3094 9282 2657 3094 9283 2656 3094 9284 2653 3095 9285 2655 3095 9286 2657 3095 9287 2714 3126 9378 2715 3126 9379 2712 3126 9380 2713 3127 9381 2715 3127 9382 2716 3127 9383 2715 3128 9384 2718 3128 9385 2717 3128 9386 2714 3129 9387 2716 3129 9388 2719 3129 9389 2716 3130 9390 2717 3130 9391 2719 3130 9392 2799 3179 9537 2798 3179 9538 2802 3179 9539 2801 3180 9540 2800 3180 9541 2798 3180 9542 2801 3181 9543 2803 3181 9544 2800 3181 9545 2801 3182 9546 2799 3182 9547 2803 3182 9548 2800 3183 9549 2802 3183 9550 2798 3183 9551 2799 3184 9552 2802 3184 9553 2803 3184 9554 2802 3185 9555 2804 3185 9556 2803 3185 9557 2800 3186 9558 2803 3186 9559 2805 3186 9560 2712 3208 9624 2715 3208 9625 2713 3208 9626 2713 3209 9627 2716 3209 9628 2714 3209 9629 2714 3210 9630 2718 3210 9631 2715 3210 9632 2716 3211 9633 2715 3211 9634 2717 3211 9635 2718 3212 9636 2714 3212 9637 2719 3212 9638 2802 3255 9765 2805 3255 9766 2804 3255 9767 2802 3256 9768 2800 3256 9769 2805 3256 9770 3118 3595 10785 3119 3595 10786 3117 3595 10787 3118 3596 10788 3120 3596 10789 3119 3596 10790 3117 3597 10791 3121 3597 10792 3120 3597 10793 3120 3598 10794 3121 3598 10795 3119 3598 10796 3121 3599 10797 3122 3599 10798 3119 3599 10799 3117 3600 10800 3124 3600 10801 3123 3600 10802 3117 3601 10803 3122 3601 10804 3124 3601 10805 3149 3614 10842 3151 3614 10843 3148 3614 10844 3147 3615 10845 3150 3615 10846 3149 3615 10847 3149 3616 10848 3152 3616 10849 3151 3616 10850 3149 3617 10851 3150 3617 10852 3152 3617 10853 3152 3618 10854 3150 3618 10855 3155 3618 10856 3150 3619 10857 3153 3619 10858 3155 3619 10859 3151 3620 10860 3154 3620 10861 3153 3620 10862 3163 3624 10872 3164 3624 10873 3166 3624 10874 3167 3625 10875 3165 3625 10876 3164 3625 10877 3165 3626 10878 3170 3626 10879 3166 3626 10880 3167 3627 10881 3169 3627 10882 3168 3627 10883 3169 3628 10884 3171 3628 10885 3168 3628 10886 3165 3629 10887 3171 3629 10888 3170 3629 10889 3194 3643 10929 3193 3643 10930 3196 3643 10931 3195 3644 10932 3197 3644 10933 3193 3644 10934 3194 3645 10935 3196 3645 10936 3195 3645 10937 3195 3646 10938 3196 3646 10939 3199 3646 10940 3197 3647 10941 3196 3647 10942 3193 3647 10943 3195 3648 10944 3199 3648 10945 3197 3648 10946 3197 3649 10947 3198 3649 10948 3196 3649 10949 3200 3650 10950 3198 3650 10951 3197 3650 10952 3199 3651 10953 3200 3651 10954 3197 3651 10955 3232 3671 11013 3235 3671 11014 3234 3671 11015 3232 3672 11016 3236 3672 11017 3235 3672 11018 3233 3673 11019 3237 3673 11020 3236 3673 11021 3234 3674 11022 3235 3674 11023 3237 3674 11024 3235 3675 11025 3238 3675 11026 3237 3675 11027 3236 3676 11028 3237 3676 11029 3239 3676 11030 3121 3682 11046 3117 3682 11047 3123 3682 11048 3117 3683 11049 3119 3683 11050 3122 3683 11051 3122 3684 11052 3121 3684 11053 3123 3684 11054 3146 3697 11091 3149 3697 11092 3148 3697 11093 3147 3698 11094 3146 3698 11095 3150 3698 11096 3150 3699 11097 3146 3699 11098 3148 3699 11099 3150 3700 11100 3148 3700 11101 3153 3700 11102 3148 3701 11103 3151 3701 11104 3153 3701 11105 3151 3702 11106 3152 3702 11107 3154 3702 11108 3152 3703 11109 3155 3703 11110 3154 3703 11111 3162 3707 11121 3167 3707 11122 3164 3707 11123 3162 3708 11124 3166 3708 11125 3167 3708 11126 3162 3709 11127 3163 3709 11128 3166 3709 11129 3164 3710 11130 3165 3710 11131 3166 3710 11132 3165 3711 11133 3167 3711 11134 3168 3711 11135 3167 3712 11136 3166 3712 11137 3169 3712 11138 3169 3713 11139 3166 3713 11140 3170 3713 11141 3165 3714 11142 3168 3714 11143 3171 3714 11144 3199 3726 11178 3196 3726 11179 3198 3726 11180 3233 3740 11220 3236 3740 11221 3232 3740 11222 3234 3741 11223 3237 3741 11224 3233 3741 11225 3235 3742 11226 3239 3742 11227 3238 3742 11228 3235 3743 11229 3236 3743 11230 3239 3743 11231</p>
        </triangles>
      </mesh>
    </geometry>
  </library_geometries>
  <library_visual_scenes>
    <visual_scene id="Scene">
      <node id="Node" type="NODE">
        <instance_geometry url="#geometry">
          <bind_material>
            <technique_common>
              <instance_material symbol="m0" target="#m0">
                <bind_vertex_input semantic="UVSET0" input_semantic="TEXCOORD" input_set="0" />
              </instance_material>
              <instance_material symbol="m1" target="#m1">
                <bind_vertex_input semantic="UVSET0" input_semantic="TEXCOORD" input_set="0" />
              </instance_material>
              <instance_material symbol="m2" target="#m2">
                <bind_vertex_input semantic="UVSET0" input_semantic="TEXCOORD" input_set="0" />
              </instance_material>
              <instance_material symbol="m3" target="#m3">
                <bind_vertex_input semantic="UVSET0" input_semantic="TEXCOORD" input_set="0" />
              </instance_material>
              <instance_material symbol="m4" target="#m4">
                <bind_vertex_input semantic="UVSET0" input_semantic="TEXCOORD" input_set="0" />
              </instance_material>
              <instance_material symbol="m5" target="#m5">
                <bind_vertex_input semantic="UVSET0" input_semantic="TEXCOORD" input_set="0" />
              </instance_material>
            </technique_common>
          </bind_material>
        </instance_geometry>
      </node>
    </visual_scene>
  </library_visual_scenes>
  <scene>
    <instance_visual_scene url="#Scene" />
  </scene>
</COLLADA>