<?xml version='1.0' encoding='utf-8'?>
<COLLADA xmlns="http://www.collada.org/2005/11/COLLADASchema" version="1.4.1">
  <asset>
    <created>2026-09-15T00:00:00Z</created>
    <modified>2026-09-15T00:00:00Z</modified>
    <unit name="meter" meter="1" />
    <up_axis>Z_UP</up_axis>
  </asset>
  <library_images />
  <library_effects>
    <effect id="e0">
      <profile_COMMON>
        <technique sid="common">
          <phong>
            <ambient>
              <color>0.1755 0.18 0.1485 1</color>
            </ambient>
            <diffuse>
              <color>0.39 0.4 0.33 1</color>
            </diffuse>
            <specular>
              <color>0.02 0.02 0.02 1</color>
            </specular>
            <shininess>
              <float>8</float>
            </shininess>
          </phong>
        </technique>
      </profile_COMMON>
    </effect>
    <effect id="e1">
      <profile_COMMON>
        <technique sid="common">
          <phong>
            <ambient>
              <color>0.045 0.09 0.06075 1</color>
            </ambient>
            <diffuse>
              <color>0.1 0.2 0.135 1</color>
            </diffuse>
            <specular>
              <color>0.02 0.02 0.02 1</color>
            </specular>
            <shininess>
              <float>8</float>
            </shininess>
          </phong>
        </technique>
      </profile_COMMON>
    </effect>
    <effect id="e2">
      <profile_COMMON>
        <technique sid="common">
          <phong>
            <ambient>
              <color>0.0765 0.1215 0.0765 1</color>
            </ambient>
            <diffuse>
              <color>0.17 0.27 0.17 1</color>
            </diffuse>
            <specular>
              <color>0.02 0.02 0.02 1</color>
            </specular>
            <shininess>
              <float>8</float>
            </shininess>
          </phong>
        </technique>
      </profile_COMMON>
    </effect>
    <effect id="e3">
      <profile_COMMON>
        <technique sid="common">
          <phong>
            <ambient>
              <color>0.099 0.1395 0.09225 1</color>
            </ambient>
            <diffuse>
              <color>0.22 0.31 0.205 1</color>
            </diffuse>
            <specular>
              <color>0.02 0.02 0.02 1</color>
            </specular>
            <shininess>
              <float>8</float>
            </shininess>
          </phong>
        </technique>
      </profile_COMMON>
    </effect>
    <effect id="e4">
      <profile_COMMON>
        <technique sid="common">
          <phong>
            <ambient>
              <color>0.054 0.1035 0.09 1</color>
            </ambient>
            <diffuse>
              <color>0.12 0.23 0.2 1</color>
            </diffuse>
            <specular>
              <color>0.02 0.02 0.02 1</color>
            </specular>
            <shininess>
              <float>8</float>
            </shininess>
          </phong>
        </technique>
      </profile_COMMON>
    </effect>
    <effect id="e5">
      <profile_COMMON>
        <technique sid="common">
          <phong>
            <ambient>
              <color>0.126 0.1485 0.0855 1</color>
            </ambient>
            <diffuse>
              <color>0.28 0.33 0.19 1</color>
            </diffuse>
            <specular>
              <color>0.02 0.02 0.02 1</color>
            </specular>
            <shininess>
              <float>8</float>
            </shininess>
          </phong>
        </technique>
      </profile_COMMON>
    </effect>
  </library_effects>
  <library_materials>
    <material id="m0" name="m0">
      <instance_effect url="#e0" />
    </material>
    <material id="m1" name="m1">
      <instance_effect url="#e1" />
    </material>
    <material id="m2" name="m2">
      <instance_effect url="#e2" />
    </material>
    <material id="m3" name="m3">
      <instance_effect url="#e3" />
    </material>
    <material id="m4" name="m4">
      <instance_effect url="#e4" />
    </material>
    <material id="m5" name="m5">
      <instance_effect url="#e5" />
    </material>
  </library_materials>
  <library_geometries>
    <geometry id="geometry" name="forest_19_22">
      <mesh>
        <source id="positions">
          <float_array id="positions-array" count="15390">-4.791047 22.75463 2.645051 -4.793409 22.82699 2.64284 -4.852542 22.7725 2.64347 -4.834824 22.81275 3.902788 -4.822888 22.83364 3.902443 -4.848162 22.83091 3.902085 -4.8234 22.78965 3.355172 -4.809694 22.81629 3.352132 -4.837487 22.81709 3.347485 -4.986862 23.00198 4.308759 -4.9831 23.00847 4.308094 -4.990921 23.00747 4.307025 -4.986975 23.00608 4.505263 -4.987747 23.00619 4.560782 -4.890432 22.97329 4.442166 -5.077894 22.64974 4.374021 -5.279455 23.22102 4.214619 -4.987537 23.00573 4.055109 -4.819808 22.84126 4.10972 -4.986917 23.00627 4.088667 -4.815763 22.79456 3.419896 -4.814953 22.81974 3.433963 -4.839927 22.80227 3.42368 -4.841983 22.34324 4.203292 -4.837296 22.34876 4.206493 -4.844825 22.34886 4.20638 -4.841473 22.34903 4.427702 -5.140362 22.28414 4.193805 -4.841765 22.34387 4.342625 -4.771158 22.63074 4.169227 -4.839325 22.34993 3.995877 -4.841589 22.34573 4.020558 -4.826336 22.34982 4.183172 -4.822809 22.79136 3.455454 -4.809276 22.81592 3.444806 -4.83936 22.81417 3.454718 -4.617031 22.97421 4.074199 -4.613983 22.98055 4.071583 -4.620709 22.98123 4.073523 -4.617298 22.97855 4.287345 -4.617269 22.97859 4.280906 -4.72887 23.15629 4.254887 -4.617037 22.97851 4.315754 -4.275292 23.09254 4.061602 -4.858136 22.75916 3.908879 -4.62384 22.68027 4.13321 -4.623122 22.98035 3.83067 -4.617286 22.97861 3.883445 -4.617224 22.97857 3.833132 -4.810579 22.8095 3.397877 -4.832029 22.82084 3.382336 -4.833253 22.79529 3.380342 -5.388402 22.77226 4.102642 -5.386076 22.77911 4.104671 -5.392222 22.77753 4.099997 -5.388894 22.77638 4.270771 -5.388913 22.77648 4.290385 -5.724311 22.86124 4.171868 -5.388904 22.77638 4.281473 -5.313337 22.79779 4.319539 -5.692194 22.64677 4.059168 -5.20197 23.0879 4.046033 -5.380891 22.76297 3.95595 -5.388904 22.77633 3.885162 -5.388894 22.77638 3.875324 -4.810282 22.80132 3.346193 -4.823739 22.82453 3.359446 -4.83663 22.79593 3.354415 -4.607347 22.60619 3.889114 -4.602879 22.61079 3.88901 -4.608778 22.61346 3.892176 -4.60558 22.60244 3.938138 -4.600506 22.61603 4.122976 -4.606607 22.61066 4.086611 -4.792379 23.00189 3.87187 -4.82085 22.45386 3.869325 -4.608366 22.60928 3.672292 -4.606875 22.6103 3.710171 -4.597788 22.61469 3.847854 -4.826021 22.79632 3.624736 -4.807091 22.81109 3.610492 -4.837967 22.81425 3.60444 -4.842248 23.07966 3.856143 -4.845234 23.08412 3.851058 -4.849967 23.08044 3.854623 -4.845779 23.0814 4.024545 -4.846813 23.08254 4.074367 -5.123314 23.25274 3.841574 -4.845428 23.08187 4.066577 -4.851589 23.06983 3.838138 -4.866115 23.06036 3.791523 -4.837241 23.15424 3.816563 -4.809319 22.79922 3.205183 -4.824321 22.82487 3.20994 -4.836912 22.79758 3.199749 -4.955699 22.59052 3.899437 -4.951702 22.59443 3.901296 -4.958671 22.59765 3.900959 -4.955394 22.59565 4.174464 -4.953362 22.5933 4.122767 -5.226656 22.67502 3.839563 -4.95713 22.59197 4.153956 -4.791275 22.79688 3.768372 -4.955449 22.5903 3.689067 -4.955734 22.59438 3.652863 -4.955795 22.59453 3.648762 -4.808231 22.80829 3.349761 -4.826971 22.82445 3.35634 -4.830524 22.79257 3.359404 -4.537854 22.84537 4.025291 -4.545053 22.84761 4.028051 -4.543404 22.84143 4.02773 -4.539308 22.84595 4.272439 -4.541695 22.84516 4.205153 -4.541924 22.8451 4.244596 -4.628186 22.53338 4.039225 -4.78786 23.02729 4.013586 -4.232235 22.88465 3.980246 -4.541395 22.84442 3.791223 -4.541779 22.84514 3.825739 -4.541927 22.84497 3.834327 -4.808176 22.7994 3.577921 -4.824229 22.82387 3.571048 -4.839085 22.79991 3.5706 -4.993141 22.89471 4.259083 -4.989428 22.9007 4.259198 -4.997156 22.90083 4.257373 -4.99327 22.89882 4.467036 -4.995661 22.90147 4.522904 -5.077711 22.85853 4.462523 -4.78519 23.08472 4.382158 -4.862342 22.65548 4.1342 -4.999943 22.89909 3.961112 -4.974309 22.91919 3.997007 -4.99331 22.89863 3.979687 -9.747773 28.67085 3.904048 -9.682343 28.58597 3.900028 -9.658441 28.70257 3.901174 -9.644906 28.63889 6.191532 -9.641174 28.60347 6.190904 -9.613174 28.62861 6.190253 -9.678615 28.65676 5.195566 -9.672031 28.6129 5.190037 -9.637954 28.63599 5.181587 -9.298581 28.54309 6.929884 -9.297487 28.53204 6.928674 -9.28896 28.54001 6.926729 -9.294899 28.53826 7.287272 -9.293876 28.5388 7.388245 -9.43924 28.49415 7.172515 -9.493916 29.04497 7.048578 -8.757626 28.53306 6.758669 -9.294525 28.53917 6.468564 -9.638283 28.59165 6.567886 -9.294803 28.53798 6.529597 -9.68354 28.64426 5.313282 -9.662732 28.61331 5.338867 -9.647843 28.6559 5.320164 -10.04244 29.2091 6.738067 -10.04329 29.1984 6.74389 -10.03417 29.20481 6.743684 -10.03804 29.2017 7.14621 -9.735127 29.53819 6.720813 -10.04215 29.20815 6.991478 -9.878824 28.80246 6.676113 -10.03984 29.19875 6.360837 -10.04076 29.20576 6.405725 -10.05554 29.18766 6.701475 -9.677845 28.6542 5.377953 -9.672856 28.61299 5.358587 -9.638229 28.64111 5.376614 -9.766868 28.25654 6.503283 -9.76505 28.24629 6.498524 -9.75638 28.25129 6.502054 -9.762798 28.25156 6.890937 -9.762796 28.25149 6.879227 -9.475025 28.13456 6.831905 -9.763146 28.25138 6.942606 -10.07504 27.81879 6.480371 -9.663257 28.72343 6.20261 -10.01295 28.61554 6.610608 -9.754239 28.25443 6.060369 -9.762757 28.25148 6.156353 -9.76287 28.25148 6.064847 -9.676845 28.62183 5.273235 -9.64127 28.62676 5.244971 -9.661899 28.65851 5.241345 -9.014932 29.16638 6.555012 -9.011798 29.15614 6.558703 -9.005785 29.16336 6.550202 -9.010779 29.16186 6.860793 -9.010666 29.16175 6.896467 -8.53445 29.35006 6.680916 -9.010771 29.16187 6.880257 -9.083023 29.07078 6.94949 -8.758545 29.57991 6.475946 -8.965856 28.62595 6.452056 -9.031988 29.17104 6.28822 -9.010813 29.16193 6.159476 -9.010779 29.16186 6.141583 -9.684276 28.6314 5.179236 -9.64803 28.61515 5.203339 -9.657283 28.66066 5.19419 -10.09684 28.69025 6.166663 -10.09824 28.68087 6.166473 -10.08884 28.68276 6.172231 -10.10221 28.69324 6.255825 -10.09655 28.67252 6.591995 -10.09387 28.68425 6.525856 -9.532292 28.37498 6.135301 -9.972136 29.05793 6.130672 -10.09295 28.68743 5.772322 -10.09386 28.68492 5.841214 -10.10098 28.67179 6.091622 -9.669692 28.65101 5.685832 -9.679659 28.6169 5.659925 -9.639835 28.63981 5.648918 -9.405113 28.32469 6.106698 -9.397661 28.3219 6.097449 -9.395165 28.33043 6.103933 -9.399366 28.32565 6.412975 -9.397135 28.32518 6.503589 -8.917754 28.35989 6.0802 -9.399376 28.32478 6.48942 -9.402388 28.34457 6.073951 -9.393131 28.36851 5.989171 -9.346611 28.23076 6.034712 -9.687247 28.63308 4.922778 -9.647044 28.61525 4.931429 -9.655517 28.65892 4.912895 -9.691931 29.01041 6.185438 -9.693357 29.00226 6.188818 -9.682197 29.00442 6.188206 -9.687868 29.00399 6.685638 -9.69234 29.00505 6.591614 -9.293345 29.14328 6.076543 -9.68896 29.0099 6.64834 -9.71095 28.62029 5.947066 -9.69243 29.01046 5.802831 -9.688556 29.00581 5.736987 -9.688347 29.00567 5.729527 -9.680707 28.62124 5.185726 -9.644222 28.61805 5.197691 -9.667525 28.65941 5.203264 -9.973432 28.34283 6.414332 -9.962844 28.34636 6.419353 -9.970178 28.35237 6.418769 -9.971183 28.34339 6.863828 -9.969 28.3464 6.741453 -9.968779 28.34668 6.813189 -10.13479 28.79575 6.439673 -9.515741 28.34054 6.393044 -10.30658 28.03127 6.332407 -9.970001 28.34703 5.988626 -9.968915 28.3465 6.051402 -9.968888 28.34683 6.06702 -9.688464 28.63188 5.600687 -9.648014 28.61637 5.588187 -9.650896 28.658 5.587372 -9.383827 28.67738 6.839537 -9.383105 28.66697 6.839746 -9.373711 28.6735 6.836427 -9.38012 28.67256 7.217746 -9.374958 28.67145 7.319356 -9.313534 28.794 7.209539 -9.469272 28.26925 7.063377 -9.747888 28.85162 6.612409 -9.371873 28.67801 6.297608 -9.385276 28.63169 6.362892 -9.380236 28.67282 6.331391 -6.549863 23.16113 2.610172 -6.653458 23.13283 2.60637 -6.554501 23.06625 2.607454 -6.618676 23.07797 4.773342 -6.652924 23.08801 4.772748 -6.640293 23.05248 4.772132 -6.591247 23.09789 3.949226 -6.632003 23.11571 3.93135 -6.621178 23.07239 3.933078 -7.11669 23.01687 5.303053 -7.12633 23.01458 5.298289 -7.117338 23.00742 5.302003 -7.145618 23.05305 5.661207 -7.117279 23.00909 5.699259 -7.128369 23.01449 5.657766 -7.02318 22.63386 5.214145 -7.126156 23.01476 4.89308 -7.120817 23.01269 4.935149 -7.118021 23.01671 4.939898 -6.602494 23.11828 4.190332 -6.626982 23.09155 4.213794 -6.61563 23.07773 4.167685 -5.976537 22.74905 4.521168 -5.983379 22.74274 4.529314 -5.980254 22.73978 4.517705 -5.979913 22.74514 4.981956 -5.979177 22.73803 5.004544 -5.977597 22.74393 4.958041 -5.894181 22.27985 4.633152 -5.716218 23.10632 4.563168 -6.435715 22.744 4.540288 -6.207733 23.04801 4.281663 -5.888748 22.63605 4.111717 -5.979948 22.7445 4.093327 -5.98009 22.74388 4.14837 -5.979982 22.74378 4.112491 -6.608582 23.11225 3.903988 -6.639074 23.09383 3.919041 -6.605251 23.08301 3.946487 -6.824509 23.91435 4.651992 -6.829984 23.90798 4.659019 -6.819157 23.90868 4.661984 -6.824446 23.91036 4.98982 -6.824483 23.91043 4.964473 -6.824481 23.9103 5.041174 -6.189956 23.84503 4.740065 -7.022414 23.63466 4.708956 -6.792977 24.31153 4.629622 -6.826239 23.91165 4.270669 -6.850269 23.8878 4.247038 -6.824243 23.91051 4.345389 -6.595134 23.10209 3.860557 -6.634744 23.10966 3.848019 -6.615443 23.07665 3.821986 -6.968305 22.36442 4.702691 -6.970714 22.35663 4.692838 -6.961755 22.35821 4.699327 -6.97306 22.35115 5.017119 -6.964944 22.35947 5.220812 -6.97823 22.35554 4.893112 -6.640185 22.61214 4.688269 -6.968339 22.35932 4.191234 -7.034195 22.2731 4.214042 -6.967461 22.36036 4.2245 -6.609708 23.11796 4.053447 -6.63666 23.09244 4.081523 -6.59754 23.07801 4.056501 -5.865517 23.39876 5.321527 -5.871913 23.40402 5.324741 -5.873449 23.39339 5.329109 -5.870528 23.39799 5.607326 -5.867807 23.39511 5.669667 -5.854723 23.38833 5.140631 -5.882573 23.40386 5.719303 -6.186227 23.04247 5.271277 -5.870446 23.3946 5.197874 -5.877406 23.41009 5.122227 -6.619466 23.11942 3.941941 -6.632191 23.07833 3.944571 -6.596684 23.08046 3.95986 -7.106335 23.32244 5.374032 -7.116645 23.31724 5.370511 -7.1095 23.31216 5.374697 -7.110698 23.31806 5.831641 -7.078796 23.20186 5.675506 -7.11017 23.31882 5.919202 -7.598408 23.10521 5.305675 -6.757664 23.72715 5.314582 -7.112923 23.32251 4.860564 -7.10461 23.31314 4.866317 -7.110096 23.31801 4.938416 -6.604974 23.11804 3.719299 -6.640243 23.08716 3.712693 -6.598071 23.08173 3.697151 -6.216976 22.36757 5.392882 -6.228607 22.36572 5.395295 -6.221276 22.35955 5.389728 -6.492365 22.03229 5.591452 -6.222315 22.36449 5.77062 -6.225009 22.37275 5.643573 -6.222976 22.3649 5.796913 -5.75729 22.37062 5.347841 -6.230627 22.32478 5.005642 -6.218751 22.39944 5.050215 -6.22281 22.36478 5.088578 -6.624877 23.11479 3.950038 -6.620588 23.07665 3.982186 -6.590481 23.09099 3.961522 -6.400794 23.76197 4.933828 -6.412248 23.76271 4.936289 -6.40378 23.75582 4.940009 -6.406434 23.76071 5.340886 -6.411571 23.76474 5.354621 -6.591743 23.31162 5.145747 -6.406191 23.76024 5.376851 -6.824487 23.42062 4.70291 -6.330456 24.36575 4.861776 -5.8999 23.73932 4.90028 -6.406272 23.76054 4.538853 -6.405991 23.76022 4.485352 -6.40635 23.7607 4.475207 -6.590979 23.10078 3.630196 -6.631334 23.11392 3.614371 -6.623312 23.07342 3.606586 -7.266921 22.71347 5.334291 -7.273777 22.70529 5.328596 -7.264234 22.70274 5.332494 -7.268385 22.70729 5.690987 -7.268407 22.70731 5.688628 -7.264988 22.69892 5.810662 -7.108151 22.88491 5.720471 -7.552739 22.71032 5.29968 -7.271769 22.71733 5.006856 -7.2683 22.70782 4.90981 -7.17544 22.62356 5.197925 -7.395505 21.92063 2.0381 -7.451636 21.97989 2.035213 -7.460737 21.8897 2.036036 -7.475911 21.9369 3.680667 -7.481476 21.96344 3.680216 -7.500747 21.94223 3.679749 -7.448979 21.9534 2.865242 -7.480725 21.94614 2.861255 -7.465526 21.92177 2.857308 -7.544007 21.71325 4.21073 -7.54546 21.72197 4.212454 -7.551422 21.71612 4.210744 -7.546714 21.71757 4.477753 -7.546749 21.7172 4.431389 -7.546532 21.71714 4.473865 -7.298978 21.96806 4.21374 -7.907612 21.83266 4.160459 -7.470696 21.3567 4.234475 -7.546915 21.71718 3.927798 -7.545861 21.71601 3.954823 -7.546888 21.7172 3.987024 -7.448104 21.94554 3.046742 -7.476286 21.95484 3.065339 -7.462527 21.92172 3.064057 -6.93687 22.12808 3.943335 -6.941969 22.13543 3.945132 -6.942835 22.12768 3.947922 -6.989709 22.12915 3.952872 -6.940678 22.13109 4.165909 -6.939921 22.13058 4.2031 -7.058904 21.89803 3.995939 -6.960755 22.16808 3.694271 -6.961673 22.12233 3.77592 -6.940653 22.13121 3.69719 -7.459649 21.92284 2.911291 -7.454552 21.95848 2.906187 -7.478423 21.94545 2.895167 -7.777469 22.0619 3.595013 -7.781383 22.06927 3.590995 -7.7839 22.0615 3.591329 -7.780668 22.06481 3.844865 -7.780671 22.0648 3.823482 -7.473586 21.95572 3.726882 -7.784795 22.06893 3.399683 -7.78362 22.06425 3.832401 -7.566835 22.2221 3.581796 -7.78504 22.06044 3.430866 -7.78067 22.06481 3.321463 -7.454738 21.932 3.109965 -7.459079 21.95365 3.142494 -7.479232 21.93169 3.127284 -7.151284 21.35203 3.669875 -7.148976 21.35824 3.676683 -7.15637 21.35409 3.676356 -7.152189 21.35435 4.004293 -7.583763 21.31879 3.626396 -7.152162 21.35481 3.955236 -6.846763 21.55205 3.659371 -7.152682 21.35498 4.003328 -7.002722 20.91836 3.647836 -7.152059 21.35472 3.391667 -7.152545 21.3567 3.355341 -7.15204 21.35478 3.346641 -7.444871 21.94391 2.847729 -7.467771 21.9572 2.844722 -7.472932 21.92728 2.863504 -7.336629 22.28032 3.581731 -7.3433 22.28561 3.579967 -7.34227 22.27775 3.584447 -7.341139 22.28168 3.766698 -7.341602 22.28216 3.835226 -7.185702 22.17781 3.574988 -7.228334 22.62363 3.620058 -7.342333 22.28456 3.866447 -7.344247 22.28442 3.313341 -7.558998 22.05625 3.486734 -7.341141 22.28168 3.379987 -7.341139 22.2817 3.380427 -7.445809 21.93569 3.268438 -7.462849 21.95894 3.268019 -7.472386 21.92855 3.24885 -7.667618 21.78956 3.692554 -7.668256 21.79636 3.695134 -7.674874 21.79451 3.690224 -7.672221 21.79643 3.930601 -7.674192 21.78972 3.879531 -7.667548 21.79402 3.936705 -7.661132 21.44818 3.561871 -7.666061 21.79673 3.464757 -7.670732 21.79328 3.452754 -7.640947 21.79742 3.471305 -7.446119 21.94554 3.338229 -7.475115 21.95513 3.35489 -7.465629 21.92144 3.346125 -7.135339 21.8771 4.107331 -7.142711 21.87908 4.111503 -7.141702 21.87129 4.11012 -7.138155 21.87595 4.483646 -7.142784 21.87538 4.479764 -6.785012 21.71143 4.091177 -7.137616 21.87324 4.485744 -7.139654 21.87465 3.755266 -7.349321 22.16976 4.055457 -7.143337 21.8727 3.971133 -7.139921 21.87577 3.80018 -7.454274 21.92651 2.953506 -7.454095 21.95831 2.934752 -7.480325 21.9368 2.936526 -7.790617 22.40788 3.953268 -7.791761 22.41466 3.948771 -7.798555 22.40957 3.948955 -7.793721 22.41064 4.205729 -7.792482 22.41007 4.243105 -7.793618 22.4095 4.257361 -7.420361 22.38986 3.879203 -7.983622 22.02512 3.904561 -8.041869 22.65991 3.936108 -7.794092 22.41 3.652106 -7.793358 22.41073 3.674033 -7.793704 22.41064 3.7322 -7.4509 21.95398 2.972335 -7.480893 21.93755 2.961899 -7.458794 21.92438 2.954285 -7.467332 21.64772 3.566564 -7.470503 21.65502 3.570946 -7.473973 21.64807 3.566682 -7.470447 21.65081 3.838072 -7.470457 21.65082 3.844472 -7.484151 21.67178 3.84442 -7.717403 21.49788 3.606825 -7.156328 21.54064 3.633429 -7.446815 22.01532 3.452355 -7.472034 21.64934 3.251586 -7.467418 21.64802 3.236868 -7.470413 21.65081 3.319048 -8.581763 22.66776 2.213156 -8.612644 22.74057 2.210754 -8.651458 22.66178 2.211439 -8.649244 22.70977 3.579638 -8.645302 22.73575 3.579263 -8.669981 22.72302 3.578873 -8.618561 22.70997 3.115634 -8.649047 22.71869 3.130385 -8.638198 22.69068 3.120636 -8.336205 22.58076 3.762033 -8.338939 22.58775 3.764478 -8.342601 22.57976 3.764614 -8.658205 22.6301 3.712804 -8.338981 22.58358 4.040906 -8.355874 22.44858 3.814257 -8.338353 22.59935 3.846566 -8.245253 22.88623 3.778214 -8.336407 22.58345 3.447426 -8.339071 22.58368 3.489952 -8.339692 22.58313 3.528089 -8.617724 22.704 2.891425 -8.633212 22.72652 2.885381 -8.652792 22.70177 2.8887 -8.73762 22.95512 3.994853 -8.744165 22.95738 3.993793 -8.742523 22.94895 3.995681 -8.741894 22.95338 4.171259 -8.741822 22.95313 4.20809 -8.74169 22.95341 4.215933 -8.408038 22.74231 3.966733 -9.155613 22.8593 3.962226 -8.799925 23.30881 3.995401 -8.741853 22.95345 3.820981 -8.741869 22.95338 3.780187 -8.741759 22.95338 3.799501 -8.618456 22.70699 3.314546 -8.652308 22.71598 3.31549 -8.641767 22.70174 3.294556 -8.739895 22.27848 3.530104 -8.745881 22.28254 3.53472 -8.747794 22.27943 3.528172 -8.744453 22.28014 3.736244 -8.744704 22.28009 3.768401 -8.741492 22.27848 3.810421 -8.751358 21.89416 3.567965 -9.046298 22.36739 3.628489 -8.774822 22.28655 3.243805 -8.517364 22.24972 3.460067 -8.748196 22.27989 3.22503 -8.621541 22.69788 3.228905 -8.628578 22.72483 3.226041 -8.650781 22.70173 3.240143 -8.326167 22.86528 3.920307 -8.331855 22.87029 3.921601 -8.332778 22.86195 3.92377 -8.330352 22.86586 4.218861 -8.324942 22.85696 4.25278 -8.331824 22.86813 4.268114 -8.546909 22.60295 3.843233 -8.050471 22.89999 3.83647 -8.598346 23.05327 3.814005 -8.330373 22.8658 3.63614 -8.330178 22.86567 3.624316 -8.330296 22.86584 3.610219 -8.628909 22.69141 3.045822 -8.628468 22.72593 3.041873 -8.650956 22.70914 3.02957 -9.145545 22.80269 3.79194 -9.144441 22.81031 3.791714 -9.151267 22.80676 3.787796 -9.151851 22.80345 4.016877 -9.147138 22.80665 3.991935 -8.935751 22.62782 3.881246 -9.147132 22.80668 4.009344 -9.22189 22.71402 3.766117 -8.963389 23.06435 3.764347 -9.147236 22.80752 3.561818 -9.163587 22.78626 3.78154 -8.619563 22.71047 3.017424 -8.637889 22.72137 3.038918 -8.650011 22.69515 3.023762 -8.362871 22.34066 3.413228 -8.362341 22.346 3.417572 -8.369403 22.34078 3.417546 -8.36535 22.34254 3.609275 -8.365276 22.34229 3.612937 -8.365098 22.3425 3.600315 -8.488298 22.671 3.520472 -8.642285 22.1288 3.496365 -7.965501 22.21905 3.439417 -8.367492 22.3515 3.233472 -8.365389 22.34223 3.202902 -8.36535 22.34254 3.260967 -8.616708 22.70391 2.806832 -8.640873 22.72136 2.793357 -8.650559 22.70149 2.814131 -8.538313 23.34176 3.42038 -8.537077 23.34702 3.415071 -8.544988 23.34616 3.417078 -8.540536 23.34494 3.649774 -8.507354 23.36181 3.440039 -8.538892 23.3497 3.68601 -8.551828 23.42164 3.286491 -8.775865 23.16992 3.413475 -8.53937 23.34531 3.167189 -8.540196 23.34492 3.195612 -8.625854 22.69275 2.959125 -8.626037 22.72238 2.967292 -8.654891 22.71161 2.956109 -8.875101 22.4688 3.759251 -8.877945 22.47657 3.760619 -8.882618 22.47286 3.758251 -8.878292 22.47218 3.974405 -8.878262 22.47228 3.988919 -8.879028 22.4733 4.039172 -8.688125 22.47979 3.972812 -9.216608 22.45968 3.643128 -8.98226 22.16237 3.763103 -8.878258 22.47204 3.491661 -8.873113 22.46254 3.557178 -8.891556 22.61446 3.642114 -8.62887 22.69232 2.828497 -8.624017 22.72272 2.82722 -8.654062 22.71035 2.839258 -8.119783 22.67502 4.00646 -8.119671 22.68371 4.006615 -8.125857 22.67987 4.00906 -8.1217 22.67954 4.260316 -8.118896 22.68401 4.160307 -8.121815 22.67923 4.292087 -8.458935 22.70543 4.006499 -8.093189 22.27887 4.035423 -8.121552 22.68184 3.709068 -8.120072 22.67726 3.738812 -8.121695 22.6795 3.808421 -3.679056 20.31087 1.750961 -3.632474 20.41849 1.74688 -3.756768 20.37957 1.748044 -3.702978 20.42628 4.072885 -3.671048 20.44862 4.072248 -3.709954 20.4621 4.071587 -3.70472 20.38931 3.188287 -3.661712 20.41188 3.1691 -3.706026 20.43222 3.170955 -3.415173 20.8925 4.641472 -3.410539 20.90228 4.636358 -3.422784 20.8995 4.640345 -3.364586 20.89247 5.02591 -3.421397 20.89831 5.066755 -3.409229 20.90408 5.022217 -3.805476 21.07419 4.546039 -3.410511 20.90201 4.201411 -3.415921 20.89888 4.246567 -3.414399 20.89375 4.251665 -3.679658 20.38497 3.447088 -3.685731 20.42409 3.472272 -3.705263 20.42385 3.42278 -4.421614 20.10339 3.802204 -4.422323 20.11353 3.810948 -4.426978 20.11288 3.798488 -4.422641 20.10893 4.296809 -4.429209 20.11316 4.321055 -4.425253 20.10778 4.27114 -4.87778 20.35341 3.922407 -4.29473 19.63765 3.847287 -4.11253 20.49825 3.822727 -4.00898 20.09643 3.545122 -4.577853 20.10567 3.362703 -4.423166 20.1094 3.342964 -4.4236 20.10995 3.402047 -4.423758 20.10992 3.363535 -3.680644 20.39428 3.13973 -3.67554 20.43285 3.155888 -3.707844 20.4114 3.185348 -2.849543 20.03091 3.94263 -2.851238 20.03993 3.950172 -2.85803 20.03022 3.953354 -2.852992 20.03359 4.305251 -2.852903 20.03357 4.278044 -2.853019 20.03366 4.360373 -3.341714 19.53731 4.037166 -2.952893 20.3905 4.003774 -2.5325 19.73296 3.918618 -2.850662 20.03423 3.533321 -2.854597 20.07099 3.507956 -2.852998 20.03331 3.613525 -3.698488 20.38975 3.093111 -3.664998 20.41835 3.079653 -3.706312 20.42443 3.051709 -4.072605 21.2113 3.997049 -4.077608 21.21868 3.986473 -4.082377 21.20996 3.993438 -4.080676 21.22442 4.334553 -4.079119 21.21182 4.553195 -4.073404 21.22583 4.201445 -4.085383 20.76254 3.981569 -4.076931 21.21482 3.448057 -4.105487 21.3298 3.472539 -4.076643 21.21336 3.483764 -3.675012 20.39134 3.300158 -3.678369 20.43173 3.330294 -3.717366 20.40823 3.303436 -3.943557 19.56533 4.661302 -3.934706 19.56719 4.664751 -3.942714 19.57575 4.66944 -3.940792 19.57013 4.968075 -3.945106 19.56977 5.034991 -3.959809 19.56324 4.467129 -3.927564 19.57638 5.08827 -4.028383 20.08188 4.607363 -3.943741 19.57237 4.528573 -3.925781 19.56773 4.447375 -3.667103 20.39866 3.180468 -3.693447 20.43756 3.183291 -3.715867 20.40584 3.199702 -3.161761 20.67513 4.717659 -3.159161 20.68747 4.71388 -3.168362 20.68484 4.718374 -3.162516 20.68183 5.208852 -3.28334 20.73394 5.041259 -3.162232 20.68087 5.302839 -3.011097 21.24284 4.644286 -3.054744 20.1017 4.653847 -3.157201 20.68069 4.166508 -3.170869 20.68 4.172683 -3.162972 20.68135 4.250074 -3.678171 20.38725 2.941486 -3.680424 20.43839 2.934396 -3.71384 20.40615 2.917713 -4.582704 20.56871 4.737893 -4.576343 20.57988 4.740483 -4.586605 20.57784 4.734508 -4.680548 21.03228 4.951036 -4.581683 20.57536 5.143353 -4.572807 20.57202 5.006982 -4.580883 20.57564 5.171575 -4.893834 20.17477 4.689546 -4.609862 20.60955 4.322234 -4.554322 20.54847 4.370078 -4.581097 20.57558 4.411256 -3.667356 20.40643 3.189159 -3.702803 20.42881 3.223667 -3.71112 20.39336 3.201486 -3.268624 19.77373 4.245149 -3.260175 19.78299 4.247791 -3.271823 19.78047 4.251784 -3.265849 19.7794 4.682081 -3.258901 19.78102 4.696824 -3.522192 20.24386 4.472621 -3.266413 19.77951 4.720685 -3.270425 20.36786 3.997284 -2.801949 19.30169 4.167809 -3.629786 19.36221 4.209139 -3.266103 19.77937 3.821187 -3.266567 19.77935 3.76376 -3.265915 19.77933 3.75287 -3.702435 20.3871 2.845844 -3.663699 20.41254 2.828858 -3.703691 20.43334 2.820501 -3.571265 21.22763 4.675002 -3.573562 21.23906 4.668889 -3.582243 21.23266 4.673073 -3.575537 21.2331 5.057875 -3.575504 21.2331 5.055344 -3.584991 21.23592 5.186333 -3.533481 20.97528 5.089524 -3.378877 21.47342 4.637851 -3.564666 21.22913 4.323537 -3.575141 21.23266 4.219368 -3.710344 21.21102 4.528628 -7.372253 25.25537 3.365863 -7.31525 25.29021 3.363561 -7.385902 25.31287 3.364217 -7.345527 25.31697 4.6754 -7.323326 25.3169 4.675041 -7.337022 25.33594 4.674668 -7.342531 25.29434 4.210419 -7.336312 25.31512 4.189126 -7.360054 25.30455 4.20166 -7.302173 25.82879 4.83816 -7.299778 25.83353 4.833236 -7.306261 25.83345 4.833833 -7.315427 25.8326 4.762827 -7.30278 25.83189 5.018243 -7.447838 25.60276 4.761295 -7.304362 25.82457 5.065288 -7.07828 25.93912 4.804655 -7.302335 25.83248 4.643018 -7.302798 25.83191 4.658156 -7.302778 25.83188 4.637909 -7.356851 25.29929 4.10604 -7.33234 25.29566 4.114688 -7.345519 25.32149 4.11942 -7.508706 25.14462 4.596389 -7.507719 25.15142 4.599442 -7.51303 25.14864 4.596202 -7.509374 25.1486 4.85996 -7.511541 25.14637 4.892477 -7.509386 25.14839 4.842491 -7.278567 25.33774 4.591929 -7.51426 25.14578 4.418136 -7.379228 24.90764 4.558788 -7.661397 25.39968 4.484996 -7.50938 25.14839 4.333074 -7.50938 25.14839 4.333111 -7.339256 25.29186 4.115375 -7.333865 25.3147 4.112158 -7.357299 25.30643 4.130001 -7.029113 25.28349 4.609542 -7.025298 25.28722 4.606742 -7.029821 25.29084 4.610407 -7.028419 25.28758 4.833089 -7.028444 25.28741 4.799195 -7.17506 25.58612 4.616814 -7.028618 25.28675 4.837671 -6.791097 25.37648 4.5813 -7.353483 25.21404 4.590658 -6.945871 25.00892 4.521316 -7.028446 25.28741 4.40976 -7.028779 25.28632 4.426985 -7.028251 25.2872 4.394464 -7.346944 25.29054 4.271893 -7.331189 25.31522 4.269317 -7.356859 25.31126 4.258445 -7.678506 25.58718 5.096089 -7.675825 25.59302 5.094966 -7.682239 25.59237 5.092117 -7.678927 25.59083 5.269399 -7.678936 25.59083 5.276483 -7.677875 25.59102 5.310635 -7.359959 25.69452 5.067578 -7.678227 25.26665 5.16661 -7.979065 25.76119 5.164037 -7.689911 25.89694 4.984695 -7.682004 25.59015 4.89198 -7.678379 25.59034 4.871965 -7.678912 25.59083 4.912042 -7.358982 25.29918 4.015447 -7.329613 25.29968 4.014631 -7.345959 25.31881 4.027614 -7.317252 24.82122 4.916166 -7.311796 24.82523 4.918526 -7.319046 24.82563 4.919078 -7.315588 24.82427 5.146852 -7.465543 25.10539 4.911876 -7.31561 24.82423 5.138422 -7.314479 24.82379 5.206764 -7.536277 24.62816 4.963482 -7.031341 24.66199 4.842912 -7.315563 24.82424 4.670878 -7.315946 24.82416 4.672542 -7.315588 24.82426 4.703473 -7.350398 25.29533 4.15764 -7.330663 25.30359 4.139972 -7.348275 25.31934 4.138535 -7.094766 25.62803 4.66836 -7.088131 25.62504 4.666707 -7.089844 25.63011 4.663937 -7.091585 25.6332 4.964371 -7.091256 25.62752 4.88014 -7.090233 25.62104 4.929911 -6.95294 25.87244 4.683625 -7.280734 25.47286 4.684993 -7.091174 25.62902 4.401442 -6.841155 25.6436 4.476189 -7.099824 25.61985 4.413521 -7.358104 25.30034 4.219151 -7.331663 25.29658 4.232486 -7.344651 25.32087 4.228623 -7.592787 25.24671 4.79276 -7.586921 25.24688 4.795835 -7.589889 25.25311 4.795046 -7.591885 25.24762 4.923004 -7.576768 25.24553 4.77818 -7.58477 25.25051 4.724143 -7.595308 25.24252 4.722534 -7.352161 25.29209 3.983707 -7.330872 25.30743 3.977761 -7.355837 25.31341 3.994285 -7.009601 25.06354 4.708993 -7.003354 25.06416 4.705722 -7.006891 25.06941 4.709814 -7.006549 25.06573 4.860127 -7.006549 25.06573 4.917318 -7.141681 25.3095 4.728976 -7.088853 24.82198 4.735407 -7.004643 25.06423 4.912583 -6.675037 25.17892 4.68092 -7.006592 25.06577 4.532105 -7.007469 25.06329 4.494253 -7.006528 25.06571 4.531296 -7.342372 25.2968 4.216125 -7.331481 25.31317 4.197409 -7.359991 25.30653 4.195106 -7.483369 25.78306 4.614447 -7.48134 25.78773 4.608647 -7.487499 25.78567 4.609031 -7.484834 25.78803 4.868798 -7.482421 25.78174 4.778446 -7.481272 25.78606 4.804893 -7.53356 26.15284 4.603688 -7.741637 25.63312 4.581503 -7.483151 25.78135 4.425519 -7.48309 25.78704 4.391325 -7.483539 25.79247 4.370322 -7.882343 28.08296 4.110961 -7.920031 28.20174 4.10631 -7.992562 28.08387 4.107636 -7.981997 28.15883 6.756692 -7.971974 28.199 6.755966 -8.01257 28.18269 6.755212 -7.947613 28.12864 5.432177 -7.944918 28.17574 5.418562 -7.989733 28.162 5.444902 -7.375245 28.44707 7.062809 -7.372516 28.45989 7.058097 -7.383493 28.45583 7.064714 -7.376931 28.4543 7.589995 -7.376958 28.45428 7.541533 -7.376997 28.45433 7.599055 -7.104567 27.85779 7.132263 -6.964294 28.64692 7.242591 -8.026939 28.66957 7.157059 -7.376971 28.45438 6.611935 -7.378062 28.45343 6.527648 -7.376715 28.45386 6.459333 -7.952636 28.12832 5.427995 -7.950507 28.18249 5.424602 -7.987091 28.14555 5.412553 -8.4985 28.25169 7.290206 -8.50135 28.2645 7.288071 -8.509344 28.2587 7.285224 -8.513013 28.26421 7.8485 -8.500831 28.26375 7.554491 -8.493584 28.24852 7.65202 -8.906458 27.76004 7.176495 -8.75472 28.49093 6.841458 -8.502731 28.25741 6.904033 -8.502405 28.25719 6.802442 -8.498813 28.25816 6.811061 -7.936777 28.15207 5.651009 -7.973336 28.17378 5.691087 -7.971415 28.13097 5.654122 -7.436072 27.42754 6.886999 -7.443599 27.43399 6.896925 -7.448719 27.42396 6.891561 -7.44261 27.4285 7.330506 -7.442871 27.42848 7.303408 -7.915125 27.85258 6.997945 -7.980104 27.17676 6.874965 -7.388064 26.81222 6.954146 -7.442834 27.42863 7.284369 -6.852765 27.52205 6.989858 -7.170883 27.7829 6.473791 -7.442758 27.42845 6.537971 -7.442749 27.4284 6.489237 -7.442627 27.42824 6.507776 -7.931789 28.15067 5.9297 -7.981499 28.17374 5.921966 -7.968246 28.13058 5.946792 -7.884599 28.49222 6.732187 -7.88255 28.50275 6.7255 -7.895014 28.50048 6.728526 -7.912459 28.51112 7.136591 -8.254838 28.97612 6.74116 -7.856052 28.48299 6.973455 -7.631307 28.32407 6.677868 -7.903341 28.46053 6.389807 -7.887496 28.49844 6.42097 -7.887316 28.49861 6.320734 -7.934075 28.14428 5.738347 -7.956924 28.18182 5.743595 -7.986553 28.14816 5.717329 -8.445482 27.69392 7.341714 -8.444616 27.7053 7.346626 -8.456171 27.70242 7.340538 -8.449057 27.70075 7.686651 -8.449345 27.69999 7.739438 -8.448829 27.70045 7.690328 -7.930863 27.39618 7.447185 -8.26964 28.21838 7.426204 -8.88695 27.75518 7.179742 -8.448231 27.70237 6.885295 -8.448402 27.69958 6.957291 -8.448883 27.70046 7.027677 -7.934509 28.15996 5.330897 -7.981345 28.17371 5.355274 -7.9783 28.13328 5.351974 -7.402125 28.10892 6.888151 -7.411157 28.11592 6.893004 -7.413659 28.10322 6.893742 -7.40898 28.10917 7.312656 -7.408947 28.10921 7.374904 -7.76751 28.60541 6.888975 -7.408803 28.10918 7.365701 -7.445566 27.54159 6.892433 -6.721315 28.32227 6.770362 -7.408784 28.10905 6.392457 -7.408972 28.10922 6.340708 -7.408972 28.10922 6.447464 -7.963878 28.12773 5.998129 -7.941639 28.176 5.986302 -7.979883 28.17237 5.970642 -8.256118 28.45701 6.926965 -8.260627 28.46479 6.921372 -8.268805 28.45448 6.922309 -8.262546 28.45807 7.310837 -8.282024 28.47811 7.316716 -8.258157 28.48318 6.730047 -8.407272 28.79744 6.84643 -8.262084 28.44397 7.007166 -8.263931 28.45705 6.498957 -8.262474 28.45811 6.497665 -7.957878 28.12875 5.597701 -7.93713 28.17137 5.622139 -7.98845 28.16553 5.62092 -7.89576 27.29839 7.634096 -7.897804 27.31111 7.641735 -7.905492 27.3029 7.637216 -7.913953 27.27137 8.033031 -7.899204 27.30415 8.122046 -7.897783 27.30477 8.065274 -7.656163 27.77905 7.5223 -7.908163 27.29557 7.21 -7.710205 26.80018 7.635703 -7.897734 27.30485 7.195807 -7.897782 27.30517 7.228592 -7.939995 28.1357 6.125467 -7.969197 28.18137 6.111449 -7.984775 28.15089 6.144618 -7.399006 28.76269 7.301303 -7.398273 28.77348 7.292803 -7.408523 28.77251 7.300442 -7.419142 28.76003 7.478023 -7.473492 28.99911 7.634662 -7.402649 28.7698 7.879452 -7.401616 28.76927 7.972735 -7.112575 28.69538 7.259462 -7.40267 28.76875 6.66291 -7.40038 28.77027 6.688902 -5.764352 21.84495 2.157979 -5.700999 21.76335 2.15458 -5.678343 21.87583 2.155549 -5.665085 21.81449 4.091651 -5.66137 21.78035 4.09112 -5.634463 21.80468 4.09057 -5.699345 21.80598 3.405057 -5.666337 21.80001 3.373615 -5.686677 21.83467 3.392123 -4.871039 21.836 4.331984 -4.863349 21.83313 4.324712 -4.864588 21.84308 4.325595 -4.867476 21.85702 4.220747 -4.866386 21.83746 4.597896 -5.243492 22.02093 4.218485 -4.877898 21.83863 4.667362 -4.662923 21.51091 4.28251 -4.865392 21.83688 4.043835 -4.866352 21.83749 4.066189 -4.866393 21.83746 4.036292 -5.694208 21.82884 3.25093 -5.695554 21.79055 3.2637 -5.658133 21.81525 3.270687 -5.95806 22.03558 3.974983 -5.947434 22.03524 3.979492 -5.952619 22.04292 3.974707 -5.952057 22.03729 4.364174 -5.955846 22.04024 4.412188 -5.952376 22.03728 4.338378 -5.621628 21.71516 3.968398 -5.957233 22.04432 3.711773 -6.299957 21.79579 3.919461 -5.592361 22.31416 3.810499 -5.952376 22.03727 3.58617 -5.952376 22.03727 3.586225 -5.702585 21.80053 3.264715 -5.666558 21.79617 3.259963 -5.6833 21.83076 3.286311 -5.662045 21.32245 3.994405 -5.65566 21.31723 3.99027 -5.650877 21.3248 3.995682 -5.65564 21.32209 4.324496 -5.655903 21.3221 4.274448 -5.222095 21.59886 4.005143 -5.656952 21.32225 4.331262 -5.478154 20.97267 3.952703 -5.824637 21.80899 3.96652 -6.069677 21.14724 3.86413 -5.655905 21.3221 3.699405 -5.657635 21.32242 3.72484 -5.656203 21.32176 3.676819 -5.705946 21.81211 3.49583 -5.665297 21.79215 3.492026 -5.675809 21.83092 3.475972 -5.307157 22.37275 4.712844 -5.297719 22.36963 4.711185 -5.299825 22.37938 4.706978 -5.301623 22.37402 4.968754 -5.301629 22.37403 4.979215 -5.301153 22.37244 5.029644 -5.087349 21.90168 4.670744 -5.799707 22.31712 4.816975 -5.09149 22.86461 4.813176 -4.833078 22.44361 4.548359 -5.303198 22.37863 4.411454 -5.302278 22.37309 4.3819 -5.301622 22.374 4.441079 -5.694738 21.8321 3.117159 -5.688908 21.78705 3.115955 -5.662326 21.81547 3.135125 -6.422092 21.68566 4.447168 -6.414995 21.67797 4.450653 -6.415625 21.68918 4.451468 -6.417124 21.68363 4.7878 -6.010904 21.96249 4.440834 -6.41719 21.68366 4.775353 -6.417661 21.68184 4.876266 -6.756499 21.98902 4.517035 -6.61756 21.21885 4.339001 -6.417157 21.68359 4.084975 -6.417341 21.68416 4.087431 -6.417132 21.68363 4.133105 -5.699174 21.81825 3.327123 -5.683084 21.78934 3.301034 -5.661918 21.81912 3.298913 -5.143863 21.48268 4.081256 -5.147312 21.47197 4.078815 -5.139816 21.47547 4.074726 -5.13536 21.47868 4.518349 -5.144033 21.4772 4.393971 -5.153815 21.47451 4.467464 -4.743817 21.30681 4.103796 -5.414345 21.74176 4.105817 -5.141722 21.47733 3.687123 -5.076251 21.09561 3.797495 -5.157302 21.48904 3.704958 -5.692802 21.83095 3.41795 -5.694032 21.78967 3.437642 -5.658945 21.81381 3.431937 -5.815643 22.18238 4.264946 -5.814364 22.17339 4.269486 -5.805296 22.17903 4.268321 -5.814078 22.18115 4.457265 -5.814696 22.15756 4.243417 -5.808417 22.17071 4.163626 -5.822508 22.18553 4.161249 -5.704454 21.8204 3.070292 -5.677216 21.79032 3.061512 -5.672335 21.82972 3.085912 -5.996709 21.25459 4.141255 -5.994678 21.24509 4.136426 -5.987225 21.25143 4.142468 -5.992826 21.25027 4.364421 -5.992826 21.25027 4.448868 -5.641461 21.49992 4.170762 -6.381587 21.33479 4.180258 -5.994795 21.24709 4.441877 -5.761782 20.76029 4.099802 -5.992771 21.25035 3.880061 -5.99673 21.25127 3.824168 -5.992854 21.25024 3.878866 -5.695533 21.80616 3.413483 -5.668508 21.79224 3.385846 -5.683617 21.83492 3.382445 -4.972523 22.10659 4.001647 -4.964991 22.10427 3.993084 -4.969218 22.11338 3.99365 -4.965133 22.10969 4.377225 -4.974383 22.1049 4.24381 -4.967546 22.10388 4.282862 -4.41288 22.2474 3.985761 -5.247429 22.47768 3.953002 -4.975114 22.10596 3.722674 -4.966353 22.10684 3.672184 -4.95809 22.10847 3.64117 -6.523846 22.21273 2.235722 -6.497476 22.14371 2.233691 -6.45857 22.21597 2.23427 -6.462261 22.17123 3.391167 -6.466821 22.14711 3.39085 -6.443348 22.15815 3.390521 -6.483647 22.18793 2.812724 -6.483632 22.15995 2.806778 -6.457573 22.16962 2.818281 -6.811576 21.97986 3.524855 -6.812754 21.97217 3.522797 -6.806395 21.97496 3.525687 -6.810331 21.97564 3.755088 -6.810316 21.97565 3.733923 -6.810291 21.97562 3.759044 -6.991955 22.31943 3.555187 -7.048008 21.8475 3.603369 -6.418194 21.87043 3.566015 -6.810305 21.97559 3.327949 -6.809691 21.97619 3.291139 -6.810474 21.97589 3.261304 -6.480685 22.18829 2.810898 -6.480093 22.15615 2.809416 -6.4597 22.17927 2.804154 -6.153339 22.13392 3.624163 -6.151213 22.12644 3.623231 -6.14668 22.13014 3.621988 -6.14432 22.12701 3.867982 -6.151546 22.12686 3.739582 -6.156357 22.13563 3.782175 -5.928656 22.43891 3.574504 -5.993487 22.00106 3.428186 -6.150639 22.13068 3.455514 -6.150839 22.1308 3.411147 -6.152932 22.1301 3.414911 -6.489261 22.17369 2.908293 -6.466877 22.16209 2.925795 -6.469478 22.18736 2.909652 -6.81043 22.58545 3.448075 -6.805753 22.58189 3.45241 -6.803066 22.58801 3.450067 -6.806527 22.58511 3.641764 -6.806373 22.58513 3.629929 -6.512318 22.35023 3.496527 -6.496961 22.75251 3.442819 -6.859888 22.94806 3.477399 -6.80639 22.58504 3.621615 -7.152491 22.50956 3.492995 -6.95526 22.36603 3.267618 -6.806441 22.58514 3.295647 -6.806448 22.58517 3.274364 -6.806525 22.58526 3.28246 -6.492261 22.17434 3.030003 -6.462046 22.16239 3.026625 -6.471367 22.18748 3.037467 -6.508518 21.97055 3.380465 -6.50937 21.96425 3.377545 -6.502069 21.96601 3.378866 -6.491379 21.96032 3.557077 -6.272806 21.69676 3.384384 -6.525732 21.97504 3.485832 -6.664204 22.06142 3.356743 -6.498506 21.98995 3.230941 -6.506589 21.96697 3.24455 -6.50669 21.96686 3.200775 -6.491127 22.1782 2.946435 -6.476317 22.15677 2.948727 -6.459929 22.1777 2.937256 -6.203795 22.46229 3.646658 -6.203918 22.45552 3.648804 -6.197176 22.45762 3.646145 -6.201445 22.45836 3.797299 -6.2013 22.45882 3.820352 -6.20159 22.45853 3.798905 -6.518607 22.62094 3.692719 -6.289953 22.14581 3.683557 -5.94037 22.44112 3.575922 -6.201878 22.45737 3.447331 -6.201872 22.45903 3.478773 -6.201558 22.45853 3.509512 -6.490333 22.16894 2.768493 -6.462139 22.1624 2.779139 -6.465323 22.18623 2.777698 -6.807227 22.18095 3.448578 -6.801641 22.17711 3.450697 -6.800594 22.18472 3.45102 -6.80316 22.18103 3.633968 -6.803179 22.18101 3.661153 -6.573959 21.89954 3.448938 -6.803265 22.18102 3.657134 -6.80091 22.51827 3.450448 -7.202942 22.03137 3.397137 -6.803281 22.1811 3.232098 -6.803164 22.18101 3.209498 -6.803164 22.18101 3.256121 -6.47405 22.18902 3.059887 -6.485564 22.15969 3.054722 -6.463049 22.16314 3.047883 -6.289798 22.0041 3.465529 -6.286862 21.99964 3.463086 -6.282374 22.00603 3.463496 -6.285957 22.00369 3.633174 -6.273741 21.99249 3.635741 -6.287696 21.98867 3.379531 -6.188681 21.80774 3.430357 -6.286712 22.01202 3.500554 -6.285172 22.00434 3.278609 -6.285998 22.00366 3.278045 -6.477567 22.18821 2.885012 -6.488392 22.16228 2.895685 -6.458212 22.16748 2.895152 -6.54273 22.67763 3.774347 -6.541086 22.67016 3.777683 -6.536815 22.67529 3.77571 -6.532885 22.69424 3.948571 -6.540495 22.67434 3.987445 -6.541314 22.67392 3.962652 -6.668127 22.3849 3.725524 -6.535485 22.67972 3.589136 -6.669606 22.9662 3.775049 -6.541341 22.67387 3.582938 -6.541302 22.67368 3.597255 -6.487915 22.18348 3.115498 -6.469068 22.15745 3.109376 -6.460888 22.17603 3.123862 -6.786719 21.79384 3.62901 -6.786785 21.78743 3.625298 -6.78075 21.78835 3.628634 -6.774891 21.7961 3.706187 -6.734543 21.65643 3.774594 -6.784319 21.78975 3.8815 -6.784949 21.79003 3.922238 -6.958576 21.82389 3.610737 -6.784343 21.79038 3.35021 -6.785647 21.7894 3.361562 -3.022462 20.67298 1.939459 -2.957746 20.62451 1.936838 -2.963937 20.7141 1.937585 -2.941228 20.67054 3.430379 -2.931356 20.64555 3.42997 -2.916084 20.66948 3.429545 -2.965327 20.65703 2.900994 -2.939175 20.65935 2.876752 -2.961705 20.68131 2.891022 -2.346343 20.8512 3.615683 -2.339945 20.85063 3.610077 -2.342941 20.85789 3.610757 -2.348007 20.86781 3.529916 -2.343135 20.85327 3.820709 -2.665762 20.91367 3.528172 -2.352067 20.85177 3.87427 -2.121944 20.64893 3.577537 -2.342264 20.85304 3.393512 -2.343116 20.8533 3.410747 -2.343139 20.85327 3.387696 -2.966182 20.67535 2.782158 -2.95927 20.64617 2.792003 -2.936139 20.67256 2.797391 -3.208145 20.77676 3.340425 -3.200053 20.7787 3.343901 -3.205558 20.78342 3.340212 -3.203968 20.77929 3.640502 -3.207439 20.78073 3.677523 -3.204206 20.77922 3.620613 -2.887859 20.60457 3.335347 -3.20933 20.78352 3.137482 -3.416552 20.52497 3.297615 -2.989805 21.06275 3.213603 -3.204204 20.77921 3.040638 -3.204204 20.77921 3.04068 -2.966642 20.65224 2.792786 -2.938548 20.65642 2.789123 -2.958347 20.67906 2.809437 -2.837047 20.29979 3.3554 -2.831146 20.29717 3.352211 -2.829105 20.30388 3.356384 -2.832138 20.30084 3.60991 -2.832338 20.30079 3.571321 -2.562212 20.59952 3.363679 -2.833162 20.30069 3.615127 -2.62582 20.07386 3.323246 -3.060518 20.63336 3.3339 -3.108444 20.08313 3.254954 -2.83234 20.3008 3.127945 -2.833713 20.30068 3.147557 -2.832496 20.30048 3.110531 -2.971578 20.66029 2.970983 -2.936763 20.65364 2.96805 -2.952725 20.68072 2.955672 -2.786666 21.16603 3.909338 -2.778898 21.16563 3.908059 -2.782505 21.17255 3.904815 -2.782753 21.16814 4.106652 -2.78276 21.16815 4.114718 -2.78207 21.16704 4.1536 -2.523213 20.85599 3.876878 -3.14692 21.02205 3.989626 -2.725734 21.58195 3.986697 -2.44351 21.31769 3.782515 -2.784896 21.17129 3.676957 -2.783055 21.1673 3.65417 -2.782748 21.16812 3.699799 -2.967257 20.6777 2.679016 -2.953529 20.6449 2.678088 -2.939348 20.67185 2.692868 -3.485934 20.41656 3.704494 -3.478984 20.41222 3.70718 -3.481781 20.42055 3.707809 -3.481764 20.41605 3.967131 -3.232897 20.71065 3.69961 -3.481819 20.41606 3.957534 -3.481799 20.41459 4.035342 -3.801158 20.57628 3.758363 -3.536808 20.02373 3.621094 -3.48178 20.41601 3.425231 -3.482037 20.41641 3.427126 -3.481769 20.41605 3.462341 -2.967737 20.66632 2.840905 -2.949606 20.64784 2.820789 -2.939797 20.67469 2.819154 -2.479107 20.52803 3.422365 -2.479492 20.51923 3.420482 -2.47456 20.52342 3.417329 -2.471861 20.52677 3.759376 -2.4781 20.52385 3.663477 -2.484926 20.5198 3.720142 -2.140737 20.47812 3.439743 -2.736911 20.66757 3.441301 -2.476382 20.52443 3.118476 -2.347922 20.24987 3.203576 -2.490568 20.53005 3.132227 -2.965557 20.67723 2.910935 -2.957937 20.64582 2.926118 -2.936454 20.6713 2.921719 -3.131048 20.91705 3.563995 -3.128222 20.91053 3.567496 -3.122544 20.91666 3.566597 -3.129612 20.91645 3.712279 -3.125193 20.89851 3.547395 -3.123178 20.90974 3.485874 -3.136882 20.91801 3.484041 -2.972167 20.66685 2.64288 -2.94538 20.64979 2.63611 -2.949854 20.68054 2.654923 -3.075596 20.17927 3.468625 -3.072098 20.17252 3.464902 -3.067784 20.17885 3.46956 -3.071772 20.17682 3.640693 -3.071772 20.17682 3.705805 -2.85826 20.43801 3.491376 -3.382706 20.1601 3.498698 -3.072598 20.174 3.700414 -2.795921 19.85482 3.436664 -3.071745 20.17688 3.267237 -3.074924 20.17676 3.224142 -3.071786 20.17678 3.266316 -2.962486 20.65796 2.907491 -2.939206 20.65305 2.886182 -2.959446 20.68213 2.88356 -2.478973 21.03443 3.360983 -2.47281 21.03424 3.354381 -2.477886 21.04024 3.354817 -2.474039 21.0383 3.650565 -2.480029 21.03277 3.547698 -2.474656 21.03342 3.577809 -2.085718 21.2566 3.348735 -2.763312 21.2576 3.323476 -2.480799 21.03342 3.145887 -2.474369 21.0359 3.106957 -2.46847 21.03884 3.083045 -1.691068 20.05901 1.84495 -1.645034 19.97777 1.841605 -1.610117 20.07543 1.842559 -1.60625 20.01883 3.748049 -1.607373 19.98782 3.747527 -1.580138 20.00608 3.746985 -1.640698 20.00792 2.803286 -1.603448 20.00724 2.798668 -1.613622 20.03849 2.794094 -1.469105 20.24847 4.362187 -1.469891 20.23838 4.364185 -1.46166 20.24324 4.362203 -1.467289 20.24292 4.671563 -1.467149 20.24332 4.617846 -1.467372 20.24345 4.667059 -1.81131 20.0329 4.365674 -1.098166 20.01583 4.303942 -1.452436 20.66458 4.389698 -1.466958 20.2433 4.034378 -1.467805 20.24489 4.065689 -1.466993 20.24329 4.102998 -1.639507 20.01689 3.013575 -1.61077 19.99881 3.035122 -1.616938 20.03937 3.033637 -2.257455 19.95481 4.05238 -2.253815 19.94524 4.054462 -2.25072 19.95361 4.057694 -2.199071 19.93908 4.063429 -2.254054 19.95042 4.310257 -2.254755 19.95119 4.353347 -2.05865 20.17671 4.113327 -2.241933 19.90382 3.763811 -2.228329 19.95437 3.85841 -2.254115 19.95029 3.767193 -1.620443 20.03892 2.85664 -1.635907 20.00074 2.850726 -1.605814 20.00864 2.837958 -1.305755 19.79706 3.648809 -1.303435 19.7878 3.644154 -1.298503 19.79573 3.644541 -1.303001 19.79295 3.938291 -1.302996 19.79296 3.913516 -1.61401 19.99857 3.801595 -1.299553 19.78724 3.422498 -1.29957 19.79276 3.92385 -1.583733 19.6771 3.633496 -1.296945 19.7966 3.458627 -1.303 19.79295 3.33187 -1.628416 20.0301 3.086826 -1.629551 20.00486 3.124515 -1.60113 20.0237 3.106893 -1.805862 20.75764 3.735545 -1.810135 20.75137 3.743433 -1.800781 20.75395 3.743054 -1.805495 20.75482 4.123006 -1.316445 20.67558 3.68517 -1.805652 20.75431 4.066169 -2.19906 20.61929 3.723376 -1.805122 20.75398 4.121888 -1.851544 21.2801 3.710011 -1.805741 20.75444 3.413209 -1.805748 20.7521 3.371122 -1.805778 20.75438 3.361042 -1.64265 20.01959 2.782996 -1.620876 19.99852 2.779512 -1.606914 20.03033 2.801274 -1.855398 19.67577 3.63342 -1.849444 19.66806 3.631377 -1.848424 19.67708 3.636567 -1.850762 19.67302 3.847726 -1.850382 19.67236 3.927124 -1.994803 19.83113 3.625608 -2.070102 19.32431 3.677827 -1.85023 19.66949 3.963296 -1.848064 19.66913 3.322461 -1.546813 19.86344 3.523356 -1.85076 19.67303 3.399677 -1.850768 19.673 3.400188 -1.639347 20.02845 3.270436 -1.626819 19.99795 3.269949 -1.607869 20.02907 3.24774 -1.352826 20.12972 3.761822 -1.353989 20.12199 3.764811 -1.34613 20.12223 3.759122 -1.349606 20.12082 4.037626 -1.345571 20.12773 3.978455 -1.354132 20.12478 4.044698 -1.266119 20.51061 3.61041 -1.356527 20.12219 3.497893 -1.350393 20.12473 3.483986 -1.384607 20.12832 3.50548 -1.641712 20.01744 3.351296 -1.612151 19.9988 3.3706 -1.613418 20.03883 3.360444 -1.968011 20.17893 4.242387 -1.960368 20.1747 4.247222 -1.959347 20.18363 4.245619 -1.964566 20.17943 4.678391 -1.959269 20.17879 4.673894 -2.31148 20.45927 4.223671 -1.964421 20.18259 4.680821 -1.962545 20.18046 3.83448 -1.810889 19.79506 4.182286 -1.957918 20.18161 4.084587 -1.962558 20.17914 3.886518 -1.627421 20.03632 2.90555 -1.636369 20.00105 2.883822 -1.601323 20.01772 2.885878 -1.386326 19.40923 4.063888 -1.386922 19.40139 4.058678 -1.377977 19.40517 4.058891 -1.38364 19.40531 4.356393 -1.384858 19.40629 4.399697 -1.383439 19.40661 4.416214 -1.792545 19.53109 3.978076 -1.0667 19.7812 4.007456 -1.176639 19.06023 4.044006 -1.383051 19.40592 3.714958 -1.384067 19.40531 3.740362 -1.383659 19.40532 3.807756 -1.638725 20.00674 2.927366 -1.600898 20.01673 2.915275 -1.621815 20.03745 2.906454 -1.536228 20.34233 3.615848 -1.534715 20.33335 3.620925 -1.528949 20.34012 3.615985 -1.533618 20.33805 3.93042 -1.533611 20.33803 3.937835 -1.524169 20.31098 3.937776 -1.217301 20.43994 3.662494 -1.852145 20.5468 3.693319 -1.660137 19.93975 3.483524 -1.531453 20.33924 3.250911 -1.536214 20.34197 3.233857 -1.533657 20.33805 3.329072 -0.09447543 24.46427 4.339266 -0.06615935 24.44799 4.338329 -0.07301987 24.48361 4.338596 -0.06178652 24.46726 4.87217 -0.05660733 24.45772 4.872024 -0.05165382 24.46806 4.871872 -0.07196328 24.4689 4.669146 -0.06706743 24.45629 4.664743 -0.06004685 24.46792 4.665168 0.05817845 24.37296 5.002667 0.06073773 24.37137 5.001493 0.06035474 24.37485 5.002408 0.05657831 24.35897 5.090899 0.05998109 24.3745 5.100273 0.06119554 24.37095 5.090052 0.1207234 24.47526 4.980764 0.06066331 24.37137 4.901668 0.0599652 24.37297 4.912032 0.05849771 24.37271 4.913202 -0.07395006 24.4621 4.728544 -0.06293445 24.46256 4.734324 -0.06238741 24.46797 4.722965 -0.1285461 24.67627 4.810046 -0.125718 24.67615 4.812053 -0.12575 24.67745 4.809193 -0.1269793 24.67638 4.923563 -0.1256026 24.67806 4.929128 -0.1272149 24.67714 4.917672 -0.04502055 24.79464 4.837634 -0.2614126 24.6558 4.820393 -0.02899709 24.57833 4.814757 -0.1434438 24.5623 4.751044 -0.1230018 24.71943 4.709177 -0.1268332 24.67651 4.704646 -0.1266683 24.67661 4.718206 -0.1266701 24.67666 4.709367 -0.071344 24.46209 4.658002 -0.06083232 24.45946 4.66171 -0.06575238 24.46907 4.668472 -0.198019 24.24353 4.842275 -0.1954708 24.24371 4.844006 -0.1979438 24.2459 4.844737 -0.1971709 24.2444 4.925501 -0.1971789 24.24437 4.919256 -0.1971504 24.2444 4.938152 -0.3191348 24.39524 4.863972 -0.09526574 24.26082 4.856309 -0.2904325 24.16516 4.836764 -0.1970663 24.24373 4.748335 -0.1867692 24.24367 4.742514 -0.197248 24.24441 4.766743 -0.07203515 24.46717 4.647302 -0.06517526 24.457 4.644214 -0.06219446 24.46824 4.6378 0.1670623 24.54486 4.854765 0.1692606 24.54602 4.852338 0.1669988 24.54761 4.853936 0.1709448 24.54669 4.932226 0.1674091 24.54665 4.982406 0.1711063 24.54463 4.901676 0.0432829 24.56251 4.851212 0.1681698 24.54595 4.728766 0.2008861 24.55024 4.734385 0.167757 24.54592 4.736961 -0.07233298 24.46062 4.694822 -0.06105074 24.46028 4.701738 -0.06632828 24.47181 4.695574 -0.2924629 24.5609 5.007218 -0.2922265 24.55839 5.008009 -0.2896057 24.56033 5.009086 -0.2912229 24.55998 5.077625 -0.2911847 24.56118 5.092983 -0.2925295 24.56546 4.962653 -0.2899072 24.55612 5.105211 -0.1468598 24.56813 4.994838 -0.2905087 24.56073 4.976755 -0.2923578 24.5559 4.958119 -0.07055661 24.4582 4.667352 -0.058966 24.46427 4.668 -0.06703861 24.47147 4.671766 -0.009939657 24.30967 5.020152 -0.006606836 24.30857 5.019285 -0.00704454 24.31119 5.020316 -0.00805986 24.30967 5.132886 0.010158 24.34147 5.094422 -0.008336151 24.30962 5.154457 0.1424203 24.25014 5.003313 -0.1719807 24.29809 5.005507 -0.008543297 24.30824 4.893658 -0.008303423 24.31204 4.895075 -0.008177966 24.30981 4.912837 -0.07336626 24.46162 4.612503 -0.05914419 24.46064 4.610876 -0.06701466 24.4709 4.607047 0.005279328 24.70622 5.024796 0.0081722 24.70411 5.025391 0.00793076 24.70701 5.024019 0.1366327 24.71872 5.073715 0.007087528 24.70573 5.117853 0.005884722 24.70337 5.086555 0.007141045 24.7055 5.124331 -0.09394838 24.8047 5.0137 0.01743403 24.71245 4.929398 -0.00121374 24.699 4.940379 0.007130668 24.70556 4.94983 -0.06839808 24.45803 4.669346 -0.06109085 24.46713 4.677266 -0.07064048 24.47055 4.672175 -0.2560126 24.36758 4.911707 -0.2537162 24.36495 4.912313 -0.2540472 24.36825 4.913229 -0.2545314 24.36663 5.011987 -0.2543005 24.36466 5.015371 -0.1179485 24.42297 4.963914 -0.2544824 24.36679 5.020847 -0.09154963 24.3494 4.854819 -0.4013027 24.25328 4.893956 -0.3585339 24.48045 4.903442 -0.2545299 24.3667 4.814403 -0.2545213 24.36683 4.801223 -0.254547 24.36665 4.798724 -0.07264529 24.46834 4.590552 -0.06682389 24.45682 4.586654 -0.05981154 24.46723 4.584736 0.1558204 24.40562 5.010362 0.1590559 24.4059 5.008959 0.1575578 24.4085 5.009919 0.157468 24.40663 5.098235 0.157468 24.40662 5.097654 0.1585448 24.40916 5.127718 0.08480359 24.4031 5.105499 0.2177862 24.34466 5.001836 0.1560278 24.40375 4.929697 0.1573348 24.40654 4.90579 0.1555947 24.44463 4.976768 -3.524098 29.79588 5.384368 -3.495782 29.77961 5.383431 -3.502643 29.81522 5.383699 -3.491409 29.79887 5.917273 -3.48623 29.78933 5.917127 -3.481276 29.79968 5.916975 -3.501586 29.80052 5.714249 -3.49669 29.7879 5.709845 -3.48967 29.79953 5.710271 -3.371444 29.70457 6.047769 -3.368885 29.70299 6.046596 -3.369268 29.70646 6.047511 -3.373044 29.69058 6.136002 -3.369642 29.70611 6.145376 -3.368427 29.70257 6.135154 -3.308899 29.80687 6.025866 -3.368959 29.70299 5.946771 -3.369657 29.70458 5.957135 -3.371125 29.70432 5.958305 -3.503573 29.79372 5.773646 -3.492557 29.79417 5.779426 -3.49201 29.79958 5.768067 -3.558169 30.00788 5.855149 -3.555341 30.00776 5.857156 -3.555373 30.00907 5.854296 -3.556602 30.00799 5.968666 -3.555225 30.00967 5.97423 -3.556838 30.00875 5.962774 -3.474643 30.12625 5.882737 -3.691035 29.98741 5.865496 -3.45862 29.90994 5.859859 -3.573066 29.89392 5.796146 -3.552624 30.05104 5.754279 -3.556456 30.00812 5.749749 -3.556291 30.00822 5.763309 -3.556293 30.00827 5.75447 -3.500967 29.7937 5.703105 -3.490455 29.79107 5.706813 -3.495375 29.80069 5.713574 -3.627642 29.57514 5.887378 -3.625093 29.57533 5.889109 -3.627566 29.57751 5.889839 -3.626794 29.57601 5.970603 -3.626802 29.57599 5.964359 -3.626773 29.57602 5.983254 -3.748757 29.72685 5.909075 -3.524888 29.59243 5.901411 -3.720055 29.49677 5.881867 -3.626689 29.57534 5.793438 -3.616392 29.57528 5.787616 -3.626871 29.57602 5.811845 -3.501658 29.79878 5.692405 -3.494798 29.78861 5.689316 -3.491817 29.79985 5.682903 -3.26256 29.87648 5.899868 -3.260362 29.87763 5.89744 -3.262624 29.87922 5.899039 -3.258678 29.8783 5.977328 -3.262214 29.87826 6.027509 -3.258516 29.87624 5.946779 -3.38634 29.89412 5.896315 -3.261453 29.87756 5.773869 -3.228737 29.88185 5.779487 -3.261866 29.87753 5.782064 -3.501956 29.79223 5.739924 -3.490673 29.79189 5.746841 -3.495951 29.80342 5.740677 -3.722086 29.89251 6.05232 -3.721849 29.89 6.053112 -3.719228 29.89195 6.054188 -3.720846 29.89159 6.122728 -3.720807 29.8928 6.138086 -3.722152 29.89707 6.007756 -3.71953 29.88773 6.150314 -3.576482 29.89974 6.039941 -3.720131 29.89234 6.021858 -3.72198 29.88751 6.003222 -3.500179 29.78981 5.712454 -3.488589 29.79588 5.713102 -3.496661 29.80308 5.716869 -3.439562 29.64128 6.065255 -3.436229 29.64018 6.064388 -3.436667 29.64281 6.065419 -3.437683 29.64128 6.177989 -3.419465 29.67308 6.139524 -3.437959 29.64123 6.19956 -3.287202 29.58175 6.048415 -3.601603 29.6297 6.050609 -3.438166 29.63985 5.93876 -3.437926 29.64365 5.940178 -3.437801 29.64142 5.957939 -3.502989 29.79323 5.657606 -3.488767 29.79225 5.655978 -3.496637 29.80251 5.652149 -3.424343 30.03783 6.069899 -3.42145 30.03572 6.070493 -3.421692 30.03862 6.069122 -3.29299 30.05033 6.118817 -3.422535 30.03734 6.162956 -3.423738 30.03499 6.131657 -3.422482 30.03711 6.169433 -3.523571 30.13631 6.058803 -3.412189 30.04406 5.974501 -3.430836 30.03061 5.985482 -3.422492 30.03717 5.994932 -3.498021 29.78964 5.714449 -3.490714 29.79874 5.722369 -3.500263 29.80216 5.717278 -3.685635 29.69919 5.956809 -3.683339 29.69656 5.957416 -3.68367 29.69986 5.958332 -3.684154 29.69824 6.057089 -3.683923 29.69627 6.060473 -3.547571 29.75458 6.009016 -3.684105 29.6984 6.065949 -3.521172 29.68101 5.899922 -3.830925 29.58489 5.939059 -3.788157 29.81207 5.948545 -3.684153 29.69832 5.859506 -3.684144 29.69844 5.846326 -3.68417 29.69827 5.843826 -3.502268 29.79995 5.635655 -3.496447 29.78843 5.631756 -3.489434 29.79885 5.629838 -3.273802 29.73723 6.055465 -3.270567 29.73751 6.054062 -3.272065 29.74011 6.055022 -3.272155 29.73824 6.143338 -3.272155 29.73823 6.142757 -3.271078 29.74077 6.17282 -3.344819 29.73471 6.150602 -3.211836 29.67627 6.046938 -3.273595 29.73536 5.9748 -3.272288 29.73815 5.950892 -3.274028 29.77624 6.02187 -2.573619 28.05011 5.155402 -2.545302 28.03384 5.154466 -2.552163 28.06945 5.154733 -2.54093 28.0531 5.688307 -2.53575 28.04356 5.688161 -2.530797 28.05391 5.688009 -2.552357 28.05011 5.551436 -2.543249 28.044 5.55791 -2.543486 28.05736 5.552786 -2.641419 28.12846 5.724374 -2.640543 28.12543 5.725926 -2.638633 28.12823 5.725752 -2.633216 28.14096 5.845702 -2.642863 28.12363 5.834185 -2.640221 28.12735 5.816767 -2.501248 28.07438 5.759076 -2.640849 28.12846 5.612904 -2.640537 28.13127 5.681305 -2.644029 28.07664 5.698146 -2.552901 28.04791 5.41813 -2.542024 28.04527 5.415459 -2.541629 28.05494 5.423514 -2.536739 27.84097 5.627533 -2.533257 27.84054 5.627029 -2.533847 27.84244 5.62865 -2.543915 27.83287 5.642347 -2.534846 27.84123 5.700526 -2.534856 27.84125 5.716782 -2.392001 27.74273 5.664123 -2.661036 27.73092 5.645714 -2.532211 27.85036 5.558477 -2.53407 27.84574 5.538925 -2.534893 27.8411 5.546099 -2.552904 28.0501 5.465385 -2.539187 28.04565 5.463702 -2.542509 28.05626 5.46078 -2.466793 28.16984 5.746737 -2.46457 28.16706 5.74718 -2.463501 28.16975 5.74598 -2.464657 28.17046 5.851382 -2.464986 28.16888 5.823483 -2.465718 28.16895 5.847783 -2.326758 28.17997 5.739988 -2.522742 28.29071 5.766282 -2.463331 28.16947 5.649772 -2.465019 28.16889 5.665879 -2.512678 28.02427 5.717129 -2.46499 28.16887 5.671906 -2.552578 28.04867 5.389457 -2.539475 28.04637 5.394068 -2.54223 28.05666 5.393727 -2.69851 28.02392 5.740668 -2.695544 28.02247 5.741644 -2.696792 28.02579 5.741404 -2.696752 28.02391 5.826059 -2.696766 28.02423 5.84219 -2.69682 28.02401 5.829901 -2.537977 28.03464 5.748541 -2.806177 28.09658 5.718945 -2.7796 27.88326 5.703948 -2.696766 28.02391 5.642443 -2.697134 28.02395 5.639195 -2.696734 28.02389 5.659881 -2.551359 28.0548 5.386251 -2.549556 28.04365 5.383923 -2.538318 28.05011 5.382186 -2.436512 27.97421 5.754825 -2.433239 27.97412 5.753995 -2.435061 27.97704 5.754942 -2.434094 27.97478 5.87808 -2.434826 27.97514 5.884337 -2.466014 27.97238 5.89762 -2.433353 27.9737 5.663799 -2.450579 28.08592 5.732312 -2.458323 27.86262 5.702312 -2.434089 27.97363 5.628509 -2.43534 27.97535 5.636034 -2.552994 28.04666 5.413723 -2.539658 28.04695 5.416083 -2.543743 28.05663 5.409523 -2.615884 28.2646 5.712881 -2.61329 28.26322 5.714206 -2.612389 28.2656 5.712952 -2.614035 28.2646 5.787355 -2.469908 28.29051 5.710807 -2.614016 28.26462 5.808938 -2.614694 28.2661 5.819624 -2.72709 28.41676 5.721961 -2.607323 28.25484 5.706545 -2.613687 28.26647 5.589897 -2.615262 28.26649 5.600472 -2.55214 28.05438 5.441208 -2.544583 28.04278 5.437702 -2.539827 28.05347 5.444025 -2.657174 27.85343 5.788282 -2.655115 27.85109 5.787712 -2.653769 27.85368 5.789299 -2.655347 27.85276 5.886568 -2.527135 27.90156 5.806042 -2.655153 27.85301 5.90682 -2.655367 27.85246 5.904625 -2.74152 27.74599 5.768211 -2.748716 27.9453 5.762271 -2.654484 27.85362 5.676873 -2.655355 27.85276 5.693229 -2.655353 27.85248 5.674071 -2.552605 28.05307 5.401968 -2.541769 28.04361 5.399951 -2.542206 28.05663 5.398633 -2.401181 28.10615 5.829853 -2.398634 28.10852 5.828869 -2.401295 28.10941 5.829524 -2.393486 28.11049 5.930787 -2.400516 28.10777 5.917948 -2.398604 28.10771 5.851547 -2.279873 28.17544 5.830228 -2.490477 28.1313 5.810682 -2.401287 28.10757 5.734962 -2.400312 28.10779 5.748504 -2.398625 28.10912 5.738407 -2.552389 28.05308 5.449208 -2.545836 28.04267 5.45216 -2.538693 28.05418 5.452998 -2.64658 28.08568 5.742903 -2.644152 28.08498 5.74367 -2.64434 28.08841 5.743251 -2.645011 28.0866 5.832964 -2.644684 28.08633 5.863929 -2.497958 28.13605 5.69602 -2.645001 28.08671 5.846369 -2.644055 27.97533 5.791937 -2.783996 28.1661 5.759947 -2.645742 28.07553 5.641964 -2.64498 28.08667 5.629311 -2.645 28.08661 5.640367 -2.241721 26.79599 4.865484 -2.213405 26.77972 4.864548 -2.220265 26.81533 4.864815 -2.209032 26.79898 5.398389 -2.203853 26.78944 5.398243 -2.198899 26.79979 5.398091 -2.220607 26.80009 5.166364 -2.21364 26.7885 5.165075 -2.206736 26.79897 5.163107 -2.100352 26.81237 5.5704 -2.098756 26.80939 5.570118 -2.097284 26.81263 5.569665 -2.098753 26.81144 5.653659 -2.098527 26.81171 5.677182 -2.134252 26.7822 5.626924 -2.213849 26.93092 5.598051 -1.946868 26.8726 5.530513 -2.098752 26.81174 5.462928 -2.201661 26.78645 5.486067 -2.098693 26.81138 5.477147 -2.220536 26.79599 5.193787 -2.21107 26.7897 5.199748 -2.211841 26.80343 5.19539 -2.387426 26.9132 5.525713 -2.386418 26.91009 5.52707 -2.384595 26.91295 5.527022 -2.385325 26.91163 5.620796 -2.339254 27.04168 5.521693 -2.387234 26.91296 5.584749 -2.293961 26.81777 5.51128 -2.385488 26.91059 5.437831 -2.386563 26.91246 5.448289 -2.388616 26.90563 5.517188 -2.22009 26.79945 5.208853 -2.213882 26.78843 5.204342 -2.20741 26.80038 5.208541 -2.198807 26.67711 5.471017 -2.197101 26.67444 5.469908 -2.195242 26.67685 5.47073 -2.197081 26.67618 5.561326 -2.197072 26.67616 5.558598 -2.102416 26.67678 5.547574 -2.197158 26.67609 5.573364 -2.234554 26.51793 5.465679 -2.224053 26.82065 5.40097 -2.30994 26.74951 5.496019 -2.195006 26.67799 5.367833 -2.197059 26.67616 5.390194 -2.197091 26.67615 5.368876 -2.216036 26.79045 5.184458 -2.206594 26.79599 5.177873 -2.216104 26.80253 5.177028 -2.093134 27.02093 5.483068 -2.091058 27.01841 5.483927 -2.090206 27.02115 5.481947 -2.091438 27.02014 5.554304 -2.091393 27.02013 5.562615 -1.979255 27.12865 5.512399 -2.091437 27.02015 5.558838 -2.101163 26.98608 5.574967 -2.069143 27.16725 5.464648 -2.016325 26.87448 5.459082 -2.09848 27.02026 5.420914 -2.091456 27.02016 5.390921 -2.091438 27.02014 5.386753 -2.219244 26.79228 5.162559 -2.207144 26.79193 5.168174 -2.215054 26.80367 5.166043 -2.342269 26.76077 5.392596 -2.341568 26.75796 5.392551 -2.339142 26.75959 5.393893 -2.344129 26.76098 5.413367 -2.340121 26.75581 5.491683 -2.340733 26.75942 5.476275 -2.146563 26.7378 5.385289 -2.350011 26.87883 5.384211 -2.340843 26.76043 5.300728 -2.340808 26.75961 5.316777 -2.341281 26.75509 5.375114 -2.217424 26.79951 5.280579 -2.216254 26.78874 5.274543 -2.207711 26.79983 5.271979 -2.104892 26.73846 5.378626 -2.102469 26.73855 5.376471 -2.10276 26.74124 5.377982 -2.103386 26.7394 5.449978 -2.102702 26.73953 5.471088 -1.97177 26.80518 5.372453 -2.103287 26.73916 5.467787 -2.106442 26.74438 5.370997 -2.106626 26.7522 5.351246 -2.077472 26.71883 5.361856 -2.220277 26.79241 5.102813 -2.206879 26.79208 5.104829 -2.214354 26.80338 5.100511 -2.265575 26.89811 5.396969 -2.265027 26.89565 5.397757 -2.262136 26.89756 5.397614 -2.263683 26.89677 5.513499 -2.265066 26.89655 5.491595 -2.168833 26.98198 5.371601 -2.26468 26.89831 5.50481 -2.225459 26.78605 5.341437 -2.265722 26.89807 5.307835 -2.264089 26.89721 5.292496 -2.264014 26.89719 5.290758 -2.217055 26.78984 5.164071 -2.20641 26.79319 5.166858 -2.217792 26.80212 5.168157 -2.267026 26.67733 5.450294 -2.264456 26.67956 5.451464 -2.267222 26.68039 5.451327 -2.266458 26.67775 5.555011 -2.266195 26.67885 5.526502 -2.266165 26.67895 5.543214 -2.36525 26.78605 5.456198 -2.137889 26.73003 5.445334 -2.324517 26.55077 5.431208 -2.26655 26.67891 5.351119 -2.266182 26.67889 5.365744 -2.266214 26.67899 5.369382 -2.220479 26.79193 5.260743 -2.207282 26.79228 5.257831 -2.212946 26.80367 5.257641 -2.140007 26.84025 5.549352 -2.13859 26.8374 5.549401 -2.136707 26.84034 5.548628 -2.138401 26.83932 5.637462 -2.136818 26.83961 5.661133 -2.133807 26.88128 5.63555 -2.116495 26.71537 5.601499 -2.262823 26.84688 5.496439 -2.136714 26.84182 5.423101 -2.135089 26.82721 5.43831 -2.138464 26.83938 5.430972 -3.161545 28.62023 5.210852 -3.133229 28.60396 5.209915 -3.14009 28.63958 5.210182 -3.128857 28.62322 5.743757 -3.123677 28.61369 5.74361 -3.118724 28.62403 5.743459 -3.140431 28.62433 5.511731 -3.133465 28.61274 5.510443 -3.12656 28.62322 5.508474 -3.020177 28.63662 5.915767 -3.018581 28.63363 5.915485 -3.017109 28.63687 5.915032 -3.018577 28.63568 5.999026 -3.018351 28.63595 6.022549 -3.054077 28.60644 5.972292 -3.133673 28.75516 5.943419 -2.866692 28.69684 5.87588 -3.018577 28.63598 5.808295 -3.121486 28.61069 5.831434 -3.018517 28.63562 5.822514 -3.14036 28.62023 5.539155 -3.130894 28.61394 5.545115 -3.131666 28.62767 5.540758 -3.307251 28.73744 5.871081 -3.306243 28.73433 5.872437 -3.30442 28.7372 5.872389 -3.305149 28.73587 5.966164 -3.259079 28.86592 5.867061 -3.307059 28.73721 5.930116 -3.213785 28.64201 5.856647 -3.305312 28.73483 5.783199 -3.306388 28.7367 5.793656 -3.308441 28.72988 5.862556 -3.139915 28.62369 5.554221 -3.133707 28.61267 5.549709 -3.127235 28.62463 5.553909 -3.118631 28.50135 5.816384 -3.116926 28.49868 5.815275 -3.115067 28.5011 5.816098 -3.116906 28.50042 5.906694 -3.116896 28.5004 5.903966 -3.022241 28.50102 5.892941 -3.116983 28.50033 5.918731 -3.154379 28.34217 5.811046 -3.143878 28.64489 5.746337 -3.229764 28.57375 5.841387 -3.11483 28.50223 5.7132 -3.116884 28.5004 5.735561 -3.116916 28.50039 5.714244 -3.135861 28.6147 5.529825 -3.126419 28.62023 5.523241 -3.135928 28.62677 5.522396 -3.012958 28.84517 5.828435 -3.010882 28.84266 5.829295 -3.010031 28.84539 5.827314 -3.011262 28.84439 5.899671 -3.011218 28.84437 5.907982 -2.89908 28.9529 5.857766 -3.011261 28.84439 5.904206 -3.020988 28.81032 5.920335 -2.988968 28.99149 5.810015 -2.93615 28.69873 5.80445 -3.018304 28.8445 5.766282 -3.01128 28.8444 5.736289 -3.011262 28.84439 5.73212 -3.139068 28.61652 5.507927 -3.126969 28.61617 5.513542 -3.134878 28.62791 5.51141 -3.262094 28.58501 5.737963 -3.261393 28.58221 5.737919 -3.258966 28.58383 5.73926 -3.263953 28.58522 5.758735 -3.259946 28.58005 5.837051 -3.260558 28.58367 5.821643 -3.066387 28.56204 5.730657 -3.269835 28.70307 5.729578 -3.260667 28.58467 5.646095 -3.260633 28.58385 5.662145 -3.261106 28.57933 5.720481 -3.137248 28.62375 5.625946 -3.136079 28.61298 5.619911 -3.127536 28.62407 5.617346 -3.024717 28.5627 5.723993 -3.022294 28.56279 5.721838 -3.022584 28.56548 5.723349 -3.023211 28.56365 5.795345 -3.022527 28.56377 5.816455 -2.891595 28.62942 5.71782 -3.023112 28.5634 5.813154 -3.026266 28.56862 5.716364 -3.02645 28.57644 5.696614 -2.997297 28.54308 5.707223 -3.140101 28.61665 5.448181 -3.126703 28.61632 5.450196 -3.134178 28.62763 5.445878 -3.1854 28.72235 5.742337 -3.184852 28.71989 5.743124 -3.181961 28.7218 5.742982 -3.183508 28.72102 5.858866 -3.184891 28.72079 5.836962 -3.088658 28.80622 5.716968 -3.184505 28.72255 5.850177 -3.145284 28.61029 5.686804 -3.185547 28.72231 5.653203 -3.183913 28.72145 5.637863 -3.183838 28.72143 5.636126 -3.13688 28.61408 5.509439 -3.126234 28.61743 5.512226 -3.137617 28.62636 5.513524 -3.186851 28.50157 5.795661 -3.184281 28.5038 5.796831 -3.187046 28.50463 5.796695 -3.186283 28.50199 5.900378 -3.186019 28.50309 5.871869 -3.185989 28.5032 5.888581 -3.285075 28.61029 5.801565 -3.057714 28.55427 5.790702 -3.244341 28.37502 5.776576 -3.186375 28.50315 5.696487 -3.186007 28.50313 5.711111 -3.186038 28.50323 5.71475 -3.140304 28.61617 5.60611 -3.127107 28.61652 5.603198 -3.132771 28.62791 5.603008 -3.059832 28.66449 5.894719 -3.058415 28.66164 5.894768 -3.056531 28.66458 5.893995 -3.058226 28.66357 5.982829 -3.056643 28.66385 6.006501 -3.053632 28.70552 5.980917 -3.03632 28.53961 5.946867 -3.182648 28.67112 5.841806 -3.056539 28.66606 5.768469 -3.054913 28.65146 5.783678 -3.058289 28.66363 5.776339 -1.383496 25.31269 4.471499 -1.35518 25.29642 4.470563 -1.36204 25.33204 4.47083 -1.350807 25.31568 5.004404 -1.345628 25.30615 5.004258 -1.340674 25.31649 5.004106 -1.360984 25.31733 4.80138 -1.356088 25.30472 4.796976 -1.349067 25.31634 4.797402 -1.230842 25.22139 5.1349 -1.228283 25.2198 5.133727 -1.228666 25.22327 5.134642 -1.232442 25.20739 5.223133 -1.229039 25.22293 5.232507 -1.227825 25.21938 5.222285 -1.168297 25.32368 5.112997 -1.228357 25.2198 5.033902 -1.229055 25.22139 5.044266 -1.230523 25.22113 5.045436 -1.362971 25.31053 4.860777 -1.351955 25.31098 4.866557 -1.351408 25.31639 4.855198 -1.417567 25.52469 4.94228 -1.414739 25.52457 4.944287 -1.414771 25.52588 4.941427 -1.416 25.5248 5.055797 -1.414623 25.52649 5.061361 -1.416235 25.52556 5.049905 -1.334041 25.64306 4.969868 -1.550433 25.50422 4.952627 -1.318018 25.42675 4.94699 -1.432464 25.41073 4.883277 -1.412022 25.56786 4.84141 -1.415854 25.52493 4.83688 -1.415689 25.52504 4.85044 -1.415691 25.52508 4.841601 -1.360365 25.31051 4.790236 -1.349853 25.30789 4.793944 -1.354773 25.3175 4.800705 -1.48704 25.09195 4.974509 -1.484491 25.09214 4.97624 -1.486964 25.09432 4.97697 -1.486191 25.09282 5.057734 -1.486199 25.0928 5.05149 -1.486171 25.09283 5.070385 -1.608155 25.24366 4.996206 -1.384286 25.10925 4.988542 -1.579453 25.01359 4.968998 -1.486087 25.09216 4.880569 -1.47579 25.09209 4.874747 -1.486268 25.09283 4.898976 -1.361056 25.31559 4.779536 -1.354196 25.30542 4.776447 -1.351215 25.31667 4.770034 -1.121958 25.39329 4.986999 -1.11976 25.39444 4.984571 -1.122022 25.39604 4.98617 -1.118076 25.39511 5.064459 -1.121611 25.39508 5.11464 -1.117914 25.39305 5.03391 -1.245738 25.41093 4.983446 -1.120851 25.39438 4.861 -1.088134 25.39866 4.866618 -1.121263 25.39434 4.869195 -1.361354 25.30904 4.827055 -1.350071 25.3087 4.833972 -1.355349 25.32023 4.827808 -1.581483 25.40932 5.139451 -1.581247 25.40681 5.140243 -1.578626 25.40876 5.141319 -1.580243 25.4084 5.209859 -1.580205 25.40961 5.225217 -1.58155 25.41388 5.094887 -1.578928 25.40455 5.237445 -1.43588 25.41656 5.127072 -1.579529 25.40915 5.108989 -1.581378 25.40433 5.090353 -1.359577 25.30663 4.799585 -1.347987 25.31269 4.800233 -1.356059 25.31989 4.804 -1.29896 25.1581 5.152386 -1.295627 25.15699 5.151519 -1.296065 25.15962 5.15255 -1.29708 25.1581 5.26512 -1.278863 25.18989 5.226655 -1.297357 25.15805 5.286691 -1.1466 25.09856 5.135546 -1.461001 25.14651 5.13774 -1.297564 25.15666 5.025891 -1.297324 25.16047 5.027309 -1.297199 25.15824 5.04507 -1.362387 25.31005 4.744737 -1.348165 25.30906 4.743109 -1.356035 25.31932 4.73928 -1.283741 25.55464 5.15703 -1.280848 25.55253 5.157624 -1.28109 25.55543 5.156253 -1.152388 25.56715 5.205948 -1.281933 25.55415 5.250087 -1.283136 25.5518 5.218788 -1.281879 25.55392 5.256564 -1.382969 25.65312 5.145934 -1.271587 25.56087 5.061632 -1.290234 25.54742 5.072613 -1.28189 25.55398 5.082063 -1.357419 25.30645 4.80158 -1.350111 25.31556 4.8095 -1.359661 25.31897 4.804409 -1.545033 25.216 5.04394 -1.542737 25.21338 5.044547 -1.543068 25.21668 5.045463 -1.543552 25.21506 5.14422 -1.543321 25.21308 5.147604 -1.406969 25.27139 5.096147 -1.543503 25.21521 5.153081 -1.38057 25.19783 4.987053 -1.690323 25.10171 5.02619 -1.647554 25.32888 5.035676 -1.54355 25.21513 4.946637 -1.543542 25.21526 4.933457 -1.543568 25.21508 4.930957 -1.361666 25.31677 4.722786 -1.355844 25.30525 4.718887 -1.348832 25.31566 4.716969 -1.1332 25.25405 5.142596 -1.129965 25.25432 5.141193 -1.131463 25.25693 5.142153 -1.131553 25.25506 5.230469 -1.131552 25.25505 5.229888 -1.130476 25.25758 5.259951 -1.204217 25.25152 5.237733 -1.071234 25.19308 5.134069 -1.132993 25.25217 5.061931 -1.131686 25.25496 5.038023 -1.133426 25.29305 5.109001 -4.219861 28.00529 4.98709 -4.191545 27.98902 4.986154 -4.198405 28.02464 4.986421 -4.187172 28.00828 5.519995 -4.181993 27.99875 5.519849 -4.177039 28.00909 5.519697 -4.199411 28.00529 5.215131 -4.187943 27.99962 5.212559 -4.190964 28.01203 5.21892 -4.206257 27.80434 5.535771 -4.203523 27.80512 5.536269 -4.206316 27.80719 5.537243 -4.10554 27.8908 5.548589 -4.205632 27.80592 5.631885 -4.192158 27.79729 5.549085 -4.205447 27.80558 5.632535 -4.209183 27.80922 5.482516 -4.20553 27.80457 5.431197 -4.205449 27.80576 5.440399 -4.198368 28.00138 5.337686 -4.184653 28.00243 5.33396 -4.192422 28.01244 5.332974 -4.118269 28.09352 5.588548 -4.11541 28.09196 5.588301 -4.115048 28.09466 5.587421 -4.116472 28.09208 5.693635 -4.118131 28.09874 5.694221 -4.116529 28.09362 5.682517 -4.300774 28.14433 5.602936 -3.957542 28.15157 5.58414 -4.116536 27.91582 5.570779 -4.11497 28.09402 5.485212 -4.116625 28.09262 5.494183 -4.116444 28.09354 5.505128 -4.196839 28.01005 5.22753 -4.191642 27.99711 5.230651 -4.186805 28.00904 5.234625 -4.445805 27.98837 5.526684 -4.443124 27.98829 5.52859 -4.444796 27.99125 5.527532 -4.444549 27.98931 5.605396 -4.444549 27.98931 5.603337 -4.383153 27.97793 5.615016 -4.44462 27.98931 5.613431 -4.362476 28.11461 5.482251 -4.500597 27.8668 5.586521 -4.551073 28.08198 5.566045 -4.427437 27.99581 5.44847 -4.449987 27.98928 5.428536 -4.43973 27.98972 5.427298 -4.194772 28.01059 5.313567 -4.193529 27.99849 5.306847 -4.18546 28.00529 5.305525 -4.041602 27.87621 5.527055 -4.039582 27.87471 5.52514 -4.038441 27.87728 5.525749 -4.038673 27.87557 5.636653 -4.040012 27.8762 5.615476 -3.965319 28.0102 5.514415 -4.041016 27.8758 5.638394 -4.16807 27.84957 5.545698 -4.039152 27.87448 5.457153 -4.041771 27.87583 5.413084 -4.039977 27.87618 5.428885 -4.198194 28.00879 5.276814 -4.19309 27.99806 5.280975 -4.184647 28.00912 5.277729 -4.225712 28.15556 5.633101 -4.223776 28.15279 5.634219 -4.22233 28.15547 5.633385 -4.223189 28.15395 5.723041 -4.223104 28.15631 5.711029 -4.223649 28.15333 5.746376 -4.326393 28.24454 5.614274 -4.225783 28.15539 5.606498 -4.223508 28.15376 5.509881 -4.224117 28.15472 5.516204 -4.198092 28.00263 5.282997 -4.185281 28.00105 5.286728 -4.192141 28.01221 5.289851 -4.343731 27.79468 5.641942 -4.341371 27.79229 5.641586 -4.340673 27.79508 5.643217 -4.341929 27.79402 5.734652 -4.341926 27.79401 5.738928 -4.343347 27.79709 5.752379 -4.374746 27.91676 5.646576 -4.233744 27.75287 5.662916 -4.435086 27.74309 5.664241 -4.335615 27.80417 5.526428 -4.341933 27.79398 5.551503 -4.341925 27.79402 5.545404 -4.198947 28.00529 5.39177 -4.190643 27.99758 5.389645 -4.188524 28.01179 5.387634 -4.080569 28.03342 5.667201 -4.078067 28.03579 5.666149 -4.080674 28.03668 5.666953 -4.079725 28.03509 5.761941 -4.080676 28.03559 5.745773 -4.082941 28.01 5.704381 -3.962107 28.05504 5.669034 -4.079666 28.03479 5.571077 -4.079694 28.03514 5.588126 -4.080592 28.03521 5.581121 -4.196925 28.00921 5.319632 -4.192303 27.99788 5.326479 -4.185927 28.00887 5.326908 -4.371557 28.09896 5.552113 -4.370181 28.09632 5.553896 -4.36935 28.09963 5.553327 -4.370358 28.09808 5.658067 -4.25748 28.12728 5.63396 -4.370825 28.09803 5.652938 -4.370352 28.09798 5.6525 -4.42647 27.96392 5.594379 -4.26551 28.02148 5.475102 -4.372235 28.22785 5.476611 -4.517123 28.10025 5.528434 -4.370402 28.0981 5.45467 -4.370421 28.09806 5.449952 -4.198754 28.00793 5.313966 -4.188598 27.99954 5.308321 -4.187616 28.01108 5.313925 -4.138868 27.81858 5.623555 -4.135976 27.82068 5.624182 -4.138629 27.82147 5.624957 -4.137746 27.82001 5.721012 -4.137904 27.82009 5.72534 -4.135988 27.99201 5.625263 -4.140651 27.81831 5.68506 -4.086281 27.67714 5.639745 -4.136323 27.81772 5.50997 -4.139708 27.81723 5.515488 -4.13782 27.82002 5.540833 -1.279751 25.48781 4.546147 -1.251435 25.47153 4.54521 -1.258296 25.50715 4.545477 -1.247063 25.4908 5.079051 -1.241883 25.48126 5.078905 -1.23693 25.4916 5.078753 -1.256064 25.4842 4.889832 -1.245693 25.48641 4.881166 -1.255799 25.49411 4.886267 -1.017381 25.5923 5.145285 -1.014788 25.59239 5.143281 -1.016344 25.59515 5.143524 -1.01886 25.59888 5.114629 -1.016196 25.59329 5.218568 -1.1485 25.60174 5.114006 -1.019704 25.59225 5.237713 -0.9175266 25.52217 5.131651 -1.015836 25.59324 5.065874 -1.01619 25.5933 5.072034 -1.016198 25.59329 5.063795 -1.257303 25.49151 4.847355 -1.253105 25.48014 4.850874 -1.245121 25.49186 4.8528 -1.35927 25.52034 5.046899 -1.35612 25.52151 5.048141 -1.358558 25.52314 5.046823 -1.357719 25.52156 5.154156 -1.359181 25.52197 5.167389 -1.35781 25.52152 5.147047 -1.222441 25.46696 5.045084 -1.360075 25.52299 4.97436 -1.430522 25.4092 5.031597 -1.285706 25.64568 5.001568 -1.357809 25.52151 4.939745 -1.357809 25.52151 4.93976 -1.256357 25.48222 4.851154 -1.245298 25.48526 4.849845 -1.254342 25.49338 4.857106 -1.187174 25.34724 5.052251 -1.18468 25.34648 5.051112 -1.18419 25.34927 5.052603 -1.185257 25.3479 5.143222 -1.185335 25.34787 5.129429 -1.091631 25.48084 5.05521 -1.185661 25.34779 5.145086 -1.091445 25.26698 5.040758 -1.293073 25.47006 5.044566 -1.285399 25.24711 5.016348 -1.185336 25.34787 4.970951 -1.185881 25.34776 4.977961 -1.185383 25.34774 4.964727 -1.25873 25.4852 4.914848 -1.244446 25.48424 4.913799 -1.25217 25.49432 4.909375 -1.209308 25.69701 5.250247 -1.206174 25.69723 5.24979 -1.207958 25.69983 5.248631 -1.207842 25.69805 5.320774 -1.207845 25.69805 5.323657 -1.207514 25.69764 5.337555 -1.088528 25.58558 5.238645 -1.34671 25.62168 5.278945 -1.205204 25.86674 5.277898 -1.079136 25.77458 5.204917 -1.208855 25.69921 5.167187 -1.207922 25.6977 5.159042 -1.207839 25.69804 5.175351 -1.257848 25.49239 4.810489 -1.250741 25.47992 4.810157 -1.246373 25.49142 4.81544 -1.453042 25.36235 5.177029 -1.450044 25.36095 5.177989 -1.451572 25.36415 5.178214 -1.451345 25.36235 5.270905 -1.365963 25.49262 5.175283 -1.451368 25.36235 5.267474 -1.451288 25.36176 5.295285 -1.587232 25.41098 5.196284 -1.454242 25.20236 5.147219 -1.45135 25.36233 5.077211 -1.451472 25.36248 5.077888 -1.451347 25.36235 5.090476 -1.257485 25.48781 4.868354 -1.249312 25.48128 4.861164 -1.246692 25.49253 4.860579 -1.054817 25.45624 5.076187 -1.054542 25.4527 5.075514 -1.052769 25.45462 5.074387 -1.051851 25.45609 5.196646 -1.05421 25.45462 5.162368 -1.056748 25.45266 5.182622 -0.916714 25.45277 5.082398 -1.165 25.49959 5.082955 -1.053549 25.45493 4.967567 -0.9886274 25.35113 4.997984 -1.059511 25.45649 4.972482 -1.257144 25.49229 4.893385 -1.252554 25.48007 4.898812 -1.245186 25.49134 4.897239 -1.335215 25.58035 5.12681 -1.333763 25.57788 5.128061 -1.331786 25.58062 5.12774 -1.33461 25.58018 5.179812 -1.331961 25.57321 5.120877 -1.331702 25.57781 5.098887 -1.337601 25.58045 5.098232 -1.259287 25.48781 4.797573 -1.247713 25.48227 4.795153 -1.25101 25.49438 4.801878 -1.276927 25.28726 5.092722 -1.275195 25.28473 5.091391 -1.273775 25.28748 5.093056 -1.275274 25.28647 5.154225 -1.275274 25.28647 5.177498 -1.202434 25.40162 5.100854 -1.399121 25.26457 5.103471 -1.275468 25.2853 5.175571 -1.14894 25.17085 5.081298 -1.275267 25.28649 5.020739 -1.276535 25.28629 5.005335 -1.275278 25.28645 5.02041 -1.254971 25.48471 4.892154 -1.245397 25.48388 4.884537 -1.254933 25.49455 4.8836 -1.079511 25.65928 5.054247 -1.077031 25.65951 5.051887 -1.07936 25.66167 5.052043 -1.077723 25.66108 5.157753 -1.079854 25.65857 5.120985 -1.077731 25.65909 5.131748 -0.9326989 25.76758 5.049869 -1.204419 25.73486 5.040841 -1.080194 25.65879 4.977364 -1.077737 25.6601 4.96345 -1.075516 25.66156 4.954902 -2.246361 26.9493 4.909288 -2.218045 26.93303 4.908351 -2.224906 26.96864 4.908618 -2.213673 26.95229 5.442192 -2.208493 26.94275 5.442046 -2.20354 26.95309 5.441894 -2.22467 26.9493 5.28018 -2.217287 26.944 5.271582 -2.215041 26.95562 5.279272 -2.096661 26.78962 5.448145 -2.093854 26.78955 5.446403 -2.094607 26.79196 5.448726 -2.095001 26.79036 5.526685 -2.094633 26.79038 5.529665 -2.117965 26.76161 5.454488 -2.18337 26.86722 5.462017 -2.094883 26.79038 5.372164 -2.09511 26.79042 5.375955 -2.092216 26.79173 5.426487 -2.225458 26.94574 5.257671 -2.211897 26.94604 5.257707 -2.21727 26.95602 5.252441 -2.223409 27.07021 5.448467 -2.222066 27.06772 5.449785 -2.220019 27.07029 5.44848 -2.221797 27.0694 5.532017 -2.220808 27.06882 5.547289 -2.221825 27.06953 5.549573 -2.09534 27.19711 5.472342 -2.350661 26.95702 5.484221 -2.33155 27.21088 5.436706 -2.221547 27.06978 5.347608 -2.221885 27.06948 5.358905 -2.140136 26.96998 5.316511 -2.22463 26.95389 5.148294 -2.221427 26.94298 5.146335 -2.211133 26.94931 5.150961 -2.33808 26.84182 5.489836 -2.336148 26.83929 5.489724 -2.33469 26.84209 5.490887 -2.335773 26.8411 5.598038 -2.336676 26.8434 5.599687 -2.336301 26.8411 5.577037 -2.458723 26.73384 5.492609 -2.383635 26.99154 5.474659 -2.282393 26.76984 5.449364 -2.3363 26.84109 5.411492 -2.336327 26.84104 5.406542 -2.225645 26.9493 5.281558 -2.21349 26.94348 5.278535 -2.218368 26.95679 5.27963 -2.12253 26.95245 5.603136 -2.119474 26.9527 5.602363 -2.121046 26.95568 5.602727 -2.121038 26.95363 5.683103 -2.118917 26.95537 5.70498 -2.210341 26.90977 5.671551 -2.120991 26.95348 5.69837 -2.009224 26.91636 5.575963 -2.165402 27.10118 5.571221 -2.121035 26.95364 5.501368 -2.123723 26.954 5.515436 -2.121087 26.95348 5.508738 -2.224027 26.94533 5.27542 -2.213357 26.95047 5.283911 -2.21755 26.95477 5.273967 -2.417521 27.10791 5.403965 -2.4158 27.10754 5.406603 -2.415132 27.11015 5.404732 -2.416088 27.11013 5.498914 -2.416169 27.10853 5.501358 -2.416153 27.10853 5.526064 -2.34002 27.03744 5.503584 -2.584297 27.07178 5.400158 -2.384303 27.24611 5.310235 -2.32671 26.98928 5.337865 -2.416092 27.10856 5.300772 -2.416159 27.10855 5.30498 -2.416186 27.10854 5.313404 -2.225547 26.94585 5.160877 -2.211976 26.94615 5.160367 -2.217092 26.95583 5.166288 -2.202173 26.74002 5.460136 -2.199629 26.73943 5.459664 -2.199842 26.74234 5.461372 -2.200467 26.74079 5.564086 -2.205912 26.7462 5.530193 -2.201011 26.74054 5.563788 -2.130405 26.61403 5.444825 -2.086839 26.83692 5.466917 -2.200382 26.7408 5.363833 -2.200529 26.74084 5.361515 -2.200579 26.74288 5.375584 -2.2249 26.94546 5.221596 -2.211733 26.94579 5.218555 -2.217988 26.95655 5.216168 -2.138999 27.07454 5.5216 -2.136375 27.07607 5.520488 -2.138624 27.07788 5.520348 -2.138206 27.07608 5.604858 -2.138218 27.07607 5.605143 -2.013918 27.17411 5.543705 -2.137929 27.07325 5.630363 -2.137584 27.07179 5.4613 -2.225478 27.18204 5.520141 -2.207797 27.02135 5.485461 -2.138222 27.0763 5.421608 -2.22367 26.94558 5.176734 -2.212772 26.94457 5.182668 -2.218798 26.95744 5.180824 -2.417241 26.90696 5.476597 -2.414196 26.90724 5.478317 -2.415886 26.90984 5.477682 -2.41509 26.90858 5.576929 -2.415789 26.90798 5.551209 -2.488912 26.99491 5.479347 -2.3305 26.84714 5.46876 -2.416936 26.9062 5.520025 -2.415479 26.90818 5.392967 -2.417047 26.90648 5.38237 -2.415796 26.90796 5.408663 -2.221469 26.953 5.254183 -2.22028 26.94231 5.245521 -2.213022 26.95269 5.244484 -2.049666 26.84549 5.376189 -2.047888 26.84442 5.373472 -2.047329 26.84697 5.374599 -2.047087 26.84546 5.470096 -2.048469 26.84509 5.478795 -2.005544 26.96477 5.364234 -2.07454 26.86145 5.502371 -1.99509 26.74502 5.341082 -2.048347 26.84553 5.278427 -2.051177 26.84539 5.272286 -2.048471 26.84549 5.271775 -1.502913 28.52597 5.37227 -1.474597 28.5097 5.371333 -1.481458 28.54532 5.3716 -1.470224 28.52896 5.905175 -1.465045 28.51943 5.905028 -1.460092 28.52977 5.904877 -1.481651 28.52597 5.768304 -1.472544 28.51986 5.774778 -1.472781 28.53322 5.769653 -1.570713 28.60432 5.941241 -1.569838 28.60129 5.942794 -1.567927 28.60409 5.942619 -1.562511 28.61682 6.062569 -1.572157 28.59949 6.051052 -1.569515 28.60321 6.033634 -1.430542 28.55024 5.975944 -1.570144 28.60432 5.829771 -1.569831 28.60713 5.898172 -1.573324 28.5525 5.915013 -1.482195 28.52378 5.634997 -1.471319 28.52114 5.632326 -1.470923 28.5308 5.640381 -1.466033 28.31683 5.8444 -1.462551 28.3164 5.843896 -1.463142 28.3183 5.845518 -1.473209 28.30874 5.859214 -1.46414 28.31709 5.917394 -1.46415 28.31711 5.933649 -1.321296 28.21859 5.88099 -1.59033 28.20678 5.862581 -1.461506 28.32622 5.775344 -1.463364 28.32161 5.755792 -1.464187 28.31696 5.762966 -1.482199 28.52596 5.682253 -1.468482 28.52151 5.680569 -1.471803 28.53212 5.677647 -1.396087 28.6457 5.963604 -1.393865 28.64292 5.964047 -1.392795 28.64562 5.962847 -1.393951 28.64633 6.06825 -1.394281 28.64474 6.04035 -1.395013 28.64481 6.06465 -1.256053 28.65583 5.956856 -1.452036 28.76658 5.983149 -1.392626 28.64533 5.86664 -1.394314 28.64476 5.882746 -1.441972 28.50014 5.933996 -1.394285 28.64473 5.888773 -1.481872 28.52453 5.606324 -1.46877 28.52224 5.610935 -1.471525 28.53252 5.610594 -1.627805 28.49978 5.957535 -1.624839 28.49833 5.958511 -1.626086 28.50165 5.958272 -1.626047 28.49977 6.042926 -1.626061 28.50009 6.059058 -1.626115 28.49987 6.046769 -1.467272 28.5105 5.965409 -1.735472 28.57244 5.935813 -1.708895 28.35913 5.920815 -1.62606 28.49978 5.859311 -1.626428 28.49981 5.856062 -1.626028 28.49975 5.876748 -1.480653 28.53066 5.603118 -1.478851 28.51951 5.600791 -1.467613 28.52598 5.599053 -1.365806 28.45007 5.971693 -1.362534 28.44999 5.970862 -1.364356 28.4529 5.971809 -1.363389 28.45064 6.094948 -1.36412 28.451 6.101204 -1.395309 28.44825 6.114487 -1.362648 28.44957 5.880666 -1.379873 28.56178 5.949179 -1.387617 28.33848 5.919179 -1.363384 28.4495 5.845376 -1.364635 28.45122 5.852901 -1.482289 28.52252 5.63059 -1.468953 28.52281 5.63295 -1.473037 28.53249 5.626391 -1.545178 28.74046 5.929749 -1.542585 28.73908 5.931074 -1.541684 28.74146 5.929819 -1.54333 28.74046 6.004222 -1.399202 28.76638 5.927674 -1.543311 28.74049 6.025805 -1.543989 28.74196 6.036491 -1.656384 28.89262 5.938829 -1.536618 28.7307 5.923413 -1.542981 28.74233 5.806764 -1.544557 28.74235 5.81734 -1.481435 28.53024 5.658075 -1.473877 28.51864 5.65457 -1.469121 28.52933 5.660892 -1.586469 28.32929 6.005149 -1.584409 28.32695 6.00458 -1.583064 28.32954 6.006167 -1.584642 28.32862 6.103435 -1.45643 28.37742 6.02291 -1.584447 28.32887 6.123688 -1.584661 28.32832 6.121493 -1.670814 28.22185 5.985078 -1.678011 28.42117 5.979138 -1.583778 28.32948 5.893741 -1.58465 28.32863 5.910097 -1.584647 28.32834 5.890939 -1.4819 28.52894 5.618835 -1.471063 28.51947 5.616819 -1.471501 28.53249 5.615501 -1.330476 28.58201 6.04672 -1.327929 28.58438 6.045737 -1.330589 28.58527 6.046392 -1.322781 28.58635 6.147654 -1.32981 28.58363 6.134816 -1.327899 28.58357 6.068415 -1.209168 28.6513 6.047095 -1.419771 28.60717 6.027549 -1.330582 28.58343 5.951829 -1.329607 28.58365 5.965371 -1.32792 28.58498 5.955275 -1.481684 28.52894 5.666075 -1.475131 28.51853 5.669027 -1.467987 28.53004 5.669865 -1.575875 28.56154 5.95977 -1.573447 28.56084 5.960538 -1.573634 28.56427 5.960118 -1.574305 28.56247 6.049831 -1.573979 28.56219 6.080797 -1.427253 28.61192 5.912887 -1.574296 28.56258 6.063237 -1.57335 28.4512 6.008805 -1.71329 28.64197 5.976815 -1.575037 28.55139 5.858832 -1.574275 28.56253 5.846178 -1.574294 28.56248 5.857235 -0.5708796 23.64646 3.946797 -0.5425635 23.63019 3.94586 -0.5494241 23.6658 3.946127 -0.5381907 23.64945 4.479702 -0.5330115 23.63991 4.479556 -0.528058 23.65026 4.479404 -0.5482426 23.64174 4.298748 -0.5360305 23.64646 4.304501 -0.5465857 23.65298 4.300699 -0.6734206 23.61389 4.550833 -0.6707773 23.61227 4.551787 -0.6715643 23.61582 4.551839 -0.5550997 23.67792 4.531635 -0.6718042 23.61366 4.659589 -0.6998946 23.66232 4.571199 -0.6680792 23.60831 4.583799 -0.6272197 23.49064 4.557143 -0.6726845 23.61306 4.428142 -0.671748 23.61365 4.444726 -0.6716803 23.61398 4.459599 -0.5500072 23.64349 4.211311 -0.5392938 23.63994 4.208954 -0.5390147 23.65297 4.210248 -0.447929 23.59069 4.641629 -0.4452116 23.59158 4.641215 -0.4478551 23.59395 4.641952 -0.4469576 23.59234 4.710424 -0.4470427 23.5924 4.724788 -0.4470161 23.59227 4.727847 -0.6094984 23.57861 4.630662 -0.3341891 23.72644 4.628905 -0.3392486 23.48977 4.641843 -0.4469528 23.5923 4.573822 -0.4469648 23.59233 4.557913 -0.4470006 23.5923 4.565445 -0.5490213 23.64269 4.376321 -0.535632 23.64817 4.376689 -0.5426527 23.65023 4.368525 -0.6158536 23.81405 4.460385 -0.6128699 23.81421 4.462185 -0.6130165 23.81571 4.459631 -0.6139382 23.81464 4.540776 -0.6138698 23.81472 4.553316 -0.6153284 23.81445 4.569703 -0.7078813 23.94345 4.47515 -0.4928028 23.86116 4.498753 -0.6023416 23.8201 4.348733 -0.6962934 23.76805 4.433071 -0.6127689 23.81566 4.341411 -0.5502752 23.64646 4.342922 -0.5412392 23.63934 4.341805 -0.5396867 23.65248 4.347305 -0.6058018 23.51771 4.612557 -0.6026787 23.51748 4.613062 -0.6044545 23.52046 4.613908 -0.604279 23.51856 4.728988 -0.6082772 23.52014 4.742216 -0.6032286 23.51818 4.748196 -0.598513 23.65911 4.5825 -0.6879235 23.43756 4.579862 -0.4693197 23.52366 4.571101 -0.6042857 23.51859 4.501737 -0.6043832 23.51858 4.497126 -0.6043006 23.51855 4.491628 -0.5494631 23.65043 4.271523 -0.5410021 23.63895 4.269983 -0.5377841 23.65009 4.265185 -0.3516143 23.74257 4.562496 -0.3500783 23.73979 4.562408 -0.3487152 23.74266 4.56088 -0.3493494 23.7439 4.650218 -0.3501041 23.74167 4.640491 -0.4642824 23.74785 4.597324 -0.3500965 23.74165 4.64728 -0.3485803 23.7908 4.552426 -0.3463646 23.61101 4.551735 -0.3498548 23.74141 4.472753 -0.3497704 23.75248 4.55844 -0.5477874 23.64182 4.260448 -0.5390375 23.6428 4.26883 -0.5415808 23.65445 4.26292 -0.7244926 23.6996 4.414805 -0.7233356 23.69771 4.416499 -0.722311 23.70118 4.416489 -0.7232084 23.6996 4.49126 -0.7232949 23.69966 4.492688 -0.7233011 23.69955 4.487766 -0.6008474 23.6221 4.456628 -0.6853058 23.83901 4.447227 -0.885646 23.64058 4.425018 -0.7202699 23.69718 4.344703 -0.7232716 23.69971 4.332781 -0.7232085 23.6996 4.355426 -0.5503633 23.64327 4.178321 -0.5380573 23.64355 4.173066 -0.5398218 23.65251 4.181167 -0.4171731 23.41371 4.417594 -0.4162676 23.41167 4.415524 -0.4138787 23.41392 4.416306 -0.4156476 23.41321 4.507054 -0.4223689 23.39939 4.425261 -0.4150036 23.41124 4.521185 -0.3928108 23.39078 4.36538 -0.3817927 23.52951 4.414901 -0.4159401 23.4128 4.318854 -0.4157663 23.41314 4.329938 -0.5501346 23.64922 4.237712 -0.5426884 23.63951 4.240898 -0.5358728 23.65025 4.236536 -0.5238939 23.78509 4.549748 -0.5210193 23.78324 4.550281 -0.5204055 23.78563 4.549358 -0.5219992 23.78478 4.633654 -0.5219838 23.78473 4.639315 -0.5214791 23.78459 4.658913 -0.582716 23.73486 4.633033 -0.4137204 23.87323 4.504462 -0.5649959 23.9127 4.55125 -0.5220459 23.78481 4.445393 -0.5261067 23.78666 4.470943 -0.4821662 23.74124 4.504067 -0.5492491 23.65012 4.18677 -0.543267 23.6389 4.186272 -0.5364591 23.65046 4.190966 -0.7211838 23.52891 4.646155 -0.719053 23.52602 4.646216 -0.7179728 23.52882 4.647169 -0.7194251 23.5279 4.745155 -0.7192341 23.52573 4.706153 -0.7194637 23.52803 4.757545 -0.6019331 23.60344 4.646171 -0.8286916 23.65272 4.65745 -0.7189009 23.52711 4.530178 -0.7205298 23.52824 4.541777 -0.7194361 23.52791 4.568924 -0.06532351 25.50495 4.720064 -0.03700743 25.48868 4.719128 -0.04386795 25.5243 4.719395 -0.0326346 25.50795 5.252969 -0.02745542 25.49841 5.252823 -0.0225019 25.50875 5.252671 -0.04268646 25.50023 5.072016 -0.03047438 25.50496 5.077768 -0.04102958 25.51148 5.073966 -0.1678644 25.47239 5.3241 -0.1652212 25.47077 5.325054 -0.1660082 25.47431 5.325107 -0.04954359 25.53641 5.304902 -0.1662481 25.47215 5.432856 -0.1943385 25.52081 5.344467 -0.1625231 25.4668 5.357067 -0.1216636 25.34914 5.330411 -0.1671284 25.47155 5.201409 -0.1661919 25.47214 5.217993 -0.1661242 25.47247 5.232866 -0.04445109 25.50199 4.984578 -0.03373768 25.49843 4.982221 -0.03345858 25.51146 4.983515 0.05762707 25.44919 5.414896 0.06034447 25.45008 5.414483 0.05770101 25.45245 5.415219 0.05859855 25.45083 5.483691 0.05851336 25.45089 5.498055 0.05854001 25.45077 5.501114 -0.1039423 25.4371 5.40393 0.171367 25.58494 5.402172 0.1663075 25.34827 5.41511 0.05860333 25.4508 5.347089 0.05859135 25.45082 5.33118 0.05855548 25.45079 5.338712 -0.04346516 25.50119 5.149588 -0.03007589 25.50666 5.149956 -0.03709658 25.50872 5.141792 -0.1102974 25.67255 5.233652 -0.1073138 25.6727 5.235452 -0.1074604 25.67421 5.232898 -0.1083821 25.67314 5.314043 -0.1083136 25.67322 5.326584 -0.1097723 25.67295 5.342971 -0.2023252 25.80195 5.248417 0.01275333 25.71965 5.272021 -0.09678552 25.6786 5.122 -0.1907373 25.62655 5.206339 -0.1072128 25.67415 5.114678 -0.04471913 25.50495 5.116189 -0.03568313 25.49783 5.115072 -0.03413064 25.51097 5.120572 -0.1002457 25.37621 5.385824 -0.09712255 25.37597 5.386329 -0.09889841 25.37895 5.387175 -0.09872291 25.37706 5.502256 -0.1027211 25.37864 5.515483 -0.09767246 25.37668 5.521463 -0.09295694 25.51761 5.355767 -0.1823674 25.29605 5.353129 0.03623639 25.38215 5.344369 -0.09872956 25.37708 5.275004 -0.09882709 25.37708 5.270393 -0.09874448 25.37705 5.264895 -0.04390697 25.50892 5.04479 -0.03544603 25.49744 5.04325 -0.03222799 25.50858 5.038452 0.1539418 25.60107 5.335763 0.1554778 25.59828 5.335676 0.1568409 25.60115 5.334147 0.1562067 25.60239 5.423485 0.155452 25.60016 5.413758 0.04127369 25.60635 5.370592 0.1554596 25.60015 5.420547 0.1569758 25.64929 5.325693 0.1591915 25.4695 5.325003 0.1557013 25.5999 5.24602 0.1557857 25.61097 5.331708 -0.04223131 25.50031 5.033715 -0.03348135 25.5013 5.042097 -0.03602466 25.51295 5.036187 -0.2189365 25.55809 5.188072 -0.2177795 25.5562 5.189766 -0.2167549 25.55968 5.189756 -0.2176523 25.55809 5.264527 -0.2177388 25.55815 5.265955 -0.217745 25.55804 5.261033 -0.09529132 25.48059 5.229896 -0.1797497 25.6975 5.220494 -0.3800899 25.49908 5.198285 -0.2147138 25.55567 5.11797 -0.2177155 25.5582 5.106049 -0.2176524 25.55809 5.128693 -0.04480715 25.50176 4.951588 -0.03250124 25.50204 4.946333 -0.03426565 25.511 4.954435 0.08838304 25.2722 5.190861 0.0892885 25.27016 5.188791 0.09167739 25.27242 5.189574 0.08990851 25.27171 5.280321 0.08318719 25.25788 5.198528 0.09055247 25.26973 5.294453 0.1127453 25.24927 5.138647 0.1237634 25.388 5.188168 0.08961605 25.2713 5.092121 0.08978983 25.27163 5.103205 -0.04457853 25.50772 5.01098 -0.03713232 25.49801 5.014165 -0.03031669 25.50875 5.009804 -0.01833782 25.64359 5.323015 -0.01546319 25.64174 5.323549 -0.01484938 25.64412 5.322625 -0.0164431 25.64327 5.406922 -0.01642774 25.64323 5.412582 -0.015923 25.64309 5.43218 -0.07715989 25.59336 5.4063 0.09183566 25.73172 5.27773 -0.05943975 25.77119 5.324518 -0.01648984 25.64331 5.21866 -0.02055057 25.64515 5.24421 0.02338994 25.59973 5.277334 -0.04369301 25.50861 4.960037 -0.03771088 25.49739 4.959539 -0.03090303 25.50895 4.964233 -0.2156277 25.3874 5.419423 -0.2134969 25.38451 5.419483 -0.2124167 25.38732 5.420437 -0.213869 25.38639 5.518422 -0.213678 25.38422 5.479421 -0.2139076 25.38652 5.530812 -0.09637698 25.46193 5.419438 -0.3231355 25.51121 5.430718 -0.2133448 25.3856 5.303445 -0.2149736 25.38674 5.315044 -0.21388 25.3864 5.342191 -0.2798163 25.48609 4.681075 -0.2515002 25.46982 4.680139 -0.2583608 25.50544 4.680406 -0.2471274 25.48909 5.21398 -0.2419482 25.47955 5.213834 -0.2369947 25.48989 5.213682 -0.2591167 25.48883 4.947195 -0.2512953 25.47925 4.944453 -0.2450699 25.48984 4.949759 -0.3133074 25.32594 5.275638 -0.3115635 25.32298 5.274689 -0.3101628 25.32571 5.276022 -0.3117016 25.32484 5.381825 -0.3117003 25.32485 5.372063 -0.3116833 25.32485 5.383649 -0.4699638 25.39185 5.289628 -0.3573121 25.21455 5.31185 -0.1479926 25.39837 5.294622 -0.3116792 25.32483 5.184823 -0.311637 25.32521 5.167846 -0.3118215 25.32489 5.154086 -0.2582031 25.48978 4.946353 -0.24902 25.47894 4.94567 -0.2484951 25.49255 4.943243 -0.1308899 25.56262 5.321441 -0.1280709 25.56065 5.321011 -0.1275538 25.56318 5.320437 -0.1258696 25.56277 5.433893 -0.128303 25.5607 5.374673 -0.1324006 25.56236 5.394318 -0.1391417 25.72985 5.298537 -0.03901774 25.56177 5.231054 -0.1290603 25.56226 5.243658 -0.1291616 25.56224 5.223195 -0.1296843 25.56142 5.224931 -0.2570612 25.48238 4.991273 -0.2461532 25.48466 4.999345 -0.2541052 25.49259 4.9919 -0.4821121 25.53369 5.240227 -0.4795155 25.53378 5.242226 -0.4803038 25.53662 5.241146 -0.4806794 25.53466 5.329558 -0.4806323 25.53471 5.3241 -0.3142832 25.53641 5.262574 -0.4214154 25.67849 5.237803 -0.6003609 25.64407 5.253752 -0.4806136 25.53468 5.320265 -0.5780726 25.41213 5.260945 -0.4704151 25.41807 5.156998 -0.4806591 25.5347 5.169925 -0.4806702 25.53471 5.160109 -0.4807217 25.53472 5.163843 -0.2582715 25.48177 5.047407 -0.2445823 25.48612 5.045849 -0.2547861 25.49211 5.05085 -0.2069023 25.40742 5.209044 -0.2054328 25.40503 5.207698 -0.2034263 25.40767 5.208307 -0.1981722 25.40871 5.2905 -0.04967072 25.3795 5.210852 -0.2140523 25.40415 5.257641 -0.2856174 25.39505 5.198103 -0.2088928 25.41686 5.140082 -0.2052403 25.40673 5.146359 -0.2052442 25.40667 5.126169 -0.2589616 25.48341 5.008865 -0.2479 25.4802 5.009922 -0.2481359 25.49195 5.004631 -0.2399147 25.66099 5.331816 -0.2380665 25.65864 5.332805 -0.236343 25.66124 5.331579 -0.2380133 25.6603 5.401293 -0.2380921 25.6605 5.411925 -0.2381105 25.66032 5.402034 -0.3920708 25.62738 5.35306 -0.1810058 25.52852 5.348834 -0.143771 25.72734 5.299191 -0.2378855 25.65984 5.239883 -0.2383469 25.66041 5.254385 -0.2380985 25.66033 5.268562 -0.2561007 25.48046 4.926796 -0.2446171 25.48609 4.931706 -0.2523661 25.49337 4.931041 -0.3680005 25.39603 5.240459 -0.365015 25.39628 5.241436 -0.3667807 25.39918 5.241585 -0.366631 25.3972 5.325963 -0.3666311 25.39719 5.338501 -0.2094781 25.36482 5.240625 -0.3666642 25.39717 5.336647 -0.4600799 25.51334 5.241321 -0.4617515 25.23424 5.216734 -0.3666912 25.39719 5.140616 -0.3666242 25.39719 5.130192 -0.3666242 25.39719 5.151695 -0.256135 25.49188 5.06119 -0.2518838 25.47862 5.058808 -0.2451367 25.48609 5.055654 -0.1413583 25.48002 5.248277 -0.139108 25.47932 5.24715 -0.139355 25.48276 5.247339 -0.1399287 25.48096 5.325596 -0.1326161 25.48053 5.326781 -0.1363288 25.47533 5.208613 -0.05186438 25.44102 5.232055 -0.1425151 25.4836 5.264431 -0.1398404 25.4814 5.162067 -0.1399357 25.48093 5.161807 -0.2571141 25.49063 4.980535 -0.2535751 25.47872 4.985458 -0.2446927 25.48893 4.985212 -0.4161713 25.64005 5.390707 -0.4135231 25.63796 5.392246 -0.4134915 25.64091 5.391336 -0.4174411 25.6485 5.471061 -0.4144863 25.63955 5.488991 -0.4146498 25.63918 5.477556 -0.3773378 25.50475 5.368189 -0.4142743 25.64279 5.305286 -0.540253 25.70345 5.391031 -0.4146449 25.63915 5.302427 -0.4145804 25.6391 5.309031 -0.2593374 25.48611 5.086839 -0.2456086 25.48246 5.084015 -0.2479963 25.49111 5.090696 -0.2528199 25.26917 5.323676 -0.2510522 25.26695 5.321964 -0.2492429 25.26896 5.323503 -0.2494018 25.27325 5.359271 -0.1965599 25.23668 5.390821 -0.2508576 25.26844 5.440127 -0.2511516 25.26836 5.458916 -0.3200817 25.23145 5.315248 -0.2510396 25.26865 5.195091 -0.2512127 25.26795 5.200326 -1.405897 20.53029 21.58264 -1.385142 20.51879 21.5821 -1.390533 20.54459 21.58226 -1.382186 20.53284 21.88752 -1.378315 20.52597 21.88744 -1.374835 20.53354 21.88735 -1.390607 20.53351 21.75478 -1.385414 20.52517 21.75404 -1.380518 20.53286 21.75291 -1.303394 20.54381 21.98593 -1.302201 20.54166 21.98577 -1.301169 20.54403 21.98551 -1.302222 20.54315 22.03356 -1.302061 20.54335 22.04702 -1.327674 20.5215 22.01827 -1.387195 20.62862 22.00175 -1.192593 20.58931 21.96311 -1.302225 20.54337 21.92444 -1.376689 20.52382 21.93768 -1.302178 20.5431 21.93258 -1.390508 20.53053 21.77046 -1.38356 20.52607 21.77387 -1.384278 20.53603 21.77138 -1.513079 20.61376 21.96036 -1.512311 20.61151 21.96114 -1.51102 20.61362 21.96111 -1.511534 20.61264 22.01476 -1.479557 20.70764 21.95806 -1.512937 20.61359 21.99414 -1.444094 20.54551 21.95211 -1.511641 20.61189 21.91008 -1.512444 20.61323 21.91607 -1.513857 20.60825 21.95549 -1.390224 20.53305 21.77908 -1.385589 20.52512 21.7765 -1.381024 20.53387 21.77891 -1.373364 20.44442 21.92907 -1.372094 20.4425 21.92844 -1.370772 20.44428 21.92891 -1.3721 20.44377 21.98074 -1.372093 20.44376 21.97918 -1.303342 20.44529 21.97287 -1.372155 20.4437 21.98762 -1.397509 20.32839 21.92602 -1.393345 20.5484 21.889 -1.454919 20.49574 21.94337 -1.370613 20.44511 21.87004 -1.372084 20.44376 21.88283 -1.372107 20.44375 21.87063 -1.387177 20.52656 21.76513 -1.380381 20.53069 21.76136 -1.387364 20.53533 21.76088 -1.300538 20.69539 21.93597 -1.299001 20.69358 21.93646 -1.298414 20.69558 21.93532 -1.299297 20.69483 21.97672 -1.299264 20.69482 21.98147 -1.21905 20.77494 21.95275 -1.299296 20.69484 21.97931 -1.305972 20.66998 21.98854 -1.284786 20.80195 21.92543 -1.243068 20.58989 21.92224 -1.304413 20.69484 21.90041 -1.29931 20.69485 21.88325 -1.299297 20.69483 21.88086 -1.389527 20.52785 21.7526 -1.380734 20.52774 21.75581 -1.386614 20.53617 21.75459 -1.478532 20.50355 21.88421 -1.477991 20.50152 21.88418 -1.476247 20.50273 21.88495 -1.479886 20.50369 21.89609 -1.476916 20.49998 21.94089 -1.477401 20.5026 21.93208 -1.336108 20.48911 21.88003 -1.485507 20.58922 21.87941 -1.477492 20.50332 21.83165 -1.477458 20.50273 21.84083 -1.47775 20.49944 21.8742 -1.388288 20.53312 21.82012 -1.387315 20.52531 21.81667 -1.381237 20.53347 21.8152 -1.305846 20.49007 21.87621 -1.304087 20.49016 21.87498 -1.304329 20.49211 21.87584 -1.304763 20.49077 21.91703 -1.304268 20.49087 21.92911 -1.20991 20.54005 21.87268 -1.304688 20.49059 21.92722 -1.30704 20.49435 21.87185 -1.307263 20.50002 21.86055 -1.285704 20.47612 21.86662 -1.390279 20.52793 21.71842 -1.380543 20.52785 21.71957 -1.386102 20.53597 21.7171 -1.424394 20.60419 21.88671 -1.423968 20.60241 21.88716 -1.421889 20.60383 21.88708 -1.423004 20.60325 21.95338 -1.424006 20.60307 21.94084 -1.35508 20.66622 21.87219 -1.423746 20.60435 21.9484 -1.393971 20.52325 21.85494 -1.4245 20.60416 21.83571 -1.423304 20.60356 21.82694 -1.423249 20.60355 21.82594 -1.38791 20.5261 21.75346 -1.380215 20.52866 21.75506 -1.388586 20.53502 21.7558 -1.422921 20.4438 21.91721 -1.42108 20.44545 21.91788 -1.423098 20.44603 21.91781 -1.422513 20.44412 21.97712 -1.422334 20.44492 21.96081 -1.422314 20.44499 21.97038 -1.495515 20.52165 21.92059 -1.329719 20.48357 21.91438 -1.463234 20.35122 21.9063 -1.422593 20.44496 21.86048 -1.422326 20.44495 21.86884 -1.42235 20.44502 21.87092 -1.390421 20.52758 21.80877 -1.380838 20.52799 21.8071 -1.385083 20.53619 21.807 -1.332519 20.5636 21.97389 -1.331457 20.56155 21.97392 -1.330122 20.5637 21.97347 -1.331342 20.56295 22.0243 -1.330195 20.56318 22.03784 -1.328485 20.59348 22.0232 -1.31401 20.47316 22.00372 -1.421808 20.56701 21.94361 -1.330145 20.56478 21.90166 -1.328797 20.55419 21.91036 -1.331388 20.56299 21.90616 -1.558731 22.3433 11.62608 -1.552872 22.36741 11.62551 -1.577397 22.35484 11.62567 -1.567853 22.36651 11.94491 -1.561996 22.37231 11.94482 -1.570591 22.37373 11.94473 -1.56512 22.35781 11.78529 -1.559794 22.36555 11.78365 -1.568842 22.36785 11.78683 -1.434793 22.35287 11.9818 -1.433003 22.35477 11.98123 -1.435292 22.35521 11.98203 -1.434333 22.35427 12.04533 -1.43434 22.35427 12.03949 -1.434341 22.35428 12.04642 -1.449616 22.2246 11.99017 -1.344194 22.34442 12.00346 -1.522724 22.45808 11.99316 -1.434331 22.35429 11.92746 -1.434616 22.35424 11.91731 -1.434342 22.35417 11.90907 -1.566009 22.35828 11.78479 -1.560048 22.36728 11.78438 -1.570093 22.36477 11.78293 -1.64617 22.43569 12.0092 -1.645331 22.43816 12.00894 -1.647291 22.438 12.0086 -1.647347 22.43932 12.07648 -1.64532 22.43798 12.04105 -1.64566 22.43464 12.0528 -1.766414 22.39416 11.9955 -1.665058 22.50288 11.95512 -1.646299 22.4371 11.96267 -1.646266 22.43703 11.95042 -1.645555 22.43682 11.95146 -1.560855 22.36068 11.81166 -1.564835 22.36816 11.81649 -1.568931 22.36067 11.81204 -1.550502 22.18562 11.96061 -1.551117 22.1875 11.96181 -1.553025 22.18632 11.96116 -1.551516 22.18646 12.01406 -1.551562 22.18648 12.01079 -1.588118 22.30747 11.97398 -1.669016 22.19916 11.95916 -1.605917 22.07593 11.9687 -1.551541 22.1865 12.0085 -1.441452 22.14143 11.97301 -1.468643 22.2187 11.91082 -1.551546 22.18647 11.91855 -1.55155 22.18646 11.91268 -1.551545 22.18642 11.91491 -1.56015 22.35993 11.84525 -1.566228 22.36899 11.84432 -1.568432 22.36028 11.84731 -1.516824 22.41319 11.94196 -1.515387 22.41477 11.94115 -1.517743 22.41567 11.94151 -1.519613 22.41928 11.99069 -1.529836 22.53381 11.94304 -1.512919 22.40867 11.97103 -1.491087 22.35839 11.93541 -1.523288 22.40973 11.9007 -1.516674 22.41454 11.90445 -1.516625 22.41456 11.89237 -1.561199 22.35908 11.82219 -1.56121 22.36783 11.82282 -1.569731 22.36516 11.81966 -1.694785 22.33527 12.01541 -1.693462 22.33712 12.016 -1.695725 22.33782 12.01527 -1.694687 22.3368 12.05698 -1.694815 22.3367 12.06334 -1.694679 22.33673 12.05742 -1.637961 22.23141 12.02812 -1.610658 22.40637 12.02559 -1.763595 22.39132 11.99589 -1.694379 22.33699 11.96041 -1.694697 22.33654 11.96908 -1.694688 22.33674 11.97757 -1.559653 22.36179 11.77309 -1.566204 22.36897 11.77603 -1.569864 22.36178 11.77563 -1.474312 22.29809 11.96075 -1.475126 22.30021 11.96134 -1.476864 22.29831 11.96142 -1.475453 22.29884 12.01191 -1.475444 22.29884 12.01941 -1.485197 22.42035 11.96085 -1.475422 22.29882 12.0183 -1.540332 22.20601 11.96127 -1.336385 22.26405 11.94656 -1.475432 22.2988 11.90102 -1.475446 22.29885 11.89478 -1.475446 22.29885 11.90764 -1.567983 22.35934 11.8535 -1.55921 22.36526 11.85207 -1.566094 22.36859 11.85018 -1.583698 22.44559 11.96543 -1.58366 22.44738 11.96475 -1.586119 22.44647 11.96487 -1.584682 22.44643 12.01169 -1.585927 22.45185 12.0124 -1.58134 22.45025 11.9417 -1.574246 22.51915 11.95572 -1.586061 22.44398 11.97509 -1.585023 22.4464 11.91385 -1.584666 22.44643 11.91369 -1.566857 22.35889 11.80524 -1.558921 22.364 11.80819 -1.568259 22.36831 11.80804 -1.642091 22.21114 12.05064 -1.641124 22.21352 12.05156 -1.643281 22.21292 12.05102 -1.647979 22.20842 12.09872 -1.642082 22.21248 12.10945 -1.641776 22.21244 12.1026 -1.551639 22.26819 12.03717 -1.644493 22.21194 11.99954 -1.661992 22.10717 12.05084 -1.641759 22.21245 11.99783 -1.641735 22.2125 12.00178 -1.563094 22.35823 11.86884 -1.563346 22.36902 11.86715 -1.569147 22.36544 11.87115 -1.406221 22.40904 12.01054 -1.404982 22.4108 12.00952 -1.406827 22.4117 12.01044 -1.409924 22.41067 12.03184 -1.394469 22.45698 12.05071 -1.406107 22.41063 12.08021 -1.405987 22.41043 12.09145 -1.364425 22.36799 12.0055 -1.406219 22.41045 11.93361 -1.405672 22.41048 11.93674 -0.2254239 27.11049 23.74698 -0.2226106 27.09667 23.74666 -0.2130345 27.10906 23.74675 -0.2151236 27.10075 23.92815 -0.2167339 27.09635 23.9281 -0.2119706 27.0977 23.92805 -0.219829 27.10179 23.86382 -0.2161528 27.09906 23.86087 -0.2165438 27.10453 23.86261 -0.1166864 27.05535 23.95066 -0.115919 27.05453 23.94998 -0.1154686 27.05583 23.95007 -0.1149786 27.05771 23.94024 -0.1160286 27.05525 23.97558 -0.1510607 27.10051 23.94003 -0.117366 27.05609 23.98209 -0.1108938 27.00299 23.94603 -0.1159421 27.05512 23.92367 -0.1160225 27.05525 23.92576 -0.1160296 27.05525 23.92296 -0.2178175 27.10427 23.84938 -0.2202988 27.09967 23.85058 -0.2142267 27.10043 23.85123 -0.2375878 27.14553 23.91722 -0.2363089 27.14484 23.91764 -0.2364783 27.14609 23.91719 -0.2367499 27.14537 23.95368 -0.2370351 27.14596 23.95818 -0.23679 27.14539 23.95126 -0.2158163 27.08597 23.9166 -0.2369582 27.14654 23.89256 -0.2939187 27.13687 23.91201 -0.1759989 27.15748 23.90181 -0.2367906 27.14539 23.88079 -0.2367906 27.14539 23.88079 -0.2205555 27.10132 23.85067 -0.2164116 27.0986 23.85023 -0.2163671 27.10385 23.85269 -0.2445177 27.04038 23.91904 -0.2440525 27.03935 23.91865 -0.2430091 27.03999 23.91916 -0.2437562 27.03995 23.94996 -0.2437878 27.03997 23.94527 -0.173977 27.04758 23.92004 -0.2439068 27.04005 23.9506 -0.2431822 26.98647 23.91513 -0.2349742 27.10973 23.91642 -0.304983 27.04361 23.90683 -0.2437877 27.03997 23.8914 -0.2439797 27.04011 23.89378 -0.2438446 27.03994 23.88928 -0.2202657 27.10294 23.87232 -0.2165007 27.09804 23.87197 -0.2154414 27.10341 23.87046 -0.1375658 27.14739 23.98635 -0.1365997 27.14644 23.98619 -0.1362678 27.14776 23.9858 -0.1368117 27.14721 24.01032 -0.1368116 27.14722 24.0113 -0.13685 27.14699 24.01603 -0.139174 27.07647 23.9824 -0.2011848 27.17039 23.9961 -0.08142727 27.19452 23.99575 -0.07528428 27.12738 23.97094 -0.1367253 27.14787 23.95811 -0.1369479 27.14714 23.95534 -0.136813 27.14721 23.96089 -0.2176854 27.1047 23.83685 -0.2196975 27.09884 23.83673 -0.2147267 27.10071 23.83853 -0.3155217 27.13079 23.96146 -0.315119 27.12942 23.96178 -0.3145178 27.13083 23.96186 -0.3150369 27.13024 23.99337 -0.2484738 27.13978 23.96086 -0.3150433 27.13025 23.9922 -0.3152106 27.13006 24.00166 -0.338078 27.18813 23.968 -0.3676735 27.08551 23.95132 -0.3150436 27.13024 23.92752 -0.3150312 27.13032 23.92775 -0.3150379 27.13024 23.93203 -0.2190663 27.10328 23.85652 -0.2188467 27.09877 23.85407 -0.214456 27.10113 23.85387 -0.1714354 27.02863 23.92717 -0.1725052 27.02753 23.92694 -0.1713763 27.02751 23.92656 -0.170637 27.02763 23.96812 -0.1717877 27.02797 23.95647 -0.1731469 27.02824 23.96336 -0.133137 26.98292 23.92928 -0.1888503 27.07669 23.92947 -0.171497 27.02785 23.89025 -0.1865805 26.97719 23.90059 -0.1726944 27.03022 23.89192 -0.2175181 27.10445 23.86503 -0.220166 27.09947 23.86687 -0.2144133 27.1003 23.86634 -0.2112854 27.15487 23.94438 -0.2116725 27.15369 23.94481 -0.2102223 27.15383 23.9447 -0.2111682 27.15462 23.9624 -0.212671 27.15177 23.94237 -0.2111072 27.153 23.93489 -0.2119344 27.15567 23.93467 -0.219582 27.10386 23.83245 -0.2180695 27.09853 23.83163 -0.2150891 27.10306 23.83392 -0.2895627 27.05232 23.93279 -0.2898885 27.05104 23.93234 -0.2885932 27.05136 23.93291 -0.2893486 27.05156 23.9537 -0.2893486 27.05156 23.96161 -0.2312632 27.06085 23.93556 -0.3317932 27.08542 23.93645 -0.2897822 27.05129 23.96096 -0.2907266 26.97764 23.92891 -0.2893374 27.05157 23.90832 -0.2897661 27.05192 23.90309 -0.2893542 27.05156 23.90821 -0.2193517 27.10158 23.86461 -0.2168877 27.09824 23.86202 -0.2161546 27.10438 23.8617 -0.1127315 27.09459 23.91971 -0.11195 27.09385 23.91891 -0.1119159 27.09522 23.91897 -0.1116394 27.09452 23.9549 -0.1130608 27.0945 23.9424 -0.1122862 27.09396 23.94606 -0.03575173 27.07796 23.91823 -0.1239113 27.15662 23.91516 -0.1130865 27.09467 23.89358 -0.1119611 27.09425 23.88885 -0.110852 27.09395 23.88594 -0.3623242 27.29303 17.90305 -0.3721424 27.2696 17.90248 -0.3453201 27.27835 17.90264 -0.3568527 27.26809 18.22944 -0.363712 27.26317 18.22935 -0.3552516 27.26035 18.22926 -0.360267 27.27662 18.14561 -0.3640994 27.269 18.14958 -0.3538147 27.27048 18.14644 -0.3084214 27.35293 18.25153 -0.3106735 27.35196 18.25248 -0.3083331 27.35076 18.25238 -0.297985 27.34781 18.32584 -0.3122875 27.35358 18.31879 -0.3091635 27.3519 18.30812 -0.3365952 27.23953 18.27279 -0.3083694 27.35249 18.18326 -0.3061658 27.35252 18.22515 -0.3486661 27.34993 18.23547 -0.3620138 27.27683 18.06397 -0.3629986 27.26818 18.06233 -0.3554999 27.26881 18.06726 -0.5201488 27.24434 18.19222 -0.5201427 27.24161 18.19191 -0.5187368 27.24225 18.19291 -0.5270919 27.24909 18.20129 -0.5197663 27.2429 18.23693 -0.5197511 27.24291 18.24688 -0.5819607 27.12314 18.21463 -0.617103 27.32961 18.20336 -0.5124675 27.24175 18.14993 -0.5162075 27.24274 18.13795 -0.5198738 27.24292 18.14234 -0.3603284 27.27704 18.09291 -0.3624364 27.26603 18.09188 -0.3545679 27.26962 18.09009 -0.2595955 27.22218 18.26523 -0.2615221 27.22019 18.2655 -0.259341 27.21963 18.26477 -0.2589036 27.22059 18.32932 -0.2601609 27.22069 18.31223 -0.2601774 27.22126 18.32712 -0.2382269 27.11509 18.2611 -0.1717273 27.27705 18.2772 -0.2595467 27.21947 18.20584 -0.2601518 27.22072 18.21571 -0.3763665 27.2435 18.2471 -0.2601679 27.22069 18.2194 -0.3613994 27.27665 18.04641 -0.3619044 27.26632 18.04923 -0.3542346 27.26944 18.04902 -0.3946207 27.38688 18.26151 -0.3954537 27.38445 18.26211 -0.3930121 27.38573 18.26196 -0.3944567 27.38552 18.31381 -0.3942104 27.38556 18.32369 -0.3943897 27.38558 18.31617 -0.3708133 27.26403 18.26634 -0.3489658 27.47699 18.24821 -0.5110085 27.43584 18.23902 -0.394455 27.38553 18.20135 -0.3944632 27.38582 18.19936 -0.394469 27.3855 18.21203 -0.3565519 27.27631 18.04444 -0.3649802 27.27384 18.04302 -0.3589053 27.26579 18.04195 -0.4076295 27.17988 18.27018 -0.4073799 27.17735 18.26968 -0.4053063 27.17904 18.27026 -0.4069599 27.17807 18.34567 -0.4067505 27.17867 18.34951 -0.4118939 27.20247 18.35764 -0.4077158 27.1774 18.21443 -0.3227842 27.20155 18.2564 -0.4958564 27.18592 18.23802 -0.4078399 27.17796 18.19282 -0.4066347 27.17909 18.19743 -0.362994 27.27678 18.06127 -0.3614779 27.26652 18.06271 -0.354401 27.27061 18.0587 -0.2008946 27.3464 18.24449 -0.2017071 27.34426 18.24531 -0.1997809 27.3438 18.24454 -0.2007163 27.34497 18.29011 -0.1667707 27.23626 18.24322 -0.200693 27.34496 18.30333 -0.1996205 27.34563 18.30987 -0.09423089 27.44694 18.25006 -0.207594 27.33885 18.24061 -0.1992339 27.34489 18.16917 -0.199375 27.3461 18.17565 -0.3569546 27.27687 18.0781 -0.3651722 27.26991 18.07596 -0.3564644 27.26728 18.07983 -0.5221872 27.33848 18.29068 -0.5237966 27.33666 18.29033 -0.5216662 27.33588 18.2913 -0.5225266 27.33701 18.35087 -0.4724631 27.24279 18.30155 -0.5223136 27.33688 18.36328 -0.5227636 27.33699 18.36193 -0.6132594 27.39318 18.27838 -0.4601441 27.41801 18.27474 -0.5217813 27.33642 18.22244 -0.5225251 27.33701 18.23246 -0.522742 27.33698 18.22072 -0.3580038 27.2771 18.05407 -0.3642621 27.26782 18.05283 -0.3542565 27.26942 18.05203 -0.3023921 27.16538 18.31614 -0.3003189 27.16365 18.31553 -0.299891 27.16579 18.31594 -0.2983018 27.15986 18.37796 -0.301079 27.16503 18.37009 -0.3009407 27.16355 18.32942 -0.2371842 27.07847 18.31637 -0.2916234 27.23673 18.30439 -0.3013103 27.1656 18.25802 -0.301047 27.16487 18.26631 -0.2998554 27.1637 18.26013 -0.3579784 27.27694 18.083 -0.3653808 27.27087 18.08481 -0.3558039 27.26647 18.08532 -0.3419373 27.35278 18.26288 -0.3422424 27.35084 18.26335 -0.3396127 27.35131 18.2631 -0.3410686 27.35166 18.31804 -0.3412514 27.35138 18.33701 -0.2886801 27.24296 18.23417 -0.3409835 27.35166 18.32625 -0.4268444 27.34015 18.29291 -0.2931666 27.4666 18.27332 -0.3496853 27.35115 18.20106 -0.3410174 27.35164 18.19331 -0.3410612 27.35165 18.20008 -0.4575481 27.40061 15.95491 -0.4588086 27.41723 15.95454 -0.4718665 27.40411 15.95464 -0.4681911 27.41354 16.16904 -0.4656535 27.41846 16.16898 -0.4714382 27.41759 16.16892 -0.4628255 27.41164 16.09301 -0.4667339 27.41538 16.08953 -0.4670827 27.40891 16.09158 -0.5769267 27.48131 16.19565 -0.5777063 27.48238 16.19485 -0.5784251 27.48093 16.19495 -0.5792771 27.4788 16.18334 -0.5776831 27.48153 16.2251 -0.5432796 27.42329 16.18308 -0.5762387 27.48035 16.23279 -0.5759938 27.54357 16.19017 -0.5777651 27.4817 16.16374 -0.5776905 27.48153 16.16622 -0.5776818 27.48153 16.16291 -0.4655511 27.40902 16.07594 -0.4619621 27.41405 16.07736 -0.4691945 27.41406 16.07813 -0.4484539 27.35773 16.15612 -0.4498526 27.35872 16.15662 -0.4498389 27.35722 16.15609 -0.4494138 27.35803 16.19922 -0.4491664 27.3573 16.20453 -0.4493694 27.358 16.19636 -0.4651978 27.43077 16.15539 -0.4493425 27.35662 16.12697 -0.3811192 27.35956 16.14997 -0.5224424 27.35279 16.13791 -0.4493685 27.35801 16.11306 -0.4493685 27.35801 16.11307 -0.4619039 27.41208 16.07747 -0.4663632 27.41588 16.07694 -0.4671892 27.40973 16.07986 -0.4248122 27.48001 16.15827 -0.4252065 27.48128 16.15781 -0.4265241 27.48068 16.15841 -0.4256415 27.48062 16.19482 -0.425607 27.4806 16.18928 -0.5085962 27.48197 16.15946 -0.4254796 27.48049 16.19557 -0.4184231 27.54343 16.15365 -0.4462376 27.40008 16.15518 -0.3543817 27.4673 16.14384 -0.4256072 27.4806 16.1256 -0.4254033 27.4804 16.12842 -0.425537 27.48062 16.1231 -0.4624829 27.41023 16.10306 -0.4661749 27.41653 16.10264 -0.4682107 27.41038 16.10086 -0.5660237 27.37029 16.23783 -0.5670162 27.37155 16.23764 -0.5676 27.37005 16.23718 -0.5668817 27.37062 16.26617 -0.566882 27.37061 16.26733 -0.566804 27.37087 16.27291 -0.5536725 27.45323 16.23317 -0.4948116 27.33394 16.24936 -0.6388099 27.32332 16.24894 -0.6361075 27.40295 16.21961 -0.5670803 27.36985 16.20445 -0.5667111 27.37068 16.20118 -0.5668797 27.37062 16.20773 -0.4657695 27.40853 16.06113 -0.4625448 27.41511 16.06099 -0.4686496 27.41366 16.06312 -0.3548881 27.3635 16.20841 -0.3551581 27.36517 16.20879 -0.3560711 27.36361 16.20888 -0.3553756 27.36422 16.24613 -0.4348405 27.36286 16.20771 -0.3553691 27.36421 16.24475 -0.3551444 27.36441 16.25593 -0.3368977 27.29293 16.21615 -0.2870491 27.40891 16.19643 -0.3553672 27.36422 16.1683 -0.3553938 27.36413 16.16857 -0.3553745 27.36422 16.17363 -0.4639397 27.41 16.08438 -0.4635318 27.41532 16.08149 -0.4690292 27.4132 16.08125 -0.5087812 27.50457 16.16789 -0.5073641 27.5057 16.16762 -0.5086844 27.50589 16.16717 -0.5095694 27.50586 16.21629 -0.5082706 27.50529 16.20252 -0.5067155 27.50478 16.21066 -0.5469474 27.56383 16.17038 -0.4954502 27.44564 16.17061 -0.5085933 27.50548 16.12424 -0.4834303 27.56265 16.13647 -0.5075397 27.50251 16.12622 -0.4659277 27.40886 16.09444 -0.4620883 27.41431 16.09662 -0.468957 27.41418 16.09599 -0.4806769 27.35065 16.18823 -0.4800493 27.35197 16.18873 -0.4817707 27.35202 16.1886 -0.4807781 27.35096 16.20953 -0.4785954 27.35408 16.18585 -0.4806107 27.35286 16.17701 -0.4800339 27.34962 16.17675 -0.4634209 27.40924 16.05594 -0.4644086 27.41571 16.05497 -0.4685712 27.41085 16.05767 -0.3737512 27.45935 16.17453 -0.3731796 27.46081 16.174 -0.3747465 27.46062 16.17467 -0.3738898 27.46028 16.19925 -0.3738898 27.46028 16.2086 -0.4433754 27.45796 16.1778 -0.3291116 27.41431 16.17885 -0.3733413 27.46053 16.20782 -0.3613667 27.54676 16.16994 -0.3739037 27.46027 16.14561 -0.373453 27.4598 16.13942 -0.3738828 27.46028 16.14548 -0.4633544 27.41195 16.09394 -0.4657513 27.41623 16.09088 -0.4675163 27.40914 16.0905 -0.5873549 27.43588 16.15907 -0.5881623 27.43686 16.15812 -0.5884046 27.43526 16.15819 -0.5886257 27.43612 16.20066 -0.586955 27.43594 16.18589 -0.5877838 27.43669 16.19021 -0.6751738 27.46674 16.15731 -0.583397 27.36149 16.15369 -0.5869504 27.43573 16.12818 -0.5882079 27.43639 16.12259 -0.5894641 27.43691 16.11916 -0.4588486 27.41784 15.95492 -0.4729769 27.40756 15.95453 -0.4540839 27.40314 15.95464 -0.4645225 27.40122 16.17942 -0.4703112 27.40078 16.17936 -0.4663414 27.3961 16.1793 -0.4614572 27.40664 16.08168 -0.468635 27.40576 16.08113 -0.4650276 27.4001 16.0803 -0.4817039 27.34522 16.25189 -0.4835093 27.34509 16.25177 -0.4822494 27.34367 16.25158 -0.4825073 27.34464 16.28696 -0.4824249 27.34447 16.29687 -0.4890422 27.36836 16.2757 -0.399034 27.37478 16.26353 -0.4857907 27.25711 16.23508 -0.4823619 27.34458 16.20661 -0.4722501 27.40036 16.21636 -0.4825533 27.34463 16.2126 -0.4634727 27.40749 16.09323 -0.4686103 27.40424 16.09574 -0.4617378 27.40162 16.0939 -0.3698011 27.46342 16.23306 -0.3715401 27.46361 16.23363 -0.3705382 27.46209 16.23361 -0.3710272 27.46274 16.27312 -0.3175659 27.41185 16.23137 -0.3699574 27.46338 16.25793 -0.4368073 27.4386 16.22698 -0.3714988 27.46304 16.19604 -0.3703525 27.46316 16.20044 -0.3732356 27.46565 16.22947 -0.4618791 27.40652 16.09958 -0.4686171 27.40589 16.09767 -0.4641914 27.40012 16.09944 -0.5262769 27.42283 16.21002 -0.5279546 27.42258 16.20955 -0.5271793 27.42115 16.2099 -0.527106 27.42219 16.24806 -0.5271185 27.42219 16.24691 -0.5474765 27.37583 16.24227 -0.5271336 27.42225 16.25313 -0.5962144 27.47503 16.20777 -0.4506627 27.40383 16.18051 -0.4666602 27.4613 16.22055 -0.5266772 27.42078 16.16655 -0.5271203 27.42218 16.17597 -0.5271199 27.4222 16.16699 -0.4671582 27.4065 16.0893 -0.4665157 27.40069 16.08652 -0.4612482 27.4039 16.08617 -0.3814201 27.29617 16.21509 -0.3831035 27.29571 16.21546 -0.3819543 27.2947 16.21462 -0.3821756 27.29552 16.2451 -0.3821937 27.2955 16.24861 -0.3536656 27.21704 16.22745 -0.3821735 27.29552 16.24701 -0.3966899 27.3077 16.25381 -0.3151947 27.25252 16.20733 -0.46971 27.29063 16.20499 -0.3805834 27.29893 16.18891 -0.3821637 27.29552 16.17628 -0.3821756 27.29552 16.17452 -0.4655655 27.40767 16.08007 -0.4683774 27.40184 16.08244 -0.4609197 27.40314 16.08154 -0.454104 27.47464 16.17698 -0.4556266 27.47491 16.17696 -0.4553613 27.47337 16.17753 -0.4535938 27.4755 16.18573 -0.4569946 27.47467 16.21872 -0.4550954 27.47418 16.21223 -0.5080399 27.38407 16.1739 -0.394754 27.45265 16.17345 -0.4545823 27.47401 16.13828 -0.454987 27.47417 16.14504 -0.4570949 27.47539 16.16962 -0.4624351 27.40521 16.12979 -0.4679488 27.40699 16.12725 -0.4643957 27.40039 16.12617 -0.5168108 27.36357 16.1711 -0.5172985 27.36237 16.17019 -0.515921 27.36192 16.17082 -0.5166797 27.36263 16.20115 -0.5167679 27.36227 16.21005 -0.5132842 27.28399 16.1685 -0.5168225 27.36264 16.20866 -0.5135839 27.36304 16.16788 -0.5097243 27.36142 16.15956 -0.5323821 27.35446 16.16403 -0.4652775 27.40815 16.0549 -0.4683647 27.40168 16.05575 -0.461211 27.40286 16.05393 -0.4037685 27.4072 16.17882 -0.4050892 27.40747 16.17916 -0.4047886 27.40564 16.1791 -0.4048325 27.40657 16.22791 -0.4046388 27.40729 16.21869 -0.3839228 27.34165 16.16814 -0.4038637 27.40672 16.22425 -0.4672546 27.41207 16.15543 -0.4037567 27.40728 16.14127 -0.4045332 27.40667 16.13481 -0.4045563 27.40664 16.13408 -0.467236 27.40714 16.08071 -0.4679224 27.40121 16.08188 -0.4610763 27.40482 16.08243 -0.5112792 27.4561 16.20129 -0.5107514 27.45436 16.20178 -0.5097395 27.45553 16.20172 -0.511198 27.45573 16.2454 -0.5107168 27.45536 16.23339 -0.510673 27.45532 16.24043 -0.4367412 27.48034 16.20378 -0.5137258 27.38153 16.1992 -0.5605389 27.5118 16.19325 -0.5106096 27.45552 16.15951 -0.5107014 27.45535 16.16567 -0.5106467 27.45534 16.1672 -0.465468 27.40835 16.12143 -0.4681788 27.40183 16.12021 -0.4613807 27.40211 16.12013 -0.4594338 27.3585 16.24302 -0.4611333 27.35843 16.24304 -0.4601115 27.35687 16.24271 -0.4602365 27.35792 16.28014 -0.4604411 27.35709 16.29011 -0.4407488 27.34652 16.27933 -0.5255547 27.37428 16.26499 -0.4293904 27.41704 16.22073 -0.4593855 27.35655 16.18983 -0.4668735 27.35895 16.19624 -0.4601932 27.35794 16.19315 -0.310831 20.12535 11.626 -0.2964603 20.13787 11.62557 -0.3174179 20.14087 11.62569 -0.3062563 20.14395 11.87094 -0.3000078 20.14499 11.87087 -0.3047705 20.1497 11.8708 -0.3091017 20.13865 11.77762 -0.3012116 20.13895 11.7756 -0.3062873 20.14504 11.77579 -0.2313851 20.19218 11.93092 -0.2300206 20.19329 11.93038 -0.2320111 20.19374 11.9308 -0.2239672 20.18863 11.97148 -0.2318913 20.19347 11.97578 -0.2297021 20.19347 11.97109 -0.275911 20.24617 11.92085 -0.2300351 20.19325 11.8845 -0.2310484 20.19317 11.88926 -0.2311845 20.19231 11.8898 -0.3057289 20.13626 11.80492 -0.3038799 20.14242 11.80758 -0.3067619 20.14376 11.80236 -0.4342851 20.14692 11.84239 -0.4336789 20.14846 11.84331 -0.4344068 20.14869 11.84199 -0.4340473 20.14781 11.89456 -0.4347146 20.14889 11.89712 -0.4345109 20.14782 11.89185 -0.4836859 20.21555 11.85507 -0.448294 20.06972 11.84714 -0.3612907 20.1832 11.84455 -0.3742456 20.117 11.81527 -0.4570428 20.1582 11.79602 -0.4340915 20.14791 11.79394 -0.4341169 20.14802 11.80017 -0.4341418 20.14803 11.79611 -0.3052218 20.13769 11.7725 -0.3017718 20.14299 11.7742 -0.3080126 20.14211 11.77731 -0.2087622 20.02618 11.8572 -0.2083794 20.02762 11.85799 -0.2100556 20.02668 11.85833 -0.2090809 20.02682 11.89545 -0.2090692 20.02681 11.89258 -0.2090799 20.02683 11.90127 -0.3155284 19.98825 11.86717 -0.1987362 20.08617 11.86365 -0.1831254 19.96027 11.85467 -0.2086942 20.02675 11.81402 -0.2066963 20.03242 11.81134 -0.2091014 20.02678 11.82248 -0.3081561 20.13828 11.76758 -0.3012408 20.14013 11.76616 -0.3068753 20.14391 11.76321 -0.3054913 20.28499 11.86294 -0.3057085 20.28643 11.86182 -0.3070184 20.28548 11.86256 -0.3057567 20.28748 11.89854 -0.3064108 20.28552 11.92161 -0.3045912 20.28718 11.8845 -0.3387975 20.22006 11.86131 -0.3058799 20.28581 11.80503 -0.3020149 20.30468 11.80761 -0.3059399 20.28558 11.80879 -0.3046012 20.13687 11.78942 -0.3022646 20.14303 11.7926 -0.3096309 20.14231 11.78977 -0.4018473 20.03452 11.93301 -0.4004187 20.03417 11.93338 -0.4009937 20.03598 11.93387 -0.4011058 20.03503 11.96537 -0.4017633 20.03528 11.97243 -0.4043774 20.03535 11.91253 -0.3987271 20.03502 11.97805 -0.3781108 20.11623 11.92732 -0.4013811 20.03556 11.91901 -0.3990718 20.03362 11.91045 -0.3029285 20.13739 11.7768 -0.3040687 20.14494 11.7771 -0.309579 20.14186 11.77883 -0.2094387 20.14255 11.93896 -0.208193 20.14418 11.93856 -0.2097267 20.14443 11.93903 -0.2090796 20.14358 11.99077 -0.2231528 20.15969 11.97309 -0.2091056 20.14342 12.00069 -0.1475753 20.21527 11.93122 -0.2339042 20.05094 11.93223 -0.2083801 20.14304 11.88082 -0.210433 20.1439 11.88147 -0.2091799 20.14355 11.88963 -0.3053512 20.13649 11.75159 -0.3020998 20.14415 11.75084 -0.3092594 20.14176 11.74908 -0.4253232 20.22646 11.94109 -0.4236073 20.22766 11.94137 -0.4252554 20.22808 11.94074 -0.4072067 20.30131 11.96358 -0.4247077 20.22737 11.98386 -0.4236395 20.22625 11.96948 -0.4245704 20.22735 11.98684 -0.4985527 20.19047 11.93599 -0.4264465 20.23435 11.89724 -0.4225778 20.2215 11.90229 -0.4246061 20.22736 11.90664 -0.3024213 20.13855 11.77771 -0.3060532 20.14431 11.78135 -0.3097566 20.13969 11.77901 -0.2882486 20.01781 11.88911 -0.2863607 20.01858 11.88939 -0.2882457 20.01902 11.88981 -0.2874445 20.01845 11.9352 -0.2863116 20.0182 11.93676 -0.2925148 20.10453 11.91311 -0.2875194 20.0185 11.93928 -0.2468993 20.10509 11.86296 -0.2528561 19.91588 11.88095 -0.3700488 19.98274 11.88531 -0.2874833 20.01846 11.84439 -0.287553 20.01849 11.83833 -0.2874586 20.01844 11.83718 -0.3089209 20.13817 11.7415 -0.3014572 20.13919 11.73971 -0.3058667 20.14504 11.73882 -0.2308087 20.25227 11.93446 -0.2303451 20.25411 11.93381 -0.2320667 20.25378 11.93425 -0.2310524 20.25338 11.97485 -0.2310472 20.25337 11.97458 -0.2322418 20.25445 11.9884 -0.2429412 20.21261 11.97819 -0.1853732 20.27485 11.93054 -0.2297359 20.25203 11.89738 -0.2310248 20.25328 11.88639 -0.2523733 20.25958 11.91902 -0.4720866 27.40434 15.95492 -0.454803 27.40288 15.95453 -0.4661175 27.41847 15.95464 -0.457034 27.41313 16.1778 -0.4523964 27.40971 16.17774 -0.4523404 27.4158 16.17768 -0.458971 27.4067 16.06716 -0.4549629 27.41235 16.06661 -0.4608208 27.41406 16.06608 -0.4778708 27.45823 16.24972 -0.4764064 27.45706 16.24996 -0.4762887 27.45883 16.24973 -0.4768295 27.45793 16.28596 -0.4768759 27.45799 16.27966 -0.4769195 27.45797 16.28543 -0.4806861 27.38316 16.25013 -0.4033138 27.49073 16.2429 -0.5399319 27.50441 16.25295 -0.4768527 27.45802 16.21133 -0.4771865 27.45806 16.215 -0.4768548 27.45801 16.21937 -0.4602221 27.40783 16.09178 -0.4544366 27.41034 16.09431 -0.4613038 27.41365 16.09413 -0.5154794 27.30656 16.21344 -0.5136307 27.30612 16.21368 -0.5145899 27.30747 16.21406 -0.5069475 27.31387 16.21474 -0.5144494 27.30662 16.24364 -0.5146416 27.3066 16.24869 -0.5286669 27.36031 16.22058 -0.5060332 27.3036 16.17965 -0.512359 27.31098 16.19072 -0.5144365 27.3066 16.18004 -0.4616011 27.41306 16.0734 -0.4573681 27.40669 16.07271 -0.4554254 27.41213 16.07122 -0.3915259 27.43596 16.16618 -0.3898631 27.43535 16.16563 -0.3905627 27.43694 16.16568 -0.3906076 27.43595 16.20008 -0.3906086 27.43596 16.19718 -0.4547402 27.40982 16.18407 -0.38937 27.43588 16.13967 -0.3902182 27.43646 16.19839 -0.4022713 27.38076 16.16438 -0.390532 27.43727 16.1439 -0.3906069 27.43595 16.12906 -0.4610846 27.41091 16.10036 -0.4573342 27.40809 16.10478 -0.4572436 27.41443 16.10271 -0.5912497 27.45997 16.17634 -0.5907367 27.45866 16.17726 -0.5901512 27.46036 16.17721 -0.5907785 27.45973 16.22171 -0.5273631 27.52642 16.17044 -0.5907173 27.45965 16.21506 -0.6112514 27.38517 16.17491 -0.5906105 27.4597 16.22158 -0.6761555 27.50773 16.17335 -0.5907466 27.45965 16.13859 -0.5903887 27.4594 16.13366 -0.5907412 27.45964 16.13248 -0.460965 27.40763 16.06478 -0.4554529 27.40876 16.06437 -0.4588662 27.41423 16.06692 -0.4305444 27.33896 16.16438 -0.428738 27.33907 16.16414 -0.4300141 27.34017 16.16474 -0.4296372 27.33939 16.18947 -0.4294953 27.33938 16.19877 -0.4689815 27.33387 16.16346 -0.3991564 27.2692 16.16958 -0.4290398 27.3391 16.20301 -0.4287568 27.33939 16.12796 -0.4269744 27.40596 16.15149 -0.4296372 27.33939 16.137 -0.4296346 27.33938 16.13706 -0.4619787 27.40906 16.12186 -0.4559878 27.40779 16.12181 -0.4587736 27.41396 16.11921 -0.4474725 27.46362 16.17941 -0.4464089 27.46263 16.17976 -0.4456212 27.46386 16.1791 -0.4457695 27.46318 16.21171 -0.4464061 27.46452 16.20478 -0.446852 27.4629 16.21254 -0.49679 27.51684 16.16168 -0.446705 27.46226 16.1485 -0.4464515 27.46347 16.14687 -0.4505898 27.4586 16.14939 -0.460537 27.40755 16.13133 -0.4545808 27.41013 16.1336 -0.460851 27.41413 16.13241 -0.5195053 27.37444 16.23569 -0.5180564 27.37517 16.23626 -0.5193178 27.37626 16.23607 -0.5192217 27.37502 16.28676 -0.518568 27.37577 16.28623 -0.5984992 27.35116 16.2335 -0.51969 27.37537 16.28704 -0.5191675 27.37544 16.18792 -0.4441707 27.35829 16.22865 -0.5188594 27.37627 16.21721 -0.5189664 27.3753 16.19402 -0.461935 27.41172 16.07913 -0.4574643 27.40665 16.07659 -0.4563473 27.41377 16.07683 -0.3405017 27.38295 16.21479 -0.3393609 27.38204 16.21418 -0.3390031 27.38381 16.2142 -0.3396186 27.38295 16.24905 -0.3398963 27.38287 16.25412 -0.3397964 27.38312 16.25605 -0.4017703 27.33344 16.20474 -0.3640349 27.47096 16.20818 -0.2650037 27.37852 16.21246 -0.3396508 27.38311 16.17392 -0.3396634 27.38289 16.1769 -0.3396216 27.38295 16.18479 -0.458584 27.40688 16.08169 -0.456151 27.41373 16.08027 -0.4615197 27.4127 16.07924 -0.4992998 27.45778 16.16232 -0.4977644 27.45707 16.16291 -0.4981976 27.45866 16.16233 -0.4983694 27.45773 16.19916 -0.4983657 27.45773 16.20003 -0.4932292 27.45634 16.20002 -0.480836 27.51692 16.16778 -0.5637701 27.43077 16.17139 -0.4505549 27.39658 16.14682 -0.498325 27.45819 16.11958 -0.4992441 27.45774 16.11758 -0.4983737 27.45772 16.12873 -0.4511108 27.40649 15.95497 -0.4670542 27.41985 15.9545 -0.4667186 27.39675 15.95463 -0.4719414 27.40825 16.22223 -0.4741269 27.41481 16.22216 -0.4783847 27.40888 16.22208 -0.4643949 27.40708 16.08843 -0.4682327 27.41396 16.08706 -0.4733158 27.40801 16.08972 -0.4122763 27.50318 16.25316 -0.41304 27.50523 16.25268 -0.4142223 27.50368 16.25335 -0.4131609 27.50405 16.30641 -0.4131627 27.50404 16.30152 -0.413173 27.50405 16.30733 -0.3213853 27.44441 16.26017 -0.3722792 27.56813 16.27132 -0.5240016 27.47618 16.26268 -0.413174 27.50406 16.20761 -0.4132425 27.50383 16.1991 -0.413091 27.50401 16.19219 -0.4650738 27.40658 16.08801 -0.4696245 27.41441 16.08767 -0.47147 27.40593 16.08645 -0.5530158 27.37509 16.27613 -0.554564 27.37664 16.27591 -0.5551707 27.37511 16.27562 -0.5561807 27.37555 16.33253 -0.5544243 27.37658 16.30283 -0.5520397 27.37508 16.31268 -0.5664645 27.2693 16.26464 -0.6105297 27.38585 16.2308 -0.5541235 27.37552 16.23712 -0.5540582 27.37551 16.22685 -0.5536388 27.37597 16.22773 -0.4649661 27.41135 16.11054 -0.4720599 27.41113 16.11459 -0.4679566 27.40528 16.11085 -0.329562 27.35412 16.2354 -0.3311998 27.35435 16.2364 -0.3310224 27.35248 16.23586 -0.3305686 27.35367 16.2802 -0.3306038 27.35364 16.27746 -0.4351015 27.3711 16.2466 -0.383746 27.27008 16.23418 -0.2677061 27.27173 16.24218 -0.3306116 27.35366 16.27554 -0.2558535 27.41966 16.24579 -0.3240215 27.42792 16.19366 -0.3305853 27.35365 16.20014 -0.3305793 27.35364 16.19522 -0.3305481 27.35363 16.19709 -0.4641388 27.4116 16.13869 -0.4732066 27.4104 16.13791 -0.4674755 27.4055 16.14042 -0.4880709 27.46394 16.21976 -0.4887254 27.4656 16.21908 -0.4902781 27.46417 16.21939 -0.4936879 27.46411 16.26061 -0.583553 27.49896 16.22066 -0.4832232 27.46519 16.24413 -0.4373352 27.46293 16.21427 -0.4878741 27.4578 16.18517 -0.4890363 27.46455 16.18832 -0.4890266 27.4646 16.17819 -0.4638886 27.41049 16.11936 -0.4704679 27.41374 16.11989 -0.4716284 27.40634 16.11724 -0.4956068 27.30126 16.28133 -0.4965038 27.30294 16.28183 -0.4978742 27.3015 16.28121 -0.4967225 27.30191 16.31618 -0.4966951 27.30177 16.32151 -0.4966635 27.30188 16.31655 -0.3964547 27.3054 16.29199 -0.517794 27.39089 16.28987 -0.5632816 27.27037 16.26497 -0.4967515 27.30221 16.23522 -0.4965256 27.3018 16.2425 -0.4966719 27.30188 16.24961 -0.4653537 27.41266 16.0782 -0.4731824 27.41041 16.08067 -0.4691332 27.40498 16.08033 -0.3857864 27.45314 16.23551 -0.3876859 27.45332 16.236 -0.3869013 27.45131 16.23608 -0.3867749 27.45256 16.2784 -0.3867734 27.45257 16.28468 -0.4817114 27.49037 16.2356 -0.3867505 27.45258 16.28375 -0.3411107 27.36933 16.23595 -0.3089837 27.54415 16.22361 -0.386736 27.45256 16.18544 -0.3867779 27.45257 16.18021 -0.3867779 27.45257 16.191 -0.4666049 27.40549 16.14561 -0.4677936 27.41428 16.14441 -0.4728565 27.41035 16.14283 -0.5372543 27.42571 16.23943 -0.5385868 27.42641 16.23887 -0.5388151 27.42422 16.23896 -0.5382547 27.42529 16.27821 -0.542793 27.42637 16.27881 -0.5398851 27.42922 16.21954 -0.5890279 27.46014 16.2313 -0.5369272 27.42334 16.24754 -0.5383592 27.42502 16.1962 -0.5382481 27.4253 16.19607 -0.4658508 27.40617 16.10515 -0.4667438 27.41404 16.10762 -0.4734511 27.40862 16.1075 -0.3827542 27.29476 16.31087 -0.3841813 27.29637 16.31164 -0.3845294 27.29453 16.31118 -0.382898 27.28933 16.35117 -0.3837548 27.29527 16.36016 -0.3836108 27.29548 16.35442 -0.3920383 27.38393 16.29957 -0.3842489 27.29326 16.26803 -0.3120084 27.2412 16.31103 -0.3836111 27.2955 16.26659 -0.3836458 27.29554 16.2699 -0.4639543 27.40876 16.15847 -0.4721564 27.41257 16.15705 -0.4716221 27.40689 16.1604 -0.4438828 27.54552 16.27725 -0.4447449 27.5471 16.27639 -0.4461023 27.54605 16.27716 -0.4464807 27.54334 16.2951 -0.4755431 27.57215 16.31092 -0.4450323 27.54619 16.33565 -0.444839 27.54621 16.34508 -0.3975062 27.56168 16.27302 -0.4449412 27.54604 16.21276 -0.4447547 27.54646 16.21539 -1.549611 22.36685 11.62612 -1.577646 22.36356 11.62548 -1.554541 22.34238 11.62567 -1.57076 22.34794 11.98883 -1.579267 22.35189 11.98873 -1.577379 22.34216 11.98862 -1.567908 22.35715 11.86004 -1.573969 22.35028 11.85414 -1.562989 22.35014 11.85761 -1.67791 22.15921 12.03391 -1.679667 22.15781 12.03254 -1.677165 22.1567 12.03271 -1.673497 22.1554 12.01304 -1.678225 22.15791 12.08379 -1.582041 22.22018 12.01262 -1.676324 22.16044 12.09682 -1.783337 22.15646 12.02463 -1.678501 22.15776 11.97986 -1.678222 22.1579 11.98405 -1.678225 22.15791 11.97844 -1.563288 22.35272 11.83113 -1.572053 22.35845 11.83353 -1.571563 22.34621 11.83484 -1.477663 22.38522 11.96694 -1.479245 22.38278 11.96779 -1.476716 22.38291 11.96689 -1.478111 22.38357 12.03995 -1.476886 22.38404 12.04895 -1.47807 22.38365 12.03511 -1.600128 22.35181 11.96571 -1.475737 22.38379 11.91757 -1.485439 22.49905 11.95653 -1.464179 22.26034 11.93609 -1.478072 22.38365 11.89401 -1.478072 22.38365 11.89402 -1.568727 22.35868 11.83372 -1.574834 22.35087 11.83282 -1.56438 22.3499 11.83777 -1.686257 22.41674 11.97059 -1.688381 22.41599 11.96981 -1.687285 22.4138 11.97083 -1.687247 22.4153 12.0325 -1.687208 22.41536 12.02312 -1.683772 22.27481 11.9726 -1.687024 22.41558 12.03377 -1.794035 22.42315 11.96276 -1.549504 22.38603 11.96536 -1.669643 22.53683 11.94615 -1.687206 22.41536 11.91525 -1.686886 22.41572 11.92002 -1.687243 22.41547 11.91102 -1.565542 22.35783 11.87707 -1.575953 22.35115 11.87635 -1.565402 22.34813 11.87334 -1.490772 22.18537 12.10535 -1.492834 22.1836 12.10504 -1.490257 22.18271 12.10425 -1.491256 22.18389 12.15335 -1.491252 22.18389 12.15531 -1.491692 22.18401 12.16477 -1.63199 22.20051 12.09745 -1.434195 22.30841 12.12488 -1.406212 22.06544 12.12417 -1.541175 22.06449 12.07449 -1.489955 22.18361 12.04881 -1.49138 22.18418 12.04327 -1.491261 22.18389 12.05437 -1.562451 22.35239 11.80604 -1.57381 22.35739 11.80581 -1.57092 22.34716 11.80941 -1.493939 22.54317 12.05551 -1.496741 22.5426 12.05617 -1.49403 22.54117 12.05632 -1.495116 22.5423 12.11941 -1.48729 22.4079 12.05433 -1.4951 22.54231 12.11707 -1.495458 22.54268 12.136 -1.375751 22.57852 12.06862 -1.575493 22.65484 12.03522 -1.495121 22.54231 11.98758 -1.494961 22.54228 11.98804 -1.495115 22.5423 11.9966 -1.565065 22.35538 11.84542 -1.574098 22.3557 11.84053 -1.570124 22.34655 11.84013 -1.721994 22.27292 11.98688 -1.724011 22.27524 11.98642 -1.724251 22.273 11.98565 -1.72413 22.2715 12.06886 -1.723252 22.27374 12.04553 -1.722498 22.27641 12.05932 -1.819641 22.20422 11.99111 -1.623192 22.29958 11.99148 -1.723547 22.27318 11.91295 -1.822067 22.3118 11.93365 -1.718607 22.27517 11.91629 -1.562994 22.3521 11.86246 -1.572474 22.35822 11.86615 -1.571785 22.3466 11.86508 -1.463453 22.33118 12.02133 -1.465735 22.33215 12.02218 -1.465699 22.32923 12.02197 -1.463962 22.33098 12.05741 -1.469392 22.33446 12.01729 -1.467203 22.33113 12.00233 -1.461746 22.33234 12.00188 -1.563816 22.35631 11.79725 -1.574697 22.35419 11.7956 -1.566174 22.34748 11.80018 -1.654847 22.5046 11.99813 -1.657354 22.50546 11.99723 -1.656925 22.50282 11.99836 -1.656405 22.5043 12.03999 -1.656405 22.5043 12.05583 -1.647661 22.38686 12.00367 -1.581717 22.58327 12.00545 -1.656872 22.50521 12.05452 -1.803633 22.51949 11.99036 -1.656395 22.50427 11.94914 -1.655621 22.50507 11.93865 -1.656409 22.50431 11.94891 -1.568404 22.35624 11.86162 -1.575478 22.35188 11.85644 -1.563364 22.34939 11.8558 -1.600293 22.14471 11.97195 -1.601897 22.14328 11.97034 -1.59917 22.14298 11.97045 -1.60061 22.14254 12.04239 -1.600423 22.14538 12.01737 -1.601628 22.14393 12.02469 -1.646427 21.99394 11.96897 -1.474671 22.15657 11.96282 -1.600073 22.14541 11.91962 -1.601104 22.14323 11.91015 -1.601891 22.14107 11.90433 -0.30422 20.14745 11.62602 -0.318737 20.1326 11.62555 -0.2957161 20.13116 11.62569 -0.3075693 20.12684 11.89288 -0.3142647 20.12517 11.89281 -0.3086832 20.12048 11.89273 -0.3075966 20.13436 11.82434 -0.312804 20.12972 11.82758 -0.3045418 20.12774 11.82502 -0.2452088 20.17675 11.91094 -0.2472125 20.17669 11.91172 -0.2457959 20.17507 11.91163 -0.2388175 20.16972 11.9717 -0.2479528 20.17841 11.96593 -0.2460838 20.17619 11.95721 -0.300771 20.09903 11.92832 -0.2453017 20.1764 11.85512 -0.2436173 20.17576 11.88938 -0.2767044 20.18659 11.89781 -0.308862 20.13504 11.75759 -0.3122148 20.12876 11.75625 -0.3063248 20.12698 11.76028 -0.4388537 20.15795 11.86245 -0.4396707 20.15588 11.8622 -0.4384096 20.15594 11.86301 -0.4427002 20.16366 11.86987 -0.4389954 20.15675 11.899 -0.4389809 20.15675 11.90714 -0.5223338 20.08443 11.88077 -0.4868788 20.25197 11.87155 -0.4337935 20.15367 11.82787 -0.436339 20.15555 11.81808 -0.43907 20.1568 11.82167 -0.3075164 20.13469 11.78125 -0.3124358 20.12696 11.78041 -0.3053735 20.12731 11.77894 -0.2474641 20.06266 11.92214 -0.2495259 20.06173 11.92236 -0.248038 20.06064 11.92176 -0.2474162 20.06124 11.97455 -0.2483416 20.0617 11.96057 -0.248182 20.06214 11.97274 -0.2634638 19.97482 11.91876 -0.1641486 20.07791 11.93193 -0.2482422 20.06058 11.87359 -0.2483266 20.06171 11.88165 -0.3298074 20.11403 11.90732 -0.2483463 20.0617 11.88467 -0.308448 20.13472 11.74323 -0.3119434 20.12702 11.74554 -0.3051733 20.12708 11.74537 -0.3005138 20.22851 11.9191 -0.3018784 20.22691 11.91959 -0.2996358 20.22715 11.91947 -0.3007978 20.22743 11.96186 -0.300598 20.22738 11.96994 -0.3007282 20.22745 11.96379 -0.3194054 20.12796 11.92305 -0.2386745 20.28327 11.90823 -0.3742423 20.30078 11.90072 -0.3007932 20.22744 11.86992 -0.300713 20.22766 11.86829 -0.300812 20.22742 11.87865 -0.3048678 20.133 11.74162 -0.3120183 20.13366 11.74046 -0.3098234 20.12571 11.73959 -0.3727284 20.07508 11.92619 -0.3733015 20.07308 11.92578 -0.3712171 20.07374 11.92625 -0.3727647 20.0735 11.98791 -0.3724249 20.07389 11.99105 -0.3691681 20.09353 11.9977 -0.3735428 20.07321 11.88061 -0.3017096 20.066 11.91492 -0.4379778 20.10623 11.8999 -0.3734681 20.07368 11.86294 -0.3722112 20.07417 11.86671 -0.309622 20.1353 11.75538 -0.3115597 20.12704 11.75656 -0.3049491 20.12802 11.75328 -0.1654388 20.13941 11.90519 -0.1666992 20.13803 11.90585 -0.165375 20.1371 11.90522 -0.1657328 20.13827 11.94248 -0.1726632 20.04541 11.90415 -0.1657187 20.13826 11.95329 -0.164703 20.13844 11.95864 -0.05408491 20.18372 11.90974 -0.1728047 20.13569 11.90202 -0.1646323 20.13776 11.8436 -0.164373 20.13873 11.8489 -0.3050047 20.13354 11.76914 -0.3133453 20.13073 11.76739 -0.3075198 20.12611 11.77055 -0.412056 20.23013 11.94295 -0.4138262 20.22924 11.94266 -0.4124439 20.228 11.94346 -0.412758 20.22911 11.99217 -0.4030715 20.14242 11.95184 -0.412634 20.22895 12.00231 -0.4129425 20.22917 12.00121 -0.4648167 20.29913 11.9329 -0.3409463 20.27191 11.92992 -0.4123671 20.22844 11.88716 -0.4127549 20.22912 11.89535 -0.4129286 20.22916 11.88575 -0.3057321 20.13404 11.74949 -0.3132833 20.12887 11.74848 -0.3051964 20.12707 11.74782 -0.2970969 20.03237 11.96376 -0.2960438 20.03043 11.96327 -0.2950746 20.03192 11.9636 -0.2956494 20.02694 12.01431 -0.2962063 20.0317 12.00788 -0.2965472 20.03054 11.97463 -0.2736972 19.94667 11.96395 -0.2674297 20.08336 11.95416 -0.2962089 20.03221 11.91625 -0.2962288 20.03158 11.92303 -0.2956761 20.03032 11.91797 -0.3057629 20.1339 11.77315 -0.3132158 20.13152 11.77463 -0.3072604 20.1253 11.77505 -0.2707332 20.18673 11.92022 -0.2715498 20.18534 11.92061 -0.2694072 20.18491 11.9204 -0.2704105 20.18561 11.96532 -0.2706335 20.18545 11.98083 -0.2633155 20.08721 11.89674 -0.2703449 20.18559 11.97204 -0.3390774 20.20269 11.94478 -0.199387 20.25857 11.92876 -0.2771132 20.18782 11.86968 -0.2703769 20.18558 11.86334 -0.2704072 20.1856 11.86888 -1.764536 27.39283 21.58269 -1.746684 27.41395 21.58207 -1.777398 27.41363 21.58225 -1.762071 27.42051 21.93807 -1.753339 27.42338 21.93797 -1.761204 27.42908 21.93787 -1.755505 27.41206 21.76165 -1.759138 27.42248 21.76078 -1.766776 27.41645 21.75993 -1.83994 27.43507 22.05275 -1.837057 27.43588 22.05312 -1.839251 27.43767 22.05275 -1.838585 27.43614 22.11052 -1.83871 27.43614 22.10049 -1.838723 27.43606 22.10968 -1.744948 27.36209 22.0534 -1.813345 27.56199 22.04187 -1.957267 27.39702 22.05789 -1.838724 27.4362 21.99154 -1.839081 27.4358 21.99738 -1.838717 27.43619 22.00435 -1.75812 27.41147 21.80092 -1.756042 27.42131 21.80494 -1.766681 27.41544 21.80466 -1.677496 27.24614 21.9949 -1.675211 27.24813 21.99529 -1.677854 27.24814 21.99589 -1.679113 27.26398 21.99696 -1.676624 27.24754 22.04305 -1.676768 27.24726 22.0511 -1.75954 27.27862 22.00628 -1.66492 27.25568 21.94101 -1.680361 27.25428 21.95868 -1.676583 27.24753 21.94164 -1.766195 27.41451 21.77161 -1.754002 27.41413 21.77051 -1.759283 27.42168 21.76812 -1.731268 27.52675 21.91954 -1.728933 27.52835 21.91867 -1.731643 27.5289 21.91874 -1.730409 27.52794 21.97359 -1.730412 27.52794 21.96897 -1.755645 27.42044 21.94807 -1.729175 27.52948 21.87728 -1.730707 27.52891 21.9709 -1.66943 27.46182 21.91668 -1.732043 27.52925 21.88402 -1.730408 27.52794 21.86035 -1.762927 27.4132 21.81459 -1.755799 27.41547 21.82163 -1.763948 27.42144 21.81834 -1.946876 27.28928 21.93573 -1.944697 27.28874 21.93721 -1.946372 27.29107 21.93714 -1.94613 27.28967 22.00809 -1.97427 27.43368 21.92633 -1.945973 27.28968 21.99747 -1.86811 27.19422 21.93346 -1.945935 27.28986 22.00788 -2.087359 27.22301 21.93096 -1.946 27.28964 21.87554 -1.945349 27.28988 21.86768 -1.945979 27.28964 21.8658 -1.758547 27.41032 21.75786 -1.754928 27.41853 21.75721 -1.765196 27.41915 21.76127 -1.641198 27.38647 21.91666 -1.639667 27.38892 21.91628 -1.642277 27.38827 21.91725 -1.640911 27.38804 21.95668 -1.640765 27.38821 21.97151 -1.670069 27.3318 21.9152 -1.521525 27.36286 21.92495 -1.639984 27.38855 21.97826 -1.640105 27.38919 21.8586 -1.72499 27.45296 21.89611 -1.640911 27.38804 21.87301 -1.640904 27.38804 21.87311 -1.76135 27.41033 21.84888 -1.754159 27.41694 21.84879 -1.764749 27.41901 21.84464 -1.818872 27.47956 21.94064 -1.816604 27.48002 21.9412 -1.817475 27.48218 21.94014 -1.816728 27.48136 21.99214 -1.819061 27.48178 21.98109 -1.817365 27.4797 21.99346 -1.933593 27.46458 21.91237 -1.816398 27.4793 21.89136 -1.817733 27.48074 21.88876 -1.815224 27.47087 21.89277 -1.758046 27.4108 21.86398 -1.7559 27.42093 21.86758 -1.76689 27.41647 21.86569 -1.769452 27.30358 22.03038 -1.769062 27.30614 22.03128 -1.771646 27.3055 22.03098 -1.769945 27.30448 22.1118 -1.77031 27.30602 22.11096 -1.812121 27.17939 22.02688 -1.770836 27.3042 22.11225 -1.770438 27.30494 21.95421 -1.678907 27.3866 22.01916 -1.771233 27.30611 22.00091 -1.77007 27.30507 21.96393 -1.764759 27.41284 21.78074 -1.754041 27.41397 21.77669 -1.762268 27.422 21.77707 -1.615248 27.54414 21.99705 -1.613006 27.54478 21.99607 -1.614974 27.54688 21.99611 -1.614433 27.54529 22.05167 -1.61458 27.54485 22.05975 -1.614814 27.54521 22.06284 -1.607446 27.41877 21.98102 -1.751378 27.5948 21.98651 -1.539782 27.63819 21.99333 -1.614664 27.54539 21.93189 -1.61439 27.54517 21.93663 -1.614433 27.54528 21.94922 -1.755381 27.41273 21.78482 -1.762036 27.42222 21.78256 -1.765646 27.41428 21.78091 -1.859135 27.40679 21.91338 -1.856796 27.40813 21.91433 -1.859267 27.40904 21.91341 -1.858213 27.40796 21.97212 -1.858208 27.40796 21.97351 -1.851663 27.41336 21.9735 -1.918965 27.4854 21.92209 -1.883547 27.29804 21.92785 -1.734569 27.41365 21.88867 -1.858766 27.40844 21.84523 -1.859038 27.40683 21.84205 -1.858209 27.40795 21.85983 -2.46627 22.54936 21.58267 -2.440686 22.55316 21.58208 -2.462446 22.57192 21.58225 -2.447434 22.56728 21.91502 -2.439532 22.5639 21.91493 -2.441536 22.57276 21.91484 -2.455166 22.56228 21.77032 -2.445148 22.55851 21.76951 -2.446004 22.5684 21.76828 -2.386506 22.62899 22.0223 -2.384049 22.62792 22.02212 -2.384725 22.63065 22.02184 -2.385056 22.6292 22.07422 -2.385048 22.62948 22.0889 -2.392738 22.59359 22.05755 -2.515244 22.64687 22.03954 -2.320757 22.7418 21.99742 -2.385202 22.62938 21.95527 -2.436701 22.56312 21.9697 -2.384985 22.62918 21.96414 -2.45311 22.55977 21.78742 -2.444141 22.56051 21.79114 -2.451364 22.56866 21.78842 -2.614358 22.55058 21.99443 -2.612204 22.54915 21.99528 -2.61248 22.55182 21.99525 -2.612281 22.55064 22.05373 -2.647556 22.65406 21.99192 -2.614124 22.55053 22.03125 -2.50942 22.53723 21.98543 -2.611872 22.54991 21.93962 -2.613457 22.55055 21.94614 -2.611381 22.5453 21.98911 -2.454535 22.56214 21.79682 -2.445264 22.55834 21.794 -2.447116 22.56895 21.79662 -2.381209 22.4966 21.96032 -2.378836 22.49578 21.95963 -2.37887 22.49819 21.96014 -2.379682 22.49687 22.01664 -2.379665 22.49686 22.01494 -2.321174 22.54375 22.00806 -2.379685 22.49678 22.02415 -2.325214 22.38016 21.95699 -2.467408 22.57336 21.91663 -2.485808 22.48697 21.97591 -2.37928 22.49901 21.89597 -2.379659 22.49687 21.90991 -2.379672 22.49685 21.89662 -2.447596 22.55854 21.7816 -2.444451 22.56662 21.77749 -2.453568 22.56601 21.77697 -2.484484 22.76208 21.96783 -2.481957 22.76154 21.96837 -2.482771 22.76366 21.96713 -2.483043 22.76243 22.01226 -2.483007 22.76244 22.01744 -2.466669 22.88494 21.98613 -2.483044 22.76243 22.01509 -2.472348 22.73649 22.02515 -2.541466 22.86476 21.95635 -2.364826 22.70885 21.95287 -2.487472 22.75904 21.92907 -2.483062 22.76243 21.91036 -2.483043 22.76243 21.90776 -2.450486 22.5581 21.76794 -2.442799 22.56383 21.77145 -2.453477 22.56723 21.77012 -2.511422 22.47808 21.91141 -2.509609 22.47669 21.91138 -2.508901 22.47889 21.91222 -2.512682 22.4773 21.92436 -2.507652 22.47606 21.97321 -2.509808 22.47801 21.9636 -2.378572 22.55996 21.90685 -2.574232 22.54762 21.90618 -2.510368 22.47857 21.85411 -2.509947 22.47809 21.86412 -2.508017 22.47504 21.90051 -2.452904 22.56348 21.84155 -2.446888 22.55737 21.83778 -2.447032 22.56846 21.83618 -2.353015 22.58085 21.9027 -2.351551 22.58209 21.90135 -2.353054 22.58362 21.90229 -2.352542 22.58217 21.9472 -2.352179 22.58259 21.96036 -2.303101 22.68769 21.89885 -2.352359 22.58207 21.9583 -2.356883 22.58376 21.89794 -2.36084 22.58853 21.88562 -2.32634 22.58213 21.89224 -2.451191 22.55767 21.73068 -2.442705 22.56405 21.73194 -2.452903 22.5674 21.72925 -2.531255 22.60107 21.91414 -2.529706 22.59981 21.91463 -2.528848 22.60242 21.91454 -2.529425 22.60117 21.98681 -2.530175 22.60036 21.97315 -2.512367 22.7007 21.89832 -2.5308 22.60164 21.98139 -2.451283 22.55117 21.8795 -2.531326 22.60097 21.85855 -2.529889 22.60124 21.84898 -2.529836 22.60127 21.8479 -2.447927 22.55766 21.76889 -2.442961 22.56497 21.77062 -2.454419 22.56493 21.77143 -2.423692 22.46322 21.94739 -2.423191 22.46587 21.94812 -2.425319 22.46503 21.94804 -2.423545 22.46376 22.0127 -2.423923 22.46458 21.99492 -2.423955 22.46465 22.00534 -2.538117 22.4825 21.95108 -2.36937 22.5594 21.9443 -2.397229 22.35637 21.93549 -2.424174 22.46444 21.88554 -2.423934 22.4646 21.89466 -2.424002 22.46465 21.89693 -2.451081 22.55727 21.82918 -2.443054 22.56397 21.82736 -2.452167 22.56826 21.82724 -2.424833 22.62682 22.00917 -2.422555 22.62575 22.0092 -2.422826 22.6285 22.00872 -2.423381 22.62704 22.06412 -2.422539 22.62799 22.07889 -2.441139 22.65535 22.06293 -2.348879 22.56081 22.04169 -2.504376 22.5706 21.97617 -2.423559 22.62942 21.93043 -2.415374 22.62114 21.93992 -2.42345 22.62704 21.93534</float_array>
          <technique_common>
            <accessor source="#positions-array" count="5130" stride="3">
              <param name="X" type="float" />
              <param name="Y" type="float" />
              <param name="Z" type="float" />
            </accessor>
          </technique_common>
        </source>
        <source id="normals">
          <float_array id="normals-array" count="17784">0.8674268 -0.4947281 0.05305541 -0.6774673 0.7348674 -0.03174835 -0.2797457 -0.9594503 0.0346038 0.8486669 -0.4664671 0.249345 0.05926648 0.9806853 -0.186397 -0.8829798 -0.4668929 -0.04855658 -0.3998924 0.4048866 -0.8222852 0.7932235 0.1129062 -0.5983716 0.3290598 0.5823868 0.7433338 -0.5677505 -0.819449 0.07850298 -0.584914 -0.8107461 0.02380025 0.8060707 -0.5240747 -0.2749468 -0.6301952 0.6735521 0.3862403 -0.914133 -0.3482966 -0.2074859 -0.3340439 -0.811838 -0.4788881 0.557889 -0.6323734 -0.5374604 -0.2041522 0.9787959 0.01674842 -0.204896 0.9787689 -0.005384966 0.8444419 -0.5203595 -0.1270583 0.02269848 0.9651835 -0.2605868 -0.8273084 -0.3953641 0.399059 -0.3967883 -0.5107392 -0.7626956 0.8475146 0.5307251 -0.007065806 0.7094032 0.3173825 -0.6292975 0.6926947 -0.5886128 0.4167842 -0.5760811 0.5860157 0.5698387 0.7157278 -0.4103148 0.5651331 0.2872609 0.918017 0.2733605 0.248772 0.9684945 -0.01143756 0.02787044 0.8465584 -0.5315657 0.2726951 -0.9621005 -8.942676e-05 0.139882 -0.7071333 -0.6931057 -0.8833316 0.4529292 0.1207494 0.3714698 -0.3876917 0.8436263 0.3905955 -0.920551 -0.004579793 -0.2892898 0.9392198 0.184872 -0.8818011 0.4351364 0.181888 0.631053 -0.6244207 -0.4602943 0.8265194 0.5493076 -0.1229911 -0.9108318 -0.2991543 0.2844154 -0.5565096 0.8293504 -0.0497488 0.7239562 -0.03441118 -0.6889872 -0.750253 0.660683 0.02486654 0.589415 -0.8078288 -0.00158063 -0.8892951 -0.4514564 0.07308382 0.7302556 -0.4065772 0.5490189 0.2087974 0.6627726 -0.7191218 -0.7337185 0.447476 -0.5112949 -0.2112938 -0.6255144 0.751057 -0.5293593 -0.8483554 0.0084777 0.02903113 0.9963641 -0.0800986 0.5319735 0.8466445 -0.01404507 0.5828567 0.8060244 -0.1029692 -0.4671021 0.8835509 -0.033962 -0.9849586 0.1719015 0.01750679 -0.334469 -0.902265 -0.2721183 -0.003858468 -0.2566093 0.9665075 0.711534 -0.7000494 -0.06041777 0.8461469 0.4389749 0.3022193 -0.8276808 0.5582056 -0.05788809 0.4882278 0.8509347 -0.1937621 0.2970024 0.9548738 -0.002369272 -0.3659354 0.9306285 -0.004679276 0.1933266 -0.9079602 -0.371797 -0.7827852 0.6222917 -0.0005401109 -0.7944114 0.6028267 0.07423254 0.3446269 0.9338933 0.09526603 0.5207295 -0.8381293 -0.1624192 0.2465736 0.9594525 -0.1365735 -0.8813566 -0.2556231 0.3973252 0.747275 0.2088365 -0.6308465 -0.2512455 -0.8894188 -0.3818505 0.9661655 -0.2574747 0.0152002 0.1157642 -0.9930324 0.02202901 0.8106225 -0.5080273 0.2912035 0.04033062 0.994038 -0.1013012 -0.8176823 0.5118643 -0.2634209 -0.04614246 -0.9909406 0.1261256 -0.3633715 0.6916768 0.6241349 0.4697795 -0.8827192 -0.01067571 -0.5607757 0.487422 -0.6692909 0.6571496 -0.7537591 0.001277636 0.9991748 0.03333326 0.02320773 -0.1072471 0.9942021 -0.007763927 -0.8061754 -0.5909038 0.03023023 0.873565 -0.4215836 0.2432109 -0.09626505 0.973274 -0.2084965 -0.8031771 -0.5957191 -0.0050314 -0.967619 0.2520289 -0.01396074 -0.4701525 -0.8707284 -0.1441828 -0.76761 0.5228309 -0.3707057 0.6508438 0.4082405 0.640111 -0.7049828 -0.6977026 0.1273196 0.9993267 -0.03602866 0.006937223 0.002575157 0.8538002 0.5205945 -0.1674106 0.9841139 -0.05910525 -0.9800398 0.1895133 -0.06005506 0.5431761 -0.5325633 0.649104 -0.9783387 0.195534 0.06796867 -0.1112826 0.981315 0.1569621 0.8668937 -0.4769922 -0.1448232 -0.1274843 0.9679731 -0.2162771 -0.74643 -0.5284749 0.4044212 0.6945804 0.3181836 -0.6452265 -0.999699 0.02415343 -0.004307049 0.9998026 -0.01869775 -0.006717143 -0.6279047 0.4166745 -0.6573569 0.03724178 -0.9197534 0.3907259 -0.6645963 0.7407558 0.09794123 0.6735899 -0.7391038 0.001478452 -0.3950592 0.6558571 0.6432571 -0.4468236 -0.3279699 0.8323367 -0.1864465 0.9786514 -0.08648181 -0.7878943 0.08535528 -0.6098664 -0.5849787 -0.6605131 -0.4706616 0.3659175 -0.8956861 0.252687 -0.2466103 -0.9691024 0.004885223 0.359481 0.5105613 -0.7810893 0.3795719 0.4742712 -0.79435 -0.3563636 0.9340585 -0.02323109 0.5725486 -0.6203064 0.5361045 0.4746723 0.8669457 0.1519585 -0.8385398 0.2977079 0.4563124 0.0767169 -0.9288231 -0.3624944 0.626514 -0.7793462 0.009989105 -0.8937827 -0.4466634 -0.04055023 -0.8784235 0.4777563 -0.01100665 -0.5736739 0.818636 0.02708076 0.6130176 -0.03551417 0.7892707 0.9107526 0.3372293 -0.2383402 -0.9141012 -0.2988194 0.2740911 0.3784061 0.854983 0.354701 -0.9024929 0.4293373 -0.03429374 -0.9112249 -0.3263803 -0.2512869 0.1090779 -0.9580581 -0.265003 -0.7855386 0.6178024 0.03534508 0.2967141 -0.6530966 0.6967248 0.5720159 0.7740311 -0.2714289 -0.9148957 0.1384482 0.3792071 0.5227815 -0.8366525 -0.1634382 0.6427762 0.7614633 -0.08374028 -0.9628825 0.2698711 -0.005178662 0.9673084 -0.2516578 -0.03135094 -0.5980623 0.5815347 -0.5514879 -0.4638625 0.6278082 0.6250507 0.6864595 0.2572287 0.680152 0.6077372 0.7936959 0.02649948 -0.1748296 -0.8113793 0.5577618 0.8115999 0.5692734 0.1312763 -0.8177231 -0.5659455 -0.1050459 -0.6792252 0.731159 -0.06371517 0.5932669 -0.804555 0.02693894 0.8010645 0.5737373 0.1706495 -0.8697019 -0.1202168 0.4787134 -0.7092724 0.0640723 0.7020166 -0.904508 -0.2864173 0.3159594 -0.9934852 -0.105454 0.04320343 0.9793514 -0.2005065 -0.02584504 -0.3337041 0.9422569 0.02817044 -0.9715232 -0.1186268 0.2051106 0.5280706 -0.8353752 -0.1526099 0.4438912 0.895208 -0.03953695 0.6387062 -0.1080144 -0.7618315 -0.6161588 -0.5920696 -0.5194245 0.08124955 -0.7371815 0.670792 -0.0181291 0.9977877 0.06396177 0.0009036415 0.9998119 0.01937337 -0.972863 -0.04633065 -0.2266958 0.9286771 -0.183005 0.3225959 0.542251 0.8228146 -0.1701176 -0.2116743 0.8891125 -0.4057993 -0.8655316 0.1970245 -0.4604741 0.7376612 -0.6750334 0.01363254 0.7382178 -0.6745482 -0.004382958 -0.992045 -0.07136747 -0.1036983 0.5519438 -0.8058025 -0.2145703 0.4526684 0.8268022 0.3339002 0.02626605 0.7209723 -0.6924659 -0.3776375 -0.9259356 -0.005751055 -0.4192471 -0.7220849 -0.5502956 -0.9338696 0.07512367 0.3496341 0.8583308 -0.1472255 0.491521 -0.8687422 -0.0902648 0.4869695 0.3072258 -0.924569 0.225354 0.3640649 -0.9313271 -0.009309475 0.4963279 -0.7394157 -0.4548881 -0.7834933 0.6214002 -7.27863e-05 -0.5754415 0.5376157 -0.6163087 0.9839191 0.1489848 0.0985232 -0.6057418 0.1119098 0.7877519 -0.8548937 0.5187898 -0.003727602 0.7881489 -0.5965865 0.1513467 0.9753165 0.1630754 0.148876 -0.910127 0.143181 -0.3888033 -0.3506343 -0.9311193 -0.1003616 0.5721998 0.7858084 0.2347182 0.9366292 -0.3479724 -0.04050851 -0.6630376 -0.4311659 -0.6119453 0.9950052 -0.09774953 0.02024151 -0.9503652 0.3111341 -0.001286508 0.4582731 0.8868151 0.05953814 -0.8759415 -0.1021171 0.4714855 0.2397784 -0.7262762 -0.6442276 0.8974038 0.06871901 -0.4358259 -0.2156656 0.7013683 0.6793901 -0.066157 0.9977854 0.006900261 0.5592689 -0.8264132 -0.06526463 0.06303717 -0.9979457 -0.01143195 -0.001996699 -0.9964672 -0.08395911 0.8955296 -0.4441423 -0.02764776 0.8997946 0.4360809 0.01424988 -0.2590704 0.9394522 -0.2243036 -0.1774306 0.2543845 0.9506876 -0.9870925 0.1524046 -0.0492056 -0.4369261 -0.8640969 0.2498643 0.9984168 0.03068349 -0.04714299 0.1016881 -0.9820737 -0.1587159 0.3169588 -0.9484374 -0.001928401 0.8407708 -0.5413778 -0.003808574 -0.7040703 0.6389275 -0.3099301 0.9988676 -0.04757457 -0.0004396075 0.9978563 -0.02500815 0.06047568 0.2664595 -0.9607125 0.07765805 -0.9164212 0.3775436 -0.1327889 0.3616976 -0.9256025 -0.1115116 0.5815586 0.7425102 0.3323676 -0.5206104 -0.6514716 -0.55186 -0.3239134 0.8907782 -0.3187385 -0.9345383 -0.3556475 0.01237224 -0.6742734 0.7382641 0.01793134 -0.9686508 -0.06231643 0.2404833 0.5490859 -0.8316747 -0.08259436 0.9741343 0.06317396 -0.2169596 -0.5430678 0.833356 0.102933 0.7501072 -0.3744479 0.5450944 -0.8970592 0.4418249 -0.008689347 0.8030952 -0.07365396 -0.591281 -0.9737365 0.2276756 0.001039895 -0.7914284 -0.6109699 0.01889098 0.6679968 -0.7441373 -0.006319286 0.3089699 0.9507534 0.02460881 -0.9649339 -0.1700539 0.1999606 0.6516472 -0.7390055 -0.1709585 0.3036766 0.9527664 -0.004095179 0.9325298 0.3609141 -0.01136331 -0.1277253 0.9847929 -0.1177673 0.950745 0.02485404 -0.3089761 -0.311985 -0.7665891 0.5612544 0.164848 0.9808299 0.1039128 -0.8320178 -0.5547202 0.005646396 0.5212379 -0.7284864 0.4445432 0.7113375 -0.7012004 -0.04813538 0.9065999 0.4191472 -0.04890985 -0.8119392 0.123924 0.5704364 0.9088946 0.4133345 0.0553643 0.6665114 -0.7343735 0.1282893 -0.9857119 -0.1199103 -0.118294 0.674431 -0.7166996 -0.1774387 0.3054702 0.8899472 0.3386472 -0.4074352 -0.716316 -0.5664697 0.8253765 0.5645718 -0.003505608 -0.8222763 -0.5690622 -0.005467264 0.8147906 0.03114133 -0.5789184 -0.5828935 0.7440456 0.3265446 0.9737585 -0.2131172 0.07984578 -0.9785142 0.206176 0.001203343 0.7588221 -0.3249223 0.5644595 0.1953043 0.6023587 0.773964 0.7240882 -0.686097 -0.07047836 0.7370742 0.4182725 -0.5308198 0.09226041 0.9126211 -0.3982597 -0.82932 0.5186498 0.2079199 -0.3661678 0.9305403 0.003976201 0.007433839 -0.700684 -0.713433 -0.03481464 -0.6838535 -0.7287882 0.8350805 -0.5498027 -0.01890999 -0.8703947 0.1776512 0.4591875 0.121874 -0.9847483 0.124167 0.8861504 0.2576247 0.3851844 -0.618891 0.7251788 -0.3018107 -0.9638432 0.2663459 0.008130478 0.4644312 0.8849937 -0.03301384 0.9920399 0.125605 -0.008958727 0.9440228 -0.3291429 0.02204432 -0.5831399 -0.3706604 0.7228823 -0.5472931 -0.8136968 -0.195877 0.5745138 0.7866833 0.2259719 0.1967511 -0.9350111 0.2950309 0.9834538 0.1789951 -0.02791793 0.5546867 0.8059654 -0.2067427 -0.6561787 0.7223414 -0.2182942 0.9986892 -0.04233149 0.02877416 -0.6806759 0.389984 0.6201555 -0.0120416 -0.9745789 -0.2237208 0.8440826 0.4329013 0.316419 -0.9172789 0.3751566 -0.1336295 -0.0767481 -0.9947126 -0.06823876 0.9390858 0.3436571 -0.00421504 -0.9321848 -0.3610818 -0.02552142 0.8710689 -0.1292564 -0.4738479 0.7977419 -0.2558803 0.5460156 -0.4427902 -0.6639036 0.6026349 -0.02939135 -0.9993352 0.02157104 -0.3512022 0.8039806 0.4798669 -0.326916 -0.9389582 0.1071607 0.3334991 0.9388509 -0.08565876 0.9791154 -0.1965705 -0.05189467 -0.9516941 0.3062639 0.02192885 -0.3163645 -0.9383124 0.1395829 0.6616221 0.6306452 0.4056388 0.6713982 0.396985 0.6258014 0.5764403 0.7741292 0.2616114 0.2802101 0.9588467 0.04577475 -0.5578226 -0.8295083 -0.02738527 0.9983203 -0.04965551 0.02984902 0.3258621 0.927735 0.1819937 -0.5443002 -0.8051585 -0.2354933 0.5826945 -0.7939526 0.1735118 0.9293395 -0.1031788 0.354517 -0.8872872 -0.4318576 0.1619272 0.912928 0.4081111 0.002784594 -0.04083297 -0.9979776 0.04871703 -0.9791222 -0.166891 0.1160479 0.09342645 0.7475765 0.6575719 -0.519566 -0.8451668 0.1254763 0.5225861 0.1063717 -0.8459248 -0.988581 -0.1415941 -0.05156234 0.2892937 -0.9102601 -0.296202 0.5884113 0.5722145 -0.5712641 0.4172161 -0.8014483 -0.428499 -0.8827545 0.1524503 -0.4444135 -0.3531995 -0.5772132 0.7362575 0.6977661 0.08210241 0.711605 0.7629399 0.6459583 0.0257004 0.01003792 0.9998852 0.011347 -0.5995774 0.4535281 -0.6594082 -0.1554726 -0.6696198 0.726249 0.9778205 0.2003115 0.06117504 -0.3223295 -0.5916143 -0.7389833 -0.1830878 0.8074297 -0.5608352 -0.2388104 0.8863276 0.3967278 0.7434038 -0.6632364 -0.08641878 -0.4998269 -0.4745708 0.7245382 0.9287694 -0.2873864 0.2340864 -0.9979202 0.05827804 0.02754775 -0.8715584 -0.1387241 -0.4702569 0.4591967 -0.7675271 -0.4472589 0.5988957 -0.8006926 -0.01467269 0.9667333 -0.2510106 -0.04919683 -0.6331643 0.7735469 -0.02698283 0.6061591 -0.7953332 0.004027467 0.6712192 -0.7412388 0.005465578 0.4347456 0.7910923 -0.430313 -0.5851181 0.7948629 0.1607164 -0.6883268 0.7167583 -0.1116414 0.7750421 -0.6287706 -0.06290762 -0.7441215 0.6680354 0.003438473 0.7656687 -0.6432352 -8.398635e-05 0.360492 0.9327574 -0.00302679 -0.707377 0.6768375 0.2037372 -0.366307 0.8958522 -0.2515314 -0.9012013 0.2567174 -0.3491882 -0.5582822 -0.8280862 -0.05093296 -0.3949513 0.9186853 -0.005552788 0.2405112 0.8015663 -0.5473992 0.5850495 -0.7881428 -0.1911752 -0.2762165 0.9509068 0.1395736 -0.7845197 0.616773 0.0641861 -0.6390203 0.6378831 0.4298352 -0.6952844 -0.7063651 -0.1327706 0.9618059 0.2503391 -0.1107234 0.7888891 -0.6131104 -0.04182963 -0.2342843 -0.8668017 0.4401882 -0.06141555 0.8402285 -0.5387431 -0.9821411 0.04378013 0.1829813 -0.6634236 -0.5312781 0.5268897 0.5946293 -0.7132155 0.371133 -0.5965743 -0.4508464 -0.6639553 -0.9406033 -0.1301787 -0.3135584 0.8566711 -0.3912898 -0.3361649 -0.3739197 0.8356981 0.4022346 0.6325769 -0.7744568 0.007952441 -0.6300807 0.776525 0.002696173 -0.9216154 -0.1110692 -0.371872 0.6182814 -0.7835617 0.06131232 0.9044898 0.1603282 0.3952127 0.743532 -0.6685747 -0.01296406 0.1998779 0.9756068 -0.09077579 0.2092959 -0.9615483 0.1778203 0.2683617 0.944451 0.1897214 -0.2641275 0.96428 0.02001716 -0.9422447 -0.3348582 -0.00669614 0.7618208 -0.6472628 0.02607546 -0.2258047 0.9741254 -0.009592954 -0.9069849 -0.2404445 -0.3457814 0.8767301 0.4475737 -0.1761312 -0.9662241 -0.2565796 -0.02404052 0.9647237 0.2632487 0.002883706 -0.8912814 0.09657803 0.4430464 -0.007276269 0.6633951 0.748234 -0.5034687 -0.8599563 0.08363288 0.5651304 0.2550709 -0.7845804 -0.8585915 0.501048 -0.1084972 0.3940415 -0.7488356 -0.5328945 0.5193457 0.7031072 0.4857164 -0.9654511 0.2197484 0.1400528 0.6255511 0.2827475 0.7271449 0.7631026 0.6462772 0.0005175687 -0.7696771 -0.6323217 0.0881271 -0.856548 0.2224052 -0.4656838 -0.608678 -0.607058 0.5108734 0.871902 0.4383171 -0.2183232 0.8123432 -0.5831797 -0.0001289507 -0.1031366 -0.9946657 -0.001739016 -0.9968163 0.07971494 0.001695654 0.8928862 -0.3375847 -0.2979778 -0.2717901 -0.9194191 0.2842512 -0.05760169 0.7634882 0.6432479 -0.9329315 0.3560332 -0.05365865 0.8446574 -0.5263351 -0.09759766 0.6798774 0.3753005 0.6300129 -0.6214308 0.7834354 -0.007257608 0.7957116 -0.6056236 0.007950724 -0.7842776 0.5705386 0.2437096 -0.8435536 0.3040224 0.442705 -0.1446079 -0.9380914 0.3147586 0.507506 -0.8582847 -0.07605996 0.8222027 0.2100268 -0.5290287 -0.5144532 -0.8575167 -0.001744058 -0.6864403 -0.7270604 -0.01352231 -0.009042408 -0.9873313 0.1584147 0.8958144 -0.2521345 0.3659847 0.8052484 0.5601818 0.1943487 -0.8925001 0.3509506 -0.2833324 0.5747708 -0.7805069 0.2458608 -0.8150072 0.5699724 0.1043781 0.7059289 -0.7010316 0.1010894 0.3062676 0.6801053 0.6660758 -0.05707361 0.9059646 0.4194886 -0.240885 -0.9108947 -0.3350304 0.878068 -0.3373416 -0.339407 -0.04489168 -0.9969504 -0.06383296 -0.7678329 0.6399809 -0.02927695 -0.4931161 0.6880206 -0.5324136 -0.03315966 -0.9984244 -0.04526744 -0.310929 0.8985564 0.3097088 0.9872762 -0.1589812 0.003258979 0.7828858 -0.6208916 0.03979187 -0.3475982 0.7137527 0.6080564 0.9248483 -0.3725325 0.07664959 0.5947206 0.6027523 -0.5319746 -0.05315431 -0.9985063 -0.01264007 0.9302854 -0.2433766 -0.2744758 -0.56001 0.5505483 -0.6191005 0.8661424 -0.1208429 -0.4849684 -0.3757052 0.7817996 0.4976294 -0.5986333 -0.36771 0.7116372 -0.9942654 0.09920893 0.03992313 0.6814135 -0.452836 0.5749915 0.1917654 0.9378567 0.2892244 -0.7235335 0.6816829 -0.1086635 -0.1480596 -0.9542112 -0.2599218 0.7463783 -0.6620904 -0.06749591 0.6841705 -0.5269317 -0.5042358 0.08624801 -0.9937579 -0.07075693 -0.7938328 0.5786146 -0.1871756 -0.8963005 -0.3395346 0.2852397 0.1301736 -0.9863019 0.1013087 0.9775466 0.2056784 0.04581577 -0.9945988 0.1001093 -0.02740984 0.4275562 -0.9034949 0.0298758 0.984793 0.1451546 0.09546161 -0.2380049 0.9599436 0.1478581 -0.3565109 -0.9200634 -0.1624294 0.3701235 0.9250433 -0.08546068 0.2219554 -0.7547886 -0.6172762 -0.8096822 0.2455025 0.5330509 0.5598423 0.602397 0.5689416 -0.9828415 -0.1819259 0.03042416 0.1322991 0.9520739 -0.2757756 -0.8479626 0.2608132 0.4614498 0.8985908 -0.4381145 -0.02429636 -0.902829 0.428344 0.03769857 -0.9546077 0.1841826 -0.2340959 0.8995277 -0.06681722 0.4317237 -0.3427443 0.887779 -0.3072047 -0.8667155 0.2625878 -0.4240894 -0.4213815 -0.5430907 -0.7262851 -0.6456974 0.1783612 0.7424703 -0.5988547 0.8008171 0.008066875 0.5321873 -0.8435175 0.07249083 0.9131448 0.0951025 -0.3963863 -0.7264468 0.214561 0.6528695 -0.6710725 -0.6722687 -0.3125965 0.4461321 0.6124093 -0.6526262 -0.788076 0.2045242 -0.5806084 0.3020313 -0.9179223 -0.2572854 -0.7076283 0.1616353 0.687849 -0.945172 -0.3265311 -0.005216846 0.3588771 -0.9066927 0.2216204 0.4958319 0.7585639 -0.4227666 0.5116835 -0.8055265 0.2988431 -0.7005385 0.7130249 -0.0290052 -0.136046 0.8206778 -0.5549589 -0.7796909 -0.01126761 -0.6260632 -0.9507185 0.3099361 -0.008604668 -0.9562649 0.2890775 -0.04462676 0.8642599 -0.4516043 -0.2216042 -0.8706375 -0.1311834 0.474111 0.7967604 -0.5317823 0.2870199 -0.3699236 0.6648105 0.6489865 0.5482783 0.8362527 0.008508341 0.8945136 -0.08271127 0.4393226 -0.4096844 -0.8034734 -0.4319596 0.3496166 -0.926892 -0.1365263 -0.426272 -0.9040648 -0.03096776 0.9307905 -0.3653534 0.01207816 -0.9974672 0.04294756 -0.05669768 0.9996075 0.01968903 0.01992801 0.2960192 0.9545523 -0.03467834 -0.9064549 -0.1849655 0.3796409 0.5715167 -0.7666352 -0.2926417 0.4118638 0.9112303 -0.005249063 -0.605658 -0.7632417 -0.2250344 0.8212463 0.5705605 -0.003899138 -0.6140451 -0.733274 0.2919897 0.8104176 0.5857702 -0.00982583 0.9568138 0.1436438 0.2527327 -0.5314706 0.6920757 -0.4884366 -0.4875587 -0.8397723 0.2388912 -0.07464428 -0.9969695 -0.02190898 0.06698714 0.9976677 0.01310914 -0.6531372 -0.75278 -0.08206199 0.8243827 0.1033019 -0.5565266 -0.4826527 0.7096642 -0.5132476 -0.3992097 -0.8426089 -0.3614441 -0.3778923 0.6306913 0.6778096 -0.3114043 -0.8184445 0.482883 -0.0754799 -0.9965021 0.03586625 0.7108411 0.7033325 0.005327021 -0.704913 -0.7092354 0.009103868 0.9371333 0.2989675 0.1799992 -0.9197472 0.3498402 0.17798 -0.5657876 -0.7462424 -0.3507231 0.4079692 0.4981524 -0.7651178 -0.6037228 -0.3961811 -0.6917798 -0.08714776 0.9422101 0.3234894 0.7720935 -0.5640325 0.292812 0.8394808 -0.3046732 0.4499403 -0.7271519 -0.1937697 0.6585616 0.7253437 0.6880953 0.02003513 -0.7400435 0.6725256 -0.006702152 -0.2109106 -0.9771569 0.02609886 -0.7100634 0.699346 0.08200715 -0.850581 -0.5091745 -0.1313515 0.8878875 -0.4596541 -0.01933362 0.6510255 0.5102288 -0.5619896 -0.3099977 -0.9507056 0.007764071 -0.800301 0.2056857 -0.5632155 0.7094165 -0.7047738 -0.004707141 0.6880454 -0.7240264 0.04877793 0.09996697 -0.7197035 0.6870469 -0.3046697 -0.952458 0.0004019628 0.6553143 0.5743537 -0.4905926 -0.7731294 -0.3418466 0.5342396 0.1657144 -0.9775215 0.1303475 0.7177573 -0.6377705 -0.2794159 -0.09151103 -0.9955175 0.02388815 0.9251714 -0.3161243 -0.2100557 -0.9610923 -0.236231 -0.1431662 0.9509961 -0.2510914 0.1804423 0.8596912 0.4821096 0.1688237 0.7765208 0.5648472 0.2792187 -0.6874456 -0.7023927 -0.1845619 -0.04208246 -0.9827088 0.1803123 0.2941273 0.9491703 -0.1120931 -0.3345912 -0.9423633 0.000480753 -0.7146556 0.6717064 -0.1951356 0.327323 0.9448583 -0.01012242 0.5807147 -0.814041 -0.01037925 0.9991783 -0.0404085 -0.003148422 0.9210902 0.369431 -0.1229375 -0.3313182 0.5286202 0.7815299 -0.3837398 -0.737408 -0.5558536 -0.05136531 -0.8461428 -0.5304753 -0.07981252 0.9968 -0.004430636 0.9468383 0.3216902 0.003556155 0.2743672 -0.9105867 0.309119 0.3874234 0.5996563 0.7002252 -0.5433786 0.8394873 0.0008772235 0.6322977 0.6647317 -0.3979086 -0.9746922 0.2122416 0.0702047 -0.9818765 -0.02132285 0.1883183 0.596207 -0.7595023 0.2601796 -0.7028923 0.7085968 0.06191133 -0.5901102 -0.8062853 0.04091319 0.6830809 0.5101101 0.5226741 -0.3774708 0.9111503 0.1652908 -0.8608733 0.4358302 -0.2625818 0.9800403 0.154188 -0.1254876 0.02769192 -0.9996165 -0.0002621241 0.9365263 -0.08174823 -0.3409336 -0.5370161 0.2407008 0.8085028 0.2519109 0.9676576 -0.01340142 -0.8745673 -0.3369691 0.3486888 0.6769165 -0.65694 -0.3319849 0.4000995 0.9162906 -0.01821539 0.5924168 -0.4975931 -0.6335956 -0.7376957 -0.4992226 -0.4545128 0.4061248 0.9136914 0.01518781 0.8250043 0.5644983 0.0266372 0.9410688 0.2822441 0.1863538 -0.5730882 0.6585927 -0.4876737 -0.3548127 -0.8834449 0.3059952 0.7696869 0.03895738 0.6372318 -0.5414805 0.7590841 0.3613726 -0.05485107 -0.9096313 -0.4117794 0.9742715 -0.2101722 -0.0813797 0.5245648 -0.8513658 0.002822382 -0.04129609 0.8591689 -0.510023 0.7692071 -0.5151196 -0.3781167 -0.5925706 -0.577029 -0.5620477 -0.3479962 -0.9372994 0.01919743 -0.9981546 0.0563047 0.02274289 0.9873939 -0.1490234 0.05334056 -0.8967076 0.441471 -0.0319193 0.08467275 -0.9958013 0.03479008 -0.8000998 0.3744754 0.468624 -0.844148 -0.4356559 0.312439 0.07194752 -0.9768861 -0.2012886 -0.9493518 0.3134179 0.02237023 0.4952695 -0.6518417 -0.5742913 -0.9522008 0.3050108 -0.01679605 0.3361362 -0.7022159 0.6276187 0.1553376 0.9877198 0.0167291 -0.1515243 -0.9884032 -0.009979863 0.3998774 0.8531927 0.3349033 0.7784804 -0.5884084 0.2185034 0.828015 0.5594601 -0.03735679 0.04454442 -0.9742244 0.2211394 0.9872836 0.1589014 -0.004632698 0.4842809 -0.3231953 -0.8130294 0.2250943 -0.9743119 -0.006985763 0.5129986 0.8574781 -0.03954507 -0.6994915 -0.456041 -0.5502166 -0.5356374 -0.8444425 0.003068605 0.9871991 0.1594466 0.003826103 0.1374899 0.4232603 0.8955151 -0.8978721 -0.01791786 -0.4398916 0.1470613 -0.5068055 -0.849424 0.4783704 0.398244 -0.7826643 0.9969136 0.02195905 -0.07537336 -0.2387496 -0.9683143 -0.0732529 -0.1962804 -0.9782516 0.06706535 0.5570209 0.7327718 -0.3908622 -0.9057116 0.1976678 0.3749852 -0.03433562 -0.9693797 0.2431543 0.8723154 0.06821294 -0.4841619 0.1221372 -0.9925124 -0.001262901 0.8109172 -0.1004101 0.5764817 -0.2953607 0.9053526 -0.3051208 -0.5042685 -0.83361 -0.2254056 -0.7184882 0.6939628 -0.04680115 0.4206461 0.7819677 -0.4599819 -0.8663932 0.1721151 -0.4687634 0.09113354 0.8925026 0.4417394 -0.8001236 0.1073784 0.5901458 0.8116829 -0.5840854 0.003891213 -0.8026132 0.02663339 0.5959049 -0.3365846 -0.8065568 -0.4859804 0.4299682 -0.0821362 -0.8991001 -0.146446 0.6037077 -0.7836393 -0.3025277 -0.9529265 -0.02020343 -0.9340474 -0.3562962 -0.02466818 -0.4425742 -0.3650542 -0.8190626 0.612971 -0.7900966 0.003730463 -0.4118417 -0.8795665 0.238221 -0.2461692 0.7034158 -0.6667885 -0.9419989 0.2982321 -0.1539344 0.1991827 -0.6919596 0.6939151 -0.5377856 0.8387198 -0.08564836 -0.5795125 0.8145426 -0.02618518 -0.9259783 -0.3544604 0.130085 0.8932463 0.2625028 0.3649703 -0.3974014 0.9046137 0.1540982 -0.404995 -0.8385026 -0.3645441 -0.02969515 0.5699935 -0.8211124 0.7171351 0.3142354 -0.6220719 -0.791102 0.5145531 0.3307456 -0.8994315 0.4169508 0.1310535 0.905109 -0.1609701 -0.3935305 -0.3176484 0.9334379 0.1667128 -0.54752 -0.8056297 0.2262357 -0.04215526 -0.9980608 -0.04580012 -0.9979108 -0.06449399 0.00381772 -0.0652057 -0.9978584 0.005187974 0.5555704 0.520335 0.6485314 -0.9638288 -0.2664314 0.006957099 0.09036786 0.9956304 0.02353074 0.9200775 0.3910409 0.02333275 -0.4582016 0.888814 -0.007805771 -0.539175 -0.8416452 0.03039302 0.8541359 0.4341349 -0.2863192 0.2975913 0.953313 0.05131942 0.5893127 -0.703091 -0.3979618 0.5657218 0.6892243 -0.4526906 -0.9930345 0.1174382 -0.009521316 0.9356008 -0.3478266 0.06056181 0.3446648 0.9252953 -0.1582239 -0.7810725 0.591103 -0.2013035 -0.9794771 -0.1984793 -0.03507866 0.1332028 0.8303507 -0.5410867 0.2223892 -0.9749567 0.001549267 0.1139263 0.7529773 0.6481095 -0.6121755 -0.4561686 0.6458726 0.373644 -0.3587828 0.8553742 0.6720322 0.1718886 0.7202964 -0.949478 0.2783226 0.1450105 0.6297948 -0.4840757 -0.6074778 -0.2764187 -0.9610296 -0.003858483 0.2741687 0.9616227 0.01064145 -0.7754266 0.351036 -0.5248688 0.1985856 0.9779014 -0.06536496 0.7712202 0.419417 0.478862 -0.5571481 0.5543027 0.618332 0.8863743 0.1863836 -0.4237946 -0.6721191 0.7281333 0.1344536 0.4577524 -0.8888626 0.01964745 -0.7321605 0.6790532 -0.05317574 0.8899941 -0.3857656 -0.2430955 -0.8262021 0.2092124 -0.5230872 -0.5003761 0.8307044 -0.2440368 -0.2530201 -0.9386816 -0.2342172 -0.448855 0.7608276 0.4686903 0.6060315 0.1202551 0.786298 0.7793288 -0.6262981 0.01993221 -0.1318183 0.9911828 0.01343705 -0.2528547 -0.8311998 0.4951479 0.8254304 0.05372558 0.5619414 -0.4119156 0.8288817 -0.3785244 -0.4697699 -0.8605431 -0.1969308 0.645269 0.763953 -0.001903699 -0.6418504 -0.2360207 -0.7296042 0.8116373 -0.5841575 0.002194786 0.7773876 -0.628981 0.007176737 0.8992497 0.2187405 -0.3788174 0.6721108 0.7089454 0.2136899 -0.376759 0.5060748 0.7758486 0.1789989 -0.6583028 -0.7311613 0.3171369 0.9465819 0.05836798 -0.5001088 -0.6756465 0.5416576 0.7663359 -0.2440632 0.5942748 -0.06547359 0.8353656 0.5457816 -0.3999553 0.8618027 0.3119805 0.9830695 -0.174522 0.05582447 0.663629 0.4690047 -0.5827788 -0.6219458 -0.4781444 0.6201301 -0.6271704 -0.7698427 -0.1183194 0.7003545 -0.698198 -0.1484019 -0.5825789 0.8125467 0.01922739 0.7634946 -0.4419949 0.4708678 0.5999293 -0.8000278 0.006348465 0.9578089 -0.07086508 0.2785322 -0.6360535 0.7701107 0.04863631 -0.4781904 -0.7957301 -0.3716821 -0.9444902 0.3281309 -0.01638019 -0.04005444 0.9991739 -0.006869385 -0.0412221 0.9989342 -0.0207646 -0.08323586 -0.9397836 -0.3314795 0.4068648 -0.8565866 -0.3173649 -0.8587503 -0.3255074 0.3957182 0.3210924 0.560989 0.7630144 0.322533 -0.6730285 0.6655863 0.9193892 -0.004821755 -0.3933195 -0.4479099 0.8653589 0.2247902 -0.5091452 -0.8352252 0.207774 -0.06915464 -0.9975571 -0.009875984 0.5932768 0.4640905 -0.6577558 -0.998145 -0.0558908 -0.02414041 -0.05862767 -0.9978049 0.03079352 0.5733441 -0.8179903 0.04656605 -0.2988881 0.9538814 -0.02785933 -0.662705 -0.7482647 0.03036565 0.5202449 -0.8337299 0.1850395 -0.2880566 0.9272212 -0.2393412 -0.9834457 0.04133654 0.1764249 -0.6599358 -0.6595293 0.3598692 0.2173397 0.9621078 0.164657 -0.2520019 -0.9677226 0.002832834 -0.7534917 0.6555869 0.04955895 0.4815621 0.8684277 0.1180305 0.5212594 -0.5361325 0.6639658 -0.3349337 0.9335598 0.127615 -0.2405918 -0.4686017 -0.8500165 0.5073109 0.8601653 -0.05245317 -0.8900154 0.3425613 -0.3008725 0.0784784 -0.8123435 -0.5778747 -0.8835594 0.1746598 -0.4345304 0.6684273 0.5917773 -0.4505603 -0.2276883 0.6305308 0.7420168 -0.3687661 -0.5908013 0.7176109 0.02740959 -0.9992823 0.02614534 0.7742574 -0.6327656 0.01154355 0.7232969 0.1832005 -0.6657922 -0.4216807 0.5349717 0.7321139 -0.4547432 -0.8884458 0.06223077 -0.2579209 0.6155323 -0.7447126 0.7406684 -0.3597516 -0.5674408 0.8388405 -0.3665299 0.4024953 -0.9822386 -0.1657714 -0.08790443 -0.05754185 0.6805696 0.7304204 -0.8040543 -0.5448794 0.237914 0.6691873 0.7425651 0.02802462 0.4347586 0.764114 -0.4765656 -0.8830667 0.1208258 -0.453425 -0.9993464 0.03292362 -0.01492682 -0.8001218 -0.5977461 -0.050047 0.9995649 0.01079307 -0.02744993 -0.9997059 0.02390412 0.004097238 -0.998141 -0.06069229 0.005560261 0.3447135 -0.8311222 -0.4363581 0.9857435 -0.0400173 0.1634269 0.9895083 0.08932787 -0.1135508 -0.9751685 -0.2120171 -0.06399301 0.9865613 0.1633538 0.003498041 -0.9806689 -0.1956743 -8.544134e-05 0.5028227 -0.8643841 -0.003079226 0.969764 0.1290754 0.2071166 0.9272407 -0.2736603 -0.2556066 0.7620309 0.5418955 -0.354483 -0.2974812 0.9533207 -0.05181298 0.9639915 -0.265873 -0.005648982 0.4729306 -0.6851516 -0.5539892 -0.9802738 0.03586588 -0.194363 0.914624 -0.3785698 0.1419432 0.971724 0.2269124 0.06529336 0.8944523 0.099833 0.4358767 -0.1168137 0.9839318 -0.1350291 -0.4056243 -0.9070756 -0.1126175 -0.9716359 -0.2326216 -0.04255299 -0.5284303 0.7222 0.4463054 0.6907914 -0.4748009 -0.5453176 0.647638 0.7388865 0.1860424 -8.545351e-05 0.8458404 0.5334361 -0.9261705 -0.01837505 0.3766571 0.02076057 0.7417873 -0.6703138 0.4854261 0.8142205 -0.3184438 -0.839216 -0.4233442 -0.3413153 0.8835711 -0.2297749 0.4080509 -0.9999196 -0.009765949 0.008090201 0.999975 0.006524695 0.002742881 0.4881311 0.7869528 -0.3774034 -0.9980279 0.007083503 0.06237041 -0.4389566 -0.804079 0.4009665 -0.9866111 -0.1625562 -0.01318861 0.6365646 -0.765676 -0.0923351 -0.8809301 0.4373478 0.180801 0.5691749 -0.7992713 0.1928869 0.9178127 -0.3964912 0.02036379 0.3275076 0.944824 -0.006812139 -0.9813964 -0.1901509 0.02652688 0.9015512 -0.4325623 -0.009759128 0.3783821 0.8565037 -0.3510391 -0.1984652 -0.9636078 -0.1790854 0.403597 0.9146099 -0.02445675 -0.3974572 -0.917616 0.002933664 0.6302863 0.6332245 0.4491837 0.5173718 -0.4050009 0.7538572 -0.3565881 0.9303804 0.08507134 -0.1524628 -0.5942159 -0.7897231 0.9275607 0.3570059 -0.1103541 -0.8267426 0.1596366 -0.5394561 0.2233498 -0.8413953 0.4921064 0.7746848 0.6160983 0.1424303 -0.1687007 -0.6589766 0.7330006 0.02755714 -0.9996201 0.0005265351 -0.01255234 0.995895 0.08964166 0.7062881 0.527641 -0.4719662 -0.0930342 0.8506899 0.5173697 -0.2026124 -0.9537816 -0.2219207 -0.96296 -0.2696443 -0.0001311846 -0.7119976 0.7021797 -0.001769142 0.6852403 0.728315 0.001725029 -0.8203109 -0.4852633 -0.3026707 -0.5470777 0.7856965 0.2887681 0.6274767 -0.4291256 0.6497108 0.8609691 0.50572 -0.05458549 -0.9386261 -0.3303425 -0.09927192 -0.1310516 -0.7600382 0.6365277 0.9999624 -0.004546554 -0.007383332 -0.9700843 -0.2426335 0.008088454 0.9345815 0.2553714 0.2476747 0.7619452 0.4668857 0.4488399 -0.6408064 0.6979868 0.3196586 -0.9870892 0.1402457 -0.07736981 -0.3482286 -0.7693439 -0.5355808 -0.347862 0.9375441 -0.001774272 -0.138532 0.9902624 -0.01375653 -0.7647461 0.6238701 0.1610885 -0.7549435 -0.5404446 0.3714566 -0.0659486 -0.9780649 0.1975852 0.8306107 0.4766923 -0.2878374 -0.9674932 0.03909888 0.2498563 0.9541335 0.2799252 0.1061662 -0.9882721 -0.112897 0.1028224 0.3368857 -0.6590574 0.672422 0.7406136 -0.5200808 0.4254496 -0.5594148 0.7558709 -0.3401679 -0.8105017 -0.4736476 -0.344594 -0.750131 0.6580935 -0.06493418 0.9794665 0.1993946 -0.0297837 0.8411272 -0.04485574 -0.538974 -0.7586404 0.6498801 -0.04605001 0.8942672 -0.3183491 0.3145474 -0.7411547 -0.6713261 0.003315437 -0.9739609 -0.223073 0.04048011 0.7694659 -0.1736363 0.6146321 -0.8687509 -0.4890732 0.07796946 0.09833479 -0.8368461 -0.538534 -0.7462327 0.6655609 -0.01285902 -0.7704027 -0.5733363 -0.278864 0.7746075 0.09244503 -0.6256494 -0.6330777 -0.5981497 -0.4913548 0.8414738 -0.1945032 0.5040738 0.08634415 0.691038 0.7176428 0.698844 0.7141201 0.04061363 -0.7749154 -0.2474772 0.5816023 0.611365 -0.7347863 0.2938058 0.9841444 0.1387241 -0.1105232 -0.6515722 0.7111244 -0.2641131 -0.983253 -0.1688177 -0.06865974 -0.8352406 -0.2038414 -0.5107072 -0.8295824 0.553726 -0.07197643 0.9472476 0.25789 -0.1903018 0.2947234 0.9105887 0.2897695 -0.8511356 0.5147328 0.1030453 -0.002400788 -0.9988904 0.04703463 0.3050295 0.9519271 -0.02814006 -0.9727006 -0.230028 0.0306716 0.9766547 -0.1904543 0.09936151 -0.06701661 0.7791271 -0.6232734 -0.5591697 0.6586614 -0.5034823 -0.8407522 -0.3779072 0.3877138 0.8657679 -0.4984853 -0.0442531 0.8673268 -0.4954333 -0.04785476 0.4152049 -0.9088788 -0.0392958 -0.6395486 0.7326687 -0.2327535 -0.6282639 0.631731 0.454093 -0.04269369 -0.9990873 0.001379687 -0.5111936 0.857596 -0.05665895 -0.03129107 -0.9503926 -0.3094749 0.8408101 0.3540053 0.4095346 -0.5185294 0.8459462 0.1245077 -0.7961037 0.2294663 -0.559968 0.02352474 -0.8262471 -0.5628164 0.8712914 0.4907339 -0.005612627 -0.3061547 -0.404358 0.8618375 -0.8796835 -0.4755597 0 0.6261466 -0.7796134 0.01197623 -0.4597641 -0.8446354 0.2742406 0.5184638 -0.785163 -0.3386952 -0.8198125 -0.1442851 0.5541564 0.6209611 -0.2454394 -0.7444239 0.3394653 -0.9405043 -0.01466398 0.2801081 0.756436 -0.5910534 -0.7379639 0.3995048 -0.5438797 -0.6460614 0.1499086 0.7484197 0.3400916 -0.9402273 0.01761451 -0.1888467 0.9802755 0.0582823 0.7666817 -0.4405818 0.4669978 0.03841734 0.951828 -0.3042164 -0.8464345 -0.5082008 -0.1589987 0.9994349 0.01273105 -0.03111 -0.1753292 -0.8020967 -0.570877 -0.5592252 0.5579062 0.6131949 0.5867431 -0.2203649 0.7792123 -0.9853953 -0.07202804 0.1542987 0.3022411 -0.9531041 0.0155871 0.002094333 -0.8832952 -0.4688125 -0.8710664 0.4181689 0.2576395 -0.9445879 -0.3060653 -0.1186498 0.8838827 0.4676869 -0.00452101 0.7038157 -0.1786677 -0.6875473 -0.709663 -0.654302 -0.2612801 0.09083423 0.7926955 0.6028126 -0.6242752 -0.673016 0.3966483 0.9266284 0.2996401 0.2271025 0.4958222 0.8684241 -0.0001342627 -0.1979331 -0.7730609 0.6026602 0.5480182 -0.8021347 0.2371832 0.8929711 0.05773384 -0.4463961 -0.8820121 0.4699152 -0.03513417 -0.2784405 0.9022392 -0.329295 0.8355785 -0.5423131 -0.08777875 -0.8767335 0.007662471 -0.4809155 0.7632722 -0.6266863 -0.1570982 -0.4340747 0.8796181 -0.1945538 0.7627349 -0.6251404 0.1656349 0.8617036 -0.1967684 0.4677061 -0.174713 0.909906 0.3762265 -0.07802884 -0.9891573 -0.1244163 0.8053172 0.4345874 0.4032344 -0.7516618 0.6092753 -0.2525631 0.6030843 -0.7976147 0.01000255 -0.09000389 0.9956569 -0.02380297 -0.05033284 -0.9591256 -0.2784685 0.3274496 0.9315685 0.1579773 -0.892837 -0.3141876 0.3226891 0.8786148 0.4771789 -0.018338 -0.874611 -0.4848254 -0 -0.6834183 0.5706075 -0.4553532 -0.5890645 0.6003679 -0.5408895 -0.8543921 -0.5168551 0.05361854 0.906377 0.1036181 0.4095657 -0.4855543 0.6518533 0.5825155 -0.1082298 -0.660279 0.743181 0.8948566 -0.09735562 0.435607 -0.08631637 0.6367317 -0.766239 -0.7840757 -0.5118813 0.3510026 -0.9845932 -0.1676417 -0.0497235 0.7859114 -0.2913692 -0.5453873 -0.4974353 0.8675011 6.001117e-05 -0.9904696 -0.1375726 0.006616549 -0.9920461 -0.1238631 -0.02241431 -0.4033716 0.8964577 0.1834528 0.5219543 -0.8527254 0.02056907 0.8118915 0.5837678 -0.006880835 -0.9117961 0.4097681 0.02679421 0.9403479 -0.2891034 0.179346 -0.608654 -0.5843943 0.5366783 0.4011595 -0.9143926 0.05437977 0.8623223 -0.4974266 0.0946944 0.4416453 -0.8969572 -0.02042715 0.9314547 -0.2526943 0.2617969 -0.8544114 0.506341 -0.1166189 -0.613888 -0.6781615 -0.4040278 -0.9044357 -0.4229115 -0.05605302 -0.6397915 0.7685002 -0.008616113 -0.7830327 -0.6148026 -0.09422089 0.8645695 0.5024822 -0.005588901 0.8511398 0.5209191 0.06484073 -0.7871797 0.1379114 0.6011061 0.8114224 -0.2649366 -0.5209629 0.4740509 0.8446083 -0.2488223 -0.2079444 0.9627193 0.1730045 -0.8495737 -0.511274 -0.1297053 -0.3548475 0.9349139 -0.004376481 -0.4175003 -0.6586097 -0.6260405 -0.2807929 -0.6360404 0.7187544 0.5147563 -0.3032158 0.8019265 0.3427723 0.3926512 0.8534238 0.9556496 0.293575 0.02339843 0.8406656 -0.2990255 0.4515142 -0.009427108 0.9464178 -0.3228071 -0.775846 -0.6248657 -0.08721208 0.4979825 0.8670273 -0.01664817 0.4519447 0.2705024 -0.8500438 0.9999976 0.001747719 0.001299462 -0.6390567 0.3127133 -0.7027211 -0.1856196 -0.6160147 -0.7655529 0.7303768 0.4469871 0.5164807 0.9707245 0.161936 0.1773999 -0.3661346 -0.2273254 0.9023684 0.6484287 -0.6687242 -0.3637969 0.8139295 0.5208527 0.2573542 0.08507398 0.8729337 0.4803636 0.886646 0.4622727 -0.01276212 0.6710879 -0.7412093 -0.01580557 -0.1786462 0.8398948 -0.5125058 0.814338 -0.05825578 0.5774598 -0.4988806 -0.8666295 0.008457202 0.5559609 0.5663169 -0.6084346 -0.5388716 0.8140979 -0.2164764 -0.9175222 0.2941526 0.2676328 -0.1649302 -0.7054237 0.6893297 0.06125752 -0.9963088 -0.06013635 0.7819872 0.4812254 0.3961289 -0.8272988 0.4788709 -0.2936996 0.4333998 -0.777931 -0.4549593 0.7685797 0.6249228 -0.1369551 -0.8110674 0.3045804 0.4994001 0.8590763 0.08643555 -0.5044966 -0.2586633 -0.6673377 -0.6983937 -0.9466375 0.322286 0.003018791 0.2830747 -0.9543826 0.09498742 0.9421249 0.007046718 0.3351881 -0.2466221 0.5951203 -0.7648591 -0.753333 -0.5334684 0.3845787 -0.4531687 0.888353 -0.07393945 -0.9689425 0.2472801 0.001727433 -0.991481 -0.1296718 -0.01227451 0.7094675 -0.3110401 0.6323844 0.9695355 -0.2410699 0.04343094 -0.8515067 0.5236997 -0.0259813 -0.009077816 -0.9995577 0.02831895 0.9186044 -0.2929471 -0.2652321 -0.3205208 0.945812 -0.05201925 -0.6380789 -0.6795278 0.3620736 0.315031 0.9490808 -0.001072987 -0.6862143 0.2189614 -0.6936612 0.6124722 0.6838042 0.3965976 -0.8903083 0.09602674 0.4451179 -0.0432923 -0.957768 0.2842643 0.4180012 -0.9084385 0.003822415 0.9590722 -0.01999701 0.2824547 0.9311645 0.2512633 0.2641958 -0.6543335 0.7216188 -0.226084 -0.5107142 -0.8549455 -0.09077 0.9025182 -0.319654 -0.2885865 -0.9048556 -0.425718 0.0007489831 -0.6270544 -0.7785811 -0.02478493 -0.7694623 0.6385776 0.01209932 -0.6726308 -0.7399687 0.003745534 0.6747132 0.7372786 0.03438491 -0.6796389 -0.7335466 -0.0006213086 0.4160142 0.3061433 0.8562759 -0.6790337 0.7052394 0.2038397 0.6398735 0.7473703 0.1788841 -0.8562668 0.1775159 0.4850724 -0.9342009 -0.2562571 0.2481954 0.05755611 -0.8561671 -0.5134833 0.6706242 0.7417647 -0.006957831 0.3993136 0.478668 -0.7819371 -0.996194 -0.08712478 -0.00259545 -0.4600955 0.3871641 -0.7990094 -0.6683956 -0.743805 0.001189592 0.5955399 0.08804191 -0.7984866 -0.2243734 -0.7047024 -0.6730907 -0.2866934 -0.9144918 -0.2855024 0.265333 0.595603 0.7581922 0.7932533 -0.6088031 -0.01039583 0.7941092 -0.6077266 0.007681458 -0.2477484 0.9068965 -0.3408217 -0.9645272 -0.1919786 0.1811946 -0.7364438 -0.6617413 -0.1405312 0.8165756 0.5765055 -0.02908265 0.4919005 0.8690451 -0.05286358 0.8638297 0.3287897 0.3817009 0.5609727 0.8278307 0.002452235 0.8130972 0.4420452 0.378773 -0.3245468 0.9290768 0.1774422 0.03305288 -0.9649104 -0.2604907 -0.1063502 -0.9942174 -0.01488052 -0.5232405 -0.2364857 -0.8187148 0.926855 -0.365146 -0.08722483 0.3966138 0.8906689 -0.2222757 0.2640262 0.9196788 0.2906563 -0.7420927 -0.2903517 0.6041477 -0.9481677 0.317611 0.01006533 0.2534206 0.9656352 -0.05767773 -0.9160697 0.2006397 0.3472174 0.4469173 -0.8761239 -0.1807535 0.8116973 0.5840718 -0.002783821 0.8657099 0.2606021 -0.4273556 -0.9968404 0.07782319 -0.01589868 -0.2727788 -0.7617413 -0.5876579 -0.8100283 -0.5863899 0.0009747787 0.8105404 0.5856828 0 0.9980991 -0.06152431 0.003599851 0.8240531 0.5558403 0.1094438 0.02664544 0.9576549 -0.286683 0.730404 0.6395559 0.2397464 -0.9798216 -0.1955069 -0.04155318 -0.9084436 -0.4160352 -0.04055671 -0.9883481 0.1520253 0.007506239 0.7445032 -0.2968989 0.5979682 0.9209032 -0.3503123 -0.1709344 -0.1130816 0.9133179 0.3912326 -0.8120029 -0.5479444 -0.2010179 0.723486 0.6003009 -0.3408911 -0.9148216 0.003720712 -0.4038411 0.8959143 -0.4440965 0.0107654 0.9230956 0.3841589 0.01778861 -0.8457398 0.1072481 0.5227064 0.2920832 0.6877922 0.664552 -0.8957206 0.2157472 0.3887643 0.7746376 0.3297399 -0.5396371 -0.3100616 0.9014795 -0.3019875 -0.8271218 0.5497742 0.1166953 -0.6051465 -0.5350811 0.5894794 -0.7610379 -0.600162 -0.2462253 0.9779024 0.2079026 0.02198598 0.2164282 0.9761861 0.01481849 0.9527788 0.3030707 0.0189906 -0.3728431 0.9278727 -0.006352624 -0.615816 -0.7875016 0.02473856 0.9419635 -0.1418386 -0.3042803 -0.3642931 0.9307176 -0.03248443 -0.5203824 -0.7850658 0.3359671 0.5584318 0.6502491 -0.5151019 0.4231128 -0.906077 0.0001758028 -0.4236834 0.9058097 -0.001135645 0.01801813 -0.8882349 -0.459036 0.9005405 0.4342895 0.02048279 -0.4166741 0.9090429 -0.004875354 -0.5302981 0.8255312 -0.1930859 -0.4231421 -0.903789 -0.06415716 -0.6942901 0.7087178 -0.1252208 0.7218789 0.6843531 0.1027214 0.3860253 -0.7190535 -0.577881 -0.639697 0.4510972 0.6223336 0.5515201 -0.2003782 0.8097371 0.4247156 -0.9053262 0.001054842 -0.5661464 0.4638698 0.6813979 0.6083906 -0.3365153 0.7187617 0.9835852 -0.1794884 0.0185511 0.4369995 0.8122419 -0.3863865 -0.6536144 -0.6586045 0.372865 0.5635859 -0.7715047 0.295214 -0.7825446 -0.6221848 0.02258562 -0.757551 -0.1953786 0.6228513 -0.5705755 -0.8212094 0.007667431 0.9505381 -0.1811828 0.2522897 -0.7389531 0.6731349 -0.02894474 -0.5546088 -0.7474411 -0.365706 -0.511132 -0.8593978 -0.01339762 0.6214442 -0.5132367 -0.5919419 0.3135065 -0.7366447 0.5992231 0.1286908 0.9915871 0.01391905 -0.119985 -0.9927084 0.01156386 0.5493736 0.8199313 -0.1609387 -0.9350876 -0.09819147 0.3405431 0.3745166 -0.9136615 -0.1579874 0.9979523 -0.06396142 -0.0004937041 -0.6474033 0.5123856 -0.5642074 -0.5228209 0.5823669 0.6225007 -0.1278219 -0.7460684 0.6534857 0.8724923 0.2653771 0.410283 0.87105 -0.3074706 0.3830584 -0.7391867 0.5507397 -0.387671 -0.8978054 -0.4141288 -0.149809 0.05811425 -0.9350357 0.3497585 0.9274192 0.3736836 -0.01594064 0.9239494 0.3824595 0.006492492 -0.8920393 -0.447283 0.06483714 0.9899834 0.1358125 0.03857221 -0.7726412 0.5715544 0.276317 -0.4810441 -0.8168348 -0.3183984 -0.9443363 -0.3278507 -0.02725439 0.8886576 -0.4585144 -0.00722918 -0.9379248 -0.3468334 0.00193699 0.9201863 -0.2790492 -0.27457 -0.0801636 -0.8637691 0.4974703 0.1891641 0.9816263 -0.0250331 0.9580665 0.2864054 -0.008974351 0.9671892 0.2498912 -0.04581945 -0.5330535 -0.8308486 0.1598267 -0.4131189 -0.9062756 0.08942795 -0.992839 -0.1088338 0.04925362 0.9799357 -0.1971232 -0.02946967 -0.336897 0.9409935 0.03212059 -0.08047613 -0.991315 0.1040106 0.7527932 0.1505543 -0.6408087 0.5851616 0.6214574 -0.5209382 -0.4658014 0.78773 0.4031259 -0.3989398 -0.9158054 -0.04634144 -0.3957271 -0.9169999 -0.05011225 -0.8569271 -0.5137923 -0.04115102 0.6551792 0.7152839 -0.2431236 0.5523556 0.6878706 0.4708899 -0.9976277 -0.06882506 0.001444932 0.7952149 0.6034181 -0.05932913 -0.9436016 -0.07439029 -0.3226177 0.441859 -0.7897743 0.4254611 0.7823574 0.6090479 0.1302979 0.1373203 0.8045832 -0.5777448 -0.8062197 -0.1136555 -0.5805964 0.5847036 -0.8112257 -0.005878039 -0.4210583 0.2503772 0.8717919 -0.5705591 0.8212566 0 -0.7050354 -0.7090612 0.0125425 -0.8873547 0.3615366 0.2861695 -0.7185671 -0.5993519 -0.3527585 -0.2312652 0.787033 0.5719227 -0.1702582 -0.6278083 -0.7595188 -0.8968445 -0.4420792 -0.01535728 0.7700095 -0.1909312 -0.6087945 0.3104305 0.7669563 -0.5616146 0.07502674 0.6415699 0.7633866 -0.8964955 -0.4426687 0.01844722 0.9529932 0.2967818 0.06102843 -0.3488048 -0.802546 0.4839991 0.9459577 0.06751048 -0.3171849 -0.5985627 0.7836213 -0.1663143 0.123938 -0.991755 -0.03257967 -0.8040457 0.08361258 -0.588659 0.483443 0.6069243 0.6308135 -0.1493312 -0.5905238 0.7930837 -0.1811 0.9701287 0.1614095 -0.9135097 -0.4064893 0.01632402 -0.8683782 -0.09938866 -0.4858408 0.317552 0.909297 0.2689604 -0.4090676 0.9040155 -0.1241761 0.5632023 -0.8263055 -0.004734803 -0.09698856 -0.7034174 -0.7041287 -0.7268591 0.6303101 -0.2727362 0.7842048 -0.001964553 0.6204989 -0.7327866 0.5413418 0.4122777 0.3999638 -0.8852916 0.2372506 0.9182353 -0.3960353 -0.0001406119 -0.7767551 0.108723 0.6203473 -0.734125 -0.6322122 0.2477259 0.1553203 -0.8726113 -0.4630607 0.3687543 0.9287984 -0.03679346 0.8611139 0.3752132 -0.3430713 -0.4457283 -0.8904389 -0.09189554 -0.08902256 0.8625308 -0.498112 -0.5371534 -0.8273219 -0.1643311 0.8243022 0.5283576 -0.2033819 -0.5356074 -0.8265067 0.1732379 -0.09855161 -0.8691007 0.484718 0.8787909 0.2730841 0.3913458 -0.990952 -0.03257951 -0.1302024 0.5175032 -0.7460659 0.4190181 0.5201811 0.8123282 -0.2636938 -0.7254943 -0.6881485 0.01047552 0.9794154 0.2003099 -0.02492793 -0.9551864 -0.05657154 -0.2905487 0.9610775 -0.2214111 0.1652486 -0.4095959 0.848034 0.3362583 0.5720399 -0.8200009 -0.01920489 -0.5792023 0.8151838 0 0.4861018 0.7353635 -0.472171 0.5236742 0.643209 -0.5586121 -0.6086966 0.7914139 0.05614634 0.2022673 -0.8820679 0.4254929 0.5842116 0.5462217 0.6002821 -0.6510444 0.03315642 0.7583152 0.002870254 -0.8919762 0.4520732 0.6061698 0.1524109 -0.7805953 -0.5924853 0.7179298 0.3654285 -0.2762052 0.9596872 -0.05206869 -0.1991942 -0.802003 -0.5631278 0.806714 0.5909421 6.28491e-05 -0.2470101 0.9689881 0.00692943 -0.2335562 0.9720599 -0.02347372 0.8445901 0.4998741 0.1918161 -0.7892838 -0.6136506 0.02154134 0.6705437 -0.7418351 -0.007206213 0.3056761 0.951722 0.02806033 -0.1823094 -0.965191 0.1875355 -0.6396788 0.5324211 0.5543814 -0.863911 -0.500415 0.05694324 -0.3981364 -0.9119543 0.09912947 -0.8421824 -0.5387682 -0.02139272 -0.1469141 -0.9506517 0.2732721 0.4077807 0.9048855 -0.1220534 -0.7365061 0.5303788 -0.4198297 -0.5209154 0.851588 -0.05869484 0.6924743 0.7213861 -0.009023536 -0.6978736 0.7093967 -0.09863422 0.5956302 -0.8032374 -0.00585319 0.6123333 -0.7876791 0.06789322 0.04855543 0.7840451 0.6188018 -0.1707048 -0.8251078 -0.5385693 0.8894815 -0.3759264 -0.2598116 0.9322266 0.3134009 0.180924 -0.6022081 0.7867167 -0.1357285 0.8895846 0.4567474 -0.00458344 -0.6880715 0.3352628 -0.6435499 -0.6473607 0.2032008 0.7345976 -0.2367505 -0.529097 0.8148654 0.4140297 -0.2869714 0.8638442 0.3981549 -0.9169909 0.02450429 -0.201574 -0.8602868 0.4682677 0.9347785 0.1141822 -0.33638 -0.7071133 0.7011808 -0.09130273 0.9170755 -0.3983323 -0.01743523 0.3085366 -0.4050825 -0.860647 0.1130914 -0.9935837 0.001360914 0.2340762 0.6544427 -0.7189667 -0.6156284 0.1127152 -0.7799339 0.5188805 -0.6674958 0.5340528 0.2686149 -0.945216 0.1855068 -0.2567539 0.3259397 0.9098575 -0.5886005 -0.7142999 -0.3785831 0.6063076 -0.7484721 0.2686644 0.8673433 0.01252144 0.4975529 0.5581256 -0.8296488 -0.01336554 -0.6618626 -0.7494424 -0.01655282 0.8046118 0.2676794 -0.530045 0.03227025 -0.8029029 0.5952358 -0.9167893 0.3992731 0.008857112 0.6138011 -0.480899 -0.6260865 0.7473354 0.6247583 -0.226201 0.1894967 0.9413129 0.2793223 -0.7034042 0.08345405 0.7058739 -0.983119 -0.1717903 -0.06296917 0.5610648 -0.7181028 0.4117459 0.3821764 0.8718452 -0.3063122 -0.7176763 -0.5122238 -0.4717706 0.7059806 -0.6935821 -0.1433016 0.2098514 0.8299791 0.5168144 0.1793639 -0.8338968 -0.5219624 -0.6762087 0.1785755 -0.7147395 0.2148688 0.9766378 0.003161548 -0.916525 -0.3874201 0.09943595 0.1113093 -0.9304342 0.3491454 0.5486336 0.3028981 -0.779265 -0.6096883 0.6843612 0.3999124 0.8321453 0.5491274 -0.07741556 0.1378457 0.9904521 0.001809123 -0.2392698 0.970868 -0.01285488 -0.2257738 -0.7257741 0.6498293 -0.9810435 0.184613 0.05892013 0.8800388 -0.4735907 -0.03526525 -0.04856108 0.9980804 0.03843615 -0.9074369 0.2326843 -0.3498805 0.3741017 -0.9247005 -0.07054703 0.5672917 0.6786571 0.4664811 -0.2597772 -0.9656675 -0.001456814 0.5884425 -0.1509914 -0.7943155 -0.5374803 -0.6746305 0.5059532 0.8278658 -0.04121599 0.5594099 -0.01162066 0.9275834 0.3734354 -0.4696884 0.882817 0.005189731 -0.9279192 -0.03420966 0.3712084 -0.8893234 -0.2959548 0.3485896 0.6803474 -0.6684295 -0.3005485 0.4589713 0.8799216 -0.1228141 -0.8887656 0.2581648 -0.3787434 0.8788003 0.4771886 0.001016908 0.580963 0.8132344 -0.03364224 0.8049562 -0.5931068 0.01642645 0.628837 0.7775205 0.005085349 -0.6307603 -0.7745735 0.04666176 0.6362074 0.7715176 -0.0008435619 -0.3125931 -0.2591058 0.9138653 0.7063027 -0.6535559 0.2720314 -0.5878316 -0.7726683 0.2396617 0.7902163 -0.1167799 0.6015984 0.8949161 0.3019574 0.3285527 -0.09662699 0.7700934 -0.6305707 -0.626721 -0.7791865 -0.009446581 -0.3013874 -0.4068612 -0.8623396 0.9895094 0.1444256 -0.00352388 0.3883262 -0.2902338 -0.874624 0.6243909 0.7811103 0.00161513 -0.4753597 -0.09857441 -0.8742518 0.1559701 0.6094342 -0.7773437 0.2258474 0.8991106 -0.3749575 -0.1891987 -0.5005285 0.8447929 -0.8270026 0.5620208 -0.01411396 -0.8278121 0.5609085 0.010429 0.2859529 -0.8504168 -0.4416131 0.9389407 0.2439252 0.2426743 0.6913249 0.6973242 -0.1892323 -0.7816934 -0.6224126 -0.03947196 -0.4404491 -0.8949107 -0.07168941 -0.7959462 -0.3567709 0.4890646 -0.5123005 -0.8587998 0.003329436 -0.7426075 -0.4610971 0.4857196 0.372667 -0.8969838 0.2377801 -0.08620766 0.9350159 -0.3439674 0.04883636 0.9986025 -0.02020166 0.4066187 0.2128198 -0.8884644 -0.9433473 0.3100973 -0.1180486 -0.3376301 -0.8936293 -0.29569 -0.2034303 -0.9017992 0.3812797 0.633185 0.2908884 0.7172592 0.9648639 -0.2623945 0.0136653 -0.1970386 -0.9772719 -0.07820048 0.8823428 -0.1405094 0.4491417 -0.4899909 0.8374346 -0.2420995 -0.7766631 -0.6299049 -0.003779632 -0.7905371 -0.288655 -0.5401198 0.9995628 -0.02020802 -0.02158363 0.2009955 0.6830755 -0.7021457 0.7748655 0.6321247 0.001323474 -0.7754178 -0.6314486 0 -0.9999806 0.003865812 0.004887557 -0.7866654 -0.5994149 0.1478489 0.02767951 -0.9260406 -0.3764076 -0.676114 -0.6646904 0.3178939 0.9662138 0.2515006 -0.05637647 0.8823292 0.4674049 -0.05502643 0.9954464 -0.09477625 0.01019112 -0.6664994 0.2221759 0.7116294 -0.9282046 0.2930362 -0.2292729 0.1558089 -0.8519551 0.4998962 0.7661088 0.5839895 -0.2683906 -0.6562575 -0.6117448 -0.4416949 0.8565057 0.04597901 -0.5140854 -0.9199876 0.3916748 0.01461566 -0.8992867 -0.4366924 0.02414869 0.7667498 -0.0525575 0.639791 -0.2150489 -0.6004918 0.7701711 0.8538813 -0.1542024 0.4970999 -0.6758861 -0.3349812 -0.6564797 0.3483804 -0.8500156 -0.3951008 0.8525666 -0.4983094 0.1575373 0.5041487 0.5004581 0.7038294 0.707305 0.6272134 -0.3260721 -0.9640898 -0.2638943 0.02984468 -0.1597608 -0.9869507 0.02011747 -0.9335746 -0.3574547 0.02577997 0.4257218 -0.904813 -0.008624927 0.5692325 0.8214906 0.03357933 -0.9135763 0.0840631 -0.397884 0.4171718 -0.9077578 -0.04408509 0.4531652 0.7775962 0.4358732 -0.4700634 -0.6159297 -0.6321954 -0.4746583 0.8801701 0.0002386907 0.4752122 -0.8798699 -0.001541885 -0.06377366 0.8161596 -0.5742965 -0.8738437 -0.4854112 0.02780493 0.4683966 -0.8834935 -0.00661929 0.5681571 -0.7813877 -0.2581294 0.3696792 0.9250815 -0.08695654 0.7291976 -0.6631313 -0.1689014 -0.6782029 -0.721638 0.1388502 -0.3770407 0.6144304 -0.6930481 0.5770483 -0.3589662 0.7335929 -0.4511001 0.135004 0.8822033 -0.4762149 0.8793278 0.001432178 0.5018011 -0.3648945 0.7842497 -0.5230985 0.2511005 0.8144424 -0.9921548 0.1224528 0.02518351 -0.3670125 -0.7879531 -0.4944004 0.5814057 0.6577081 0.4789442 -0.5859834 0.7120175 0.3868521 0.7452034 0.6661321 0.03065832 0.6467007 0.2072312 0.7340527 0.5222574 0.8527243 0.01040995 -0.9346453 0.1228144 0.3336985 0.776266 -0.6291803 -0.03928493 0.4840156 0.7376862 -0.4706888 0.4606887 0.8873754 -0.01818882 -0.5710774 0.4186806 -0.7061 -0.3114228 0.6284635 0.7127759 -0.07129023 -0.9972766 0.01889661 0.06253657 0.9979192 0.01569958 -0.4957914 -0.8411095 -0.2161612 0.8855712 0.1450237 0.4412843 -0.42216 0.8813162 -0.2122796 -0.9999799 0.006307346 -0.000670311 0.6000998 -0.4210366 -0.6801532 0.482285 -0.4785654 0.7337414 0.07252794 0.6449644 0.7607631 -0.8007794 -0.2950022 0.5212735 -0.837047 0.2421806 0.4906128 0.7251299 -0.4778181 -0.4958594 0.864289 0.460871 -0.2015004 -0.1065742 0.8855661 0.4521224 -0.9042303 -0.4264964 -0.02164058 -0.9003411 -0.4350956 0.008814819 0.863233 0.4970983 0.08787493 -0.9798897 -0.1925538 0.05233737 0.7796051 -0.5098876 0.3636353 0.4157318 0.8093255 -0.4149208 0.9235699 0.3816415 -0.0369922 -0.9135992 0.4064973 -0.009814973 0.9163622 0.4003417 0.002629882 -0.9063758 0.2186767 -0.361474 0.02748756 0.7885571 0.614347 -0.1322082 -0.9906394 -0.03397892 -0.9399245 -0.3411648 -0.01218423 -0.9503286 -0.3049791 -0.0621549 0.4791213 0.8510858 0.2146992 0.3589618 0.9254744 0.1210105 -0.9286339 -0.3676133 0.04999591 0.9971572 0.06915725 -0.02991452 -0.5738381 0.8183194 0.03260537 0.184629 -0.9771224 0.1055646 0.6818887 0.3422205 -0.6464619 0.3982528 0.751031 -0.5266376 -0.6559894 0.6348577 0.4082078 -0.1424293 -0.9886866 -0.04704004 -0.1390144 -0.9889831 -0.05086742 -0.6904432 -0.7221795 -0.04177166 0.4421964 0.862359 -0.2465751 0.3495092 0.8067759 0.4763989 -0.9438711 -0.3303107 0.001466762 0.6072033 0.792261 -0.06022226 -0.8888905 -0.3208762 -0.3269742 0.633319 -0.6429628 0.4307039 0.5931937 0.7941258 0.1322323 -0.08003221 0.8081484 -0.5835161 -0.7436169 -0.3212594 -0.5863671 0.7784913 -0.627627 -0.005966843 -0.4669251 0.128579 0.8748991 -0.767505 0.6410429 0 -0.4923189 -0.8703218 0.01273196 -0.9502025 0.1137489 0.2901316 -0.5333855 -0.766653 -0.3574117 -0.4291152 0.6943556 0.5776941 0.001888527 -0.6448446 -0.7643114 -0.7479262 -0.6635988 -0.01558925 0.7886491 0.01948064 -0.6145349 0.095999 0.8178398 -0.5673819 -0.09653145 0.6329684 0.7681359 -0.7474324 -0.6640739 0.01872583 0.8404699 0.5383056 0.06194696 -0.1236099 -0.8631587 0.4895689 0.8930235 0.314891 -0.3214851 -0.7842236 0.5970885 -0.168756 0.3819 -0.9236118 -0.03307136 -0.7933429 -0.1313983 -0.5944254 0.3038107 0.7089194 0.6365001 0.01210676 -0.6032416 0.7974666 -0.4311388 0.8872961 0.1637832 -0.7734129 -0.6336859 0.01657058 -0.8082421 -0.3244267 -0.4914184 0.06559585 0.9598536 0.2727238 -0.6335144 0.7633989 -0.1260226 0.7617459 -0.6478581 -0.004806337 0.09187666 -0.6987589 -0.7094326 -0.866737 0.415079 -0.2765438 0.7523847 0.2043847 0.6262141 -0.8477056 0.3273364 0.4174279 0.6193994 -0.7472898 0.2406289 0.9902938 -0.1389901 -0.0001427363 -0.7733249 -0.1000693 0.6260629 -0.5402004 -0.8031594 0.2512341 0.3794125 -0.7978257 -0.4685299 0.1098843 0.9932424 -0.03734858 0.7298554 0.588611 -0.3476322 -0.1942415 -0.9765094 -0.09327193 -0.3128671 0.805209 -0.5037387 -0.2990094 -0.9395687 -0.1667453 0.6547329 0.7271553 -0.2063248 -0.2977211 -0.9383311 0.1757749 0.1344144 -0.8611316 0.4902909 0.7734279 0.4946994 0.3963355 -0.9467784 -0.2935148 -0.1321355 0.6945928 -0.5810174 0.4242165 0.2864286 0.9200318 -0.2673949 -0.5175819 -0.8555676 0.01063377 0.891513 0.4522878 -0.02530431 -0.9050218 -0.3068712 -0.2945601 0.9850005 0.04072948 0.1676755 -0.6182984 0.7082336 0.3407526 0.7685966 -0.6394366 -0.01949494 -0.7742336 0.6328999 0 0.273303 0.8349379 -0.4776863 0.3332641 0.7552571 -0.5643773 -0.7963501 0.6021449 0.05699188 0.4272491 -0.794937 0.4307359 0.4166044 0.6776142 0.6060361 -0.6311176 -0.1390571 0.763121 0.238015 -0.8567724 0.4574822 0.5392689 0.3045401 -0.7851397 -0.7597704 0.5345115 0.3701978 -0.5202422 0.8523817 -0.05285318 0.01998976 -0.8221664 -0.5688961 0.6216259 0.7833143 6.379864e-05 -0.4945692 0.8691098 0.007034117 -0.4824037 0.8756248 -0.02382816 0.6818641 0.7051172 0.1946051 -0.5988046 -0.8005966 0.02186664 0.8429141 -0.5379985 -0.007315081 0.04299061 0.9986694 0.02848393 0.07950059 -0.9785081 0.190267 -0.7542256 0.3426135 0.5601427 -0.7007006 -0.7111102 0.0578007 -0.1426567 -0.9846452 0.1006121 -0.6696292 -0.742378 -0.02171577 0.109706 -0.9545616 0.277086 0.153814 0.9803049 -0.1238694 -0.8483097 0.3157798 -0.4250338 -0.7276168 0.6833917 -0.05957849 0.4769452 0.8788853 -0.009159854 -0.8605613 0.4994119 -0.1001096 0.7869152 -0.6170325 -0.005941619 0.7988513 -0.597568 0.06891414 -0.1596781 0.7645105 0.6245211 0.05343756 -0.8371816 -0.5443081 0.9562623 -0.1270745 -0.2634663 0.8156877 0.5485956 0.183566 -0.7886671 0.5991925 -0.1377405 0.7370467 0.6758258 -0.004652687 -0.7475547 0.1403942 -0.6491929 -0.6725515 0.02449046 0.739645 -0.08745403 -0.5671759 0.8189404 0.4698919 -0.1653403 0.867101 0.6265663 -0.7789711 0.02487428 0.03310062 -0.8800297 0.4737637 0.8697647 0.3568099 -0.3408755 -0.8673156 0.4890561 -0.0926704 0.9897784 -0.1415114 -0.01769856 0.4002261 -0.3055938 -0.8639627 0.3719299 -0.9282598 0.001381475 0.05218337 0.6876621 -0.7241531 -0.6178181 -0.05368046 -0.7844866 0.6740679 -0.5042488 0.5397829 0.5088487 -0.8400295 0.1882109 -0.3297085 0.2433499 0.9121804 -0.3778246 -0.8427346 -0.3834671 0.7818649 -0.5607783 0.2724243 0.8300031 0.2406394 0.5031774 0.7577328 -0.6524238 -0.01356743 -0.4400003 -0.8978404 -0.01680283 0.7021264 0.4690124 -0.5357666 0.242238 -0.7616591 0.6009961 -0.9897547 0.1424949 0.008990917 0.7149062 -0.2995904 -0.631787 0.5549844 0.7995935 -0.2294398 -0.06621606 0.9567704 0.2832062 -0.6951666 -0.1048242 0.7111648 -0.9025839 -0.4257429 -0.06391667 0.7291787 -0.5426779 0.4168922 0.1377017 0.9405477 -0.3104969 -0.5547108 -0.6815394 -0.477284 0.8640528 -0.4819392 -0.1454212 -0.01714051 0.8524655 0.5225025 0.3919709 -0.7536106 -0.5276646 -0.6939829 -0.006637769 -0.7199609 -0.05117229 0.9986847 0.003209313 -0.7812514 -0.6160038 0.1009231 0.3528499 -0.8662261 0.3537645 0.4448547 0.433268 -0.7838259 -0.7671568 0.4974636 0.4049696 0.6571538 0.7496495 -0.07857801 -0.1291057 0.9916291 0.001836456 -0.4876012 0.8729689 -0.01304906 -0.02555027 -0.7548086 0.6554473 -0.9983485 0.03540405 0.04524217 0.9413577 -0.336323 -0.02706622 -0.197773 0.9798038 0.02950132 -0.990916 0.09590454 0.0942747 0.0002076997 -0.9892782 0.146043 0.5674642 0.807615 -0.1604444 -0.5817411 -0.8089836 -0.08439621 -0.0341202 0.7897739 -0.6124484 0.7294867 -0.4345271 0.5282381 -0.6910563 -0.4519396 0.5640849 0.9977622 -0.05973256 0.03004282 -0.3576797 -0.8931788 -0.2725744 0.7624005 -0.4582692 0.4568751 -0.766891 0.6413288 -0.02399173 0.7733623 -0.6328705 0.03722628 0.8829193 -0.4085902 -0.2313172 -0.8590703 0.2818006 0.4273016 0.1193664 -0.9452582 -0.3037082 0.7799006 -0.4643248 -0.4197111 0.5431872 0.4286665 -0.7219368 0.5879224 -0.3306644 0.7382467 0.3887326 -0.9213162 0.007965679 -0.3137742 0.9467952 0.07158609 -0.9110087 0.1274998 -0.3921824 0.657045 -0.3849889 0.6481322 0.8140216 0.4917886 -0.3090515 -0.5834012 -0.4897796 -0.6478881 0.7188059 -0.3896549 -0.5757491 -0.07251935 0.9644112 -0.2542675 0.6518601 -0.3289861 0.6832617 0.9959565 0.08968849 -0.0051514 -0.1304176 0.9669755 0.2189742 -0.665163 -0.6184682 -0.4183961 -0.303324 0.9059359 0.295423 0.5085475 -0.8605574 -0.02864161 -0.06552622 -0.8325155 -0.5501129 0.7632647 -0.1774057 -0.6212521 0.8483045 -0.5294405 -0.008496726 0.8587242 -0.5105397 -0.04406799 -0.7307656 0.6465594 -0.2189582 0.8791047 -0.08223749 0.4694806 -0.6461844 0.7084871 0.2837107 0.2002741 -0.7381394 0.6442363 -0.7332676 -0.6798882 0.008401607 -0.8504318 0.2960804 0.4348587 0.5922367 0.682985 -0.4275362 -0.1165191 0.983992 -0.1348449 0.6311528 0.7750555 -0.03057962 -0.815637 0.578441 0.01192666 0.9579158 -0.2815361 -0.05598863 -0.9750205 0.2212416 0.0196781 -0.516861 -0.8553842 -0.0342438 0.9260014 -0.03848378 0.3755535 -0.3708114 0.8825057 -0.2892793 -0.6188829 -0.7854662 -0.005183213 0.7718955 0.595598 -0.2223517 -0.9343423 -0.3563561 -0.003850222 0.7731657 0.5647172 0.2886334 -0.9274893 -0.3737237 -0.009702572 -0.9640498 0.09070487 0.249761 0.3505156 -0.8019507 -0.4837498 0.6756559 0.6984008 0.2360622 0.3121738 0.9497786 -0.02163425 -0.304908 -0.9522938 0.01294471 0.8150473 0.573699 -0.08103928 -0.8282402 0.09832881 -0.551679 0.2988398 -0.8075528 -0.5084813 0.5910635 0.723079 -0.3574923 0.2164015 -0.7071128 0.6731729 0.5005175 0.7216582 0.4782172 0.3128757 0.9491335 0.03541685 -0.8591007 -0.5117795 0.005260192 0.8547664 0.518935 0.008989664 -0.9819224 -0.06489253 0.1778129 0.8089659 -0.5609481 0.1758166 0.7297399 0.5892122 -0.3468554 -0.5195852 -0.3882874 -0.761094 0.6853726 0.2408364 -0.6872134 -0.1421454 -0.9367452 0.3198486 -0.6144799 0.7339171 0.2894481 -0.7434738 0.4988454 0.4454212 0.7565118 0.01331621 0.6538445 -0.8695182 -0.4935045 0.01978387 0.5566266 -0.8307365 -0.006618074 0.4396804 0.8977845 0.02577166 0.5211205 -0.8496322 0.08098512 0.9482602 0.2897799 -0.1297315 -0.7513205 0.6596613 -0.01909116 -0.7575975 -0.3400649 -0.5571372 0.5294971 0.8482771 0.007666672 0.7302594 -0.3936405 -0.5583622 -0.5191439 0.8546742 -0.004648089 -0.493785 0.868249 0.04816742 0.07646714 0.7269162 0.6824556 0.5247464 0.8512585 0.00039692 -0.7765236 -0.4011411 -0.485898 0.835622 0.1464436 0.5294244 0.07420434 0.9888983 0.1287395 -0.5438802 0.7924136 -0.2761794 0.3281971 0.9443147 0.02358862 -0.8224708 0.5295953 -0.2075346 0.98995 -0.001790902 -0.1414062 -0.8630726 0.4725804 0.178251 -0.9507293 -0.2613491 0.166765 -0.8904209 -0.3619164 0.2759841 0.8365206 0.516712 -0.1823239 0.2772489 0.9441427 0.1781224 -0.5138033 -0.8507354 -0.1107041 0.5513628 0.8342655 0.0004747218 0.5324329 -0.8242278 -0.1927791 -0.5449085 -0.8384359 -0.009995446 -0.3679453 0.9297909 -0.01024905 -0.9601489 0.2794717 -0.003108924 -0.9830812 -0.1371459 -0.121418 0.1959915 -0.597342 0.7776695 0.5519189 0.6259211 -0.5510066 0.2542036 0.8118215 -0.5256676 -0.1622058 -0.9867472 -0.004375052 -0.9964097 -0.08458892 0.003511542 -0.04742733 0.9509764 0.3056052 -0.523452 -0.4919256 0.6957062 0.3255857 -0.9455122 0.0008662183 -0.7751114 -0.4941729 -0.3936945 0.8951194 -0.4404031 0.06932821 0.9586216 -0.2154865 0.186038 -0.396431 0.8813202 0.2571326 0.5119161 -0.8568571 0.06113754 0.7666821 0.6407545 0.04040076 -0.7883847 -0.3320333 0.5178837 0.1473643 -0.9755131 0.1632727 0.7314526 -0.6305801 -0.2595107 -0.9885563 0.0859994 -0.1239377 0.2134745 0.9769486 -0.0002588356 -0.8906865 0.3049764 -0.3371453 0.4672088 -0.3657556 0.8049464 -0.4771911 -0.8786999 -0.01323332 0.9313454 0.1169743 0.3448374 -0.4997858 0.8015311 -0.3282713 -0.6086828 -0.7932098 -0.01798694 -0.4576887 0.6285932 -0.6288017 0.8382513 0.3079947 -0.4499711 -0.6139055 -0.789237 0.01499731 -0.9365405 -0.3495712 0.02630325 -0.9817498 -0.04770794 0.1840956 0.3991041 -0.7793824 -0.4829897 0.5574755 0.7731164 0.3025096 -0.7603322 0.148005 0.6324472 0.3436358 -0.8684264 0.3574214 0.272536 0.8716006 -0.4074757 -0.8952276 0.4383024 -0.08036538 -0.3044677 0.9525186 0.002786974 -0.167042 -0.8466426 -0.5052657 -0.6238949 0.6861844 -0.3740403 0.7167588 0.4192735 -0.5571953 0.5631595 0.8261307 0.01895668 0.9553391 -0.2946573 0.02245771 -0.877029 -0.4771065 0.05647622 0.9813421 0.1892756 -0.03379944 -0.6685355 0.7427672 0.03683889 -0.8800345 -0.4194356 0.2227401 0.9411592 0.1791492 -0.2865744 0.1509712 0.9654228 0.2125243 -0.5638328 0.7088001 0.4239044 0.925519 -0.3224884 0.1985341 -0.9330922 0.3596209 0.003437469 0.7360195 0.6742871 0.06010198 0.8058748 -0.5746191 0.142754 -0.5381499 -0.416127 0.7329619 0.9617063 0.2265494 0.1542609 -0.3785731 0.2520768 -0.8905839 0.7968887 -0.6007683 -0.06360748 0.4316966 0.8281385 -0.3575258 -0.7583772 0.01274639 -0.6516912 0.2618445 0.8223053 -0.5052241 0.4896069 -0.6982352 -0.5222573 0.5809996 0.1381346 0.8020962 -0.489137 0.3884161 0.7809468 -0.9958293 0.08554409 0.03172069 -0.7160923 -0.697865 0.01400698 0.09128438 -0.6722997 -0.7346293 0.5173405 0.3203306 0.793566 -0.8306801 0.5516146 0.07544436 0.5703354 0.1662779 -0.8044061 -0.4109067 -0.6478006 -0.6414905 -0.4422579 -0.7634319 0.4707225 -0.05374544 0.992862 -0.1064726 0.6101385 -0.01755576 0.7921003 -0.4447338 0.8491396 0.2849102 0.6621634 -0.7485877 0.03399991 0.6748743 -0.4924804 -0.5495523 0.2097766 0.8246634 -0.5252848 0.1455051 0.9891917 -0.01811186 -0.503316 0.8619683 -0.06069316 -0.102082 -0.9942184 -0.03330293 0.136591 0.9906151 0.004971735 0.0523587 0.9986056 0.006746997 -0.828268 -0.2382152 -0.5071741 -0.1500818 -0.9688339 0.1970695 -0.02286257 -0.990256 -0.1373694 -0.1004945 0.9919086 -0.07757671 0.05095326 -0.998692 0.004244652 -0.08373243 0.9964883 -0.000103678 -0.9156134 -0.4020426 -0.00373645 0.01860244 -0.9683723 0.2488151 -0.3708917 -0.876994 -0.3054846 0.4395601 -0.795067 -0.4179179 0.9801847 0.1878565 -0.06283214 -0.3729801 -0.927814 -0.006854652 -0.6860976 -0.3668757 -0.6282295 0.1449953 0.9614195 -0.2337711 -0.4771218 -0.8619559 0.1714257 0.1156641 -0.9901298 0.07914994 -0.00169057 -0.8621439 0.5066606 0.9865889 0.004986047 -0.1631486 -0.8529432 0.5039094 -0.1362471 -0.1214113 0.9912595 -0.05161345 0.7430541 0.4240331 0.5177515 -0.5147669 -0.5925298 -0.6196157 0.6557241 -0.7210286 0.223928 0.7890771 -0.08955787 0.6077308 0.08352848 0.8928881 0.4424634 0.6672849 -0.0947799 -0.7387473 0.7367829 -0.5609479 -0.3774763 -0.317299 0.8583334 -0.4032185 -0.3158503 -0.8203346 0.4767491 0.1031591 0.9946164 0.009816826 -0.1063873 -0.9943192 0.003328317 0.7035411 -0.5554534 -0.4432849 0.1195791 0.9899411 0.07561333 -0.7224586 0.5079718 0.469061 -0.05015318 0.9986133 -0.01600294 -0.8309622 -0.5449757 -0.1118182 0.5299102 0.8196308 0.2177166 -0.8509619 -0.471198 0.2320265 -0.4975052 -0.8671091 0.02470783 0.9018092 -0.4320553 -0.008266035 -0.07814928 0.9964221 0.03218344 -0.5315471 -0.846946 -0.01184185 0.7857714 -0.4594554 -0.4140821 -0.9280439 0.3036706 -0.2156817 0.8630877 -0.5041816 -0.02967262 -0.8668878 0.4984906 0.003559819 0.5332008 -0.666681 0.5208007 -0.4091467 -0.4158427 0.812203 0.9630391 0.2488691 0.103053 -0.5037773 0.1920857 -0.8422064 0.2493113 -0.9591741 -0.1335246 0.2362181 0.7533222 -0.6137643 -0.815823 -0.1202582 0.5656595 0.5222232 -0.835282 0.1720084 -0.5677379 0.2161231 0.7943327 -0.9963423 0.08544942 0.000638919 0.9890718 -0.09974871 0.1085689 0.4228545 -0.724179 -0.5447557 0.8062907 -0.003373588 0.5915098 -0.9142422 0.3054412 -0.2662085 -0.1592286 0.9872417 -0.0001591848 0.7780573 0.6281897 -0.002146748 0.6463148 -0.763068 0.002093219 -0.3814047 0.8516084 -0.3595742 0.8263069 0.4461933 0.3436983 -0.4539956 -0.5250533 0.7198659 0.4050227 -0.9119076 -0.06618967 -0.2217699 0.9676645 -0.1201811 -0.6783097 0.1978911 0.7076263 -0.1173851 -0.9930461 -0.008959119 -0.1315843 0.9912564 0.009814707 0.1461475 -0.9438545 0.2962761 0.361105 -0.7737885 0.5204368 0.748014 0.5449291 0.3788501 0.2504117 0.9635895 -0.09375119 -0.6804778 0.4061927 -0.6098831 0.9708162 0.239815 -0.002152972 0.9995259 0.02587132 -0.01669198 0.7019132 0.685253 0.194284 -0.4377357 0.7859095 0.4367306 -0.9555983 0.1743243 0.237577 0.3726687 -0.8623927 -0.3426324 0.145917 0.9430907 0.2988113 0.169988 -0.9770342 0.1284847 -0.0006243986 0.9922246 0.1244584 -0.6289444 -0.2363226 0.7406623 -0.5762204 -0.6499569 0.4955059 0.7928014 0.4581653 -0.4019333 -0.3689295 0.8356639 -0.4068869 0.7378231 0.6703886 -0.07871541 0.08754637 -0.9955049 -0.03613318 -0.1308215 -0.778955 -0.6132821 0.7309911 0.6800975 -0.05585098 -0.4078308 -0.8333646 0.3730651 -0.5833778 0.812191 0.004023076 -0.11167 0.9925315 0.0491012 -0.2389321 -0.6862255 0.6870269 -0.3873331 0.9170864 0.09447574 -0.7901998 -0.00304673 -0.6128418 0.7455083 0.6663137 -0.01560304 -0.4740842 0.8153512 -0.3323351 0.00406204 -0.7166373 -0.6974342 -0.4953806 0.6599273 -0.5648841 -0.2723563 -0.7692775 0.5779569 0.6070426 -0.1468937 0.7809747 0.63043 -0.7746813 0.04926303 -0.1471092 0.74089 0.6553174 -0.7832851 -0.5141412 0.3494613 0.02667702 -0.990659 -0.133728 0.7675796 0.558021 -0.3153318 -0.05669275 0.9949171 -0.0832219 -0.1021514 0.8047685 -0.5847331 0.6430386 0.7608494 -0.08723243 0.1480617 -0.9621074 -0.2289694 0.8547151 -0.3880002 0.3448448 0.6059958 0.7856286 0.1247269 -0.877029 -0.4771065 0.05647622 0.9813421 0.1892756 -0.03379944 -0.6685355 0.7427672 0.03683889 -0.8800345 -0.4194356 0.2227401 0.9411592 0.1791492 -0.2865744 0.1509712 0.9654228 0.2125243 -0.5638328 0.7088001 0.4239044 0.925519 -0.3224884 0.1985341 -0.9330922 0.3596209 0.003437469 0.7360195 0.6742871 0.06010198 0.8058748 -0.5746191 0.142754 -0.5381499 -0.416127 0.7329619 0.9617063 0.2265494 0.1542609 -0.3785731 0.2520768 -0.8905839 0.7968887 -0.6007683 -0.06360748 0.4316966 0.8281385 -0.3575258 -0.7583772 0.01274639 -0.6516912 0.2618445 0.8223053 -0.5052241 0.4896069 -0.6982352 -0.5222573 0.5809996 0.1381346 0.8020962 -0.489137 0.3884161 0.7809468 -0.9958293 0.08554409 0.03172069 -0.7160923 -0.697865 0.01400698 0.09128438 -0.6722997 -0.7346293 0.5173405 0.3203306 0.793566 -0.8306801 0.5516146 0.07544436 0.5703354 0.1662779 -0.8044061 -0.4109067 -0.6478006 -0.6414905 -0.4422579 -0.7634319 0.4707225 -0.05374544 0.992862 -0.1064726 0.6101385 -0.01755576 0.7921003 -0.4447338 0.8491396 0.2849102 0.6621634 -0.7485877 0.03399991 0.6748743 -0.4924804 -0.5495523 0.2097766 0.8246634 -0.5252848 0.1455051 0.9891917 -0.01811186 -0.503316 0.8619683 -0.06069316 -0.102082 -0.9942184 -0.03330293 0.136591 0.9906151 0.004971735 0.0523587 0.9986056 0.006746997 -0.828268 -0.2382152 -0.5071741 -0.1500818 -0.9688339 0.1970695 -0.02286257 -0.990256 -0.1373694 -0.1004945 0.9919086 -0.07757671 0.05095326 -0.998692 0.004244652 -0.08373243 0.9964883 -0.000103678 -0.9156134 -0.4020426 -0.00373645 0.01860244 -0.9683723 0.2488151 -0.3708917 -0.876994 -0.3054846 0.4395601 -0.795067 -0.4179179 0.9801847 0.1878565 -0.06283214 -0.3729801 -0.927814 -0.006854652 -0.6860976 -0.3668757 -0.6282295 0.1449953 0.9614195 -0.2337711 -0.4771218 -0.8619559 0.1714257 0.1156641 -0.9901298 0.07914994 -0.00169057 -0.8621439 0.5066606 0.9865889 0.004986047 -0.1631486 -0.8529432 0.5039094 -0.1362471 -0.1214113 0.9912595 -0.05161345 0.7430541 0.4240331 0.5177515 -0.5147669 -0.5925298 -0.6196157 0.6557241 -0.7210286 0.223928 0.7890771 -0.08955787 0.6077308 0.08352848 0.8928881 0.4424634 0.6672849 -0.0947799 -0.7387473 0.7367829 -0.5609479 -0.3774763 -0.317299 0.8583334 -0.4032185 -0.3158503 -0.8203346 0.4767491 0.1031591 0.9946164 0.009816826 -0.1063873 -0.9943192 0.003328317 0.7035411 -0.5554534 -0.4432849 0.1195791 0.9899411 0.07561333 -0.7224586 0.5079718 0.469061 -0.05015318 0.9986133 -0.01600294 -0.8309622 -0.5449757 -0.1118182 0.5299102 0.8196308 0.2177166 -0.8509619 -0.471198 0.2320265 -0.4975052 -0.8671091 0.02470783 0.9018092 -0.4320553 -0.008266035 -0.07814928 0.9964221 0.03218344 -0.5315471 -0.846946 -0.01184185 0.7857714 -0.4594554 -0.4140821 -0.9280439 0.3036706 -0.2156817 0.8630877 -0.5041816 -0.02967262 -0.8668878 0.4984906 0.003559819 0.5332008 -0.666681 0.5208007 -0.4091467 -0.4158427 0.812203 0.9630391 0.2488691 0.103053 -0.5037773 0.1920857 -0.8422064 0.2493113 -0.9591741 -0.1335246 0.2362181 0.7533222 -0.6137643 -0.815823 -0.1202582 0.5656595 0.5222232 -0.835282 0.1720084 -0.5677379 0.2161231 0.7943327 -0.9963423 0.08544942 0.000638919 0.9890718 -0.09974871 0.1085689 0.4228545 -0.724179 -0.5447557 0.8062907 -0.003373588 0.5915098 -0.9142422 0.3054412 -0.2662085 -0.1592286 0.9872417 -0.0001591848 0.7780573 0.6281897 -0.002146748 0.6463148 -0.763068 0.002093219 -0.3814047 0.8516084 -0.3595742 0.8263069 0.4461933 0.3436983 -0.4539956 -0.5250533 0.7198659 0.4050227 -0.9119076 -0.06618967 -0.2217699 0.9676645 -0.1201811 -0.6783097 0.1978911 0.7076263 -0.1173851 -0.9930461 -0.008959119 -0.1315843 0.9912564 0.009814707 0.1461475 -0.9438545 0.2962761 0.361105 -0.7737885 0.5204368 0.748014 0.5449291 0.3788501 0.2504117 0.9635895 -0.09375119 -0.6804778 0.4061927 -0.6098831 0.9708162 0.239815 -0.002152972 0.9995259 0.02587132 -0.01669198 0.7019132 0.685253 0.194284 -0.4377357 0.7859095 0.4367306 -0.9555983 0.1743243 0.237577 0.3726687 -0.8623927 -0.3426324 0.145917 0.9430907 0.2988113 0.169988 -0.9770342 0.1284847 -0.0006243986 0.9922246 0.1244584 -0.6289444 -0.2363226 0.7406623 -0.5762204 -0.6499569 0.4955059 0.7928014 0.4581653 -0.4019333 -0.3689295 0.8356639 -0.4068869 0.7378231 0.6703886 -0.07871541 0.08754637 -0.9955049 -0.03613318 -0.1308215 -0.778955 -0.6132821 0.7309911 0.6800975 -0.05585098 -0.4078308 -0.8333646 0.3730651 -0.5833778 0.812191 0.004023076 -0.11167 0.9925315 0.0491012 -0.2389321 -0.6862255 0.6870269 -0.3873331 0.9170864 0.09447574 -0.7901998 -0.00304673 -0.6128418 0.7455083 0.6663137 -0.01560304 -0.4740842 0.8153512 -0.3323351 0.00406204 -0.7166373 -0.6974342 -0.4953806 0.6599273 -0.5648841 -0.2723563 -0.7692775 0.5779569 0.6070426 -0.1468937 0.7809747 0.63043 -0.7746813 0.04926303 -0.1471092 0.74089 0.6553174 -0.7832851 -0.5141412 0.3494613 0.02667702 -0.990659 -0.133728 0.7675796 0.558021 -0.3153318 -0.05669275 0.9949171 -0.0832219 -0.1021514 0.8047685 -0.5847331 0.6430386 0.7608494 -0.08723243 0.1480617 -0.9621074 -0.2289694 0.8547151 -0.3880002 0.3448448 0.6059958 0.7856286 0.1247269 -0.877029 -0.4771065 0.05647622 0.9813421 0.1892756 -0.03379944 -0.6685355 0.7427672 0.03683889 -0.877514 -0.3939606 -0.2734303 0.8911786 0.1761607 0.4180527 0.2119945 0.9396946 -0.2683884 -0.4745247 0.6838704 -0.5542089 0.1487723 0.8805025 -0.4500912 0.4052953 -0.9134862 0.03575729 -0.1865864 -0.8955168 0.4040237 -0.9940734 0.1053196 0.02694063 -0.3262484 -0.6848215 -0.6515992 0.9731071 0.1774366 0.1468973 -0.6122164 0.5382627 0.5791928 -0.5808562 -0.8120487 -0.05641802 0.03629768 0.5114889 -0.8585229 0.7753788 -0.6310646 -0.02334959 0.8840381 -0.4666867 0.02607937 -0.7484051 0.5985627 -0.285679 -0.2295488 -0.8713644 0.433626 0.9219411 0.1966892 -0.3336735 -0.05812173 0.9329915 -0.3551743 -0.8985731 -0.4380655 -0.02578957 0.9649452 -0.09084258 -0.2462283 -0.4496693 -0.6504333 -0.6121553 0.8868758 0.1160002 -0.4472083 -0.4935424 0.6706508 -0.5537539 -0.9491262 0.3148419 0.005827523 0.8771098 0.2486087 0.4109405 -0.6701368 0.7061309 -0.2286829 -0.5603967 -0.8281558 0.01064845 -0.167233 -0.9078618 -0.3844737 0.7492244 0.1388769 -0.6475924 -0.5278011 -0.8478662 0.05048778 -0.8589225 0.5117879 0.01803748 -0.06832912 0.9976619 0.001394709 -0.9462579 -0.2051876 0.249988 -0.067629 -0.9841978 -0.1636489 0.3596307 0.929433 0.0825838 -0.1711023 -0.8046201 -0.568604 -0.3482812 0.8112505 -0.4696518 -0.9886625 -0.1501313 -0.002667618 -0.975977 0.217828 -0.004465328 0.9970509 -0.04310659 0.06349234 0.9716321 -0.06427189 0.2275964 -0.9739679 0.2258134 0.01986999 -0.9806566 -0.1866052 0.05908571 -0.5804332 -0.7113994 0.3962425 0.930204 0.3647714 -0.0407713 -0.7309156 0.4692739 -0.4955243 0.2022622 -0.9780708 0.04967442 -0.8102269 -0.5853778 0.02941658 0.8041848 0.5943577 0.005065658 -0.3452821 -0.7529002 0.560287 0.8416006 0.5255186 0.1246538 -0.8000805 -0.381467 -0.462984 0.8820842 -0.4706323 0.02080356 -0.04744844 0.8712759 0.4884946 0.8035107 0.0112743 -0.5951835 -0.07036875 -0.8607981 -0.5040584 -0.528196 0.7982708 -0.2894352 -0.2652487 -0.7889082 0.5543167 -0.5943774 0.7461337 0.3 -0.04667666 -0.9206016 0.3877035 0.654878 -0.7483656 -0.1052787 0.9485831 -0.0001537049 -0.316528 0.2649615 0.9428334 -0.2021399 0.1426673 -0.8807206 0.4516385 0.2516312 0.9677981 -0.006974111 -0.513988 0.8577297 0.01077946 -0.2888002 -0.9564928 0.04142511 0.7877635 -0.5135002 0.340215 0.5694661 0.2886697 -0.7696611 0.9998683 0.01243274 -0.01042975 0.2936898 -0.9555375 -0.02635033 -0.7535722 0.3547058 -0.5534552 0.7125185 0.5871003 0.3842273 -0.477944 0.7278879 0.4916795 0.3200942 -0.9473769 -0.004088065 0.04735649 -0.8055972 0.5905679 0.6709235 0.06151011 0.738971 -0.4811251 0.6722377 0.5626856 -0.4975052 -0.8671091 0.02470783 0.9018092 -0.4320553 -0.008266035 -0.07814928 0.9964221 0.03218344 -0.5829689 -0.8106113 0.0552866 0.6778499 -0.4261791 0.599075 -0.4338665 -0.865454 -0.2504981 0.8766374 -0.4810326 -0.01070341 0.1529746 0.9336613 -0.3238447 0.9981209 -0.06005218 0.01218596 -0.1857706 -0.7099503 -0.6793084 0.9989886 -0.003540655 -0.04482435 -0.5322692 0.5777976 0.6187402 0.6566704 -0.7541542 0.005949951 0.6578101 -0.7531826 0.001370931 0.6565346 -0.7542903 -0.002898109 -0.08033687 0.6429657 0.7616699 0.9952365 -0.03720963 0.09010982 -0.7327118 -0.5159075 0.4438163 0.9156199 -0.3956246 -0.07156395 -0.5580917 0.8112378 -0.1744333 0.9092283 0.4148777 -0.03435835 -0.3347692 -0.7330171 0.592128 0.9302175 0.3501551 0.10994 0.8241137 -0.07250495 0.5617648 -0.5041737 0.4985026 0.7051979 0.9535082 -0.2945935 0.06353517 -0.370305 -0.9030848 -0.2175132 -0.1283831 -0.9837758 -0.1253115 0.8451761 0.3469942 0.4065372 -0.5554291 0.812999 -0.1747317 0.5639324 0.8256669 -0.015949 -0.07594984 0.9969499 -0.01795849 -0.3494147 0.7305581 -0.5866807 -0.2477139 -0.8542228 0.4571009 0.5980948 0.01818626 0.801219 -0.4484978 0.4970582 0.7428209 0.4409423 -0.8467357 -0.2976719 0.8239968 0.5538089 -0.1196867 -0.8386485 0.4155056 0.3521701 -0.9583928 -0.2686589 -0.09646537 0.9787214 -0.09156493 0.1836309 -0.0832284 -0.8162929 0.5716108 0.9226827 -0.1657377 0.3481201 -0.2128747 0.7815454 -0.5864053 -0.1775566 0.98411 -0.00111319 -0.3467481 -0.6463236 -0.679729 -0.2464297 0.9626796 -0.1118946 0.8036336 0.5950849 -0.006854001 -0.252929 0.9612517 0.1096451 -0.7078788 -0.50098 -0.4979222 0.9015146 -0.4300007 0.04869066 -0.1969541 0.8731361 0.4459175 -0.466168 0.8673471 -0.1743458 0.7142484 0.6997194 -0.01555637 0.7833345 -0.6215256 -0.009640894 0.7292448 0.6801958 0.0744025 0.6228956 0.04576385 0.7809653 0.7813502 -0.6240239 0.009272333 -0.5945052 -0.7449027 0.3027929 -0.3258737 0.9453682 -0.009233423 -0.9427418 0.0008363164 0.3335224 0.7192706 0.4857822 -0.4966542 0.2461333 0.9692161 0.006204538 -0.4952995 0.8687209 0.0015348 0.2230095 -0.9141514 -0.3385172 -0.4939983 0.8693943 0.01092096 0.3633925 0.9138169 0.181341 -0.2312836 -0.9723478 0.03236749 -0.804086 -0.5614258 -0.1955678 0.9391509 0.09180452 0.3310099 -0.04292901 0.9902663 -0.1324 -0.7184262 0.627558 -0.3000579 0.4994282 0.8663236 -0.007407081 -0.1960384 -0.8586869 -0.4735248 -0.877029 -0.4771065 0.05647622 0.9813421 0.1892756 -0.03379944 -0.6685355 0.7427672 0.03683889 -0.8398113 -0.4741541 0.2643764 0.8008278 -0.5652198 -0.1979936 0.0677037 0.9963656 -0.0516889 0.531272 0.1215663 -0.838434 -0.31405 -0.7169599 -0.6223674 0.3107578 -0.5658072 0.7637354 -0.3978052 0.9136581 0.08354589 -0.3815212 0.9240127 0.0253386 -0.865498 -0.4075282 -0.2912629 0.8955167 0.1795833 0.4071851 0.1844233 0.9578454 -0.220273 -0.5067956 0.7006602 -0.5022285 -0.8157395 -0.1389002 -0.5614943 0.9396966 -0.3415442 0.01783131 0.9400809 -0.3409033 -0.005733234 -0.8859368 -0.4436843 -0.1351304 0.805106 -0.5249027 -0.2761912 0.09819676 0.9019993 0.4204219 -0.2171738 0.5839355 -0.7822115 0.005227314 -0.999958 -0.00752277 -0.100857 -0.7506509 -0.6529557 -0.8552004 -0.276027 0.4386814 0.7846491 0.1776107 0.5939531 -0.7105838 -0.3845195 0.5892498 0.626286 -0.7238081 0.2895991 0.6925746 -0.7212435 -0.01217719 0.6922207 -0.4606326 -0.5555611 -0.9615923 0.2744818 -9.521053e-05 -0.6542361 0.2454721 -0.7153451 0.8491967 0.5122203 0.128434 -0.5018522 -0.1068555 0.8583276 -0.9883125 0.1523636 -0.004875989 0.9487082 -0.2477645 0.1963811 0.8322519 0.5196351 0.1932254 -0.8511117 -0.2050698 -0.4832756 0.03204545 -0.9908889 -0.1308137 0.2237954 0.9269312 0.301188 0.9979219 0.0367056 -0.05295761 -0.3978619 -0.5793868 -0.7113486 0.956597 0.2902092 0.02647372 -0.997105 -0.07601794 -0.001682859 0.08413381 0.993414 0.07778286 -0.7157828 -0.3990026 0.5731072 0.4387675 -0.5090739 -0.7404909 0.7536037 0.3817665 -0.5351036 -0.4056688 0.4907249 0.7711173 -0.4427511 0.8965991 0.009025962 0.8315717 -0.5488371 -0.08524257 0.4399169 -0.897914 -0.01495325 0.3783359 -0.9191629 -0.1095513 0.9970414 -0.0678319 -0.03615574 0.6645383 0.7470217 0.01863868 -0.5882622 0.7555349 -0.288296 -0.2038247 0.1304381 0.970279 -0.9694955 -0.2365223 -0.06430969 -0.0716324 -0.9447662 0.3198212 0.9100467 0.4099001 -0.06161828 0.4654287 -0.8608317 -0.2057787 0.6556151 -0.7550911 -0.002522506 0.9839027 -0.1786357 -0.004981906 -0.8658306 0.3106209 -0.3922398 0.9411141 0.3380886 -0.0005750432 0.9303397 0.3580871 0.07900455 0.6123398 -0.7840694 0.1013661 -0.9849871 -0.001664661 -0.1726201 0.6851965 -0.7137333 -0.1452258 0.2439447 0.8747785 0.4186331 -0.2102048 -0.7262695 -0.6544819 -0.618053 0.6751938 -0.4026461 -0.7274126 -0.6860095 0.01618304 -0.9052715 0.4241857 0.02345301 -0.8537856 -0.4195275 0.3082969 0.8234391 -0.5570743 -0.1077792 0.8616016 0.4239201 -0.2791675 -0.8174428 0.5601728 0.1341405 0.7598618 -0.05367722 0.6478648 -0.9978126 0.06512233 -0.01136608 0.689275 0.2139891 -0.6921767 -0.9867784 -0.1620696 0.001360269 -0.4975052 -0.8671091 0.02470783 0.9018092 -0.4320553 -0.008266035 -0.07814928 0.9964221 0.03218344 -0.8150172 -0.5188662 0.2579242 0.8756999 -0.4291369 -0.2213397 -0.08382635 0.996466 -0.005356803 0.7235489 0.6901131 -0.01486347 -0.4922548 0.8568464 -0.1532954 0.8408757 0.3741145 -0.3911093 0.004466341 -0.7480758 0.6635983 -0.2219826 0.9656027 0.1354077 -0.5565796 -0.8307615 0.007385872 0.7118629 -0.4435897 0.5444992 0.9246833 -0.3755032 -0.06291328 0.6767755 0.7334089 -0.0639238 -0.7187683 -0.1766715 0.672428 0.6809526 0.7287456 0.07234231 0.8915135 -0.421151 0.1668396 -0.8606281 -0.485398 -0.1539743 0.8873941 -0.3997985 -0.2295493 -0.05590772 0.9030171 0.4259513 -0.09247138 -0.7378293 -0.6686232 0.5466791 0.8373296 -0.004585606 -0.5420937 -0.8402876 -0.007151561 0.6658237 0.3059083 -0.6805138 -0.7936167 0.4478581 0.4118199 0.9790143 0.175133 0.104209 -0.9829696 -0.1837617 0.001574072 0.7452811 -0.009014031 0.6666895 -0.04181729 0.5286328 0.8478199 0.9298086 -0.3563517 -0.09202917 0.4755796 0.6100567 -0.6337624 -0.2500867 0.8328071 -0.4938511 -0.9501413 0.1595821 0.2678902 -0.6942342 0.7197304 0.005201172 0.2355281 -0.5523168 -0.7996704 0.195436 -0.5496695 -0.8121996 0.9817476 -0.1885733 -0.0247327 -0.813318 -0.1573781 0.5601303 0.4865927 -0.8585645 0.1615377 0.6850066 0.5487488 0.4792085 -0.8229643 0.4199396 -0.3825971 -0.992405 -0.1225528 0.01063509 0.0905912 0.9949521 -0.04316812 0.8685433 0.4954748 -0.01171843 0.9979611 0.05694277 0.02883083 -0.3390104 -0.482874 0.8074061 -0.1918577 -0.9483057 -0.2527981 0.2258761 0.9298752 0.2903654 0.5234567 -0.7653341 0.3745089 0.8399815 0.5413855 -0.03650887 0.2012109 0.9426216 -0.2664183 -0.8679829 0.4095619 -0.2808287 0.9386677 0.342764 0.03762792 -0.6894919 0.08860294 0.7188536 0.3553615 -0.8893931 -0.2875727 0.5935607 0.6983957 0.3999114 -0.9847899 -0.004182174 -0.1736992 0.309033 -0.9468671 -0.08911456 0.7362353 0.6767031 -0.005513588 -0.7230318 -0.690008 -0.03337641 0.7932899 0.1984791 -0.5755842 0.7584233 0.06239878 0.6487684 -0.1383535 -0.6978437 0.7027606 0.3550094 -0.9344369 0.02821204 -0.5858566 0.5640891 0.5818724 0.05684151 -0.9885743 0.1396062 -0.05081711 0.9924353 -0.1117576 0.9789148 0.1926826 -0.06781764 -0.9963004 -0.08101228 0.02867985 0.06611884 -0.9811963 0.1813342 0.3501866 0.7907682 0.5020508 0.414354 0.5515137 0.7239775 0.2309685 0.9137729 0.3341744 -0.877029 -0.4771065 0.05647622 0.9813421 0.1892756 -0.03379944 -0.6685355 0.7427672 0.03683889 -0.8398113 -0.4741541 0.2643764 0.8008278 -0.5652198 -0.1979936 0.0677037 0.9963656 -0.0516889 0.531272 0.1215663 -0.838434 -0.31405 -0.7169599 -0.6223674 0.3107578 -0.5658072 0.7637354 -0.3978052 0.9136581 0.08354589 -0.3815212 0.9240127 0.0253386 -0.865498 -0.4075282 -0.2912629 0.8955167 0.1795833 0.4071851 0.1844233 0.9578454 -0.220273 -0.5067956 0.7006602 -0.5022285 -0.8157395 -0.1389002 -0.5614943 0.9396966 -0.3415442 0.01783131 0.9400809 -0.3409033 -0.005733234 -0.8859368 -0.4436843 -0.1351304 0.805106 -0.5249027 -0.2761912 0.09819676 0.9019993 0.4204219 -0.2171738 0.5839355 -0.7822115 0.005227314 -0.999958 -0.00752277 -0.100857 -0.7506509 -0.6529557 -0.8552004 -0.276027 0.4386814 0.7846491 0.1776107 0.5939531 -0.7105838 -0.3845195 0.5892498 0.626286 -0.7238081 0.2895991 0.6925746 -0.7212435 -0.01217719 0.6922207 -0.4606326 -0.5555611 -0.9615923 0.2744818 -9.521053e-05 -0.6542361 0.2454721 -0.7153451 0.8491967 0.5122203 0.128434 -0.5018522 -0.1068555 0.8583276 -0.9883125 0.1523636 -0.004875989 0.9487082 -0.2477645 0.1963811 0.8322519 0.5196351 0.1932254 -0.8511117 -0.2050698 -0.4832756 0.03204545 -0.9908889 -0.1308137 0.2237954 0.9269312 0.301188 0.9979219 0.0367056 -0.05295761 -0.3978619 -0.5793868 -0.7113486 0.956597 0.2902092 0.02647372 -0.997105 -0.07601794 -0.001682859 0.08413381 0.993414 0.07778286 -0.7157828 -0.3990026 0.5731072 0.4387675 -0.5090739 -0.7404909 0.7536037 0.3817665 -0.5351036 -0.4056688 0.4907249 0.7711173 -0.4427511 0.8965991 0.009025962 0.8315717 -0.5488371 -0.08524257 0.4399169 -0.897914 -0.01495325 0.3783359 -0.9191629 -0.1095513 0.9970414 -0.0678319 -0.03615574 0.6645383 0.7470217 0.01863868 -0.5882622 0.7555349 -0.288296 -0.2038247 0.1304381 0.970279 -0.9694955 -0.2365223 -0.06430969 -0.0716324 -0.9447662 0.3198212 0.9100467 0.4099001 -0.06161828 0.4654287 -0.8608317 -0.2057787 0.6556151 -0.7550911 -0.002522506 0.9839027 -0.1786357 -0.004981906 -0.8658306 0.3106209 -0.3922398 0.9411141 0.3380886 -0.0005750432 0.9303397 0.3580871 0.07900455 0.6123398 -0.7840694 0.1013661 -0.9849871 -0.001664661 -0.1726201 0.6851965 -0.7137333 -0.1452258 0.2439447 0.8747785 0.4186331 -0.2102048 -0.7262695 -0.6544819 -0.618053 0.6751938 -0.4026461 -0.7274126 -0.6860095 0.01618304 -0.9052715 0.4241857 0.02345301 -0.8537856 -0.4195275 0.3082969 0.8234391 -0.5570743 -0.1077792 0.8616016 0.4239201 -0.2791675 -0.8174428 0.5601728 0.1341405 0.7598618 -0.05367722 0.6478648 -0.9978126 0.06512233 -0.01136608 0.689275 0.2139891 -0.6921767 -0.9867784 -0.1620696 0.001360269 -0.4975052 -0.8671091 0.02470783 0.9018092 -0.4320553 -0.008266035 -0.07814928 0.9964221 0.03218344 -0.8150172 -0.5188662 0.2579242 0.8756999 -0.4291369 -0.2213397 -0.08382635 0.996466 -0.005356803 0.7235489 0.6901131 -0.01486347 -0.4922548 0.8568464 -0.1532954 0.8408757 0.3741145 -0.3911093 0.004466341 -0.7480758 0.6635983 -0.2219826 0.9656027 0.1354077 -0.5565796 -0.8307615 0.007385872 0.7118629 -0.4435897 0.5444992 0.9246833 -0.3755032 -0.06291328 0.6767755 0.7334089 -0.0639238 -0.7187683 -0.1766715 0.672428 0.6809526 0.7287456 0.07234231 0.8915135 -0.421151 0.1668396 -0.8606281 -0.485398 -0.1539743 0.8873941 -0.3997985 -0.2295493 -0.05590772 0.9030171 0.4259513 -0.09247138 -0.7378293 -0.6686232 0.5466791 0.8373296 -0.004585606 -0.5420937 -0.8402876 -0.007151561 0.6658237 0.3059083 -0.6805138 -0.7936167 0.4478581 0.4118199 0.9790143 0.175133 0.104209 -0.9829696 -0.1837617 0.001574072 0.7452811 -0.009014031 0.6666895 -0.04181729 0.5286328 0.8478199 0.9298086 -0.3563517 -0.09202917 0.4755796 0.6100567 -0.6337624 -0.2500867 0.8328071 -0.4938511 -0.9501413 0.1595821 0.2678902 -0.6942342 0.7197304 0.005201172 0.2355281 -0.5523168 -0.7996704 0.195436 -0.5496695 -0.8121996 0.9817476 -0.1885733 -0.0247327 -0.813318 -0.1573781 0.5601303 0.4865927 -0.8585645 0.1615377 0.6850066 0.5487488 0.4792085 -0.8229643 0.4199396 -0.3825971 -0.992405 -0.1225528 0.01063509 0.0905912 0.9949521 -0.04316812 0.8685433 0.4954748 -0.01171843 0.9979611 0.05694277 0.02883083 -0.3390104 -0.482874 0.8074061 -0.1918577 -0.9483057 -0.2527981 0.2258761 0.9298752 0.2903654 0.5234567 -0.7653341 0.3745089 0.8399815 0.5413855 -0.03650887 0.2012109 0.9426216 -0.2664183 -0.8679829 0.4095619 -0.2808287 0.9386677 0.342764 0.03762792 -0.6894919 0.08860294 0.7188536 0.3553615 -0.8893931 -0.2875727 0.5935607 0.6983957 0.3999114 -0.9847899 -0.004182174 -0.1736992 0.309033 -0.9468671 -0.08911456 0.7362353 0.6767031 -0.005513588 -0.7230318 -0.690008 -0.03337641 0.7932899 0.1984791 -0.5755842 0.7584233 0.06239878 0.6487684 -0.1383535 -0.6978437 0.7027606 0.3550094 -0.9344369 0.02821204 -0.5858566 0.5640891 0.5818724 0.05684151 -0.9885743 0.1396062 -0.05081711 0.9924353 -0.1117576 0.9789148 0.1926826 -0.06781764 -0.9963004 -0.08101228 0.02867985 0.06611884 -0.9811963 0.1813342 0.3501866 0.7907682 0.5020508 0.414354 0.5515137 0.7239775 0.2309685 0.9137729 0.3341744 -0.877029 -0.4771065 0.05647622 0.9813421 0.1892756 -0.03379944 -0.6685355 0.7427672 0.03683889 -0.8800345 -0.4194356 0.2227401 0.9411592 0.1791492 -0.2865744 0.1509712 0.9654228 0.2125243 -0.5638328 0.7088001 0.4239044 0.925519 -0.3224884 0.1985341 -0.9330922 0.3596209 0.003437469 0.7360195 0.6742871 0.06010198 0.8058748 -0.5746191 0.142754 -0.5381499 -0.416127 0.7329619 0.9617063 0.2265494 0.1542609 -0.3785731 0.2520768 -0.8905839 0.7968887 -0.6007683 -0.06360748 0.4316966 0.8281385 -0.3575258 -0.7583772 0.01274639 -0.6516912 0.2618445 0.8223053 -0.5052241 0.4896069 -0.6982352 -0.5222573 0.5809996 0.1381346 0.8020962 -0.489137 0.3884161 0.7809468 -0.9958293 0.08554409 0.03172069 -0.7160923 -0.697865 0.01400698 0.09128438 -0.6722997 -0.7346293 0.5173405 0.3203306 0.793566 -0.8306801 0.5516146 0.07544436 0.5703354 0.1662779 -0.8044061 -0.4109067 -0.6478006 -0.6414905 -0.4422579 -0.7634319 0.4707225 -0.05374544 0.992862 -0.1064726 0.6101385 -0.01755576 0.7921003 -0.4447338 0.8491396 0.2849102 0.6621634 -0.7485877 0.03399991 0.6748743 -0.4924804 -0.5495523 0.2097766 0.8246634 -0.5252848 0.1455051 0.9891917 -0.01811186 -0.503316 0.8619683 -0.06069316 -0.102082 -0.9942184 -0.03330293 0.136591 0.9906151 0.004971735 0.0523587 0.9986056 0.006746997 -0.828268 -0.2382152 -0.5071741 -0.1500818 -0.9688339 0.1970695 -0.02286257 -0.990256 -0.1373694 -0.1004945 0.9919086 -0.07757671 0.05095326 -0.998692 0.004244652 -0.08373243 0.9964883 -0.000103678 -0.9156134 -0.4020426 -0.00373645 0.01860244 -0.9683723 0.2488151 -0.3708917 -0.876994 -0.3054846 0.4395601 -0.795067 -0.4179179 0.9801847 0.1878565 -0.06283214 -0.3729801 -0.927814 -0.006854652 -0.6860976 -0.3668757 -0.6282295 0.1449953 0.9614195 -0.2337711 -0.4771218 -0.8619559 0.1714257 0.1156641 -0.9901298 0.07914994 -0.00169057 -0.8621439 0.5066606 0.9865889 0.004986047 -0.1631486 -0.8529432 0.5039094 -0.1362471 -0.1214113 0.9912595 -0.05161345 0.7430541 0.4240331 0.5177515 -0.5147669 -0.5925298 -0.6196157 0.6557241 -0.7210286 0.223928 0.7890771 -0.08955787 0.6077308 0.08352848 0.8928881 0.4424634 0.6672849 -0.0947799 -0.7387473 0.7367829 -0.5609479 -0.3774763 -0.317299 0.8583334 -0.4032185 -0.3158503 -0.8203346 0.4767491 0.1031591 0.9946164 0.009816826 -0.1063873 -0.9943192 0.003328317 0.7035411 -0.5554534 -0.4432849 0.1195791 0.9899411 0.07561333 -0.7224586 0.5079718 0.469061 -0.05015318 0.9986133 -0.01600294 -0.8309622 -0.5449757 -0.1118182 0.5299102 0.8196308 0.2177166 -0.8509619 -0.471198 0.2320265 -0.4975052 -0.8671091 0.02470783 0.9018092 -0.4320553 -0.008266035 -0.07814928 0.9964221 0.03218344 -0.5315471 -0.846946 -0.01184185 0.7857714 -0.4594554 -0.4140821 -0.9280439 0.3036706 -0.2156817 0.8630877 -0.5041816 -0.02967262 -0.8668878 0.4984906 0.003559819 0.5332008 -0.666681 0.5208007 -0.4091467 -0.4158427 0.812203 0.9630391 0.2488691 0.103053 -0.5037773 0.1920857 -0.8422064 0.2493113 -0.9591741 -0.1335246 0.2362181 0.7533222 -0.6137643 -0.815823 -0.1202582 0.5656595 0.5222232 -0.835282 0.1720084 -0.5677379 0.2161231 0.7943327 -0.9963423 0.08544942 0.000638919 0.9890718 -0.09974871 0.1085689 0.4228545 -0.724179 -0.5447557 0.8062907 -0.003373588 0.5915098 -0.9142422 0.3054412 -0.2662085 -0.1592286 0.9872417 -0.0001591848 0.7780573 0.6281897 -0.002146748 0.6463148 -0.763068 0.002093219 -0.3814047 0.8516084 -0.3595742 0.8263069 0.4461933 0.3436983 -0.4539956 -0.5250533 0.7198659 0.4050227 -0.9119076 -0.06618967 -0.2217699 0.9676645 -0.1201811 -0.6783097 0.1978911 0.7076263 -0.1173851 -0.9930461 -0.008959119 -0.1315843 0.9912564 0.009814707 0.1461475 -0.9438545 0.2962761 0.361105 -0.7737885 0.5204368 0.748014 0.5449291 0.3788501 0.2504117 0.9635895 -0.09375119 -0.6804778 0.4061927 -0.6098831 0.9708162 0.239815 -0.002152972 0.9995259 0.02587132 -0.01669198 0.7019132 0.685253 0.194284 -0.4377357 0.7859095 0.4367306 -0.9555983 0.1743243 0.237577 0.3726687 -0.8623927 -0.3426324 0.145917 0.9430907 0.2988113 0.169988 -0.9770342 0.1284847 -0.0006243986 0.9922246 0.1244584 -0.6289444 -0.2363226 0.7406623 -0.5762204 -0.6499569 0.4955059 0.7928014 0.4581653 -0.4019333 -0.3689295 0.8356639 -0.4068869 0.7378231 0.6703886 -0.07871541 0.08754637 -0.9955049 -0.03613318 -0.1308215 -0.778955 -0.6132821 0.7309911 0.6800975 -0.05585098 -0.4078308 -0.8333646 0.3730651 -0.5833778 0.812191 0.004023076 -0.11167 0.9925315 0.0491012 -0.2389321 -0.6862255 0.6870269 -0.3873331 0.9170864 0.09447574 -0.7901998 -0.00304673 -0.6128418 0.7455083 0.6663137 -0.01560304 -0.4740842 0.8153512 -0.3323351 0.00406204 -0.7166373 -0.6974342 -0.4953806 0.6599273 -0.5648841 -0.2723563 -0.7692775 0.5779569 0.6070426 -0.1468937 0.7809747 0.63043 -0.7746813 0.04926303 -0.1471092 0.74089 0.6553174 -0.7832851 -0.5141412 0.3494613 0.02667702 -0.990659 -0.133728 0.7675796 0.558021 -0.3153318 -0.05669275 0.9949171 -0.0832219 -0.1021514 0.8047685 -0.5847331 0.6430386 0.7608494 -0.08723243 0.1480617 -0.9621074 -0.2289694 0.8547151 -0.3880002 0.3448448 0.6059958 0.7856286 0.1247269 -0.877029 -0.4771065 0.05647622 0.9813421 0.1892756 -0.03379944 -0.6685355 0.7427672 0.03683889 -0.9996383 -0.007261003 -0.0258937 0.975886 0.163157 0.1450042 -0.6751826 0.6346998 0.3758786 -0.7219377 0.6677823 -0.1813085 0.560686 0.8280137 0.004954428 0.5684639 -0.8147339 0.1142688 -0.7276104 0.6746568 0.1241824 0.8751917 0.4787257 -0.06972166 -0.4056693 -0.8084282 0.4264696 -0.8606121 0.5011145 0.09072562 0.4924773 0.4975516 -0.7140788 -0.005062381 -0.8986184 -0.4387018 -0.5544073 0.3306136 0.7637586 0.3776139 0.9016804 0.2106663 0.5470691 0.3330047 0.7679995 -0.3420581 0.9396759 -0.002317788 -0.6829547 -0.4184856 -0.5987008 -0.007332591 -0.9993332 -0.03576913 0.03568822 0.9951308 0.09187523 -0.1823333 -0.9832367 0.0003975471 0.1821073 0.9832783 0.0008310427 -0.07449585 -0.5205649 -0.850566 0.1678613 0.07464316 -0.9829807 0.4143265 0.01058841 -0.9100667 -0.2035174 -0.6661629 -0.717501 -0.8742736 0.3997611 0.2753847 0.8525247 0.2439726 0.4622542 0.4114732 -0.5863703 0.6977533 -0.8495878 0.3531731 0.3917517 -0.6077829 -0.793812 -0.02150288 0.4220257 -0.6280728 -0.6537728 0.8482552 -0.5250437 -0.06922609 -0.8783313 0.478052 -0.0005774427 0.5988845 -0.6707129 0.4375861 -0.1630818 0.9858077 0.03984256 -0.893616 0.4394017 0.09152373 -0.9126589 -0.3979015 0.09342447 0.7989506 -0.5222699 0.2981812 0.0540573 0.9254103 -0.3750914 -0.6054409 -0.7922432 -0.07610563 -0.3161861 0.9485109 0.01879865 -0.9872837 0.1571571 0.02392915 -0.6553441 -0.7552518 0.01089964 0.6634598 0.7481819 0.006702936 0.1632586 0.9864997 -0.01284651 0.0365914 -0.8682875 -0.4947099 0.7800219 0.3308259 0.5311498 -0.8401917 0.5416107 -0.0271242 -0.3583435 0.9146011 -0.1873358 -0.6378719 -0.5972422 -0.4862316 0.7475181 -0.3189827 -0.5826378 -0.7332727 -0.5987113 0.322267 0.8345184 -0.2394733 0.4962172 0.4745067 -0.8802364 -0.005228071 -0.131243 0.8917304 0.4331191 0.6430372 -0.7493039 -0.1582621 0.2650988 0.945983 -0.1866517 -0.4928182 0.8627095 0.1134127 0.9960051 -0.08929313 0.0007154763 -0.1895463 0.9812768 0.03417545 0.9559044 0.2836102 0.07623658 -0.7335482 -0.5998854 -0.319444 0.758736 -0.07951187 0.6465273 0.1840189 0.9547527 -0.2336329 0.2478218 -0.9687181 -0.01302366 -0.5518184 0.5152729 -0.6557364 0.2016485 -0.9460094 -0.2537797 0.6473671 0.0630589 -0.7595653 -0.2611687 0.4739082 -0.840953 -0.5711779 0.6961906 -0.434827 -0.83683 -0.4351885 0.3321544 0.3389798 0.5826883 0.7386251 0.01077081 0.9999118 -0.007767739 0.5823445 -0.6619773 -0.4718695 0.9861002 -0.00324649 -0.16612 0.3711755 0.8176906 0.4400123 -0.9372988 -0.1621581 -0.3085055 0.9188978 0.3835374 -0.09233592 0.9996744 -0.02486724 0.005714361 0.933491 0.3585891 0.002895594 -0.9654943 -0.1423902 0.2180501 -0.9561697 -0.2746713 0.1014648 -0.4975052 -0.8671091 0.02470783 0.9018092 -0.4320553 -0.008266035 -0.07814928 0.9964221 0.03218344 -0.4735289 -0.7417315 -0.4749787 0.3199264 -0.8188366 -0.4766064 0.6290424 0.639554 0.4419007 0.2758912 -0.8190223 -0.5030771 0.630757 -0.7753155 -0.03211676 0.6043259 0.7966495 -0.0118257 0.1516538 -0.9445685 0.2911897 0.9619552 -0.1920941 -0.1942732 0.742855 0.5372022 -0.399475 -0.3821265 0.9070247 -0.1768771 -0.5498877 -0.06376649 -0.8328009 0.3793427 0.8656965 -0.3266016 -0.2091239 -0.9687784 -0.1331751 -0.6146578 0.4512006 -0.6470037 0.04345425 -0.8920712 0.4498007 0.3093889 -0.9480393 0.07416244 0.6833991 -0.4646524 0.5630842 0.6103692 0.5490509 0.5709576 -0.7132529 0.4169817 -0.5633795 -0.9088481 0.4170459 -0.008237929 -0.6964 0.6700178 0.2571055 0.1258082 -0.4637273 0.8770002 -0.5570539 0.7332048 0.3900023 -0.8537647 -0.3171912 0.4128869 0.7614121 -0.1911808 -0.6194365 0.5586622 0.8226907 0.105245 -0.05156587 0.8280801 0.5582332 -0.8826232 0.4691003 -0.0303508 0.4985486 -0.7225558 -0.4789179 -0.05569704 0.978134 -0.2003791 -0.1933006 0.9811243 -0.005472521 -0.8864916 0.4596287 0.0536114 -0.8377096 -0.5232333 0.1564273 0.8819556 -0.3955956 0.256239 0.003141757 0.9247005 -0.3806824 0.6632236 0.7484208 0.0009079993 0.6265621 0.777185 -0.05833919 -0.627946 -0.5353111 -0.5649122 0.9167582 -0.3459076 0.1997556 -0.2841953 0.8655458 0.4123876 0.4807854 -0.8768361 -0.001972372 -0.04472445 0.8505366 -0.5240107 0.2260044 0.9544234 -0.1949305 -0.07309982 0.9302822 0.3594877 -0.04273151 0.93001 0.3650416 -0.595401 -0.7322242 0.330674 0.9186912 -0.1862674 -0.3482971 -0.9187534 0.0003947747 0.3948317 0.1374568 -0.9897614 -0.03844493 -0.4146677 0.842392 -0.3441313 0.1633336 -0.9865681 0.002345952 -0.3010278 0.9388364 0.167238 0.1530805 -0.9880016 0.02047574 -0.7630806 -0.5324297 -0.3663694 0.6337231 -0.3934766 0.6660115 -0.06067494 0.9150272 -0.3988028 -0.2540132 0.9670331 -0.01800776 0.3409951 -0.65932 -0.6700892 -0.302076 -0.163084 0.9392304 0.4626757 -0.172154 0.8696518 0.3472544 0.6545 0.6715982 -0.6979977 -0.663045 -0.2705006 -0.2282428 0.8149236 0.5327333 -0.9827116 -0.008407173 0.1849518 -0.9992948 -0.009941816 -0.03620724 0.9966108 -0.04939742 -0.06577871 0.8210582 -0.316044 0.4753731 0.9361461 0.351079 0.01933716 -0.877029 -0.4771065 0.05647622 0.9813421 0.1892756 -0.03379944 -0.6685355 0.7427672 0.03683889 0.3010342 -0.9461461 0.1191052 0.6016137 0.3997147 -0.6915845 0.2933984 0.7648709 -0.5734892 -0.7117477 0.538538 0.4509901 -0.02175131 -0.9983502 -0.05313932 -0.01832571 -0.9981796 -0.05745999 -0.597847 -0.8002199 -0.04719089 0.3318258 0.9019653 -0.2763153 0.2418427 0.8178293 0.5221756 -0.8969709 -0.4420865 0.001657452 0.5066293 0.8594768 -0.06801746 -0.8313198 -0.4198987 -0.3641324 0.6889858 -0.5477195 0.4746597 0.4915627 0.8579897 0.1490631 -0.1694181 0.7576152 -0.6303306 -0.6681965 -0.3906958 -0.6331432 0.8487067 -0.5288208 -0.006742544 -0.4351485 0.06461962 0.8980368 -0.8394286 0.54347 0 -0.3833898 -0.9234746 0.01438689 -0.9460222 -0.002031887 0.3240953 -0.4291816 -0.8113315 -0.3969186 -0.4879274 0.60978 0.6245761 0.07412594 -0.5936603 -0.8012944 -0.6621177 -0.7491928 -0.01761537 0.7426317 0.1091916 -0.6607385 -0.003506872 0.7890281 -0.6143472 -0.159843 0.5716996 0.804742 -0.6615603 -0.7495934 0.0211593 0.7687552 0.6357048 0.06996336 -0.01768735 -0.844208 0.5357239 0.8364772 0.4147349 -0.358191 -0.8473715 0.4958642 -0.189948 0.4907713 -0.8704869 -0.03736523 -0.7364283 -0.2160971 -0.6410736 0.2046303 0.7021317 0.6820099 0.0783841 -0.5508101 0.8309417 -0.5333515 0.8255517 0.1843927 -0.6910325 -0.7225811 0.01872417 -0.7387489 -0.4064646 -0.5376212 -0.05050496 0.9509948 0.3050544 -0.7196459 0.6796462 -0.1420944 0.8345337 -0.5509301 -0.005431179 0.1646478 -0.6394045 -0.7510346 -0.9010997 0.303958 -0.3092392 0.6858487 0.2791509 0.6720761 -0.8605661 0.2171864 0.4607125 0.6996792 -0.6615734 0.2697585 0.9998353 -0.0181495 -0.0001612931 -0.7175952 -0.1832148 0.6719297 -0.4352669 -0.8551784 0.2814474 0.4593998 -0.7243658 -0.5140486 -0.01109709 0.9990477 -0.04219603 0.6426111 0.6616153 -0.3864146 -0.07457303 -0.9916435 -0.1052713 -0.3943731 0.7360179 -0.5502249 -0.1824297 -0.9651359 -0.1877023 0.5586583 0.7963517 -0.2317864 -0.1812279 -0.9633475 0.1977827 0.2300839 -0.8119526 0.5364647 0.6929787 0.5723297 0.4384281 -0.9021309 -0.404935 -0.1489544 0.7415371 -0.4808712 0.4678521 0.1713184 0.9386815 -0.2992107 -0.4102545 -0.9118919 0.01201605 0.8301657 0.5567832 -0.02859152 -0.8510796 -0.4092317 -0.328927 0.9690709 0.1589915 0.1887413 -0.6884671 0.6183575 0.379008 0.8402736 -0.5417149 -0.02202827 -0.8451225 0.5345726 0 0.1651354 0.8358678 -0.5235029 0.2295256 0.757337 -0.6113581 -0.8629673 0.5011423 0.06437232 0.507421 -0.7191594 0.4746933 0.3158819 0.68886 0.6524497 -0.5657433 -0.1989541 0.8002199 0.3304885 -0.7988563 0.5025992 0.4606875 0.3396988 -0.8199828 -0.8037518 0.4305631 0.4106074 -0.6193136 0.7828706 -0.05970141 0.1143076 -0.7795256 -0.6158519 0.5222828 0.8527724 7.209295e-05 -0.5960885 0.8028794 0.007948551 -0.5847589 0.8107602 -0.02692389 0.5884621 0.7783674 0.2187611 -0.4975052 -0.8671091 0.02470783 0.9018092 -0.4320553 -0.008266035 -0.07814928 0.9964221 0.03218344 0.1963283 -0.9569157 0.2139335 -0.7578991 0.2386865 0.607139 -0.6092311 -0.7903008 0.06528503 -0.02244124 -0.9932807 0.1135334 -0.5748489 -0.8178916 -0.02453739 0.222048 -0.9244989 0.309833 0.03400096 0.9896132 -0.1396769 -0.8590594 0.2057363 -0.4687106 -0.804562 0.5900439 -0.06729108 0.3670972 0.930125 -0.01035058 -0.9133982 0.3910779 -0.1129679 0.8557869 -0.517285 -0.006714042 0.8647159 -0.4961955 0.07782234 -0.2384588 0.702604 0.6704364 0.1483723 -0.7926892 -0.5912947 0.9554728 -0.01034013 -0.2948981 0.7398745 0.640278 0.2064699 -0.8531335 0.4980599 -0.1552406 0.6498591 0.7600365 -0.005257555 -0.7182911 0.04628675 -0.6942013 -0.6249073 -0.05317796 0.7788858 -0.01670184 -0.526758 0.8498512 0.4425512 -0.09759207 0.891417 0.7161524 -0.6973778 0.02810572 0.1351974 -0.8437337 0.5194566 0.8073174 0.452207 -0.3791405 -0.9190243 0.3800717 -0.104594 0.9995854 -0.02071382 -0.01999864 0.395322 -0.2320656 -0.8887441 0.481511 -0.8764387 0.001561076 -0.02934444 0.6437656 -0.7646599 -0.5608715 -0.1183502 -0.8194 0.7023423 -0.403042 0.5867473 0.6037946 -0.7685303 0.2116442 -0.3215984 0.1818085 0.9292578 -0.2676874 -0.8648256 -0.4247589 0.8354304 -0.4573816 0.3047262 0.7683117 0.3279934 0.5496521 0.831084 -0.5559355 -0.01533091 -0.3281218 -0.9444446 -0.01898658 0.6161985 0.5298634 -0.5827041 0.3171323 -0.6929261 0.6475188 -0.999713 0.02169358 0.01015969 0.7078095 -0.2001201 -0.6774641 0.4508866 0.8546618 -0.2573994 -0.1795104 0.9314425 0.3165294 -0.6344065 -0.1762285 0.7526433 -0.8439633 -0.5315216 -0.0721855 0.7711436 -0.4400011 0.4601484 0.02258999 0.9378621 -0.3462721 -0.4540707 -0.721248 -0.5230881 0.9133461 -0.3727636 -0.163848 -0.115858 0.8139226 0.5693039 0.4627647 -0.6751052 -0.5745275 -0.6434494 -0.08468276 -0.7607902 -0.1716308 0.9851547 0.003626543 -0.6999927 -0.7050113 0.1138833 0.4473795 -0.8033673 0.3930046 0.3597615 0.4473491 -0.8188104 -0.8036643 0.3921811 0.4475685 0.5611434 0.8229503 -0.08871793 -0.2481381 0.9687225 0.002075208 -0.5896289 0.8075397 -0.01474519 0.06235949 -0.7112365 0.7001813 -0.877029 -0.4771065 0.05647622 0.9813421 0.1892756 -0.03379944 -0.6685355 0.7427672 0.03683889 -0.3238061 -0.8107524 -0.4876783 0.8651608 0.1496221 -0.4786544 -0.3018803 0.5694875 0.7645602 -0.1215673 0.9925313 0.01014999 -0.7657441 0.6430235 -0.01251535 -0.6434327 -0.7650914 -0.02509062 0.7917371 0.4618108 0.3998539 0.8523423 -0.5198327 0.05732828 -0.623853 -0.7795435 0.05585095 -0.9018015 -0.3574433 0.2428753 0.8119279 -0.4727491 0.3424636 0.9027977 0.376937 -0.2070624 -0.8140928 0.4903449 -0.3111507 0.7991509 0.6004332 -0.02894442 0.09048767 -0.5668514 -0.8188354 -0.7535964 0.4664135 -0.4631964 -0.1528575 -0.6100752 0.7774592 0.6521624 0.09174977 0.7525066 -0.9081327 -0.2006233 -0.3674852 0.8495426 -0.5059827 0.1491943 0.2328337 0.8999945 0.3685083 0.6654438 -0.7462577 -0.01684965 -0.9405674 -0.3365465 -0.04549152 0.7587367 -0.2626056 -0.5961182 -0.2888317 0.8187903 -0.4961438 -0.9070829 -0.3988877 -0.1344964 -0.8358112 -0.4217844 0.3514506 -0.6608409 0.750509 -0.005057619 0.8414898 0.4747886 -0.257819 -0.6748064 0.7087526 0.2056843 0.2279796 0.9686105 -0.09909087 0.5045266 -0.490787 -0.7103387 -0.2600507 0.8321287 -0.489832 0.8660652 0.05700046 0.496671 0.1291355 0.9329814 0.3359608 0.2923578 0.9554233 0.04114835 0.9623563 0.2047863 0.1786978 -0.530413 -0.8151972 0.2326277 0.6598959 0.3192167 0.6801751 -0.1821965 0.487143 -0.8541055 -0.5621013 -0.623146 -0.5438117 0.239009 0.937417 -0.2532273 -0.9753383 -0.2202495 -0.01432797 0.4496252 -0.7588376 -0.4711715 0.9739868 -0.2261145 0.01489656 0.9741921 -0.2257024 0.002863865 0.339371 0.4265611 0.8383752 0.7992014 0.6010227 0.006983764 -0.2849882 -0.8000136 -0.5279772 0.9115841 0.3565473 0.2046666 -0.7967519 0.4665308 0.3841034 0.06756034 0.7032138 -0.7077612 0.8567911 0.5142344 -0.03836687 0.8735608 0.4863165 0.01969063 0.5576053 -0.8037194 0.207633 0.833753 0.3999366 -0.3806661 -0.8467816 0.5318682 0.008785814 -0.7437236 -0.6652367 -0.06584408 -0.634274 0.7730674 -0.00795262 -0.5852766 0.8107925 -0.008177723 0.7055696 -0.0744597 0.7047179 -0.01646625 -0.9902735 -0.1381569 0.7254344 0.4177917 0.5469873 -0.7517111 0.5107892 -0.4171628 0.786882 0.6149749 -0.05121056 0.5352219 0.8419996 -0.06763301 -0.6672018 -0.7269055 0.162635 0.7763971 0.6302437 0.0006381285 0.5694546 0.8216926 0.02329813 -0.5015505 -0.8650161 0.01393286 0.6734633 0.1701494 -0.7193722 0.3521029 0.8937867 0.2777928 -0.7943404 -0.2243239 -0.5645371 -0.928879 -0.00517304 -0.3703471 0.856485 0.5136354 0.05110931 -0.82994 -0.09735333 0.5492922 -0.9446269 0.32777 0.01571007 0.1652234 -0.6406665 0.7498318 -0.4975052 -0.8671091 0.02470783 0.9018092 -0.4320553 -0.008266035 -0.07814928 0.9964221 0.03218344 -0.6868333 -0.710704 -0.1521834 0.8732377 0.4506526 -0.1853866 -0.5795489 0.3226008 0.7483661 0.7556212 0.4982608 -0.4251738 -0.750472 0.6605866 0.02042037 0.01731052 -0.8442198 0.5357176 -0.01784959 0.8636892 -0.5037085 -0.7912088 -0.6115371 0.003315792 -0.4517481 0.7745002 -0.4428014 0.5722969 -0.1922904 -0.7971829 -0.4280706 0.7669186 -0.4781123 0.6077802 0.1687243 0.7759738 -0.3005848 -0.4985488 0.8130793 0.8000673 0.5985887 0.03979857 -0.7333114 -0.54313 -0.4089795 0.545242 -0.8353457 -0.07006187 -0.1559754 0.952708 0.2608047 -0.6207766 0.7788782 -0.08935962 0.64691 -0.1362344 0.7502984 0.1001137 0.5249823 0.8452046 -0.3995572 -0.9064149 0.1369895 0.08367199 -0.9964851 0.004064359 0.8969073 0.3510208 -0.2689642 -0.8613272 0.4291121 0.2719895 -0.4031892 0.9054742 -0.1324949 -0.3235172 -0.9461849 -0.008416576 -0.6920353 -0.5952467 -0.408373 -0.5916428 -0.483386 0.6452106 0.3026329 0.9528387 0.02262328 -0.1701304 -0.7333985 0.6581658 0.641434 0.7647904 0.06048204 -0.4432794 0.1685234 -0.8803994 0.4523974 -0.7527273 -0.4782659 0.4040557 0.4071619 -0.8191204 0.682423 0.7309572 -0.0006294078 -0.688787 -0.7236194 -0.04412961 0.4720951 -0.08920718 0.8770224 -0.3611286 0.01931713 0.9323159 -0.003171059 -0.8228732 -0.5682162 0.997575 0.06927675 0.006695166 -0.7427416 0.5231928 0.4178567 0.516839 -0.8285656 -0.2153055 -0.7311794 0.2073302 -0.649916 0.6183406 -0.7849822 0.03818176 -0.701029 0.06665071 0.7100113 -0.6735954 0.7370739 0.05469366 0.5738425 -0.8101925 0.1195531 0.8905646 0.450233 -0.06469133 0.1076567 -0.9240671 0.3667561 0.5834273 0.6904651 -0.4276337 -0.9632619 0.1819682 0.19752 -0.6198549 0.7847141 -0.001906192 0.06751061 -0.589868 -0.8046727 0.5870631 -0.8038907 -0.09548123 0.853306 0.1979965 -0.482355 -0.6711564 0.7352941 0.0942951 -0.1032455 -0.7223724 0.6837532 0.1160245 -0.9921697 -0.046234 0.6521737 0.5504231 0.5212523 -0.7693594 0.4663425 -0.4365899 0.5580217 0.8291075 -0.03453482 -0.6813224 -0.7215819 -0.1229608 0.5646535 0.8253272 0.001198428 -0.6304893 -0.7463079 0.2133254 -0.6127599 -0.786851 0.07342236 -0.6871106 -0.5021719 0.5250738 0.4092166 -0.3696872 -0.8341901 -0.01252967 0.7414084 0.6709371 -0.03642514 0.8016649 -0.5966628 -0.9458541 -0.2810444 -0.1624011 0.8925913 -0.4343386 0.120958 -0.8857821 -0.2119957 0.4128532 -0.877029 -0.4771065 0.05647622 0.9813421 0.1892756 -0.03379944 -0.6685355 0.7427672 0.03683889 -0.877514 -0.3939606 -0.2734303 0.8911786 0.1761607 0.4180527 0.2119945 0.9396946 -0.2683884 -0.4745247 0.6838704 -0.5542089 0.1487723 0.8805025 -0.4500912 0.4052953 -0.9134862 0.03575729 -0.1865864 -0.8955168 0.4040237 -0.9940734 0.1053196 0.02694063 -0.3262484 -0.6848215 -0.6515992 0.9731071 0.1774366 0.1468973 -0.6122164 0.5382627 0.5791928 -0.5808562 -0.8120487 -0.05641802 0.03629768 0.5114889 -0.8585229 0.7753788 -0.6310646 -0.02334959 0.8840381 -0.4666867 0.02607937 -0.7484051 0.5985627 -0.285679 -0.2295488 -0.8713644 0.433626 0.9219411 0.1966892 -0.3336735 -0.05812173 0.9329915 -0.3551743 -0.8985731 -0.4380655 -0.02578957 0.9649452 -0.09084258 -0.2462283 -0.4496693 -0.6504333 -0.6121553 0.8868758 0.1160002 -0.4472083 -0.4935424 0.6706508 -0.5537539 -0.9491262 0.3148419 0.005827523 0.8771098 0.2486087 0.4109405 -0.6701368 0.7061309 -0.2286829 -0.5603967 -0.8281558 0.01064845 -0.167233 -0.9078618 -0.3844737 0.7492244 0.1388769 -0.6475924 -0.5278011 -0.8478662 0.05048778 -0.8589225 0.5117879 0.01803748 -0.06832912 0.9976619 0.001394709 -0.9462579 -0.2051876 0.249988 -0.067629 -0.9841978 -0.1636489 0.3596307 0.929433 0.0825838 -0.1711023 -0.8046201 -0.568604 -0.3482812 0.8112505 -0.4696518 -0.9886625 -0.1501313 -0.002667618 -0.975977 0.217828 -0.004465328 0.9970509 -0.04310659 0.06349234 0.9716321 -0.06427189 0.2275964 -0.9739679 0.2258134 0.01986999 -0.9806566 -0.1866052 0.05908571 -0.5804332 -0.7113994 0.3962425 0.930204 0.3647714 -0.0407713 -0.7309156 0.4692739 -0.4955243 0.2022622 -0.9780708 0.04967442 -0.8102269 -0.5853778 0.02941658 0.8041848 0.5943577 0.005065658 -0.3452821 -0.7529002 0.560287 0.8416006 0.5255186 0.1246538 -0.8000805 -0.381467 -0.462984 0.8820842 -0.4706323 0.02080356 -0.04744844 0.8712759 0.4884946 0.8035107 0.0112743 -0.5951835 -0.07036875 -0.8607981 -0.5040584 -0.528196 0.7982708 -0.2894352 -0.2652487 -0.7889082 0.5543167 -0.5943774 0.7461337 0.3 -0.04667666 -0.9206016 0.3877035 0.654878 -0.7483656 -0.1052787 0.9485831 -0.0001537049 -0.316528 0.2649615 0.9428334 -0.2021399 0.1426673 -0.8807206 0.4516385 0.2516312 0.9677981 -0.006974111 -0.513988 0.8577297 0.01077946 -0.2888002 -0.9564928 0.04142511 0.7877635 -0.5135002 0.340215 0.5694661 0.2886697 -0.7696611 0.9998683 0.01243274 -0.01042975 0.2936898 -0.9555375 -0.02635033 -0.7535722 0.3547058 -0.5534552 0.7125185 0.5871003 0.3842273 -0.477944 0.7278879 0.4916795 0.3200942 -0.9473769 -0.004088065 0.04735649 -0.8055972 0.5905679 0.6709235 0.06151011 0.738971 -0.4811251 0.6722377 0.5626856 -0.4975052 -0.8671091 0.02470783 0.9018092 -0.4320553 -0.008266035 -0.07814928 0.9964221 0.03218344 -0.5829689 -0.8106113 0.0552866 0.6778499 -0.4261791 0.599075 -0.4338665 -0.865454 -0.2504981 0.8766374 -0.4810326 -0.01070341 0.1529746 0.9336613 -0.3238447 0.9981209 -0.06005218 0.01218596 -0.1857706 -0.7099503 -0.6793084 0.9989886 -0.003540655 -0.04482435 -0.5322692 0.5777976 0.6187402 0.6566704 -0.7541542 0.005949951 0.6578101 -0.7531826 0.001370931 0.6565346 -0.7542903 -0.002898109 -0.08033687 0.6429657 0.7616699 0.9952365 -0.03720963 0.09010982 -0.7327118 -0.5159075 0.4438163 0.9156199 -0.3956246 -0.07156395 -0.5580917 0.8112378 -0.1744333 0.9092283 0.4148777 -0.03435835 -0.3347692 -0.7330171 0.592128 0.9302175 0.3501551 0.10994 0.8241137 -0.07250495 0.5617648 -0.5041737 0.4985026 0.7051979 0.9535082 -0.2945935 0.06353517 -0.370305 -0.9030848 -0.2175132 -0.1283831 -0.9837758 -0.1253115 0.8451761 0.3469942 0.4065372 -0.5554291 0.812999 -0.1747317 0.5639324 0.8256669 -0.015949 -0.07594984 0.9969499 -0.01795849 -0.3494147 0.7305581 -0.5866807 -0.2477139 -0.8542228 0.4571009 0.5980948 0.01818626 0.801219 -0.4484978 0.4970582 0.7428209 0.4409423 -0.8467357 -0.2976719 0.8239968 0.5538089 -0.1196867 -0.8386485 0.4155056 0.3521701 -0.9583928 -0.2686589 -0.09646537 0.9787214 -0.09156493 0.1836309 -0.0832284 -0.8162929 0.5716108 0.9226827 -0.1657377 0.3481201 -0.2128747 0.7815454 -0.5864053 -0.1775566 0.98411 -0.00111319 -0.3467481 -0.6463236 -0.679729 -0.2464297 0.9626796 -0.1118946 0.8036336 0.5950849 -0.006854001 -0.252929 0.9612517 0.1096451 -0.7078788 -0.50098 -0.4979222 0.9015146 -0.4300007 0.04869066 -0.1969541 0.8731361 0.4459175 -0.466168 0.8673471 -0.1743458 0.7142484 0.6997194 -0.01555637 0.7833345 -0.6215256 -0.009640894 0.7292448 0.6801958 0.0744025 0.6228956 0.04576385 0.7809653 0.7813502 -0.6240239 0.009272333 -0.5945052 -0.7449027 0.3027929 -0.3258737 0.9453682 -0.009233423 -0.9427418 0.0008363164 0.3335224 0.7192706 0.4857822 -0.4966542 0.2461333 0.9692161 0.006204538 -0.4952995 0.8687209 0.0015348 0.2230095 -0.9141514 -0.3385172 -0.4939983 0.8693943 0.01092096 0.3633925 0.9138169 0.181341 -0.2312836 -0.9723478 0.03236749 -0.804086 -0.5614258 -0.1955678 0.9391509 0.09180452 0.3310099 -0.04292901 0.9902663 -0.1324 -0.7184262 0.627558 -0.3000579 0.4994282 0.8663236 -0.007407081 -0.1960384 -0.8586869 -0.4735248 -0.877029 -0.4771065 0.05647622 0.9813421 0.1892756 -0.03379944 -0.6685355 0.7427672 0.03683889 0.8526476 0.1819778 0.4897715 0.4076459 0.8518431 0.3289196 -0.6454361 0.73362 -0.2126359 0.9460519 0.3231481 0.02368865 -0.7730018 0.216458 -0.5963339 0.9432613 0.3315748 -0.01778618 -0.6758861 0.3487246 0.6492835 0.4723434 -0.8812366 0.01771529 -0.4758013 0.8794893 -0.0105683 0.1948606 -0.9153912 0.3522616 -0.9730198 -0.0007717375 0.2307205 -0.3224351 -0.9457647 -0.03955631 -0.6217241 0.7476247 0.2334875 -0.6912247 -0.7226233 -0.004905874 -0.559185 -0.03332904 -0.8283727 -0.7675662 0.6409269 -0.007397681 0.1085702 -0.9932065 -0.04187301 0.2773668 0.7717571 -0.5722401 -0.08266256 0.9965723 0.003249555 -0.6908285 -0.7230073 0.004051719 0.1392453 -0.4013609 0.9052735 0.6968999 0.5498298 -0.4604537 -0.4057624 0.3023327 -0.8625264 -0.1360417 -0.5849006 -0.7996148 -0.7812939 -0.6190423 -0.0797905 -0.3940071 0.9158301 -0.07754725 -0.433875 0.8981711 0.07100071 -0.001775219 -0.9120278 -0.4101245 0.8343273 0.3858218 0.3937506 -0.5557622 0.7907581 0.2565735 -0.6451876 -0.5728297 -0.5055682 -0.696469 0.7175856 -0.001337372 -0.6932871 -0.4014056 0.5985203 0.7775835 -0.5404893 -0.3213024 -0.1008233 0.9660267 -0.2379646 0.9915873 -0.1195783 -0.04955435 0.1349103 -0.8662963 -0.4809677 0.7842547 0.380696 -0.4899134 0.460641 -0.75766 0.4623432 0.6883339 0.3892094 0.6121376 -0.9996971 -0.02426195 0.004120669 0.6422829 0.4535578 0.6178656 -0.2154281 0.834339 -0.5074143 -0.3744376 -0.1851736 -0.9085743 0.46417 -0.3790501 -0.8005419 -0.3339899 0.9423338 -0.02139427 0.5296122 0.8478376 -0.02612186 0.1274166 0.5367604 -0.8340583 -0.9656191 0.2599309 0.00395044 -0.2018693 0.9465965 0.2514039 0.6047471 -0.4015328 -0.687788 0.9297155 0.3303521 -0.1627777 -0.560332 0.4193711 0.714252 0.9346097 -0.343927 -0.09065855 0.9536604 -0.2996048 -0.02772813 0.5237688 0.8406715 0.1376146 -0.5492927 -0.7424815 0.3834042 0.8616335 -0.4806609 0.1629504 -0.1817751 0.9057023 -0.3829636 0.3535438 -0.4196797 -0.8359879 -0.3734091 -0.6678939 -0.6438038 0.9351293 0.06683342 0.3479461 0.9677653 0.2102618 0.1386371 -0.8111967 -0.4141207 -0.4128729 0.8153134 -0.5515443 0.1762465 -0.0496072 0.9697921 0.2388355 -0.5687588 0.8210735 -0.04849471 0.7566831 0.6537693 0.004042842 -0.5503305 0.8349288 0.005493892 -0.125695 -0.7317495 0.6698832 0.6076175 0.7941956 0.007367327 0.5289076 -0.8483136 0.02491748 -0.4975052 -0.8671091 0.02470783 0.9018092 -0.4320553 -0.008266035 -0.07814928 0.9964221 0.03218344 -0.4168663 -0.857436 -0.3017053 0.3381131 -0.9395355 0.05433696 -0.8857646 0.2029022 -0.4174347 -0.0345868 -0.8800982 -0.4735303 0.8626077 0.505773 -0.01008272 -0.955674 -0.2873604 0.06411878 0.2832945 -0.9443278 -0.1673 0.9771281 0.0001897888 -0.2126515 0.6610626 0.7494108 -0.03714442 0.3881703 -0.7295699 -0.5630733 -0.7658009 0.6430756 0.001640625 0.3547412 -0.6526642 0.6694686 0.2075353 0.7153185 0.6672694 -0.4930306 0.05799313 0.868077 -0.4190462 -0.5263639 0.7398252 0.9238188 0.3507674 0.1533659 -0.7770972 0.005666542 -0.629355 -0.3597052 0.9330571 -0.004086009 0.3618549 -0.9321663 0.01126888 0.8165763 0.1851123 -0.5467509 0.4318322 -0.8992953 -0.06920149 -0.3567802 -0.7890014 0.5001846 0.7613157 -0.1032634 0.6401055 -0.5878098 -0.6762912 -0.4439705 0.9743071 -0.174635 0.1422261 -0.9014626 0.4323567 0.02080555 0.9934497 -0.09943735 -0.05630176 -0.939063 -0.2288282 -0.2565119 0.7722732 0.3265247 -0.5449548 0.8971242 -0.3589749 -0.257498 -0.3636622 0.8981307 -0.2472067 0.8064233 -0.3312692 0.4898389 -0.3959948 -0.4452741 0.8030685 -0.9993588 0.02892183 0.02110707 0.7033773 -0.7106742 0.01422926 -0.2957562 0.8034532 0.5167119 -0.614009 -0.53099 0.5839885 0.8216181 -0.4086735 -0.3974036 -0.144556 0.9673763 -0.2080543 -0.05332867 -0.998575 -0.002015957 0.3578847 0.5578571 -0.7488084 -0.999705 -0.024177 0.002324208 -0.9994515 0.03223321 0.007599915 -0.5798886 -0.7110269 -0.3977059 -0.1076343 -0.9682405 0.2256662 0.5848592 -0.1699653 0.7931276 -0.5233532 0.403903 -0.7503091 0.3184551 -0.9459215 0.06179707 -0.008943804 0.8259673 0.5636471 -0.7425498 -0.2624155 0.616245 0.5466395 -0.6154679 0.5677892 0.8341554 -0.4430692 0.3284426 -0.8889558 -0.4541632 0.05910517 -0.2410804 -0.7590102 -0.6048006 0.2025756 0.7395594 0.641884 0.03531397 0.9915041 -0.1251902 -0.9785106 0.1337379 -0.1569432 0.9549187 -0.2961684 0.02036074 -0.8639597 -0.1070298 0.4920551 -0.9612144 0.2757204 0.006722808 -0.8026444 -0.5192055 0.2935774 0.9718199 -0.2300309 0.05149693 -0.09824011 0.9154146 -0.3903396 0.95107 0.3084881 -0.01734583 0.6350453 -0.7724406 -0.007274441 0.6358168 -0.7715268 -0.02198848 -0.4975936 0.7942313 -0.348708 -0.8363318 0.4347003 -0.3340432 0.4836078 0.7705806 0.4151254 0.07984527 -0.6195564 0.7808807 -0.6462441 0.3330668 0.6866114 -0.7291045 -0.5460055 -0.4126555 0.876764 -0.4182877 0.2373189 -0.09796423 0.9706925 0.2194517 -0.5469979 0.8370687 -0.01045829 -0.1880022 -0.7097163 -0.6789388 0.7620366 0.6470292 -0.02556303 -0.5555117 0.8308692 0.03260749 -0.877029 -0.4771065 0.05647622 0.9813421 0.1892756 -0.03379944 -0.6685355 0.7427672 0.03683889 0.8526476 0.1819778 0.4897715 0.4076459 0.8518431 0.3289196 -0.6454361 0.73362 -0.2126359 0.9460519 0.3231481 0.02368865 -0.7730018 0.216458 -0.5963339 0.9432613 0.3315748 -0.01778618 -0.6758861 0.3487246 0.6492835 0.4723434 -0.8812366 0.01771529 -0.4758013 0.8794893 -0.0105683 0.1948606 -0.9153912 0.3522616 -0.9730198 -0.0007717375 0.2307205 -0.3224351 -0.9457647 -0.03955631 -0.6217241 0.7476247 0.2334875 -0.6912247 -0.7226233 -0.004905874 -0.559185 -0.03332904 -0.8283727 -0.7675662 0.6409269 -0.007397681 0.1085702 -0.9932065 -0.04187301 0.2773668 0.7717571 -0.5722401 -0.08266256 0.9965723 0.003249555 -0.6908285 -0.7230073 0.004051719 0.1392453 -0.4013609 0.9052735 0.6968999 0.5498298 -0.4604537 -0.4057624 0.3023327 -0.8625264 -0.1360417 -0.5849006 -0.7996148 -0.7812939 -0.6190423 -0.0797905 -0.3940071 0.9158301 -0.07754725 -0.433875 0.8981711 0.07100071 -0.001775219 -0.9120278 -0.4101245 0.8343273 0.3858218 0.3937506 -0.5557622 0.7907581 0.2565735 -0.6451876 -0.5728297 -0.5055682 -0.696469 0.7175856 -0.001337372 -0.6932871 -0.4014056 0.5985203 0.7775835 -0.5404893 -0.3213024 -0.1008233 0.9660267 -0.2379646 0.9915873 -0.1195783 -0.04955435 0.1349103 -0.8662963 -0.4809677 0.7842547 0.380696 -0.4899134 0.460641 -0.75766 0.4623432 0.6883339 0.3892094 0.6121376 -0.9996971 -0.02426195 0.004120669 0.6422829 0.4535578 0.6178656 -0.2154281 0.834339 -0.5074143 -0.3744376 -0.1851736 -0.9085743 0.46417 -0.3790501 -0.8005419 -0.3339899 0.9423338 -0.02139427 0.5296122 0.8478376 -0.02612186 0.1274166 0.5367604 -0.8340583 -0.9656191 0.2599309 0.00395044 -0.2018693 0.9465965 0.2514039 0.6047471 -0.4015328 -0.687788 0.9297155 0.3303521 -0.1627777 -0.560332 0.4193711 0.714252 0.9346097 -0.343927 -0.09065855 0.9536604 -0.2996048 -0.02772813 0.5237688 0.8406715 0.1376146 -0.5492927 -0.7424815 0.3834042 0.8616335 -0.4806609 0.1629504 -0.1817751 0.9057023 -0.3829636 0.3535438 -0.4196797 -0.8359879 -0.3734091 -0.6678939 -0.6438038 0.9351293 0.06683342 0.3479461 0.9677653 0.2102618 0.1386371 -0.8111967 -0.4141207 -0.4128729 0.8153134 -0.5515443 0.1762465 -0.0496072 0.9697921 0.2388355 -0.5687588 0.8210735 -0.04849471 0.7566831 0.6537693 0.004042842 -0.5503305 0.8349288 0.005493892 -0.125695 -0.7317495 0.6698832 0.6076175 0.7941956 0.007367327 0.5289076 -0.8483136 0.02491748 -0.4975052 -0.8671091 0.02470783 0.9018092 -0.4320553 -0.008266035 -0.07814928 0.9964221 0.03218344 -0.4168663 -0.857436 -0.3017053 0.3381131 -0.9395355 0.05433696 -0.8857646 0.2029022 -0.4174347 -0.0345868 -0.8800982 -0.4735303 0.8626077 0.505773 -0.01008272 -0.955674 -0.2873604 0.06411878 0.2832945 -0.9443278 -0.1673 0.9771281 0.0001897888 -0.2126515 0.6610626 0.7494108 -0.03714442 0.3881703 -0.7295699 -0.5630733 -0.7658009 0.6430756 0.001640625 0.3547412 -0.6526642 0.6694686 0.2075353 0.7153185 0.6672694 -0.4930306 0.05799313 0.868077 -0.4190462 -0.5263639 0.7398252 0.9238188 0.3507674 0.1533659 -0.7770972 0.005666542 -0.629355 -0.3597052 0.9330571 -0.004086009 0.3618549 -0.9321663 0.01126888 0.8165763 0.1851123 -0.5467509 0.4318322 -0.8992953 -0.06920149 -0.3567802 -0.7890014 0.5001846 0.7613157 -0.1032634 0.6401055 -0.5878098 -0.6762912 -0.4439705 0.9743071 -0.174635 0.1422261 -0.9014626 0.4323567 0.02080555 0.9934497 -0.09943735 -0.05630176 -0.939063 -0.2288282 -0.2565119 0.7722732 0.3265247 -0.5449548 0.8971242 -0.3589749 -0.257498 -0.3636622 0.8981307 -0.2472067 0.8064233 -0.3312692 0.4898389 -0.3959948 -0.4452741 0.8030685 -0.9993588 0.02892183 0.02110707 0.7033773 -0.7106742 0.01422926 -0.2957562 0.8034532 0.5167119 -0.614009 -0.53099 0.5839885 0.8216181 -0.4086735 -0.3974036 -0.144556 0.9673763 -0.2080543 -0.05332867 -0.998575 -0.002015957 0.3578847 0.5578571 -0.7488084 -0.999705 -0.024177 0.002324208 -0.9994515 0.03223321 0.007599915 -0.5798886 -0.7110269 -0.3977059 -0.1076343 -0.9682405 0.2256662 0.5848592 -0.1699653 0.7931276 -0.5233532 0.403903 -0.7503091 0.3184551 -0.9459215 0.06179707 -0.008943804 0.8259673 0.5636471 -0.7425498 -0.2624155 0.616245 0.5466395 -0.6154679 0.5677892 0.8341554 -0.4430692 0.3284426 -0.8889558 -0.4541632 0.05910517 -0.2410804 -0.7590102 -0.6048006 0.2025756 0.7395594 0.641884 0.03531397 0.9915041 -0.1251902 -0.9785106 0.1337379 -0.1569432 0.9549187 -0.2961684 0.02036074 -0.8639597 -0.1070298 0.4920551 -0.9612144 0.2757204 0.006722808 -0.8026444 -0.5192055 0.2935774 0.9718199 -0.2300309 0.05149693 -0.09824011 0.9154146 -0.3903396 0.95107 0.3084881 -0.01734583 0.6350453 -0.7724406 -0.007274441 0.6358168 -0.7715268 -0.02198848 -0.4975936 0.7942313 -0.348708 -0.8363318 0.4347003 -0.3340432 0.4836078 0.7705806 0.4151254 0.07984527 -0.6195564 0.7808807 -0.6462441 0.3330668 0.6866114 -0.7291045 -0.5460055 -0.4126555 0.876764 -0.4182877 0.2373189 -0.09796423 0.9706925 0.2194517 -0.5469979 0.8370687 -0.01045829 -0.1880022 -0.7097163 -0.6789388 0.7620366 0.6470292 -0.02556303 -0.5555117 0.8308692 0.03260749 -0.877029 -0.4771065 0.05647622 0.9813421 0.1892756 -0.03379944 -0.6685355 0.7427672 0.03683889 -0.8545248 -0.3952396 -0.3370059 0.8745537 -0.4801903 -0.06762501 0.01072793 0.8924157 0.4510867 0.4090751 -0.9124996 -0.00139619 0.5661732 0.2617563 -0.7816211 0.01002865 -0.8716439 0.490037 0.6762476 0.4977255 0.5431009 -0.5987223 0.7155209 0.3599465 -0.9219742 0.3872193 0.004973771 -0.7013748 -0.6164982 0.3577755 -0.5045786 -0.795407 0.33575 0.9532191 -0.08826161 -0.2891076 -0.2006439 0.972559 -0.1177757 -0.8569124 -0.3638495 -0.3651229 0.3793656 0.9252463 0.0009745903 -0.06384003 0.9974391 -0.03224374 0.9986651 0.04919488 0.01574306 -0.004165347 0.9999794 0.004873733 0.0008122849 -0.9989991 0.04472395 0.005340283 0.9999854 -0.000808458 -0.08126899 -0.412656 0.9072543 0.9633249 -0.06018647 0.2615008 0.03295084 -0.9725787 0.2302279 0.6965048 0.4151537 0.5852593 0.5048392 0.803186 0.3162745 -0.5709631 0.5445688 -0.6143662 0.006858044 -0.9999355 -0.009053505 0.0243718 -0.5218386 -0.852696 0.6754872 0.7373639 -0.003377239 0.5002091 0.02122131 -0.8656445 -0.009879654 0.99995 0.001547918 -0.3160531 -0.3891655 -0.8652518 -0.2711079 0.5854355 -0.7640456 -0.3955709 0.8443291 -0.3614306 0.1749256 -0.5228839 0.8342622 -0.9960973 -0.08721876 -0.01352674 -0.9960178 -0.08859206 0.009995049 0.7652217 -0.4820935 -0.4266398 0.5747905 0.7843874 0.2331358 0.09508596 0.9787603 -0.1816228 -0.2123376 -0.9764638 -0.03783178 0.2243948 -0.9720723 -0.06872052 -0.3951452 -0.7872745 0.4733488 0.145845 -0.9893023 0.003190887 -0.2867706 -0.8347562 0.4700476 0.8577237 -0.4605844 0.2284119 -0.6610005 0.6733119 -0.3312544 -0.5933614 0.8047033 -0.01936131 0.1866761 0.4361934 -0.8802768 -0.9275367 -0.356176 -0.1132004 0.3042988 -0.9091308 -0.2844002 0.4148335 -0.8323374 0.3675972 0.3134346 0.6391759 0.7022912 0.9135382 0.4065421 0.01309673 0.4651423 -0.8820561 -0.07496493 0.7789741 0.4525639 0.4340337 -0.9111993 0.3400322 -0.2325809 -0.2036905 -0.9790286 -0.003622349 -0.4353443 -0.7321168 -0.5239087 0.7873537 0.6161545 -0.02068584 -0.2817226 0.6699601 -0.6868667 0.2008944 0.9796121 0.001268399 -0.2017497 -0.9794371 0 -0.7773337 -0.6290711 0.004684171 -0.2309191 -0.9625813 0.1418227 0.610313 -0.7041746 -0.3628447 -0.1042173 -0.9463335 0.3059275 0.5898316 0.8057162 -0.05403742 0.3883322 0.9200089 -0.05274307 0.8312854 0.55576 0.009767065 -0.6708961 -0.2544202 0.6965406 -0.9064353 -0.3603958 -0.2202042 0.6660566 -0.5675089 0.4840478 0.225196 0.9395387 -0.2579802 -0.1228467 -0.8960014 -0.4267202 0.6415948 0.5833242 -0.4980854 -0.96048 -0.2779962 0.01400757 -0.4208475 -0.9068361 0.02314432 0.6381119 0.4515138 0.6236573 0.2182562 -0.616333 0.7566359 0.7669059 0.4245241 0.4812844 -0.3176407 -0.6991794 -0.6405096 0.8124224 -0.4412931 -0.3810909 0.9766164 0.1529015 0.1511345 0.07588596 0.721176 0.6885829 0.152307 0.9371718 -0.3138657 -0.5802966 -0.8139027 0.02860376 0.5000391 -0.8657882 0.01928062 -0.4975052 -0.8671091 0.02470783 0.9018092 -0.4320553 -0.008266035 -0.07814928 0.9964221 0.03218344 -0.7660264 -0.5156482 -0.3838104 0.8971134 -0.4397751 -0.04225388 -0.1414413 0.8959619 0.4210068 0.02548009 -0.7873321 -0.6160024 -0.9241514 0.3820265 0.0002287578 0.9243909 -0.3814437 -0.001477722 -0.5730492 0.6002578 -0.5579473 -0.3703391 -0.9285143 0.0266487 0.9214014 -0.3885604 -0.006343847 0.9367125 -0.2470526 -0.248062 -0.29835 0.950809 -0.08336363 0.9853555 -0.05301496 -0.1620613 -0.06946521 -0.9886549 0.1331768 -0.6942624 0.2426012 -0.677602 0.689338 0.08853857 0.719009 -0.4493774 -0.1865277 0.8736518 -0.9248252 0.3803899 0.001372579 0.6356247 0.03531575 0.7711901 -0.57996 -0.1398941 0.8025435 -0.8462468 -0.5322442 0.02413615 0.2158088 -0.8510886 -0.4786175 0.03514077 0.8854705 0.463365 -0.9096965 0.1824742 0.3730355 0.1564197 0.9872535 0.02938363 0.3785498 0.5822782 0.7194804 -0.1342896 0.9908919 0.009976798 -0.8055527 -0.4978639 0.3212731 0.9992861 0.003106594 -0.03765249 -0.09204438 0.8856035 -0.4552299 -0.2039038 0.9788357 -0.01743215 -0.7219894 -0.03729372 -0.6908983 -0.6522058 0.2963556 0.6977112 0.5751222 -0.817867 0.01811051 -0.5823091 0.8128282 0.01504641 0.1477378 -0.9670015 -0.2075614 0.5993415 0.6775276 0.426317 -0.8858227 0.4168638 -0.2038204 -0.7788756 -0.6271781 -0.0006424167 0.7453329 0.0540761 -0.6644957 0.691557 -0.06749791 0.7191613 -0.3600599 0.5589708 0.7469328 -0.4389504 -0.743027 0.5052063 -0.8096894 -0.3448111 0.4748772 0.8727128 0.08897143 -0.4800587 0.3790624 0.9049278 -0.1934355 -0.6477501 0.624086 0.4369627 -0.4311212 -0.9020556 -0.02074043 -0.4226652 -0.9062465 0.008448026 0.3548297 0.9311277 0.08424462 -0.6376829 -0.7686637 0.050165 0.9314407 0.09818784 0.3503961 -0.1907476 0.8962345 -0.4004736 0.4744776 0.8795533 -0.03545479 -0.9648941 -0.2624708 -0.00940657 0.4570459 0.8894395 0.002520443 -0.845087 -0.4056123 -0.348291 -0.4846413 0.6383243 0.598051 0.5237377 -0.8512569 -0.03256646 -0.5127119 -0.8584813 -0.01167726 -0.5437288 -0.8371437 -0.05957777 -0.1669937 0.9641651 0.2061523 -0.3069945 0.9446101 0.1160441 -0.8685561 -0.4903847 0.07164588 0.9778965 0.20464 -0.04290492 -0.6798711 0.7318393 0.04676011 -0.8149756 -0.4772173 0.3287528 0.8000842 -0.5460176 -0.2484554 0.05195668 0.9964935 -0.06558306 0.4425275 0.1086235 -0.8901519 -0.2721499 -0.6489331 -0.710507 0.2743588 -0.4814021 0.8324538 -0.4112709 0.9053447 0.105864 -0.3959523 0.9177074 0.03216968 -0.837488 -0.4105802 -0.3606075 0.8504387 0.1845255 0.4926504 0.16685 0.9466681 -0.2756459 -0.4818832 0.6445853 -0.5935473 -0.7447174 -0.1389128 -0.6527628 0.9448684 -0.3266666 0.02264073 0.9453251 -0.3260482 -0.007280224 -0.8739636 -0.4550481 -0.1706425 0.7949169 -0.5005935 -0.3428022 0.07976806 0.8581742 0.5071234 -0.1930453 0.4950458 -0.8471501 0.02097902 -0.9997343 -0.009552559 -0.07926883 -0.6697628 -0.738332 -0.8046449 -0.2737792 0.5268695 0.7089073 0.1722494 0.6839449 -0.6396934 -0.3593003 0.6794819 0.6218392 -0.6961948 0.3586486 0.7038187 -0.7102113 -0.0154624 0.6413881 -0.4123777 -0.6469667 -0.965797 0.2592994 -0.0001209023 -0.5741661 0.2051705 -0.7926149 0.8368055 0.5228996 0.1622732 -0.4151381 -0.09525227 0.9047582 -0.9905829 0.1367744 -0.006191688 0.9414395 -0.2300868 0.2464788 0.8146999 0.5266932 0.2426073 -0.7929538 -0.204326 -0.5739992 0.04740355 -0.985112 -0.1652489 0.2035859 0.9055253 0.372259 0.9963645 0.05237672 -0.06719008 -0.3396045 -0.5116389 -0.7892366 0.9517022 0.3051774 0.03361021 -0.9957829 -0.0917162 -0.002136962 0.06834722 0.9927783 0.09858939 -0.6472812 -0.3743029 0.6640213 0.3865175 -0.4344206 -0.8135619 0.689477 0.3630412 -0.6267555 -0.3538973 0.4146206 0.8383594 -0.4568093 0.8894908 0.01146125 0.8382513 -0.5344809 -0.1080045 0.4539764 -0.8908114 -0.01898695 0.3913332 -0.9097512 -0.1386042 0.997587 -0.05209586 -0.04589369 0.6526183 0.7573172 0.02366565 -0.5853763 0.7278769 -0.3571131 -0.1639438 0.1013117 0.9812535 -0.9644284 -0.2514475 -0.08155986 -0.05504225 -0.9174743 0.3939687 0.9024278 0.4236932 -0.07815461 0.4728394 -0.8425367 -0.2579822 0.6674276 -0.7446678 -0.003203176 0.9865872 -0.1631125 -0.006326182 -0.8322845 0.2838687 -0.4761524 0.9356712 0.3528724 -0.0007302135 0.9228208 0.3719883 0.100132 0.6226593 -0.7719006 0.1283157 -0.9759727 -0.01702666 -0.2172268 0.6919006 -0.6983544 -0.183234 0.2186952 0.8348475 0.5051752 -0.1768838 -0.6492741 -0.7396995 -0.5995495 0.6346106 -0.4876573 -0.7164579 -0.6973276 0.02054825 -0.911688 0.4098029 0.02977658 -0.823441 -0.4208486 0.3805672 0.8291681 -0.5421081 -0.1363782 0.8351168 0.4273596 -0.3463289 -0.8216506 0.544235 0.1694062 0.6783938 -0.03719255 0.7337565 -0.9986751 0.04939337 -0.01443255 0.603023 0.1976795 -0.7728428 -0.9841022 -0.1775944 0.001727325 -0.4836931 -0.8746753 0.03136916 0.9084846 -0.4177864 -0.01049633 -0.09380685 0.9947518 0.04085491 -0.7907921 -0.52113 0.3210473 0.8694039 -0.4091944 -0.276942 -0.09951278 0.995013 -0.006802229 0.7125393 0.7013784 -0.01887298 -0.5020914 0.8429407 -0.1932749 0.7983172 0.3703536 -0.4748978 0.01442158 -0.6637381 0.747826 -0.2358459 0.9566292 0.1709888 -0.5434141 -0.8394124 0.009378728 0.6612285 -0.3977148 0.6360816 0.9293582 -0.360453 -0.07979321 0.6643071 0.7430501 -0.08107169 -0.6335248 -0.1663444 0.7556295 0.6683176 0.7382003 0.09171637 0.8904786 -0.4036281 0.2100766 -0.8467489 -0.4953123 -0.1941186 0.8795022 -0.3796909 -0.2868982 -0.06652719 0.8557289 0.5131299 -0.07162322 -0.6549445 -0.7522751 0.5334171 0.8458323 -0.005822955 -0.5287808 -0.8487098 -0.009081204 0.5833476 0.2792273 -0.7627173 -0.7619753 0.4143131 0.4977331 0.9729036 0.1899035 0.131891 -0.979952 -0.1992239 0.001998821 0.6607916 0.002418386 0.7505655 -0.04177941 0.4398837 0.8970824 0.9328905 -0.3407771 -0.1165605 0.417389 0.5531677 -0.720966 -0.2454782 0.7730345 -0.5849428 -0.9322683 0.1415175 0.3329394 -0.7054804 0.7086987 0.006604608 0.2070028 -0.4649837 -0.8607787 0.1722228 -0.46123 -0.8704058 0.9844121 -0.1730516 -0.03140072 -0.742526 -0.1558536 0.6514329 0.4961088 -0.8440739 0.2035074 0.6332097 0.5238431 0.5697665 -0.7946203 0.3898228 -0.4654211 -0.9903169 -0.1381665 0.01350441 0.07486339 0.9956877 -0.05478541 0.8605939 0.5090744 -0.01487991 0.9966865 0.07263848 0.03660126 -0.2801226 -0.4126706 0.8667377 -0.1735312 -0.9331232 -0.3149094 0.2059487 0.9101144 0.3595511 0.5138321 -0.7264329 0.4563681 0.8310094 0.5543246 -0.04634155 0.1824135 0.925765 -0.3311865 -0.8539457 0.38661 -0.348295 0.9327471 0.3573537 0.04776078 -0.602063 0.06774505 0.7955695 0.3603157 -0.8621201 -0.3562604 0.5558943 0.6753547 0.4846417 -0.9756283 -0.01951592 -0.2185602 0.3231261 -0.9395989 -0.1128871 0.7254769 0.6882109 -0.007001317 -0.7118293 -0.7010735 -0.04236829 0.7203517 0.1923378 -0.666408 0.6752874 0.06628413 0.7345702 -0.1115801 -0.6132967 0.7819316 0.3695958 -0.9285021 0.03581609 -0.5411963 0.5049021 0.6724436 0.07197949 -0.981714 0.176229 -0.06619232 0.9877407 -0.1413747 0.9743865 0.2077874 -0.08599659 -0.99465 -0.09667298 0.03640969 0.0807586 -0.9703105 0.2279814 0.3142954 0.7410371 0.5933653 0.3529035 0.4854624 0.7998658 0.2094986 0.8874497 0.4105404 0.702499 -0.7080692 0.07164588 -0.4558121 0.8890414 -0.04290491 -0.5261342 -0.849115 0.04676011 0.5978463 -0.6865528 -0.4137935 0.2163622 0.9725399 -0.085753 -0.8108169 -0.2254491 0.5401377 0.761829 0.6477758 -0.001772938 -0.349364 0.401335 -0.8466848 0.7788049 0.2364201 0.5810064 -0.6137353 0.4695606 0.6346982 -0.500232 -0.7457952 0.4399517 -0.1141454 -0.993444 0.006315851 0.758754 -0.4825903 0.4374917 0.875019 -0.2535907 0.4123513 -0.1771543 0.9167347 -0.3580695 -0.8740372 -0.462472 -0.1489252 0.5661572 -0.6933431 -0.4458042 -0.9943982 0.1056911 0.001237575 -0.939562 -0.3399234 -0.0409314 -0.3262878 0.9450591 0.01998967 -0.9589694 -0.2834422 0.006188822 0.9583851 0.2797795 0.05675756 -0.9616382 -0.274319 -0.001026613 0.3415796 0.03040163 0.939361 -0.2071201 0.9226414 0.3253215 0.9099699 0.2986172 0.2877198 -0.5393658 0.502534 0.6756805 -0.8855405 0.252651 0.3898532 -0.3274345 -0.6312221 -0.7030969 0.9581576 0.2860102 -0.01149622 0.4111033 0.1407633 -0.9006552 -0.8967496 0.4425175 -0.004288543 -0.1325959 0.392714 -0.9100517 -0.9573505 -0.2889225 0.001965608 0.3825291 -0.1612223 -0.9097686 -0.4174176 -0.3638248 -0.8327029 -0.6737146 -0.5925118 -0.4416315 0.3794512 0.2629852 0.8870488 0.3620837 -0.9319873 -0.01717584 0.3633892 -0.931551 0.01269174 0.2362251 0.8246993 -0.5138762 -0.8989227 0.3272901 0.2912374 -0.9567218 -0.1804041 -0.2283369 0.9964627 0.06896509 -0.04801931 0.8693813 0.4863981 -0.08713822 0.812381 -0.1494715 0.5636448 0.9091293 0.4164943 0.004051906 0.8274267 -0.03948555 0.5601838 0.1993827 0.937403 0.2855208 -0.4469935 -0.7964932 -0.4071799 -0.6067591 -0.7945055 -0.02458297 -0.3878512 0.0472228 -0.9205115 0.5988412 -0.7879638 -0.1431858 0.769055 0.5331851 -0.3525167 0.6566191 0.6063117 0.448595 -0.6145873 0.1072037 0.7815305 -0.6456004 0.7634943 0.01662989 0.7157 0.6919124 -0.09503014 -0.6175622 0.588448 0.5218677 -0.07068868 -0.9542401 -0.2905665 0.9969416 0.07801432 -0.004599789 0.7629628 -0.1974562 -0.6155475 -0.811527 0.5837243 -0.02626429 -0.4972501 -0.403161 -0.7682471 -0.996724 -0.08086242 0.001610665 0.9967955 0.07999233 0 0.8212298 -0.5705666 0.005948113 0.9827277 0.04698611 0.1789931 0.4863391 0.7530078 -0.4432307 0.9119801 0.1598698 0.3778015 -0.9376072 0.3408702 -0.06855766 -0.9910315 0.1156655 -0.06691833 -0.7658994 0.6428408 0.01240226 0.3790979 -0.5031645 0.7766017 0.5906348 -0.7584299 -0.2755622 0.3355024 0.7463521 0.5748014 -0.9459509 -0.0454141 -0.3211143 0.8485649 0.1256159 -0.5139632 -0.6888892 0.4220881 -0.589299 0.5352954 -0.8444776 0.01778631 0.9881518 -0.1506403 0.02938479 -0.5498469 0.4372145 0.7116965 0.4567178 0.3285178 0.8267314 -0.5820061 0.5780714 0.5719286 0.679497 -0.09797897 -0.7271066 0.1884759 0.8656923 -0.4637388 -0.4168203 0.888784 0.1905882 -0.6282339 -0.1132698 0.7697351 -0.9151911 -0.1123153 -0.3870536 0.9434048 -0.3296495 0.03631313 0.6914803 0.7219804 0.02448054 0.97141 -0.2353265 0.03136916 0.1628277 0.9865987 -0.01049633 -0.9345894 -0.3533745 0.04085491 0.6791922 -0.5664088 -0.4667751 0.1714619 0.9837302 -0.0536264 -0.7795176 -0.3667865 0.5077598 0.6745477 0.2202288 -0.7046167 -0.1085519 -0.9940907 0.0002904861 0.1079254 0.9941572 -0.00187647 -0.3814262 -0.657968 -0.6493013 0.9947975 -0.09609002 0.03383226 0.1155925 0.993264 -0.008055578 -0.02410474 0.9506831 -0.3092259 -0.8277949 -0.5509965 -0.105634 -0.2226715 0.9532772 -0.2041566 0.96346 0.2084533 0.1682022 -0.03438777 -0.6488121 -0.7601713 -0.2419685 0.555259 0.7957001 0.251506 -0.3131483 0.9157963 -0.1067922 -0.9942798 0.001742957 -0.1811051 0.5140597 0.8384173 0.25099 -0.4384509 0.8629976 0.7473904 -0.663678 0.03064361 0.7087813 0.4167696 -0.5691504 -0.8084936 -0.2009023 0.5531513 0.0758447 -0.8874023 0.4547138 -0.9913709 -0.1256674 0.03730268 -0.5793373 0.1749257 0.7960963 -0.9138597 -0.4058325 0.01266856 0.6819163 -0.6151833 0.395651 -0.2821115 0.9581905 -0.04779194 -0.7767735 -0.3163803 -0.5445424 -0.8827758 -0.4692729 -0.022134 0.2089754 -0.6006238 -0.7717385 -0.08977723 -0.6223077 0.7776073 0.6245022 0.7806844 0.02299516 -0.6176757 -0.7862008 0.01910523 0.8757121 0.4067495 -0.2601599 -0.7759706 0.3662792 0.5135263 -0.1508058 -0.9549514 -0.2555883 0.8198485 -0.5725799 -0.0008157671 -0.2308541 0.6215072 -0.7486222 -0.1119356 0.5950866 0.7958281 -0.3764768 -0.4333152 0.8188426 0.777521 -0.1988448 0.5965919 0.5224289 -0.6384098 0.5652441 -0.3082683 0.761135 -0.5706525 -0.9638229 0.1098266 -0.2428651 -0.3957093 -0.7535027 0.5250218 0.9864649 -0.161844 -0.02633358 0.9882342 -0.1525717 0.01072742 -0.9910373 0.08031474 0.1067455 0.9155358 -0.3971682 0.06365255 -0.3419435 0.8360283 0.4291053 -0.7702773 -0.4137555 -0.4852621 -0.9767291 0.209702 -0.04500462 0.5216401 -0.853082 -0.01194453 -0.9817242 0.1902824 0.003200556 0.6035912 -0.673498 -0.4267062 -0.4324373 -0.5830133 0.687818 0.6707662 0.7405158 -0.0413408 0.9675167 -0.2523718 -0.01482765 0.9547 -0.2878136 -0.07557219 -0.8678635 -0.4242905 0.2584387 -0.8178213 -0.5564456 0.1467536 -0.9369322 0.342089 0.07164588 0.7906288 -0.6107908 -0.04290492 0.1150737 0.9922558 0.04676012 -0.5084963 -0.8477934 0.1505919 0.6135635 -0.1644503 -0.7723315 0.7004694 0.2606317 -0.6643898 -0.06285712 0.8392921 0.5400349 -0.7626467 -0.6432919 -0.06742023 -0.7601446 -0.6456524 -0.0728914 -0.9949449 -0.08061404 -0.05988412 0.8757965 0.3396561 -0.3429494 0.7159459 0.3326667 0.6138031 -0.9247623 0.3805395 0.002104699 0.9783719 0.1880147 -0.08624927 -0.8315976 0.3327161 -0.4446858 0.04191947 -0.8240138 0.5650168 0.9621535 0.1972621 0.1880114 0.40922 0.5632604 -0.7178278 -0.6585224 0.2176499 -0.7204004 0.1645096 -0.9863383 -0.008561842 -0.1957572 0.3020276 0.9329836 -0.1473875 0.9890788 0 -0.9462128 -0.3230287 0.01826791 -0.607839 0.6865833 0.3989174 -0.852255 -0.2048851 -0.4813351 0.1210953 0.6910995 0.7125429 -0.3357634 -0.3796849 -0.8620338 -0.999749 0.001286226 -0.0223666 0.5089593 -0.4307106 -0.7452844 0.5313525 0.4725929 -0.7030792 0.2734544 0.4213456 0.864691 -0.9996389 0.0006031485 0.02686527 0.9837509 -0.1560923 0.08870949 -0.5948218 -0.5025828 0.6273735 0.8321642 -0.3401344 -0.4379628 -0.1863043 0.9530841 -0.2385821 -0.328339 -0.9433685 -0.04742763 -0.5801511 0.3660552 -0.7276182 0.5840367 0.2741723 0.7640227 -0.30294 -0.3546336 0.884569 0.2638808 0.9363009 0.2317488 -0.9988938 0.04056983 0.02377418 -0.7313181 0.2630657 -0.6292617 0.6614135 0.6485119 0.3767816 0.0337654 0.983209 -0.1793319 0.1385531 -0.990331 -0.006896674 -0.3196535 -0.4709883 -0.8221871 -0.3575188 0.8523562 -0.3816662 0.5867192 -0.2919804 0.7553198 -0.3820538 0.7423946 0.5503501 -0.03289407 -0.9415859 0.3351626 0.6475319 -0.7620383 -0.0002048167 -0.5416299 0.3692205 0.7551909 -0.9075876 -0.2333774 0.3490268 -0.2222949 -0.7640981 -0.6055899 0.7417037 0.6685863 -0.05355307 0.8818069 -0.04265646 -0.4696776 -0.7905251 -0.5977631 -0.1332264 0.2675942 0.7187334 -0.6417286 -0.8356709 -0.4960268 -0.2358212 0.9512827 0.1057825 -0.2896055 -0.832588 -0.4951722 0.2481969 -0.4213228 -0.6541892 0.6281111 0.8395297 -0.1337352 0.5265973 -0.8942498 0.4062263 -0.1878762 0.121713 -0.8209499 0.5578774 0.7959162 0.4792285 -0.3699425 -0.9553062 -0.2952242 0.01525781 0.9663867 -0.2545175 -0.03629761 -0.8423094 0.3562255 -0.4044975 0.7519142 -0.6151497 0.2370988 0.008258776 0.8871488 0.4614097 0.1492406 -0.9884053 -0.02796825 -0.157827 0.9874668 0 0.6812703 0.3968303 -0.6151394 0.6493949 0.2964294 -0.700297 -0.1944585 0.9775075 0.08163909 -0.1911829 -0.8025992 0.5650519 0.6462581 0.1946437 0.7378782 -0.4435454 0.2481849 0.8612036 -0.3543089 -0.7222993 0.5939267 0.4708463 -0.1018022 -0.8763219 -0.198497 0.8450923 0.496405 0.1775601 0.9811919 -0.0757287 -0.4586852 -0.5415903 -0.704477 0.9850786 0.1721049 9.15466e-05 0.2081172 0.9780518 0.0100932 0.2214758 0.9745666 -0.03418148 0.9590699 0.07220842 0.273808 -0.9792661 -0.2001349 0.03136916 0.2722102 -0.9621806 -0.01049633 0.6955791 0.717287 0.04085491 -0.5799445 -0.7693352 0.2679321 -0.2909385 0.6560808 0.6963567 -0.9944129 -0.06548464 0.08279364 -0.756977 -0.6374667 0.1436037 -0.993489 -0.1095865 -0.03115284 -0.5312956 -0.7559941 0.3823584 0.7603227 0.6251573 -0.1763172 -0.3884149 0.732734 -0.5587797 -0.08927009 0.9923455 -0.08533075 0.9404573 0.3396577 -0.01314317 -0.3094119 0.9401306 -0.142894 0.177845 -0.9840216 -0.00852565 0.1992032 -0.9749812 0.09863924 0.3270919 0.5698096 0.7538753 -0.4506212 -0.5767157 -0.6814246 0.6080707 -0.7050611 -0.364882 0.9571423 -0.1299513 0.2588267 -0.189124 0.9622561 -0.1956919 0.999864 0.01507993 -0.006676204 -0.3868453 0.5003627 -0.7745888 -0.3868999 0.3702502 0.8445255 -0.338219 -0.2795969 0.898573 0.1799631 -0.3251998 0.9283633 -0.04957324 -0.9981329 0.03568118 -0.5035169 -0.6107984 0.6110613 0.8370015 -0.2939266 -0.4615579 -0.3215201 0.9376042 -0.132375 0.645364 -0.763453 -0.02539199 0.07168696 -0.3694329 -0.9264882 -0.3390674 -0.94076 0.001982318 0.3977415 0.3841697 -0.8331959 -0.3869344 0.2882966 -0.8758806 0.1472944 -0.7209996 0.6770996 -0.1748756 -0.9482185 0.265142 -0.06168543 0.2923378 0.9543236 -0.7836052 -0.3521166 -0.5118366 0.2036135 -0.9038064 0.3763981 0.6927242 -0.3302132 0.6411649 0.1325089 -0.9909906 -0.01946642 -0.9253552 -0.3783339 -0.02410729 0.7323851 -0.1017876 -0.6732394 -0.2766097 -0.6209235 0.7334447 -0.6447721 0.764266 0.01290079 0.2808834 -0.5860269 -0.7600506 0.9207876 0.2224443 -0.3204196 0.5630112 0.7285616 0.3901492 -0.4753669 0.3096489 0.8234949 -0.9552789 0.2811878 -0.0915182 0.1692137 -0.8180083 0.5497537 0.6934713 0.5822201 -0.4244024 -0.7785916 -0.1261427 -0.614722 0.321689 -0.9240818 -0.2063712 0.4877393 0.5710103 0.6603466 -0.1828024 -0.7237671 -0.6653905 -0.4201712 0.3666266 -0.830085 0.6255296 0.7801868 0.004605115 -0.98783 0.05868131 0.1440428 -0.2932638 -0.8285329 0.4770007 0.4828445 0.02183482 -0.8754338 -0.2238913 0.8137331 0.5363871 0.9860302 0.1229372 -0.1123871 0.5626137 0.8267157 0.002635181 0.2158744 0.9762416 -0.01872281 -0.4317345 -0.4534684 0.7797254 -0.5819392 0.8100701 0.07164587 0.3097813 -0.9498393 -0.04290491 0.6535559 0.7554325 0.04676011 -0.4889969 0.8034949 -0.3395261 0.271498 -0.8195887 0.5045425 0.9382927 -0.09144881 -0.3335324 0.5683644 0.5100086 -0.6456416 0.8414902 -0.03591411 -0.5390774 -0.8556338 -0.5155877 0.04538831 -0.8693484 0.07029899 0.4891743 -0.01916267 0.9992312 0.03420271 -0.6414919 0.2124844 -0.737115 0.2951739 -0.9372996 0.1853155 0.4170704 0.6142628 0.6698757 -0.8771474 0.4748577 -0.07157218 0.4250065 0.02292272 -0.9049 -0.5296123 -0.8477216 -0.02964532 -0.3530084 -0.9350341 0.03310976 0.4887405 0.7973695 -0.3540264 -0.8457758 0.1130314 0.521428 0.299802 -0.8614221 -0.4099643 0.8849604 0.167393 -0.4345397 -0.5463386 0.8369242 -0.03274199 0.02936743 -0.9512491 -0.3070222 -0.6324831 0.3294063 -0.7010397 0.2127756 -0.8169626 -0.5360024 0.5542322 0.5258798 -0.6451954 0.1943174 0.9809108 0.007399951 0.3387087 -0.7990595 0.4967698 0.6076218 0.7410034 -0.285849 -0.8914078 0.4530003 0.01352137 -0.8825277 0.05074337 -0.4675148 0.2060527 -0.6476913 -0.7335109 -0.9062337 0.4178954 0.06406146 0.4009173 0.9158279 0.02290245 0.9814104 0.1919129 0.001771057 -0.315335 0.8963858 0.3115386 -0.9769852 -0.05488777 -0.2061244 0.9649394 -0.240708 0.1046499 -0.7488556 0.06365558 -0.659669 0.7148606 0.4190869 -0.5597683 -0.2719596 0.9623027 -0.003387443 0.09471818 0.995488 -0.005670223 0.08116686 -0.9934423 0.08052583 0.05621902 -0.9570165 0.2845327 0.1028797 0.9943738 0.02522868 -0.3068268 0.9488097 0.07494937 -0.7431681 0.4655505 0.4805871 0.4774173 -0.8771516 -0.05174673 0.349348 0.7306019 -0.5866659 -0.9445965 -0.3221251 0.06303101 -0.6814464 0.7309146 0.03734449 0.6897801 -0.7239904 0.00643253 -0.7235061 0.2279802 0.6515857 0.6231775 -0.7660484 0.1575426 -0.4494437 0.7017611 -0.5527492 -0.3571926 -0.9336572 0.02641372 0.8019936 0.1452206 0.5794112 0.1007537 -0.7214388 -0.6851092 -0.8026671 -0.03466615 -0.5954191 0.7084117 0.6079988 -0.3584554 -0.7483887 0.1514097 0.6457472 0.6487522 0.6645133 0.3708674 -0.8796546 -0.06527525 0.4711124 -0.6588489 -0.7403826 -0.1332358 0.1143987 -0.9136179 -0.3901476 0.9565756 -0.1438207 -0.2535326 -0.8071903 -0.2367703 0.5407251 0.9915692 -0.1292749 -0.008855881 0.7870953 0.6166795 0.01368771 -0.9844733 0.1674756 0.05257569 -0.3976545 -0.8170595 0.4174741 0.30604 -0.4532541 -0.8371979 0.1367208 -0.9905211 -0.01324369 -0.911384 -0.4101952 -0.03345362 0.2369306 0.7266119 -0.6449023 0.6427498 -0.607091 0.46724 0.6185595 0.5271066 0.582703 -0.9001911 -0.4354643 -0.005191166 -0.7202391 -0.133627 0.6807345 0.1250864 -0.569653 0.8123108 0.5556676 0.5134378 0.6539229 -0.9220929 0.385695 0.03136916 -0.3165021 -0.9485337 -0.01049633 0.9786487 0.2014388 0.0408549 -0.876019 0.477149 0.07013957 -0.3065224 -0.6569788 0.6887836 -0.8956567 0.3167982 -0.3121507 -0.3682242 -0.9296377 -0.01359115 0.9164622 -0.03454137 -0.3986275 0.06458323 -0.9977924 0.01547353 -0.642403 0.08477031 -0.7616642 0.1206924 -0.9910588 -0.05688481 0.4563973 0.5400315 0.7071545 -0.6665948 -0.745382 0.00755541 -0.6654958 -0.7463996 0.001740863 -0.6667523 -0.7452703 -0.003680128 0.5394114 0.1371783 0.8307933 0.08667716 -0.9896761 0.1141417 -0.5696676 0.6261426 0.5323761 -0.2782069 -0.9562262 -0.09073264 0.7287466 0.6486622 -0.2194669 0.5245781 -0.8502444 -0.04361387 -0.6976951 0.2186412 0.6822151 0.4614542 -0.8761925 0.1390924 0.0279964 -0.7568177 0.6530262 0.3781403 0.4922769 0.7840111 -0.1734688 -0.9815373 0.08058002 -0.9287761 0.251462 -0.2722901 -0.987368 0.004974665 -0.1583659 0.4282881 -0.7580012 0.4919385 0.7307834 0.6462414 -0.2198355 0.8893398 -0.4567983 -0.02025111 0.9796597 0.1993663 -0.02280217 0.6192577 0.3976709 -0.6770361 -0.8270739 0.1313665 0.5465269 0.07832628 -0.5008625 0.8619755 0.3781443 0.4381849 0.8154759 -0.7648219 -0.5286982 -0.3681381 0.6491747 -0.7454356 -0.1513207 0.2968756 0.8520542 0.4311248 -0.3847065 0.9149212 -0.1221481 0.03059054 -0.9725177 0.2308107 -0.7487937 -0.01731586 0.6625769 -0.04791674 -0.9032122 0.4265112 0.6807267 0.280337 -0.6767735 0.9543755 0.2986059 -0.001413573 -0.6042593 0.2327623 -0.7620318 0.921019 0.3628892 -0.1415466 0.6904285 -0.7233483 -0.008703367 0.9189413 0.3691924 0.1387221 -0.5452179 0.5963737 -0.5891314 -0.3142786 -0.9473181 0.06178456 0.7948394 0.2870681 0.5346235 0.7952464 0.5652122 -0.2193589 0.7830821 -0.6216046 -0.01975265 -0.5192313 -0.8545461 -0.01224205 0.7643391 -0.637879 0.09431959 0.1048642 -0.5224978 0.8461676 -0.521958 -0.8528899 0.01177408 -0.7911648 0.4838177 0.3741374 0.8974601 0.4409398 -0.01172467 -0.1126773 0.9051937 0.4097905 0.5326664 -0.6088715 -0.5878282 0.9922954 -0.1236438 0.007878685 0.8003536 0.5995251 0.00194895 -0.8499825 -0.3238308 -0.4155277 0.8011549 0.5982963 0.01386738 0.9424817 -0.2444361 0.2279896 -0.9932484 0.1084865 0.04108839 -0.6495332 0.7196148 -0.2454814 0.2012826 -0.8910214 0.4068982 0.9720284 0.1649073 -0.1672316 0.5191832 0.7699713 -0.3709353 0.9217097 -0.3877663 -0.009405657 -0.8217882 0.08222526 -0.563829 0.8868936 -0.4563844 0.07164589 -0.7081885 0.7047185 -0.04290492 -0.2380521 -0.9701261 0.04676012 0.6103612 0.7776769 0.1505919 -0.5882322 0.2397643 -0.7723315 -0.7275277 -0.1711421 -0.6643898 -0.04241656 -0.8405731 0.5400349 0.8369921 0.5430459 -0.06742023 0.8348042 0.5457003 -0.0728914 0.9972249 -0.04423112 -0.05988412 -0.911349 -0.2276594 -0.3429494 -0.7518765 -0.2406813 0.6138031 0.8700184 -0.4930147 0.0021047 -0.9941901 -0.06439831 -0.08624927 0.7835532 -0.4339342 -0.4446858 0.06128297 0.8228004 0.5650168 -0.9792531 -0.07559812 0.1880114 -0.4763389 -0.5077642 -0.7178278 0.6261976 -0.2981606 -0.7204004 -0.04008258 0.9991597 -0.008561842 0.1565188 -0.324104 0.9329837 0.02275221 -0.9997411 0 0.9791386 0.2023709 0.01826791 0.5173665 -0.7570976 0.3989174 0.8711662 0.09688185 -0.4813351 -0.2064285 -0.6705743 0.7125429 0.3805384 0.3347957 -0.8620338 0.9917666 -0.1260904 -0.0223666 -0.451205 0.4908821 -0.7452844 -0.5861964 -0.4025585 -0.7030792 -0.3239181 -0.3839095 0.864691 0.9917426 -0.1253989 0.02686527 -0.9565668 0.277688 0.08870949 0.6529133 0.4243899 0.6273735 -0.7831892 0.4413652 -0.4379628 0.06585841 -0.9688866 -0.2385821 0.4435456 0.8949961 -0.04742763 0.5299117 -0.4356206 -0.7276182 -0.6136965 -0.1991128 0.7640227 0.3448442 0.3140383 0.8845691 -0.3787093 -0.8960311 0.2317488 0.9860137 -0.1649599 0.02377418 0.6927538 -0.3523093 -0.6292617 -0.7372026 -0.5608636 0.3767816 -0.1562505 -0.9713011 -0.1793319 -0.01383065 0.9998806 -0.006896674 0.3759534 0.4273961 -0.8221871 0.2483088 -0.8903222 -0.3816662 -0.5456764 0.3629453 0.7553198 0.28638 -0.7842839 0.5503501 0.1501895 0.9301124 0.3351626 -0.5473287 0.8369177 -0.0002048167 0.4912967 -0.4339518 0.7551909 0.9296229 0.1182432 0.3490268 0.3159499 0.7303674 -0.6055899 -0.8193708 -0.570757 -0.05355307 -0.8695823 0.1524124 -0.4696776 0.8589683 0.4943927 -0.1332264 -0.3552313 -0.6797022 -0.6417286 0.8910595 0.3878161 -0.2358212 -0.9570465 0.01380852 -0.2896055 0.887894 0.3873532 0.2481969 0.4996991 0.5964706 0.6281111 -0.8162651 0.2375005 0.5265973 0.8365378 -0.5146912 -0.1878762 -0.01826874 0.8297223 0.5578774 -0.8495186 -0.3761125 -0.3699425 0.9846895 0.1736487 0.01525781 -0.9270505 0.3731753 -0.03629761 0.7912462 -0.4585971 -0.4044975 -0.6692327 0.7042101 0.2370988 -0.1189508 -0.8791768 0.4614097 -0.02467496 0.9993042 -0.02796825 0.03331137 -0.999445 0 -0.7254827 -0.308672 -0.6151394 -0.6813221 -0.2130361 -0.700297 0.07089961 -0.994137 0.08163909 0.2898881 0.7724515 0.5650519 -0.6655023 -0.1124384 0.7378782 0.4090904 -0.3016179 0.8612036 0.4417127 0.6724143 0.5939267 -0.4544529 0.1597888 -0.8763219 0.09143794 -0.8632619 0.496405 -0.2986683 -0.9513477 -0.0757287 0.5227116 0.4800882 -0.704477 -0.9988581 -0.04777569 9.15466e-05 -0.3285944 -0.9444172 0.0100932 -0.3414133 -0.9392915 -0.03418148 -0.9605812 0.04809215 0.273808 0.9965904 0.07631204 0.03136916 -0.1499565 0.9886369 -0.01049633 -0.7796871 -0.6248351 0.04085491 0.6714553 0.6909126 0.2679321 0.2067535 -0.6872702 0.6963567 0.9948082 -0.05917574 0.08279364 0.8306394 0.5379741 0.1436037 0.9993975 -0.01530355 -0.03115284 0.6215213 0.6837495 0.3823584 -0.8324222 -0.5253433 -0.1763172 0.2938974 -0.7754931 -0.5587797 -0.03531828 -0.9957265 -0.08533075 -0.9755041 -0.2195883 -0.01314317 0.1896199 -0.9714039 -0.142894 -0.05360282 0.9985259 -0.00852565 -0.07592254 0.9922228 0.09863924 -0.395671 -0.5245155 0.7538753 0.519096 0.5159456 -0.6814246 -0.5152895 0.7754598 -0.364882 -0.93343 0.2484295 0.2588267 0.06751091 -0.9783389 -0.1956919 -0.9939239 0.1098666 -0.006676204 0.3213507 -0.5447439 -0.7745888 0.3376487 -0.4156561 0.8445255 0.3704792 0.2351843 0.898573 -0.1379553 0.345123 0.9283633 0.1737979 0.9841347 0.03568118 0.575833 0.5431578 0.6110613 -0.7937575 0.3961229 -0.4615579 0.2019489 -0.9704089 -0.132375 -0.5450011 0.8380507 -0.02539199 -0.02500404 0.3754923 -0.9264882 0.4538643 0.8910686 0.001982318 -0.4425915 -0.3315077 -0.8331959 0.3479145 -0.3343481 -0.8758806 -0.05612842 0.7337477 0.6770996 0.2918883 0.9189673 0.265142 0.02470573 -0.2977518 0.9543236 0.8214346 0.251532 -0.5118367 -0.08918428 0.9221554 0.3763981 -0.6460788 0.4141132 0.6411649 -0.007751388 0.9997805 -0.01946642 0.9653487 0.2598473 -0.02410729 -0.7139474 0.1924263 -0.6732394 0.3519651 0.581532 0.7334447 0.5443123 -0.8387835 0.01290079 -0.2055229 0.616509 -0.7600506 -0.9413547 -0.1057477 -0.3204196 -0.649564 -0.652572 0.3901492 0.4329895 -0.3665737 0.8234949 0.9127 -0.3982501 -0.09151821 -0.06576512 0.832734 0.5497537 -0.7607333 -0.4910881 -0.4244024 0.7882484 0.02795202 -0.614722 -0.2038046 0.9570134 -0.2063712 -0.5552114 -0.5056508 0.6603466 0.2717313 0.6952824 -0.6653905 0.3711121 -0.4162147 -0.830085 -0.7180385 -0.6959882 0.004605116 0.9727753 -0.1815484 0.1440428 0.394408 0.7854379 0.4770007 -0.4817928 0.03861701 -0.8754338 0.1205486 -0.8353185 0.5363871 -0.9936639 0.001126142 -0.1123871 -0.6614237 -0.7500078 0.002635181 -0.3360648 -0.9416527 -0.01872281 0.4849702 0.3960204 0.7797255 -0.07766136 0.9944021 0.07164588 -0.2275268 -0.9728261 -0.04290491 0.9505082 0.3071607 0.04676011 -0.08835599 0.9402738 0.3287528 -0.8328462 -0.4946081 -0.2484554 0.8813083 -0.4679685 -0.06558305 -0.08844373 -0.4469982 -0.8901519 -0.4732693 0.5207648 -0.710507 -0.5522343 -0.04536506 0.8324538 0.9943344 -0.009587611 0.105864 0.9990704 -0.02869424 0.03216968 -0.01844591 0.9325352 -0.3606075 -0.1919268 -0.848799 0.4926504 0.7876193 -0.5510673 -0.2756459 0.7877974 0.1645504 -0.5935472 0.1886197 0.7337052 -0.6527628 -0.6951699 -0.7184888 0.02264073 -0.6948023 -0.7191639 -0.007280224 -0.04334735 0.9843791 -0.1706425 -0.7894899 -0.5091094 -0.3428021 0.7441852 -0.4347578 0.5071234 0.5302583 -0.03410251 -0.84715 -0.9150506 0.403226 -0.009552558 -0.5736142 0.3547289 -0.738332 0.09168328 0.8449868 0.5268695 -0.1432779 -0.7153257 0.6839448 -0.05550367 0.7315899 0.6794819 -0.8936889 -0.2696134 0.3586486 -0.9410183 -0.3380022 -0.0154624 -0.6446849 -0.4072045 -0.6469667 0.6429455 0.7659119 -0.0001209023 0.4284744 0.4337872 -0.7926149 0.1205439 -0.9793552 0.1622732 0.08899575 0.4165242 0.9047582 0.5423535 0.8401276 -0.006191687 -0.6061788 -0.7561716 0.2464788 0.1333189 -0.9609203 0.2426073 0.1497001 0.8050557 -0.5739992 -0.912957 0.3730983 -0.1652489 0.7348107 -0.566989 0.372259 -0.3733429 -0.925257 -0.06719008 -0.3203318 0.5239208 -0.7892366 -0.1253333 -0.9915452 0.0336102 0.3374388 0.941345 -0.002136962 0.8710181 -0.4812562 0.09858938 -0.0658977 0.7448041 0.6640213 -0.5570196 -0.166872 -0.8135619 0.03786819 -0.7782953 -0.6267555 0.525295 0.1456666 0.8383594 0.9991973 0.03838574 0.01146125 -0.838509 -0.5340765 -0.1080044 -0.9991978 -0.03526022 -0.01898695 -0.9899078 0.02952088 -0.1386042 -0.4685564 -0.8822407 -0.04589369 0.4108195 -0.9114095 0.02366565 0.9070063 0.2231812 -0.3571131 0.1610744 0.1058143 0.9812535 0.1794107 0.9803876 -0.08155985 -0.8083796 0.4373912 0.3939686 0.002904328 -0.996937 -0.07815461 -0.963407 -0.07274726 -0.2579822 -0.9568808 -0.2904634 -0.003203176 -0.5645395 -0.8253818 -0.006326182 0.6088262 0.6345152 -0.4761524 -0.07533032 -0.9971584 -0.0007302134 -0.05257568 -0.9935841 0.100132 -0.9626573 -0.2383821 0.1283157 0.3967728 0.891843 -0.2172268 -0.9252372 -0.332207 -0.183234 0.6643647 -0.5508335 0.5051752 -0.5138144 0.4345566 -0.7396994 0.828453 0.2754197 -0.4876573 -0.3294802 0.9439389 0.02054825 0.7565133 0.6533001 0.02977658 -0.03368635 0.9241395 0.3805672 -0.8415862 -0.5226219 -0.1363782 0.03465677 -0.9374728 -0.3463288 0.8403391 0.5149095 0.1694062 -0.320235 -0.5992087 0.7337564 0.4665664 0.8843684 -0.01443255 -0.0755066 -0.6300895 -0.7728428 0.2546627 0.9670284 0.001727325 -0.5885428 0.8078572 0.03136916 -0.7623969 -0.6470246 -0.01049633 0.9412934 -0.3351083 0.04085491 -0.1383739 0.9368998 0.3210473 -0.7381029 -0.6152294 -0.2769419 0.9439401 -0.3300466 -0.006802229 0.3348069 -0.9420977 -0.01887298 0.9761279 0.09909155 -0.1932749 -0.001472781 -0.8800397 -0.4748978 -0.6077237 0.2672605 0.747826 0.9667288 -0.1902584 0.1709888 -0.531356 0.8470967 0.009378728 -0.6397737 -0.4313813 0.6360816 -0.7192442 -0.69016 -0.07979321 0.3929506 -0.9159788 -0.08107169 0.1167922 0.6445027 0.7556295 0.3868607 -0.9175657 0.09171637 -0.7419584 -0.6366832 0.2100766 -0.09133826 0.9767166 -0.1941186 -0.7156251 -0.6368439 -0.2868982 0.8037571 -0.3011185 0.5131298 -0.5634115 0.3415401 -0.7522751 0.5413975 -0.8407466 -0.005822955 -0.5459639 0.8377595 -0.009081204 0.006720853 -0.6466971 -0.7627173 0.6973698 0.515691 0.497733 -0.2387756 -0.9620764 0.1318909 0.2333042 0.9724017 0.00199882 -0.2768961 -0.5999833 0.7505655 0.4163699 -0.1479166 0.8970824 -0.7029012 -0.701672 -0.1165605 0.3251222 -0.611967 -0.720966 0.8043811 -0.1039854 -0.5849428 0.5220234 0.7852662 0.3329393 0.940349 0.3401472 0.006604608 -0.5089041 0.008754131 -0.8607787 -0.4908121 0.03869443 -0.8704058 -0.57263 -0.8192124 -0.03140072 0.1723385 0.7388739 0.6514329 -0.9746283 -0.09319004 0.2035074 0.2073887 -0.7952082 0.5697665 0.6889587 0.555625 -0.4654211 0.2930262 0.956009 0.01350441 0.8709032 -0.4883915 -0.0547854 0.09796521 -0.9950786 -0.01487991 -0.3551131 -0.9341066 0.03660126 -0.2557464 0.428205 0.8667377 -0.77252 0.5514027 -0.3149094 0.7379724 -0.5710689 0.3595511 -0.8754804 -0.1589412 0.4563681 0.1514765 -0.987374 -0.04634155 0.7620988 -0.5563461 -0.3311865 0.7111029 0.6107563 -0.348295 -0.07003334 -0.9964006 0.04776078 0.3156901 0.517116 0.7955695 -0.9336331 0.0375189 -0.3562604 0.377378 -0.7891187 0.4846417 0.394371 0.8925822 -0.2185602 -0.9881551 0.1039522 -0.1128871 0.3174073 -0.9482634 -0.007001316 -0.3348305 0.9413254 -0.04236829 -0.1299028 -0.7341837 -0.666408 -0.2251286 -0.6400967 0.7345702 -0.5087847 0.3601682 0.7819316 -0.9977233 0.05714377 0.03581608 0.6862355 0.2773095 0.6724436 -0.9202566 0.3493867 0.176229 0.9232753 -0.3571778 -0.1413747 -0.2231914 -0.9709738 -0.08599659 0.3324673 0.9424117 0.03640969 -0.9136281 0.3366127 0.2279813 0.5389549 -0.5978672 0.5933653 0.2909878 -0.5249198 0.7998658 0.7159291 -0.5647142 0.4105404 0.1646783 -0.9837418 0.07164589 0.1412256 0.9890473 -0.04290492 -0.9198654 -0.3894369 0.04676012 0.1077193 -0.9543348 0.2786426 0.1343976 0.9251234 -0.355083 -0.8516299 0.4515043 0.2662149 -0.8105363 -0.2863612 0.5109092 0.5996229 0.7605214 0.2491176 -0.6443868 -0.7646872 0.004365024 -0.3967985 0.9147344 0.0762357 0.8011284 0.5707344 0.1801541 0.1888945 -0.5590274 0.8073458 0.098916 0.9759074 0.1944748 -0.296819 -0.2261056 -0.9277795 0.826875 0.5565697 -0.08067151 -0.6182184 0.6531881 -0.4372085 -0.2311621 -0.6349045 -0.7371977 -0.6433995 0.4796806 -0.5966101 0.7588333 0.2175238 -0.6138855 0.04996479 0.5033229 0.8626526 -0.4494554 -0.2863823 0.8461531 -0.4056566 -0.9131381 0.04026784 0.4260011 -0.9045478 0.01778557 0.5767608 -0.1153616 -0.8087266 -0.1138346 0.504216 0.856042 -0.7910829 -0.6041867 0.09563581 0.02446628 0.5021532 -0.8644325 0.4274347 -0.5360235 -0.7279962 0.5417582 -0.6260175 0.5608922 -0.9527599 0.2722034 -0.1347364 0.1833062 0.4853294 0.8549001 -0.9250591 -0.1399021 0.3531189 0.9233437 0.3815412 0.04315921 0.6299347 0.4384241 -0.6410667 -0.6576799 0.4322654 -0.616931 -0.8874919 0.4602492 -0.02299688 -0.9779148 -0.1943092 -0.07698389 0.906193 -0.4207459 -0.04227508 -0.8918283 0.4523301 0.006313268 -0.9268586 0.3753129 0.008567496 -0.04188947 -0.7999521 -0.5986 0.8567145 -0.4526276 0.2473227 0.9232826 -0.342737 -0.1734379 -0.9686304 0.2282248 -0.09832907 0.9606565 -0.2776868 0.005390005 -0.9692739 0.245984 -0.0001316546 0.08129355 -0.9966789 -0.004744678 0.9044575 -0.2928749 0.3101305 0.6885788 -0.6192865 -0.3772842 0.8506323 0.1483564 -0.5043958 0.1420671 0.986644 -0.07969056 0.755331 -0.6552856 -0.008704196 0.1103243 -0.6894299 -0.7159015 -0.8474291 0.4433924 -0.2920054 0.6532558 -0.725747 0.2157505 0.9718194 -0.2133163 0.1003156 0.7570648 -0.2629785 0.5980763 0.3146365 0.9266994 -0.2055045 -0.7503764 -0.6382308 -0.1720369 -0.9758293 0.2084911 -0.06548749 -0.1467906 0.7792039 0.6093389 0.3528466 -0.6117885 -0.7079648 0.8820754 0.3788081 0.2800845 0.3089515 0.6471977 0.6969104 -0.7718054 0.3499038 0.5309274 0.2660489 0.5192961 -0.8121266 0.7390703 0.4923978 -0.459695 -0.8724767 -0.01895593 -0.4882878 0.6299631 -0.5304997 0.5672006 -0.9064988 0.4220244 0.01246544 0.9051882 -0.42499 0.00422642 0.7129226 0.4570803 -0.5318073 -0.8951825 0.4352713 0.09584926 -0.672044 -0.4855002 0.5591479 -0.9602511 0.2783971 -0.0203196 0.2430956 -0.9596334 -0.1414508 -0.5933247 0.7574226 0.2725376 0.1650598 -0.9427171 0.289896 0.6572062 -0.7530578 0.03136917 0.7026378 0.7114703 -0.01049633 -0.9670829 0.2511604 0.04085491 0.6271353 -0.7787652 -0.01503663 0.6570513 0.5639819 -0.500208 -0.5816259 -0.7673189 -0.2700612 0.7579932 0.6511738 -0.03766937 -0.7540549 -0.6567958 0.004520388 0.7446866 0.2653047 0.6124176 0.219076 -0.4409025 0.8704084 0.07871538 0.9883269 0.1304374 -0.2888453 -0.3452771 -0.8929458 0.982676 -0.07687327 -0.1686367 -0.5724099 0.4228335 -0.7025374 -0.1394554 -0.7410449 0.656814 0.9513789 0.2191313 0.2164707 -0.3308219 -0.3958879 0.8566386 -0.4058594 -0.9139352 0.0008113257 0.4155068 0.8991571 0.1373703 0.756622 0.1503354 -0.6363351 0.2416302 0.6906497 0.6816288 -0.5746844 -0.7484777 -0.3309365 -0.9851662 0.1716025 -0.0002021394 -0.339946 0.940441 -0.002726025 0.932186 0.3619699 0.002658052 -0.8946958 -0.0795781 -0.4395301 -0.1469442 0.8948618 0.4214615 0.3033587 -0.5231524 0.7964201 0.9928214 0.08520578 -0.08393785 -0.9827291 0.1056301 -0.1519404 -0.3572536 -0.5044313 0.7860782 0.9003773 -0.4349612 -0.01137638 -0.9799125 0.199038 0.01246275 0.9155943 -0.1654227 0.3665002 0.7865239 0.08230595 0.6120506 -0.2598633 0.8483721 0.461233 -0.8269282 0.5496298 -0.11873 -0.5468864 -0.4608952 -0.6989212 0.0900669 0.995932 -0.002733929 0.301644 0.953185 -0.02119436 -0.4139731 0.8770039 0.2439065 -0.8381194 -0.1488963 0.5247722 -0.4685463 -0.8321609 0.2966018 0.9048248 0.0684733 -0.4202422 -0.8216988 0.4339352 0.3694744 0.9741155 -0.1573081 0.1623365 -0.9337083 0.3216305 0.157298 0.0157265 -0.5810683 0.8137028 0.397533 -0.7055585 0.586647 -0.1663789 0.8574811 -0.4868719 -0.8673886 -0.07249216 -0.4923229 -0.39222 0.9144452 -0.09976696 0.9692013 -0.2419612 -0.04586507 0.625341 -0.3406171 -0.7020888 -0.4039846 0.9120176 -0.07085424 0.6284515 -0.6310734 0.4547472 -0.958082 -0.2864485 0.005108643 -0.9739303 0.2181234 0.06230476 0.5026587 -0.3961274 0.7683861 -0.9905722 -0.06672666 0.1196426 -0.2298737 -0.6743921 -0.701679 -0.3865754 0.922045 -0.01981191 -0.895616 -0.1762427 -0.4084243 0.5957725 -0.2018708 -0.7773695 -0.7183742 -0.2313494 -0.6560609 0.581585 -0.4632639 0.6686894 0.2874757 0.4487153 0.8461751 0.9372858 0.3429109 0.0625098 -0.6658758 0.09136393 0.7404472 0.2222707 -0.8760007 0.4280404 0.9400134 -0.2963961 -0.1688909 -0.2689671 0.8812059 -0.388758 -0.9569386 0.2704582 -0.1054552 -0.722042 0.1509622 -0.6751783 -0.508217 0.8541089 -0.1105141 0.9427471 -0.17123 -0.2861961 0.6233404 0.6578074 0.4227721 -0.5423318 0.825244 0.1576342 -0.5917185 -0.8029546 0.07164588 0.8084461 0.5870043 -0.04290492 -0.9198743 0.3894158 0.04676012 -0.6341303 -0.7588267 0.1485286 0.8039181 -0.5493102 0.2279779 -0.3399102 0.9067167 -0.2496514 0.3377324 -0.931778 -0.133141 -0.5359715 0.3333884 -0.7756202 0.6458443 0.2992827 0.7023639 -0.01387745 -0.6780777 0.7348592 0.6119706 0.7894458 0.04761724 0.5076828 -0.7578082 -0.4098597 0.7047462 0.3231637 0.6315838 -0.961812 -0.2710553 -0.0380358 0.9578953 0.2809942 0.05898131 0.8036251 0.4792496 -0.3528549 -0.634951 -0.4869069 0.5997991 0.7940277 -0.4073623 -0.4511939 0.7315622 0.3391992 -0.5914056 -0.03538439 0.5159946 -0.8558607 0.4475436 0.2210817 0.8665031 0.9799158 -0.1990109 0.01263346 -0.9549935 0.2742178 0.1131017 -0.5577673 -0.6124726 -0.5601543 0.5382708 0.2541611 0.8035339 0.04990284 0.8874803 -0.4581359 0.0587093 -0.5926076 -0.8033489 0.593386 0.3047234 -0.7450079 -0.7988636 0.4622693 -0.3848689 0.48936 0.26974 0.8293173 0.4880068 0.8728016 -0.00817028 -0.8418268 0.4229393 0.3353357 0.1201869 -0.798451 -0.5899416 -0.8637166 0.2451398 0.440341 0.9968009 -0.06577864 -0.04539918 0.5384382 -0.4337962 -0.72243 0.4584755 0.4209786 -0.7826732 0.9157577 0.4015049 -0.0134756 0.9047542 0.4201773 -0.06979196 -0.9135542 -0.2301825 -0.3353128 0.4883101 0.5881563 0.6446902 -0.8964469 -0.1261515 0.4248161 0.5659859 -0.1968345 0.8005724 0.1474563 -0.9889788 0.01332476 -0.6386048 -0.471643 0.6080599 -0.2031843 0.7737233 -0.6000569 -0.8662287 0.4529163 -0.210985 -0.2834555 0.9577598 -0.04846687 -0.9377232 -0.3468681 0.01891439 0.7711806 0.6304222 -0.08859128 -0.7326725 -0.6798658 0.03120155 0.4141027 -0.9086112 -0.05426462 0.503173 0.6741673 0.5406619 -0.8834576 0.1807903 -0.4322239 0.2991691 -0.9541647 -0.008220734 -0.05408989 0.9388143 -0.3401499 -0.2330972 -0.9724343 -0.006106626 -0.02814554 0.9017373 0.4313672 -0.2148794 -0.9765194 -0.01538779 -0.5915983 -0.7117879 0.3786417 0.738768 -0.1402243 -0.6592109 -0.1875023 0.9140994 0.3595346 -0.6076948 0.7934296 -0.03430112 0.6140091 -0.7890319 0.02052851 -0.01358158 0.9916943 -0.1278985 -0.4538137 -0.5197226 -0.7238381 0.708032 -0.1771779 -0.6835924 -0.2410584 0.8200994 -0.518968 0.5434945 -0.1697014 0.8220798 -0.2699832 0.7070286 0.6536204 -0.6064055 0.7931727 0.05612004 -0.06232801 -0.9980208 0.008342821 0.05397284 0.9984406 0.0142573 -0.4889878 -0.827642 0.2754988 0.8988051 0.34332 0.272545 -0.06860521 0.8598369 -0.5059385 0.01993971 -0.472911 -0.8808846 0.1434972 0.5357157 -0.8321161 0.6449088 -0.6010704 0.4720243 -0.8973839 -0.08769882 0.4324477 -0.7289828 -0.2913253 0.6194463 0.3240091 0.4923562 0.8078387 -0.08327039 -0.9960331 0.03136916 0.9999017 -0.009298801 -0.01049633 -0.4927819 0.8691932 0.04085491 0.9905855 -0.04903141 0.1278138 0.2922123 0.9345196 -0.2031872 -0.9683113 -0.2479051 -0.03027142 -0.1210642 -0.6740299 -0.7287161 -0.4014543 0.9157983 0.01215928 0.6074154 0.3137385 -0.7298046 -0.9985272 0.05375077 -0.00737204 -0.9936935 0.08220286 0.07626259 -0.4264215 0.3624202 0.8287438 -0.4066145 0.9135996 0.00062954 -0.09188043 -0.7444127 -0.6613681 0.293787 0.6471609 0.7034713 -0.764953 0.6116988 0.2016718 -0.9099466 -0.001709299 -0.414722 -0.5941066 0.8035165 0.03739728 -0.8733036 -0.3682823 -0.3189183 0.5518474 0.8041411 -0.2209561 -0.856814 -0.4354457 0.2761464 -0.314226 -0.9133079 0.2590957 -0.1928933 -0.8893908 0.414459 0.04440956 0.9583399 -0.2821567 -0.6085085 0.7440198 0.2759564 0.4085813 -0.8959877 -0.1739754 -0.3775653 0.9259827 0.0007529384 0.9543981 -0.02490704 -0.2974962 0.3846216 -0.9229382 -0.01585221 -0.9751505 0.2209463 -0.01625434 -0.7725606 -0.6349219 -0.004930913 -0.4367204 -0.8792042 -0.1904606 0.4360975 -0.126628 0.8909458 -0.1698612 0.6693875 -0.7232341 -0.4422139 0.5608097 -0.6999567 0.7230519 -0.6907588 -0.006939007 -0.4924777 -0.8703073 0.005569474 -0.7598387 0.4656549 0.4536637 0.08407756 -0.5390551 0.8380636 0.9643009 -0.2648055 0.001373876 -0.02651551 -0.8267774 -0.5619039 0.8655762 0.4886453 0.1095606 0.7007382 0.6528708 0.2876209 -0.9069333 0.1621628 0.3888127 0.9934567 -0.06077845 0.09669449 -0.0961816 0.9933042 0.06399903 -0.1440271 -0.7067933 0.6926034 0.8710684 -0.4204561 0.2538828 0.8890868 0.236221 -0.3920769 -0.6216833 -0.7587807 -0.194324 -0.6860402 0.7275635 -0.0004105295 -0.696786 -0.5201634 -0.4938819 0.4017584 0.1273512 0.9068472 0.4560454 -0.8897091 -0.02098609 0.3949151 0.768495 0.5034456 -0.8749945 0.03684655 -0.4827287 0.3112479 -0.9499007 -0.02852143 -0.6145916 -0.01826725 -0.7886339 0.191392 0.7573813 -0.6242938 0.3050451 -0.9520409 0.02378262 -0.2398159 -0.9699225 0.04169676 -0.5019265 -0.8166875 0.2847653 0.7466265 -0.09485737 -0.6584458 -0.3032852 0.8401491 0.4496306 -0.4349726 -0.4293632 0.7914835 0.8337089 -0.1889214 0.5188817 -0.505681 0.6407661 -0.5776725 -0.8628373 -0.4893077 -0.1268452 -0.9581622 0.2861918 0.00442029 0.513444 -0.5228046 -0.6804782 -0.8343541 -0.1160933 -0.5388652 0.04813204 0.6830673 -0.7287677 -0.3640933 0.9308773 0.0300583 0.7820894 0.6221482 0.03560573 0.9460174 0.3160979 0.07164588 -0.99897 -0.01476522 -0.04290492 0.528143 -0.847867 0.04676011 0.8803634 0.2318086 -0.4137935 -0.7760328 0.6248356 -0.08575301 -0.1571007 -0.8267833 0.5401377 -0.2432209 0.9699693 -0.001772939 -0.5145784 -0.135403 -0.8466848 0.1330828 0.8029449 0.5810065 -0.6928679 -0.3421874 0.6346982 0.4469916 -0.7788716 0.4399517 0.8400587 -0.5424588 0.006315852 0.7687969 0.4664251 0.4374917 0.6150064 0.6721113 0.4123513 -0.9003432 0.2473222 -0.3580695 0.0273832 -0.9884692 -0.1489252 0.8724117 0.2003908 -0.4458042 -0.5353022 -0.8446597 0.001237575 -0.1115119 -0.9929198 -0.0409314 -0.991807 0.1261717 0.01998967 -0.1707457 -0.9852957 0.006188822 0.1737705 0.9831492 0.05675756 -0.1801072 -0.9836465 -0.001026613 0.1240752 0.3196971 0.939361 -0.9189144 0.2230746 0.3253215 0.135433 0.9480903 0.2877198 -0.6894807 -0.2609065 0.6756805 -0.6188253 -0.6819602 0.3898533 0.4208307 -0.5731982 -0.703097 0.1680838 0.9857057 -0.01149623 0.0559364 0.4309192 -0.9006552 -0.7940078 -0.6078925 -0.004288543 -0.4108147 0.05511157 -0.9100517 -0.1651154 -0.9862723 0.001965609 0.3140091 0.2715132 -0.9097686 0.1412421 -0.5354032 -0.8327029 0.2327139 -0.8664905 -0.4416316 -0.06765912 0.456691 0.8870488 0.9959468 -0.08828926 -0.01717584 0.996134 -0.0869255 0.01269174 -0.6346929 0.5771448 -0.5138762 -0.6916684 -0.66089 0.2912374 -0.2621243 -0.9376316 -0.228337 0.3796365 0.9238887 -0.04801931 -0.05089586 0.9948952 -0.08713822 0.4939123 0.662084 0.5636448 0.02938294 0.99956 0.004051907 0.4019749 0.7242998 0.5601838 -0.7520548 0.5940467 0.2855208 0.5160289 -0.7536038 -0.4071799 0.4434659 -0.8959541 -0.02458297 -0.2141657 -0.3267898 -0.9205115 0.9717198 0.1877722 -0.1431858 -0.1372883 0.9256802 -0.3525167 -0.2526594 0.8572781 0.4485951 -0.3683901 -0.5034867 0.7815305 -0.9704985 -0.2405329 0.01662989 -0.3032262 0.9481683 -0.09503015 -0.8011466 -0.2929475 0.5218677 0.8241649 -0.486131 -0.2905665 0.371736 0.9283271 -0.00459979 0.5150371 0.5965216 -0.6155476 -0.8828443 -0.4689309 -0.02626429 0.141139 -0.6244006 -0.7682471 -0.3690862 -0.9293938 0.001610665 0.3698979 0.9290724 0 0.8753469 0.4834587 0.005948114 0.3932558 0.9018378 0.1789931 -0.4596127 0.769612 -0.4432307 0.2607114 0.8884231 0.3778016 -0.7209816 -0.6895545 -0.06855767 -0.5427528 -0.8372224 -0.06691834 -0.9156281 -0.401835 0.01240226 0.6190423 0.116946 0.7766017 0.9416068 0.1934996 -0.2755622 -0.5204712 0.6314373 0.5748014 -0.3783718 -0.8681707 -0.3211143 0.2633254 0.8163954 -0.5139633 -0.683604 -0.4305952 -0.589299 0.994232 0.1057656 0.01778632 0.5728321 0.8191458 0.02938479 -0.6355648 -0.2992414 0.7116965 -0.09217793 0.554994 0.8267315 -0.7760915 -0.2656684 0.5719286 0.3888771 0.5657655 -0.7271066 -0.6925977 0.5524986 -0.4637388 -0.9814647 0.02007712 0.1905882 -0.1767801 -0.6133977 0.7697351 -0.3047669 -0.8702337 -0.3870536 0.7134906 0.6997232 0.03631314 -0.3409125 0.9397762 0.02448054 0.6413366 0.7666181 0.03136916 -0.812354 0.5830701 -0.01049633 -0.0972499 -0.9944211 0.04085491 0.8086924 0.3579632 -0.4667751 -0.8059572 0.5895398 -0.05362641 -0.01652426 -0.8613402 0.5077598 0.1014093 0.7023044 -0.7046167 0.8431166 -0.5377307 0.0002904861 -0.8434538 0.5371985 -0.001876471 0.4208886 -0.6334513 -0.6493013 0.5268717 0.8492712 0.03383226 -0.8392562 0.5436764 -0.008055579 -0.8629724 0.3995723 -0.3092259 0.1272327 -0.9862319 -0.105634 -0.9532694 0.2227052 -0.2041566 0.2399632 0.9560992 0.1682023 0.5664291 -0.3182729 -0.7601713 -0.6049927 0.02907079 0.7957002 0.3921643 0.08674219 0.9157963 0.8440657 -0.5362369 0.001742957 -0.5410928 0.0653827 0.8384173 0.5042703 0.03076666 0.8629976 0.9261087 0.37601 0.03064361 -0.05962429 0.8200688 -0.5691504 -0.1780777 -0.8138255 0.5531513 0.8291632 -0.3251517 0.4547139 -0.3265466 -0.9444447 0.03730268 -0.4134865 -0.4418819 0.7960963 -0.04103706 -0.9990773 0.01266856 0.8536258 0.3387967 0.395651 -0.9840079 0.1715937 -0.04779194 -0.06049804 -0.8365486 -0.5445424 0.02960875 -0.9993165 -0.022134 0.6310455 -0.07874735 -0.7717385 0.5181286 -0.3561876 0.7776074 -0.4232144 0.9057377 0.02299516 0.4311842 -0.9020616 0.01910523 0.02331444 0.965284 -0.2601599 -0.6721507 -0.5333893 0.5135263 0.7893082 -0.5582716 -0.2555883 0.8765399 0.4813285 -0.0008157672 -0.6594606 0.06838504 -0.7486222 -0.5830898 0.163291 0.7958281 0.2216787 -0.5294859 0.8188426 0.5227316 0.6089579 0.5965919 0.8037906 0.1855253 0.5652442 -0.8189346 0.06084218 -0.5706525 -0.5254639 -0.8154166 -0.2428651 0.5002082 -0.688581 0.5250218 0.582129 0.8126699 -0.02633358 0.5746001 0.818364 0.01072742 -0.5110632 -0.8528891 0.1067455 0.7616747 0.6448256 0.06365255 -0.9009962 0.06383216 0.4291053 0.02967745 -0.8738649 -0.4852621 -0.6207206 -0.7827391 -0.04500463 0.9958962 0.08971154 -0.01194453 -0.6055239 -0.7958207 0.003200556 0.8712048 0.2427426 -0.4267062 0.3310917 -0.6459757 0.687818 -0.3667065 0.9294177 -0.04134081 0.654893 0.7555761 -0.01482765 0.6809887 0.728384 -0.0755722 -0.004111639 -0.9660189 0.2584387 0.1365365 -0.9797046 0.1467536 0.4196508 0.9048536 0.07164588 -0.6751007 -0.7364769 -0.04290492 0.9790677 -0.1980907 0.04676012 -0.8020396 0.5779746 0.1505919 -0.2154537 -0.5975649 -0.7723315 0.2008166 -0.719902 -0.6643898 0.8416052 -0.007929353 0.5400349 -0.5768943 0.8140316 -0.06742022 -0.5794569 0.8117368 -0.0728914 0.003321889 0.9981998 -0.05988412 0.2648205 -0.9012524 -0.3429493 0.2712954 -0.7413802 0.6138031 0.456942 0.889494 0.002104699 0.1050919 -0.9907153 -0.08624927 0.4014551 0.8006799 -0.4446858 -0.8246207 0.02750834 0.5650168 0.1156701 -0.9753318 0.1880114 0.5268607 -0.4551275 -0.7178278 0.2722449 0.6378918 -0.7204004 -0.9966773 -0.08100027 -0.008561842 0.3174166 0.1696709 0.9329836 0.9979686 0.06370829 0 -0.2423316 0.9700215 0.01826791 0.7352568 0.5479621 0.3989174 -0.1325059 0.8664634 -0.4813351 0.6784715 -0.1787711 0.7125429 -0.3501111 0.3664968 -0.8620338 0.08533609 0.9961011 -0.0223666 -0.4719767 -0.470945 -0.7452844 0.4262459 -0.5692047 -0.7030792 0.396863 -0.3079111 0.864691 0.08464617 0.9960488 0.02686527 -0.238249 -0.9671443 0.08870949 -0.4507934 0.6349707 0.6273735 -0.4088947 -0.8006208 -0.4379628 0.9653732 0.1055137 -0.2385821 -0.9124231 0.4064907 -0.04742763 0.4135357 0.5473207 -0.7276182 0.2240984 -0.60502 0.7640227 -0.3279081 0.3316834 0.884569 0.9107999 -0.3416665 0.2317488 0.1244087 0.9919462 0.02377418 0.3236202 0.7066114 -0.6292617 0.5906071 -0.7135957 0.3767816 0.976889 -0.1163097 -0.1793319 -0.9984735 -0.05479994 -0.006896674 -0.4424457 0.3581203 -0.8221871 0.879397 0.2845907 -0.3816662 -0.3402753 -0.5600935 0.7553198 0.7718874 0.3182839 0.5503501 -0.9354865 0.1119419 0.3351626 -0.8137818 -0.5811705 -0.0002048167 0.413451 0.5086698 0.7551909 -0.1562452 0.9239955 0.3490268 -0.7427031 0.2857497 -0.6055899 0.60386 -0.7952894 -0.05355307 -0.1166438 -0.8750984 -0.4696776 -0.5291828 0.8379834 -0.1332264 0.6936905 -0.3270746 -0.6417286 -0.4240111 0.8744158 -0.2358212 0.02542841 -0.9568082 -0.2896055 -0.4234188 0.871272 0.2481969 -0.61645 0.4748324 0.6281111 -0.2038456 -0.8253134 0.5265973 0.4799725 0.8569299 -0.1878762 -0.8282764 -0.05226023 0.5578774 0.4106146 -0.8333895 -0.3699425 -0.213861 0.9767449 0.01525781 -0.3348659 -0.9415664 -0.03629761 0.4257819 0.8093773 -0.4044975 -0.6761893 -0.6975329 0.2370988 0.8833133 -0.08281703 0.4614097 -0.9974532 -0.06561152 -0.02796825 0.9972399 0.07424644 0 0.3381471 -0.7122219 -0.6151394 0.2407816 -0.6720181 -0.700297 0.9903957 0.1115855 0.08163909 -0.7836837 0.2579849 0.5650519 0.13962 -0.6603347 0.7378782 0.2845975 0.4211087 0.8612036 -0.6899533 0.4137821 0.5939267 -0.1410285 -0.4606202 -0.8763219 0.8587889 0.1267426 0.496405 0.9627894 -0.2594256 -0.07572869 -0.5011085 0.5025956 -0.704477 0.08867455 -0.9960606 9.15466e-05 0.9570913 -0.2896106 0.0100932 0.9524954 -0.3026288 -0.03418148 -0.008681542 -0.9617452 0.273808 -0.117094 0.9926253 0.03136916 -0.9816601 -0.1903506 -0.01049633 0.6562662 -0.7534226 0.04085491 -0.7178522 0.6425734 0.2679321 0.6782187 0.2347481 0.6963567 0.018353 0.9963977 0.08279363 -0.5715665 0.8078922 0.1436037 -0.02567042 0.9991849 -0.03115284 -0.7086485 0.592975 0.3823584 0.5590193 -0.8101911 -0.1763172 0.7627958 0.3254347 -0.5587797 0.9963374 0.005522053 -0.08533075 0.2593856 -0.9656844 -0.01314317 0.962816 0.2292744 -0.142894 -0.99549 -0.09448317 -0.00852565 -0.9882773 -0.1165258 0.09863924 0.5402917 -0.3738409 0.7538753 -0.5367876 0.4975134 -0.6814246 -0.7536886 -0.5466393 -0.364882 -0.2099634 -0.9428277 0.2588267 0.9747498 0.1075522 -0.1956919 -0.06903755 -0.9975917 -0.006676204 0.5311154 0.3434074 -0.7745888 0.4014681 0.354401 0.8445255 -0.250171 0.3605287 0.898573 -0.3391788 -0.1519846 0.9283633 -0.990431 0.1333163 0.03568118 -0.5663024 0.5530874 0.6110613 -0.3632572 -0.809326 -0.4615579 0.9613165 0.2415522 -0.132375 -0.8150092 -0.5788913 -0.02539199 -0.374152 -0.04037289 -0.9264882 -0.9089219 0.4169617 0.001982318 0.3493692 -0.4286325 -0.8331959 0.3198076 0.3613257 -0.8758806 -0.7308307 -0.0861545 0.6770996 -0.9301584 0.2539784 0.265142 0.296489 0.03688857 0.9543236 -0.2849878 0.8104352 -0.5118366 -0.9177253 -0.1269046 0.3763981 -0.3872852 -0.6625087 0.6411649 -0.9986227 -0.04872169 -0.01946642 -0.2991946 0.9538875 -0.02410729 -0.1630029 -0.7212342 -0.6732394 -0.5954689 0.3278348 0.7334447 0.8157696 0.5782332 0.01290079 -0.6075675 -0.2306184 -0.7600506 0.144241 -0.9362296 -0.3204196 0.6786466 -0.622272 0.3901492 0.3485192 0.44765 0.8234949 0.3605077 0.9282557 -0.0915182 -0.8293388 -0.09984013 0.5497537 0.5218547 -0.7399664 -0.4244024 -0.06023553 0.7864405 -0.614722 -0.9478561 -0.2428573 -0.2063712 0.5279817 -0.5340203 0.6603466 -0.7058353 0.2430063 -0.6653905 0.4006547 0.3878592 -0.830085 0.7248327 -0.6889095 0.004605115 0.1415259 0.9793988 0.1440428 -0.800943 0.3618848 0.4770007 -0.0188379 -0.4829708 -0.8754338 0.8296758 0.1546835 0.5363871 0.03960092 -0.9928751 -0.1123871 0.7764866 -0.6301283 0.002635181 0.9546354 -0.297188 -0.01872281 -0.4155645 0.4683315 0.7797254 -0.2427202 0.967447 0.07164589 -0.06178282 -0.997167 -0.04290492 0.885824 0.4616592 0.04676012 -0.1587312 0.9271065 -0.3395262 -0.04940883 -0.8619719 0.5045426 0.8386728 -0.4305625 -0.3335324 0.7162386 0.2648567 -0.6456417 0.7691249 -0.3432817 -0.5390775 -0.9853736 -0.1642523 0.04538832 -0.7823625 0.3855093 0.4891744 0.3501663 0.9360629 0.03420272 -0.5181577 0.4337903 -0.737115 -0.07074562 -0.9801292 0.1853156 0.6139707 0.4175002 0.6698758 -0.6406285 0.7645081 -0.0715722 0.4035789 -0.1352034 -0.9049 -0.804578 -0.5931065 -0.02964533 -0.6725399 -0.7393198 0.03310977 0.7480357 0.5613447 -0.3540264 -0.7447097 0.4165575 0.5214281 -0.03849975 -0.9112887 -0.4099643 0.884411 -0.1702715 -0.4345398 -0.1997321 0.9793033 -0.032742 -0.3230086 -0.895211 -0.3070223 -0.4667237 0.5391774 -0.7010398 -0.1030371 -0.8379049 -0.5360025 0.7089444 0.2848168 -0.6451955 0.5418964 0.8404127 0.007399953 0.0206386 -0.8676368 0.4967699 0.8378045 0.4651602 -0.285849 -0.661936 0.7494384 0.01352138 -0.8018172 0.3721815 -0.4675148 -0.04695082 -0.678054 -0.733511 -0.6886479 0.7222605 0.06406148 0.7100088 0.7038203 0.02290245 0.9831124 -0.182994 0.001771058 0.03693439 0.9495154 0.3115387 -0.9285366 0.3087595 -0.2061244 0.8084797 -0.579145 0.10465 -0.6727844 0.3349595 -0.6596691 0.8189558 0.1263754 -0.5597684 0.1015363 0.9948261 -0.003387444 0.4546652 0.8906444 -0.005670224 -0.2903878 -0.9535148 0.08052585 -0.300168 -0.9104616 0.2845328 0.4618428 0.8866029 0.02522868 0.06415047 0.9951218 0.07494938 -0.5194926 0.706515 0.4805871 0.1208402 -0.9913223 -0.05174674 0.5938514 0.5506029 -0.586666 -0.9968384 0.04837578 0.06303102 -0.3643843 0.9304996 0.0373445 0.3746823 -0.927131 0.006432531 -0.5887013 0.4784001 0.6515858 0.2972719 -0.9417057 0.1575427 -0.1594228 0.8179563 -0.5527493 -0.6759229 -0.7364988 0.02641372 0.7991097 -0.1603318 0.5794113 -0.1720081 -0.7078407 -0.6851093 -0.7590225 0.2633646 -0.5954191 0.8825299 0.3043856 -0.3584555 -0.6400334 0.4163743 0.6457473 0.8478755 0.3788989 0.3708675 -0.8418717 0.2632585 0.4711125 -0.8852027 -0.4457179 -0.1332358 -0.230095 -0.8915386 -0.3901477 0.8363839 -0.4859867 -0.2535327 -0.8376558 0.07713 0.5407252 0.874275 -0.4853502 -0.008855883 0.9588805 0.2834797 0.01368771 -0.8536098 0.518253 0.0525757 -0.6706023 -0.6131948 0.4174742 0.1176139 -0.5341035 -0.8371979 -0.2376624 -0.9712575 -0.01324369 -0.9983933 -0.04573588 -0.03345363 0.4878652 0.5882928 -0.6449024 0.3740072 -0.8011275 0.4672401 0.7692026 0.2622679 0.5827031 -0.9972927 -0.07335098 -0.005191168 -0.7188313 0.1410033 0.6807346 -0.09348806 -0.5756831 0.8123109 0.7056969 0.2727207 0.653923 -0.7152508 0.6981635 0.03136916 -0.6435707 -0.7653147 -0.01049633 0.9840529 -0.1731206 0.04085491 -0.6387355 0.7662228 0.07013959 -0.5269227 -0.4979252 0.6887837 -0.7160447 0.6243731 -0.3121508 -0.684699 -0.7286992 -0.01359116 0.8393335 -0.3696151 -0.3986276 -0.307408 -0.951452 0.01547354 -0.5660373 0.3153874 -0.7616643 -0.2527624 -0.9658547 -0.05688482 0.6231969 0.3340031 0.7071545 -0.8942453 -0.4475133 0.007555412 -0.8935983 -0.4488641 0.001740864 -0.8943507 -0.4473515 -0.003680129 0.5520199 -0.07110905 0.8307933 -0.2838778 -0.9520426 0.1141417 -0.2990451 0.7919265 0.5323762 -0.6107997 -0.7865693 -0.09073266 0.9164106 0.3347026 -0.219467 0.1745956 -0.9836738 -0.04361388 -0.5681436 0.4602122 0.6822152 0.1063522 -0.9845519 0.1390924 -0.2526809 -0.7139391 0.6530263 0.5328534 0.318424 0.7840111 -0.5227437 -0.848673 0.08058004 -0.7708976 0.5758255 -0.2722901 -0.9161445 0.3682384 -0.158366 0.1190428 -0.862453 0.4919386 0.9174128 0.3317018 -0.2198356 0.6586146 -0.7522079 -0.02025112 0.9842296 -0.1754198 -0.02280218 0.722185 0.1416717 -0.6770361 -0.7205699 0.4267168 0.546527 -0.1116287 -0.494507 0.8619756 0.5129368 0.2681321 0.8154759 -0.905772 -0.2098843 -0.3681381 0.3290331 -0.9321155 -0.1513207 0.5897934 0.6828434 0.4311249 -0.0207358 0.9922953 -0.1221481 -0.3297039 -0.9154353 0.2308107 -0.7025457 0.2596558 0.662577 -0.3771709 -0.822089 0.4265112 0.736124 0.009947057 -0.6767736 0.9972689 -0.07384328 -0.001413574 -0.476074 0.4389316 -0.7620319 0.98993 -0.001793761 -0.1415466 0.3755216 -0.9267728 -0.008703369 0.9903196 0.004831593 0.1387221 -0.2872766 0.7552458 -0.5891315 -0.6410558 -0.7650034 0.06178457 0.8446958 -0.0258186 0.5346236 0.9475051 0.2326278 -0.2193589 0.4991322 -0.8663007 -0.01975266 -0.7974398 -0.6032743 -0.01224206 0.4757132 -0.8745289 0.09431961 -0.09492337 -0.5243948 0.8461676 -0.799365 -0.6007304 0.01177408 -0.557389 0.7411739 0.3741374 0.9967701 0.07944737 -0.01172468 0.228593 0.8830724 0.4097906 0.2710048 -0.7622429 -0.5878283 0.8770238 -0.4803822 0.007878686 0.9648896 0.2626484 0.001948951 -0.909502 0.01194692 -0.4155278 0.9651822 0.2612109 0.01386738 0.7862274 -0.5743406 0.2279896 -0.8834918 0.4666412 0.0410884 -0.3388753 0.9082414 -0.2454814 -0.1409957 -0.9025265 0.4068983 0.9644446 -0.2046467 -0.1672316 0.7662491 0.5246611 -0.3709354 0.7141318 -0.6999481 -0.009405659 -0.7337528 0.3790826 -0.5638291 0.3120054 -0.9473751 0.07164587 -0.01044662 0.9990245 -0.04290491 -0.8501422 -0.5244728 0.04676011 0.2514698 -0.9564007 0.1485286 0.9133579 0.3373476 0.2279779 -0.9360633 0.2479107 -0.2496513 0.9552345 -0.264198 -0.133141 -0.5821639 -0.2439233 -0.7756202 0.1299752 0.6998511 0.7023638 0.5447946 -0.4039565 0.7348591 -0.2892648 0.9560641 0.04761723 0.9118086 -0.02490146 -0.4098596 0.1446125 0.7617016 0.6315837 -0.3359505 -0.9411113 -0.03803579 0.3255794 0.9436733 0.0589813 0.07461314 0.9326984 -0.3528549 0.02930082 -0.799614 0.599799 0.7919021 0.4114793 -0.4511938 0.1470667 0.7928498 -0.5914055 -0.441175 0.2699392 -0.8558606 0.07890527 0.4928959 0.8665031 0.729674 0.6836784 0.01263346 -0.7765582 -0.6198108 0.1131016 0.1763668 -0.809396 -0.5601543 0.1044717 0.5860197 0.8035338 -0.6946579 0.5545827 -0.4581358 0.5171432 -0.2952856 -0.8033489 0.09516336 0.6602328 -0.7450078 -0.8394674 -0.3836279 -0.3848689 0.06344854 0.5551642 0.8293172 -0.4290055 0.9032649 -0.008170278 -0.83228 -0.4414295 0.3353356 0.7205641 -0.3643576 -0.5899415 -0.6999971 -0.5622313 0.4403409 0.6308284 0.7745931 -0.04539917 0.6654538 0.187793 -0.72243 -0.07773868 0.6175593 -0.7826731 0.2029284 0.9791009 -0.0134756 0.1813333 0.9809421 -0.06979195 -0.3413299 -0.8780998 -0.3353128 -0.1967613 0.7386878 0.6446901 -0.4162394 -0.803913 0.4248161 0.4882126 0.3474656 0.8005724 0.89169 -0.4524505 0.01332476 0.01474059 -0.7937543 0.6080599 -0.7484637 0.2823719 -0.6000569 -0.8708499 -0.4439659 -0.210985 -0.9449881 0.3234942 -0.04846686 -0.2601923 -0.9653715 0.01891439 -0.0674235 0.9937835 -0.08859127 0.1300326 -0.9910187 0.03120155 0.9805691 -0.1885193 -0.05426461 -0.2582788 0.8006103 0.5406619 -0.6589646 -0.6155876 -0.4322239 0.9511559 -0.3086013 -0.008220733 -0.7967273 0.4995234 -0.3401499 0.6578411 -0.753132 -0.006106625 -0.7514756 0.4992061 0.4313671 0.6717206 -0.7406447 -0.01538779 0.2377477 -0.8944868 0.3786416 0.5421087 0.5211134 -0.6592109 -0.8538302 0.3764424 0.3595346 -0.9987626 -0.03601074 -0.03430111 0.9988335 0.04370523 0.02052851 -0.8163834 0.5631697 -0.1278984 0.1609432 -0.6709365 -0.723838 0.554439 0.4746566 -0.6835924 -0.8082047 0.2783477 -0.5189679 0.4530676 0.34484 0.8220797 -0.7327681 0.1892917 0.6536203 -0.9978066 -0.03510833 0.05612003 0.7775858 -0.6287215 0.008342819 -0.7827661 0.6221527 0.0142573 0.3916193 -0.877915 0.2754988 0.2405494 0.9315875 0.272545 -0.7407429 0.4419572 -0.5059385 0.397106 -0.2575835 -0.8808845 -0.3536717 0.4271993 -0.8321161 0.8634829 0.177737 0.4720243 -0.4481321 -0.7824108 0.4324476 -0.1846043 -0.7630253 0.6194462 -0.2137953 0.5492615 0.8078387 0.7638385 -0.6446447 0.03136916 0.5865764 0.8098259 -0.01049633 -0.9939914 0.1015478 0.0408549 0.6135755 0.7792232 0.1278138 -0.5926989 0.7793735 -0.2031872 -0.358588 -0.933005 -0.03027142 0.4794278 -0.489001 -0.728716 -0.9791047 0.202993 0.01215928 0.09593712 0.676891 -0.7298045 -0.6220218 -0.7829652 -0.007372039 -0.6424195 -0.7625491 0.07626257 -0.5423981 -0.1377973 0.8287438 -0.9803001 0.1975128 0.0006295399 0.5537091 -0.505963 -0.661368 -0.3575062 0.6142617 0.7034713 -0.9416599 -0.2694535 0.2016717 -0.5255129 -0.7428606 -0.4147219 -0.9991181 -0.0190915 0.03739727 -0.2054313 -0.9252508 -0.3189183 -0.3360602 0.9155556 -0.2209561 -0.1411252 -0.9506981 0.2761464 0.5626581 -0.7850384 0.2590957 0.6134166 -0.6722677 0.414459 -0.75561 0.5911354 -0.2821567 -0.9589504 -0.06528497 0.2759564 0.9670801 -0.1857111 -0.1739754 -0.9735749 0.2283668 0.0007529383 0.5729527 0.7636892 -0.2974962 0.9751787 -0.220851 -0.0158522 -0.7447984 -0.6670916 -0.01625434 0.07029291 -0.9975142 -0.004930912 0.463923 -0.8651591 -0.1904606 0.3557618 0.282222 0.8909457 -0.6441039 0.249124 -0.723234 -0.7132878 -0.03579471 -0.6999566 0.9818539 0.189512 -0.006939006 0.424383 -0.9054656 0.005569473 -0.8196302 -0.3498509 0.4536637 0.4881719 -0.2435934 0.8380635 0.7742739 0.6328492 0.001373876 0.65871 -0.5003651 -0.5619039 0.1028258 0.9886472 0.1095605 -0.1265154 0.9493514 0.2876208 -0.6573714 -0.6455134 0.3888126 0.6248153 0.7747619 0.09669447 -0.8655257 0.4967589 0.06399902 0.4928427 -0.5266941 0.6926033 0.8471879 0.4667079 0.2538828 0.3222389 0.8616483 -0.3920769 0.2586397 -0.946226 -0.1943239 -0.9904287 -0.1380249 -0.0004105294 0.02060887 -0.8692848 -0.4938818 0.1288108 0.4012929 0.9068472 0.9894454 -0.1433784 -0.02098609 -0.3978702 0.7669692 0.5034456 -0.5367081 -0.6920387 -0.4827286 0.9546738 -0.2962845 -0.02852143 -0.3409875 -0.5116485 -0.7886338 -0.5066599 0.5946033 -0.6242937 0.9528269 -0.3025809 0.02378262 0.6519028 -0.7571553 0.04169675 0.375196 -0.8821206 0.2847652 0.509672 0.5537902 -0.6584458 -0.8605835 0.2392246 0.4496305 0.098184 -0.6032527 0.7914834 0.6367868 0.5703196 0.5188816 -0.8152263 -0.04123999 -0.5776724 -0.1006998 -0.9867978 -0.1268452 -0.7881553 -0.6154606 0.00442029 0.7235485 0.1158749 -0.6804782 -0.3884847 -0.7474651 -0.5388651 -0.5290274 0.4347732 -0.7287677 -0.9697644 0.2421847 0.03005829 -0.05436105 0.9978863 0.03560573 -0.3915329 -0.9173706 0.07164588 0.6520562 0.7569556 -0.04290492 -0.9847134 0.1677885 0.04676011 -0.3569941 -0.8743436 0.3287528 0.9672014 0.05283377 -0.2484554 -0.564521 0.8228092 -0.06558305 0.2853377 0.3552634 -0.8901519 0.1784014 -0.6807002 -0.710507 0.5104907 -0.2154528 0.8324538 -0.8769176 0.4688372 0.105864 -0.8722699 0.4879655 0.03216968 -0.4153782 -0.8351187 -0.3606075 0.5630813 0.6635021 0.4926504 -0.4430055 0.8530917 -0.2756459 -0.774467 0.2188663 -0.5935473 -0.506866 -0.5630166 -0.6527628 0.9488164 0.3150157 0.02264073 0.9488031 0.3157843 -0.007280224 -0.4173078 -0.8926003 -0.1706425 0.9354849 0.08575973 -0.3428022 -0.4583532 0.7298892 0.5071234 -0.4542212 0.2757171 -0.84715 0.6244026 -0.7810443 -0.009552559 0.3442131 -0.5799855 -0.738332 -0.4724627 -0.706532 0.5268695 0.4581669 0.5677169 0.6839449 -0.289501 -0.6741614 0.6794819 0.916967 -0.1747645 0.3586486 0.9905802 -0.1360578 -0.0154624 0.7599548 0.06247266 -0.6469667 -0.9244809 -0.3812284 -0.0001209023 -0.5806173 -0.1861322 -0.7926149 0.3465566 0.9238863 0.1622732 -0.2717187 -0.3279963 0.9047582 -0.8696773 -0.4935818 -0.006191687 0.8873823 0.3896164 0.2464788 0.3266984 0.9134604 0.2426073 -0.505401 -0.6442784 -0.5739992 0.6364949 -0.7533704 -0.1652489 -0.3888258 0.842756 0.372259 0.7592817 0.6472841 -0.06719008 0.0413798 -0.6126934 -0.7892366 0.5701404 0.8208595 0.0336102 -0.7349052 -0.6781664 -0.002136962 -0.5492482 0.8298232 0.09858939 -0.2864056 -0.6906862 0.6640213 0.5709854 -0.1099672 -0.8135619 0.3267555 0.7073955 -0.6267555 -0.5330481 0.1140758 0.8383594 -0.9034378 0.4285659 0.01146125 0.9904931 0.08519614 -0.1080045 0.9019913 -0.4313366 -0.01898695 0.8637656 -0.4844562 -0.1386042 0.823762 0.5650752 -0.04589369 0.05780635 0.9980473 0.02366565 -0.907275 0.2220863 -0.3571131 -0.1917608 -0.01922017 0.9812535 -0.6129078 -0.7859339 -0.08155986 0.5140347 -0.761943 0.3939687 0.4589695 0.8850078 -0.07815461 0.8876222 -0.3815391 -0.2579822 0.9826317 -0.1855389 -0.003203176 0.8825158 0.4702402 -0.006326182 -0.8334066 -0.2805571 -0.4761524 0.5284174 0.8489844 -0.0007302135 0.5065935 0.8563508 0.100132 0.9636403 -0.2343769 0.1283157 -0.76458 -0.6068195 -0.2172268 0.9739092 -0.1338884 -0.183234 -0.3338635 0.7958223 0.5051752 0.2542508 -0.623058 -0.7396994 -0.8618315 0.1394161 -0.4876573 -0.1449636 -0.9892236 0.02054825 -0.9730099 -0.2288341 0.02977658 -0.3979825 -0.8347326 0.3805672 0.9879177 0.07361834 -0.1363782 0.4032951 0.8470002 -0.3463288 -0.9832417 -0.06735961 0.1694062 0.5612601 0.3828689 0.7337564 -0.8229831 -0.5678824 -0.01443255 0.3586348 0.5235409 -0.7728428 -0.6734248 -0.7392538 0.001727325 0.1476644 -0.9885399 0.03136916 0.9753197 0.2205478 -0.01049633 -0.6791996 0.7328156 0.04085491 -0.3110973 -0.8945094 0.3210473 0.9390661 0.2036125 -0.276942 -0.683889 0.7295544 -0.006802229 0.1393897 0.9900577 -0.01887298 -0.9110941 0.3640774 -0.1932749 0.4087303 0.7793662 -0.4748978 0.4149416 -0.5182468 0.747826 -0.7688049 0.6161995 0.1709888 0.07880889 -0.9968456 0.009378728 0.7667946 0.08617621 0.6360816 0.9570401 0.2787602 -0.07979321 0.07576041 0.9938248 -0.08107169 -0.4019022 -0.5172028 0.7556295 0.08189302 0.992412 0.09171637 0.9524158 0.2208436 0.2100766 -0.3712223 -0.9080264 -0.1941186 0.9291489 0.2331774 -0.2868982 -0.5730264 0.6390137 0.5131299 0.3412756 -0.5635717 -0.7522751 -0.09064935 0.9958658 -0.005822955 0.09607982 -0.9953322 -0.009081204 0.2934389 0.5763297 -0.7627173 -0.8568786 -0.1342417 0.4977331 0.6570502 0.7422195 0.1318909 -0.6569807 -0.7539047 0.001998821 0.523204 0.4036198 0.7505655 -0.3005814 0.3238734 0.8970824 0.9478836 0.2965303 -0.1165605 -0.004863875 0.6929534 -0.720966 -0.6648446 0.4645682 -0.5849428 -0.8262584 -0.4543659 0.3329394 -0.9909801 0.1338466 0.006604608 0.4470286 -0.2433626 -0.8607787 0.4171311 -0.2615252 -0.8704058 0.8868308 0.4610261 -0.03140072 -0.4948276 -0.5751356 0.6514329 0.9070327 -0.3686141 0.2035074 0.1843263 0.8008683 0.5697665 -0.8679111 -0.1735323 -0.4654211 -0.7023278 -0.7117256 0.01350441 -0.545843 0.8360945 -0.05478541 0.3738492 0.9273701 -0.01487991 0.7472202 0.6635679 0.03660126 0.02844545 -0.4979524 0.8667377 0.4294665 -0.8463986 -0.3149094 -0.3897395 0.8478361 0.3595511 0.8495904 -0.264432 0.4563681 0.322851 0.9453146 -0.04634155 -0.4179407 0.8459557 -0.3311865 -0.913063 -0.2121476 -0.348295 0.5233715 0.850765 0.04776078 -0.5192258 -0.3122079 0.7955695 0.8101822 -0.4654925 -0.3562604 0.03083224 0.8741692 0.4846417 -0.7627933 -0.6085867 -0.2185602 0.8277532 -0.549619 -0.1128871 0.1576669 0.9874675 -0.007001317 -0.1390113 -0.989384 -0.04236829 0.455042 0.5906244 -0.666408 0.4958894 0.4631418 0.7345702 0.2842315 -0.5547931 0.7819316 0.8579048 -0.5125588 0.03581609 -0.7366479 0.07189977 0.6724436 0.6539427 -0.7357325 0.176229 -0.6530114 0.7440358 -0.1413747 0.6473558 0.7573209 -0.08599659 -0.7309925 -0.6814135 0.03640969 0.6539812 -0.7213412 0.2279814 -0.2009282 0.7794521 0.5933653 -0.01490738 0.5999937 0.7998658 -0.3731428 0.8319982 0.4105404</float_array>
          <technique_common>
            <accessor source="#normals-array" count="5928" stride="3">
              <param name="X" type="float" />
              <param name="Y" type="float" />
              <param name="Z" type="float" />
            </accessor>
          </technique_common>
        </source>
        <source id="uv">
          <float_array id="uv-array" count="35568">9.10185 1.05802 9.133457 1.560977 9.125101 1.561115 -1.941017 1.057388 -1.939265 1.560834 -1.917364 1.057136 -1.916419 1.05802 -1.933929 1.561115 -1.941017 1.057388 9.115859 1.342069 9.203388 1.723238 9.200793 1.723504 -1.934995 1.338994 -1.99324 1.723238 -1.923878 1.340853 9.115859 1.342069 9.202987 1.72281 9.126836 1.338994 -1.956173 9.189315 -2.031158 9.059897 -1.99479 9.202433 9.202477 1.824313 9.059897 1.749608 9.288409 1.685848 -2.031158 9.059897 -1.927923 9.136505 -1.995015 9.202294 -1.956173 1.776866 -2.111782 1.685848 -1.994767 1.635467 -2.111782 1.685848 -1.995015 1.622044 -1.994767 1.635467 9.117823 1.367958 8.939506 1.682597 8.937295 1.681317 -1.935971 1.369472 -1.93793 1.682552 -1.925981 1.373585 9.120908 1.369472 8.937295 1.681317 8.939543 1.682552 -1.926305 1.367958 -1.936793 1.681317 -1.935971 1.369472 -2.056145 1.677522 -1.908463 1.667691 -1.936589 1.771081 -1.936706 1.73705 -1.930534 1.673269 -2.056145 1.677522 -1.930534 1.673269 -1.936635 1.608223 -2.056145 1.677522 9.126368 1.377922 9.189686 1.62968 9.116543 1.382182 -1.92371 1.377922 -1.848284 1.629409 -1.845593 1.628633 9.125669 1.381887 9.189686 1.62968 9.192492 1.629409 -1.846815 9.191404 -1.891548 9.262514 -1.710117 9.237016 9.191419 1.714938 9.262514 1.701955 9.191404 1.726302 9.072108 1.653284 9.103665 1.563552 9.262514 1.701955 9.103665 1.563552 9.192141 1.532268 9.262514 1.701955 -1.710117 1.624641 -1.84689 1.533253 -1.849536 1.653284 9.123799 1.359151 9.111646 1.641869 9.108905 1.641057 -1.932811 1.352934 -2.154431 1.641869 -1.924232 1.359151 -2.155565 1.716154 -2.155561 1.712589 -2.289725 1.668747 -2.155561 1.712589 -2.125335 1.727816 -2.276878 1.623667 -2.155557 1.708308 -2.125335 1.727816 -2.155561 1.712589 -2.125335 1.727816 -2.289725 1.668747 -2.080788 1.618413 9.119116 1.727816 9.235161 1.618413 9.10519 1.58238 -2.289725 9.144495 -2.276878 9.058709 -2.080788 9.235161 -2.276878 1.623667 -2.155557 1.55013 -2.155561 1.554065 -2.276878 1.623667 -2.152356 1.58238 -2.155557 1.55013 9.235161 1.618413 9.110531 1.554065 9.10519 1.58238 9.120528 1.338477 9.044314 1.555604 9.042477 1.555646 9.129814 1.343778 9.044314 1.555604 9.120528 1.338477 9.118374 1.341766 9.042477 1.555646 9.045384 1.55687 -1.842232 1.575255 -1.92834 1.54773 -1.842643 1.634644 9.044262 1.634644 8.981544 1.54773 9.200754 1.548748 9.040976 1.575255 9.045874 1.539141 9.043712 1.468917 -1.92834 1.54773 -1.843347 1.468917 -1.84275 1.484068 9.200754 1.548748 9.044118 1.484068 9.045874 1.539141 9.124436 1.444197 9.231862 1.542457 9.118529 1.449895 -1.935187 9.1257 -1.938093 9.23365 -1.922836 9.124436 9.1257 1.441776 9.232175 1.541849 9.23365 1.540423 -1.930408 9.118529 -1.936899 9.231862 -1.939987 9.232175 -1.938312 1.609818 -1.938725 1.629747 -2.049325 1.536629 -1.938171 1.626631 -1.946446 1.516609 -1.938725 1.629747 -1.938312 1.609818 -2.049325 1.536629 -1.938171 1.626631 -1.938725 1.629747 -1.946446 1.516609 -2.049325 1.536629 -1.938171 1.626631 -1.940636 1.535255 -1.946446 1.516609 9.232749 1.626631 9.261696 1.526625 9.227934 1.535255 -2.049325 1.536629 -1.934897 1.526625 -1.938171 1.626631 -2.049325 9.301097 -1.946446 9.224145 -1.934897 9.261696 9.119689 1.282073 9.03777 1.560518 9.036209 1.559775 9.129946 1.283976 9.03777 1.560518 9.119689 1.282073 9.037319 1.649107 9.038258 1.669786 9.118752 1.507349 -1.982852 1.661583 -2.090662 1.535825 -1.982157 1.669786 -1.982852 1.661583 -1.982179 1.475627 -2.090662 1.535825 -1.982852 1.661583 -1.981345 1.649107 -1.982179 1.475627 -2.090662 1.535825 -1.91651 1.507349 -1.982157 1.669786 9.037319 1.649107 9.118752 1.507349 9.036118 1.475627 9.118752 1.507349 9.037751 1.461145 9.036118 1.475627 -2.090662 1.535825 -1.982179 1.475627 -1.982318 1.459505 -1.923293 1.339904 -1.815142 1.610116 -1.93221 1.343762 -1.930788 1.342536 -1.818021 1.611221 -1.815142 1.610116 9.11703 1.343762 9.13657 1.611092 9.139045 1.611221 9.013353 1.61569 9.210918 1.605434 9.138039 1.697839 -1.815723 1.708976 -1.915144 1.605434 -1.692894 1.592098 9.013353 1.61569 9.137768 1.516489 9.137987 1.533731 -1.692894 1.592098 -1.816712 1.530296 -1.816558 1.516489 9.119761 1.431168 9.160281 1.703679 9.157885 1.703633 -1.929691 1.428419 -1.998863 1.702949 -1.995771 1.703679 9.119964 1.42824 9.160332 1.702949 9.129549 1.428419 -1.923271 1.431168 -1.997257 1.703633 -1.935634 1.42824 -1.997308 1.786814 -1.914076 1.752863 -2.031084 1.785009 -2.031084 1.785009 -1.989724 1.598803 -1.998264 1.809162 -1.914076 9.233889 -1.944937 9.062193 -2.031084 9.143412 -1.998264 1.809162 -1.989724 1.598803 -1.914076 1.752863 9.10185 1.05802 9.130794 1.057136 9.133457 1.560977 -1.917364 1.057136 -1.939265 1.560834 -1.929155 1.560977 9.109 1.057388 9.125101 1.561115 9.132365 1.560834 9.115859 1.342069 9.126517 1.340853 9.203388 1.723238 -1.934995 1.338994 -1.996368 1.72281 -1.99324 1.723238 9.115859 1.342069 9.200793 1.723504 9.202987 1.72281 9.202433 1.802105 9.059897 1.749608 9.202477 1.824313 -1.995099 1.824313 -2.111782 1.685848 -1.956173 1.776866 9.189315 1.776866 9.136505 1.643888 9.059897 1.749608 9.288409 1.685848 9.059897 1.749608 9.202294 1.622044 9.136505 1.643888 9.189315 1.776866 9.202509 1.635467 9.117823 1.367958 9.127895 1.373585 8.939506 1.682597 -1.925981 1.373585 -1.93793 1.682552 -1.934918 1.682597 -1.936589 1.771081 -1.936706 1.73705 -2.056145 1.677522 8.939612 1.771081 9.052297 1.667691 8.939927 1.673269 -1.908463 9.052297 -2.056145 8.913655 -1.93573 8.939974 8.939927 1.673269 9.052297 1.667691 8.939974 1.598351 -1.93573 1.598351 -2.056145 1.677522 -1.936635 1.608223 9.126368 1.377922 9.192219 1.628633 9.189686 1.62968 -1.92371 1.377922 -1.935744 1.381887 -1.848284 1.629409 9.125669 1.381887 9.116543 1.382182 9.189686 1.62968 9.191419 1.714938 9.072108 1.653284 9.262514 1.701955 9.191419 1.714938 9.191436 1.712362 9.072108 1.653284 9.191436 1.712362 9.191404 1.726302 9.072108 1.653284 -1.846815 9.191404 -1.710117 9.237016 -1.849536 9.072108 -1.710117 1.624641 -1.891548 1.701955 -1.849249 1.532268 -1.849249 1.532268 -1.943254 1.563552 -1.846914 1.553378 -1.943254 1.563552 -1.84689 1.533253 -1.846914 1.553378 -1.943254 1.563552 -1.849536 1.653284 -1.84689 1.533253 -1.710117 9.237016 -1.849249 9.192141 -1.84689 9.191427 -1.932811 1.352934 -2.156889 1.639999 -2.154431 1.641869 9.128335 1.352934 9.118115 1.352137 9.111012 1.639999 -1.933301 1.352137 -2.155361 1.641057 -2.156889 1.639999 -1.933301 1.352137 -1.924232 1.359151 -2.155361 1.641057 -2.155557 1.708308 -2.155565 1.716154 -2.289725 1.668747 -2.155557 9.110552 -2.289725 9.144495 -2.125335 9.119116 -2.289725 9.144495 -2.155561 9.110551 -2.276878 9.058709 -2.125335 1.727816 -2.152356 1.58238 -2.276878 1.623667 -2.080788 1.618413 -2.276878 1.623667 -2.155561 1.554065 -1.929495 1.343778 -1.843511 1.55687 -1.841151 1.555604 9.129814 1.343778 9.118374 1.341766 9.045384 1.55687 -1.934652 1.341766 -1.924113 1.338477 -1.842939 1.555646 -1.840202 1.64919 -1.842643 1.634644 -1.839115 1.539141 9.044262 1.634644 9.200754 1.548748 9.045874 1.539141 9.040976 1.575255 9.046411 1.64919 9.045874 1.539141 -1.92834 1.54773 -1.842232 1.575255 -1.843347 1.468917 -1.916952 9.200754 -1.92834 8.981544 -1.84275 9.044118 9.124436 1.444197 9.23365 1.540423 9.231862 1.542457 9.1257 1.441776 9.118529 1.449895 9.232175 1.541849 -1.929728 1.283976 -1.983468 1.560384 -1.980681 1.560518 9.129946 1.283976 9.119034 1.2799 9.03906 1.560384 9.119034 1.2799 9.036209 1.559775 9.03906 1.560384 -1.934765 1.2799 -1.923727 1.282073 -1.98228 1.559775 9.118752 1.507349 9.037814 1.459505 9.037751 1.461145 -1.91651 9.118752 -2.090662 9.07001 -1.982318 9.037814 -1.923293 1.339904 -1.930788 1.342536 -1.815142 1.610116 9.12978 1.342536 9.11703 1.343762 9.139045 1.611221 -1.93221 1.343762 -1.815142 1.610116 -1.817361 1.611092 -1.815723 1.708976 -1.81677 1.697839 -1.915144 1.605434 9.138039 1.697839 9.138064 1.682061 9.013353 1.61569 9.138064 1.682061 9.13838 1.708976 9.013353 1.61569 9.13838 1.708976 9.153861 1.592098 9.013353 1.61569 -1.692894 1.592098 -1.816558 1.516489 -1.851274 1.61569 9.013353 1.61569 9.137987 1.533731 9.210918 1.605434 -1.915144 1.605434 -1.816771 1.533731 -1.816712 1.530296 -1.692894 1.592098 -1.915144 1.605434 -1.816712 1.530296 9.119761 1.431168 9.129549 1.428419 9.160281 1.703679 9.119964 1.42824 9.157885 1.703633 9.160332 1.702949 -1.997308 1.786814 -1.998264 1.809162 -1.914076 1.752863 -2.031084 1.785009 -1.999977 1.584445 -1.989724 1.598803 9.143412 1.785009 9.062193 1.65368 9.159635 1.584445 9.233889 1.752863 9.167676 1.598803 9.062193 1.65368 9.062193 1.65368 9.167676 1.598803 9.159452 1.591875 9.159635 1.584445 9.062193 1.65368 9.159452 1.591875 11.46834 1.561619 11.44139 2.476362 11.45556 2.476613 11.48103 1.56047 11.45145 2.476101 11.43439 1.560011 -3.899109 1.561619 -3.857962 2.476613 -3.863376 1.56047 11.46271 2.078226 11.41282 2.77147 11.41724 2.771954 -3.855182 2.072635 -3.718995 2.77147 -3.868812 2.076015 -3.871446 2.078226 -3.715584 2.770692 -3.855182 2.072635 -3.775696 11.39766 -3.797567 11.61799 -3.71796 11.4153 11.41552 2.955298 11.61799 2.819431 11.41322 2.703468 -3.797567 2.819431 -3.855313 2.627154 -3.71781 2.587425 -3.775696 2.869006 -3.503051 2.703468 -3.717921 2.611839 -3.503051 2.703468 -3.71781 2.587425 -3.717921 2.611839 11.4577 2.125313 11.67936 2.697556 11.68364 2.695227 11.46236 2.128066 11.68192 2.697474 11.44532 2.135547 -3.859137 2.128066 -4.016977 2.695227 -4.013666 2.697474 -3.873416 2.125313 -4.016977 2.695227 -3.859137 2.128066 11.81528 2.688325 11.52098 2.670445 11.68068 2.858484 11.68326 2.796591 11.67506 2.68059 11.81528 2.688325 11.67506 2.68059 11.68231 2.56229 11.81528 2.688325 11.44519 2.143435 11.30262 2.601313 11.46168 2.151181 -3.869142 2.143435 -3.902552 2.600822 -3.90602 2.59941 -3.855291 2.150645 -3.906747 2.601313 -3.902552 2.600822 -3.905258 2.777042 -3.79001 2.732762 -4.030014 2.592149 -3.905119 2.756375 -3.79001 2.732762 -3.905258 2.777042 -4.005181 2.644243 -3.865303 2.481044 -3.79001 2.732762 11.48937 2.481044 11.30177 2.424147 11.25383 2.732762 11.12752 2.592149 11.30059 2.425939 11.44621 2.644243 11.44873 2.109294 11.66246 2.623481 11.66655 2.622005 -3.856508 2.097989 -3.604719 2.623481 -3.870738 2.109294 -3.604266 2.758587 -3.604308 2.752103 -3.41378 2.672366 -3.604308 2.752103 -3.633209 2.779796 -3.503418 2.590378 11.66474 2.744317 11.62831 2.779796 11.66475 2.752103 -3.633209 11.62831 -3.41378 11.74003 -3.586342 11.45038 11.62831 2.779796 11.45038 2.580822 11.66842 2.515288 -3.41378 11.74003 -3.503418 11.83196 -3.586342 11.45038 11.83196 2.590378 11.66474 2.456633 11.66477 2.46379 11.83196 2.590378 11.66842 2.515288 11.66474 2.456633 11.45038 2.580822 11.66477 2.46379 11.66842 2.515288 11.45256 2.071694 11.47235 2.466589 11.4761 2.466665 -3.859212 2.081336 -4.039295 2.466589 -3.87371 2.071694 -3.862913 2.077676 -4.038737 2.466665 -4.035535 2.468892 11.47729 2.50233 11.62317 2.452269 11.4737 2.610343 11.4737 2.610343 11.62317 2.452269 11.34999 2.454121 11.47729 2.50233 11.46871 2.436649 11.47497 2.308929 11.62317 2.452269 11.47497 2.308929 11.47397 2.336486 -3.812917 2.454121 -4.037545 2.336486 -4.040392 2.436649 11.44676 2.26397 11.32988 2.442679 11.4604 2.274333 -3.855934 2.259567 -3.759065 2.438979 -3.871864 2.26397 11.45592 2.259567 11.33217 2.441573 11.32876 2.438979 -3.867877 2.274333 -3.762045 2.442679 -3.758066 2.441573 -3.759746 2.56519 -3.758854 2.601435 -3.567102 2.43208 -3.75975 2.595768 -3.757252 2.395669 -3.758854 2.601435 -3.759746 2.56519 -3.567102 2.43208 -3.75975 2.595768 -3.758854 2.601435 -3.757252 2.395669 -3.567102 2.43208 11.32991 2.595768 11.33783 2.429581 11.3474 2.395669 11.32991 2.595768 11.29231 2.413885 11.33783 2.429581 -3.567102 2.43208 -3.738644 2.413885 -3.75975 2.595768 -3.567102 11.34396 -3.757252 11.3474 -3.738644 11.29231 11.45323 1.969111 11.6009 2.475527 11.60416 2.474175 -3.858818 1.972572 -3.877343 2.475527 -3.874899 1.969111 11.60202 2.636646 11.6016 2.674255 11.44812 2.378826 -3.875584 2.659336 -3.717338 2.430617 -3.875147 2.674255 -3.875584 2.659336 -3.876972 2.321132 -3.717338 2.430617 11.60396 2.659336 11.60202 2.636646 11.60419 2.321132 11.65731 2.430617 11.44812 2.378826 11.6016 2.674255 11.60202 2.636646 11.44812 2.378826 11.60419 2.321132 11.44812 2.378826 11.60232 2.294795 11.60419 2.321132 -3.717338 2.430617 -3.876972 2.321132 -3.875339 2.291811 11.4485 2.07429 11.33713 2.565733 11.46376 2.081305 -3.857689 2.079076 -3.985137 2.567741 -3.989373 2.565733 -3.86701 2.081305 -3.988071 2.567507 -3.985137 2.567741 -4.053917 2.575869 -3.806296 2.557217 -3.987512 2.725276 -3.988473 2.745531 -3.806296 2.557217 -4.122633 2.532963 11.5183 2.575869 11.33881 2.395451 11.33873 2.426808 -4.122633 2.532963 -3.987566 2.420561 -3.988 2.395451 11.45275 2.240275 11.46679 2.735899 11.47095 2.735815 -3.859206 2.235275 -3.749484 2.734571 -3.753242 2.735899 11.4632 2.234949 11.4694 2.734571 11.44655 2.235275 -3.875386 2.240275 -3.753531 2.735815 -3.860358 2.234949 11.46902 2.887098 11.3077 2.825351 11.5176 2.883816 11.5176 2.883816 11.45267 2.545157 11.46858 2.927743 11.3077 2.825351 11.54065 2.644963 11.5176 2.883816 11.46858 2.927743 11.45267 2.545157 11.3077 2.825351 11.46834 1.561619 11.43439 1.560011 11.44139 2.476362 -3.872937 1.560011 -3.84527 2.476101 -3.856469 2.476362 -3.863376 1.56047 -3.857962 2.476613 -3.84527 2.476101 11.46271 2.078226 11.44516 2.076015 11.41282 2.77147 -3.855182 2.072635 -3.715584 2.770692 -3.718995 2.77147 -3.871446 2.078226 -3.719432 2.771954 -3.715584 2.770692 11.4153 2.914909 11.61799 2.819431 11.41552 2.955298 -3.71755 2.955298 -3.503051 2.703468 -3.775696 2.869006 11.39766 2.869006 11.43666 2.627154 11.61799 2.819431 -3.503051 2.703468 -3.797567 2.819431 -3.71781 2.587425 -3.855313 2.627154 -3.775696 2.869006 -3.717921 2.611839 11.4577 2.125313 11.44532 2.135547 11.67936 2.697556 -3.865093 2.135547 -4.013666 2.697474 -4.017316 2.697556 11.68068 2.858484 11.68326 2.796591 11.81528 2.688325 11.68068 2.858484 11.52098 2.670445 11.67506 2.68059 11.52098 2.670445 11.81528 2.688325 11.6795 2.544335 11.67506 2.68059 11.52098 2.670445 11.6795 2.544335 -4.015936 2.544335 -3.894051 2.688325 -4.016303 2.56229 11.44519 2.143435 11.29852 2.59941 11.30262 2.601313 -3.869142 2.143435 -3.855291 2.150645 -3.902552 2.600822 -3.855291 2.150645 -3.871138 2.151181 -3.906747 2.601313 -3.905119 2.756375 -4.005181 2.644243 -3.79001 2.732762 11.30063 2.756375 11.30059 2.751691 11.44621 2.644243 11.30059 2.751691 11.30055 2.777042 11.44621 2.644243 11.30055 2.777042 11.12752 2.592149 11.44621 2.644243 -4.030014 2.592149 -3.79001 2.732762 -3.901696 2.424147 11.30177 2.424147 11.48937 2.481044 11.30059 2.462541 11.48937 2.481044 11.30059 2.425939 11.30059 2.462541 11.48937 2.481044 11.44621 2.644243 11.30059 2.425939 -4.030014 11.12752 -3.901696 11.30177 -3.905148 11.30059 11.4507 2.097989 11.66534 2.620081 11.66246 2.623481 11.4507 2.097989 11.4634 2.096538 11.66534 2.620081 -3.86476 2.096538 -3.605973 2.622005 -3.602314 2.620081 11.4634 2.096538 11.44873 2.109294 11.66655 2.622005 -3.604312 2.744317 -3.604266 2.758587 -3.41378 2.672366 -3.604312 11.66474 -3.41378 11.74003 -3.633209 11.62831 -3.41378 11.74003 -3.604308 11.66475 -3.503418 11.83196 11.62831 2.779796 11.66842 2.515288 11.83196 2.590378 11.45038 2.580822 11.83196 2.590378 11.66477 2.46379 -3.859212 2.081336 -4.035535 2.468892 -4.039295 2.466589 11.44606 2.081336 11.46426 2.077676 11.4731 2.468892 -3.862913 2.077676 -3.87371 2.071694 -4.038737 2.466665 11.46901 2.636798 11.4737 2.610343 11.46871 2.436649 -4.037548 2.610343 -3.812917 2.454121 -4.040392 2.436649 11.47729 2.50233 11.46901 2.636798 11.46871 2.436649 11.62317 2.452269 11.47729 2.50233 11.47497 2.308929 -3.812917 11.34999 -3.988854 11.62317 -4.037545 11.47397 -3.871864 2.26397 -3.759065 2.438979 -3.762045 2.442679 -3.855934 2.259567 -3.867877 2.274333 -3.758066 2.441573 -3.858818 1.972572 -3.872879 2.475282 -3.877343 2.475527 11.4461 1.972572 11.46357 1.965158 11.60177 2.475282 -3.862207 1.965158 -3.876772 2.474175 -3.872879 2.475282 -3.862207 1.965158 -3.874899 1.969111 -3.876772 2.474175 11.44812 2.378826 11.60227 2.291811 11.60232 2.294795 11.44812 2.378826 11.65731 2.430617 11.60227 2.291811 -3.872283 2.07429 -3.857689 2.079076 -3.989373 2.565733 11.44722 2.079076 11.46376 2.081305 11.33854 2.567741 11.46376 2.081305 11.33713 2.565733 11.34095 2.567507 -3.988473 2.745531 -3.987512 2.725276 -3.806296 2.557217 11.33867 2.725276 11.33856 2.696581 11.5183 2.575869 11.33856 2.696581 11.33736 2.745531 11.5183 2.575869 11.33736 2.745531 11.21251 2.532963 11.5183 2.575869 11.21251 2.532963 11.33881 2.395451 11.5183 2.575869 -4.053917 2.575869 -3.987555 2.426808 -3.806296 2.557217 -3.806296 2.557217 -3.987555 2.426808 -3.987566 2.420561 -4.122633 2.532963 -3.806296 2.557217 -3.987566 2.420561 -3.875386 2.240275 -3.859206 2.235275 -3.753242 2.735899 -3.860358 2.234949 -3.753531 2.735815 -3.749484 2.734571 11.46902 2.887098 11.46858 2.927743 11.3077 2.825351 11.5176 2.883816 11.4712 2.519043 11.45267 2.545157 -3.725414 2.883816 -3.899155 2.644963 -3.748749 2.519043 11.3077 2.825351 11.45267 2.545157 11.54065 2.644963 11.54065 2.644963 11.45267 2.545157 11.46913 2.532556 -3.748749 2.519043 -3.899155 2.644963 -3.752094 2.532556 -2.619945 1.044069 -2.66117 1.909099 -2.64747 1.909337 -2.6218 1.042982 -2.656117 1.908853 -2.661383 1.042548 9.264452 1.044069 9.231188 1.909337 9.2265 1.042982 -2.652801 1.57254 -2.846676 2.121221 -2.636499 1.57969 -2.648471 1.573231 -2.846935 2.120801 -2.850532 2.119316 -2.636499 1.57969 -2.846935 2.120801 -2.648471 1.573231 9.239155 1.57969 9.206747 2.121221 9.202968 2.120801 9.22122 2.264483 9.053545 2.085658 9.203637 2.279704 9.205796 2.263107 9.205903 1.957232 9.22122 2.264483 -2.858247 2.264483 -2.850463 1.957232 -2.847208 1.975959 9.053545 2.085658 9.205074 1.97406 9.205903 1.957232 -2.640998 1.676133 -2.393352 1.811726 -2.390615 1.808467 -2.646252 1.667074 -2.393352 1.811726 -2.650793 1.685518 -2.646252 9.231091 -2.390615 9.099621 -2.392102 9.095913 9.097573 1.983217 8.91194 1.853261 9.095211 2.001817 -2.391965 1.992782 -2.391671 2.001817 -2.574286 1.816115 9.095211 2.001817 8.91194 1.853261 9.097601 1.816115 -2.391965 1.992782 -2.574286 1.816115 -2.286487 1.825267 9.097573 1.983217 9.24253 1.825267 8.91194 1.853261 -2.483093 9.219206 -2.355499 9.054421 -2.286487 9.24253 -2.483093 9.219206 -2.574286 9.097601 -2.391979 9.0978 9.054421 1.644687 9.0978 1.637331 9.097511 1.644997 -2.574286 1.816115 -2.392036 1.659348 -2.391979 1.637331 -2.65563 9.237531 -2.729804 9.565741 -2.643433 9.244901 -2.6421 9.233205 -2.727663 9.563473 -2.731994 9.563192 9.244901 1.561595 9.563473 1.864793 9.233205 1.578595 -2.729793 9.564172 -2.717191 9.724611 -2.475982 9.538012 -2.475982 1.896026 -2.808966 1.883582 -2.729792 2.01647 -2.808966 1.883582 -2.475982 1.896026 -2.740107 1.698815 9.453863 1.883582 9.55512 1.698815 9.564662 1.708268 -2.717191 9.724611 -2.729697 9.564205 -2.475982 9.538012 9.453863 1.883582 9.564662 1.708268 9.724611 1.851849 9.724611 1.851849 9.564662 1.708268 9.564205 1.738156 9.230659 1.528794 8.942651 1.877135 9.243864 1.539208 -2.646177 1.528794 -2.784702 1.879731 -2.788286 1.877135 -2.785978 2.088325 -2.791292 1.957245 -2.656074 1.875308 8.940459 2.006847 8.909238 1.685617 8.942216 1.957245 -2.789224 2.006847 -2.656074 1.875308 -2.813678 1.685617 -2.656074 1.875308 -2.791292 1.957245 -2.786984 1.6898 -2.787336 1.676494 -2.786984 1.6898 -2.791292 1.957245 -2.643883 1.621379 -2.348765 2.129896 -2.346207 2.128611 -2.654664 1.632609 -2.348765 2.129896 -2.643883 1.621379 -2.348211 2.242931 -2.474491 2.108511 -2.353029 2.287721 9.359196 2.242931 9.358042 2.267867 9.216988 2.108511 9.358042 2.267867 9.357838 2.079149 9.216988 2.108511 9.216988 2.108511 9.364036 2.048891 9.361545 2.287721 -2.347123 2.267867 -2.341889 2.056252 -2.348178 2.079149 9.216988 2.108511 9.357838 2.079149 9.364036 2.048891 -2.647786 1.576776 -2.846658 2.148204 -2.842534 2.149613 9.231332 1.577828 9.326894 2.148204 9.247769 1.576776 -2.652877 1.577828 -2.8438 2.149879 -2.846658 2.148204 -2.844279 2.332656 -3.039363 2.12227 -2.844068 2.367681 -2.831518 2.270202 -3.039363 2.12227 -2.844279 2.332656 -2.844068 2.367681 -3.039363 2.12227 -2.703066 2.125833 -2.831518 2.270202 -2.841844 1.946527 -3.039363 2.12227 9.490858 2.125833 9.329006 1.944225 9.327204 1.975366 9.234865 1.485077 8.946287 2.158118 9.247217 1.487719 -2.656097 1.485077 -2.48851 2.155891 -2.491443 2.158118 9.247217 1.487719 8.947027 2.157153 9.23269 1.478861 8.812918 2.236581 8.949098 2.257429 8.94596 2.318765 -2.302916 2.139136 -2.489124 2.035431 -2.492251 2.002257 -2.649951 1.580015 -2.564899 1.974516 -2.560317 1.973531 9.230658 1.592875 9.505083 1.974516 9.245918 1.580015 9.230658 1.592875 9.502329 1.976004 9.505083 1.974516 -2.636193 1.584609 -2.561512 1.976004 -2.648235 1.592875 -2.562574 9.504282 -2.532182 9.746299 -2.35996 9.495728 9.504282 2.136354 9.505898 2.141848 9.746299 1.94471 9.36825 1.881164 9.746299 1.94471 9.505898 2.141848 -2.636697 2.058299 -2.35996 1.960112 -2.729795 1.881164 -2.729795 1.881164 -2.562396 1.794141 -2.562509 1.815541 -2.729795 1.881164 -2.562509 1.815541 -2.56254 1.790083 9.229369 1.442634 9.082114 2.131438 9.245566 1.445749 -2.636391 1.452078 -2.905693 2.132998 -2.649325 1.442634 9.240313 1.452078 9.085388 2.133716 9.081097 2.132998 9.082923 2.275451 9.153965 2.288188 9.082915 2.276395 -2.905995 2.324265 -2.870176 2.07917 -3.021096 2.119872 -3.021096 2.119872 -2.908708 2.002742 -2.84326 2.288188 -3.021096 2.119872 -2.870176 2.07917 -2.90732 1.963924 -2.619945 1.044069 -2.661383 1.042548 -2.66117 1.909099 9.253133 1.042548 9.220992 1.908853 9.235203 1.909099 9.2265 1.042982 9.231188 1.909337 9.220992 1.908853 -2.652801 1.57254 -2.850532 2.119316 -2.846676 2.121221 9.246284 1.57254 9.228957 1.573231 9.205834 2.119316 9.203637 2.279704 9.053545 2.085658 9.205796 2.263107 9.22122 2.264483 9.206684 1.975959 9.053545 2.085658 9.205796 2.263107 9.053545 2.085658 9.205903 1.957232 9.053545 2.085658 9.206684 1.975959 9.205074 1.97406 -2.640998 9.247313 -2.650793 9.236621 -2.393352 9.097096 -2.646252 1.667074 -2.392102 1.807082 -2.393352 1.811726 -2.646252 9.231091 -2.640998 9.247313 -2.390615 9.099621 9.097573 1.983217 9.098057 1.992782 9.24253 1.825267 -2.574286 1.816115 -2.483093 1.712665 -2.286487 1.825267 -2.357673 1.853261 -2.355499 1.644687 -2.574286 1.816115 8.91194 1.853261 9.24253 1.825267 9.054421 1.644687 -2.574286 9.097601 -2.355499 9.054421 -2.392036 9.097551 9.054421 1.644687 9.097511 1.644997 9.097551 1.659348 9.054421 1.644687 9.219206 1.712665 9.0978 1.637331 9.237531 1.567616 9.563192 1.863607 9.565741 1.860797 9.237531 1.567616 9.233205 1.578595 9.563192 1.863607 9.244901 1.561595 9.565741 1.860797 9.563473 1.864793 9.564143 1.995928 9.564119 2.01647 9.453863 1.883582 -2.729792 2.01647 -2.729793 1.985789 -2.475982 1.896026 9.564172 1.985789 9.564143 1.995928 9.724611 1.851849 9.564143 1.995928 9.453863 1.883582 9.724611 1.851849 -2.475982 1.896026 -2.729697 1.738156 -2.740107 1.698815 -2.638054 1.544223 -2.653898 1.539208 -2.787322 1.881076 9.243864 1.539208 8.942651 1.877135 8.94577 1.881076 9.230659 1.528794 9.240835 1.544223 8.943282 1.879731 9.240835 1.544223 8.94577 1.881076 8.943282 1.879731 -2.785978 2.088325 -2.656074 1.875308 -2.789224 2.006847 8.942216 1.957245 8.909238 1.685617 8.943729 1.676494 8.909238 1.685617 9.044857 1.875308 8.944145 1.6898 9.236976 1.632609 9.357358 2.131644 9.361608 2.129896 -2.654664 1.632609 -2.639016 1.622601 -2.34938 2.131644 -2.639016 1.622601 -2.346207 2.128611 -2.34938 2.131644 9.231206 1.622601 9.247183 1.621379 9.359503 2.128611 -2.347123 2.267867 -2.353029 2.287721 -2.341889 2.056252 -2.341889 2.056252 -2.353029 2.287721 -2.350963 2.048891 -2.652877 1.577828 -2.638674 1.583944 -2.8438 2.149879 9.232183 1.583944 9.328976 2.149613 9.324865 2.149879 9.232183 1.583944 9.247769 1.576776 9.328976 2.149613 9.327527 2.367681 9.490858 2.125833 9.280745 2.270202 -3.039363 2.12227 -2.845169 1.944225 -2.703066 2.125833 9.280745 2.270202 9.490858 2.125833 9.325254 1.946527 9.325254 1.946527 9.490858 2.125833 9.327204 1.975366 -2.845169 1.944225 -3.039363 2.12227 -2.841844 1.946527 -2.64199 1.487719 -2.491443 2.158118 -2.486791 2.157153 -2.656097 1.485077 -2.639228 1.478861 -2.48851 2.155891 9.23269 1.478861 8.947027 2.157153 8.943819 2.155891 -2.490003 2.257429 -2.302916 2.139136 -2.488926 2.308248 8.94596 2.318765 8.945796 2.308248 8.812918 2.236581 -2.488926 2.308248 -2.302916 2.139136 -2.596946 2.236581 -2.302916 2.139136 -2.490003 2.257429 -2.487501 2.020086 -2.596946 2.236581 -2.302916 2.139136 -2.492251 2.002257 8.949098 2.257429 8.929911 2.002257 8.959776 2.020086 8.949098 2.257429 8.812918 2.236581 8.929911 2.002257 -2.302916 2.139136 -2.487501 2.020086 -2.489124 2.035431 9.236397 1.584609 9.504786 1.973531 9.502329 1.976004 -2.636193 1.584609 -2.649951 1.580015 -2.560317 1.973531 -2.562477 2.15074 -2.562574 2.136354 -2.35996 1.960112 9.505898 2.141848 9.504095 2.15074 9.324647 2.058299 -2.562477 9.504095 -2.35996 9.495728 -2.636697 9.324647 9.324647 2.058299 9.36825 1.881164 9.505898 2.141848 -2.729795 1.881164 -2.35996 1.960112 -2.562396 1.794141 -2.35996 9.495728 -2.532182 9.746299 -2.562396 9.504087 9.746299 1.94471 9.504278 1.790083 9.504087 1.794141 9.746299 1.94471 9.36825 1.881164 9.504278 1.790083 -2.636391 1.452078 -2.652534 1.445749 -2.906768 2.133716 9.245566 1.445749 9.082114 2.131438 9.085388 2.133716 -2.649325 1.442634 -2.905693 2.132998 -2.909511 2.131438 9.082915 2.276395 9.153965 2.288188 9.079566 2.324265 9.082923 2.275451 9.08413 2.119872 9.153965 2.288188 -2.907363 2.275451 -2.905995 2.324265 -3.021096 2.119872 9.153965 2.288188 9.049423 2.07917 9.079566 2.324265 9.153965 2.288188 9.086932 2.002742 9.049423 2.07917 -2.908708 2.002742 -3.021096 2.119872 -2.90732 1.963924 8.768253 0.8152401 8.785377 1.472087 8.774759 1.472267 8.755878 0.8144146 8.776893 1.471899 8.791954 0.8140853 -2.958202 0.8152401 -2.990365 1.472267 -2.984295 0.8144146 8.78136 1.146097 8.688788 1.684982 8.685298 1.684292 -2.99229 1.144502 -3.018184 1.684982 -2.979592 1.146097 -2.98621 1.142923 -3.017603 1.684292 -3.020569 1.684298 -3.018613 1.789546 -3.163045 1.664183 -3.018686 1.791101 -3.163045 1.664183 -2.919591 1.685496 -3.0187 1.772556 8.787225 1.685496 8.686402 1.581929 8.542681 1.69379 -2.988279 1.69379 -3.018766 1.571119 -3.163045 1.664183 8.542681 1.69379 8.686402 1.581929 8.686873 1.571119 -2.990514 1.226136 -2.776787 1.578053 -2.979241 1.218697 8.781936 1.226136 8.851071 1.579169 8.854172 1.578053 8.852436 1.666364 8.852232 1.68124 8.759211 1.598375 8.852232 1.68124 8.848931 1.510368 8.759211 1.598375 8.759211 1.598375 8.848931 1.510368 8.852484 1.478876 8.783393 1.162475 8.824762 1.438005 8.769137 1.164516 -2.991369 1.158067 -3.112553 1.436398 -2.981821 1.162475 8.778181 1.158067 8.824602 1.436532 8.827709 1.436398 -3.112268 8.82592 -3.026734 8.888839 -2.989435 8.782288 -2.989435 8.782288 -3.026734 8.888839 -3.114016 8.824177 -3.026734 1.432719 -3.112268 1.328585 -3.114016 1.372347 -3.026734 1.432719 -3.113918 1.359873 -3.112268 1.328585 8.7728 1.243986 8.543298 1.470673 8.540812 1.46795 8.772677 1.250914 8.541637 1.470542 8.781459 1.256998 -2.991693 1.250914 -2.860514 1.46795 -2.862548 1.470542 -2.860865 8.541924 -2.801089 8.367343 -3.033505 8.527516 8.620819 1.463749 8.367343 1.459135 8.541739 1.601717 -2.861073 1.601331 -3.033505 1.450558 -2.738705 1.463749 8.367343 1.459135 8.620819 1.463749 8.541887 1.356667 8.367343 1.459135 8.541887 1.356667 8.542682 1.342136 -2.738705 1.463749 -2.861018 1.342136 -2.860816 1.338656 -2.987108 1.137889 -2.93732 1.431987 -2.977948 1.139091 -2.989173 1.145402 -2.934652 1.432692 -2.936908 1.433779 -2.936456 1.506679 -3.023599 1.394694 -2.936933 1.546579 -2.936456 1.506679 -2.874281 1.429995 -3.023599 1.394694 8.912672 1.506679 9.049453 1.448023 8.871123 1.429995 8.912672 1.506679 8.912865 1.534091 9.049453 1.448023 8.912865 1.534091 8.913826 1.546579 9.049453 1.448023 8.913826 1.546579 8.822499 1.394694 9.049453 1.448023 9.049453 1.448023 8.913767 1.325336 8.871123 1.429995 8.822499 1.394694 8.913767 1.325336 9.049453 1.448023 -2.874281 1.429995 -2.936456 1.351995 -3.023599 1.394694 -2.874281 1.429995 -2.937699 1.325336 -2.936456 1.352171 8.774276 1.307375 8.718544 1.478054 8.715822 1.477022 -2.988954 1.29954 -3.067047 1.477022 -3.06995 1.47609 -2.978324 1.307375 -3.067047 1.477022 -2.988954 1.29954 -3.068888 1.57224 -3.056379 1.388522 -3.067019 1.574682 8.718574 1.57224 8.71589 1.551812 8.718691 1.385903 8.717609 1.574682 8.718968 1.388522 8.579272 1.424748 8.71589 1.551812 8.579272 1.424748 8.718691 1.385903 -2.990046 1.341956 -2.854136 1.642932 -2.978447 1.335291 8.782053 1.341956 8.748516 1.644048 8.751631 1.644601 -2.986251 1.33845 -2.854136 1.642932 -2.856681 1.644048 -2.714005 1.636471 -2.857335 1.588453 -2.857114 1.791906 -2.855262 1.793458 -2.939728 1.622183 -2.714005 1.636471 8.749079 1.588453 8.867905 1.622183 8.750151 1.791906 -2.714005 1.636471 -2.939728 1.622183 -2.855861 1.502106 8.867905 1.622183 8.750309 1.520072 8.74986 1.502106 8.783326 1.173901 8.963151 1.581307 8.770604 1.181402 -2.981638 1.173901 -3.119422 1.579582 -3.116704 1.579508 -2.981709 1.181402 -3.119422 1.579582 -2.99213 1.17461 -3.117488 1.682292 -2.968145 1.551681 -3.117447 1.702944 -3.117488 1.682292 -3.116993 1.697242 -2.968145 1.551681 -3.116993 1.697242 -3.117447 1.702944 -3.216748 1.574443 8.963799 1.702944 8.810048 1.561824 9.063963 1.574443 -2.968145 1.551681 -3.193449 1.561824 -3.117447 1.702944 -3.216748 1.574443 -2.968145 1.551681 -3.116993 1.697242 -3.193449 8.810048 -2.968145 8.955944 -3.117637 8.963998 -3.216748 1.574443 -3.117343 1.469613 -2.968145 1.551681 -2.968145 1.551681 -3.117343 1.469613 -3.117637 1.460843 9.063963 1.574443 8.964255 1.49288 8.964292 1.469613 -3.216748 1.574443 -3.117637 1.460843 -3.117481 1.49288 8.781592 1.188934 8.662008 1.428378 8.659088 1.426626 8.775021 1.18476 8.659227 1.426673 8.662008 1.428378 -2.983518 1.181714 -2.989589 1.426673 -2.992357 1.18476 -2.988179 8.660322 -3.086961 8.599151 -2.993661 8.668712 -2.988183 8.660328 -2.993661 8.668712 -2.862531 8.616256 -2.862531 1.453372 -2.986967 1.294747 -3.086961 1.44273 8.659207 1.294747 8.659736 1.300635 8.599151 1.44273 8.599151 1.44273 8.659736 1.300635 8.806129 1.380942 8.806129 1.380942 8.660325 1.327619 8.616256 1.453372 8.768253 0.8152401 8.791954 0.8140853 8.785377 1.472087 8.791954 0.8140853 8.776893 1.471899 8.785377 1.472087 -2.984295 0.8144146 -2.990365 1.472267 -3.000299 1.471899 8.778457 1.144502 8.686447 1.684298 8.688788 1.684982 8.778457 1.144502 8.768708 1.142923 8.686447 1.684298 8.768708 1.142923 8.78136 1.146097 8.685298 1.684292 8.686856 1.789546 8.542681 1.69379 8.733064 1.664183 -3.0187 1.772556 -3.018686 1.791101 -3.163045 1.664183 8.686856 1.789546 8.787225 1.685496 8.542681 1.69379 8.686856 1.789546 8.686882 1.772556 8.787225 1.685496 -3.018344 1.581929 -2.919591 1.685496 -3.018755 1.594809 -2.919591 1.685496 -3.163045 1.664183 -3.018755 1.594809 -3.163045 1.664183 -3.018766 1.571119 -3.018755 1.594809 8.778214 1.218697 8.854172 1.578053 8.851231 1.577334 8.781936 1.226136 8.768687 1.225623 8.851071 1.579169 -2.985011 1.225623 -2.774748 1.577334 -2.777134 1.579169 8.768687 1.225623 8.778214 1.218697 8.851231 1.577334 -2.775968 1.68124 -2.795884 1.581149 -2.784669 1.510368 8.851661 1.581149 8.852436 1.666364 8.759211 1.598375 8.848931 1.510368 8.851661 1.581149 8.867231 1.477708 8.851661 1.581149 8.759211 1.598375 8.852484 1.478876 8.867231 1.477708 8.851661 1.581149 8.852484 1.478876 8.783393 1.162475 8.827709 1.436398 8.824762 1.438005 -2.991369 1.158067 -2.98386 1.164516 -3.11356 1.436532 -2.98386 1.164516 -3.110988 1.438005 -3.11356 1.436532 -3.112267 1.537946 -2.989435 1.490753 -3.113448 1.53296 -3.112267 1.537946 -3.112268 1.529393 -2.989435 1.490753 8.82592 1.529393 8.825701 1.53296 8.888839 1.432719 -2.989435 1.490753 -3.114016 1.372347 -3.113448 1.53296 -3.113448 1.53296 -3.113918 1.359873 -3.026734 1.432719 8.825701 1.53296 8.824177 1.372347 8.827573 1.359873 8.7728 1.243986 8.781459 1.256998 8.543298 1.470673 -2.983631 8.781459 -2.862548 8.541637 -2.85959 8.543298 -2.991693 1.250914 -2.981895 1.243986 -2.860514 1.46795 -2.861073 1.601331 -2.738705 1.463749 -2.860876 1.601717 -2.861073 1.601331 -2.860865 1.582094 -3.033505 1.450558 8.541924 1.582094 8.541739 1.601717 8.367343 1.459135 -3.033505 1.450558 -2.861018 1.342136 -2.738705 1.463749 -3.033505 8.527516 -2.801089 8.367343 -2.861018 8.542682 -2.738705 1.463749 -2.860816 1.338656 -2.860824 1.356667 -2.977948 1.139091 -2.93732 1.431987 -2.934652 1.432692 8.782881 1.137889 8.770914 1.145402 8.914245 1.431987 8.770914 1.145402 8.911099 1.433779 8.914245 1.431987 -2.989173 1.145402 -2.977948 1.139091 -2.934652 1.432692 -2.937699 1.325336 -3.023599 1.394694 -2.936456 1.351995 -2.874281 1.429995 -2.936456 1.352171 -2.936456 1.351995 8.774276 1.307375 8.783575 1.307207 8.718544 1.478054 -2.98514 1.307207 -3.06995 1.47609 -3.067302 1.478054 8.783575 1.307207 8.771421 1.29954 8.717804 1.47609 8.717609 1.574682 8.579272 1.424748 8.71589 1.551812 -3.068888 1.57224 -3.066425 1.385903 -3.056379 1.388522 8.718691 1.385903 8.579272 1.424748 8.717313 1.381101 -3.064453 8.579272 -3.056379 8.718968 -3.068293 8.717313 -2.990046 1.341956 -2.857084 1.644601 -2.854136 1.642932 8.782053 1.341956 8.768577 1.33845 8.748516 1.644048 8.768577 1.33845 8.778214 1.335291 8.75084 1.642932 -2.855046 1.794297 -2.714005 1.636471 -2.857114 1.791906 -2.855262 8.750379 -2.857114 8.750151 -2.939728 8.867905 8.750379 1.793458 8.684573 1.636471 8.749296 1.794297 -2.714005 1.636471 -2.855861 1.502106 -2.857335 1.588453 8.867905 1.622183 8.749079 1.588453 8.750309 1.520072 8.783326 1.173901 8.965863 1.579508 8.963151 1.581307 -2.981638 1.173901 -2.99213 1.17461 -3.119422 1.579582 -2.981709 1.181402 -3.116247 1.581307 -3.119422 1.579582 8.810048 1.561824 8.963998 1.460843 9.063963 1.574443 -2.98036 1.188934 -2.992357 1.18476 -2.988201 1.428378 -2.983518 1.181714 -2.986933 1.426626 -2.989589 1.426673 8.769751 1.181714 8.781592 1.188934 8.659088 1.426626 -2.988179 1.535229 -2.988183 1.537789 -3.086961 1.44273 -2.988183 1.537789 -2.862531 1.453372 -3.086961 1.44273 8.806129 1.380942 8.668712 1.537768 8.599151 1.44273 8.616256 1.453372 8.668712 1.537768 8.806129 1.380942 -2.986967 1.294747 -2.862531 1.453372 -2.988165 1.327619 8.806129 1.380942 8.659736 1.300635 8.660325 1.327619 9.067106 0.8852624 9.0943 1.431705 9.083907 1.431855 9.064711 0.8845756 9.089209 1.431549 9.096227 0.8843017 -3.432705 0.8852624 -3.459697 1.431855 -3.460583 0.8845756 9.087477 1.252154 9.031903 1.505845 9.035101 1.505791 9.076272 1.248255 9.031903 1.505845 9.087477 1.252154 -3.455279 1.248255 -3.334482 1.504813 -3.337041 1.505845 9.033431 1.616362 9.154493 1.511286 9.03974 1.538626 -3.463282 1.485122 -3.298101 1.511286 -3.335592 1.616362 9.154493 1.511286 9.033378 1.37897 9.03974 1.538626 -3.463282 1.485122 -3.335629 1.395981 -3.298101 1.511286 -3.463282 1.485122 -3.335877 1.411236 -3.335629 1.395981 -3.463282 1.485122 -3.334563 1.37897 -3.335877 1.411236 -3.34235 1.525703 -3.334563 1.37897 -3.463282 1.485122 9.081599 1.15657 9.18205 1.597941 9.179578 1.598272 9.090606 1.154153 9.18205 1.597941 9.081599 1.15657 -3.44709 1.15657 -3.497009 1.598272 -3.461117 1.15548 9.181351 1.668503 9.323523 1.598161 9.181365 1.686373 -3.496757 9.181351 -3.662245 9.143718 -3.51997 9.323523 -3.496757 1.668503 -3.496729 1.683236 -3.662245 1.584891 -3.496729 1.683236 -3.496676 1.686373 -3.363215 1.586693 9.181365 1.686373 9.323523 1.598161 9.096923 1.586693 -3.363215 1.586693 -3.496704 1.5198 -3.496747 1.512075 9.323523 1.598161 9.18138 1.528392 9.181353 1.5198 -3.460923 9.086394 -3.498352 8.913017 -3.447382 9.082794 9.080697 1.317822 8.911771 1.411269 9.086394 1.326196 -3.456707 9.080697 -3.495958 8.911392 -3.499118 8.911771 -3.497882 8.912034 -3.500543 8.757666 -3.618519 8.946958 8.911391 1.524168 8.757666 1.427186 8.912034 1.50736 -3.618519 1.451396 -3.406946 1.384027 -3.496597 1.524168 -3.618519 1.451396 -3.509929 1.297522 -3.406946 1.384027 -3.451431 1.290416 -3.332742 1.56864 -3.330467 1.568123 9.080694 1.296057 9.144779 1.569508 9.148116 1.56864 -3.448616 1.291562 -3.333111 1.569508 -3.460313 1.296057 9.041179 1.537293 9.22131 1.525602 9.14725 1.707246 -3.220189 1.534588 -3.332149 1.454456 -3.332118 1.444088 9.076562 1.218329 9.124124 1.516686 9.121076 1.516776 -3.451387 1.216749 -3.660507 1.515118 -3.657777 1.516686 -3.451564 1.218329 -3.660507 1.515118 -3.460382 1.211828 9.122658 1.596774 9.085609 1.506447 9.121379 1.606751 -3.658855 1.596774 -3.5743 1.552499 -3.688756 1.506447 9.121379 1.606751 9.22574 1.505739 9.122673 1.603737 -3.5743 1.552499 -3.658894 1.424727 -3.688756 1.506447 9.22574 1.505739 9.123007 1.424727 9.051129 1.552499 9.114503 1.512616 9.123007 1.424727 9.22574 1.505739 9.078061 1.209505 8.936313 1.367019 9.088547 1.215567 -3.460005 1.209505 -3.345149 1.365291 -3.347761 1.367019 -3.34614 8.937015 -3.456914 8.851519 -3.395319 9.0684 -3.34614 8.937015 -3.1862 8.887619 -3.456914 8.851519 -3.346111 1.445175 -3.346039 1.440126 -3.1862 1.375767 8.937015 1.44371 9.0684 1.408189 8.936999 1.440126 -3.346039 8.936999 -3.395319 9.0684 -3.1862 8.887619 -3.346156 1.281161 -3.34614 1.304387 -3.456914 1.398546 -3.346997 1.293389 -3.346156 1.281161 -3.1862 1.375767 -3.456349 1.117343 -3.417995 1.366831 -3.414831 1.366028 9.080595 1.125653 9.338463 1.366831 9.088543 1.117343 -3.446683 9.081564 -3.415325 9.336703 -3.460223 9.080595 -3.416214 1.45991 -3.510346 1.36539 -3.415557 1.474404 -3.402942 1.376016 -3.510346 1.36539 -3.416214 1.45991 9.368655 1.314597 9.338124 1.266875 9.344723 1.376016 9.08895 1.186917 8.990628 1.504247 8.987518 1.5037 -3.461957 1.182444 -3.551178 1.504247 -3.450415 1.186917 -3.461957 1.182444 -3.55004 1.5037 -3.553047 1.5033 -3.551317 8.988873 -3.47525 8.991918 -3.592904 8.864949 8.864949 1.505241 8.983874 1.457251 8.989318 1.615669 8.991918 1.589125 8.985018 1.422871 8.864949 1.505241 8.985018 1.422871 8.988815 1.396664 8.864949 1.505241 9.089089 1.130888 9.070006 1.602584 9.076926 1.131399 -3.461625 1.135703 -3.247868 1.602646 -3.449607 1.130888 -3.461625 1.135703 -3.247913 1.602584 -3.250343 1.603624 -3.24868 1.704126 -3.383574 1.6026 -3.247558 1.664123 8.911547 1.614169 9.073603 1.664123 9.070903 1.495525 -3.383574 1.6026 -3.248621 1.483627 -3.247558 1.664123 -3.237276 8.911547 -3.248029 9.070903 -3.383574 9.082172 9.072734 1.483627 9.070903 1.495525 9.073603 1.664123 -3.383574 1.6026 -3.248678 1.523368 -3.248621 1.483627 9.067106 0.8852624 9.096227 0.8843017 9.0943 1.431705 -3.445058 0.8843017 -3.467992 1.431549 -3.458121 1.431705 -3.460583 0.8845756 -3.459697 1.431855 -3.467992 1.431549 9.083988 1.246254 9.035101 1.505791 9.032304 1.504813 -3.447424 1.246254 -3.459619 1.252154 -3.335576 1.505791 -3.455279 1.248255 -3.447424 1.246254 -3.334482 1.504813 -3.34235 1.525703 -3.463282 1.485122 -3.335592 1.616362 9.03974 1.538626 9.033378 1.37897 8.979431 1.525703 9.033378 1.37897 9.154493 1.511286 9.033473 1.395981 -3.453285 1.154153 -3.497666 1.597517 -3.495048 1.597941 9.090606 1.154153 9.08071 1.15548 9.182953 1.597517 9.08071 1.15548 9.179578 1.598272 9.182953 1.597517 -3.496729 1.683236 -3.363215 1.586693 -3.662245 1.584891 -3.662245 1.584891 -3.496747 1.512075 -3.496741 1.528392 -3.662245 1.584891 -3.363215 1.586693 -3.496747 1.512075 -3.363215 9.096923 -3.51997 9.323523 -3.496704 9.181353 -3.51997 9.323523 -3.662245 9.143718 -3.496741 9.18138 -3.447382 9.082794 -3.498352 8.913017 -3.495958 8.911392 9.086394 1.326196 8.911771 1.411269 8.913017 1.413888 9.080697 1.317822 9.082794 1.325818 8.911392 1.412042 -3.497781 1.494498 -3.497882 1.50736 -3.618519 1.451396 -3.497781 1.494498 -3.618519 1.451396 -3.496597 1.524168 8.911391 1.524168 8.899888 1.384027 8.757666 1.427186 -3.618519 1.451396 -3.499279 1.290012 -3.509929 1.297522 8.946958 1.451396 8.757666 1.427186 8.911956 1.290012 -3.500543 8.757666 -3.406946 8.899888 -3.499279 8.911956 9.079152 1.291562 9.089933 1.290416 9.14611 1.568123 -3.451431 1.290416 -3.460313 1.296057 -3.332742 1.56864 -3.448616 1.291562 -3.330467 1.568123 -3.333111 1.569508 9.146342 1.687544 9.041179 1.537293 9.14725 1.707246 9.146342 1.687544 9.142785 1.701112 9.041179 1.537293 9.142785 1.701112 9.14725 1.707246 9.159996 1.534588 -3.329977 1.701112 -3.220189 1.534588 -3.418764 1.537293 -3.33273 1.707246 -3.439338 1.525602 -3.220189 1.534588 -3.220189 1.534588 -3.332071 1.449726 -3.418764 1.537293 -3.439338 9.22131 -3.418764 9.041179 -3.332149 9.146321 9.041179 1.537293 9.146267 1.449726 9.146321 1.454456 -3.220189 1.534588 -3.332118 1.444088 -3.332071 1.449726 -3.220189 1.534588 -3.439338 1.525602 -3.332149 1.454456 9.076562 1.218329 9.090372 1.216749 9.124124 1.516686 -3.451387 1.216749 -3.460382 1.211828 -3.660507 1.515118 -3.451564 1.218329 -3.658218 1.516776 -3.660507 1.515118 -3.658855 1.596774 -3.658853 1.603737 -3.5743 1.552499 -3.5743 9.051129 -3.658853 9.122673 -3.585355 9.22574 9.121379 1.606751 9.114503 1.512616 9.22574 1.505739 9.121379 1.606751 9.085609 1.506447 9.114503 1.512616 9.084189 1.20697 8.9384 1.367029 8.936264 1.365291 -3.447825 1.20697 -3.455156 1.215567 -3.344936 1.367029 -3.455156 9.088547 -3.347761 8.936313 -3.344936 8.9384 -3.460005 9.078061 -3.447825 9.084189 -3.345149 8.936264 -3.34614 1.44371 -3.346111 1.445175 -3.1862 1.375767 -3.395319 1.408189 -3.346997 1.293389 -3.1862 1.375767 9.0684 1.408189 8.851519 1.398546 8.940598 1.293389 -3.456914 1.398546 -3.1862 1.375767 -3.346156 1.281161 -3.346997 1.293389 -3.456914 1.398546 -3.34614 1.304387 9.081564 1.122733 9.33881 1.366028 9.336703 1.368152 9.081564 1.122733 9.088543 1.117343 9.33881 1.366028 9.080595 1.125653 9.336703 1.368152 9.338463 1.366831 -3.415557 1.474404 -3.420731 1.314597 -3.402942 1.376016 9.339879 1.474404 9.267968 1.36539 9.368655 1.314597 -3.510346 1.36539 -3.402942 1.376016 -3.415748 1.266875 9.368655 1.314597 9.267968 1.36539 9.337966 1.278245 -3.510346 1.36539 -3.415748 1.266875 -3.416078 1.278245 9.077099 1.18365 9.08895 1.186917 8.987518 1.5037 -3.461957 1.182444 -3.553047 1.5033 -3.551178 1.504247 -3.461957 1.182444 -3.450342 1.18365 -3.55004 1.5037 8.989318 1.615669 8.988873 1.589762 8.864949 1.505241 -3.551317 1.589762 -3.551305 1.595568 -3.47525 1.589125 -3.551305 1.595568 -3.551611 1.615669 -3.47525 1.589125 -3.551611 1.615669 -3.556622 1.456846 -3.47525 1.589125 -3.556622 1.456846 -3.551611 1.615669 -3.686643 1.457251 8.991918 1.589125 9.045782 1.456846 8.985018 1.422871 -3.592904 8.864949 -3.551303 8.988815 -3.686643 8.983874 -3.686643 1.457251 -3.551303 1.396664 -3.556622 1.456846 9.089089 1.130888 9.073484 1.602646 9.070006 1.602584 -3.461625 1.135703 -3.250343 1.603624 -3.247868 1.602646 -3.461625 1.135703 -3.451548 1.131399 -3.247913 1.602584 -3.24868 1.704126 -3.248726 1.716835 -3.383574 1.6026 -3.248726 9.071692 -3.237276 8.911547 -3.383574 9.082172 9.071692 1.716835 9.073603 1.664123 8.911547 1.614169 -3.383574 1.6026 -3.248029 1.495525 -3.248678 1.523368 -1.471622 0.7003844 -1.468419 1.628899 -1.481191 1.629154 -1.502707 0.6992174 -1.483982 1.628635 -1.452989 0.698752 -1.471622 0.7003844 -1.481191 1.629154 -1.502707 0.6992174 -1.464685 1.26764 -1.366069 1.856589 -1.481888 1.275315 -1.48241 1.268382 -1.369114 1.856138 -1.364215 1.854543 8.155722 1.275315 8.359802 1.856138 8.172888 1.268382 8.155722 1.275315 8.357001 1.856589 8.359802 1.856138 -1.345835 2.010364 -1.52219 1.818416 -1.368559 2.026702 -1.363692 2.008887 -1.364204 1.680564 -1.345835 2.010364 8.356987 2.010364 8.360805 1.680564 8.357498 1.700666 -1.52219 1.818416 -1.366368 1.698627 -1.364204 1.680564 -1.471863 8.153989 -1.768929 8.045411 -1.768646 8.041355 -1.482105 1.369112 -1.768929 1.524379 -1.474293 1.388909 -1.482105 8.169539 -1.768646 8.041355 -1.770791 8.045153 -1.770101 1.708456 -1.951112 1.568963 -1.771684 1.728422 8.043573 1.718724 8.045265 1.728422 8.1993 1.529091 -1.771684 1.728422 -1.951112 1.568963 -1.645012 1.529091 8.043573 1.718724 8.1993 1.529091 7.855059 1.538915 8.043114 1.708456 7.855059 1.538915 8.141365 1.568963 -1.603592 8.03857 -1.831141 8.04227 -1.717892 7.855059 -1.603592 8.03857 -1.645012 8.1993 -1.769266 8.043761 -1.831141 1.345081 -1.769266 1.337185 -1.769503 1.345414 8.1993 1.529091 8.043979 1.360819 8.043761 1.337185 8.173138 1.262355 8.012365 1.577052 8.157711 1.255892 -1.483137 8.164558 -1.143212 8.012088 -1.140495 8.015971 -1.472258 1.255892 -1.143212 1.581342 -1.483137 1.274139 -1.141161 8.013427 -1.013 7.893186 -1.336686 7.814926 7.814926 1.614866 8.156201 1.601509 8.013463 1.744149 8.156201 1.601509 7.814926 1.614866 8.028397 1.403183 8.156201 1.601509 8.028397 1.403183 8.013691 1.413328 -1.013 7.893186 -1.141199 8.013322 -1.336686 7.814926 8.156201 1.601509 8.013691 1.413328 7.893186 1.567447 -1.013 1.567447 -1.140265 1.413328 -1.141199 1.44541 -1.482525 1.220684 -1.631043 1.594589 -1.465999 1.231861 8.169771 1.220684 8.483986 1.597375 8.487472 1.594589 8.484727 1.821278 8.490331 1.680578 8.305016 1.592627 8.489767 1.733821 8.531921 1.389016 8.490331 1.680578 8.489767 1.733821 8.305016 1.592627 8.531921 1.389016 8.305016 1.592627 8.490331 1.680578 8.485343 1.393506 8.485926 1.379223 8.485343 1.393506 8.490331 1.680578 -1.470005 1.320063 -1.573882 1.8659 -1.577423 1.864521 8.172694 1.332117 7.826877 1.8659 8.156538 1.320063 7.828051 1.98723 8.03275 1.842945 7.830554 2.035308 7.828051 1.98723 7.82791 2.013996 8.03275 1.842945 7.82791 2.013996 7.828949 1.811429 8.03275 1.842945 8.03275 1.842945 7.827092 1.77895 7.830554 2.035308 -1.578042 2.013996 -1.583924 1.786852 -1.577496 1.811429 8.03275 1.842945 7.828949 1.811429 7.827092 1.77895 8.159465 1.272187 8.274986 1.885552 8.27005 1.887064 8.175022 1.273317 8.274986 1.885552 8.159465 1.272187 -1.477379 1.273317 -1.267345 1.88735 -1.263664 1.885552 8.272733 2.083541 8.497136 1.857714 8.272347 2.121136 -1.313336 2.016504 -1.204439 1.857714 -1.265007 2.083541 8.272347 2.121136 8.497136 1.857714 8.04068 1.861539 8.293577 2.016504 8.272002 1.669073 8.497136 1.857714 8.04068 1.861539 8.272276 1.666603 8.272542 1.700029 8.175356 1.173758 8.231953 1.896193 8.1549 1.176594 -1.47217 1.173758 -1.834642 1.893803 -1.830537 1.896193 -1.471269 1.176594 -1.833082 1.895157 -1.485536 1.167085 8.41291 1.980415 8.228807 2.002793 8.230256 2.06863 -1.957534 1.875819 -1.832439 1.764502 -1.843945 1.728894 8.162573 1.275664 7.913194 1.699116 7.909491 1.69806 -1.481121 1.289467 -1.30407 1.699116 -1.466943 1.275664 -1.481121 1.289467 -1.308729 1.700714 -1.30407 1.699116 8.157343 1.280594 7.912187 1.700714 8.171525 1.289467 -1.30634 1.872832 -1.12078 1.667124 -1.451914 1.683656 -1.30634 1.872832 -1.30356 1.87873 -1.12078 1.667124 8.147144 1.598914 7.720677 1.667124 7.912408 1.87873 8.097544 1.789048 7.744883 1.683656 8.147144 1.598914 8.147144 1.598914 7.91174 1.505504 7.911749 1.528475 8.147144 1.598914 7.911749 1.528475 7.911733 1.501148 -1.481476 1.1282 -1.429425 1.867556 -1.46548 1.131543 8.15484 1.138338 8.493065 1.869229 8.173334 1.1282 -1.480974 1.138338 -1.428506 1.870001 -1.432897 1.869229 8.493241 2.022138 8.390113 2.03581 8.49324 2.02315 -1.433996 2.074533 -1.484138 1.811451 -1.351551 1.85514 8.589367 1.85514 8.491652 1.729415 8.390113 2.03581 -1.351551 1.85514 -1.484138 1.811451 -1.430056 1.687747 8.124346 0.7003844 8.167395 0.698752 8.179449 1.628899 -1.452989 0.698752 -1.483982 1.628635 -1.468419 1.628899 8.15183 0.6992174 8.170512 1.629154 8.184842 1.628635 8.164753 1.26764 8.360912 1.854543 8.357001 1.856589 -1.464685 1.26764 -1.48241 1.268382 -1.364215 1.854543 -1.368559 2.026702 -1.52219 1.818416 -1.363692 2.008887 -1.345835 2.010364 -1.36576 1.700666 -1.52219 1.818416 -1.363692 2.008887 -1.52219 1.818416 -1.364204 1.680564 -1.52219 1.818416 -1.36576 1.700666 -1.366368 1.698627 -1.471863 8.153989 -1.474293 8.169636 -1.768929 8.045411 -1.482105 1.369112 -1.770791 1.519395 -1.768929 1.524379 -1.482105 8.169539 -1.471863 8.153989 -1.768646 8.041355 8.043114 1.708456 8.043573 1.718724 7.855059 1.538915 8.1993 1.529091 8.03857 1.418049 7.855059 1.538915 -1.951112 1.568963 -1.831141 1.345081 -1.645012 1.529091 8.141365 1.568963 7.855059 1.538915 8.04227 1.345081 -1.645012 8.1993 -1.831141 8.04227 -1.76944 8.043979 -1.831141 1.345081 -1.769503 1.345414 -1.76944 1.360819 -1.831141 1.345081 -1.603592 1.418049 -1.769266 1.337185 8.173138 1.262355 8.015971 1.580069 8.012365 1.577052 -1.470216 1.262355 -1.483137 1.274139 -1.140495 1.580069 -1.472258 1.255892 -1.139817 1.577052 -1.143212 1.581342 8.013434 1.7221 8.013463 1.744149 8.156201 1.601509 8.013463 1.744149 8.013427 1.711217 7.814926 1.614866 -1.141161 1.711217 -1.141197 1.7221 -1.013 1.567447 8.013434 1.7221 8.156201 1.601509 7.893186 1.567447 -1.336686 1.614866 -1.141199 1.44541 -1.141839 1.403183 -1.479395 8.155901 -1.465999 8.167339 -1.629042 8.484522 8.167339 1.231861 8.487472 1.594589 8.484522 1.59882 8.169771 1.220684 8.155901 1.237244 8.483986 1.597375 -1.479395 1.237244 -1.629042 1.59882 -1.632951 1.597375 8.484727 1.821278 8.305016 1.592627 8.489767 1.733821 8.490331 1.680578 8.531921 1.389016 8.485926 1.379223 8.531921 1.389016 8.305016 1.592627 8.485343 1.393506 8.172694 1.332117 7.830301 1.867776 7.826877 1.8659 -1.471348 1.332117 -1.486946 1.321374 -1.577086 1.867776 8.163293 1.321374 7.826133 1.864521 7.830301 1.867776 -1.486946 1.321374 -1.470005 1.320063 -1.577423 1.864521 -1.578042 2.013996 -1.571025 2.035308 -1.583924 1.786852 -1.583924 1.786852 -1.571025 2.035308 -1.570312 1.77895 8.175022 1.273317 8.162334 1.279881 8.273935 1.88735 8.162334 1.279881 8.27005 1.887064 8.273935 1.88735 -1.486347 1.279881 -1.466841 1.272187 -1.264704 1.887064 8.272347 2.121136 8.04068 1.861539 8.293577 2.016504 8.497136 1.857714 8.272276 1.666603 8.04068 1.861539 8.293577 2.016504 8.04068 1.861539 8.272002 1.669073 8.272002 1.669073 8.04068 1.861539 8.272542 1.700029 -1.262881 8.272276 -1.204439 8.497136 -1.268348 8.272002 8.1549 1.176594 8.231953 1.896193 8.227482 1.895157 -1.47217 1.173758 -1.485536 1.167085 -1.834642 1.893803 8.162461 1.167085 8.227482 1.895157 8.231138 1.893803 8.228807 2.002793 8.069909 1.875819 8.230143 2.057341 8.230256 2.06863 8.230143 2.057341 8.41291 1.980415 8.230143 2.057341 8.069909 1.875819 8.41291 1.980415 8.069909 1.875819 8.228807 2.002793 8.219386 1.748031 8.41291 1.980415 8.069909 1.875819 8.243818 1.728894 8.228807 2.002793 8.243818 1.728894 8.219386 1.748031 8.228807 2.002793 8.41291 1.980415 8.243818 1.728894 8.069909 1.875819 8.219386 1.748031 8.230232 1.764502 8.157343 1.280594 7.909491 1.69806 7.912187 1.700714 -1.484448 1.280594 -1.466943 1.275664 -1.30745 1.69806 7.911803 1.888274 7.911758 1.872832 7.744883 1.683656 7.912408 1.87873 7.911803 1.888274 8.097544 1.789048 7.911803 1.888274 7.744883 1.683656 8.097544 1.789048 8.097544 1.789048 8.147144 1.598914 7.912408 1.87873 8.147144 1.598914 7.744883 1.683656 7.91174 1.505504 -1.451914 7.744883 -1.12078 7.720677 -1.306627 7.91174 -1.12078 1.667124 -1.306366 1.501148 -1.306627 1.505504 7.720677 1.667124 8.147144 1.598914 7.911733 1.501148 -1.480974 1.138338 -1.46548 1.131543 -1.428506 1.870001 8.165015 1.131543 8.495625 1.867556 8.491052 1.870001 -1.481476 1.1282 -1.432897 1.869229 -1.429425 1.867556 8.49324 2.02315 8.390113 2.03581 8.494367 2.074533 8.493241 2.022138 8.589367 1.85514 8.390113 2.03581 8.493241 2.022138 8.494367 2.074533 8.589367 1.85514 8.390113 2.03581 8.484406 1.811451 8.494367 2.074533 -1.413393 2.03581 -1.425867 1.729415 -1.484138 1.811451 8.491652 1.729415 8.589367 1.85514 8.493065 1.687747 -2.948901 1.346345 -2.929331 1.870016 -2.938211 1.87016 -2.954361 1.345687 -2.934809 1.869867 -2.9261 1.345424 10.10215 1.346345 10.12679 1.87016 10.12515 1.345687 10.12605 1.67565 10.33152 1.935264 10.11774 1.684168 -2.934525 1.67565 -2.922504 1.933533 -2.919911 1.933294 -2.944022 1.680664 -2.922504 1.933533 -2.934525 1.67565 10.12182 1.680664 10.33152 1.935264 10.33338 1.933533 10.33276 2.007297 10.2411 1.904518 10.33304 1.905131 10.33276 2.007297 10.32983 2.026115 10.2411 1.904518 -2.926171 1.905131 -2.831312 1.921862 -2.921745 2.026115 -2.921745 2.026115 -2.831312 1.921862 -2.979135 1.904518 -2.831312 1.921862 -2.920934 1.857207 -2.979135 1.904518 -2.926171 1.905131 -2.921111 1.855164 -2.921119 1.863263 -2.926171 1.905131 -2.920934 1.857207 -2.921111 1.855164 -2.932936 1.645875 -3.003483 1.838556 -2.94274 1.642416 10.1286 1.647768 10.06057 1.839777 10.11827 1.645875 -2.938208 1.647768 -3.005212 1.838481 -3.003088 1.839777 10.05936 1.936996 10.1351 1.836772 9.963055 1.823515 -3.00375 1.943984 -3.064559 1.793998 -2.911427 1.836772 10.05855 1.956991 9.963055 1.823515 10.05831 1.767254 -3.064559 10.15987 -3.005704 10.05831 -2.911427 10.1351 9.963055 1.823515 10.05936 1.733245 10.05936 1.73323 -2.911427 1.836772 -3.005704 1.767254 -3.003752 1.733245 -2.935702 1.64615 -2.811645 1.843817 -2.94292 1.652 -2.935702 1.64615 -2.810119 1.842697 -2.811645 1.843817 10.12257 1.652 10.1134 1.843817 10.11634 1.844163 -2.811447 10.1147 -2.941393 10.08562 -2.870024 10.23445 -2.811377 1.919678 -2.716439 1.83252 -2.811447 1.935069 -2.811447 1.935069 -2.778348 1.808527 -2.941393 1.836263 10.1147 1.935069 10.15059 1.83252 10.00357 1.808527 -2.778348 10.00357 -2.716439 10.15059 -2.8113 10.11488 -2.716439 1.83252 -2.811379 1.763904 -2.8113 1.757786 -2.941393 1.836263 -2.811512 1.770794 -2.811379 1.763904 10.12609 1.707727 10.23487 2.038436 10.11622 1.708757 -2.932476 1.707727 -3.072896 2.036847 -3.07033 2.037986 10.11622 1.708757 10.23695 2.036847 10.1245 1.703378 10.23633 2.110593 10.23641 2.124254 10.10666 2.066644 -3.191626 2.065615 -2.943984 2.027031 -3.07115 2.124254 -2.943984 10.27781 -3.071351 10.23614 -3.071291 10.10666 -3.191626 10.30448 -3.072802 10.23606 -3.075965 10.35878 10.23606 1.956792 10.23633 1.964817 10.35878 1.993878 -2.943984 2.027031 -3.071565 1.964817 -3.071351 1.948786 -2.931845 1.605853 -2.926901 1.966466 -2.943593 1.606179 10.11967 1.606179 9.930251 1.967631 10.12752 1.611045 10.11967 1.606179 9.928488 1.966466 9.930251 1.967631 9.92969 2.055369 10.04216 1.96475 9.929706 2.058741 9.92969 2.055369 9.851266 1.985393 10.04216 1.96475 9.929517 2.082705 10.04216 1.96475 9.864797 1.937165 -3.014511 1.985393 -2.812536 1.937165 -2.926378 1.869017 -2.986217 1.96475 -2.926225 1.868351 -2.812536 1.937165 10.04216 1.96475 9.929666 1.869017 9.929696 1.868351 -2.812536 1.937165 -2.926225 1.868351 -2.926235 1.881389 -2.940159 1.663056 -2.835253 1.866683 -2.837906 1.867344 -2.932265 1.655989 -2.835253 1.866683 -2.940159 1.663056 10.12144 1.655989 10.25204 1.865575 10.25002 1.866683 10.25101 1.952056 10.25328 1.985749 10.34898 1.87345 -2.836093 1.971964 -2.912294 1.873997 -2.836634 1.985749 10.25101 1.952056 10.34898 1.87345 10.24842 1.971964 10.24842 1.971964 10.34898 1.87345 10.25744 1.790476 10.18915 1.873997 10.34898 1.87345 10.25328 1.985749 -2.836093 1.971964 -2.736462 1.790476 -2.912294 1.873997 10.18915 1.873997 10.25161 1.760577 10.34898 1.87345 10.24794 1.765408 10.25161 1.760577 10.18915 1.873997 -2.736462 1.790476 -2.83993 1.765408 -2.912294 1.873997 -2.932665 1.692995 -3.037115 1.917104 -2.943241 1.68766 10.11863 1.692995 10.10125 1.918018 10.09875 1.918334 10.12014 1.68766 10.10125 1.918018 10.12835 1.691449 -3.036754 1.969202 -3.038123 1.889013 -3.033908 1.889657 -3.036754 1.969202 -3.030707 1.911272 -3.038123 1.889013 -2.940864 1.593483 -2.801342 1.882289 -2.80384 1.883597 -2.942335 1.597714 -2.802756 1.883926 -2.932349 1.591104 10.11684 1.593483 10.02542 1.883597 10.12536 1.597714 10.02629 1.944051 10.1238 1.891591 10.02569 1.965033 10.02629 1.966927 10.1238 1.891591 10.02629 1.944051 10.02569 1.965033 9.928793 1.894163 10.02629 1.966927 -2.801857 1.965033 -2.670015 1.872368 -2.835541 1.894163 10.1238 1.891591 10.02532 1.797701 10.02631 1.812842 9.928793 1.894163 10.02532 1.797701 10.1238 1.891591 -2.670015 1.872368 -2.802611 1.812518 -2.835541 1.894163 -2.856672 10.1238 -2.802637 10.02631 -2.670015 10.07157 10.12527 1.678964 10.31322 1.845779 10.11872 1.68645 -2.943997 10.12261 -2.992536 10.31509 -2.932592 10.12527 10.12261 1.678042 10.31322 1.845779 10.31427 1.843612 10.31521 1.947519 10.46114 1.841475 10.31443 1.921957 10.31521 1.947519 10.25325 1.832601 10.46114 1.841475 -2.992969 1.911378 -2.99326 1.770207 -3.096655 1.832601 10.31443 1.921957 10.46114 1.841475 10.31254 1.770207 10.46114 1.841475 10.31482 1.75653 10.31254 1.770207 -3.096655 1.832601 -2.99326 1.770207 -2.993416 1.748129 -2.948901 1.346345 -2.9261 1.345424 -2.929331 1.870016 10.11608 1.345424 10.13438 1.869867 10.12676 1.870016 10.12515 1.345687 10.12679 1.87016 10.13438 1.869867 10.12605 1.67565 10.33341 1.933294 10.33152 1.935264 10.12182 1.680664 10.11774 1.684168 10.33152 1.935264 -2.831312 1.921862 -2.926171 1.905131 -2.921119 1.863263 10.33304 1.905131 10.2411 1.904518 10.33299 1.857207 -2.920934 1.857207 -2.831312 1.921862 -2.921119 1.863263 10.11827 1.645875 10.06057 1.839777 10.05785 1.838556 10.1286 1.647768 10.11971 1.642416 10.05946 1.838481 -2.94274 1.642416 -3.003483 1.838556 -3.005212 1.838481 10.05936 1.936996 9.963055 1.823515 10.05855 1.956991 -3.003755 1.936996 -3.00375 1.943984 -2.911427 1.836772 10.05944 1.943984 10.05855 1.956991 10.15987 1.793998 10.05855 1.956991 10.05831 1.767254 10.15987 1.793998 9.963055 1.823515 10.05936 1.73323 10.05831 1.767254 9.963055 1.823515 10.1351 1.836772 10.05936 1.733245 10.11675 1.64615 10.12588 1.644863 10.11489 1.842697 -2.933546 1.644863 -2.811929 1.844163 -2.810119 1.842697 -2.933546 1.644863 -2.94292 1.652 -2.811929 1.844163 10.11503 1.933236 10.1147 1.935069 10.23445 1.846726 -2.811377 1.919678 -2.811367 1.933236 -2.716439 1.83252 -2.716439 1.83252 -2.811367 1.933236 -2.870024 1.846726 -2.716439 10.15059 -2.870024 10.23445 -2.811379 10.11496 -2.870024 10.23445 -2.941393 10.08562 -2.811379 10.11496 -2.941393 10.08562 -2.778348 10.00357 -2.811512 10.11453 10.00357 1.808527 10.11488 1.757786 10.11453 1.770794 10.12609 1.707727 10.23721 2.037986 10.23487 2.038436 -2.932476 1.707727 -2.942743 1.703378 -3.072896 2.036847 10.11622 1.708757 10.23487 2.038436 10.23695 2.036847 -3.071571 2.107759 -3.191626 2.065615 -3.07115 2.124254 -3.071571 10.23633 -3.071291 10.10666 -3.191626 10.30448 10.23633 2.107759 10.23633 2.110593 10.10666 2.066644 -3.07115 10.23641 -2.943984 10.27781 -3.071291 10.10666 -2.943984 10.27781 -3.191626 10.30448 -3.075965 10.35878 10.30448 2.065615 10.10666 2.066644 10.23606 1.956792 10.23606 1.956792 10.10666 2.066644 10.23614 1.948786 -2.943984 10.27781 -3.075965 10.35878 -3.071565 10.23633 -2.931845 1.605853 -2.924719 1.96741 -2.926901 1.966466 10.11987 1.605853 10.12752 1.611045 9.93009 1.96741 -2.938384 1.611045 -2.927619 1.967631 -2.924719 1.96741 9.929706 2.058741 10.04216 1.96475 9.929517 2.082705 -2.926244 2.055369 -2.925792 2.082705 -3.014511 1.985393 -2.925792 2.082705 -2.812536 1.937165 -3.014511 1.985393 9.851266 1.985393 9.929666 1.869017 10.04216 1.96475 -2.926378 1.869017 -2.812536 1.937165 -2.926235 1.881389 -2.932265 10.12144 -2.93931 10.12773 -2.835938 10.25204 -2.93931 1.655414 -2.837906 1.867344 -2.835938 1.865575 10.12773 1.655414 10.11813 1.663056 10.25121 1.867344 -2.736462 1.790476 -2.781176 1.87345 -2.83647 1.760577 -2.932665 1.692995 -3.034768 1.918334 -3.037115 1.917104 10.11863 1.692995 10.12835 1.691449 10.10125 1.918018 10.12014 1.68766 10.09868 1.917104 10.10125 1.918018 -2.940864 1.593483 -2.932349 1.591104 -2.801342 1.882289 10.12297 1.591104 10.02776 1.883926 10.02567 1.882289 10.12536 1.597714 10.02542 1.883597 10.02776 1.883926 10.02629 1.966927 9.928793 1.894163 10.1238 1.891591 -2.801857 10.02569 -2.856672 10.1238 -2.670015 10.07157 10.02532 1.797701 9.928793 1.894163 10.02628 1.812518 -2.670015 1.872368 -2.802637 1.812842 -2.802611 1.812518 10.12527 1.678964 10.31509 1.843459 10.31322 1.845779 -2.943997 10.12261 -2.995 10.31427 -2.992536 10.31509 10.12261 1.678042 10.11872 1.68645 10.31322 1.845779 -2.992969 1.911378 -3.096655 1.832601 -2.993934 1.947519 10.31443 1.921957 10.31254 1.770207 10.3127 1.911378 10.46114 1.841475 10.31699 1.748129 10.31482 1.75653 10.46114 1.841475 10.25325 1.832601 10.31699 1.748129 11.23319 1.644384 11.2796 2.702386 11.26353 2.702677 11.23355 1.643055 11.27307 2.702085 11.28069 1.642524 -3.152937 1.644384 -3.192799 2.702677 -3.197025 1.643055 11.25146 2.172871 11.38396 2.823239 11.37883 2.825123 -3.195893 2.177961 -2.949006 2.823239 -3.177967 2.167425 -3.195893 2.177961 -2.950098 2.825123 -2.953397 2.825886 -2.950772 3.035998 -3.210776 2.862823 -2.950799 3.039622 -2.950772 11.38172 -2.785718 11.45877 -2.841827 11.14312 -3.210776 2.862823 -2.841827 2.852905 -2.951225 2.611059 11.45877 2.897037 11.38154 2.583733 11.14312 2.852905 -3.210776 2.862823 -2.951225 2.611059 -2.785718 2.897037 -2.785718 2.897037 -2.950788 2.644774 -2.950686 2.583733 11.273 2.169841 11.30068 2.916082 11.25133 2.171198 11.273 2.169841 11.3058 2.915228 11.30068 2.916082 -3.194836 2.165021 -3.403738 2.914089 -3.180203 2.169841 -3.194836 2.165021 -3.3994 2.916082 -3.403738 2.914089 11.30568 3.1394 11.10401 2.870598 11.39637 2.736583 11.3055 3.021796 11.30326 2.724424 11.29941 3.060808 -3.405205 3.1394 -3.501888 2.736583 -3.400333 3.021796 11.29941 3.060808 11.30326 2.724424 11.10401 2.870598 -3.400333 3.021796 -3.501888 2.736583 -3.399525 2.724424 -3.501888 2.736583 -3.401092 2.761613 -3.399525 2.724424 -3.501888 2.736583 -3.400962 2.720977 -3.401092 2.761613 -3.562583 11.10401 -3.400962 11.30288 -3.501888 11.39637 -3.562583 2.870598 -3.399525 2.724424 -3.400962 2.720977 -3.189334 2.276435 -2.974429 2.7548 -3.174711 2.260404 11.26951 2.276435 10.96958 2.756624 10.9736 2.75877 11.25239 2.261649 10.96958 2.756624 11.26951 2.276435 -3.188566 2.261649 -2.974429 2.7548 -2.979487 2.756624 -2.977148 2.921363 -3.16605 2.799178 -2.977044 2.932203 -2.977148 10.97139 -2.955225 10.72489 -3.192042 10.8707 10.97145 2.913748 10.72489 2.781659 10.97139 2.921363 -2.977133 10.97145 -2.741106 11.00882 -2.955225 10.72489 -2.977044 2.932203 -3.16605 2.799178 -2.977133 2.913748 -2.977148 10.97139 -3.192042 10.8707 -3.16605 11.14103 -2.977133 2.913748 -3.16605 2.799178 -2.741106 2.795943 -3.16605 2.799178 -2.868353 2.589517 -2.741106 2.795943 -2.955225 10.72489 -2.977099 10.97136 -3.192042 10.8707 11.11316 2.589517 10.9713 2.60311 10.97136 2.595695 11.11316 2.589517 10.97138 2.615189 10.9713 2.60311 -3.1926 2.368786 -3.158006 2.691411 -3.15302 2.6902 11.25223 2.378717 11.40019 2.691411 11.2695 2.368786 11.39319 2.789382 11.40445 2.854637 11.59045 2.696464 11.40445 2.854637 11.38421 2.555923 11.59045 2.696464 -3.164984 2.854637 -3.052523 2.671147 -3.161337 2.555923 11.59045 2.696464 11.38421 2.555923 11.39945 2.528294 -3.052523 2.671147 -3.154926 2.528294 -3.154999 2.568388 11.27273 2.297438 11.08212 2.938651 11.25771 2.295339 -3.18277 2.297438 -3.382468 2.936215 -3.377847 2.938651 -3.17363 2.295339 -3.378193 2.936686 -3.194621 2.286932 -3.379623 3.07466 -3.379738 3.095775 -3.55478 2.871897 -3.379532 11.08018 -3.307856 11.28735 -3.172345 10.95847 11.0803 3.07466 11.28735 2.970481 11.08018 3.076131 -3.379738 3.095775 -3.172345 2.978874 -3.55478 2.871897 -3.172345 2.978874 -3.379361 2.782917 -3.55478 2.871897 11.28735 2.970481 11.07983 2.782917 10.95847 2.978874 11.08095 2.754118 11.07983 2.782917 11.28735 2.970481 -3.192538 2.14211 -2.964463 2.757202 -3.173803 2.132359 11.26948 2.14211 11.24129 2.757497 11.24637 2.757202 -3.173803 2.132359 -2.965463 2.757497 -3.19132 2.14079 11.24367 2.925062 11.44216 2.75559 11.24367 2.946281 11.24367 2.925062 11.01664 2.756973 11.44216 2.75559 11.24368 2.949961 11.24367 2.946281 11.01664 2.756973 -3.107004 2.75559 -2.688526 2.708145 -2.963521 2.946281 11.44216 2.75559 11.24369 2.536283 11.24362 2.556983 11.44216 2.75559 11.24369 2.578986 11.24369 2.536283 11.01664 2.756973 11.24362 2.556983 11.24369 2.578986 11.2704 2.394521 11.38592 2.768549 11.3828 2.770786 -3.191953 2.388257 -3.304251 2.768549 -3.176656 2.394521 11.38323 2.924335 11.51898 2.738572 11.39124 2.926687 11.39124 2.926687 11.39327 2.692019 11.37759 2.802866 11.39124 2.926687 11.51898 2.738572 11.39327 2.692019 11.37759 2.802866 11.39327 2.692019 11.38282 2.599583 11.51898 2.738572 11.38282 2.599583 11.38324 2.599066 11.26855 2.248856 10.91936 3.053638 11.2515 2.23908 -3.19538 2.248368 -3.159121 3.056694 -3.174852 2.248856 11.2515 2.23908 10.92116 3.054887 11.26621 2.248368 10.92166 3.248818 10.72007 3.054281 10.90855 3.213212 10.92191 3.22611 11.11162 3.00892 10.72007 3.054281 10.90855 3.213212 11.11162 3.00892 10.92191 3.22611 10.72007 3.054281 10.91823 2.884 10.90855 3.213212 11.11162 3.00892 10.92207 2.891437 10.72007 3.054281 -3.084082 3.054281 -3.159094 2.878323 -3.163265 2.884 10.91823 2.884 10.92207 2.891437 11.11162 3.00892 11.27255 2.44458 11.50939 2.917121 11.25428 2.450187 -3.187679 2.44458 -2.963409 2.920177 -2.959309 2.917121 11.26036 2.457847 11.509 2.920177 11.27255 2.44458 11.26036 2.457847 11.50508 2.920521 11.509 2.920177 11.50771 3.189094 11.59964 3.053865 11.47815 2.903785 11.50401 2.991209 11.5075 2.665164 11.59964 3.053865 -2.84503 2.903785 -2.961068 2.665164 -2.967657 2.991209 11.23319 1.644384 11.28069 1.642524 11.2796 2.702386 -3.168012 1.642524 -3.205028 2.702085 -3.18879 2.702386 -3.197025 1.643055 -3.192799 2.702677 -3.205028 2.702085 11.25146 2.172871 11.2703 2.167425 11.38396 2.823239 -3.195893 2.177961 -2.953397 2.825886 -2.949006 2.823239 -3.195893 2.177961 -3.179045 2.172871 -2.950098 2.825123 -2.950772 3.035998 -2.841827 2.852905 -3.210776 2.862823 -2.950772 3.035998 -2.950783 3.016613 -2.785718 2.897037 -2.950783 3.016613 -2.950799 3.039622 -2.785718 2.897037 -2.950799 3.039622 -3.210776 2.862823 -2.785718 2.897037 11.38137 2.611059 11.14312 2.852905 11.38154 2.583733 -2.785718 2.897037 -2.951225 2.611059 -2.950788 2.644774 -3.180203 2.169841 -3.403738 2.914089 -3.40054 2.915228 -3.194836 2.165021 -3.181054 2.171198 -3.3994 2.916082 -3.397434 3.060808 -3.562583 2.870598 -3.405205 3.1394 11.26951 2.276435 10.9736 2.75877 10.97102 2.7548 -3.188566 2.261649 -3.174711 2.260404 -2.974429 2.7548 11.00882 2.795943 11.11316 2.589517 10.72489 2.781659 -3.16605 11.14103 -3.192042 10.8707 -2.868353 11.11316 -3.192042 2.749986 -2.977099 2.595695 -2.977103 2.615189 -2.955225 10.72489 -2.868353 11.11316 -2.977099 10.97136 -2.868353 11.11316 -3.192042 10.8707 -2.977103 10.97138 11.26027 2.37188 11.4011 2.6902 11.39689 2.692875 -3.172716 2.37188 -3.1926 2.368786 -3.15302 2.6902 -3.187298 2.378717 -3.153839 2.692875 -3.158006 2.691411 -3.187298 2.378717 -3.172716 2.37188 -3.153839 2.692875 11.39319 2.789382 11.59045 2.696464 11.39945 2.528294 11.38421 2.555923 11.32963 2.671147 11.39938 2.568388 -3.052523 2.671147 -3.142421 2.789382 -3.154926 2.528294 11.25771 2.295339 11.08212 2.938651 11.07757 2.936686 11.27273 2.297438 11.25926 2.286932 11.08097 2.936215 -3.194621 2.286932 -3.378193 2.936686 -3.382468 2.936215 -3.379738 3.095775 -3.379532 3.076131 -3.172345 2.978874 11.0803 3.07466 11.10207 2.871897 11.28735 2.970481 -3.307856 2.970481 -3.55478 2.871897 -3.379292 2.754118 -3.379292 2.754118 -3.55478 2.871897 -3.379553 2.811071 -3.55478 2.871897 -3.379361 2.782917 -3.379553 2.811071 -3.173803 2.132359 -2.964463 2.757202 -2.96085 2.75526 11.26948 2.14211 11.25331 2.14079 11.24129 2.757497 -3.173803 2.132359 -2.96085 2.75526 -2.965463 2.757497 11.24367 2.925062 11.24368 2.949961 11.01664 2.756973 11.01664 2.756973 11.24367 2.946281 11.32891 2.708145 -2.978226 11.01664 -2.688526 11.32891 -2.963514 11.24362 -2.688526 2.708145 -3.107004 2.75559 -2.963514 2.556983 11.44216 2.75559 11.01664 2.756973 11.24369 2.578986 11.25109 2.399252 11.2704 2.394521 11.3828 2.770786 11.26895 2.388257 11.38179 2.768924 11.38592 2.768549 11.26895 2.388257 11.25109 2.399252 11.38179 2.768924 -3.185551 2.399252 -3.302447 2.770786 -3.307522 2.768924 11.38323 2.924335 11.37759 2.802866 11.51898 2.738572 11.51898 2.738572 11.37759 2.802866 11.38282 2.599583 11.39327 2.692019 11.51898 2.738572 11.38324 2.599066 11.26855 2.248856 10.92444 3.056694 10.91936 3.053638 11.26621 2.248368 10.92116 3.054887 10.92444 3.056694 -3.183151 2.23908 -3.158304 3.053638 -3.162197 3.054887 10.92166 3.248818 10.92191 3.22611 10.72007 3.054281 10.90855 3.213212 10.91823 2.884 11.11162 3.00892 10.72007 3.054281 10.92207 2.891437 10.92194 2.878323 11.25428 2.450187 11.50939 2.917121 11.50508 2.920521 -3.19391 2.457847 -3.175998 2.450187 -2.959602 2.920521 -2.967657 2.991209 -2.960647 3.189094 -2.84503 2.903785 11.50771 3.189094 11.50792 3.151781 11.59964 3.053865 11.50792 3.151781 11.50401 2.991209 11.59964 3.053865 -2.84503 2.903785 -2.989397 3.053865 -2.960152 2.675561 -2.84503 2.903785 -2.960152 2.675561 -2.961068 2.665164 8.73798 0.8631916 8.712142 1.636448 8.725794 1.63666 8.750331 0.8622197 8.721873 1.636228 8.705338 0.8618321 -2.305741 0.8631916 -2.266034 1.63666 -2.271337 0.8622197 -2.266535 1.349446 -1.948416 1.732794 -2.279738 1.362023 8.720002 1.349446 8.737232 1.730238 8.733252 1.729885 -2.274671 1.356849 -1.945835 1.730238 -2.266535 1.349446 -2.274671 1.356849 -1.948416 1.732794 -1.945835 1.730238 -1.946554 1.839158 -2.097397 1.687394 -1.94699 1.688299 -1.946554 1.839158 -1.951159 1.866945 -2.097397 1.687394 8.742808 1.688299 8.604365 1.713004 8.735453 1.866945 -1.951159 1.866945 -1.865169 1.713004 -2.097397 1.687394 -1.865169 1.713004 -1.946157 1.617534 -2.097397 1.687394 8.742808 1.688299 8.734983 1.614517 8.734997 1.626476 8.742808 1.688299 8.734752 1.617534 8.734983 1.614517 8.71622 1.30548 8.814233 1.589993 8.731537 1.300372 -2.263253 1.308275 -2.378974 1.591797 -2.278222 1.30548 8.726101 1.308275 8.817168 1.589883 8.814095 1.591797 -2.38095 1.735351 -2.248651 1.587359 -2.519983 1.567784 8.814918 1.745669 8.925666 1.5242 8.686063 1.587359 -2.382339 1.764875 -2.519983 1.567784 -2.382893 1.484709 -2.236945 8.925666 -2.382893 8.817727 -2.248651 8.686063 -2.519983 1.567784 -2.38095 1.43449 -2.38095 1.434468 -2.248651 1.587359 -2.382893 1.484709 -2.38095 1.43449 8.72021 1.305886 8.52898 1.597762 8.732305 1.314524 8.72021 1.305886 8.526891 1.596108 8.52898 1.597762 -2.27332 1.314524 -2.264818 1.597762 -2.260351 1.598273 -2.262781 8.5289 -2.329855 8.723595 -2.088838 8.639543 8.528839 1.709779 8.38907 1.581081 8.5289 1.732505 8.5289 1.732505 8.458896 1.545652 8.723595 1.586608 -2.262781 1.732505 -2.191262 1.581081 -2.427871 1.545652 -2.427871 8.458896 -2.191262 8.38907 -2.262481 8.528705 8.38907 1.581081 8.52884 1.479762 8.528705 1.470727 8.723595 1.586608 8.52897 1.489936 8.52884 1.479762 -2.266119 1.39681 -2.122863 1.885138 -2.282378 1.398332 8.71686 1.39681 8.95175 1.882791 8.947852 1.884474 -2.282378 1.398332 -2.11993 1.882791 -2.270324 1.390389 -2.120652 1.991686 -2.120461 2.011858 -2.319883 1.92679 9.145846 1.92527 8.760672 1.868298 8.948975 2.011858 -2.034939 8.760672 -2.120911 8.949237 -2.319883 8.926848 -2.036596 9.145846 -2.121279 8.951453 -1.933231 8.977446 -2.121279 1.764582 -2.120649 1.776432 -1.933231 1.819344 8.760672 1.868298 8.949599 1.776432 8.949237 1.75276 8.714821 1.246382 8.674265 1.778867 8.73284 1.246864 -2.277895 1.246864 -2.56625 1.780587 -2.26493 1.25405 -2.277895 1.246864 -2.568837 1.778867 -2.56625 1.780587 -2.566876 1.910141 -2.404362 1.776333 -2.56685 1.91512 -2.566876 8.673463 -2.7026 8.795608 -2.404362 8.784998 8.672737 1.950507 8.784998 1.776333 8.48754 1.7356 8.795608 1.806814 8.48754 1.7356 8.673665 1.634973 8.784998 1.776333 8.673435 1.63399 8.48754 1.7356 -2.404362 1.776333 -2.566936 1.634973 -2.566863 1.63399 8.48754 1.7356 8.673435 1.63399 8.673452 1.653242 8.727298 1.330849 8.588786 1.631526 8.59307 1.632503 8.715736 1.320414 8.588786 1.631526 8.727298 1.330849 -2.273234 1.320414 -2.055927 1.62989 -2.058925 1.631526 -2.057613 1.757589 -2.054144 1.807339 -1.897527 1.641518 8.589803 1.786986 8.696703 1.642327 8.591472 1.807339 -2.057613 1.757589 -1.897527 1.641518 -2.061526 1.786986 -2.061526 1.786986 -1.897527 1.641518 -2.0305 1.518998 -2.165738 1.642327 -1.897527 1.641518 -2.054144 1.807339 8.589803 1.786986 8.438242 1.518998 8.696703 1.642327 -2.165738 1.642327 -2.056689 1.474849 -1.897527 1.641518 -2.062921 1.481983 -2.056689 1.474849 -2.165738 1.642327 8.438242 1.518998 8.595616 1.481983 8.696703 1.642327 8.715867 1.375057 8.872952 1.705978 8.73238 1.36718 -2.277613 1.375057 -2.322118 1.707328 -2.325746 1.707795 -2.277121 1.36718 -2.322118 1.707328 -2.263578 1.372775 8.872461 1.782906 8.874213 1.6645 8.868285 1.66545 8.872461 1.782906 8.863024 1.697367 8.874213 1.6645 8.728159 1.228117 8.498038 1.65457 8.501835 1.656502 8.731887 1.234365 8.500573 1.656987 8.716128 1.224605 -2.281782 1.228117 -2.398684 1.656502 -2.268934 1.234365 -2.39713 1.745768 -2.256584 1.668305 -2.397918 1.776751 -2.39713 1.779547 -2.256584 1.668305 -2.39713 1.745768 -2.397918 1.776751 -2.552635 1.672103 -2.39713 1.779547 -2.397918 1.776751 -2.304713 1.639921 -2.552635 1.672103 -2.256584 1.668305 -2.398692 1.529667 -2.397108 1.552025 -2.552635 1.672103 -2.398692 1.529667 -2.256584 1.668305 -2.304713 8.304117 -2.397142 8.500095 -2.552635 8.533914 -2.256584 8.59997 -2.397108 8.500139 -2.304713 8.304117 -2.267403 1.354339 -1.989009 1.600659 -2.278213 1.365393 -2.273447 8.733967 -1.985997 8.841709 -2.267403 8.716898 -2.273447 1.352978 -1.989009 1.600659 -1.987687 1.59746 -1.986053 1.75089 -1.765152 1.594305 -1.987018 1.713145 -1.986053 1.75089 -2.098971 1.581201 -1.765152 1.594305 8.841961 1.697524 8.842383 1.48907 8.991071 1.581201 -1.987018 1.713145 -1.765152 1.594305 -1.990046 1.48907 -1.765152 1.594305 -1.986541 1.468874 -1.990046 1.48907 8.991071 1.581201 8.842383 1.48907 8.843387 1.456468 8.73798 0.8631916 8.705338 0.8618321 8.712142 1.636448 -2.2804 0.8618321 -2.253785 1.636228 -2.264548 1.636448 -2.271337 0.8622197 -2.266034 1.63666 -2.253785 1.636228 -2.266535 1.349446 -1.94534 1.729885 -1.948416 1.732794 8.733869 1.356849 8.722393 1.362023 8.734398 1.732794 8.604365 1.713004 8.742808 1.688299 8.734997 1.626476 -1.94699 1.688299 -2.097397 1.687394 -1.946157 1.617534 8.734752 1.617534 8.604365 1.713004 8.734997 1.626476 -2.278222 1.30548 -2.378974 1.591797 -2.383224 1.589993 -2.263253 1.308275 -2.277683 1.300372 -2.381048 1.589883 8.731537 1.300372 8.814233 1.589993 8.817168 1.589883 -2.38095 1.735351 -2.519983 1.567784 -2.382339 1.764875 -2.38095 1.735351 -2.380823 1.745669 -2.248651 1.587359 -2.380823 1.745669 -2.382339 1.764875 -2.236945 1.5242 -2.382339 1.764875 -2.382893 1.484709 -2.236945 1.5242 -2.519983 1.567784 -2.38095 1.434468 -2.382893 1.484709 -2.519983 1.567784 -2.248651 1.587359 -2.38095 1.43449 -2.281034 1.305886 -2.266623 1.303985 -2.262264 1.596108 8.718469 1.303985 8.529921 1.598273 8.526891 1.596108 8.718469 1.303985 8.732305 1.314524 8.529921 1.598273 -2.262256 1.729799 -2.262781 1.732505 -2.088838 1.602057 8.528839 1.709779 8.528835 1.729799 8.38907 1.581081 8.38907 1.581081 8.528835 1.729799 8.639543 1.602057 -2.191262 8.38907 -2.088838 8.639543 -2.262362 8.52884 -2.088838 8.639543 -2.329855 8.723595 -2.262362 8.52884 -2.329855 8.723595 -2.427871 8.458896 -2.263054 8.52897 -2.427871 1.545652 -2.262481 1.470727 -2.263054 1.489936 -2.266119 1.39681 -2.119088 1.884474 -2.122863 1.885138 8.71686 1.39681 8.732367 1.390389 8.95175 1.882791 8.724845 1.398332 8.949098 1.885138 8.95175 1.882791 8.949608 1.987502 9.145846 1.92527 8.948975 2.011858 -2.120649 8.949608 -2.319883 8.926848 -2.036596 9.145846 -2.120649 1.987502 -2.120652 1.991686 -2.319883 1.92679 -2.120461 8.948975 -2.034939 8.760672 -2.319883 8.926848 -2.034939 8.760672 -2.036596 9.145846 -1.933231 8.977446 -2.036596 1.92527 -2.319883 1.92679 -2.121279 1.764582 -2.121279 1.764582 -2.319883 1.92679 -2.120911 1.75276 -2.034939 8.760672 -1.933231 8.977446 -2.120649 8.949599 -2.275563 1.246382 -2.565998 1.780261 -2.568837 1.778867 -2.275563 1.246382 -2.26493 1.25405 -2.565998 1.780261 8.726187 1.25405 8.675672 1.780587 8.671187 1.780261 -2.56685 1.91512 -2.404362 1.776333 -2.567064 1.950507 -2.566876 1.910141 -2.567064 1.950507 -2.7026 1.806814 8.672737 1.950507 8.48754 1.7356 8.795608 1.806814 -2.7026 1.806814 -2.566936 1.634973 -2.404362 1.776333 8.673665 1.634973 8.48754 1.7356 8.673452 1.653242 -2.273234 8.715736 -2.264767 8.727647 -2.055927 8.590188 8.727647 1.319565 8.59307 1.632503 8.590188 1.62989 -2.264767 1.319565 -2.27967 1.330849 -2.057545 1.632503 -2.0305 8.438242 -1.897527 8.522722 -2.056689 8.590931 8.715867 1.375057 8.869358 1.707795 8.872952 1.705978 -2.277613 1.375057 -2.263578 1.372775 -2.322118 1.707328 -2.277121 1.36718 -2.326257 1.705978 -2.322118 1.707328 8.728159 1.228117 8.716128 1.224605 8.498038 1.65457 8.716128 1.224605 8.500573 1.656987 8.498038 1.65457 -2.268934 1.234365 -2.398684 1.656502 -2.39489 1.656987 -2.39713 1.779547 -2.552635 1.672103 -2.256584 1.668305 -2.397918 8.498834 -2.256584 8.59997 -2.304713 8.304117 -2.398692 1.529667 -2.552635 1.672103 -2.397142 1.551547 8.304117 1.639921 8.500139 1.552025 8.500095 1.551547 -2.267403 1.354339 -1.985997 1.597234 -1.989009 1.600659 -2.273447 8.733967 -1.987687 8.845353 -1.985997 8.841709 -2.273447 1.352978 -2.278213 1.365393 -1.989009 1.600659 8.841961 1.697524 8.991071 1.581201 8.843878 1.75089 -1.987018 1.713145 -1.990046 1.48907 -1.989753 1.697524 -1.765152 1.594305 -1.983236 1.456468 -1.986541 1.468874 -1.765152 1.594305 -2.098971 1.581201 -1.983236 1.456468 8.885093 0.8942886 8.858843 1.35634 8.868493 1.356467 8.886386 0.8937079 8.863262 1.356208 8.857485 0.8934763 -2.609539 0.8942886 -2.584905 1.356467 -2.583428 0.8937079 8.875171 1.12509 8.78887 1.409119 8.791944 1.409942 -2.583029 1.127313 -2.725101 1.409119 -2.593453 1.122711 -2.583029 1.127313 -2.724631 1.409942 -2.722558 1.410275 -2.724133 1.502035 -2.567278 1.426406 -2.724117 1.503618 -2.724133 8.790255 -2.819203 8.739002 -2.796782 8.927772 -2.567278 1.426406 -2.796782 1.422075 -2.723877 1.316455 8.739002 1.441348 8.790357 1.304522 8.927772 1.422075 -2.567278 1.426406 -2.723877 1.316455 -2.819203 1.441348 -2.819203 1.441348 -2.724122 1.331179 -2.72419 1.304522 8.862459 1.123766 8.853569 1.449665 8.875316 1.124359 8.862459 1.123766 8.850575 1.449293 8.853569 1.449665 8.871708 1.121662 8.852058 1.448795 8.862459 1.123766 -2.58388 1.121662 -2.461335 1.449665 -2.458672 1.448795 8.850804 1.547193 8.975564 1.429801 8.800425 1.371274 8.850744 1.495833 8.852042 1.365964 8.854252 1.51287 -2.457728 1.547193 -2.397395 1.371274 -2.460618 1.495833 8.854252 1.51287 8.852042 1.365964 8.975564 1.429801 -2.460618 1.495833 -2.397395 1.371274 -2.461173 1.365964 -2.397395 1.371274 -2.460255 1.382206 -2.461173 1.365964 -2.397395 1.371274 -2.460336 1.364459 -2.460255 1.382206 -2.371462 8.975564 -2.460336 8.85232 -2.397395 8.800425 8.975564 1.429801 8.852042 1.365964 8.85232 1.364459 -2.586751 1.170318 -2.724172 1.37923 -2.595704 1.163317 8.864835 1.170318 9.035204 1.380027 9.032757 1.380964 8.874945 1.163861 9.035204 1.380027 8.864835 1.170318 -2.587791 1.163861 -2.724172 1.37923 -2.721226 1.380027 -2.722549 1.451972 -2.604927 1.398611 -2.722611 1.456705 -2.722549 9.034052 -2.743955 9.179223 -2.598784 9.101003 9.034017 1.448646 9.179223 1.39096 9.034052 1.451972 -2.722556 9.034017 -2.860996 9.003825 -2.743955 9.179223 -2.722611 1.456705 -2.604927 1.398611 -2.722556 1.448646 -2.722549 9.034052 -2.598784 9.101003 -2.604927 8.940093 -2.722556 9.034017 -2.604927 8.940093 -2.860996 9.003825 -2.604927 1.398611 -2.782104 1.307047 -2.860996 1.397198 -2.743955 9.179223 -2.722579 9.03407 -2.598784 9.101003 8.946413 1.307047 9.034106 1.312984 9.03407 1.309746 8.946413 1.307047 9.034057 1.318259 9.034106 1.312984 -2.584818 1.21065 -2.600828 1.351547 -2.603748 1.351018 8.874993 1.214987 8.786406 1.351547 8.864955 1.21065 -2.610293 1.394333 -2.596552 1.422831 -2.509122 1.353754 8.784126 1.422831 8.79598 1.292376 8.678703 1.353754 -2.596552 1.422831 -2.665682 1.342697 -2.599402 1.292376 8.678703 1.353754 8.79598 1.292376 8.786743 1.28031 -2.665682 1.342697 -2.602676 1.28031 -2.602636 1.29782 8.862707 1.179491 8.982209 1.459521 8.871281 1.178574 -2.590527 1.179491 -2.478871 1.458458 -2.481567 1.459521 -2.596451 1.178574 -2.481518 1.458663 -2.583972 1.174902 -2.480578 1.51892 -2.48052 1.528141 -2.376148 1.430369 -2.480636 8.983414 -2.515981 8.858326 -2.607443 9.048376 8.983346 1.51892 8.858326 1.473423 8.983414 1.519562 -2.48052 1.528141 -2.607443 1.477088 -2.376148 1.430369 -2.607443 1.477088 -2.480749 1.391509 -2.376148 1.430369 -2.515981 8.858326 -2.480749 8.983613 -2.607443 9.048376 8.98295 1.378932 8.983613 1.391509 8.858326 1.473423 -2.584855 1.111656 -2.720656 1.380279 -2.596133 1.107397 8.86496 1.111656 8.873886 1.380408 8.870845 1.380279 -2.596133 1.107397 -2.720238 1.380408 -2.586129 1.111079 8.872414 1.453587 8.759817 1.379575 8.87241 1.462854 8.872414 1.453587 9.007307 1.380179 8.759817 1.379575 8.872405 1.464461 8.87241 1.462854 9.007307 1.380179 -2.629583 8.759817 -2.881177 8.81255 -2.721306 8.87241 8.759817 1.379575 8.872402 1.283799 8.872441 1.292839 8.759817 1.379575 8.872402 1.302448 8.872402 1.283799 9.007307 1.380179 8.872441 1.292839 8.872402 1.302448 8.863876 1.221889 8.799856 1.385234 8.801638 1.386211 -2.58522 1.219153 -2.514745 1.385234 -2.594226 1.221889 8.801476 1.453269 8.723097 1.372143 8.796997 1.454296 8.796997 1.454296 8.795469 1.351812 8.804808 1.400222 8.796997 1.454296 8.723097 1.372143 8.795469 1.351812 8.804808 1.400222 8.795469 1.351812 8.801734 1.311444 -2.475473 8.723097 -2.514069 8.801734 -2.514399 8.801465 8.864911 1.158274 9.071051 1.509739 8.875286 1.154005 -2.583285 1.158061 -2.616434 1.511073 -2.595357 1.158274 8.875286 1.154005 9.070115 1.510284 8.866993 1.158061 9.069735 1.594978 9.186479 1.51002 9.077697 1.579428 9.069567 1.585061 8.953961 1.49021 9.186479 1.51002 9.077697 1.579428 8.953961 1.49021 9.069567 1.585061 9.186479 1.51002 9.071888 1.435654 9.077697 1.579428 8.953961 1.49021 9.069474 1.438902 9.186479 1.51002 -2.667842 9.186479 -2.616536 9.069547 -2.614194 9.071888 9.071888 1.435654 9.069474 1.438902 8.953961 1.49021 8.862981 1.243751 8.714971 1.450119 8.873394 1.246199 -2.587627 1.243751 -2.7123 1.451454 -2.714714 1.450119 8.870411 1.249545 8.71534 1.451454 8.862981 1.243751 -2.584355 8.870411 -2.714688 8.717534 -2.7123 8.71534 8.716014 1.568895 8.662574 1.509838 8.729556 1.444295 8.718441 1.482475 8.716151 1.340084 8.662574 1.509838 -2.78343 1.444295 -2.713737 1.340084 -2.709956 1.482475 8.885093 0.8942886 8.857485 0.8934763 8.858843 1.35634 -2.59899 0.8934763 -2.577339 1.356208 -2.586728 1.35634 -2.583428 0.8937079 -2.584905 1.356467 -2.577339 1.356208 8.875171 1.12509 8.863981 1.122711 8.78887 1.409119 -2.583029 1.127313 -2.722558 1.410275 -2.725101 1.409119 -2.583029 1.127313 -2.593459 1.12509 -2.724631 1.409942 -2.724133 8.790255 -2.796782 8.927772 -2.567278 8.748173 -2.724133 1.502035 -2.724126 1.493569 -2.819203 1.441348 -2.724126 1.493569 -2.724117 1.503618 -2.819203 1.441348 -2.724117 1.503618 -2.567278 1.426406 -2.819203 1.441348 8.790477 1.316455 8.927772 1.422075 8.790357 1.304522 -2.819203 1.441348 -2.723877 1.316455 -2.724122 1.331179 -2.592037 1.123766 -2.458672 1.448795 -2.460485 1.449293 -2.58388 1.121662 -2.592274 1.124359 -2.461335 1.449665 8.854252 1.51287 8.975564 1.429801 8.850804 1.547193 -2.586751 1.170318 -2.722301 1.380964 -2.724172 1.37923 -2.587791 8.874945 -2.595704 8.869475 -2.724172 9.034182 -2.860996 9.003825 -2.782104 8.946413 -2.743955 9.179223 -2.604927 8.940093 -2.598784 9.101003 -2.782104 8.946413 -2.598784 1.377128 -2.722579 1.309746 -2.722576 1.318259 -2.743955 9.179223 -2.782104 8.946413 -2.722579 9.03407 -2.782104 8.946413 -2.598784 9.101003 -2.722576 9.034057 8.869737 1.212001 8.785698 1.351018 8.78822 1.352186 -2.596904 1.212001 -2.584818 1.21065 -2.603748 1.351018 -2.588547 1.214987 -2.603407 1.352186 -2.600828 1.351547 -2.588547 1.214987 -2.596904 1.212001 -2.603407 1.352186 8.790015 1.394333 8.678703 1.353754 8.786743 1.28031 -2.599402 8.79598 -2.665682 8.824569 -2.602636 8.786786 -2.665682 1.342697 -2.610293 1.394333 -2.602676 1.28031 8.871281 1.178574 8.982209 1.459521 8.984915 1.458663 8.862707 1.179491 8.871081 1.174902 8.983047 1.458458 -2.583972 1.174902 -2.481518 1.458663 -2.478871 1.458458 -2.48052 1.528141 -2.480636 1.519562 -2.607443 1.477088 -2.480578 8.983346 -2.376148 8.976447 -2.515981 8.858326 -2.515981 8.858326 -2.376148 8.976447 -2.480751 8.98295 -2.480751 1.378932 -2.376148 1.430369 -2.480623 1.403805 -2.376148 1.430369 -2.480749 1.391509 -2.480623 1.403805 -2.596133 1.107397 -2.720656 1.380279 -2.722891 1.379431 8.86496 1.111656 8.874492 1.111079 8.873886 1.380408 -2.596133 1.107397 -2.722891 1.379431 -2.720238 1.380408 8.872414 1.453587 8.872405 1.464461 9.007307 1.380179 -2.720364 9.007307 -2.721306 8.87241 -2.881177 8.81255 -2.720364 9.007307 -2.881177 8.81255 -2.721312 8.872441 -2.881177 8.81255 -2.629583 8.759817 -2.721312 8.872441 8.759817 1.379575 9.007307 1.380179 8.872402 1.302448 8.875608 1.223955 8.863876 1.221889 8.801638 1.386211 8.865257 1.219153 8.802411 1.385398 8.799856 1.385234 8.865257 1.219153 8.875608 1.223955 8.802411 1.385398 -2.58962 1.223955 -2.515919 1.386211 -2.51295 1.385398 8.801476 1.453269 8.804808 1.400222 8.723097 1.372143 8.723097 1.372143 8.804808 1.400222 8.801734 1.311444 8.795469 1.351812 8.723097 1.372143 8.801465 1.311218 8.864911 1.158274 9.068066 1.511073 9.071051 1.509739 8.866993 1.158061 9.070115 1.510284 9.068066 1.511073 -2.591027 1.154005 -2.617092 1.509739 -2.614726 1.510284 9.069735 1.594978 9.069567 1.585061 9.186479 1.51002 9.077697 1.579428 9.071888 1.435654 8.953961 1.49021 9.186479 1.51002 9.069474 1.438902 9.069547 1.433175 8.873394 1.246199 8.714971 1.450119 8.717534 1.451604 -2.584355 1.249545 -2.595166 1.246199 -2.714688 1.451604 -2.709956 1.482475 -2.71398 1.568895 -2.78343 1.444295 8.716014 1.568895 8.715902 1.5526 8.662574 1.509838 8.715902 1.5526 8.718441 1.482475 8.662574 1.509838 -2.78343 1.444295 -2.693817 1.509838 -2.714259 1.344625 -2.78343 1.444295 -2.714259 1.344625 -2.713737 1.340084 8.269193 0.7757835 8.25822 1.371988 8.268217 1.372152 8.285639 0.7750342 8.267794 1.371818 8.249803 0.7747353 -1.208985 0.7757835 -1.176491 1.372152 -1.185575 0.7750342 -1.17567 1.150701 -0.9385373 1.446273 -1.186131 1.160398 8.263742 1.150701 8.343154 1.444303 8.340253 1.444031 -1.184682 1.156409 -0.9371763 1.444303 -1.17567 1.150701 8.272523 1.156409 8.340481 1.446273 8.343154 1.444303 -0.9372538 1.528284 -1.066305 1.411269 -0.9392028 1.411966 -0.9372538 1.528284 -0.9408266 1.549708 -1.066305 1.411269 -0.9392028 1.411966 -0.8487777 1.431015 -0.9408266 1.549708 -0.9408266 1.549708 -0.8487777 1.431015 -1.066305 1.411269 -0.8487777 1.431015 -0.9369057 1.357405 -1.066305 1.411269 8.347124 1.411966 8.341307 1.355078 8.341321 1.364299 -0.9392028 1.411966 -0.9369057 1.357405 -0.9372557 1.355078 8.258467 1.116801 8.310704 1.33617 8.27014 1.112863 -1.174456 1.118956 -1.280021 1.33756 -1.183708 1.116801 -1.174456 1.118956 -1.282223 1.336085 -1.280021 1.33756 -1.281682 1.448245 -1.155143 1.334139 -1.366621 1.319046 8.311718 1.456201 8.425102 1.285441 8.241828 1.334139 8.312294 1.471009 8.209987 1.319046 8.313409 1.254993 -1.195922 8.425102 -1.283732 8.313409 -1.155143 8.241828 8.209987 1.319046 8.311683 1.216272 8.311683 1.216255 -1.155143 1.334139 -1.283732 1.254993 -1.281682 1.216272 8.260896 1.117114 8.119915 1.34216 8.271623 1.123775 -1.186657 1.117114 -1.132458 1.340885 -1.134819 1.34216 -1.183339 1.123775 -1.134819 1.34216 -1.131642 1.342554 -1.133265 8.120277 -1.224207 8.253342 -1.024885 8.239807 8.120317 1.428528 8.029544 1.329298 8.120277 1.446051 8.120277 1.446051 8.033253 1.301981 8.253342 1.33356 -1.133265 1.446051 -1.050328 1.329298 -1.243377 1.301981 -1.243377 8.033253 -1.050328 8.029544 -1.132998 8.120192 8.029544 1.329298 8.120319 1.251178 8.120192 1.244212 8.253342 1.33356 8.120273 1.259023 8.120319 1.251178 -1.174705 1.18722 -1.114666 1.563735 -1.188631 1.188393 8.261456 1.18722 8.46902 1.561926 8.466253 1.563224 8.264116 1.188393 8.46902 1.561926 8.27229 1.182269 -1.113104 1.645887 -1.112828 1.66144 -1.258768 1.59585 8.632778 1.594679 8.342395 1.550751 8.466816 1.66144 -1.009285 1.550751 -1.113222 1.461668 -1.258768 1.59585 -1.090294 8.632778 -1.113959 8.468517 -0.977404 8.527075 -1.113959 1.470783 -1.113099 1.479919 -0.977404 1.513006 8.342395 1.550751 8.467248 1.479919 8.466921 1.461668 8.257961 1.071235 8.166622 1.481798 8.271079 1.071606 -1.186903 1.071606 -1.392713 1.483124 -1.175739 1.077147 -1.186903 1.071606 -1.394374 1.481798 -1.392713 1.483124 8.166422 1.583014 8.28426 1.479844 8.16642 1.586853 -1.392728 8.166422 -1.520463 8.230512 -1.293159 8.28426 8.165836 1.614137 8.28426 1.479844 8.009493 1.448437 8.230512 1.503345 8.009493 1.448437 8.166563 1.37085 8.28426 1.479844 8.166404 1.370093 8.009493 1.448437 -1.293159 1.479844 -1.392815 1.37085 -1.392712 1.370093 8.009493 1.448437 8.166404 1.370093 8.166419 1.384936 8.266529 1.136362 8.207691 1.368193 8.21121 1.368946 -1.179843 1.128316 -0.9917968 1.368193 -1.187095 1.136362 -1.179843 1.128316 -0.9898239 1.366932 -0.9917968 1.368193 -0.9912399 1.465391 -0.9887442 1.50375 -0.8562949 1.375897 8.20792 1.488057 8.267027 1.37652 8.210708 1.50375 -0.9912399 1.465391 -0.8562949 1.375897 -0.9939705 1.488057 -0.9939705 1.488057 -0.8562949 1.375897 -0.939169 1.28143 -1.094765 1.37652 -0.8562949 1.375897 -0.9887442 1.50375 -0.9939705 1.488057 -0.939169 1.28143 -1.094765 1.37652 -1.094765 1.37652 -0.9905529 1.24739 -0.8562949 1.375897 -0.9962273 1.252891 -0.9905529 1.24739 -1.094765 1.37652 8.099948 1.28143 8.212019 1.252891 8.267027 1.37652 8.258327 1.170447 8.36682 1.425598 8.270892 1.164374 8.258327 1.170447 8.366666 1.426639 8.364213 1.426998 -1.186223 1.164374 -1.249018 1.426639 -1.174581 1.168688 -1.251845 1.484912 -1.254753 1.393617 -1.249271 1.39435 8.366579 1.484912 8.359405 1.418958 8.367203 1.393617 8.266741 1.057152 8.069009 1.385961 8.071707 1.38745 8.272215 1.061969 8.07154 1.387824 8.259917 1.054444 -1.188867 1.057152 -1.230239 1.38745 -1.179942 1.061969 8.070726 1.456277 8.175203 1.396551 8.069601 1.480166 8.070726 1.482322 8.175203 1.396551 8.070726 1.456277 -1.229039 1.480166 -1.353082 1.399479 -1.228709 1.482322 -1.229039 1.480166 -1.118369 1.374665 -1.353082 1.399479 8.175203 1.396551 8.070703 1.289657 8.070753 1.306895 -1.353082 1.399479 -1.22997 1.289657 -1.143304 1.396551 -1.118369 1.374665 -1.228714 1.306526 -1.353082 1.399479 -1.143304 8.175203 -1.228698 8.070753 -1.118369 7.94193 -1.175682 1.154473 -0.9915894 1.344393 -1.184995 1.162996 -1.183778 8.272851 -0.9891239 8.413696 -1.175682 8.261219 8.272851 1.153424 8.41377 1.344393 8.416097 1.341927 -0.9896157 1.460226 -0.8342873 1.339494 -0.9898625 1.431124 -0.9896157 1.460226 -1.105325 1.329391 -0.8342873 1.339494 -0.9920116 1.419079 -0.9923196 1.258355 -1.105325 1.329391 -0.9898625 1.431124 -0.8342873 1.339494 -0.9923196 1.258355 -0.8342873 1.339494 -0.9897478 1.242783 -0.9923196 1.258355 -1.105325 1.329391 -0.9923196 1.258355 -0.9873878 1.233218 -1.208985 0.7757835 -1.183098 0.7747353 -1.172543 1.371988 8.249803 0.7747353 8.267794 1.371818 8.25822 1.371988 -1.185575 0.7750342 -1.176491 1.372152 -1.166434 1.371818 -1.17567 1.150701 -0.9359782 1.444031 -0.9385373 1.446273 8.272523 1.156409 8.262813 1.160398 8.340481 1.446273 -0.8487777 1.431015 -0.9392028 1.411966 -0.9372463 1.364299 -0.9392028 1.411966 -1.066305 1.411269 -0.9369057 1.357405 -0.9369057 1.357405 -0.8487777 1.431015 -0.9372463 1.364299 -1.183708 1.116801 -1.280021 1.33756 -1.283258 1.33617 -1.174456 1.118956 -1.186473 1.112863 -1.282223 1.336085 8.27014 1.112863 8.310704 1.33617 8.31337 1.336085 8.311686 1.448245 8.209987 1.319046 8.312294 1.471009 -1.281682 1.448245 -1.281587 1.456201 -1.155143 1.334139 8.311718 1.456201 8.312294 1.471009 8.425102 1.285441 8.312294 1.471009 8.313409 1.254993 8.425102 1.285441 8.209987 1.319046 8.311683 1.216255 8.313409 1.254993 -1.366621 1.319046 -1.155143 1.334139 -1.281682 1.216272 -1.186657 1.117114 -1.175419 1.115649 -1.132458 1.340885 8.262566 1.115649 8.121551 1.342554 8.118868 1.340885 8.262566 1.115649 8.271623 1.123775 8.121551 1.342554 8.120336 1.443964 8.120277 1.446051 8.239807 1.345472 8.120317 1.428528 8.120336 1.443964 8.029544 1.329298 8.029544 1.329298 8.120336 1.443964 8.239807 1.345472 -1.050328 8.029544 -1.024885 8.239807 -1.132936 8.120319 -1.024885 8.239807 -1.224207 8.253342 -1.132936 8.120319 -1.224207 8.253342 -1.243377 8.033253 -1.133485 8.120273 -1.243377 1.301981 -1.132998 1.244212 -1.133485 1.259023 -1.174705 1.18722 -1.111559 1.563224 -1.114666 1.563735 8.261456 1.18722 8.27229 1.182269 8.46902 1.561926 8.264116 1.188393 8.466411 1.563735 8.46902 1.561926 8.467255 1.642661 8.632778 1.594679 8.466816 1.66144 -1.113101 8.467255 -1.258768 8.40882 -1.090294 8.632778 -1.113101 1.642661 -1.113104 1.645887 -1.258768 1.59585 -1.112828 8.466816 -1.009285 8.342395 -1.258768 8.40882 -1.009285 8.342395 -1.090294 8.632778 -0.977404 8.527075 8.632778 1.594679 8.40882 1.59585 8.468517 1.470783 -1.113959 1.470783 -1.258768 1.59585 -1.113222 1.461668 -1.009285 8.342395 -0.977404 8.527075 -1.113099 8.467248 -1.181411 1.071235 -1.391594 1.482872 -1.394374 1.481798 8.257961 1.071235 8.268742 1.077147 8.164887 1.482872 8.268742 1.077147 8.168219 1.483124 8.164887 1.482872 8.16642 1.586853 8.28426 1.479844 8.165836 1.614137 -1.392728 1.583014 -1.39272 1.614137 -1.520463 1.503345 8.165836 1.614137 8.009493 1.448437 8.230512 1.503345 -1.520463 1.503345 -1.392815 1.37085 -1.293159 1.479844 8.166563 1.37085 8.009493 1.448437 8.166419 1.384936 8.259134 1.128316 8.269878 1.127661 8.20937 1.366932 -1.175919 1.127661 -0.9916426 1.368946 -0.9898239 1.366932 -1.175919 1.127661 -1.187095 1.136362 -0.9916426 1.368946 -0.939169 8.099948 -0.8562949 8.191247 -0.9905529 8.209773 8.258327 1.170447 8.364213 1.426998 8.36682 1.425598 8.258327 1.170447 8.268522 1.168688 8.366666 1.426639 -1.186223 1.164374 -1.252419 1.425598 -1.249018 1.426639 -1.188867 1.057152 -1.178152 1.054444 -1.228839 1.385961 8.259917 1.054444 8.07154 1.387824 8.069009 1.385961 -1.179942 1.061969 -1.230239 1.38745 -1.227114 1.387824 -1.228709 1.482322 -1.353082 1.399479 -1.143304 1.396551 -1.229039 8.069601 -1.143304 8.175203 -1.118369 7.94193 -1.22997 1.289657 -1.353082 1.399479 -1.228714 1.306526 7.94193 1.374665 8.070753 1.306895 8.070713 1.306526 -1.175682 1.154473 -0.9891239 1.341752 -0.9915894 1.344393 -1.183778 8.272851 -0.9911545 8.416097 -0.9891239 8.413696 8.272851 1.153424 8.263183 1.162996 8.41377 1.344393 -0.9920116 1.419079 -1.105325 1.329391 -0.9896157 1.460226 -0.9898625 1.431124 -0.9923196 1.258355 -0.9920116 1.419079 -0.8342873 1.339494 -0.9873878 1.233218 -0.9897478 1.242783 -0.8342873 1.339494 -1.105325 1.329391 -0.9873878 1.233218 8.023606 0.7379799 7.995129 1.499011 8.007534 1.49922 8.030171 0.7370234 8.00243 1.498794 7.991109 0.736642 -0.6764272 0.7379799 -0.6425 1.49922 -0.6440469 0.7370234 8.003167 1.121315 8.095353 1.745674 8.099388 1.744875 -0.6413792 1.119467 -0.5879564 1.745674 -0.6562793 1.121315 -0.6454489 1.117638 -0.5876419 1.744875 -0.5846639 1.744881 -0.5869489 1.866823 -0.4392664 1.721577 -0.5869155 1.868625 -0.4392664 1.721577 -0.724524 1.74627 -0.5868595 1.847138 8.013159 1.74627 8.097958 1.626276 8.265833 1.755879 8.265833 1.755879 8.097319 1.613751 8.006334 1.721577 8.265833 1.755879 8.097958 1.626276 8.097319 1.613751 -0.644308 1.214049 -0.9015259 1.621785 -0.655803 1.20543 7.999522 1.214049 7.981445 1.623077 7.978097 1.621785 7.980167 1.724103 7.980477 1.741339 8.070685 1.645331 7.980477 1.741339 7.981749 1.543364 8.070685 1.645331 8.070685 1.645331 7.981749 1.543364 7.980117 1.506877 8.000296 1.14029 7.918822 1.459524 8.015566 1.142656 -0.6423258 1.135183 -0.5213739 1.457662 -0.6543629 1.14029 8.003457 1.135183 7.918293 1.457816 7.915119 1.457662 -0.5211983 7.917184 -0.6334932 7.870841 -0.6456039 7.999428 -0.6456039 7.999428 -0.6334932 7.870841 -0.5187781 7.918638 -0.6334932 1.453399 -0.5211999 1.332748 -0.5187781 1.383451 -0.6334932 1.453399 -0.5198211 1.368999 -0.5211999 1.332748 8.012038 1.234731 8.300549 1.497373 8.303055 1.494218 8.00948 1.242757 8.301579 1.497222 8.001945 1.249806 8.00948 1.242757 8.303055 1.494218 8.301579 1.497222 -0.7222607 8.301724 -0.7406175 8.512042 -0.5265778 8.270232 8.247714 1.48935 8.512042 1.484004 8.301927 1.649202 -0.7220488 1.648755 -0.5265778 1.474068 -0.879624 1.48935 -0.7406175 8.512042 -0.879624 8.247714 -0.7222965 8.301776 8.512042 1.484004 8.301776 1.365284 8.30084 1.348449 -0.879624 1.48935 -0.7222994 1.348449 -0.7223113 1.344417 7.99941 1.111805 7.867224 1.452551 8.007834 1.113198 -0.6427657 1.12051 -0.7421591 1.453368 -0.7393697 1.454627 -0.7403047 1.53909 -0.6187252 1.409342 -0.740092 1.585318 -0.7403047 1.53909 -0.7979212 1.450243 -0.6187252 1.409342 7.869209 1.53909 7.729724 1.471131 7.932453 1.450243 7.869209 1.53909 7.868943 1.570849 7.729724 1.471131 7.868943 1.570849 7.867796 1.585318 7.729724 1.471131 7.867796 1.585318 7.945375 1.409342 7.729724 1.471131 7.729724 1.471131 7.867651 1.328984 7.932453 1.450243 -0.6187252 1.409342 -0.7392256 1.328984 -0.8280406 1.471131 -0.7979212 1.450243 -0.7403038 1.359871 -0.6187252 1.409342 7.932453 1.450243 7.867651 1.328984 7.869201 1.360075 8.011382 1.308174 8.048796 1.505924 8.051889 1.504729 -0.6431477 1.299096 -0.5411303 1.504729 -0.538452 1.503649 -0.6557388 1.308174 -0.5411303 1.504729 -0.6431477 1.299096 -0.5398422 1.61505 -0.5538429 1.402192 -0.5416528 1.617879 8.048327 1.61505 8.051091 1.591382 8.048875 1.399157 8.049913 1.617879 8.05133 1.402192 8.204243 1.444164 8.051091 1.591382 8.204243 1.444164 8.048875 1.399157 -0.6448604 1.34824 -0.7872043 1.696955 -0.6566846 1.340518 7.999521 1.34824 8.073451 1.698248 8.069882 1.698889 -0.6453671 1.344178 -0.7872043 1.696955 -0.7837387 1.698248 -0.9245918 1.689469 -0.7831672 1.633835 -0.7837077 1.869557 8.071773 1.871357 7.918023 1.672914 8.18371 1.689469 8.072646 1.633835 7.918023 1.672914 8.071516 1.869557 8.18371 1.689469 7.918023 1.672914 8.072185 1.533792 7.918023 1.672914 8.071656 1.554607 8.072185 1.533792 8.00042 1.153529 7.763693 1.625555 8.014529 1.16222 -0.6545477 1.153529 -0.5511909 1.623556 -0.5547689 1.623471 -0.6509686 1.16222 -0.5511909 1.623556 -0.6405294 1.154351 -0.5534559 1.742557 -0.7170179 1.59123 -0.5533758 1.766486 -0.5534559 1.742557 -0.5539431 1.759879 -0.7170179 1.59123 7.762516 1.759879 7.762643 1.766486 7.624093 1.617603 7.762643 1.766486 7.912479 1.602982 7.624093 1.617603 -0.7170179 1.59123 -0.42668 1.602982 -0.5533758 1.766486 -0.4706556 1.617603 -0.7170179 1.59123 -0.5539431 1.759879 -0.42668 1.602982 -0.7170179 1.59123 -0.5532203 1.485983 -0.4706556 1.617603 -0.5536269 1.496145 -0.7170179 1.59123 -0.7170179 1.59123 -0.5536269 1.496145 -0.5532203 1.485983 7.624093 1.617603 7.762127 1.523102 7.762124 1.496145 7.624093 1.617603 7.762369 1.485983 7.762127 1.523102 8.002697 1.170947 8.13334 1.44837 8.136931 1.446339 8.006694 1.16611 8.136047 1.446394 8.13334 1.44837 8.014979 1.162582 8.136047 1.446394 8.006694 1.16611 -0.613447 8.135218 -0.4869206 8.175975 -0.6096674 8.124394 -0.6134444 8.13521 -0.6096674 8.124394 -0.7408581 8.218719 -0.7408581 1.477328 -0.6144856 1.293543 -0.4869206 1.464998 -0.6144856 1.293543 -0.6125811 1.300364 -0.4869206 1.464998 8.175975 1.464998 8.135694 1.300364 7.975898 1.39341 7.975898 1.39341 8.135219 1.331629 8.218719 1.477328 8.023606 0.7379799 7.991109 0.736642 7.995129 1.499011 -0.6580136 0.736642 -0.6320551 1.498794 -0.6429494 1.499011 -0.6440469 0.7370234 -0.6425 1.49922 -0.6320551 1.498794 -0.6413792 1.119467 -0.5846639 1.744881 -0.5879564 1.745674 8.002897 1.119467 8.015396 1.117638 8.097297 1.744881 8.015396 1.117638 8.003167 1.121315 8.099388 1.744875 8.09738 1.866823 8.265833 1.755879 8.006334 1.721577 -0.5868595 1.847138 -0.5869155 1.868625 -0.4392664 1.721577 8.09738 1.866823 8.013159 1.74627 8.265833 1.755879 -0.5869489 1.866823 -0.5868595 1.847138 -0.724524 1.74627 -0.5871222 1.626276 -0.724524 1.74627 -0.5867973 1.641199 -0.724524 1.74627 -0.4392664 1.721577 -0.5867973 1.641199 -0.4392664 1.721577 -0.5867833 1.613751 -0.5867973 1.641199 8.006756 1.20543 7.978097 1.621785 7.981924 1.620952 7.999522 1.214049 8.015749 1.213455 7.981445 1.623077 -0.6467754 1.213455 -0.9029818 1.620952 -0.900288 1.623077 -0.6467754 1.213455 -0.655803 1.20543 -0.9029818 1.620952 -0.9019019 1.741339 -0.8796286 1.625372 -0.8913316 1.543364 7.975633 1.625372 7.980167 1.724103 8.070685 1.645331 7.981749 1.543364 7.975633 1.625372 7.961528 1.505524 7.975633 1.625372 8.070685 1.645331 7.980117 1.506877 7.961528 1.505524 7.975633 1.625372 7.980117 1.506877 8.000296 1.14029 7.915119 1.457662 7.918822 1.459524 8.003457 1.135183 8.015566 1.142656 7.918293 1.457816 -0.6481771 1.142656 -0.5223019 1.459524 -0.5194012 1.457816 -0.5212005 1.575316 -0.6456039 1.520638 -0.5198278 1.56954 -0.5212005 1.575316 -0.5211983 1.565406 -0.6456039 1.520638 -0.5211983 1.565406 -0.5198278 1.56954 -0.6334932 1.453399 -0.6456039 1.520638 -0.5187781 1.383451 -0.5198278 1.56954 -0.5198278 1.56954 -0.5198211 1.368999 -0.6334932 1.453399 7.917102 1.56954 7.918638 1.383451 7.914894 1.368999 8.012038 1.234731 8.001945 1.249806 8.300549 1.497373 -0.6518204 8.001945 -0.7203126 8.301579 -0.7240539 8.300549 -0.6404521 1.242757 -0.6513666 1.234731 -0.7223448 1.494218 -0.7220488 1.648755 -0.879624 1.48935 -0.7221978 1.649202 -0.7220488 1.648755 -0.7222607 1.626467 -0.5265778 1.474068 8.301724 1.626467 8.301927 1.649202 8.512042 1.484004 -0.5265778 1.474068 -0.7222994 1.348449 -0.879624 1.48935 -0.5265778 8.270232 -0.7406175 8.512042 -0.7222994 8.30084 -0.879624 1.48935 -0.7223113 1.344417 -0.7222965 1.365284 8.007834 1.113198 7.867224 1.452551 7.870308 1.453368 7.99941 1.111805 8.012131 1.12051 7.867224 1.452551 8.012131 1.12051 7.870832 1.454627 7.867224 1.452551 -0.6427657 1.12051 -0.6570601 1.113198 -0.7421591 1.453368 -0.7392256 1.328984 -0.6187252 1.409342 -0.7403038 1.359871 7.932453 1.450243 7.869201 1.360075 7.86921 1.359871 8.011382 1.308174 7.99918 1.30798 8.048796 1.505924 -0.6507277 1.30798 -0.538452 1.503649 -0.5415957 1.505924 7.99918 1.30798 8.011629 1.299096 8.04889 1.503649 8.049913 1.617879 8.204243 1.444164 8.051091 1.591382 -0.5398422 1.61505 -0.5426107 1.399157 -0.5538429 1.402192 8.048875 1.399157 8.204243 1.444164 8.04989 1.393594 -0.5064478 8.204243 -0.5538429 8.05133 -0.5401572 8.04989 -0.6448604 1.34824 -0.784147 1.698889 -0.7872043 1.696955 7.999521 1.34824 8.01553 1.344178 8.073451 1.698248 -0.6453671 1.344178 -0.6566846 1.340518 -0.7872043 1.696955 -0.7857682 1.872329 -0.9245918 1.689469 -0.7837077 1.869557 -0.7858265 8.071773 -0.7837077 8.071516 -0.7243555 7.918023 8.071773 1.871357 8.18371 1.689469 8.073035 1.872329 -0.9245918 1.689469 -0.7850181 1.533792 -0.7831672 1.633835 7.918023 1.672914 8.072646 1.633835 8.071656 1.554607 8.00042 1.153529 7.760555 1.623471 7.763693 1.625555 -0.6545477 1.153529 -0.6405294 1.154351 -0.5511909 1.623556 -0.6509686 1.16222 -0.5545306 1.625555 -0.5511909 1.623556 7.912479 1.602982 7.762369 1.485983 7.624093 1.617603 -0.6554898 1.170947 -0.6403593 1.16611 -0.613886 1.44837 -0.6487259 1.162582 -0.6144911 1.446339 -0.6115796 1.446394 8.014979 1.162582 8.002697 1.170947 8.136931 1.446339 -0.613447 1.572168 -0.6134444 1.575134 -0.4869206 1.464998 -0.6134444 1.575134 -0.7408581 1.477328 -0.4869206 1.464998 -0.6640546 1.39341 -0.6096674 1.57511 -0.4869206 1.464998 8.218719 1.477328 8.124394 1.57511 7.975898 1.39341 -0.6144856 1.293543 -0.7408581 1.477328 -0.6134627 1.331629 7.975898 1.39341 8.135694 1.300364 8.135219 1.331629 9.785707 1.735706 9.783089 1.94881 9.786904 1.948868 9.793445 1.735438 9.787225 1.948749 9.779198 1.735332 -0.03779017 1.735706 -0.02471461 1.948868 -0.02920795 1.735438 9.782517 1.865897 9.749185 2.001067 9.787562 1.867659 9.787166 1.866067 9.74994 2.000963 9.748549 2.000597 -0.02878531 1.867659 0.0241419 2.000963 -0.02401874 1.866067 -0.02878531 1.867659 0.02327138 2.001067 0.0241419 2.000963 9.743586 2.03636 9.790102 1.992306 9.749801 2.040109 9.748382 2.036021 9.74855 1.960667 9.743586 2.03636 9.743586 2.03636 9.74855 1.960667 9.749084 1.965281 9.790102 1.992306 9.749188 1.964813 9.74855 1.960667 -0.02958002 9.784842 -0.05028719 9.870458 -0.05141845 9.870507 9.787187 1.889186 9.870458 1.924821 9.785022 1.893729 -0.02495496 9.787187 -0.05141845 9.870507 -0.05030001 9.870982 9.870855 1.967069 9.917855 1.935054 9.871225 1.971651 -0.05079172 1.969425 -0.05024102 1.971651 -0.01159884 1.925903 9.871225 1.971651 9.917855 1.935054 9.831331 1.925903 -0.05079172 1.969425 -0.01159884 1.925903 -0.1045651 1.928157 -0.05088598 1.967069 -0.1045651 1.928157 -0.01800822 1.935054 -0.05737751 9.824922 -0.04920071 9.887772 -0.1045651 9.862319 -0.05737751 9.824922 -0.01159884 9.831331 -0.05073327 9.870603 9.887772 1.883671 9.870603 1.881858 9.870662 1.883747 9.831331 1.925903 9.870645 1.887282 9.870603 1.881858 -0.02433293 9.783784 -0.0792076 9.697411 -0.0285376 9.784834 -0.02630095 9.787629 -0.07917753 9.698359 -0.07818834 9.697485 9.784834 1.863201 9.698359 1.937895 9.787629 1.867389 -0.07887158 9.69775 -0.116173 9.666065 -0.1276539 9.758094 -0.1276539 1.945589 -0.0381063 1.942523 -0.07886017 1.975261 -0.0381063 1.942523 -0.1276539 1.945589 -0.07470768 1.897005 -0.0381063 1.942523 -0.07470768 1.897005 -0.07882652 1.899334 -0.116173 9.666065 -0.07889918 9.697763 -0.1276539 9.758094 -0.0381063 1.942523 -0.07882652 1.899334 -0.116173 1.934706 -0.116173 1.934706 -0.07882652 1.899334 -0.07889918 1.906697 9.787296 1.85512 9.818407 1.940935 9.7828 1.857685 -0.02487778 1.85512 0.06679953 1.941575 0.06770422 1.940935 0.06696365 1.992963 0.06844252 1.96067 0.01731316 1.940485 0.06837793 1.97289 0.08035445 1.893754 0.06844252 1.96067 0.06837793 1.97289 0.01731316 1.940485 0.08035445 1.893754 0.01731316 1.940485 0.06844252 1.96067 0.06710282 1.894784 0.06726791 1.891506 0.06710282 1.894784 0.06844252 1.96067 9.784248 1.877929 9.823355 2.003204 9.824358 2.002887 -0.0244203 1.880695 -0.1168906 2.003204 -0.02893319 1.877929 -0.1164892 2.03105 -0.05874391 1.997935 -0.1159629 2.042085 -0.1164892 2.03105 -0.1164739 2.037193 -0.05874391 1.997935 -0.1164739 2.037193 -0.1162035 1.990702 -0.05874391 1.997935 -0.05874391 1.997935 -0.1169431 1.983248 -0.1159629 2.042085 9.824474 2.037193 9.826183 1.985061 9.82429 1.990702 -0.05874391 1.997935 -0.1162035 1.990702 -0.1169431 1.983248 -0.02822264 1.866941 -0.002642734 2.007714 -0.003975863 2.008061 -0.0235864 1.8672 -0.002642734 2.007714 -0.02822264 1.866941 9.785707 1.8672 9.724478 2.008127 9.723426 2.007714 -0.003223944 2.053154 0.05696811 2.001325 -0.003334461 2.061783 9.736587 2.037769 9.700054 2.001325 9.723868 2.053154 -0.003334461 2.061783 0.05696811 2.001325 -0.06879227 2.002203 0.004063201 2.037769 -0.003321369 1.95803 0.05696811 2.001325 -0.06879227 2.002203 -0.003417319 1.957463 -0.003271187 1.965135 -0.02365768 1.84435 0.00326888 2.010156 -0.02934651 1.845001 9.784255 1.84435 9.882804 2.009608 9.881642 2.010156 9.784649 1.845001 9.882487 2.009918 9.788359 1.842819 0.05465308 2.029486 0.002353889 2.034622 0.002856418 2.049732 9.921878 2.00548 9.882223 1.979932 9.884979 1.971759 -0.02735923 9.78321 -0.1014865 9.74598 -0.102405 9.747032 -0.02443634 1.870907 -0.1014865 1.964925 -0.02735923 1.867739 9.786853 1.870907 9.747301 1.965292 9.74598 1.964925 -0.02825619 1.86887 -0.1016189 1.965292 -0.02443634 1.870907 -0.1018126 9.746653 -0.1605211 9.701312 -0.1434135 9.792182 9.746653 2.004795 9.745864 2.006148 9.701312 1.957583 -0.03661985 1.941928 -0.1605211 1.957583 -0.1017202 2.006148 -0.04717939 1.985565 -0.1434135 1.961377 -0.03661985 1.941928 -0.03661985 1.941928 -0.1018085 1.920489 -0.1018119 1.925761 -0.03661985 1.941928 -0.1018119 1.925761 -0.1018188 1.919489 9.786894 1.833894 9.762359 2.003584 9.782729 1.834661 -0.02905811 1.836221 0.06302313 2.003968 -0.02392462 1.833894 9.787336 1.836221 9.762249 2.004145 9.763401 2.003968 0.06298722 2.039062 0.03392143 2.0422 0.06298718 2.039294 9.763664 2.051087 9.777852 1.990707 9.737863 2.000734 0.08711448 2.000734 0.06241111 1.971879 0.03392143 2.0422 9.737863 2.000734 9.777852 1.990707 9.762614 1.962316 -0.03779017 1.735706 -0.02646374 1.735332 -0.02264293 1.94881 9.779198 1.735332 9.787225 1.948749 9.783089 1.94881 -0.02920795 1.735438 -0.02471461 1.948868 -0.02066153 1.948749 -0.02682697 1.865897 0.02429509 2.000597 0.02327138 2.001067 9.782517 1.865897 9.787166 1.866067 9.748549 2.000597 9.749801 2.040109 9.790102 1.992306 9.748382 2.036021 9.743586 2.03636 9.749084 1.965281 9.790102 1.992306 9.748382 2.036021 9.790102 1.992306 9.74855 1.960667 0.04828936 1.992306 0.02339908 1.965281 0.02398608 1.964813 -0.02958002 9.784842 -0.02517378 9.785022 -0.05028719 9.870458 9.787187 1.889186 9.870982 1.923677 9.870458 1.924821 -0.02495496 9.787187 -0.02958002 9.784842 -0.05141845 9.870507 -0.05088598 1.967069 -0.05079172 1.969425 -0.1045651 1.928157 -0.01159884 1.925903 -0.05737751 1.900417 -0.1045651 1.928157 9.917855 1.935054 9.887772 1.883671 9.831331 1.925903 -0.01800822 1.935054 -0.1045651 1.928157 -0.04920071 1.883671 -0.01159884 9.831331 -0.04920071 9.887772 -0.05066731 9.870645 9.887772 1.883671 9.870662 1.883747 9.870645 1.887282 9.887772 1.883671 9.824922 1.900417 9.870603 1.881858 -0.02433293 1.864684 -0.07818834 1.937603 -0.0792076 1.93691 9.783784 1.864684 9.787629 1.867389 9.697485 1.937603 9.784834 1.863201 9.697411 1.93691 9.698359 1.937895 -0.07886837 1.9702 -0.07886017 1.975261 -0.0381063 1.942523 9.697761 1.975261 9.69775 1.967703 9.758094 1.945589 -0.07887158 1.967703 -0.07886837 1.9702 -0.116173 1.934706 -0.07886837 1.9702 -0.0381063 1.942523 -0.116173 1.934706 9.758094 1.945589 9.697763 1.906697 9.697467 1.897005 -0.02881406 9.786866 -0.02607011 9.7828 0.06682491 9.817946 -0.02607011 1.857685 0.06770422 1.940935 0.06682491 1.941906 -0.02487778 1.85512 -0.02881406 1.858921 0.06679953 1.941575 -0.02881406 9.786866 0.06682491 9.817946 0.06679953 9.819044 0.06696365 1.992963 0.01731316 1.940485 0.06837793 1.97289 0.06844252 1.96067 0.08035445 1.893754 0.06726791 1.891506 0.08035445 1.893754 0.01731316 1.940485 0.06710282 1.894784 -0.0244203 1.880695 -0.1158423 2.003634 -0.1168906 2.003204 9.784111 1.880695 9.788723 1.87823 9.824134 2.003634 -0.02653131 1.87823 -0.1169852 2.002887 -0.1158423 2.003634 9.788723 1.87823 9.784248 1.877929 9.824358 2.002887 9.824474 2.037193 9.822449 2.042085 9.826183 1.985061 9.826183 1.985061 9.822449 2.042085 9.82236 1.983248 9.785707 1.8672 9.788587 1.868706 9.724478 2.008127 -0.02681545 1.868706 -0.003975863 2.008061 -0.002817816 2.008127 9.788587 1.868706 9.78328 1.866941 9.723869 2.008061 -0.003334461 2.061783 -0.06879227 2.002203 0.004063201 2.037769 0.05696811 2.001325 -0.003417319 1.957463 -0.06879227 2.002203 0.004063201 2.037769 -0.06879227 2.002203 -0.003321369 1.95803 -0.003321369 1.95803 -0.06879227 2.002203 -0.003271187 1.965135 -0.003417319 9.723295 0.05696811 9.700054 -0.003321369 9.724816 -0.02934651 1.845001 0.00326888 2.010156 0.002111731 2.009918 9.784255 1.84435 9.788359 1.842819 9.882804 2.009608 -0.02680586 1.842819 0.002111731 2.009918 0.003172304 2.009608 9.88135 2.034622 9.921878 2.00548 9.88229 2.047141 0.002856418 2.049732 0.002835011 2.047141 0.05465308 2.029486 0.002835011 2.047141 -0.03757935 2.00548 0.05465308 2.029486 9.921878 2.00548 9.88135 2.034622 9.8796 1.976152 0.05465308 2.029486 -0.03757935 2.00548 0.006973613 1.971759 0.002353889 2.034622 0.006973613 1.971759 -0.0004854959 1.976152 0.002353889 2.034622 0.05465308 2.029486 0.006973613 1.971759 -0.03757935 9.921878 -0.0004854959 9.8796 0.002852267 9.882223 -0.02825619 1.86887 -0.102405 1.964683 -0.1016189 1.965292 9.788219 1.86887 9.78321 1.867739 9.747032 1.964683 9.746714 2.008339 9.746653 2.004795 9.792182 1.961377 -0.1017202 2.006148 -0.101793 2.008339 -0.04717939 1.985565 -0.101793 2.008339 -0.1434135 1.961377 -0.04717939 1.985565 -0.04717939 1.985565 -0.03661985 1.941928 -0.1017202 2.006148 -0.03661985 1.941928 -0.1434135 1.961377 -0.1018085 1.920489 -0.1434135 9.792182 -0.1605211 9.701312 -0.1018085 9.746733 -0.1605211 1.957583 -0.1018188 1.919489 -0.1018085 1.920489 -0.1605211 1.957583 -0.03661985 1.941928 -0.1018188 1.919489 9.787336 1.836221 9.782729 1.834661 9.762249 2.004145 -0.02672956 1.834661 0.06362237 2.003584 0.06232817 2.004145 9.786894 1.833894 9.763401 2.003968 9.762359 2.003584 0.06298718 2.039294 0.03392143 2.0422 0.06341792 2.051087 0.06298722 2.039062 0.08711448 2.000734 0.03392143 2.0422 0.06298722 2.039062 0.06341792 2.051087 0.08711448 2.000734 0.03392143 2.0422 0.06223787 1.990707 0.06341792 2.051087 9.76124 2.0422 9.7615 1.971879 9.777852 1.990707 0.06241111 1.971879 0.08711448 2.000734 0.06293393 1.962316 11.91835 2.153747 11.91573 2.366851 11.91955 2.366909 11.92609 2.153479 11.91987 2.36679 11.91184 2.153373 -1.409639 2.153747 -1.396564 2.366909 -1.401057 2.153479 11.91516 2.283938 11.88183 2.419108 11.92021 2.2857 11.91981 2.284108 11.88258 2.419004 11.88119 2.418638 -1.400634 2.2857 -1.347707 2.419004 -1.395868 2.284108 -1.400634 2.2857 -1.348578 2.419108 -1.347707 2.419004 11.87623 2.454401 11.92275 2.410347 11.88245 2.45815 11.88103 2.454062 11.88119 2.378708 11.87623 2.454401 11.87623 2.454401 11.88119 2.378708 11.88173 2.383322 11.92275 2.410347 11.88183 2.382854 11.88119 2.378708 -1.401429 11.91749 -1.422136 12.0031 -1.423268 12.00315 11.91983 2.307227 12.0031 2.342862 11.91767 2.311771 -1.396804 11.91983 -1.423268 12.00315 -1.422149 12.00363 12.0035 2.38511 12.0505 2.353095 12.00387 2.389692 -1.422641 2.387466 -1.42209 2.389692 -1.383448 2.343944 12.00387 2.389692 12.0505 2.353095 11.96398 2.343944 -1.422641 2.387466 -1.383448 2.343944 -1.476414 2.346198 -1.422735 2.38511 -1.476414 2.346198 -1.389857 2.353095 -1.429227 11.95757 -1.42105 12.02042 -1.476414 11.99496 -1.429227 11.95757 -1.383448 11.96398 -1.422582 12.00325 12.02042 2.301712 12.00325 2.299899 12.00331 2.301788 11.96398 2.343944 12.00329 2.305324 12.00325 2.299899 -1.396182 11.91643 -1.451057 11.83006 -1.400387 11.91748 -1.39815 11.92027 -1.451027 11.831 -1.450037 11.83013 11.91748 2.281242 11.831 2.355936 11.92027 2.28543 -1.450721 11.83039 -1.488022 11.79871 -1.499503 11.89074 -1.499503 2.36363 -1.409955 2.360564 -1.450709 2.393302 -1.409955 2.360564 -1.499503 2.36363 -1.446557 2.315046 -1.409955 2.360564 -1.446557 2.315046 -1.450676 2.317375 -1.488022 11.79871 -1.450748 11.83041 -1.499503 11.89074 -1.409955 2.360564 -1.450676 2.317375 -1.488022 2.352747 -1.488022 2.352747 -1.450676 2.317375 -1.450748 2.324738 11.91994 2.273161 11.95105 2.358976 11.91544 2.275727 -1.396727 2.273161 -1.30505 2.359616 -1.304145 2.358976 -1.304885 2.411004 -1.303407 2.378711 -1.354536 2.358526 -1.303471 2.390931 -1.291495 2.311795 -1.303407 2.378711 -1.303471 2.390931 -1.354536 2.358526 -1.291495 2.311795 -1.354536 2.358526 -1.303407 2.378711 -1.304746 2.312826 -1.304581 2.309547 -1.304746 2.312826 -1.303407 2.378711 11.91689 2.29597 11.956 2.421245 11.957 2.420928 -1.396269 2.298736 -1.48874 2.421245 -1.400782 2.29597 -1.488338 2.449091 -1.430593 2.415976 -1.487812 2.460126 -1.488338 2.449091 -1.488323 2.455234 -1.430593 2.415976 -1.488323 2.455234 -1.488053 2.408743 -1.430593 2.415976 -1.430593 2.415976 -1.488792 2.401289 -1.487812 2.460126 11.95712 2.455234 11.95883 2.403102 11.95693 2.408743 -1.430593 2.415976 -1.488053 2.408743 -1.488792 2.401289 -1.400072 2.284982 -1.374492 2.425755 -1.375825 2.426102 -1.395435 2.285241 -1.374492 2.425755 -1.400072 2.284982 11.91835 2.285241 11.85712 2.426168 11.85607 2.425755 -1.375073 2.471195 -1.314881 2.419366 -1.375184 2.479824 11.86923 2.45581 11.8327 2.419366 11.85651 2.471195 -1.375184 2.479824 -1.314881 2.419366 -1.440641 2.420244 -1.367786 2.45581 -1.37517 2.376071 -1.314881 2.419366 -1.440641 2.420244 -1.375266 2.375504 -1.37512 2.383176 -1.395507 2.262391 -1.36858 2.428197 -1.401196 2.263042 11.9169 2.262391 12.01545 2.427649 12.01429 2.428197 11.91729 2.263042 12.01513 2.42796 11.921 2.26086 -1.317196 2.447527 -1.369495 2.452663 -1.368993 2.467773 12.05452 2.423521 12.01487 2.397973 12.01762 2.3898 -1.399208 11.91586 -1.473336 11.87862 -1.474254 11.87968 -1.396285 2.288948 -1.473336 2.382966 -1.399208 2.28578 11.9195 2.288948 11.87995 2.383333 11.87862 2.382966 -1.400105 2.286911 -1.473468 2.383333 -1.396285 2.288948 -1.473662 11.8793 -1.53237 11.83396 -1.515263 11.92483 11.8793 2.422836 11.87851 2.424189 11.83396 2.375624 -1.408469 2.359969 -1.53237 2.375624 -1.473569 2.424189 -1.419028 2.403607 -1.515263 2.379418 -1.408469 2.359969 -1.408469 2.359969 -1.473658 2.33853 -1.473661 2.343802 -1.408469 2.359969 -1.473661 2.343802 -1.473668 2.337531 11.91954 2.251935 11.895 2.421625 11.91537 2.252703 -1.400907 2.254262 -1.308826 2.422009 -1.395774 2.251935 11.91998 2.254262 11.89489 2.422186 11.89605 2.422009 -1.308862 2.457103 -1.337928 2.460241 -1.308862 2.457335 11.89631 2.469128 11.9105 2.408748 11.87051 2.418775 -1.284735 2.418775 -1.309438 2.38992 -1.337928 2.460241 11.87051 2.418775 11.9105 2.408748 11.89526 2.380357 -1.409639 2.153747 -1.398313 2.153373 -1.394492 2.366851 11.91184 2.153373 11.91987 2.36679 11.91573 2.366851 -1.401057 2.153479 -1.396564 2.366909 -1.392511 2.36679 -1.398676 2.283938 -1.347554 2.418638 -1.348578 2.419108 11.91516 2.283938 11.91981 2.284108 11.88119 2.418638 11.88245 2.45815 11.92275 2.410347 11.88103 2.454062 11.87623 2.454401 11.88173 2.383322 11.92275 2.410347 11.88103 2.454062 11.92275 2.410347 11.88119 2.378708 -1.32356 2.410347 -1.34845 2.383322 -1.347863 2.382854 -1.401429 11.91749 -1.397023 11.91767 -1.422136 12.0031 11.91983 2.307227 12.00363 2.341718 12.0031 2.342862 -1.396804 11.91983 -1.401429 11.91749 -1.423268 12.00315 -1.422735 2.38511 -1.422641 2.387466 -1.476414 2.346198 -1.383448 2.343944 -1.429227 2.318458 -1.476414 2.346198 12.0505 2.353095 12.02042 2.301712 11.96398 2.343944 -1.389857 2.353095 -1.476414 2.346198 -1.42105 2.301712 -1.383448 11.96398 -1.42105 12.02042 -1.422516 12.00329 12.02042 2.301712 12.00331 2.301788 12.00329 2.305324 12.02042 2.301712 11.95757 2.318458 12.00325 2.299899 -1.396182 2.282725 -1.450037 2.355644 -1.451057 2.354951 11.91643 2.282725 11.92027 2.28543 11.83013 2.355644 11.91748 2.281242 11.83006 2.354951 11.831 2.355936 -1.450717 2.388241 -1.450709 2.393302 -1.409955 2.360564 11.83041 2.393302 11.83039 2.385744 11.89074 2.36363 -1.450721 2.385744 -1.450717 2.388241 -1.488022 2.352747 -1.450717 2.388241 -1.409955 2.360564 -1.488022 2.352747 11.89074 2.36363 11.83041 2.324738 11.83011 2.315046 -1.400663 11.91951 -1.397919 11.91544 -1.305024 11.95059 -1.397919 2.275727 -1.304145 2.358976 -1.305024 2.359947 -1.396727 2.273161 -1.400663 2.276962 -1.30505 2.359616 -1.400663 11.91951 -1.305024 11.95059 -1.30505 11.95169 -1.304885 2.411004 -1.354536 2.358526 -1.303471 2.390931 -1.303407 2.378711 -1.291495 2.311795 -1.304581 2.309547 -1.291495 2.311795 -1.354536 2.358526 -1.304746 2.312826 -1.396269 2.298736 -1.487691 2.421675 -1.48874 2.421245 11.91676 2.298736 11.92137 2.296271 11.95678 2.421675 -1.39838 2.296271 -1.488834 2.420928 -1.487691 2.421675 11.92137 2.296271 11.91689 2.29597 11.957 2.420928 11.95712 2.455234 11.95509 2.460126 11.95883 2.403102 11.95883 2.403102 11.95509 2.460126 11.95501 2.401289 11.91835 2.285241 11.92123 2.286748 11.85712 2.426168 -1.398665 2.286748 -1.375825 2.426102 -1.374667 2.426168 11.92123 2.286748 11.91592 2.284982 11.85651 2.426102 -1.375184 2.479824 -1.440641 2.420244 -1.367786 2.45581 -1.314881 2.419366 -1.375266 2.375504 -1.440641 2.420244 -1.367786 2.45581 -1.440641 2.420244 -1.37517 2.376071 -1.37517 2.376071 -1.440641 2.420244 -1.37512 2.383176 -1.375266 11.85594 -1.314881 11.8327 -1.37517 11.85746 -1.401196 2.263042 -1.36858 2.428197 -1.369737 2.42796 11.9169 2.262391 11.921 2.26086 12.01545 2.427649 -1.398655 2.26086 -1.369737 2.42796 -1.368677 2.427649 12.01399 2.452663 12.05452 2.423521 12.01493 2.465182 -1.368993 2.467773 -1.369014 2.465182 -1.317196 2.447527 -1.369014 2.465182 -1.409428 2.423521 -1.317196 2.447527 12.05452 2.423521 12.01399 2.452663 12.01224 2.394193 -1.317196 2.447527 -1.409428 2.423521 -1.364875 2.3898 -1.369495 2.452663 -1.364875 2.3898 -1.372335 2.394193 -1.369495 2.452663 -1.317196 2.447527 -1.364875 2.3898 -1.409428 12.05452 -1.372335 12.01224 -1.368997 12.01487 -1.400105 2.286911 -1.474254 2.382724 -1.473468 2.383333 11.92086 2.286911 11.91586 2.28578 11.87968 2.382724 11.87936 2.42638 11.8793 2.422836 11.92483 2.379418 -1.473569 2.424189 -1.473642 2.42638 -1.419028 2.403607 -1.473642 2.42638 -1.515263 2.379418 -1.419028 2.403607 -1.419028 2.403607 -1.408469 2.359969 -1.473569 2.424189 -1.408469 2.359969 -1.515263 2.379418 -1.473658 2.33853 -1.515263 11.92483 -1.53237 11.83396 -1.473658 11.87938 -1.53237 2.375624 -1.473668 2.337531 -1.473658 2.33853 -1.53237 2.375624 -1.408469 2.359969 -1.473668 2.337531 11.91998 2.254262 11.91537 2.252703 11.89489 2.422186 -1.398579 2.252703 -1.308227 2.421625 -1.309521 2.422186 11.91954 2.251935 11.89605 2.422009 11.895 2.421625 -1.308862 2.457335 -1.337928 2.460241 -1.308431 2.469128 -1.308862 2.457103 -1.284735 2.418775 -1.337928 2.460241 -1.308862 2.457103 -1.308431 2.469128 -1.284735 2.418775 -1.337928 2.460241 -1.309611 2.408748 -1.308431 2.469128 11.89388 2.460241 11.89414 2.38992 11.9105 2.408748 -1.309438 2.38992 -1.284735 2.418775 -1.308915 2.380357 11.22004 2.062161 11.21743 2.275264 11.22124 2.275323 11.22778 2.061893 11.22156 2.275204 11.21353 2.061786 -1.029447 2.062161 -1.016372 2.275323 -1.020865 2.061893 11.22004 2.220574 11.25017 2.29037 11.25138 2.289749 11.22294 2.221114 11.25129 2.290301 11.2176 2.223164 -1.017394 2.221114 -1.056567 2.289749 -1.055453 2.290301 -1.020943 2.220574 -1.056567 2.289749 -1.017394 2.221114 -1.056088 2.326707 -1.053286 2.338281 -1.000499 2.30363 -1.053286 2.338281 -1.056215 2.272522 -1.05634 2.245161 -1.053286 2.338281 -1.057612 2.279258 -1.000499 2.30363 11.25638 2.338281 11.25138 2.245161 11.23065 2.279258 -1.01681 2.166183 -1.014696 2.251013 -1.02116 2.167252 11.22198 2.169405 11.13698 2.25146 11.13622 2.250811 11.21917 2.167252 11.13639 2.251013 11.22198 2.169405 -1.013942 2.286713 -1.012884 2.223391 -0.9568006 2.265649 -1.013942 11.1365 -0.9568006 11.09709 -1.064414 11.09237 11.13315 2.256939 11.14014 2.223391 11.1365 2.286713 11.13315 2.256939 11.1383 2.21557 11.14014 2.223391 11.09237 2.258285 11.14014 2.223391 11.13644 2.21844 -1.015675 2.185481 -0.985828 2.298872 -1.021162 2.186154 11.2225 2.184312 11.2679 2.298392 11.21826 2.185481 -1.017004 2.184312 -0.986717 2.298695 -0.9854002 2.298392 11.26758 2.339113 11.31629 2.306513 11.26755 2.329393 11.26758 2.339113 11.26819 2.340553 11.20971 2.286851 -1.009097 2.306513 -0.9307033 2.295995 -0.9858626 2.340553 11.20971 2.286851 11.31629 2.306513 11.26758 2.339113 -0.9858626 2.340553 -0.9307033 2.295995 -1.005071 2.286851 11.20971 2.286851 11.26755 2.268762 11.26756 2.266352 11.22266 2.157491 11.20899 2.296658 11.21855 2.157627 -1.021031 2.155783 -1.079404 2.296267 -1.078717 2.296562 -1.078701 2.330424 -1.078728 2.331961 -1.122471 2.287578 -1.078706 2.336876 -1.122471 2.287578 -1.015191 2.299417 11.2096 2.331961 11.15331 2.281579 11.23863 2.287578 -1.122471 2.287578 -1.078853 2.255678 -1.078706 2.256977 11.15331 2.281579 11.20956 2.263952 11.20958 2.255678 -1.015191 2.299417 -1.078706 2.256977 -1.078693 2.263952 11.21746 2.153569 11.18968 2.30193 11.22192 2.1545 -1.019823 2.153569 -0.9732958 2.301598 -0.9746047 2.30193 -1.020543 2.1545 -0.9740245 2.301977 -1.015327 2.152874 -0.9864056 2.359048 -0.9802315 2.292925 -0.9739303 2.353735 -0.9736377 2.351232 -0.983329 2.280925 -0.9864056 2.359048 11.23437 2.292925 11.18948 2.26552 11.18991 2.351232 11.18991 2.351232 11.18948 2.26552 11.14505 2.280925 11.18895 2.359048 11.14505 2.280925 11.23437 2.292925 11.14505 2.280925 11.19014 2.254413 11.23437 2.292925 11.18948 2.26552 11.18945 2.251403 11.14505 2.280925 11.19014 2.254413 11.18948 2.26552 11.23437 2.292925 -1.021198 2.165489 -1.045316 2.285682 -1.046354 2.285152 11.22265 2.163809 11.30624 2.285181 11.21878 2.166433 11.21866 2.165489 11.30584 2.285152 11.22265 2.163809 -1.045614 2.314942 -0.9879631 2.284323 -1.045878 2.327849 11.30644 2.327849 11.3667 2.288784 11.30585 2.323575 11.3667 2.288784 11.30194 2.282618 11.30659 2.240189 -1.090836 2.288784 -1.045475 2.235959 -0.9879631 2.284323 11.3667 2.288784 11.30659 2.240189 11.30659 2.235959 11.21711 2.175081 11.14137 2.315313 11.22175 2.176483 11.21711 2.175081 11.14147 2.31572 11.14043 2.315085 -1.020856 2.176483 -1.061508 2.31572 -1.015931 2.17761 11.1411 2.354627 11.0984 2.307284 11.17812 2.304908 -1.062061 2.362728 -1.099486 2.304908 -1.010854 2.322417 -1.010854 2.322417 -1.096608 2.307284 -1.062147 2.36185 -1.099486 2.304908 -1.061793 2.270749 -1.010854 2.322417 -1.010854 2.322417 -1.062141 2.269629 -1.096608 2.307284 -1.061793 2.270749 -1.062141 2.269629 -1.010854 2.322417 -1.016707 2.15998 -0.9594538 2.331548 -0.9604726 2.331941 11.22265 2.159453 11.24341 2.331548 11.21744 2.15998 -1.016883 2.159453 -0.9605179 2.33181 -0.9594538 2.331548 -0.9961907 2.324273 -0.9594502 2.295363 -0.9119494 2.332091 -0.9594416 2.340619 -0.9605148 2.293985 -0.9961907 2.324273 -0.9594416 2.340619 -0.9594502 2.295363 -0.9605148 2.293985 -1.018335 2.180864 -1.057661 2.297468 -1.058632 2.297161 11.22167 2.181199 11.23399 2.297468 11.21707 2.180864 -1.058004 11.23464 -1.057622 11.19013 -1.113598 11.26644 11.23464 2.333186 11.23453 2.345572 11.19013 2.316775 -1.058 2.338548 -0.9991832 2.278408 -1.057874 2.345572 11.25442 2.278408 11.19013 2.316775 11.23453 2.345572 11.19013 2.316775 11.23021 2.256786 11.26644 2.303979 -1.057622 2.316775 -0.9991832 2.278408 -1.058297 2.256786 -0.9991832 2.278408 -1.058 2.256147 -1.057992 2.251724 -1.113598 2.303979 -1.058 2.256147 -0.9991832 2.278408 -1.113598 11.26644 -1.058297 11.23021 -1.058 11.23465 -0.9991832 2.278408 -1.057992 2.251724 -1.058297 2.256786 -1.029447 2.062161 -1.018121 2.061786 -1.0143 2.275264 11.21353 2.061786 11.22156 2.275204 11.21743 2.275264 -1.020865 2.061893 -1.016372 2.275323 -1.012319 2.275204 -1.020943 2.220574 -1.0173 2.223164 -1.056217 2.29037 11.2176 2.223164 11.25129 2.290301 11.25017 2.29037 -1.056088 2.326707 -1.000499 2.30363 -1.057145 2.333674 11.24945 2.333674 11.25251 2.272522 11.25638 2.338281 -1.057145 2.333674 -1.000499 2.30363 -1.057612 2.279258 11.25251 2.272522 11.24945 2.333674 11.23065 2.279258 -1.01681 2.166183 -1.013303 2.250811 -1.014696 2.251013 11.21811 2.166183 11.22198 2.169405 11.13622 2.250811 -1.016651 11.22198 -1.014696 11.13639 -1.013539 11.13698 -1.013938 2.280211 -1.064414 2.258285 -1.017566 2.256939 -1.013938 2.280211 -1.013942 2.286713 -1.064414 2.258285 -1.017566 2.256939 -1.064414 2.258285 -1.013957 2.21844 -1.064414 11.09237 -0.9568006 11.09709 -1.012884 11.14014 11.13315 2.256939 11.13644 2.21844 11.1383 2.21557 11.22004 2.186154 11.26682 2.298872 11.26793 2.298695 11.21826 2.185481 11.2679 2.298392 11.26682 2.298872 -1.017004 2.184312 -1.021162 2.186154 -0.986717 2.298695 11.26755 2.329393 11.31629 2.306513 11.26819 2.340553 -0.9307033 2.295995 -1.009097 2.306513 -0.9853324 2.259909 11.31629 2.306513 11.26756 2.266352 11.26779 2.259909 11.31629 2.306513 11.20971 2.286851 11.26756 2.266352 -1.005071 11.20971 -0.9307033 11.27199 -0.9853324 11.26779 11.20971 2.286851 11.26779 2.259909 11.26755 2.268762 -1.021031 2.155783 -1.078218 2.296658 -1.079404 2.296267 -1.021031 2.155783 -1.01579 2.157627 -1.078218 2.296658 11.22266 2.157491 11.21031 2.296562 11.20899 2.296658 -1.016892 2.157491 -1.021031 2.155783 -1.078717 2.296562 -1.078701 2.330424 -1.122471 2.287578 -1.078706 2.336876 -1.078728 2.331961 -1.078706 2.336876 -1.015191 2.299417 -1.078728 2.331961 -1.015191 2.299417 -1.11184 2.281579 -1.015191 2.299417 -1.122471 2.287578 -1.078706 2.256977 -1.122471 11.23863 -1.11184 11.15331 -1.078853 11.20958 -1.11184 11.15331 -1.015191 11.21386 -1.078693 11.20956 -1.019823 2.153569 -1.015327 2.152874 -0.9732958 2.301598 11.22005 2.152874 11.19082 2.301977 11.18965 2.301598 11.22192 2.1545 11.18968 2.30193 11.19082 2.301977 11.19006 2.353735 11.23437 2.292925 11.18991 2.351232 11.14505 2.280925 11.18945 2.251403 11.19014 2.254413 -1.021198 2.165489 -1.015863 2.166433 -1.045316 2.285682 11.21878 2.166433 11.30624 2.285181 11.30529 2.285682 -1.017497 2.163809 -1.046354 2.285152 -1.044956 2.285181 -1.045614 2.314942 -1.045607 2.323575 -0.9879631 2.284323 -0.9879631 11.31621 -1.045607 11.30585 -1.090836 11.3667 -1.045878 2.327849 -0.9879631 2.284323 -1.042929 2.282618 11.30644 2.327849 11.30194 2.282618 11.3667 2.288784 -0.9879631 2.284323 -1.045475 2.235959 -1.042929 2.282618 11.21711 2.175081 11.14043 2.315085 11.14137 2.315313 11.21711 2.175081 11.22139 2.17761 11.14147 2.31572 -1.020856 2.176483 -1.06287 2.315313 -1.061508 2.31572 -1.062147 2.36185 -1.062061 2.362728 -1.010854 2.322417 11.1411 2.354627 11.17812 2.304908 11.1412 2.362728 11.1411 2.354627 11.14098 2.36185 11.0984 2.307284 11.14145 2.270749 11.17812 2.304908 11.14111 2.277292 -1.099486 11.17812 -1.096608 11.0984 -1.062142 11.14111 11.0984 2.307284 11.14099 2.269629 11.14111 2.277292 -1.021042 2.160787 -1.016707 2.15998 -0.9604726 2.331941 -1.016883 2.159453 -1.021042 2.160787 -0.9605179 2.33181 11.22123 2.160787 11.24246 2.331941 11.24376 2.33181 11.24311 2.367179 11.25252 2.324273 11.2442 2.372315 -0.9602064 2.367179 -0.9594416 2.340619 -0.9961907 2.324273 -0.9594416 2.340619 -0.9573945 2.372315 -0.9119494 2.332091 -0.9573945 2.372315 -0.9961907 2.324273 -0.9119494 2.332091 -0.9594416 2.340619 -0.9119494 2.332091 -0.9594502 2.295363 -0.9594502 2.295363 -0.9961907 2.324273 -0.9601249 2.299401 -0.9961907 2.324273 -0.9605148 2.293985 -0.9601249 2.299401 11.22123 2.179683 11.21707 2.180864 11.23427 2.297161 11.22167 2.181199 11.23536 2.2973 11.23399 2.297468 -1.015477 2.181199 -1.020956 2.179683 -1.057736 2.2973 11.22123 2.179683 11.23427 2.297161 11.23536 2.2973 -1.058 2.338548 -1.058004 2.333186 -1.113598 2.303979 -0.9991832 2.278408 -1.058 2.338548 -1.113598 2.303979 10.7184 1.946194 10.71578 2.159297 10.71959 2.159356 10.72613 1.945926 10.71991 2.159236 10.71189 1.945819 -0.8966883 1.946194 -0.8836128 2.159356 -0.8881061 1.945926 10.72003 2.066545 10.72376 2.228047 10.72495 2.22816 10.71959 2.065243 10.72376 2.228047 10.7154 2.06603 -0.8882426 2.066545 -0.8389137 2.227866 -0.8826944 2.065243 -0.8537008 10.71288 -0.8855395 10.77237 -0.839501 10.72458 -0.8394107 2.270873 -0.8855395 2.239221 -0.7787471 2.212205 -0.8855395 10.77237 -0.8806646 10.71458 -0.8395009 10.7247 -0.8537008 2.25077 -0.7787471 2.212205 -0.8394772 2.190859 -0.7787471 2.212205 -0.8395009 2.185171 -0.8394772 2.190859 10.7184 2.077515 10.76404 2.210828 10.76528 2.210285 10.72137 2.078156 10.76518 2.210809 10.71588 2.079899 -0.8847365 2.078156 -0.9549704 2.210285 -0.9538382 2.210809 -0.8882142 2.077515 -0.9549704 2.210285 -0.8847365 2.078156 10.81667 2.208677 10.72711 2.204512 10.76465 2.248318 10.76519 2.2339 10.76225 2.206875 10.81667 2.208677 10.76225 2.206875 10.76498 2.179316 10.81667 2.208677 10.71537 2.081737 10.67084 2.188407 10.71978 2.083541 10.71537 2.081737 10.67074 2.188292 10.66977 2.187963 -0.8829641 2.083417 -0.8795227 2.188407 -0.8780969 2.188292 -0.8788632 10.67044 -0.8409666 10.67071 -0.8938217 10.60717 -0.8788324 2.224531 -0.8409666 2.21903 -0.8788632 2.229345 -0.9239758 2.198408 -0.8896212 2.160388 -0.8409666 2.21903 10.72826 2.160388 10.67119 2.147133 10.67071 2.21903 10.60717 2.186272 10.67046 2.14755 10.6998 2.198408 10.71618 2.073783 10.80737 2.193571 10.80837 2.193227 -0.8826377 2.071149 -0.8364231 2.193571 -0.8864145 2.073783 -0.8365573 2.225046 -0.8365747 2.223535 -0.7917022 2.204959 10.80806 2.223535 10.79443 2.229987 10.8669 2.185859 10.80806 2.221722 10.79443 2.229987 10.80806 2.223535 -0.8404654 10.79443 -0.7917022 10.85146 -0.80653 10.74979 10.79443 2.229987 10.74979 2.183633 10.8081 2.168366 -0.7917022 10.85146 -0.8276572 10.8669 -0.80653 10.74979 10.8669 2.185859 10.80806 2.154701 10.80806 2.156368 10.8669 2.185859 10.8081 2.168366 10.80806 2.154701 10.74979 2.183633 10.80806 2.156368 10.8081 2.168366 10.71691 2.065024 10.70319 2.157021 10.70431 2.157038 -0.8828577 2.06727 -0.9366273 2.157021 -0.8876975 2.065024 -0.8860216 2.066417 -0.9369076 2.157038 -0.9356567 2.157557 10.70439 2.165347 10.75153 2.153684 10.70377 2.19051 -0.9362932 10.70377 -0.9400042 10.75153 -0.858625 10.69512 10.70439 2.165347 10.70203 2.150045 10.70417 2.120291 10.75153 2.153684 10.70417 2.120291 10.70385 2.126711 -0.858625 2.154116 -0.9363232 2.126711 -0.9365125 2.150045 10.7155 2.109817 10.69538 2.15145 10.7198 2.112231 -0.8830845 10.71993 -0.8409877 10.69542 -0.8865016 10.7155 10.71993 2.108792 10.69649 2.151193 10.69542 2.150588 -0.8869694 10.7198 -0.8419569 10.69538 -0.8411039 10.69649 -0.8413545 2.179991 -0.841081 2.188435 -0.7887081 2.148981 10.69566 2.187115 10.70088 2.140498 10.69581 2.188435 -0.8413545 2.179991 -0.7887081 2.148981 -0.8413148 2.187115 -0.841081 2.188435 -0.8426504 2.140498 -0.7887081 2.148981 10.69566 2.187115 10.69775 2.148399 10.70088 2.140498 -0.8413148 2.187115 -0.8309888 2.144742 -0.8425767 2.148399 -0.7887081 2.148981 -0.8309888 2.144742 -0.8413148 2.187115 -0.7887081 10.72207 -0.8426504 10.70088 -0.8309888 10.68753 10.71696 2.041125 10.75826 2.159103 10.75924 2.158788 -0.8827515 2.041931 -0.9060109 2.159103 -0.8881106 2.041125 10.75862 2.196638 10.75871 2.2054 10.71442 2.136575 -0.905872 2.201924 -0.8675333 2.14864 -0.9054732 2.2054 -0.905872 2.201924 -0.9062888 2.123134 -0.8675333 2.14864 10.75932 2.201924 10.75862 2.196638 10.75923 2.123134 10.79279 2.14864 10.71442 2.136575 10.75871 2.2054 10.75862 2.196638 10.71442 2.136575 10.75923 2.123134 10.71442 2.136575 10.75888 2.116998 10.75923 2.123134 -0.8675333 2.14864 -0.9062888 2.123134 -0.9056055 2.116303 10.71594 2.065628 10.67093 2.180118 10.72085 2.067263 -0.8825639 2.066743 -0.9057826 2.180585 -0.9068105 2.180118 -0.8871169 2.067263 -0.9068886 2.180531 -0.9057826 2.180585 -0.9461001 2.182479 -0.8551556 2.178134 -0.9064658 2.217286 -0.9065833 2.222004 -0.8551556 2.178134 -0.9298068 2.172483 10.71442 2.182479 10.67156 2.140448 10.67159 2.147753 10.62031 2.172483 10.67156 2.146297 10.67156 2.140448 10.71677 2.104297 10.73496 2.21976 10.7361 2.219741 10.71691 2.103132 10.73613 2.219451 10.73496 2.21976 10.72147 2.103056 10.73613 2.219451 10.71691 2.103132 10.71677 2.104297 10.7361 2.219741 10.72147 2.103056 10.73573 2.254985 10.68615 2.2406 10.75251 2.25422 10.75251 2.25422 10.73089 2.175324 10.73584 2.264453 -0.846598 10.68615 -0.9051292 10.73875 -0.8535229 10.75251 10.73584 2.264453 10.73089 2.175324 10.68615 2.2406 -0.8966883 1.946194 -0.8853619 1.945819 -0.8815411 2.159297 10.71189 1.945819 10.71991 2.159236 10.71578 2.159297 -0.8881061 1.945926 -0.8836128 2.159356 -0.8795597 2.159236 10.72003 2.066545 10.7154 2.06603 10.72376 2.228047 10.71959 2.065243 10.72505 2.227866 10.72376 2.228047 -0.8882426 2.066545 -0.8401408 2.22816 -0.8389137 2.227866 10.72458 2.261464 10.77237 2.239221 10.72469 2.270873 -0.8394107 2.270873 -0.7787471 2.212205 -0.8537008 2.25077 10.71288 2.25077 10.71458 2.194427 10.77237 2.239221 -0.7787471 2.212205 -0.8855395 2.239221 -0.8395009 2.185171 -0.8806646 2.194427 -0.8537008 2.25077 -0.8394772 2.190859 -0.8882142 2.077515 -0.8844279 2.079899 -0.9545673 2.210828 10.71588 2.079899 10.76518 2.210809 10.76404 2.210828 10.76465 2.248318 10.76519 2.2339 10.81667 2.208677 -0.9541298 2.248318 -0.9175843 2.204512 -0.9554465 2.206875 10.72711 2.204512 10.81667 2.208677 10.76424 2.175133 -0.9554465 2.206875 -0.9175843 2.204512 -0.9541951 2.175133 10.76424 2.175133 10.81667 2.208677 10.76498 2.179316 10.71537 2.081737 10.66977 2.187963 10.67084 2.188407 10.71537 2.081737 10.72015 2.083417 10.67074 2.188292 -0.8829641 2.083417 -0.8880362 2.083541 -0.8795227 2.188407 -0.8788324 2.224531 -0.9239758 2.198408 -0.8409666 2.21903 -0.8788324 2.224531 -0.8788286 2.223439 -0.9239758 2.198408 -0.8788286 2.223439 -0.8788632 2.229345 -0.9239758 2.198408 -0.8788632 10.67044 -0.8938217 10.60717 -0.9239758 10.6998 10.60717 2.186272 10.67071 2.21903 10.67119 2.147133 10.67119 2.147133 10.72826 2.160388 10.67046 2.156077 10.72826 2.160388 10.67046 2.14755 10.67046 2.156077 10.72826 2.160388 10.6998 2.198408 10.67046 2.14755 -0.8938217 10.60717 -0.8780023 10.67119 -0.8788364 10.67046 10.7184 2.071149 10.80846 2.192779 10.80737 2.193571 -0.8826377 10.7184 -0.8864415 10.72101 -0.8360824 10.80846 -0.8864415 2.070811 -0.8372535 2.193227 -0.8360824 2.192779 10.72101 2.070811 10.71618 2.073783 10.80837 2.193227 -0.8365751 2.221722 -0.8365573 2.225046 -0.7917022 2.204959 -0.8365751 10.80806 -0.7917022 10.85146 -0.8404654 10.79443 -0.7917022 10.85146 -0.8365747 10.80806 -0.8276572 10.8669 10.79443 2.229987 10.8081 2.168366 10.8669 2.185859 10.74979 2.183633 10.8669 2.185859 10.80806 2.156368 -0.8828577 2.06727 -0.9356567 2.157557 -0.9366273 2.157021 10.71677 2.06727 10.72147 2.066417 10.70384 2.157557 10.72147 2.066417 10.71691 2.065024 10.70431 2.157038 10.70232 2.196673 10.70377 2.19051 10.70203 2.150045 -0.9362932 2.19051 -0.858625 2.154116 -0.9365125 2.150045 10.70439 2.165347 10.70232 2.196673 10.70203 2.150045 10.75153 2.153684 10.70439 2.165347 10.70417 2.120291 -0.858625 10.69512 -0.9400042 10.75153 -0.9363232 10.70385 -0.8865016 2.109817 -0.8409877 2.150588 -0.8419569 2.15145 -0.8830845 2.108792 -0.8869694 2.112231 -0.8411039 2.151193 -0.8827515 2.041931 -0.9048544 2.159046 -0.9060109 2.159103 10.71683 2.041931 10.72135 2.040204 10.75902 2.159046 -0.8857415 2.040204 -0.90623 2.158788 -0.9048544 2.159046 10.72135 2.040204 10.71696 2.041125 10.75924 2.158788 10.71442 2.136575 10.75888 2.116303 10.75888 2.116998 -0.8901838 10.71442 -0.8675333 10.79279 -0.9056055 10.75888 -0.8868222 2.065628 -0.8825639 2.066743 -0.9068105 2.180118 -0.8825639 2.066743 -0.8871169 2.067263 -0.9057826 2.180585 10.72085 2.067263 10.67093 2.180118 10.67216 2.180531 -0.9065833 2.222004 -0.9064658 2.217286 -0.8551556 2.178134 10.67158 2.217286 10.67154 2.210601 10.71442 2.182479 10.67154 2.210601 10.6711 2.222004 10.71442 2.182479 10.6711 2.222004 10.62031 2.172483 10.71442 2.182479 10.62031 2.172483 10.67156 2.140448 10.71442 2.182479 -0.9461001 10.71442 -0.9064854 10.67159 -0.8551556 10.69201 -0.8551556 2.178134 -0.9064854 2.147753 -0.9064728 2.146297 10.62031 2.172483 10.69201 2.178134 10.67156 2.146297 -0.8881917 2.104297 -0.8829128 2.103132 -0.8554362 2.21976 -0.8851785 2.103056 -0.8560028 2.219741 -0.8546827 2.219451 10.73573 2.254985 10.73584 2.264453 10.68615 2.2406 10.75251 2.25422 10.73673 2.169241 10.73089 2.175324 -0.8535229 2.25422 -0.9051292 2.198576 -0.8546857 2.169241 -0.846598 2.2406 -0.8540355 2.175324 -0.9051292 2.198576 -0.9051292 10.73875 -0.8540355 10.73089 -0.8553857 10.73575 -0.8546857 2.169241 -0.9051292 2.198576 -0.8553857 2.172389 11.44809 2.084341 11.44547 2.297444 11.44929 2.297503 11.45583 2.084073 11.44961 2.297383 11.44158 2.083966 -1.264618 2.084341 -1.251543 2.297503 -1.256036 2.084073 11.44973 2.204692 11.45345 2.366194 11.45465 2.366307 11.44929 2.20339 11.45345 2.366194 11.4451 2.204177 -1.256172 2.204692 -1.206844 2.366013 -1.250624 2.20339 -1.221631 11.44258 -1.253469 11.50206 -1.207431 11.45427 -1.207341 2.40902 -1.253469 2.377367 -1.146677 2.350352 -1.253469 11.50206 -1.248594 11.44428 -1.207431 11.45439 -1.221631 2.388917 -1.146677 2.350352 -1.207407 2.329006 -1.146677 2.350352 -1.207431 2.323318 -1.207407 2.329006 11.44809 2.215662 11.49373 2.348975 11.49498 2.348432 11.45107 2.216303 11.49488 2.348956 11.44558 2.218046 -1.252666 2.216303 -1.3229 2.348432 -1.321768 2.348956 -1.256144 2.215662 -1.3229 2.348432 -1.252666 2.216303 11.54637 2.346824 11.45681 2.342659 11.49435 2.386465 11.49488 2.372047 11.49195 2.345022 11.54637 2.346824 11.49195 2.345022 11.49468 2.317462 11.54637 2.346824 11.44507 2.219884 11.40054 2.326554 11.44948 2.221688 11.44507 2.219884 11.40044 2.326439 11.39947 2.32611 -1.250894 2.221564 -1.247453 2.326554 -1.246027 2.326439 -1.246793 11.40013 -1.208896 11.40041 -1.261752 11.33687 -1.246762 2.362678 -1.208896 2.357177 -1.246793 2.367492 -1.291906 2.336555 -1.257551 2.298535 -1.208896 2.357177 11.45796 2.298535 11.40089 2.28528 11.40041 2.357177 11.33687 2.324418 11.40016 2.285697 11.4295 2.336555 11.44588 2.21193 11.53706 2.331718 11.53807 2.331374 -1.250568 2.209296 -1.204353 2.331718 -1.254344 2.21193 -1.204487 2.363193 -1.204505 2.361682 -1.159632 2.343106 11.53776 2.361682 11.52413 2.368134 11.5966 2.324006 11.53775 2.359869 11.52413 2.368134 11.53776 2.361682 -1.208395 11.52413 -1.159632 11.58116 -1.17446 11.47949 11.52413 2.368134 11.47949 2.32178 11.5378 2.306513 -1.159632 11.58116 -1.195587 11.5966 -1.17446 11.47949 11.5966 2.324006 11.53775 2.292848 11.53776 2.294515 11.5966 2.324006 11.5378 2.306513 11.53775 2.292848 11.47949 2.32178 11.53776 2.294515 11.5378 2.306513 11.44661 2.203171 11.43288 2.295168 11.434 2.295185 -1.250788 2.205417 -1.304557 2.295168 -1.255627 2.203171 -1.253951 2.204564 -1.304837 2.295185 -1.303587 2.295704 11.43409 2.303494 11.48123 2.291831 11.43347 2.328657 -1.304223 11.43347 -1.307934 11.48123 -1.226555 11.42482 11.43409 2.303494 11.43173 2.288192 11.43387 2.258438 11.48123 2.291831 11.43387 2.258438 11.43354 2.264858 -1.226555 2.292263 -1.304253 2.264858 -1.304442 2.288192 11.44519 2.247964 11.42508 2.289597 11.4495 2.250378 -1.251014 11.44963 -1.208918 11.42512 -1.254431 11.44519 11.44963 2.246939 11.42619 2.28934 11.42512 2.288735 -1.254899 11.4495 -1.209887 11.42508 -1.209034 11.42619 -1.209284 2.318138 -1.209011 2.326582 -1.156638 2.287128 11.42536 2.325262 11.43058 2.278645 11.42551 2.326582 -1.209284 2.318138 -1.156638 2.287128 -1.209245 2.325262 -1.209011 2.326582 -1.21058 2.278645 -1.156638 2.287128 11.42536 2.325262 11.42745 2.286546 11.43058 2.278645 -1.209245 2.325262 -1.198919 2.282889 -1.210507 2.286546 -1.156638 2.287128 -1.198919 2.282889 -1.209245 2.325262 -1.156638 11.45177 -1.21058 11.43058 -1.198919 11.41723 11.44666 2.179272 11.48796 2.29725 11.48894 2.296935 -1.250681 2.180078 -1.273941 2.29725 -1.25604 2.179272 11.48832 2.334785 11.48841 2.343547 11.44412 2.274722 -1.273802 2.340071 -1.235463 2.286787 -1.273403 2.343547 -1.273802 2.340071 -1.274219 2.261281 -1.235463 2.286787 11.48902 2.340071 11.48832 2.334785 11.48892 2.261281 11.52249 2.286787 11.44412 2.274722 11.48841 2.343547 11.48832 2.334785 11.44412 2.274722 11.48892 2.261281 11.44412 2.274722 11.48858 2.255145 11.48892 2.261281 -1.235463 2.286787 -1.274219 2.261281 -1.273535 2.25445 11.44563 2.203775 11.40063 2.318265 11.45055 2.20541 -1.250494 2.20489 -1.273712 2.318732 -1.27474 2.318265 -1.255047 2.20541 -1.274818 2.318678 -1.273712 2.318732 -1.31403 2.320626 -1.223085 2.316281 -1.274396 2.355433 -1.274513 2.360151 -1.223085 2.316281 -1.297737 2.31063 11.44412 2.320626 11.40126 2.278595 11.40129 2.2859 11.35001 2.31063 11.40125 2.284444 11.40126 2.278595 11.44647 2.242444 11.46466 2.357907 11.4658 2.357888 11.44661 2.241279 11.46583 2.357598 11.46466 2.357907 11.45116 2.241203 11.46583 2.357598 11.44661 2.241279 11.44647 2.242444 11.4658 2.357888 11.45116 2.241203 11.46543 2.393132 11.41585 2.378747 11.48221 2.392367 11.48221 2.392367 11.46058 2.313471 11.46554 2.4026 -1.214528 11.41585 -1.273059 11.46845 -1.221453 11.48221 11.46554 2.4026 11.46058 2.313471 11.41585 2.378747 -1.264618 2.084341 -1.253292 2.083966 -1.249471 2.297444 11.44158 2.083966 11.44961 2.297383 11.44547 2.297444 -1.256036 2.084073 -1.251543 2.297503 -1.24749 2.297383 11.44973 2.204692 11.4451 2.204177 11.45345 2.366194 11.44929 2.20339 11.45475 2.366013 11.45345 2.366194 -1.256172 2.204692 -1.208071 2.366307 -1.206844 2.366013 11.45427 2.399611 11.50206 2.377367 11.45438 2.40902 -1.207341 2.40902 -1.146677 2.350352 -1.221631 2.388917 11.44258 2.388917 11.44428 2.332574 11.50206 2.377367 -1.146677 2.350352 -1.253469 2.377367 -1.207431 2.323318 -1.248594 2.332574 -1.221631 2.388917 -1.207407 2.329006 -1.256144 2.215662 -1.252358 2.218046 -1.322497 2.348975 11.44558 2.218046 11.49488 2.348956 11.49373 2.348975 11.49435 2.386465 11.49488 2.372047 11.54637 2.346824 -1.32206 2.386465 -1.285514 2.342659 -1.323376 2.345022 11.45681 2.342659 11.54637 2.346824 11.49393 2.31328 -1.323376 2.345022 -1.285514 2.342659 -1.322125 2.31328 11.49393 2.31328 11.54637 2.346824 11.49468 2.317462 11.44507 2.219884 11.39947 2.32611 11.40054 2.326554 11.44507 2.219884 11.44985 2.221564 11.40044 2.326439 -1.250894 2.221564 -1.255966 2.221688 -1.247453 2.326554 -1.246762 2.362678 -1.291906 2.336555 -1.208896 2.357177 -1.246762 2.362678 -1.246758 2.361586 -1.291906 2.336555 -1.246758 2.361586 -1.246793 2.367492 -1.291906 2.336555 -1.246793 11.40013 -1.261752 11.33687 -1.291906 11.4295 11.33687 2.324418 11.40041 2.357177 11.40089 2.28528 11.40089 2.28528 11.45796 2.298535 11.40016 2.294224 11.45796 2.298535 11.40016 2.285697 11.40016 2.294224 11.45796 2.298535 11.4295 2.336555 11.40016 2.285697 -1.261752 11.33687 -1.245932 11.40089 -1.246766 11.40016 11.44809 2.209296 11.53816 2.330926 11.53706 2.331718 -1.250568 11.44809 -1.254371 11.45071 -1.204012 11.53816 -1.254371 2.208958 -1.205183 2.331374 -1.204012 2.330926 11.45071 2.208958 11.44588 2.21193 11.53807 2.331374 -1.204505 2.359869 -1.204487 2.363193 -1.159632 2.343106 -1.204505 11.53775 -1.159632 11.58116 -1.208395 11.52413 -1.159632 11.58116 -1.204505 11.53776 -1.195587 11.5966 11.52413 2.368134 11.5378 2.306513 11.5966 2.324006 11.47949 2.32178 11.5966 2.324006 11.53776 2.294515 -1.250788 2.205417 -1.303587 2.295704 -1.304557 2.295168 11.44647 2.205417 11.45116 2.204564 11.43353 2.295704 11.45116 2.204564 11.44661 2.203171 11.434 2.295185 11.43202 2.33482 11.43347 2.328657 11.43173 2.288192 -1.304223 2.328657 -1.226555 2.292263 -1.304442 2.288192 11.43409 2.303494 11.43202 2.33482 11.43173 2.288192 11.48123 2.291831 11.43409 2.303494 11.43387 2.258438 -1.226555 11.42482 -1.307934 11.48123 -1.304253 11.43354 -1.254431 2.247964 -1.208918 2.288735 -1.209887 2.289597 -1.251014 2.246939 -1.254899 2.250378 -1.209034 2.28934 -1.250681 2.180078 -1.272784 2.297193 -1.273941 2.29725 11.44653 2.180078 11.45105 2.178351 11.48872 2.297193 -1.253671 2.178351 -1.27416 2.296935 -1.272784 2.297193 11.45105 2.178351 11.44666 2.179272 11.48894 2.296935 11.44412 2.274722 11.48857 2.25445 11.48858 2.255145 -1.258114 11.44412 -1.235463 11.52249 -1.273535 11.48857 -1.254752 2.203775 -1.250494 2.20489 -1.27474 2.318265 -1.250494 2.20489 -1.255047 2.20541 -1.273712 2.318732 11.45055 2.20541 11.40063 2.318265 11.40185 2.318678 -1.274513 2.360151 -1.274396 2.355433 -1.223085 2.316281 11.40128 2.355433 11.40124 2.348748 11.44412 2.320626 11.40124 2.348748 11.4008 2.360151 11.44412 2.320626 11.4008 2.360151 11.35001 2.31063 11.44412 2.320626 11.35001 2.31063 11.40126 2.278595 11.44412 2.320626 -1.31403 11.44412 -1.274415 11.40129 -1.223085 11.42171 -1.223085 2.316281 -1.274415 2.2859 -1.274403 2.284444 11.35001 2.31063 11.42171 2.316281 11.40125 2.284444 -1.256121 2.242444 -1.250843 2.241279 -1.223366 2.357907 -1.253108 2.241203 -1.223933 2.357888 -1.222613 2.357598 11.46543 2.393132 11.46554 2.4026 11.41585 2.378747 11.48221 2.392367 11.46642 2.307388 11.46058 2.313471 -1.221453 2.392367 -1.273059 2.336723 -1.222616 2.307388 -1.214528 2.378747 -1.221965 2.313471 -1.273059 2.336723 -1.273059 11.46845 -1.221965 11.46058 -1.223316 11.46545 -1.222616 2.307388 -1.273059 2.336723 -1.223316 2.310536 10.12508 1.7886 10.12246 2.001703 10.12627 2.001762 10.13281 1.788332 10.1266 2.001642 10.11857 1.788225 -0.5533984 1.7886 -0.5403228 2.001762 -0.5448162 1.788332 10.12189 1.91879 10.08856 2.05396 10.12693 1.920552 10.12654 1.918961 10.08931 2.053857 10.08792 2.053491 -0.5443935 1.920552 -0.4914663 2.053857 -0.539627 1.918961 -0.5443935 1.920552 -0.4923368 2.05396 -0.4914663 2.053857 10.08296 2.089253 10.12947 2.045199 10.08917 2.093003 10.08775 2.088914 10.08792 2.013561 10.08296 2.089253 10.08296 2.089253 10.08792 2.013561 10.08845 2.018174 10.12947 2.045199 10.08856 2.017706 10.08792 2.013561 -0.5451882 10.12421 -0.5658954 10.20983 -0.5670267 10.20988 10.12656 1.942079 10.20983 1.977715 10.12439 1.946623 -0.5405632 10.12656 -0.5670267 10.20988 -0.5659082 10.21035 10.21022 2.019962 10.25723 1.987947 10.2106 2.024545 -0.5663999 2.022319 -0.5658492 2.024545 -0.5272071 1.978796 10.2106 2.024545 10.25723 1.987947 10.1707 1.978796 -0.5663999 2.022319 -0.5272071 1.978796 -0.6201733 1.981051 -0.5664942 2.019962 -0.6201733 1.981051 -0.5336164 1.987947 -0.5729857 10.16429 -0.5648089 10.22714 -0.6201733 10.20169 -0.5729857 10.16429 -0.5272071 10.1707 -0.5663415 10.20997 10.22714 1.936564 10.20997 1.934752 10.21003 1.93664 10.1707 1.978796 10.21001 1.940176 10.20997 1.934752 -0.5399411 10.12315 -0.5948158 10.03678 -0.5441458 10.1242 -0.5419092 10.127 -0.5947857 10.03773 -0.5937966 10.03686 10.1242 1.916094 10.03773 1.990788 10.127 1.920282 -0.5944798 10.03712 -0.6317812 10.00543 -0.6432621 10.09746 -0.6432621 1.998482 -0.5537145 1.995417 -0.5944684 2.028154 -0.5537145 1.995417 -0.6432621 1.998482 -0.5903159 1.949899 -0.5537145 1.995417 -0.5903159 1.949899 -0.5944347 1.952227 -0.6317812 10.00543 -0.5945074 10.03713 -0.6432621 10.09746 -0.5537145 1.995417 -0.5944347 1.952227 -0.6317812 1.987599 -0.6317812 1.987599 -0.5944347 1.952227 -0.5945074 1.95959 10.12667 1.908014 10.15778 1.993829 10.12217 1.910579 -0.540486 1.908014 -0.4488087 1.994468 -0.447904 1.993829 -0.4486446 2.045856 -0.4471657 2.013564 -0.4982951 1.993378 -0.4472303 2.025784 -0.4352538 1.946647 -0.4471657 2.013564 -0.4472303 2.025784 -0.4982951 1.993378 -0.4352538 1.946647 -0.4982951 1.993378 -0.4471657 2.013564 -0.4485054 1.947678 -0.4483403 1.9444 -0.4485054 1.947678 -0.4471657 2.013564 10.12362 1.930822 10.16273 2.056097 10.16373 2.055781 -0.5400285 1.933589 -0.6324988 2.056097 -0.5445414 1.930822 -0.6320974 2.083944 -0.5743521 2.050829 -0.6315711 2.094978 -0.6320974 2.083944 -0.6320821 2.090087 -0.5743521 2.050829 -0.6320821 2.090087 -0.6318117 2.043596 -0.5743521 2.050829 -0.5743521 2.050829 -0.6325514 2.036141 -0.6315711 2.094978 10.16384 2.090087 10.16555 2.037955 10.16366 2.043596 -0.5743521 2.050829 -0.6318117 2.043596 -0.6325514 2.036141 -0.5438309 1.919834 -0.5182509 2.060608 -0.5195841 2.060954 -0.5391946 1.920093 -0.5182509 2.060608 -0.5438309 1.919834 10.12508 1.920093 10.06385 2.06102 10.0628 2.060608 -0.5188322 2.106048 -0.4586401 2.054218 -0.5189427 2.114676 10.07596 2.090662 10.03942 2.054218 10.06324 2.106048 -0.5189427 2.114676 -0.4586401 2.054218 -0.5844005 2.055096 -0.511545 2.090662 -0.5189296 2.010923 -0.4586401 2.054218 -0.5844005 2.055096 -0.5190255 2.010357 -0.5188794 2.018028 -0.5392659 1.897244 -0.5123393 2.06305 -0.5449547 1.897895 10.12363 1.897244 10.22217 2.062501 10.22101 2.06305 10.12402 1.897895 10.22186 2.062812 10.12773 1.895712 -0.4609551 2.082379 -0.5132543 2.087515 -0.5127518 2.102626 10.26125 2.058374 10.22159 2.032825 10.22435 2.024653 -0.5429674 10.12258 -0.6170947 10.08535 -0.6180132 10.0864 -0.5400446 1.9238 -0.6170947 2.017819 -0.5429674 1.920632 10.12622 1.9238 10.08667 2.018185 10.08535 2.017819 -0.5438644 1.921764 -0.6172271 2.018185 -0.5400446 1.9238 -0.6174208 10.08602 -0.6761293 10.04068 -0.6590218 10.13155 10.08602 2.057688 10.08523 2.059042 10.04068 2.010476 -0.5522281 1.994821 -0.6761293 2.010476 -0.6173284 2.059042 -0.5627876 2.038459 -0.6590218 2.01427 -0.5522281 1.994821 -0.5522281 1.994821 -0.6174167 1.973383 -0.6174202 1.978655 -0.5522281 1.994821 -0.6174202 1.978655 -0.617427 1.972383 10.12626 1.886788 10.10173 2.056477 10.1221 1.887555 -0.5446663 1.889114 -0.4525851 2.056861 -0.5395328 1.886788 10.12671 1.889114 10.10162 2.057038 10.10277 2.056861 -0.452621 2.091955 -0.4816868 2.095093 -0.452621 2.092188 10.10303 2.103981 10.11722 2.043601 10.07723 2.053628 -0.4284937 2.053628 -0.4531971 2.024772 -0.4816868 2.095093 10.07723 2.053628 10.11722 2.043601 10.10198 2.015209 -0.5533984 1.7886 -0.542072 1.788225 -0.5382511 2.001703 10.11857 1.788225 10.1266 2.001642 10.12246 2.001703 -0.5448162 1.788332 -0.5403228 2.001762 -0.5362697 2.001642 -0.5424352 1.91879 -0.4913131 2.053491 -0.4923368 2.05396 10.12189 1.91879 10.12654 1.918961 10.08792 2.053491 10.08917 2.093003 10.12947 2.045199 10.08775 2.088914 10.08296 2.089253 10.08845 2.018174 10.12947 2.045199 10.08775 2.088914 10.12947 2.045199 10.08792 2.013561 -0.4673189 2.045199 -0.4922091 2.018174 -0.4916221 2.017706 -0.5451882 10.12421 -0.540782 10.12439 -0.5658954 10.20983 10.12656 1.942079 10.21035 1.976571 10.20983 1.977715 -0.5405632 10.12656 -0.5451882 10.12421 -0.5670267 10.20988 -0.5664942 2.019962 -0.5663999 2.022319 -0.6201733 1.981051 -0.5272071 1.978796 -0.5729857 1.953311 -0.6201733 1.981051 10.25723 1.987947 10.22714 1.936564 10.1707 1.978796 -0.5336164 1.987947 -0.6201733 1.981051 -0.5648089 1.936564 -0.5272071 10.1707 -0.5648089 10.22714 -0.5662755 10.21001 10.22714 1.936564 10.21003 1.93664 10.21001 1.940176 10.22714 1.936564 10.16429 1.953311 10.20997 1.934752 -0.5399411 1.917578 -0.5937966 1.990496 -0.5948158 1.989804 10.12315 1.917578 10.127 1.920282 10.03686 1.990496 10.1242 1.916094 10.03678 1.989804 10.03773 1.990788 -0.5944766 2.023094 -0.5944684 2.028154 -0.5537145 1.995417 10.03713 2.028154 10.03712 2.020596 10.09746 1.998482 -0.5944798 2.020596 -0.5944766 2.023094 -0.6317812 1.987599 -0.5944766 2.023094 -0.5537145 1.995417 -0.6317812 1.987599 10.09746 1.998482 10.03713 1.95959 10.03684 1.949899 -0.5444223 10.12624 -0.5416783 10.12217 -0.4487833 10.15732 -0.5416783 1.910579 -0.447904 1.993829 -0.4487833 1.9948 -0.540486 1.908014 -0.5444223 1.911814 -0.4488087 1.994468 -0.5444223 10.12624 -0.4487833 10.15732 -0.4488087 10.15841 -0.4486446 2.045856 -0.4982951 1.993378 -0.4472303 2.025784 -0.4471657 2.013564 -0.4352538 1.946647 -0.4483403 1.9444 -0.4352538 1.946647 -0.4982951 1.993378 -0.4485054 1.947678 -0.5400285 1.933589 -0.6314505 2.056528 -0.6324988 2.056097 10.12348 1.933589 10.12809 1.931123 10.1635 2.056528 -0.5421395 1.931123 -0.6325934 2.055781 -0.6314505 2.056528 10.12809 1.931123 10.12362 1.930822 10.16373 2.055781 10.16384 2.090087 10.16182 2.094978 10.16555 2.037955 10.16555 2.037955 10.16182 2.094978 10.16173 2.036141 10.12508 1.920093 10.12796 1.9216 10.06385 2.06102 -0.5424237 1.9216 -0.5195841 2.060954 -0.518426 2.06102 10.12796 1.9216 10.12265 1.919834 10.06324 2.060954 -0.5189427 2.114676 -0.5844005 2.055096 -0.511545 2.090662 -0.4586401 2.054218 -0.5190255 2.010357 -0.5844005 2.055096 -0.511545 2.090662 -0.5844005 2.055096 -0.5189296 2.010923 -0.5189296 2.010923 -0.5844005 2.055096 -0.5188794 2.018028 -0.5190255 10.06266 -0.4586401 10.03942 -0.5189296 10.06419 -0.5449547 1.897895 -0.5123393 2.06305 -0.5134965 2.062812 10.12363 1.897244 10.12773 1.895712 10.22217 2.062501 -0.5424141 1.895712 -0.5134965 2.062812 -0.5124359 2.062501 10.22072 2.087515 10.26125 2.058374 10.22166 2.100035 -0.5127518 2.102626 -0.5127732 2.100035 -0.4609551 2.082379 -0.5127732 2.100035 -0.5531876 2.058374 -0.4609551 2.082379 10.26125 2.058374 10.22072 2.087515 10.21897 2.029045 -0.4609551 2.082379 -0.5531876 2.058374 -0.5086346 2.024653 -0.5132543 2.087515 -0.5086346 2.024653 -0.5160937 2.029045 -0.5132543 2.087515 -0.4609551 2.082379 -0.5086346 2.024653 -0.5531876 10.26125 -0.5160937 10.21897 -0.5127559 10.22159 -0.5438644 1.921764 -0.6180132 2.017576 -0.6172271 2.018185 10.12759 1.921764 10.12258 1.920632 10.0864 2.017576 10.08608 2.061232 10.08602 2.057688 10.13155 2.01427 -0.6173284 2.059042 -0.6174012 2.061232 -0.5627876 2.038459 -0.6174012 2.061232 -0.6590218 2.01427 -0.5627876 2.038459 -0.5627876 2.038459 -0.5522281 1.994821 -0.6173284 2.059042 -0.5522281 1.994821 -0.6590218 2.01427 -0.6174167 1.973383 -0.6590218 10.13155 -0.6761293 10.04068 -0.6174167 10.0861 -0.6761293 2.010476 -0.617427 1.972383 -0.6174167 1.973383 -0.6761293 2.010476 -0.5522281 1.994821 -0.617427 1.972383 10.12671 1.889114 10.1221 1.887555 10.10162 2.057038 -0.5423378 1.887555 -0.4519858 2.056477 -0.45328 2.057038 10.12626 1.886788 10.10277 2.056861 10.10173 2.056477 -0.452621 2.092188 -0.4816868 2.095093 -0.4521903 2.103981 -0.452621 2.091955 -0.4284937 2.053628 -0.4816868 2.095093 -0.452621 2.091955 -0.4521903 2.103981 -0.4284937 2.053628 -0.4816868 2.095093 -0.4533703 2.043601 -0.4521903 2.103981 10.10061 2.095093 10.10087 2.024772 10.11722 2.043601 -0.4531971 2.024772 -0.4284937 2.053628 -0.4526743 2.015209 11.20212 1.994836 11.1995 2.20794 11.20331 2.207998 11.20985 1.994568 11.20364 2.207879 11.19561 1.994461 -1.687944 1.994836 -1.674869 2.207998 -1.679362 1.994568 11.20212 2.086052 11.12173 2.214308 11.12288 2.214897 11.20481 2.087568 11.12205 2.214508 11.19985 2.085024 11.20212 2.086052 11.12288 2.214897 11.20481 2.087568 11.12223 2.253014 11.15632 2.219436 11.11892 2.219634 -1.676863 2.219634 -1.683673 2.193006 -1.682253 2.252754 -1.642216 2.219436 -1.683673 2.193006 -1.682212 2.172479 11.15632 2.219436 11.12183 2.172479 11.11892 2.219634 11.12183 2.172479 11.1223 2.176159 11.11892 2.219634 -1.679347 2.135074 -1.646164 2.235321 -1.647308 2.235419 11.20055 2.135074 11.23741 2.235419 11.20498 2.13319 -1.646589 11.23683 -1.646614 11.16633 -1.72031 11.25773 -1.72031 2.241174 -1.583017 2.233656 -1.647252 2.277688 -1.646614 11.16633 -1.583017 11.26063 -1.64665 11.23705 -1.72031 2.241174 -1.64665 2.197673 -1.645988 2.194085 -1.646614 11.16633 -1.64665 11.23705 -1.72031 11.25773 -1.583017 2.233656 -1.645988 2.194085 -1.646577 2.202051 11.19884 2.09226 11.19535 2.210674 11.20402 2.091012 -1.676657 2.09226 -1.77725 2.211436 -1.778322 2.210674 -1.678735 2.091012 -1.777918 2.211013 -1.674722 2.09385 -1.77782 2.241335 -1.753261 2.246006 -1.77782 2.242158 -1.777848 2.245373 -1.753261 2.246006 -1.77782 2.241335 -1.777848 11.19573 -1.820429 11.23279 -1.753261 11.19117 -1.77782 11.19572 -1.753261 11.19117 -1.800239 11.14672 -1.777848 11.19573 -1.800239 11.14672 -1.820429 11.23279 -1.820429 11.23279 -1.74499 11.24584 -1.753261 11.19117 11.24584 2.1929 11.19832 2.179388 11.19117 2.246006 11.23279 2.226418 11.14672 2.234609 11.19571 2.171414 -1.820429 11.23279 -1.779995 11.19571 -1.74499 11.24584 11.24584 2.1929 11.19589 2.170919 11.19832 2.179388 -1.677412 2.122739 -1.615833 2.210056 -1.616641 2.210822 -1.674184 11.20212 -1.615833 11.14988 -1.677412 11.1994 11.15048 2.24619 11.20408 2.205766 11.15023 2.254661 11.15023 2.254661 11.20408 2.205766 11.14979 2.182861 -1.667228 2.218279 -1.616708 2.165234 -1.586128 2.205766 -1.615661 2.182861 -1.616708 2.165234 -1.667228 2.218279 11.20408 2.205766 11.15033 2.165234 11.15047 2.171554 11.19922 2.11239 11.26222 2.253241 11.20351 2.110726 11.20365 2.111092 11.26112 2.253688 11.19922 2.11239 -1.673859 2.111092 -1.690285 2.253241 -1.688932 2.253354 -1.689242 2.284412 -1.68946 2.29855 -1.730557 2.24571 -1.689276 2.289217 -1.690313 2.242599 -1.68946 2.29855 11.26252 2.284412 11.26216 2.242599 11.26158 2.289217 -1.689242 2.284412 -1.730557 2.24571 -1.689403 2.203952 -1.730557 2.24571 -1.690313 2.242599 -1.689647 2.206482 -1.689242 2.284412 -1.689403 2.203952 -1.690313 2.242599 -1.674113 2.114691 -1.736548 2.256634 -1.679237 2.113199 11.20488 2.11594 11.11803 2.257287 11.20042 2.114691 11.20105 2.113199 11.11787 2.256777 11.20488 2.11594 -1.736771 2.293861 -1.774034 2.265696 -1.737339 2.300952 11.11884 2.300952 11.16671 2.258631 11.10115 2.265167 11.09724 2.265696 11.16671 2.258631 11.11884 2.300952 11.10115 2.265167 11.16671 2.258631 11.12167 2.210571 11.16671 2.258631 11.09724 2.265696 11.12167 2.210571 -1.774034 2.265696 -1.73677 2.218162 -1.736773 2.220601 -1.734246 2.210571 -1.73677 2.218162 -1.693498 2.265167 -1.676257 2.155858 -1.631227 2.26646 -1.632228 2.26688 -1.67541 2.155054 -1.63227 2.266781 -1.631227 2.26646 -1.679579 2.156708 -1.63227 2.266781 -1.67541 2.155054 11.21424 2.298309 11.204 2.281752 11.21408 2.232448 -1.632237 2.232448 -1.631878 2.23525 -1.584843 2.267613 11.21392 2.228431 11.21408 2.232448 11.204 2.281752 11.20368 2.127853 11.23853 2.221558 11.23958 2.220845 11.20355 2.130763 11.23985 2.221331 11.23853 2.221558 -1.67877 2.127853 -1.74774 2.221331 -1.674371 2.130763 -1.74833 2.261175 -1.702992 2.253584 -1.748143 2.263227 -1.748141 11.23919 -1.770588 11.18557 -1.74833 11.23921 -1.74833 2.261175 -1.806849 2.211374 -1.702992 2.253584 -1.74833 11.23921 -1.770588 11.18557 -1.806849 11.2401 -1.748141 11.23919 -1.702992 11.25091 -1.770588 11.18557 -1.702992 2.253584 -1.706204 2.190041 -1.770588 2.237751 11.25091 2.253584 11.29114 2.190644 11.20859 2.190041 -1.770588 11.18557 -1.706204 11.20859 -1.806849 11.2401 -1.806849 2.211374 -1.748161 2.181868 -1.748169 2.179981 -1.675439 2.123328 -1.654391 2.249673 -1.655547 2.249422 11.20443 2.12557 11.12827 2.249673 11.19982 2.123328 -1.675046 2.12557 -1.655451 2.249983 -1.654391 2.249673 11.1968 2.250105 11.07086 2.255898 11.128 2.288405 11.128 2.288405 11.07086 2.255898 11.12732 2.274024 11.12732 2.274024 11.12689 2.206195 11.1968 2.250105 11.12732 2.274024 11.07086 2.255898 11.12689 2.206195 11.1968 2.250105 11.12709 2.203988 11.07086 2.255898 11.07086 2.255898 11.12801 2.216333 11.12689 2.206195 -1.687944 1.994836 -1.676618 1.994461 -1.672797 2.20794 11.19561 1.994461 11.20364 2.207879 11.1995 2.20794 -1.679362 1.994568 -1.674869 2.207998 -1.670816 2.207879 -1.679764 2.086052 -1.675177 2.085024 -1.682503 2.214308 -1.675177 2.085024 -1.681409 2.214508 -1.682503 2.214308 -1.676386 2.087568 -1.682526 2.214897 -1.681409 2.214508 -1.682179 2.253014 -1.682253 2.252754 -1.642216 2.219436 -1.682253 2.252754 -1.683673 2.193006 -1.642216 2.219436 -1.676863 2.219634 -1.68218 2.176159 -1.683673 2.193006 -1.679347 2.135074 -1.673861 2.133584 -1.646164 2.235321 11.20097 2.133584 11.23786 2.234968 11.23678 2.235321 11.20097 2.133584 11.20498 2.13319 11.23786 2.234968 -1.676969 2.13319 -1.647308 2.235419 -1.646019 2.234968 -1.646589 11.23683 -1.647252 11.23949 -1.583017 11.26063 -1.647252 2.277688 -1.646612 2.273007 -1.72031 2.241174 -1.646612 2.273007 -1.646589 2.277454 -1.72031 2.241174 -1.646589 11.23683 -1.583017 11.26063 -1.646614 11.16633 -1.583017 2.233656 -1.72031 2.241174 -1.645988 2.194085 -1.64665 2.197673 -1.583017 2.233656 -1.646577 2.202051 11.19884 2.09226 11.20361 2.09385 11.19531 2.211436 11.20361 2.09385 11.1965 2.211013 11.19531 2.211436 11.20402 2.091012 11.19535 2.210674 11.1965 2.211013 11.19573 2.245373 11.19572 2.242158 11.14672 2.234609 11.14672 2.234609 11.19117 2.246006 11.19832 2.179388 -1.74499 11.24584 -1.779995 11.19571 -1.775892 11.19589 -1.779995 2.171414 -1.800239 2.234609 -1.770975 2.179388 11.20423 2.125427 11.1994 2.122739 11.15048 2.210822 11.20212 2.12221 11.15091 2.2103 11.14988 2.210056 -1.674184 2.12221 -1.677909 2.125427 -1.615377 2.2103 -1.677909 2.125427 -1.616641 2.210822 -1.615377 2.2103 11.15048 2.24619 11.15032 2.255358 11.20408 2.205766 -1.616406 2.255358 -1.667228 2.218279 -1.586128 2.205766 -1.615469 2.254661 -1.667228 2.218279 -1.616406 2.255358 -1.615469 2.254661 -1.615661 2.182861 -1.667228 2.218279 11.14979 2.182861 11.20408 2.205766 11.15047 2.171554 11.19922 2.11239 11.26112 2.253688 11.26222 2.253241 11.20365 2.111092 11.26219 2.253354 11.26112 2.253688 -1.673859 2.111092 -1.679278 2.110726 -1.690285 2.253241 -1.730557 2.24571 -1.68946 2.29855 -1.690313 2.242599 -1.689403 2.203952 -1.730557 2.24571 -1.689647 2.206482 11.20105 2.113199 11.11692 2.256634 11.11787 2.256777 11.20042 2.114691 11.11803 2.257287 11.11692 2.256634 -1.676856 2.11594 -1.737493 2.256777 -1.736269 2.257287 -1.736771 2.293861 -1.736771 2.295571 -1.774034 2.265696 -1.736771 2.295571 -1.693498 2.265167 -1.774034 2.265696 -1.736771 2.295571 -1.737339 2.300952 -1.693498 2.265167 -1.734246 2.210571 -1.774034 2.265696 -1.736773 2.220601 -1.774034 2.265696 -1.693498 2.265167 -1.73677 2.218162 -1.679579 2.156708 -1.676257 2.155858 -1.632228 2.26688 11.19903 2.155858 11.20472 2.155054 11.21432 2.26646 11.20212 2.156708 11.21337 2.26688 11.21467 2.266781 -1.63189 2.304776 -1.63227 2.298309 -1.584843 2.267613 -1.633176 2.281752 -1.63189 2.304776 -1.584843 2.267613 -1.584843 2.267613 -1.63227 2.298309 -1.632237 2.232448 -1.633176 2.281752 -1.584843 2.267613 -1.631866 2.228431 -1.631866 2.228431 -1.584843 2.267613 -1.631878 2.23525 11.20368 2.127853 11.19915 2.130592 11.23853 2.221558 -1.676921 11.19915 -1.674371 11.20355 -1.748072 11.23853 -1.67877 2.127853 -1.748623 2.220845 -1.74774 2.221331 -1.748141 2.261 -1.748143 2.263227 -1.702992 2.253584 -1.702992 11.25091 -1.806849 11.2401 -1.748894 11.29114 -1.706204 11.20859 -1.748894 11.29114 -1.748161 11.23924 -1.748894 11.29114 -1.806849 11.2401 -1.748169 11.23922 -1.806849 11.2401 -1.706204 11.20859 -1.748161 11.23924 11.20317 2.125586 11.19982 2.123328 11.12743 2.249422 -1.675046 2.12557 -1.679502 2.125586 -1.655451 2.249983 11.20317 2.125586 11.12743 2.249422 11.12859 2.249983 11.128 2.288405 11.12804 2.290136 11.1968 2.250105 11.12804 2.290136 11.12732 2.274024 11.1968 2.250105 11.1968 2.250105 11.12689 2.206195 11.12709 2.203988 11.07086 2.255898 11.12709 2.203988 11.12801 2.216333 10.19512 1.818459 10.1925 2.031562 10.19632 2.031621 10.20286 1.818191 10.19664 2.031501 10.18861 1.818084 -0.5119006 1.818459 -0.498825 2.031621 -0.5033184 1.818191 -0.498277 1.952467 -0.4069525 2.058114 -0.5024257 1.955933 -0.498277 10.19456 -0.4065374 10.23806 -0.4059153 10.23695 -0.5023195 1.954507 -0.4065374 2.05741 -0.498277 1.952467 10.19765 1.954507 10.23692 2.058114 10.23806 2.05741 -0.4064783 2.087427 -0.4594001 2.045602 -0.4075439 2.045852 -0.4064783 2.087427 -0.4078815 2.095085 -0.4594001 2.045602 -0.4075439 2.045852 -0.3670106 2.05266 -0.4078815 2.095085 -0.4078815 2.095085 -0.3670106 2.05266 -0.4594001 2.045602 -0.3670106 2.05266 -0.4063342 2.026349 -0.4594001 2.045602 10.23955 2.045852 10.23731 2.025518 10.23732 2.028814 -0.4075439 2.045852 -0.4063342 2.026349 -0.406479 2.025518 10.19206 1.94035 10.20814 2.018759 10.1966 1.938942 10.19674 1.94112 10.2086 2.019256 10.19206 1.94035 -0.4980483 1.94112 -0.5434232 2.018729 -0.5424481 2.019256 -0.5431242 2.058819 -0.4889764 2.018034 -0.572209 2.012639 10.20862 2.061663 10.25827 2.000627 10.18678 2.018034 10.20879 2.066956 10.16368 2.012639 10.2092 1.989744 -0.5142825 10.25827 -0.5440301 10.2092 -0.4889764 10.18678 10.16368 2.012639 10.20861 1.975904 10.20861 1.975898 -0.4889764 2.018034 -0.5440301 1.989744 -0.5431237 1.975904 10.19289 1.940462 10.1389 2.0209 10.19735 1.942842 -0.502543 1.940462 -0.4738721 2.020445 -0.4748697 2.0209 -0.501737 10.19735 -0.4748697 10.1389 -0.4736759 10.13971 -0.4742642 10.13912 -0.5172291 10.18802 -0.4366524 10.19234 -0.4741342 2.051771 -0.436578 2.016303 -0.4742642 2.058035 10.13912 2.058035 10.09885 2.006539 10.18802 2.017827 -0.4742642 2.058035 -0.436578 2.016303 -0.5141595 2.006539 -0.5141595 10.09885 -0.436578 10.10679 -0.4741532 10.1391 -0.436578 2.016303 -0.4741345 1.988381 -0.4741532 1.985891 10.18802 2.017827 10.1391 1.991184 10.13915 1.988381 -0.4977786 1.96552 -0.483723 2.100099 -0.5034919 1.965939 10.1937 1.96552 10.27993 2.099452 10.27889 2.099916 10.19408 1.965939 10.27993 2.099452 10.19773 1.96375 -0.483138 2.129463 -0.4830057 2.135022 -0.5386839 2.111578 10.3467 2.111159 10.23423 2.095458 10.27906 2.135022 -0.4354113 2.095458 -0.4831688 2.063617 -0.5386839 2.111578 -0.4820814 10.3467 -0.4835421 10.27968 -0.4316543 10.30983 -0.4835421 2.066875 -0.4831355 2.07014 -0.4316543 2.081967 -0.4354113 2.095458 -0.4831355 2.07014 -0.4831688 2.063617 10.19197 1.924063 10.14494 2.070812 10.19696 1.924196 -0.5031392 1.924196 -0.5806289 2.071286 -0.4985492 1.926176 10.19696 1.924196 10.14494 2.070812 10.14566 2.071286 10.14494 2.10699 10.19705 2.070113 10.14494 2.108362 -0.5805471 10.14494 -0.6348929 10.16439 -0.5463851 10.19705 10.1447 2.118114 10.19705 2.070113 10.08095 2.058888 10.16439 2.078514 10.08095 2.058888 10.14499 2.031155 10.19705 2.070113 10.14493 2.030885 10.08095 2.058888 10.19705 2.070113 10.14499 2.031155 10.14493 2.030885 10.08095 2.058888 10.14493 2.030885 10.14494 2.03619 10.19512 1.947341 10.18108 2.030206 10.1825 2.030475 -0.4997248 1.944465 -0.4218167 2.030206 -0.5029938 1.947341 -0.4997248 1.944465 -0.4211077 2.029755 -0.4218167 2.030206 -0.4216838 2.064947 -0.4207402 2.078658 -0.3666856 2.032959 -0.4226994 2.073049 -0.4659998 2.033182 -0.4207402 2.078658 -0.4216838 2.064947 -0.3666856 2.032959 -0.4226994 2.073049 -0.4226994 2.073049 -0.3666856 2.032959 -0.3954509 1.999194 -0.4659998 2.033182 -0.3666856 2.032959 -0.4207402 2.078658 -0.4226994 2.073049 -0.3954509 1.999194 -0.4659998 2.033182 -0.4659998 2.033182 -0.4214197 1.987027 -0.3666856 2.032959 -0.4238045 1.988993 -0.4214197 1.987027 -0.4659998 2.033182 10.14045 1.999194 10.1826 1.988993 10.19984 2.033182 10.19203 1.959525 10.23214 2.050724 10.19692 1.957354 10.19203 1.959525 10.23225 2.051096 10.23115 2.051225 -0.5028576 1.957354 -0.5327146 2.051096 -0.4980742 1.958896 -0.5338438 2.071925 -0.5350403 2.039293 -0.5326809 2.039555 10.23207 2.071925 10.22928 2.048351 10.23218 2.039293 10.19512 1.919029 10.11389 2.036556 10.1149 2.037089 10.19775 1.920751 10.11499 2.037222 10.19291 1.918061 10.19512 1.919029 10.1149 2.037089 10.19775 1.920751 10.11459 2.06169 10.16065 2.040342 10.11412 2.070228 10.11459 2.070999 10.16065 2.040342 10.11459 2.06169 -0.5101871 2.070228 -0.5596486 2.041388 -0.5101096 2.070999 -0.5101871 2.070228 -0.4595761 2.032519 -0.5596486 2.041388 10.16065 2.040342 10.11452 2.002134 10.1146 2.008296 -0.5596486 2.041388 -0.510614 2.002134 -0.4809736 2.040342 -0.4595761 2.032519 -0.5101111 2.008164 -0.5596486 2.041388 -0.4809736 10.16065 -0.5101066 10.1146 -0.4595761 10.06834 -0.4981587 1.953815 -0.4318046 2.021699 -0.5019883 1.956861 -0.5019732 10.19782 -0.4308124 10.2638 -0.4981587 10.19355 10.19782 1.95344 10.26371 2.021699 10.26467 2.020817 -0.431089 2.063101 -0.3730796 2.019948 -0.4310924 2.052699 -0.431089 2.063101 -0.4817676 2.016336 -0.3730796 2.019948 -0.4319415 2.048394 -0.4320776 1.990946 -0.4817676 2.016336 -0.4310924 2.052699 -0.3730796 2.019948 -0.4320776 1.990946 -0.3730796 2.019948 -0.431095 1.98538 -0.4320776 1.990946 -0.4817676 2.016336 -0.4320776 1.990946 -0.4302062 1.981961 -0.5119006 1.818459 -0.5005742 1.818084 -0.4967533 2.031562 10.18861 1.818084 10.19664 2.031501 10.1925 2.031562 -0.5033184 1.818191 -0.498825 2.031621 -0.4947719 2.031501 -0.498277 1.952467 -0.4059153 2.057312 -0.4069525 2.058114 10.19765 1.954507 10.19368 1.955933 10.23692 2.058114 -0.3670106 2.05266 -0.4075439 2.045852 -0.4064759 2.028814 -0.4075439 2.045852 -0.4594001 2.045602 -0.4063342 2.026349 -0.4063342 2.026349 -0.3670106 2.05266 -0.4064759 2.028814 -0.501242 1.94035 -0.5424481 2.019256 -0.5437079 2.018759 -0.4980483 1.94112 -0.502921 1.938942 -0.5434232 2.018729 10.1966 1.938942 10.20814 2.018759 10.20926 2.018729 10.20861 2.058819 10.16368 2.012639 10.20879 2.066956 -0.5431242 2.058819 -0.5430876 2.061663 -0.4889764 2.018034 10.20862 2.061663 10.20879 2.066956 10.25827 2.000627 10.20879 2.066956 10.2092 1.989744 10.25827 2.000627 10.16368 2.012639 10.20861 1.975898 10.2092 1.989744 -0.572209 2.012639 -0.4889764 2.018034 -0.5431237 1.975904 -0.502543 1.940462 -0.498119 1.939938 -0.4738721 2.020445 10.19411 1.939938 10.13971 2.021041 10.13859 2.020445 10.19411 1.939938 10.19735 1.942842 10.13971 2.021041 10.13916 2.057289 10.13912 2.058035 10.19234 2.022084 -0.4741342 2.051771 -0.4741029 2.057289 -0.436578 2.016303 10.10679 2.016303 10.13916 2.057289 10.19234 2.022084 -0.436578 10.10679 -0.4366524 10.19234 -0.4741345 10.13915 -0.4366524 10.19234 -0.5172291 10.18802 -0.4741345 10.13915 -0.5172291 10.18802 -0.5141595 10.09885 -0.4743525 10.1391 10.09885 2.006539 10.1391 1.985891 10.1391 1.991184 -0.4977786 1.96552 -0.4824694 2.099916 -0.483723 2.100099 10.1937 1.96552 10.19773 1.96375 10.27993 2.099452 10.19408 1.965939 10.2788 2.100099 10.27993 2.099452 10.27922 2.12831 10.3467 2.111159 10.27906 2.135022 -0.4831366 10.27922 -0.5386839 10.24867 -0.4820814 10.3467 -0.4831366 2.12831 -0.483138 2.129463 -0.5386839 2.111578 -0.4830057 10.27906 -0.4354113 10.23423 -0.5386839 10.24867 -0.4354113 10.23423 -0.4820814 10.3467 -0.4316543 10.30983 10.3467 2.111159 10.24867 2.111578 10.27968 2.066875 -0.4835421 2.066875 -0.5386839 2.111578 -0.4831688 2.063617 -0.4354113 10.23423 -0.4316543 10.30983 -0.4831355 10.27922 -0.5002966 1.924063 -0.5800175 2.071196 -0.5812169 2.070812 10.19197 1.924063 10.19657 1.926176 10.14438 2.071196 10.19657 1.926176 10.14566 2.071286 10.14438 2.071196 10.14494 2.108362 10.19705 2.070113 10.1447 2.118114 -0.5805471 2.10699 -0.5805153 2.118114 -0.6348929 2.078514 10.1447 2.118114 10.08095 2.058888 10.16439 2.078514 -0.6348929 2.078514 -0.580589 2.031155 -0.5463851 2.070113 10.14499 2.031155 10.08095 2.058888 10.14494 2.03619 10.19251 1.944465 10.19701 1.944232 10.18185 2.029755 -0.4986766 1.944232 -0.4219268 2.030475 -0.4211077 2.029755 -0.4986766 1.944232 -0.5029938 1.947341 -0.4219268 2.030475 -0.3954509 10.14045 -0.3666856 10.18111 -0.4214197 10.18197 10.19203 1.959525 10.23115 2.051225 10.23214 2.050724 10.19203 1.959525 10.19653 1.958896 10.23225 2.051096 -0.5028576 1.957354 -0.5340859 2.050724 -0.5327146 2.051096 -0.5037148 1.919029 -0.4990853 1.918061 -0.5100779 2.036556 10.19291 1.918061 10.11499 2.037222 10.11389 2.036556 -0.5004039 1.920751 -0.5107708 2.037089 -0.5095098 2.037222 -0.5101096 2.070999 -0.5596486 2.041388 -0.4809736 2.040342 -0.5101871 10.11412 -0.4809736 10.16065 -0.4595761 10.06834 -0.510614 2.002134 -0.5596486 2.041388 -0.5101111 2.008164 -0.4595761 2.032519 -0.5101066 2.008296 -0.5101111 2.008164 -0.4981587 1.953815 -0.4308124 2.020755 -0.4318046 2.021699 -0.5019732 10.19782 -0.4317439 10.26467 -0.4308124 10.2638 10.19782 1.95344 10.19389 1.956861 10.26371 2.021699 -0.4319415 2.048394 -0.4817676 2.016336 -0.431089 2.063101 -0.4310924 2.052699 -0.4320776 1.990946 -0.4319415 2.048394 -0.3730796 2.019948 -0.4302062 1.981961 -0.431095 1.98538 -0.3730796 2.019948 -0.4817676 2.016336 -0.4302062 1.981961 10.77972 1.963715 10.7771 2.176818 10.78092 2.176877 10.78746 1.963447 10.78124 2.176758 10.77321 1.96334 -0.8985446 1.963715 -0.885469 2.176877 -0.8899623 1.963447 -0.8869146 2.108633 -0.8375417 2.178561 -0.8386643 2.179258 10.78225 2.111709 10.71582 2.178561 10.7776 2.108633 -0.889868 10.77972 -0.8378429 10.71679 -0.8860165 10.78225 -0.8380004 2.210674 -0.8378533 2.211866 -0.8368866 2.170595 10.71615 2.210674 10.71669 2.170595 10.70464 2.181795 -0.8378533 2.211866 -0.8733479 2.184807 -0.8368866 2.170595 10.70464 2.181795 10.71617 2.150382 10.74689 2.184807 10.70464 2.181795 10.71615 2.148866 10.71617 2.150382 -0.8380441 2.150382 -0.8368866 2.170595 -0.8733479 2.184807 10.7783 2.103069 10.82709 2.179914 10.82808 2.179387 10.77842 2.103083 10.82812 2.179392 10.82709 2.179914 10.78241 2.100976 10.82812 2.179392 10.77842 2.103083 10.7783 2.103069 10.82808 2.179387 10.78241 2.100976 10.82776 2.212807 10.88435 2.174683 10.82753 2.218916 -0.8883231 10.82753 -0.9326201 10.88435 -0.8381358 10.87885 10.82753 2.218916 10.87885 2.188937 10.78799 2.126604 -0.9326201 10.88435 -0.8886187 10.82791 -0.8381358 10.87885 -0.9402645 10.78281 -0.8887538 10.82779 -0.9326201 10.88435 10.77719 2.058534 10.73673 2.195934 10.78156 2.059317 10.77972 2.060384 10.73683 2.196355 10.73572 2.19589 -0.8898521 2.059317 -0.9338759 2.196355 -0.8844533 2.060384 -0.9345205 2.230815 -0.9343091 2.239215 -0.9834893 2.197044 10.73736 2.239875 10.79662 2.189863 10.73644 2.239215 10.69354 2.197044 10.79662 2.189863 10.73736 2.239875 -0.9343091 2.239215 -0.9129571 2.179746 -0.9834893 2.197044 10.73644 2.239215 10.79662 2.189863 10.70794 2.179746 10.79662 2.189863 10.73641 2.162617 10.70794 2.179746 -0.9834893 2.197044 -0.93452 2.164597 -0.9345309 2.162617 10.77739 2.111414 10.78227 2.241091 10.78108 2.240945 -0.8902581 2.112623 -0.8484184 2.241091 -0.8873473 2.111852 -0.8484151 2.273241 -0.847567 2.281992 -0.8036897 2.230385 -0.847567 10.78215 -0.8841366 10.76391 -0.8661608 10.84047 -0.8483966 2.279348 -0.8036897 2.230385 -0.8841366 2.26862 10.76391 2.26862 10.7816 2.206174 10.84047 2.228489 -0.8841366 2.26862 -0.8036897 2.230385 -0.8494894 2.206174 -0.8036897 2.230385 -0.8484347 2.203495 -0.8494894 2.206174 10.7816 2.206174 10.78146 2.200547 10.84047 2.228489 -0.8896106 2.110168 -0.9663199 2.162641 -0.9670086 2.161586 -0.885343 10.78019 -0.9660528 10.84406 -0.9663199 10.84302 -0.8870199 10.78191 -0.9670086 10.84316 -0.9660528 10.84406 -0.9664354 2.199566 -0.9537213 2.124094 -0.9360081 2.201434 -0.9360081 2.201434 -0.9306842 2.135146 -1.033719 2.160063 10.89845 2.124094 10.79571 2.135146 10.81497 2.201434 -1.033719 2.160063 -0.9537213 2.124094 -0.9664354 2.199566 10.89845 2.124094 10.84342 2.121992 10.84342 2.120309 10.89845 2.124094 10.84342 2.125362 10.84342 2.121992 -0.9306842 10.79571 -0.9664744 10.84342 -1.033719 10.82871 10.79571 2.135146 10.84342 2.120309 10.84342 2.125362 -0.8902187 2.064351 -0.8798514 2.183865 -0.8808691 2.184054 10.78233 2.066515 10.69694 2.184549 10.77846 2.064147 10.77834 2.064351 10.69694 2.184549 10.78233 2.066515 -0.8804044 10.69622 -0.8801868 10.69632 -0.8521621 10.64561 10.64561 2.17793 10.69848 2.212077 10.69622 2.225515 10.64561 2.17793 10.69715 2.150234 10.69848 2.212077 -0.8846934 2.087422 -0.85455 2.208195 -0.8555997 2.20864 10.78262 2.086467 10.83043 2.208195 10.77831 2.087422 10.77818 2.088638 10.83115 2.208139 10.78262 2.086467 10.83043 2.242057 10.8293 2.252145 10.87282 2.208056 -0.8055671 2.217482 -0.8550338 2.18452 -0.8551716 2.252145 -0.8551716 2.252145 -0.8550338 2.18452 -0.8831189 2.194184 10.87282 2.208056 10.80854 2.194184 10.83052 2.168643 -0.885109 2.073067 -0.9668963 2.190639 -0.889468 2.070694 10.78298 2.07233 10.76289 2.191327 10.77783 2.073067 10.78298 2.07233 10.76278 2.190639 10.76394 2.191073 10.76248 2.20801 10.79796 2.191739 10.76343 2.230772 -0.9663158 2.220484 -0.9322001 2.187504 -0.9667745 2.20801 -0.9955647 2.191739 -0.9661917 2.157187 -0.9322001 2.187504 10.76248 2.20801 10.76259 2.152948 10.79796 2.191739 -0.9322001 2.187504 -0.9661917 2.157187 -0.9663183 2.163465 -0.8881118 2.098208 -0.8191552 2.149389 -0.8198663 2.150475 -0.8852088 10.78107 -0.8189315 10.73879 -0.8191552 10.73777 -0.8885878 2.101673 -0.8189315 2.14984 -0.8852088 2.097794 10.74458 2.200949 10.78591 2.145694 10.73819 2.188038 10.78591 2.145694 10.69801 2.136433 10.73819 2.188038 10.69801 2.136433 10.73816 2.108914 10.74458 2.200949 10.78591 2.145694 10.73821 2.111371 10.69801 2.136433 10.78591 2.145694 10.7382 2.10871 10.73821 2.111371 -0.8022176 10.78591 -0.8204707 10.73816 -0.8193885 10.7382 -0.8985446 1.963715 -0.8872181 1.96334 -0.8833973 2.176818 10.77321 1.96334 10.78124 2.176758 10.7771 2.176818 -0.8899623 1.963447 -0.885469 2.176877 -0.8814159 2.176758 -0.889868 2.112072 -0.8869146 2.108633 -0.8386643 2.179258 10.78225 2.111709 10.71679 2.17949 10.71582 2.178561 -0.889868 10.77972 -0.8386643 10.71585 -0.8378429 10.71679 10.71615 2.211866 10.70464 2.181795 10.74689 2.184807 10.70464 2.181795 10.71669 2.170595 10.71615 2.148866 -0.8901832 2.103069 -0.8847589 2.103083 -0.8888264 2.179914 -0.8869079 2.100976 -0.8893636 2.179387 -0.8880076 2.179392 10.82776 2.212807 10.82781 2.219829 10.88435 2.174683 -0.8887301 2.219829 -0.8883231 2.218916 -0.9402645 2.193688 -0.8887301 10.82781 -0.9402645 10.78281 -0.9326201 10.88435 -0.8883231 2.218916 -0.8560545 2.126604 -0.9402645 2.193688 -0.9402645 10.78281 -0.8560545 10.78799 -0.8887538 10.82779 -0.8381358 10.87885 -0.8886187 10.82791 -0.8560545 10.78799 10.82791 2.139043 10.88435 2.174683 10.82779 2.143562 10.77719 2.058534 10.73572 2.19589 10.73673 2.195934 -0.8885706 2.058534 -0.8844533 2.060384 -0.9344593 2.19589 -0.8898521 2.059317 -0.935232 2.195934 -0.9338759 2.196355 -0.9346706 2.239875 -0.9345205 2.230815 -0.9834893 2.197044 -0.9534541 10.79662 -0.9834893 10.69354 -0.9345309 10.73641 -0.9834893 10.69354 -0.9129571 10.70794 -0.93452 10.73644 -0.8902581 2.112623 -0.8853961 2.111414 -0.8490119 2.241254 -0.8853961 2.111414 -0.8477896 2.240945 -0.8490119 2.241254 10.77739 2.111414 10.78271 2.111852 10.78227 2.241091 10.77972 2.112623 10.78098 2.241254 10.78227 2.241091 -0.847567 2.281992 -0.8483966 2.279348 -0.8841366 2.26862 -0.8483966 2.279348 -0.8484151 2.273241 -0.8036897 2.230385 10.78215 2.281992 10.84047 2.228489 10.76654 2.230385 -0.8036897 10.76654 -0.8661608 10.84047 -0.8484138 10.78146 -0.8036897 2.230385 -0.8484138 2.200547 -0.8484347 2.203495 -0.8896106 2.110168 -0.885343 2.113564 -0.9663199 2.162641 -0.885343 2.113564 -0.8870199 2.109587 -0.9660528 2.161893 -0.8870199 10.78191 -0.8896106 10.77813 -0.9670086 10.84316 -0.9664354 2.199566 -0.9664674 2.200543 -1.033719 2.160063 -0.9664674 10.84341 -0.9360081 10.81497 -1.033719 10.82871 -0.9664674 2.200543 -0.9664613 2.210426 -0.9360081 2.201434 -0.9664613 2.210426 -0.9664354 2.199566 -0.9360081 2.201434 -0.9537213 10.89845 -1.033719 10.82871 -0.9664744 10.84342 -0.9306842 10.79571 -0.9537213 10.89845 -0.9664367 10.84342 -0.8902187 2.064351 -0.8847902 2.064147 -0.8798514 2.183865 10.77846 2.064147 10.69694 2.184549 10.69577 2.183865 10.77834 2.064351 10.69601 2.184054 10.69694 2.184549 -0.8801868 2.225635 -0.8823647 2.212077 -0.8347357 2.186767 10.69632 2.225635 10.73477 2.186767 10.64561 2.17793 -0.8823647 2.212077 -0.8802315 2.150234 -0.8347357 2.186767 -0.8521621 10.64561 -0.8347357 10.73477 -0.8801527 10.69632 -0.8347357 2.186767 -0.8802116 2.144606 -0.8801527 2.145533 -0.8347357 2.186767 -0.8802315 2.150234 -0.8802116 2.144606 10.64561 2.17793 10.69632 2.145533 10.69715 2.150234 -0.8899599 2.088638 -0.8846934 2.087422 -0.8555997 2.20864 -0.8871953 2.086467 -0.8554495 2.208139 -0.85455 2.208195 10.77818 2.088638 10.82981 2.20864 10.83115 2.208139 -0.8552824 2.241943 -0.855287 2.242057 -0.8055671 2.217482 -0.855287 10.83043 -0.8901912 10.87282 -0.8055671 10.86964 -0.8552824 2.241943 -0.8055671 2.217482 -0.8551716 2.252145 10.8293 2.252145 10.80854 2.194184 10.87282 2.208056 -0.8055671 2.217482 -0.8552889 2.168643 -0.8550338 2.18452 -0.8055671 2.217482 -0.8901912 2.208056 -0.8552889 2.168643 -0.885109 2.073067 -0.9656786 2.191327 -0.9668963 2.190639 10.78298 2.07233 10.76394 2.191073 10.76289 2.191327 10.78298 2.07233 10.77823 2.070694 10.76278 2.190639 -0.9663158 2.220484 -0.9660361 2.230772 -0.9322001 2.187504 -0.9322001 2.187504 -0.9660361 2.230772 -0.9955647 2.191739 -0.9667745 2.20801 -0.9322001 2.187504 -0.9668187 2.152948 -0.9955647 2.191739 -0.9668187 2.152948 -0.9661917 2.157187 -0.9668187 2.152948 -0.9322001 2.187504 -0.9663183 2.163465 10.7812 2.101673 10.77693 2.098208 10.7382 2.150475 -0.8881118 10.77693 -0.8852088 10.78107 -0.8191552 10.73777 -0.8885878 2.101673 -0.8198663 2.150475 -0.8189315 2.14984 -0.829816 2.200949 -0.8193876 2.191518 -0.7980358 2.136433 10.73804 2.191518 10.73819 2.188038 10.69801 2.136433 10.78591 2.145694 10.74458 2.200949 10.73816 2.108914 10.73816 2.108914 10.69801 2.136433 10.73821 2.111371 11.41039 2.148908 11.40777 2.362011 11.41159 2.36207 11.41813 2.14864 11.41191 2.361951 11.40388 2.148533 -0.6011653 2.148908 -0.5880897 2.36207 -0.592583 2.14864 11.41039 2.307321 11.44052 2.377117 11.44173 2.376496 11.41329 2.307861 11.44164 2.377048 11.40795 2.309911 -0.5891122 2.307861 -0.6282853 2.376496 -0.6271709 2.377048 -0.5926605 2.307321 -0.6282853 2.376496 -0.5891122 2.307861 -0.6278061 2.413454 -0.6250042 2.425028 -0.5722169 2.390377 -0.6250042 2.425028 -0.6279324 2.359269 -0.6280576 2.331908 -0.6250042 2.425028 -0.6293296 2.366005 -0.5722169 2.390377 11.44673 2.425028 11.44173 2.331908 11.421 2.366005 -0.5885276 2.25293 -0.5864134 2.33776 -0.5928781 2.253999 11.41232 2.256152 11.32732 2.338207 11.32656 2.337558 11.40951 2.253999 11.32673 2.33776 11.41232 2.256152 -0.58566 2.37346 -0.5846022 2.310138 -0.5285184 2.352396 -0.58566 11.32684 -0.5285184 11.28744 -0.6361322 11.28271 11.32349 2.343686 11.33049 2.310138 11.32684 2.37346 11.32349 2.343686 11.32864 2.302317 11.33049 2.310138 11.28271 2.345032 11.33049 2.310138 11.32678 2.305187 -0.5873927 2.272228 -0.5575459 2.385619 -0.5928795 2.272901 11.41285 2.271059 11.45825 2.385139 11.4086 2.272228 -0.5887213 2.271059 -0.5584348 2.385442 -0.5571181 2.385139 11.45792 2.42586 11.50663 2.39326 11.4579 2.41614 11.45792 2.42586 11.45853 2.4273 11.40005 2.373598 -0.5808145 2.39326 -0.5024211 2.382742 -0.5575805 2.4273 11.40005 2.373598 11.50663 2.39326 11.45792 2.42586 -0.5575805 2.4273 -0.5024211 2.382742 -0.5767888 2.373598 11.40005 2.373598 11.45789 2.355509 11.4579 2.353099 11.41301 2.244238 11.39933 2.383405 11.40889 2.244374 -0.5927489 2.24253 -0.6511218 2.383014 -0.6504346 2.383309 -0.6504187 2.417171 -0.650446 2.418708 -0.6941888 2.374325 -0.6504242 2.423623 -0.6941888 2.374325 -0.5869087 2.386164 11.39995 2.418708 11.34365 2.368326 11.42898 2.374325 -0.6941888 2.374325 -0.6505713 2.342425 -0.6504242 2.343724 11.34365 2.368326 11.3999 2.350699 11.39992 2.342425 -0.5869087 2.386164 -0.6504242 2.343724 -0.6504113 2.350699 11.40781 2.240316 11.38003 2.388677 11.41226 2.241247 -0.5915404 2.240316 -0.5450136 2.388345 -0.5463225 2.388677 -0.5922613 2.241247 -0.5457424 2.388724 -0.5870451 2.239621 -0.5581235 2.445795 -0.5519493 2.379672 -0.5456482 2.440482 -0.5453555 2.437979 -0.5550468 2.367672 -0.5581235 2.445795 11.42471 2.379672 11.37983 2.352267 11.38026 2.437979 11.38026 2.437979 11.37983 2.352267 11.33539 2.367672 11.3793 2.445795 11.33539 2.367672 11.42471 2.379672 11.33539 2.367672 11.38049 2.34116 11.42471 2.379672 11.37983 2.352267 11.3798 2.33815 11.33539 2.367672 11.38049 2.34116 11.37983 2.352267 11.42471 2.379672 -0.5929156 2.252236 -0.6170339 2.372429 -0.6180713 2.371899 11.413 2.250556 11.49659 2.371928 11.40912 2.25318 11.40901 2.252236 11.49618 2.371899 11.413 2.250556 -0.6173319 2.401689 -0.5596809 2.37107 -0.6175954 2.414596 11.49678 2.414596 11.55705 2.375531 11.49619 2.410322 11.55705 2.375531 11.49228 2.369365 11.49694 2.326936 -0.6625537 2.375531 -0.6171924 2.322706 -0.5596809 2.37107 11.55705 2.375531 11.49694 2.326936 11.49693 2.322706 11.40746 2.261828 11.33172 2.40206 11.4121 2.26323 11.40746 2.261828 11.33182 2.402467 11.33078 2.401832 -0.592574 2.26323 -0.6332255 2.402467 -0.5876485 2.264357 11.33145 2.441374 11.28874 2.394031 11.36847 2.391655 -0.6337789 2.449475 -0.6712043 2.391655 -0.5825719 2.409164 -0.5825719 2.409164 -0.6683257 2.394031 -0.6338645 2.448597 -0.6712043 2.391655 -0.6335112 2.357496 -0.5825719 2.409164 -0.5825719 2.409164 -0.6338589 2.356376 -0.6683257 2.394031 -0.6335112 2.357496 -0.6338589 2.356376 -0.5825719 2.409164 -0.5884253 2.246727 -0.5311716 2.418295 -0.5321904 2.418688 11.413 2.2462 11.43375 2.418295 11.40779 2.246727 -0.5886003 2.2462 -0.5322357 2.418557 -0.5311716 2.418295 -0.5679085 2.41102 -0.531168 2.38211 -0.4836672 2.418838 -0.5311595 2.427366 -0.5322326 2.380732 -0.5679085 2.41102 -0.5311595 2.427366 -0.531168 2.38211 -0.5322326 2.380732 -0.5900523 2.267611 -0.6293788 2.384215 -0.63035 2.383908 11.41202 2.267946 11.42434 2.384215 11.40741 2.267611 -0.6297222 11.42499 -0.6293399 11.38048 -0.685316 11.45679 11.42499 2.419933 11.42488 2.432319 11.38048 2.403522 -0.6297183 2.425295 -0.570901 2.365155 -0.6295916 2.432319 11.44477 2.365155 11.38048 2.403522 11.42488 2.432319 11.38048 2.403522 11.42056 2.343533 11.45679 2.390726 -0.6293399 2.403522 -0.570901 2.365155 -0.6300148 2.343533 -0.570901 2.365155 -0.6297177 2.342894 -0.62971 2.338471 -0.685316 2.390726 -0.6297177 2.342894 -0.570901 2.365155 -0.685316 11.45679 -0.6300148 11.42056 -0.6297177 11.42499 -0.570901 2.365155 -0.62971 2.338471 -0.6300148 2.343533 -0.6011653 2.148908 -0.5898388 2.148533 -0.586018 2.362011 11.40388 2.148533 11.41191 2.361951 11.40777 2.362011 -0.592583 2.14864 -0.5880897 2.36207 -0.5840366 2.361951 -0.5926605 2.307321 -0.5890176 2.309911 -0.627935 2.377117 11.40795 2.309911 11.44164 2.377048 11.44052 2.377117 -0.6278061 2.413454 -0.5722169 2.390377 -0.6288629 2.420421 11.4398 2.420421 11.44285 2.359269 11.44673 2.425028 -0.6288629 2.420421 -0.5722169 2.390377 -0.6293296 2.366005 11.44285 2.359269 11.4398 2.420421 11.421 2.366005 -0.5885276 2.25293 -0.5850206 2.337558 -0.5864134 2.33776 11.40845 2.25293 11.41232 2.256152 11.32656 2.337558 -0.5883693 11.41232 -0.5864134 11.32673 -0.5852568 11.32732 -0.5856561 2.366958 -0.6361322 2.345032 -0.5892837 2.343686 -0.5856561 2.366958 -0.58566 2.37346 -0.6361322 2.345032 -0.5892837 2.343686 -0.6361322 2.345032 -0.585675 2.305187 -0.6361322 11.28271 -0.5285184 11.28744 -0.5846022 11.33049 11.32349 2.343686 11.32678 2.305187 11.32864 2.302317 11.41038 2.272901 11.45717 2.385619 11.45828 2.385442 11.4086 2.272228 11.45825 2.385139 11.45717 2.385619 -0.5887213 2.271059 -0.5928795 2.272901 -0.5584348 2.385442 11.4579 2.41614 11.50663 2.39326 11.45853 2.4273 -0.5024211 2.382742 -0.5808145 2.39326 -0.5570502 2.346656 11.50663 2.39326 11.4579 2.353099 11.45813 2.346656 11.50663 2.39326 11.40005 2.373598 11.4579 2.353099 -0.5767888 11.40005 -0.5024211 11.46233 -0.5570502 11.45813 11.40005 2.373598 11.45813 2.346656 11.45789 2.355509 -0.5927489 2.24253 -0.6499354 2.383405 -0.6511218 2.383014 -0.5927489 2.24253 -0.5875078 2.244374 -0.6499354 2.383405 11.41301 2.244238 11.40066 2.383309 11.39933 2.383405 -0.5886099 2.244238 -0.5927489 2.24253 -0.6504346 2.383309 -0.6504187 2.417171 -0.6941888 2.374325 -0.6504242 2.423623 -0.650446 2.418708 -0.6504242 2.423623 -0.5869087 2.386164 -0.650446 2.418708 -0.5869087 2.386164 -0.683558 2.368326 -0.5869087 2.386164 -0.6941888 2.374325 -0.6504242 2.343724 -0.6941888 11.42898 -0.683558 11.34365 -0.6505713 11.39992 -0.683558 11.34365 -0.5869087 11.4042 -0.6504113 11.3999 -0.5915404 2.240316 -0.5870451 2.239621 -0.5450136 2.388345 11.41039 2.239621 11.38116 2.388724 11.37999 2.388345 11.41226 2.241247 11.38003 2.388677 11.38116 2.388724 11.3804 2.440482 11.42471 2.379672 11.38026 2.437979 11.33539 2.367672 11.3798 2.33815 11.38049 2.34116 -0.5929156 2.252236 -0.5875812 2.25318 -0.6170339 2.372429 11.40912 2.25318 11.49659 2.371928 11.49563 2.372429 -0.589215 2.250556 -0.6180713 2.371899 -0.6166734 2.371928 -0.6173319 2.401689 -0.6173244 2.410322 -0.5596809 2.37107 -0.5596809 11.50655 -0.6173244 11.49619 -0.6625537 11.55705 -0.6175954 2.414596 -0.5596809 2.37107 -0.6146471 2.369365 11.49678 2.414596 11.49228 2.369365 11.55705 2.375531 -0.5596809 2.37107 -0.6171924 2.322706 -0.6146471 2.369365 11.40746 2.261828 11.33078 2.401832 11.33172 2.40206 11.40746 2.261828 11.41173 2.264357 11.33182 2.402467 -0.592574 2.26323 -0.6345875 2.40206 -0.6332255 2.402467 -0.6338645 2.448597 -0.6337789 2.449475 -0.5825719 2.409164 11.33145 2.441374 11.36847 2.391655 11.33155 2.449475 11.33145 2.441374 11.33133 2.448597 11.28874 2.394031 11.33179 2.357496 11.36847 2.391655 11.33145 2.364039 -0.6712043 11.36847 -0.6683257 11.28874 -0.6338599 11.33145 11.28874 2.394031 11.33134 2.356376 11.33145 2.364039 -0.59276 2.247534 -0.5884253 2.246727 -0.5321904 2.418688 -0.5886003 2.2462 -0.59276 2.247534 -0.5322357 2.418557 11.41157 2.247534 11.43281 2.418688 11.43411 2.418557 11.43345 2.453926 11.44287 2.41102 11.43454 2.459062 -0.5319242 2.453926 -0.5311595 2.427366 -0.5679085 2.41102 -0.5311595 2.427366 -0.5291124 2.459062 -0.4836672 2.418838 -0.5291124 2.459062 -0.5679085 2.41102 -0.4836672 2.418838 -0.5311595 2.427366 -0.4836672 2.418838 -0.531168 2.38211 -0.531168 2.38211 -0.5679085 2.41102 -0.5318428 2.386148 -0.5679085 2.41102 -0.5322326 2.380732 -0.5318428 2.386148 11.41158 2.26643 11.40741 2.267611 11.42462 2.383908 11.41202 2.267946 11.42571 2.384047 11.42434 2.384215 -0.5871949 2.267946 -0.5926736 2.26643 -0.6294538 2.384047 11.41158 2.26643 11.42462 2.383908 11.42571 2.384047 -0.6297183 2.425295 -0.6297222 2.419933 -0.685316 2.390726 -0.570901 2.365155 -0.6297183 2.425295 -0.685316 2.390726 9.458584 1.578719 9.455965 1.791822 9.45978 1.791881 9.466322 1.578451 9.460102 1.791762 9.452075 1.578344 -0.2283518 1.578719 -0.2152763 1.791881 -0.2197696 1.578451 9.458585 1.7218 9.446327 1.820736 9.444909 1.820715 -0.2186343 1.72028 -0.2686257 1.820736 -0.2144122 1.7218 -0.2186343 1.72028 -0.2693682 1.820333 -0.2686257 1.820736 9.445463 1.863836 9.396257 1.822857 9.443323 1.83352 9.471167 1.812654 9.396257 1.822857 9.445463 1.863836 9.396257 1.822857 9.445224 1.771257 9.443323 1.83352 9.471167 1.812654 9.445458 1.77789 9.396257 1.822857 -0.2220399 1.812654 -0.2686721 1.78384 -0.2686992 1.77789 -0.2220399 1.812654 -0.2690738 1.771257 -0.2686721 1.78384 -0.2799578 1.82848 -0.2690738 1.771257 -0.2220399 1.812654 9.457398 1.684524 9.436278 1.856652 9.437581 1.856781 -0.2157175 1.683581 -0.1791716 1.856652 -0.2200029 1.684524 -0.2200029 1.684524 -0.179142 1.856781 -0.2156059 1.684099 -0.178783 1.88417 -0.1356994 1.856737 -0.1788064 1.891139 -0.178783 9.436934 -0.1336757 9.490578 -0.1356994 9.395909 9.436934 1.88417 9.43696 1.889915 9.490578 1.851562 -0.1788171 1.889915 -0.1788064 1.891139 -0.2437994 1.852265 -0.1788064 1.891139 -0.1356994 1.856737 -0.2437994 1.852265 -0.2437994 1.852265 -0.1788003 1.826178 -0.1787859 1.823165 -0.1356994 1.856737 -0.1787811 1.829529 -0.1788003 1.826178 -0.2142528 9.459267 -0.245148 9.525683 -0.2196085 9.457077 9.460092 1.74741 9.526285 1.783852 9.459267 1.750675 -0.2170611 9.460092 -0.2463414 9.525622 -0.2452066 9.526285 -0.2455479 9.52589 -0.2831525 9.577381 -0.1971211 9.544463 9.525781 1.827881 9.577381 1.79006 9.52589 1.821327 -0.1971211 1.799501 -0.2785174 1.773229 -0.2461314 1.827881 -0.1971211 1.799501 -0.2409367 1.739493 -0.2785174 1.773229 -0.2164957 1.736722 -0.2410715 1.845225 -0.2423207 1.845023 9.460992 1.738922 9.408182 1.845563 9.406991 1.845225 -0.2201101 1.737169 -0.2417818 1.845563 -0.2158747 1.738922 9.463645 1.833 9.409464 1.828441 9.407273 1.899278 -0.2751694 1.831945 -0.2417143 1.800695 -0.2417202 1.796651 9.460171 1.708609 9.495915 1.824963 9.497029 1.824998 9.45558 1.707993 9.497063 1.824352 9.495915 1.824963 -0.2197852 1.708609 -0.1394861 1.824352 -0.2151136 1.706074 9.496667 1.856196 9.516319 1.82097 9.497558 1.860087 -0.1400417 1.856196 -0.185713 1.83893 -0.1394321 1.82097 9.497558 1.860087 9.444404 1.820694 9.496661 1.858912 -0.185713 1.83893 -0.1399419 1.789101 -0.1394321 1.82097 9.444404 1.820694 9.496562 1.789101 9.499141 1.83893 9.500992 1.823376 9.496562 1.789101 9.444404 1.820694 9.461782 1.705168 9.480474 1.766596 9.457121 1.707532 -0.2166323 1.705168 -0.289797 1.765922 -0.2889244 1.766596 -0.2892834 9.479839 -0.2741223 9.535603 -0.240339 9.448838 -0.2892834 9.479839 -0.3542584 9.456233 -0.2741223 9.535603 -0.289318 1.797075 -0.2893204 1.795106 -0.3542584 1.770007 -0.2892834 1.796504 -0.240339 1.782651 -0.2893204 1.795106 -0.2893204 9.479819 -0.240339 9.448838 -0.3542584 9.456233 9.479883 1.733113 9.479839 1.74217 9.535603 1.778891 -0.288108 1.737881 -0.2893086 1.733113 -0.3542584 1.770007 -0.2152229 9.457419 -0.1655515 9.36557 -0.166507 9.364667 9.461002 1.672467 9.36557 1.766523 9.457419 1.669226 -0.2201453 9.457308 -0.1668692 9.365484 -0.2159287 9.461002 9.365286 1.802822 9.411802 1.76596 9.364496 1.808474 9.359756 1.770104 9.411802 1.76596 9.365286 1.802822 -0.1571243 1.746152 -0.166376 1.727541 -0.1689476 1.770104 -0.2170754 1.696359 -0.2084077 1.820113 -0.2095576 1.819899 9.460101 1.694615 9.513298 1.820113 9.455806 1.696359 -0.2143491 1.694615 -0.2095576 1.819899 -0.2081622 1.819743 -0.2087997 9.51391 -0.2330864 9.493946 -0.2259983 9.56508 -0.2259983 1.8205 -0.1654882 1.801785 -0.2085916 1.863565 9.493946 1.853213 9.514663 1.788377 9.56508 1.8205 9.514663 1.788377 9.513926 1.778157 9.56508 1.8205 9.455559 1.674509 9.411564 1.858462 9.460047 1.674708 9.460184 1.676386 9.410408 1.858486 9.455559 1.674509 -0.2145837 1.676386 -0.2884735 1.858462 -0.2871891 1.858868 -0.28777 1.898062 -0.2407732 1.858468 -0.2876936 1.882461 9.461087 1.86298 9.410291 1.882461 9.411297 1.816711 -0.2407732 1.858468 -0.2875604 1.812071 -0.2876936 1.882461 -0.3314766 1.86298 -0.2882119 1.816711 -0.2407732 1.858468 -0.2875604 1.812071 -0.2882119 1.816711 -0.2876936 1.882461 -0.2407732 1.858468 -0.2877744 1.827569 -0.2875604 1.812071 -0.2283518 1.578719 -0.2170254 1.578344 -0.2132046 1.791822 9.452075 1.578344 9.460102 1.791762 9.455965 1.791822 -0.2197696 1.578451 -0.2152763 1.791881 -0.2112232 1.791762 -0.219297 1.719499 -0.2683109 1.820715 -0.2693682 1.820333 -0.219297 1.719499 -0.2144122 1.7218 -0.2683109 1.820715 9.461193 1.72028 9.456694 1.719499 9.445557 1.820333 -0.2799578 1.82848 -0.2220399 1.812654 -0.2687217 1.863836 9.443323 1.83352 9.445224 1.771257 9.464928 1.82848 9.445224 1.771257 9.396257 1.822857 9.445458 1.77789 -0.2157175 1.683581 -0.1780847 1.856486 -0.1791716 1.856652 9.455976 1.683581 9.461187 1.684099 9.436633 1.856486 -0.2156059 1.684099 -0.179142 1.856781 -0.1780847 1.856486 -0.1788171 1.889915 -0.2437994 1.852265 -0.1336757 1.851562 9.490578 1.851562 9.436931 1.823165 9.436921 1.829529 -0.1336757 9.490578 -0.2437994 9.431444 -0.1787859 9.436931 -0.2437994 1.852265 -0.1356994 1.856737 -0.1788003 1.826178 -0.1356994 9.395909 -0.1336757 9.490578 -0.1787811 9.436921 -0.2196085 9.457077 -0.245148 9.525683 -0.2463414 9.525622 9.459267 1.750675 9.526285 1.783852 9.525683 1.784874 9.460092 1.74741 9.457077 1.750528 9.525622 1.784154 -0.2455753 1.81631 -0.2455479 1.821327 -0.1971211 1.799501 -0.2455753 1.81631 -0.1971211 1.799501 -0.2461314 1.827881 9.525781 1.827881 9.50722 1.773229 9.577381 1.79006 -0.1971211 1.799501 -0.2451076 1.736564 -0.2409367 1.739493 -0.1971211 1.799501 -0.2831525 1.79006 -0.2451076 1.736564 9.577381 1.79006 9.50722 1.773229 9.526264 1.736564 -0.2201101 1.737169 -0.2164957 1.736722 -0.2423207 1.845023 9.455736 1.736722 9.460992 1.738922 9.406991 1.845225 9.458584 1.737169 9.407085 1.845023 9.408182 1.845563 9.407426 1.891595 9.463645 1.833 9.407273 1.899278 9.407426 1.891595 9.408058 1.896886 9.463645 1.833 9.408058 1.896886 9.407273 1.899278 9.375023 1.831945 9.408058 1.896886 9.375023 1.831945 9.463645 1.833 -0.2412914 1.899278 -0.1877279 1.828441 -0.2751694 1.831945 9.375023 1.831945 9.407433 1.79885 9.463645 1.833 -0.1877279 9.409464 -0.2394052 9.463645 -0.2417143 9.407435 9.463645 1.833 9.407433 1.79885 9.407435 1.800695 -0.2751694 1.831945 -0.2417202 1.796651 -0.2417533 1.79885 -0.2751694 1.831945 -0.1877279 1.828441 -0.2417143 1.800695 9.460171 1.708609 9.45558 1.707993 9.495915 1.824963 9.45558 1.707993 9.460034 1.706074 9.497063 1.824352 -0.2197852 1.708609 -0.1406457 1.824998 -0.1394861 1.824352 -0.1400417 1.856196 -0.1400386 1.858912 -0.185713 1.83893 -0.185713 9.499141 -0.1400386 9.496661 -0.1385458 9.444404 9.497558 1.860087 9.500992 1.823376 9.444404 1.820694 9.497558 1.860087 9.516319 1.82097 9.500992 1.823376 -0.219115 1.704179 -0.2893342 1.7666 -0.289797 1.765922 -0.219115 1.704179 -0.215615 1.707532 -0.2893342 1.7666 -0.215615 9.457121 -0.2889244 9.480474 -0.2893342 9.479082 -0.2166323 9.461782 -0.219115 9.456728 -0.289797 9.479839 -0.2892834 1.796504 -0.289318 1.797075 -0.3542584 1.770007 -0.240339 1.782651 -0.288108 1.737881 -0.3542584 1.770007 9.448838 1.782651 9.535603 1.778891 9.478872 1.737881 -0.2741223 1.778891 -0.3542584 1.770007 -0.2893086 1.733113 9.478872 1.737881 9.535603 1.778891 9.479839 1.74217 9.457308 1.671328 9.364667 1.766209 9.365484 1.767038 -0.2201453 1.671328 -0.2152229 1.669226 -0.166507 1.766209 -0.2159287 1.672467 -0.1668692 1.767038 -0.1655515 1.766523 -0.1660015 1.808474 -0.1571243 1.746152 -0.1689476 1.770104 9.364496 1.808474 9.411802 1.76596 9.356311 1.746152 9.411802 1.76596 9.359756 1.770104 9.365121 1.727541 9.356311 1.746152 9.411802 1.76596 9.365255 1.731975 9.411802 1.76596 9.365121 1.727541 9.365255 1.731975 9.45969 1.695085 9.455806 1.696359 9.514038 1.819899 9.460101 1.694615 9.514252 1.819743 9.513298 1.820113 -0.2143491 1.694615 -0.2200539 1.695085 -0.2095576 1.819899 9.513837 1.863565 9.51391 1.853462 9.56508 1.8205 -0.2087997 1.853462 -0.2087935 1.855726 -0.2330864 1.853213 -0.2087935 1.855726 -0.2085916 1.863565 -0.2330864 1.853213 -0.2085916 1.863565 -0.1928665 1.801627 -0.2330864 1.853213 9.496495 1.801627 9.513837 1.863565 9.54929 1.801785 -0.2330864 1.853213 -0.1928665 1.801627 -0.2104427 1.788377 -0.2259983 9.56508 -0.2088184 9.513926 -0.1654882 9.54929 -0.1654882 9.54929 -0.2088184 9.513926 -0.1928665 9.496495 9.455559 1.674509 9.410408 1.858486 9.411564 1.858462 9.460184 1.676386 9.41153 1.858868 9.410408 1.858486 -0.2145837 1.676386 -0.2196996 1.674708 -0.2884735 1.858462 -0.28777 1.898062 -0.2877855 1.903018 -0.2407732 1.858468 -0.2877855 1.903018 -0.3314766 1.86298 -0.2407732 1.858468 9.411211 1.903018 9.410291 1.882461 9.461087 1.86298 -0.2407732 1.858468 -0.2882119 1.816711 -0.2877744 1.827569 10.20198 1.888026 10.19936 2.101129 10.20318 2.101188 10.20972 1.887758 10.2035 2.101068 10.19547 1.887651 -0.02612941 1.888026 -0.01305384 2.101188 -0.01754718 1.887758 10.20198 2.031107 10.18972 2.130043 10.18831 2.130022 -0.01641183 2.029587 -0.06640329 2.130043 -0.01218975 2.031107 -0.01641183 2.029587 -0.06714578 2.12964 -0.06640329 2.130043 10.18886 2.173142 10.13965 2.132164 10.18672 2.142827 10.21456 2.121961 10.13965 2.132164 10.18886 2.173142 10.13965 2.132164 10.18862 2.080564 10.18672 2.142827 10.21456 2.121961 10.18886 2.087197 10.13965 2.132164 -0.01981744 2.121961 -0.0664497 2.093146 -0.06647676 2.087197 -0.01981744 2.121961 -0.06685135 2.080564 -0.0664497 2.093146 -0.07773539 2.137787 -0.06685135 2.080564 -0.01981744 2.121961 10.2008 1.993831 10.17968 2.165959 10.18098 2.166088 -0.01349507 1.992888 0.02305083 2.165959 -0.01778044 1.993831 -0.01778044 1.993831 0.0230804 2.166088 -0.01338343 1.993406 0.02343942 2.193477 0.06652301 2.166044 0.023416 2.200446 0.02343942 10.18033 0.06854678 10.23398 0.06652301 10.13931 10.18033 2.193477 10.18036 2.199222 10.23398 2.160869 0.02340534 2.199222 0.023416 2.200446 -0.04157691 2.161572 0.023416 2.200446 0.06652301 2.166044 -0.04157691 2.161572 -0.04157691 2.161572 0.02342219 2.135485 0.02343654 2.132472 0.06652301 2.166044 0.02344133 2.138836 0.02342219 2.135485 -0.01203036 10.20266 -0.04292551 10.26908 -0.01738607 10.20047 10.20349 2.056717 10.26968 2.093159 10.20266 2.059982 -0.01483863 10.20349 -0.04411898 10.26902 -0.04298416 10.26968 -0.04332546 10.26929 -0.08093009 10.32078 0.005101331 10.28786 10.26918 2.137188 10.32078 2.099367 10.26929 2.130633 0.005101331 2.108808 -0.07629491 2.082535 -0.04390891 2.137188 0.005101331 2.108808 -0.03871421 2.0488 -0.07629491 2.082535 -0.01427325 2.046029 -0.03884902 2.154532 -0.04009826 2.15433 10.20439 2.048229 10.15158 2.15487 10.15039 2.154532 -0.01788765 2.046476 -0.03955936 2.15487 -0.01365226 2.048229 10.20704 2.142307 10.15286 2.137747 10.15067 2.208585 -0.07294697 2.141252 -0.03949182 2.110002 -0.03949779 2.105958 10.20357 2.017916 10.23931 2.13427 10.24043 2.134305 10.19898 2.0173 10.24046 2.133659 10.23931 2.13427 -0.01756279 2.017916 0.06273636 2.133659 -0.0128912 2.015381 10.24006 2.165503 10.25972 2.130277 10.24096 2.169394 0.06218079 2.165503 0.01650948 2.148237 0.06279032 2.130277 10.24096 2.169394 10.1878 2.130001 10.24006 2.168219 0.01650948 2.148237 0.06228053 2.098408 0.06279032 2.130277 10.1878 2.130001 10.23996 2.098408 10.24254 2.148237 10.24439 2.132683 10.23996 2.098408 10.1878 2.130001 10.20518 2.014475 10.22387 2.075903 10.20052 2.016839 -0.01440986 2.014475 -0.08757458 2.075229 -0.08670195 2.075903 -0.08706092 10.22324 -0.07189989 10.279 -0.03811653 10.19224 -0.08706092 10.22324 -0.152036 10.19963 -0.07189989 10.279 -0.08709553 2.106382 -0.08709799 2.104413 -0.152036 2.079314 -0.08706092 2.105811 -0.03811653 2.091958 -0.08709799 2.104413 -0.08709799 10.22322 -0.03811653 10.19224 -0.152036 10.19963 10.22328 2.042419 10.22324 2.051477 10.279 2.088198 -0.08588552 2.047188 -0.08708618 2.042419 -0.152036 2.079314 -0.0130005 10.20082 0.03667096 10.10897 0.0357154 10.10806 10.2044 1.981774 10.10897 2.075829 10.20082 1.978533 -0.01792286 10.20071 0.03535322 10.10888 -0.01370626 10.2044 10.10868 2.112128 10.1552 2.075267 10.10789 2.117781 10.10315 2.079411 10.1552 2.075267 10.10868 2.112128 0.04509814 2.055459 0.03584642 2.036848 0.03327488 2.079411 -0.01485293 2.005666 -0.006185276 2.129419 -0.007335129 2.129206 10.2035 2.003921 10.2567 2.129419 10.1992 2.005666 -0.01212667 2.003921 -0.007335129 2.129206 -0.005939752 2.12905 -0.006577241 10.25731 -0.03086396 10.23734 -0.0237759 10.30848 -0.0237759 2.129807 0.03673426 2.111092 -0.006369199 2.172872 10.23734 2.16252 10.25806 2.097684 10.30848 2.129807 10.25806 2.097684 10.25732 2.087464 10.30848 2.129807 10.19896 1.983816 10.15496 2.167769 10.20344 1.984015 10.20358 1.985693 10.15381 2.167793 10.19896 1.983816 -0.01236121 1.985693 -0.08625108 2.167769 -0.08496667 2.168175 -0.08554759 2.207369 -0.03855079 2.167775 -0.0854712 2.191768 10.20448 2.172287 10.15369 2.191768 10.15469 2.126018 -0.03855079 2.167775 -0.08533793 2.121378 -0.0854712 2.191768 -0.1292542 2.172287 -0.08598946 2.126018 -0.03855079 2.167775 -0.08533793 2.121378 -0.08598946 2.126018 -0.0854712 2.191768 -0.03855079 2.167775 -0.085552 2.136876 -0.08533793 2.121378 -0.02612941 1.888026 -0.01480297 1.887651 -0.01098217 2.101129 10.19547 1.887651 10.2035 2.101068 10.19936 2.101129 -0.01754718 1.887758 -0.01305384 2.101188 -0.009000761 2.101068 -0.01707458 2.028806 -0.06608848 2.130022 -0.06714578 2.12964 -0.01707458 2.028806 -0.01218975 2.031107 -0.06608848 2.130022 10.20459 2.029587 10.20009 2.028806 10.18896 2.12964 -0.07773539 2.137787 -0.01981744 2.121961 -0.06649923 2.173142 10.18672 2.142827 10.18862 2.080564 10.20833 2.137787 10.18862 2.080564 10.13965 2.132164 10.18886 2.087197 -0.01349507 1.992888 0.02413779 2.165793 0.02305083 2.165959 10.19937 1.992888 10.20458 1.993406 10.18003 2.165793 -0.01338343 1.993406 0.0230804 2.166088 0.02413779 2.165793 0.02340534 2.199222 -0.04157691 2.161572 0.06854678 2.160869 10.23398 2.160869 10.18033 2.132472 10.18032 2.138836 0.06854678 10.23398 -0.04157691 10.17484 0.02343654 10.18033 -0.04157691 2.161572 0.06652301 2.166044 0.02342219 2.135485 0.06652301 10.13931 0.06854678 10.23398 0.02344133 10.18032 -0.01738607 10.20047 -0.04292551 10.26908 -0.04411898 10.26902 10.20266 2.059982 10.26968 2.093159 10.26908 2.094181 10.20349 2.056717 10.20047 2.059835 10.26902 2.093461 -0.04335285 2.125617 -0.04332546 2.130633 0.005101331 2.108808 -0.04335285 2.125617 0.005101331 2.108808 -0.04390891 2.137188 10.26918 2.137188 10.25062 2.082535 10.32078 2.099367 0.005101331 2.108808 -0.04288511 2.045871 -0.03871421 2.0488 0.005101331 2.108808 -0.08093009 2.099367 -0.04288511 2.045871 10.32078 2.099367 10.25062 2.082535 10.26966 2.045871 -0.01788765 2.046476 -0.01427325 2.046029 -0.04009826 2.15433 10.19913 2.046029 10.20439 2.048229 10.15039 2.154532 10.20198 2.046476 10.15048 2.15433 10.15158 2.15487 10.15082 2.200902 10.20704 2.142307 10.15067 2.208585 10.15082 2.200902 10.15146 2.206193 10.20704 2.142307 10.15146 2.206193 10.15067 2.208585 10.11842 2.141252 10.15146 2.206193 10.11842 2.141252 10.20704 2.142307 -0.03906898 2.208585 0.01449456 2.137747 -0.07294697 2.141252 10.11842 2.141252 10.15083 2.108157 10.20704 2.142307 0.01449456 10.15286 -0.03718278 10.20704 -0.03949182 10.15083 10.20704 2.142307 10.15083 2.108157 10.15083 2.110002 -0.07294697 2.141252 -0.03949779 2.105958 -0.03953084 2.108157 -0.07294697 2.141252 0.01449456 2.137747 -0.03949182 2.110002 10.20357 2.017916 10.19898 2.0173 10.23931 2.13427 10.19898 2.0173 10.20343 2.015381 10.24046 2.133659 -0.01756279 2.017916 0.06157673 2.134305 0.06273636 2.133659 0.06218079 2.165503 0.06218385 2.168219 0.01650948 2.148237 0.01650948 10.24254 0.06218385 10.24006 0.06367659 10.1878 10.24096 2.169394 10.24439 2.132683 10.1878 2.130001 10.24096 2.169394 10.25972 2.130277 10.24439 2.132683 -0.01689252 2.013486 -0.0871118 2.075907 -0.08757458 2.075229 -0.01689252 2.013486 -0.01339254 2.016839 -0.0871118 2.075907 -0.01339254 10.20052 -0.08670195 10.22387 -0.0871118 10.22248 -0.01440986 10.20518 -0.01689252 10.20013 -0.08757458 10.22324 -0.08706092 2.105811 -0.08709553 2.106382 -0.152036 2.079314 -0.03811653 2.091958 -0.08588552 2.047188 -0.152036 2.079314 10.19224 2.091958 10.279 2.088198 10.22227 2.047188 -0.07189989 2.088198 -0.152036 2.079314 -0.08708618 2.042419 10.22227 2.047188 10.279 2.088198 10.22324 2.051477 10.20071 1.980635 10.10806 2.075516 10.10888 2.076345 -0.01792286 1.980635 -0.0130005 1.978533 0.0357154 2.075516 -0.01370626 1.981774 0.03535322 2.076345 0.03667096 2.075829 0.03622099 2.117781 0.04509814 2.055459 0.03327488 2.079411 10.10789 2.117781 10.1552 2.075267 10.09971 2.055459 10.1552 2.075267 10.10315 2.079411 10.10852 2.036848 10.09971 2.055459 10.1552 2.075267 10.10865 2.041282 10.1552 2.075267 10.10852 2.036848 10.10865 2.041282 10.20309 2.004392 10.1992 2.005666 10.25744 2.129206 10.2035 2.003921 10.25765 2.12905 10.2567 2.129419 -0.01212667 2.003921 -0.01783141 2.004392 -0.007335129 2.129206 10.25723 2.172872 10.25731 2.162769 10.30848 2.129807 -0.006577241 2.162769 -0.006571095 2.165033 -0.03086396 2.16252 -0.006571095 2.165033 -0.006369199 2.172872 -0.03086396 2.16252 -0.006369199 2.172872 0.009355975 2.110934 -0.03086396 2.16252 10.23989 2.110934 10.25723 2.172872 10.29269 2.111092 -0.03086396 2.16252 0.009355975 2.110934 -0.008220227 2.097684 -0.0237759 10.30848 -0.006595937 10.25732 0.03673426 10.29269 0.03673426 10.29269 -0.006595937 10.25732 0.009355975 10.23989 10.19896 1.983816 10.15381 2.167793 10.15496 2.167769 10.20358 1.985693 10.15493 2.168175 10.15381 2.167793 -0.01236121 1.985693 -0.01747721 1.984015 -0.08625108 2.167769 -0.08554759 2.207369 -0.08556304 2.212325 -0.03855079 2.167775 -0.08556304 2.212325 -0.1292542 2.172287 -0.03855079 2.167775 10.15461 2.212325 10.15369 2.191768 10.20448 2.172287 -0.03855079 2.167775 -0.08598946 2.126018 -0.085552 2.136876 10.19444 1.87243 10.19182 2.085534 10.19563 2.085592 10.20218 1.872162 10.19596 2.085473 10.18793 1.872055 -0.1119265 1.87243 -0.09885096 2.085592 -0.1033443 1.872162 10.19553 1.978878 10.12919 2.109876 10.13038 2.110255 10.19594 1.979903 10.12919 2.109876 10.1917 1.977781 -0.09802795 1.979903 -0.125323 2.110255 -0.1240651 2.110409 -0.1246807 2.15273 -0.05919702 2.117849 -0.1246733 2.15346 -0.1246807 10.12994 -0.1429248 10.08582 -0.1879855 10.15674 -0.05919702 2.117849 -0.1879855 2.115851 -0.1246548 2.067138 10.08582 2.12474 10.12996 2.061634 10.15674 2.115851 -0.05919702 2.117849 -0.1246548 2.067138 -0.1429248 2.12474 10.08582 2.12474 10.12993 2.073929 10.12996 2.061634 10.19157 1.978268 10.22505 2.128576 10.19591 1.978541 -0.09960799 1.978268 -0.05122837 2.128404 -0.05235596 2.128576 10.19702 1.977297 10.22527 2.128175 10.19157 1.978268 -0.09939805 1.977297 -0.05235596 2.128576 -0.05102154 2.128175 10.22511 2.173557 10.29194 2.119415 10.22471 2.092422 -0.05132121 2.149869 -0.05187371 2.089972 -0.05296023 2.157727 -0.05034782 2.173557 -0.0156071 2.092422 -0.05132121 2.149869 10.22494 2.157727 10.22457 2.089972 10.29194 2.119415 -0.05132121 2.149869 -0.0156071 2.092422 -0.05187371 2.089972 -0.0156071 2.092422 -0.05162414 2.097463 -0.05187371 2.089972 -0.0156071 2.092422 -0.05166464 2.089278 -0.05162414 2.097463 -0.0556567 10.29194 -0.05166464 10.2249 -0.0156071 10.22471 10.29194 2.119415 10.22457 2.089972 10.2249 2.089278 -0.09846127 1.999738 -0.1928448 2.096091 -0.1028245 1.996509 10.19387 1.999738 10.21465 2.096458 10.21351 2.09689 -0.1016421 1.99676 -0.1921215 2.096458 -0.09846127 1.999738 -0.1016421 10.19704 -0.1928448 10.21348 -0.1921215 10.21465 -0.1922529 2.12964 -0.1257133 2.105029 -0.1922718 2.131823 -0.1922529 10.21389 -0.2401443 10.25763 -0.1685661 10.2714 -0.1922454 2.128106 -0.2401443 2.101501 -0.1922529 2.12964 -0.1922454 10.21387 -0.231229 10.16485 -0.2401443 10.25763 -0.1922718 2.131823 -0.1257133 2.105029 -0.1922454 2.128106 -0.1922529 10.21389 -0.1685661 10.2714 -0.1257133 10.21456 -0.1922454 10.21387 -0.1257133 10.21456 -0.231229 10.16485 -0.1257133 2.105029 -0.188166 2.062799 -0.231229 2.104378 -0.2401443 10.25763 -0.1922681 10.21388 -0.1685661 10.2714 10.16723 2.062799 10.21389 2.065537 10.21388 2.064044 10.16723 2.062799 10.21388 2.06797 10.21389 2.065537 10.19445 2.01834 10.16307 2.083323 10.16201 2.083079 -0.1019144 2.02034 -0.08137052 2.083323 -0.09783292 2.01834 -0.08562091 2.103056 -0.07926886 2.1162 -0.01986829 2.084341 -0.07926886 2.1162 -0.08355711 2.056033 -0.01986829 2.084341 -0.07926886 2.1162 -0.1142469 2.079241 -0.08355711 2.056033 -0.01986829 2.084341 -0.08355711 2.056033 -0.08209766 2.050468 -0.1142469 2.079241 -0.08209766 2.050468 -0.08209612 2.058544 -0.09916 2.003969 -0.09522659 2.133122 -0.1035846 2.003546 10.19208 2.003969 10.2645 2.132632 10.26346 2.133122 -0.1035846 2.003546 -0.09596589 2.132726 -0.09925435 2.001852 -0.09520534 2.160517 -0.09523684 2.16477 -0.05750839 2.119676 -0.09524422 10.26413 -0.07240234 10.21141 -0.1568283 10.25095 10.26412 2.160517 10.21141 2.139533 10.26413 2.160813 -0.09523684 2.16477 -0.1568283 2.141224 -0.05750839 2.119676 -0.1568283 2.141224 -0.09533876 2.101754 -0.05750839 2.119676 -0.07240234 10.21141 -0.09533876 10.26417 -0.1568283 10.25095 10.26394 2.095953 10.26417 2.101754 10.21141 2.139533 -0.09784683 1.972682 -0.146006 2.096574 -0.1024403 1.970718 10.19444 1.972682 10.15967 2.096634 10.15851 2.096574 10.19218 1.970718 10.15967 2.096634 10.19735 1.972416 -0.1466524 2.130385 -0.08379125 2.09625 -0.1466657 2.134659 -0.1466524 2.130385 -0.184032 2.096528 -0.08379125 2.09625 10.15887 2.1354 10.15887 2.134659 10.20533 2.096528 -0.08379125 10.14593 -0.1847006 10.0937 -0.1466657 10.15887 -0.08379125 2.09625 -0.1466497 2.052077 -0.1466765 2.056246 -0.08379125 2.09625 -0.1466497 2.060678 -0.1466497 2.052077 10.20533 2.096528 10.15888 2.056246 10.15887 2.060678 -0.1007535 2.023523 -0.0556432 2.09886 -0.05654331 2.099311 -0.09805468 2.022261 -0.0556432 2.09886 -0.1007535 2.023523 -0.05597147 2.130239 -0.02074575 2.092822 -0.05304645 2.130712 -0.05304645 2.130712 -0.05453152 2.083445 -0.05700603 2.105772 -0.05304645 2.130712 -0.02074575 2.092822 -0.05453152 2.083445 10.19344 2.105772 10.19013 2.083445 10.19256 2.064827 -0.02074575 10.17641 -0.05593618 10.19256 -0.05597427 10.19237 10.19149 1.994183 10.25602 2.156283 10.19625 1.992214 10.19557 1.994085 10.25518 2.156898 10.19149 1.994183 -0.1028456 1.992214 -0.1653966 2.156534 -0.09787707 1.994085 -0.1657945 2.195596 -0.2161012 2.156412 -0.1669764 2.188424 10.25567 2.191022 10.2019 2.147276 10.28138 2.156412 10.2594 2.188424 10.2019 2.147276 10.25567 2.191022 -0.2161012 2.156412 -0.1657097 2.122114 -0.1669764 2.188424 10.2019 2.147276 10.25564 2.123612 10.28138 2.156412 -0.2161012 10.28138 -0.165858 10.25566 -0.1657097 10.25712 10.25712 2.122114 10.25564 2.123612 10.2019 2.147276 -0.09824345 2.033606 -0.1004209 2.128786 -0.103735 2.034735 10.19299 2.033606 10.10758 2.129401 10.10678 2.128786 10.19644 2.036278 10.10758 2.129401 10.19299 2.033606 -0.09919852 2.036278 -0.101128 2.12947 -0.09969717 2.129401 -0.1004607 2.183567 -0.07862398 2.156329 -0.1280327 2.126099 -0.0997607 2.143708 -0.1004159 2.078036 -0.07862398 2.156329 -0.1280327 2.126099 -0.1004159 2.078036 -0.0997607 2.143708 -0.1119265 1.87243 -0.1006001 1.872055 -0.09677929 2.085534 10.18793 1.872055 10.19596 2.085473 10.19182 2.085534 -0.1033443 1.872162 -0.09885096 2.085592 -0.09479788 2.085473 10.19553 1.978878 10.1917 1.977781 10.12919 2.109876 10.19594 1.979903 10.13028 2.110409 10.12919 2.109876 -0.09802795 1.979903 -0.1036467 1.978878 -0.125323 2.110255 -0.1246807 2.15273 -0.1879855 2.115851 -0.05919702 2.117849 10.12994 2.15273 10.12994 2.148825 10.08582 2.12474 10.12994 2.148825 10.12994 2.15346 10.08582 2.12474 -0.1246733 2.15346 -0.05919702 2.117849 -0.1429248 2.12474 -0.1246548 2.067138 -0.1879855 2.115851 -0.1247286 2.061634 10.08582 2.12474 10.13008 2.067138 10.12993 2.073929 10.19157 1.978268 10.22527 2.128175 10.22426 2.128404 -0.09939805 1.977297 -0.1032812 1.978541 -0.05235596 2.128576 10.22494 2.157727 10.29194 2.119415 10.22511 2.173557 -0.09846127 1.999738 -0.1918062 2.09689 -0.1928448 2.096091 10.19704 1.99676 10.19295 1.996509 10.21348 2.096091 -0.231229 10.16485 -0.188166 10.16723 -0.2401443 10.25763 -0.1257133 10.21456 -0.1685661 10.2714 -0.188166 10.16723 10.2714 2.095121 10.21388 2.064044 10.21388 2.06797 -0.2401443 10.25763 -0.188166 10.16723 -0.1922681 10.21388 -0.188166 10.16723 -0.1685661 10.2714 -0.1922636 10.21388 10.19271 2.018963 10.16201 2.083079 10.16297 2.083618 -0.1033086 2.018963 -0.09783292 2.01834 -0.08217311 2.083079 -0.1019144 2.02034 -0.08276093 2.083618 -0.08137052 2.083323 10.19684 2.02034 10.19271 2.018963 10.16297 2.083618 -0.08562091 2.103056 -0.01986829 2.084341 -0.08209766 2.050468 -0.08355711 10.16675 -0.1142469 10.15802 -0.08209612 10.16269 -0.1142469 2.079241 -0.08562091 2.103056 -0.08209766 2.050468 10.19336 2.003546 10.26346 2.133122 10.2644 2.132726 10.19208 2.003969 10.19678 2.001852 10.2645 2.132632 -0.09925435 2.001852 -0.09596589 2.132726 -0.09453718 2.132632 -0.09523684 2.16477 -0.09524422 2.160813 -0.1568283 2.141224 10.26412 2.160517 10.29094 2.119676 10.21141 2.139533 -0.07240234 10.21141 -0.05750839 10.29094 -0.09515419 10.26394 -0.09515419 2.095953 -0.05750839 2.119676 -0.09523941 2.107425 -0.05750839 2.119676 -0.09533876 2.101754 -0.09523941 2.107425 -0.1024403 1.970718 -0.146006 2.096574 -0.1472002 2.096183 -0.09784683 1.972682 -0.1009465 1.972416 -0.1467123 2.096634 10.19218 1.970718 10.15841 2.096183 10.15967 2.096634 10.15888 2.130385 10.15887 2.1354 10.20533 2.096528 10.20533 2.096528 10.15887 2.134659 10.0937 2.086693 -0.184032 10.20533 -0.1847006 10.0937 -0.1466765 10.15888 -0.1847006 10.0937 -0.08379125 10.14593 -0.1466765 10.15888 -0.08379125 2.09625 -0.184032 2.096528 -0.1466497 2.060678 10.19675 2.024476 10.19145 2.023523 10.19201 2.099311 10.19444 2.022261 10.1931 2.098936 10.19173 2.09886 -0.09805468 2.022261 -0.102454 2.024476 -0.055742 2.098936 10.19675 2.024476 10.19201 2.099311 10.1931 2.098936 -0.05597147 2.130239 -0.05700603 2.105772 -0.02074575 2.092822 -0.02074575 2.092822 -0.05700603 2.105772 -0.05593618 2.064827 -0.05453152 2.083445 -0.02074575 2.092822 -0.05597427 2.064723 -0.1014301 1.994183 -0.1654092 2.156898 -0.1664685 2.156283 10.19557 1.994085 10.25636 2.156534 10.25518 2.156898 -0.1028456 1.992214 -0.1664685 2.156283 -0.1653966 2.156534 -0.1657945 2.195596 -0.1658599 2.191022 -0.2161012 2.156412 10.2594 2.188424 10.25712 2.122114 10.2019 2.147276 -0.2161012 2.156412 -0.1658322 2.123612 -0.165858 2.120971 10.19445 2.034735 10.10678 2.128786 10.10767 2.12947 -0.09919852 2.036278 -0.103735 2.034735 -0.101128 2.12947 -0.0997607 2.143708 -0.1004607 2.183567 -0.1280327 2.126099 -0.1004607 2.183567 -0.1003431 2.176051 -0.07862398 2.156329 -0.1003431 2.176051 -0.0997607 2.143708 -0.07862398 2.156329 -0.1280327 2.126099 -0.07862398 2.156329 -0.1004851 2.08013 -0.1280327 2.126099 -0.1004851 2.08013 -0.1004159 2.078036 8.212116 8.633056 8.210387 8.754974 8.213135 8.755008 8.217835 8.632902 8.213415 8.75494 8.207517 8.632841 -0.5623589 8.633056 -0.5528745 8.755008 -0.5562133 8.632902 8.213402 8.70191 8.216664 8.794307 8.217523 8.794372 8.213143 8.701165 8.216664 8.794307 8.210069 8.701615 -0.5562427 8.70191 -0.5204675 8.794203 -0.5522073 8.701165 -0.5310696 8.2086 -0.5548781 8.251448 -0.5208888 8.21726 -0.5208244 8.21734 -0.5548781 8.251448 -0.477037 8.235725 -0.5548781 8.251448 -0.5506755 8.209528 -0.52089 8.217347 -0.5310696 8.807307 -0.477037 8.785244 -0.5208711 8.773031 -0.477037 8.785244 -0.52089 8.769777 -0.5208711 8.773031 8.212213 8.708186 8.244606 8.784456 8.245505 8.784145 8.214414 8.708553 8.245447 8.784445 8.210429 8.70955 -0.5537111 8.708553 -0.6052316 8.784145 -0.604408 8.784445 -0.5562033 8.708186 -0.6052316 8.784145 -0.5537111 8.708553 8.283057 8.783225 8.218206 8.780842 8.245058 8.805904 8.245438 8.797655 8.243302 8.782194 8.283057 8.783225 8.243302 8.782194 8.245293 8.766427 8.283057 8.783225 8.210047 8.710601 8.17777 8.771628 8.213221 8.711634 8.210047 8.710601 8.177712 8.771563 8.177001 8.771374 -0.5524097 8.711562 -0.5493455 8.771628 -0.5483087 8.771563 -0.5488619 8.177482 -0.5213369 8.178116 -0.5590037 8.131356 -0.5488399 8.792295 -0.5213369 8.789148 -0.5488619 8.79505 -0.5819677 8.198298 -0.5573382 8.219361 -0.5213369 8.178116 8.219361 8.755598 8.178043 8.748015 8.178116 8.789148 8.131356 8.770407 8.177499 8.748254 8.198298 8.77735 -0.5548706 8.210625 -0.5196004 8.277433 -0.5202152 8.278155 -0.5521525 8.704544 -0.5196004 8.774583 -0.5548706 8.706051 -0.5197057 8.79259 -0.5197185 8.791726 -0.4876198 8.781098 -0.5197185 8.277935 -0.5223887 8.267991 -0.5139142 8.32078 8.277934 8.790688 8.267991 8.795417 8.277935 8.791726 -0.5223887 8.267991 -0.4876198 8.309976 -0.4972272 8.235955 8.267991 8.795417 8.235955 8.768897 8.277934 8.760163 -0.4876198 8.309976 -0.5139142 8.32078 -0.4972272 8.235955 8.32078 8.770171 8.277934 8.752345 8.277939 8.753299 8.32078 8.770171 8.277934 8.760163 8.277934 8.752345 8.235955 8.768897 8.277939 8.753299 8.277934 8.760163 8.211141 8.701039 8.20061 8.753672 8.201421 8.753682 -0.5522938 8.702324 -0.5911965 8.753672 -0.5558109 8.701039 -0.5546457 8.701837 -0.591413 8.753682 -0.5904989 8.753979 8.201475 8.758436 8.23569 8.751763 8.201038 8.772832 -0.5909605 8.201038 -0.5942028 8.23569 -0.5344433 8.195643 8.201475 8.758436 8.199775 8.749681 8.201329 8.732659 8.23569 8.751763 8.201329 8.732659 8.201092 8.736331 -0.5344433 8.75201 -0.5909831 8.736331 -0.5910999 8.749681 -0.5549261 8.210125 -0.5223386 8.196027 -0.5553152 8.213248 -0.5524947 8.213388 -0.521635 8.196062 -0.5549261 8.210125 8.213388 8.72608 8.196843 8.750338 8.196062 8.749992 -0.5553152 8.213248 -0.5223386 8.196027 -0.5217317 8.196843 -0.5219053 8.766814 -0.5217072 8.771644 -0.4839641 8.749072 8.196236 8.770889 8.20001 8.744219 8.196347 8.771644 -0.5219053 8.766814 -0.4839641 8.749072 -0.5218754 8.770889 -0.5217072 8.771644 -0.5229052 8.744219 -0.4839641 8.749072 8.196236 8.770889 8.197738 8.748739 8.20001 8.744219 -0.5218754 8.770889 -0.5142815 8.746647 -0.5228159 8.748739 -0.4839641 8.749072 -0.5142815 8.746647 -0.5218754 8.770889 -0.4839641 8.216021 -0.5229052 8.20001 -0.5142815 8.190449 8.211174 8.687367 8.240966 8.754863 8.241678 8.754683 -0.5522173 8.687828 -0.569587 8.754863 -0.5561116 8.687367 8.241228 8.776337 8.241299 8.78135 8.209301 8.741975 -0.5694983 8.779362 -0.5420321 8.748877 -0.5692016 8.78135 -0.5694983 8.779362 -0.5698 8.734285 -0.5420321 8.748877 8.241741 8.779362 8.241228 8.776337 8.241665 8.734285 8.26649 8.748877 8.209301 8.741975 8.241299 8.78135 8.241228 8.776337 8.209301 8.741975 8.241665 8.734285 8.209301 8.741975 8.241423 8.730775 8.241665 8.734285 -0.5420321 8.748877 -0.5698 8.734285 -0.5692996 8.730377 8.210442 8.701385 8.177521 8.766886 8.214007 8.70232 -0.5520861 8.702023 -0.5684319 8.767154 -0.5691684 8.766886 -0.5554343 8.70232 -0.5692392 8.767122 -0.5684319 8.767154 -0.5982061 8.208661 -0.5318876 8.193426 -0.5689255 8.177998 -0.5690053 8.79085 -0.5318876 8.765751 -0.5852935 8.762518 8.208661 8.768237 8.177984 8.74419 8.178007 8.74837 8.140487 8.762518 8.177979 8.747537 8.177984 8.74419 8.211033 8.723508 8.224621 8.789566 8.225441 8.789555 8.211195 8.722842 8.225482 8.789389 8.224621 8.789566 8.214478 8.722798 8.225482 8.789389 8.211195 8.722842 8.211033 8.723508 8.225441 8.789555 8.214478 8.722798 -0.5325367 8.22518 -0.5256042 8.189265 -0.5313939 8.237391 8.237391 8.809281 8.221677 8.764144 8.225271 8.815135 -0.5256042 8.189265 -0.5687233 8.226804 -0.5313939 8.237391 8.225271 8.815135 8.221677 8.764144 8.189265 8.801488 -0.5623589 8.633056 -0.5540569 8.632841 -0.551326 8.754974 8.207517 8.632841 8.213415 8.75494 8.210387 8.754974 -0.5562133 8.632902 -0.5528745 8.755008 -0.549934 8.75494 8.213402 8.70191 8.210069 8.701615 8.216664 8.794307 8.213143 8.701165 8.217611 8.794203 8.216664 8.794307 -0.5562427 8.70191 -0.5213578 8.794372 -0.5204675 8.794203 8.21726 8.813425 8.251448 8.800699 8.21734 8.818808 -0.5208244 8.818808 -0.477037 8.785244 -0.5310696 8.807307 8.2086 8.807307 8.209528 8.775072 8.251448 8.800699 -0.477037 8.235725 -0.5548781 8.251448 -0.52089 8.217347 -0.5506755 8.775072 -0.5310696 8.807307 -0.5208711 8.773031 -0.5562033 8.708186 -0.5534241 8.70955 -0.6049245 8.784456 8.210429 8.70955 8.245447 8.784445 8.244606 8.784456 8.245058 8.805904 8.245438 8.797655 8.283057 8.783225 -0.6046138 8.805904 -0.5776374 8.780842 -0.6055428 8.782194 -0.5776374 8.218206 -0.591823 8.283057 -0.6046564 8.244755 -0.6055428 8.782194 -0.5776374 8.780842 -0.6046564 8.764034 8.244755 8.764034 8.283057 8.783225 8.245293 8.766427 8.210047 8.710601 8.177001 8.771374 8.17777 8.771628 8.210047 8.710601 8.21355 8.711562 8.177712 8.771563 -0.5524097 8.711562 -0.5560898 8.711634 -0.5493455 8.771628 -0.5488399 8.177509 -0.5819677 8.198298 -0.5213369 8.178116 -0.5488399 8.792295 -0.548837 8.791671 -0.5819677 8.77735 -0.548837 8.791671 -0.5488619 8.79505 -0.5819677 8.77735 -0.5488619 8.177482 -0.5590037 8.131356 -0.5819677 8.198298 8.131356 8.770407 8.178116 8.789148 8.178043 8.748015 8.178043 8.748015 8.219361 8.755598 8.177503 8.753132 8.219361 8.755598 8.177499 8.748254 8.177503 8.753132 -0.5573382 8.219361 -0.5819677 8.198298 -0.5488426 8.177499 -0.5590037 8.131356 -0.5482451 8.178043 -0.5488426 8.177499 8.212277 8.704544 8.278231 8.77413 8.277433 8.774583 -0.5521525 8.212277 -0.5549455 8.214132 -0.5193655 8.278231 -0.5549455 8.704351 -0.5202152 8.774386 -0.5193655 8.77413 8.214132 8.704351 8.210625 8.706051 8.278155 8.774386 -0.5197188 8.790688 -0.5197057 8.79259 -0.4876198 8.781098 -0.5197188 8.277934 -0.4876198 8.309976 -0.5223887 8.267991 -0.4876198 8.309976 -0.5197185 8.277935 -0.5139142 8.32078 8.267991 8.795417 8.277934 8.760163 8.32078 8.770171 8.235955 8.768897 8.32078 8.770171 8.277939 8.753299 -0.5522938 8.702324 -0.5904989 8.753979 -0.5911965 8.753672 8.211095 8.702324 8.214469 8.701837 8.201094 8.753979 8.214469 8.701837 8.211141 8.701039 8.201421 8.753682 8.19999 8.776358 8.201038 8.772832 8.199775 8.749681 -0.5909605 8.772832 -0.5344433 8.75201 -0.5910999 8.749681 8.201475 8.758436 8.19999 8.776358 8.199775 8.749681 8.23569 8.751763 8.201475 8.758436 8.201329 8.732659 -0.5344433 8.195643 -0.5942028 8.23569 -0.5909831 8.201092 -0.5549261 8.726666 -0.521635 8.749992 -0.5223386 8.750485 -0.5524947 8.72608 -0.5553152 8.728048 -0.5217317 8.750338 -0.5522173 8.687828 -0.5687557 8.754831 -0.569587 8.754863 8.211138 8.687828 8.214389 8.68684 8.241533 8.754831 -0.554441 8.68684 -0.5697574 8.754683 -0.5687557 8.754831 8.214389 8.68684 8.211174 8.687367 8.241678 8.754683 8.209301 8.741975 8.241419 8.730377 8.241423 8.730775 -0.5575885 8.209301 -0.5420321 8.26649 -0.5692996 8.241419 -0.555164 8.701385 -0.5520861 8.702023 -0.5691684 8.766886 -0.5520861 8.702023 -0.5554343 8.70232 -0.5684319 8.767154 8.214007 8.70232 8.177521 8.766886 8.178411 8.767122 -0.5690053 8.79085 -0.5689255 8.78815 -0.5318876 8.765751 8.177998 8.78815 8.177968 8.784326 8.208661 8.768237 8.177968 8.784326 8.177646 8.79085 8.208661 8.768237 8.177646 8.79085 8.140487 8.762518 8.208661 8.768237 -0.5852935 8.140487 -0.5690373 8.177984 -0.5982061 8.208661 -0.5982061 8.208661 -0.5689399 8.178007 -0.5318876 8.193426 -0.5318876 8.765751 -0.5689399 8.74837 -0.5689303 8.747537 -0.5852935 8.140487 -0.5318876 8.193426 -0.5689303 8.177979 -0.5561683 8.723508 -0.5523353 8.722842 -0.5325829 8.789566 -0.5540333 8.722798 -0.5330075 8.789555 -0.532049 8.789389 8.22518 8.809718 8.225271 8.815135 8.189265 8.801488 8.237391 8.809281 8.225913 8.760663 8.221677 8.764144 -0.5313939 8.809281 -0.5687233 8.777446 -0.532058 8.760663 -0.5256042 8.801488 -0.5315188 8.764144 -0.5687233 8.777446 -0.5687233 8.226804 -0.5315188 8.221677 -0.5325553 8.225197 -0.532058 8.760663 -0.5687233 8.777446 -0.5325553 8.762464 -0.6234924 4.65043 -0.6247982 4.777929 -0.6271414 4.777964 -0.630959 4.65027 -0.6282366 4.777892 -0.6211488 4.650206 -0.6234924 4.65043 -0.6271414 4.777964 -0.630959 4.65027 -0.6260482 4.714117 -0.5732013 4.792492 -0.5739173 4.79272 -0.6275367 4.714731 -0.5732013 4.792492 -0.6239177 4.713461 8.947138 4.714731 8.941147 4.79272 8.942084 4.792811 8.941708 4.818132 8.983233 4.797263 8.941713 4.818568 -0.5737333 8.941708 -0.5376776 8.937766 -0.5798464 8.889838 8.983233 4.797263 8.889838 4.796067 8.941696 4.766923 -0.5376776 8.937766 -0.5737368 8.941669 -0.5798464 8.889838 -0.6090897 4.797263 -0.5738462 4.766923 -0.5376776 4.801386 -0.5376776 4.801386 -0.5737326 4.770986 -0.5737368 4.76363 8.946912 4.713752 8.974275 4.803681 8.943311 4.713916 8.946912 4.713752 8.975264 4.803578 8.974275 4.803681 -0.6280372 4.713171 -0.6589166 4.803441 -0.6240192 4.713752 8.945909 4.713171 8.974275 4.803681 8.9752 4.803441 -0.6589387 4.830593 -0.7065656 4.7982 -0.6660232 4.78205 8.975192 4.81642 8.974728 4.780584 8.973856 4.821122 8.975726 4.830593 9.001154 4.78205 8.975192 4.81642 -0.6582642 4.821122 -0.658222 4.780584 -0.7065656 4.7982 8.975192 4.81642 9.001154 4.78205 8.974728 4.780584 9.001154 4.78205 8.974838 4.785066 8.974728 4.780584 9.001154 4.78205 8.97481 4.780169 8.974838 4.785066 -0.7065656 8.957664 -0.6585064 8.97481 -0.6660232 9.001154 -0.7065656 4.7982 -0.658222 4.780584 -0.6585064 4.780169 8.947262 4.726598 8.874248 4.784245 8.944273 4.724666 -0.6259338 8.947262 -0.62121 8.874527 -0.6204467 8.874999 8.944268 4.724816 8.874527 4.784465 8.947262 4.726598 -0.6275724 8.944268 -0.6202008 8.874248 -0.62121 8.874527 8.874593 4.804317 8.922988 4.789593 8.874584 4.805624 -0.6206248 8.874593 -0.6423668 8.830371 -0.6676063 8.879662 8.874602 4.8034 8.830371 4.787482 8.874593 4.804317 -0.6206163 8.874602 -0.5765808 8.856572 -0.6423668 8.830371 8.874584 4.805624 8.922988 4.789593 8.874602 4.8034 -0.6206248 8.874593 -0.6676063 8.879662 -0.6352473 8.922988 -0.6206163 8.874602 -0.6352473 8.922988 -0.5765808 8.856572 8.922988 4.789593 8.88748 4.764327 8.856572 4.789203 -0.6423668 8.830371 -0.6206199 8.874583 -0.6676063 8.879662 -0.5874572 4.764327 -0.6206182 4.765965 -0.6206199 4.765071 -0.5874572 4.764327 -0.6206183 4.767421 -0.6206182 4.765965 -0.6264911 4.737727 -0.607097 4.776606 -0.6061547 4.77646 8.944111 4.738924 8.966268 4.776606 8.947597 4.737727 8.963466 4.788412 8.967713 4.796276 9.013524 4.777215 8.967713 4.796276 8.963892 4.760278 9.013524 4.777215 8.967713 4.796276 8.943357 4.774164 8.963892 4.760278 9.013524 4.777215 8.963892 4.760278 8.965822 4.756949 8.943357 4.774164 8.965822 4.756949 8.965818 4.761781 8.947131 4.729129 8.934847 4.806401 8.943631 4.728876 -0.624484 4.729129 -0.6782901 4.806107 -0.6773847 4.806401 -0.6244798 4.728876 -0.677914 4.806164 -0.6278924 4.727863 -0.6778749 4.822791 -0.6779259 4.825335 -0.7054382 4.798356 -0.6778718 8.934691 -0.6442633 8.962547 -0.6551842 8.892565 -0.6778749 4.822791 -0.6442633 4.810236 -0.6778718 4.822968 8.934681 4.825335 8.892565 4.811248 8.956527 4.798356 8.892565 4.811248 8.934614 4.787633 8.956527 4.798356 -0.6442633 8.962547 -0.6778786 8.934614 -0.6551842 8.892565 -0.6777516 4.784163 -0.6778786 4.787633 -0.6442633 4.810236 8.947589 4.71041 8.920085 4.784534 8.944717 4.709235 8.947589 4.71041 8.919324 4.78457 8.920085 4.784534 -0.6238612 4.709235 -0.5907455 4.78457 -0.6279458 4.710251 8.919536 4.804763 8.968141 4.78434 8.919529 4.80732 8.919536 4.804763 8.882406 4.784507 8.968141 4.78434 8.919537 4.807764 8.919529 4.80732 8.882406 4.784507 -0.5940789 8.968141 -0.5345542 8.90562 -0.5901688 8.919529 8.968141 4.78434 8.919539 4.757912 8.919519 4.760406 8.968141 4.78434 8.919539 4.763058 8.919539 4.757912 8.882406 4.784507 8.919519 4.760406 8.919539 4.763058 8.946103 4.740828 8.978951 4.785902 8.978234 4.786171 -0.6264375 4.740073 -0.6334642 4.785902 -0.623684 4.740828 8.978572 4.804675 9.00766 4.782289 8.980742 4.804959 8.980742 4.804959 8.9801 4.776679 8.977593 4.790037 8.980742 4.804959 9.00766 4.782289 8.9801 4.776679 8.977593 4.790037 8.9801 4.776679 8.97856 4.76554 -0.6296982 9.00766 -0.634009 8.97856 -0.6338664 8.978572 -0.6235684 4.723274 -0.6568365 4.820258 -0.6267426 4.722096 -0.6273035 4.723215 -0.6564496 4.820626 -0.6235684 4.723274 8.943557 4.722096 8.885166 4.820408 8.947326 4.723215 8.884991 4.843779 8.842867 4.820335 8.883369 4.839488 8.884975 4.841042 8.907278 4.814869 8.842867 4.820335 -0.6591918 4.839488 -0.6206556 4.814869 -0.6567103 4.841042 8.842867 4.820335 8.884777 4.799815 8.883369 4.839488 -0.6206556 8.907278 -0.6566939 8.885001 -0.6647966 8.842867 -0.6647966 8.842867 -0.6567036 8.884978 -0.6577974 8.884777 8.884777 4.799815 8.885001 4.800711 8.907278 4.814869 -0.6253383 8.947608 -0.561993 8.964321 -0.6252375 8.943292 -0.6253383 4.746861 -0.5627308 4.804174 -0.561993 4.803806 -0.6276586 4.74846 -0.5627308 4.804174 -0.6253383 4.746861 -0.6276586 8.946177 -0.5624886 8.963617 -0.5627308 8.964679 8.964173 4.836581 8.982792 4.820285 8.947195 4.802199 8.964268 4.812734 8.964181 4.773443 8.982792 4.820285 -0.54577 4.802199 -0.5624877 4.773443 -0.5639697 4.812734 8.937318 4.65043 8.946962 4.650206 8.948923 4.777929 -0.6211488 4.650206 -0.6282366 4.777892 -0.6247982 4.777929 8.941936 4.65027 8.946602 4.777964 8.949491 4.777892 8.943126 4.714117 8.946221 4.713461 8.941907 4.792492 -0.6275367 4.714731 -0.5741167 4.792811 -0.5732013 4.792492 8.947138 4.714731 8.943126 4.714117 8.941147 4.79272 -0.5737333 8.941708 -0.5798464 8.889838 -0.6090897 8.983233 -0.5737333 4.818132 -0.573736 4.815796 -0.5376776 4.801386 -0.573736 4.815796 -0.5737364 4.818568 -0.5376776 4.801386 -0.5737364 4.818568 -0.6090897 4.797263 -0.5376776 4.801386 8.941696 4.766923 8.889838 4.796067 8.941669 4.76363 -0.5376776 4.801386 -0.5738462 4.766923 -0.5737326 4.770986 -0.6240192 4.713752 -0.6589166 4.803441 -0.6581325 4.803578 8.945909 4.713171 8.943311 4.713916 8.974275 4.803681 -0.6582642 4.821122 -0.7065656 4.7982 -0.6589387 4.830593 8.947262 4.726598 8.874999 4.784723 8.874248 4.784245 -0.6275724 8.944268 -0.6243421 8.944273 -0.6202008 8.874248 -0.5765808 8.856572 -0.5874572 8.88748 -0.6423668 8.830371 -0.6352473 8.922988 -0.6676063 8.879662 -0.5874572 8.88748 -0.6676063 4.783665 -0.6206199 4.765071 -0.6206183 4.767421 -0.6423668 8.830371 -0.5874572 8.88748 -0.6206199 8.874583 -0.5874572 8.88748 -0.6676063 8.879662 -0.6206183 8.874587 8.943972 4.7381 8.965907 4.77646 8.965274 4.776782 8.943972 4.7381 8.947597 4.737727 8.965907 4.77646 8.944111 4.738924 8.965274 4.776782 8.966268 4.776606 -0.6273726 4.738924 -0.62406 4.7381 -0.6067295 4.776782 8.963466 4.788412 9.013524 4.777215 8.965822 4.756949 -0.6093153 8.963892 -0.5964348 8.943357 -0.6066695 8.965818 8.943357 4.774164 8.963466 4.788412 8.965822 4.756949 8.943631 4.728876 8.934847 4.806401 8.934108 4.806164 -0.624484 4.729129 -0.6278924 4.727863 -0.6782901 4.806107 8.946064 4.727863 8.934108 4.806164 8.935129 4.806107 8.934681 4.825335 8.934691 4.822968 8.892565 4.811248 -0.6778749 8.934721 -0.7054382 8.956527 -0.6442633 8.962547 -0.6442633 8.962547 -0.7054382 8.956527 -0.6777516 8.934797 -0.6777516 4.784163 -0.7054382 4.798356 -0.6778751 4.791026 -0.7054382 4.798356 -0.6778786 4.787633 -0.6778751 4.791026 8.944717 4.709235 8.920085 4.784534 8.919235 4.7843 8.947589 4.71041 8.94471 4.710251 8.919324 4.78457 -0.6238612 4.709235 -0.5897249 4.7843 -0.5907455 4.78457 8.919536 4.804763 8.919537 4.807764 8.882406 4.784507 -0.6161329 8.882406 -0.5901688 8.919529 -0.5345542 8.90562 -0.6161329 8.882406 -0.5345542 8.90562 -0.590173 8.919519 -0.5345542 8.90562 -0.5940789 8.968141 -0.590173 8.919519 8.968141 4.78434 8.882406 4.784507 8.919539 4.763058 -0.6271931 4.741398 -0.623684 4.740828 -0.633479 4.786171 -0.6264375 4.740073 -0.6344474 4.785947 -0.6334642 4.785902 8.947437 4.740073 8.943736 4.741398 8.978586 4.785947 -0.6271931 4.741398 -0.633479 4.786171 -0.6344474 4.785947 8.978572 4.804675 8.977593 4.790037 9.00766 4.782289 9.00766 4.782289 8.977593 4.790037 8.97856 4.76554 8.9801 4.776679 9.00766 4.782289 8.978572 4.765478 8.945601 4.723274 8.885407 4.820626 8.884456 4.820258 -0.6273035 4.723215 -0.6573124 4.820408 -0.6564496 4.820626 8.943557 4.722096 8.884456 4.820258 8.885166 4.820408 8.884991 4.843779 8.884975 4.841042 8.842867 4.820335 -0.6591918 4.839488 -0.6577974 4.799815 -0.6206556 4.814869 8.842867 4.820335 8.885001 4.800711 8.884978 4.799131 -0.6252375 4.747536 -0.561993 4.803806 -0.5624886 4.804216 -0.6276586 8.946177 -0.6252375 8.943292 -0.5624886 8.963617 -0.5639697 4.812734 -0.5623946 4.836581 -0.54577 4.802199 8.964173 4.836581 8.964252 4.832085 8.982792 4.820285 8.964252 4.832085 8.964268 4.812734 8.982792 4.820285 8.947195 4.802199 8.982792 4.820285 8.96419 4.774696 8.947195 4.802199 8.96419 4.774696 8.964181 4.773443 10.84419 9.498792 10.83854 9.571239 10.8403 9.571259 10.84362 9.498701 10.83908 9.571218 10.83867 9.498664 -0.09016955 9.498792 -0.08604943 9.571259 -0.0852138 9.498701 -0.08646111 9.544349 -0.04667457 9.580266 -0.08793158 9.545528 -0.08646111 10.83962 -0.04618745 10.82233 -0.04636761 10.82181 10.84181 9.545043 10.82233 9.580026 10.83962 9.544349 -0.08661751 9.545043 -0.04667457 9.580266 -0.04618745 9.580026 10.8221 9.590231 10.8402 9.576012 10.82308 9.576097 10.8221 9.590231 10.82243 9.592834 10.8402 9.576012 10.82308 9.576097 10.8012 9.578411 10.82243 9.592834 10.82243 9.592834 10.8012 9.578411 10.8402 9.576012 10.8012 9.578411 10.82205 9.569467 10.8402 9.576012 10.82308 9.576097 10.8221 9.569184 10.8221 9.570305 10.82308 9.576097 10.82205 9.569467 10.8221 9.569184 10.83987 9.54023 10.85821 9.566886 10.84171 9.539752 -0.0856907 9.540492 -0.09452357 9.567055 -0.08811953 9.54023 10.84017 9.540492 10.85844 9.566876 10.85794 9.567055 -0.09471598 10.85816 -0.08632654 10.83439 -0.1175675 10.85475 -0.09469998 10.85815 -0.07039954 10.86299 -0.08632654 10.83439 -0.09481406 9.583271 -0.1175675 9.564806 -0.09478329 9.557022 -0.07039954 10.86299 -0.09478329 10.85862 -0.08632654 10.83439 -0.1175675 9.564806 -0.09471623 9.552317 -0.09471623 9.552315 10.83439 9.56664 10.85862 9.557022 10.85816 9.552317 -0.0882222 9.540268 -0.09780709 9.567614 -0.08654684 9.541077 10.84053 9.540268 10.81574 9.567459 10.81615 9.567614 -0.08654684 10.84154 -0.09780709 10.81615 -0.09720366 10.816 -0.0975627 10.81602 -0.09398969 10.84389 -0.06959082 10.81903 10.81599 9.578109 10.79459 9.566051 10.81602 9.580239 -0.0975627 10.81602 -0.1219932 10.81744 -0.09398969 10.84389 -0.0975627 10.81602 -0.09727288 10.79459 -0.1219932 10.81744 -0.1219932 10.81744 -0.09727288 10.79459 -0.09753784 10.81598 10.79459 9.566051 10.81599 9.556559 10.81598 9.555712 10.84389 9.566569 10.81604 9.557512 10.81599 9.556559 -0.08660027 10.83921 -0.05502634 10.85896 -0.08810627 10.84117 10.83921 9.548787 10.8591 9.594319 10.85858 9.594477 -0.08810627 9.54893 -0.05450714 9.594319 -0.08617656 9.548185 -0.05472465 9.604521 -0.05474 9.606411 -0.0804739 9.598441 -0.03257091 10.87781 -0.05566961 10.83059 -0.05474 10.8588 -0.05566961 10.83059 -0.05477914 10.85886 -0.0804739 10.86815 -0.03257091 10.87781 -0.05469013 10.85915 -0.03011371 10.85095 -0.05469013 9.583244 -0.05472521 9.584354 -0.03011371 9.588375 10.83059 9.592961 10.85888 9.584354 10.85886 9.582136 10.83954 9.534693 10.85232 9.584582 10.84188 9.534738 10.84188 9.534738 10.85233 9.584743 10.84028 9.535412 -0.08707416 9.534738 -0.1262087 9.584582 -0.1258071 9.584743 -0.1260173 9.596881 -0.09938951 9.584345 -0.1260148 9.597348 -0.1260173 10.8521 -0.1352312 10.87525 -0.09938951 10.85591 -0.1260843 9.600663 -0.09938951 9.584345 -0.1470694 9.580529 -0.1352312 10.87525 -0.1470694 10.8342 -0.1260125 10.85213 -0.09938951 9.584345 -0.1260174 9.571009 -0.1470694 9.580529 -0.09938951 9.584345 -0.1260125 9.571101 -0.1260174 9.571009 -0.1470694 9.580529 -0.1260174 9.571009 -0.1260152 9.572812 -0.0876265 10.84131 -0.06900209 10.81101 -0.06857417 10.81145 10.83951 9.541629 10.81101 9.570778 10.84131 9.542607 -0.08753867 9.541629 -0.06855051 9.570624 -0.06900209 9.570778 10.81119 9.582589 10.81105 9.58725 10.79317 9.571714 10.81129 9.585343 10.83068 9.57179 10.81105 9.58725 10.81119 9.582589 10.79317 9.571714 10.81129 9.585343 -0.06925878 9.585343 -0.0532548 9.571714 -0.07463219 9.560235 10.83068 9.57179 10.79317 9.571714 10.81105 9.58725 10.81129 9.585343 10.79088 9.560235 10.83068 9.57179 10.83068 9.57179 10.81114 9.556098 10.79317 9.571714 -0.06907774 9.556767 -0.0685988 9.556098 -0.0755401 9.57179 10.79088 9.560235 10.81209 9.556767 10.83068 9.57179 10.83979 9.546749 10.86195 9.577753 10.84178 9.546011 -0.08806639 9.546749 -0.0840889 9.57788 -0.08466898 9.577923 10.84178 9.546011 10.86153 9.57788 10.84012 9.546535 10.86185 9.584961 10.86227 9.573867 10.8612 9.573956 10.86185 9.584961 10.86071 9.576946 10.86227 9.573867 10.84154 9.532982 10.82042 9.572937 10.82093 9.573118 10.84122 9.533567 10.82055 9.573163 10.83941 9.532653 -0.08783281 9.532982 -0.1158251 9.573118 -0.08603563 9.533567 -0.1157394 9.581481 -0.09250529 9.574224 -0.1159129 9.584384 -0.1157394 9.584646 -0.09250529 9.574224 -0.1157394 9.581481 10.82052 9.584384 10.83417 9.574579 10.82062 9.584646 -0.1159129 10.82052 -0.1162907 10.79106 -0.1327173 10.83417 -0.09250529 9.574224 -0.1159064 9.561234 -0.115735 9.563329 -0.1327173 9.574579 -0.1159064 9.561234 -0.09250529 9.574224 -0.1162907 10.79106 -0.1157417 10.82062 -0.1327173 10.83417 -0.09250529 10.82434 -0.115735 10.82063 -0.1162907 10.79106 -0.08675509 9.544808 -0.0450926 9.567886 -0.08774068 9.545843 -0.08646182 10.84175 -0.04478001 10.83754 -0.08675509 10.8393 -0.08646182 9.54468 -0.0450926 9.567886 -0.04476635 9.567586 -0.04465575 9.581961 -0.01430069 9.56729 -0.0449145 9.578425 -0.04465575 10.83781 -0.04956452 10.86265 -0.01430069 10.83118 10.8378 9.576961 10.83787 9.557431 10.86265 9.566063 -0.0449145 9.578425 -0.01430069 9.56729 -0.04523461 9.557431 -0.01430069 9.56729 -0.04478445 9.555539 -0.04523461 9.557431 10.86265 9.566063 10.83787 9.557431 10.83758 9.554376 10.84419 9.498792 10.83867 9.498664 10.83854 9.571239 -0.08904424 9.498664 -0.08478823 9.571218 -0.08669355 9.571239 -0.0852138 9.498701 -0.08604943 9.571259 -0.08478823 9.571218 -0.08646111 9.544349 -0.04636761 9.579993 -0.04667457 9.580266 -0.08661751 10.84181 -0.08793158 10.84071 -0.04667457 10.82214 10.8012 9.578411 10.82308 9.576097 10.8221 9.570305 10.82308 9.576097 10.8402 9.576012 10.82205 9.569467 10.82205 9.569467 10.8012 9.578411 10.8221 9.570305 -0.08811953 9.54023 -0.09452357 9.567055 -0.09503514 9.566886 10.84017 9.540492 10.84171 9.539752 10.85844 9.566876 -0.08712701 9.539752 -0.09503514 9.566886 -0.09459134 9.566876 -0.09471598 9.580505 -0.1175675 9.564806 -0.09481406 9.583271 10.85816 9.580505 10.85815 9.581472 10.83439 9.56664 -0.09469998 9.581472 -0.09481406 9.583271 -0.07039954 9.560722 -0.09481406 9.583271 -0.09478329 9.557022 -0.07039954 9.560722 -0.1175675 9.564806 -0.09471623 9.552315 -0.09478329 9.557022 -0.1175675 10.85475 -0.08632654 10.83439 -0.09471623 10.85816 -0.0882222 10.84053 -0.08656464 10.83944 -0.09762099 10.81574 -0.08656464 9.54009 -0.09720366 9.567662 -0.09762099 9.567459 10.83944 9.54009 10.84154 9.541077 10.816 9.567662 -0.09750248 9.579985 -0.0975627 9.580239 -0.06959082 9.568017 10.81599 9.578109 10.81598 9.579985 10.79459 9.566051 -0.09727288 10.79459 -0.09750248 10.81598 -0.06959082 10.81903 -0.09727288 10.79459 -0.06959082 10.81903 -0.09751509 10.81599 -0.06959082 10.81903 -0.09398969 10.84389 -0.09751509 10.81599 -0.09398969 10.84389 -0.1219932 10.81744 -0.09759188 10.81604 -0.1219932 9.562732 -0.09753784 9.555712 -0.09759188 9.557512 -0.08660027 10.83921 -0.05463988 10.85858 -0.05502634 10.85896 10.83921 9.548787 10.84137 9.548185 10.8591 9.594319 -0.08810627 9.54893 -0.05502634 9.594539 -0.05450714 9.594319 -0.05472467 9.604129 -0.03257091 9.598299 -0.05474 9.606411 -0.05472467 10.85889 -0.0804739 10.86815 -0.03257091 10.87781 -0.05472467 9.604129 -0.05472465 9.604521 -0.0804739 9.598441 -0.05474 10.8588 -0.05566961 10.83059 -0.0804739 10.86815 -0.05566961 10.83059 -0.03257091 10.87781 -0.03011371 10.85095 -0.03257091 9.598299 -0.0804739 9.598441 -0.05469013 9.583244 -0.05469013 9.583244 -0.0804739 9.598441 -0.05477914 9.582136 -0.05566961 10.83059 -0.03011371 10.85095 -0.05472521 10.85888 10.83954 9.534693 10.85177 9.584713 10.85232 9.584582 -0.087879 9.534693 -0.08589067 9.535412 -0.1260476 9.584713 10.84028 9.535412 10.85233 9.584743 10.85177 9.584713 -0.1260148 9.597348 -0.09938951 9.584345 -0.1260843 9.600663 10.8521 9.596881 10.85202 9.600663 10.87525 9.587201 10.85202 9.600663 10.8342 9.580529 10.87525 9.587201 -0.1352312 10.87525 -0.1260125 10.85213 -0.09938951 10.85591 -0.1260125 9.571101 -0.1470694 9.580529 -0.1260152 9.572812 -0.08753867 10.83951 -0.08578242 10.84045 -0.06855051 10.811 10.84045 9.54155 10.81145 9.570869 10.811 9.570624 -0.08578242 9.54155 -0.0876265 9.542607 -0.06857417 9.570869 -0.07463219 10.79088 -0.0532548 10.79317 -0.0685988 10.81114 10.83979 9.546749 10.86148 9.577923 10.86195 9.577753 -0.08806639 9.546749 -0.08576533 9.546535 -0.0840889 9.57788 10.84178 9.546011 10.86195 9.577753 10.86153 9.57788 10.84154 9.532982 10.83941 9.532653 10.82042 9.572937 -0.08722778 9.532653 -0.1154373 9.573163 -0.1159554 9.572937 -0.08603563 10.84122 -0.1158251 10.82093 -0.1154373 10.82055 -0.1157394 9.584646 -0.1327173 9.574579 -0.09250529 9.574224 -0.1159129 10.82052 -0.09250529 10.82434 -0.1162907 10.79106 -0.1159064 9.561234 -0.1327173 9.574579 -0.1157417 9.563284 10.79106 9.571564 10.82063 9.563329 10.82062 9.563284 -0.08675509 9.544808 -0.04478001 9.567565 -0.0450926 9.567886 -0.08646182 10.84175 -0.04476635 10.83809 -0.04478001 10.83754 -0.08646182 9.54468 -0.08774068 9.545843 -0.0450926 9.567886 10.8378 9.576961 10.86265 9.566063 10.83781 9.581961 -0.0449145 9.578425 -0.04523461 9.557431 -0.04522432 9.576961 -0.01430069 9.56729 -0.04434081 9.554376 -0.04478445 9.555539 -0.01430069 10.83118 -0.04956452 10.86265 -0.04434081 10.83758 -0.1449297 7.161222 -0.1454848 7.291742 -0.1427411 7.291777 -0.138128 7.161058 -0.1421007 7.291704 -0.148857 7.160992 -0.1449297 7.161222 -0.1427411 7.291777 -0.138128 7.161058 -0.1441068 7.258246 -0.1242694 7.300994 -0.1233685 7.300613 -0.1415259 7.258576 -0.1233332 7.300951 -0.1456398 7.259832 10.90819 7.258576 10.94117 7.300613 10.9403 7.300951 -0.1441068 10.91065 -0.1233685 10.94117 -0.1415259 10.90819 10.94076 7.323249 10.93912 7.330337 10.89581 7.309115 10.93912 7.330337 10.94101 7.290062 10.941 7.273304 10.93912 7.330337 10.93997 7.294188 10.89581 7.309115 -0.119194 7.330337 -0.1233478 7.273304 -0.1394665 7.294188 -0.1451994 10.90727 -0.2080595 10.89773 -0.1448055 10.91073 -0.1422 7.226906 -0.2074947 7.277162 -0.2080571 7.276765 -0.1448055 10.91073 -0.2080595 10.89773 -0.1422 10.90752 10.89716 7.298753 10.8967 7.25997 10.84925 7.285853 -0.2079004 10.89716 -0.2327843 10.84925 -0.2468412 10.93184 -0.2108368 7.280518 -0.204987 7.25997 -0.2079004 7.298753 -0.2108368 7.280518 -0.206483 7.25518 -0.204987 7.25997 -0.2468412 7.281343 -0.204987 7.25997 -0.2079495 7.256938 10.90641 7.236752 10.88808 7.306201 10.91082 7.237164 -0.1418272 7.236036 -0.1037364 7.305907 -0.1449746 7.236752 10.90785 7.236036 10.88887 7.306092 10.88785 7.305907 -0.104071 7.330847 -0.06869093 7.31088 -0.1040644 7.324894 -0.104071 7.330847 -0.1035614 7.331729 -0.1505466 7.298838 -0.06869093 10.91082 -0.09529077 10.84604 -0.1035614 10.88824 -0.1505466 7.298838 -0.06869093 7.31088 -0.104071 7.330847 -0.1035614 10.88824 -0.09529077 10.84604 -0.1505466 10.8974 -0.1505466 7.298838 -0.1040672 7.287759 -0.1040607 7.286283 -0.1416938 7.219609 -0.1581815 7.304844 -0.1447618 7.219692 -0.1445598 7.218562 -0.1578483 7.304605 -0.1572049 7.304786 10.95421 7.325525 10.95423 7.326466 10.9908 7.299283 10.95422 7.329477 10.9908 7.299283 10.90561 7.306534 -0.1577559 10.95423 -0.2044034 10.97434 -0.1395863 10.9908 10.9908 7.299283 10.95433 7.279745 10.95421 7.280541 -0.2044034 7.295609 -0.1577876 7.284813 -0.1577853 7.279745 10.90561 7.306534 10.95421 7.280541 10.9542 7.284813 -0.1459921 7.217207 -0.1630518 7.308074 -0.1426207 7.217777 10.90953 7.217207 10.87094 7.30787 10.87195 7.308074 10.91052 7.217777 10.87161 7.308102 10.90632 7.216781 10.88099 7.343057 10.88062 7.302558 10.87147 7.339803 10.87123 7.33827 10.87437 7.295208 10.88099 7.343057 -0.1291137 7.302558 -0.1630863 7.285773 -0.162784 7.33827 -0.162784 7.33827 -0.1630863 7.285773 -0.1983426 7.295208 -0.1647576 7.343057 -0.1983426 7.295208 -0.1291137 7.302558 -0.1983426 7.295208 -0.1626539 7.278971 -0.1291137 7.302558 -0.1630863 7.285773 -0.1631359 7.277127 -0.1983426 7.295208 -0.1626539 7.278971 -0.1630863 7.285773 -0.1291137 7.302558 10.91071 7.224507 10.93771 7.298122 10.93856 7.297798 -0.1417604 7.223478 -0.07991236 7.297815 -0.1445911 7.225085 -0.1451976 7.224507 -0.08035784 7.297798 -0.1417604 7.223478 10.93799 7.316043 10.8945 7.29729 10.93825 7.323949 -0.07984819 7.323949 -0.03769236 7.300022 -0.08027722 7.321331 -0.03769236 7.300022 -0.08303759 7.296246 -0.07975001 7.270259 10.97878 7.300022 10.93795 7.267668 10.8945 7.29729 -0.03769236 7.300022 -0.07975001 7.270259 -0.07969357 7.267668 -0.1460689 7.230382 -0.2088749 7.31627 -0.1427818 7.231241 -0.1460689 7.230382 -0.2086665 7.316519 -0.2095186 7.316131 10.91075 7.231241 10.93435 7.316519 10.90691 7.231931 -0.2090107 7.340349 -0.2453038 7.311353 -0.1840577 7.309898 10.93475 7.345311 10.96721 7.309898 10.89711 7.320621 10.89711 7.320621 10.95727 7.311353 10.9348 7.344773 10.96721 7.309898 10.93457 7.288976 10.89711 7.320621 -0.1889852 7.320621 -0.2090968 7.28829 -0.2453038 7.311353 10.93457 7.288976 10.93479 7.28829 10.89711 7.320621 -0.1457048 7.221133 -0.1201276 7.326214 -0.1209568 7.326455 -0.1417026 7.220811 -0.1201276 7.326214 -0.1457048 7.221133 10.90777 7.220811 10.86631 7.326374 10.86546 7.326214 10.89469 7.321758 10.86548 7.304051 10.83139 7.326546 10.86542 7.331769 10.86624 7.303207 10.89469 7.321758 10.86542 7.331769 10.86548 7.304051 10.86624 7.303207 10.90835 7.233924 10.94033 7.305341 10.94111 7.305153 -0.1423216 7.234129 -0.136897 7.305341 -0.1461523 7.233924 -0.1364274 10.94066 -0.1707378 10.93606 -0.1172666 10.98664 -0.1364274 7.327217 -0.1365006 7.334803 -0.1707378 7.317166 10.94066 7.330501 10.89718 7.293667 10.94055 7.334803 -0.115472 7.293667 -0.1707378 7.317166 -0.1365006 7.334803 10.93606 7.317166 10.94046 7.280424 10.98664 7.309328 10.93606 7.317166 10.89718 7.293667 10.94046 7.280424 10.89718 7.293667 10.94066 7.280033 10.94066 7.277324 10.98664 7.309328 10.94066 7.280033 10.89718 7.293667 -0.1172666 10.98664 -0.1398741 10.94046 -0.1364245 10.94066 -0.115472 10.89718 -0.136407 10.94066 -0.1398741 10.94046 10.91721 7.161222 10.90784 7.160992 10.90527 7.291742 -0.148857 7.160992 -0.1421007 7.291704 -0.1454848 7.291742 10.91134 7.161058 10.90724 7.291777 10.90414 7.291704 10.91065 7.258246 10.9076 7.259832 10.94079 7.300994 -0.1456398 10.9076 -0.1233332 10.9403 -0.1242694 10.94079 10.94076 7.323249 10.89581 7.309115 10.94143 7.327516 -0.124915 7.327516 -0.1224663 7.290062 -0.119194 7.330337 10.94143 7.327516 10.89581 7.309115 10.93997 7.294188 -0.1224663 7.290062 -0.124915 7.327516 -0.1394665 7.294188 -0.1451994 10.90727 -0.2080571 10.89664 -0.2080595 10.89773 -0.1451994 7.224933 -0.1422 7.226906 -0.2080571 7.276765 -0.1422 10.90752 -0.2080595 10.89773 -0.2074947 10.8969 -0.2079065 7.294771 -0.2468412 7.281343 -0.2108368 7.280518 -0.2079065 7.294771 -0.2079004 7.298753 -0.2468412 7.281343 -0.2108368 7.280518 -0.2468412 7.281343 -0.2079495 7.256938 -0.2468412 10.93184 -0.2327843 10.84925 -0.204987 10.8967 -0.2108368 7.280518 -0.2079495 7.256938 -0.206483 7.25518 -0.1441314 7.237164 -0.1046088 7.306201 -0.1038382 7.306092 -0.1449746 7.236752 -0.1037364 7.305907 -0.1046088 7.306201 10.90785 7.236036 10.91082 7.237164 10.88887 7.306092 -0.1040644 7.324894 -0.06869093 7.31088 -0.1035614 7.331729 10.84604 7.304439 10.91082 7.31088 10.88779 7.282337 -0.06869093 7.31088 -0.1040607 7.286283 -0.1038187 7.282337 -0.06869093 7.31088 -0.1505466 7.298838 -0.1040607 7.286283 -0.1505466 10.8974 -0.09529077 10.84604 -0.1038187 10.88779 -0.1505466 7.298838 -0.1038187 7.282337 -0.1040672 7.287759 10.91066 7.218562 10.95378 7.304844 10.95475 7.304605 10.91066 7.218562 10.90653 7.219692 10.95378 7.304844 -0.1416938 7.219609 -0.1572049 7.304786 -0.1581815 7.304844 10.90778 7.219609 10.91066 7.218562 10.95429 7.304786 10.95421 7.325525 10.9908 7.299283 10.95422 7.329477 10.95423 7.326466 10.95422 7.329477 10.90561 7.306534 -0.1577559 10.95423 -0.1483253 10.90561 -0.2044034 10.97434 10.90561 7.306534 10.9908 7.299283 10.95421 7.280541 -0.1395863 10.9908 -0.2044034 10.97434 -0.1577853 10.95433 -0.2044034 10.97434 -0.1483253 10.90561 -0.1577876 10.9542 10.90953 7.217207 10.90632 7.216781 10.87094 7.30787 -0.1435621 7.216781 -0.1621225 7.308102 -0.1629519 7.30787 -0.1426207 7.217777 -0.1630518 7.308074 -0.1621225 7.308102 -0.1627002 7.339803 -0.1291137 7.302558 -0.162784 7.33827 -0.1983426 7.295208 -0.1631359 7.277127 -0.1626539 7.278971 10.91071 7.224507 10.90661 7.225085 10.93771 7.298122 -0.1445911 7.225085 -0.07991236 7.297815 -0.08068285 7.298122 10.90824 7.223478 10.93856 7.297798 10.93752 7.297815 10.93799 7.316043 10.93798 7.321331 10.8945 7.29729 -0.06670827 10.8945 -0.08027722 10.93798 -0.03769236 10.97878 10.93825 7.323949 10.8945 7.29729 10.93554 7.296246 -0.07984819 7.323949 -0.08303759 7.296246 -0.03769236 7.300022 10.8945 7.29729 10.93795 7.267668 10.93554 7.296246 -0.1460689 7.230382 -0.2095186 7.316131 -0.2088749 7.31627 -0.1460689 7.230382 -0.1425858 7.231931 -0.2086665 7.316519 10.91075 7.231241 10.93539 7.31627 10.93435 7.316519 10.9348 7.344773 10.93475 7.345311 10.89711 7.320621 10.9348 7.340349 10.96721 7.309898 10.93475 7.345311 -0.2090107 7.340349 -0.2091055 7.344773 -0.2453038 7.311353 10.93457 7.288976 10.96721 7.309898 10.93481 7.292983 -0.1840577 10.96721 -0.2453038 10.95727 -0.20901 10.93481 -0.2453038 7.311353 -0.2090968 7.28829 -0.20901 7.292983 10.91084 7.221627 10.90713 7.221133 10.86615 7.326455 10.90777 7.220811 10.91084 7.221627 10.86631 7.326374 -0.1432015 7.221627 -0.1209568 7.326455 -0.1199564 7.326374 -0.1204316 7.348037 -0.1166493 7.321758 -0.1193207 7.351182 10.86601 7.348037 10.86542 7.331769 10.89469 7.321758 10.86542 7.331769 10.86395 7.351182 10.83139 7.326546 10.86395 7.351182 10.89469 7.321758 10.83139 7.326546 10.86542 7.331769 10.83139 7.326546 10.86548 7.304051 10.86548 7.304051 10.89469 7.321758 10.86595 7.306525 10.89469 7.321758 10.86624 7.303207 10.86595 7.306525 -0.1431914 7.233201 -0.1461523 7.233924 -0.1367749 7.305153 -0.1423216 7.234129 -0.1358451 7.305238 -0.136897 7.305341 10.90659 7.234129 10.91077 7.233201 10.94052 7.305238 -0.1431914 7.233201 -0.1367749 7.305153 -0.1358451 7.305238 10.94066 7.330501 10.94066 7.327217 10.98664 7.309328 10.89718 7.293667 10.94066 7.330501 10.98664 7.309328 10.96024 6.381965 10.96739 6.467592 10.96542 6.467616 10.96164 6.381857 10.96703 6.467568 10.96689 6.381814 -0.1830193 6.381965 -0.1872764 6.467616 -0.1887466 6.381857 -0.1866936 6.435811 -0.2307707 6.478261 -0.1851302 6.437204 -0.1866936 10.96615 -0.23137 10.99237 -0.2310825 10.99295 10.96356 6.436631 10.99237 6.477978 10.96615 6.435811 -0.1868331 6.436631 -0.2307707 6.478261 -0.23137 6.477978 10.99261 6.49004 10.96932 6.473234 10.99152 6.473334 10.99261 6.49004 10.99214 6.493117 10.96932 6.473234 10.99152 6.473334 11.01743 6.47607 10.99214 6.493117 10.99214 6.493117 11.01743 6.47607 10.96932 6.473234 11.01743 6.47607 10.99268 6.465498 10.96932 6.473234 10.99152 6.473334 10.99261 6.465164 10.99261 6.466488 10.99152 6.473334 10.99268 6.465498 10.99261 6.465164 10.96562 6.430942 10.94309 6.462448 10.96361 6.430377 -0.1876778 6.431252 -0.179941 6.462648 -0.1847848 6.430942 10.96562 6.431252 10.94289 6.462436 10.94349 6.462648 -0.1797478 10.9432 -0.1860791 10.97231 -0.1524477 10.94382 -0.1797655 10.94321 -0.208977 10.94112 -0.1860791 10.97231 -0.1796666 6.481814 -0.1524477 6.459989 -0.179737 6.450789 -0.208977 10.94112 -0.179737 10.94265 -0.1860791 10.97231 -0.1524477 6.459989 -0.1797474 6.445228 -0.1797474 6.445226 10.97231 6.462156 10.94265 6.450789 10.9432 6.445228 -0.1847616 6.430987 -0.1699249 6.463308 -0.1868757 6.431944 10.96483 6.430987 10.99251 6.463125 10.992 6.463308 -0.1868757 10.96389 -0.1699249 10.992 -0.1706096 10.99227 -0.1701918 10.99219 -0.178495 10.96003 -0.2034385 10.99279 10.99224 6.475713 11.01737 6.461461 10.99219 6.478229 -0.1701918 10.99219 -0.1417527 10.98692 -0.178495 10.96003 -0.1701918 10.99219 -0.1673692 11.01737 -0.1417527 10.98692 -0.1417527 10.98692 -0.1673692 11.01737 -0.1702148 10.99225 11.01737 6.461461 10.99224 6.450241 10.99225 6.449241 10.96003 6.462073 10.99216 6.451368 10.99224 6.450241 10.96661 6.441056 10.94812 6.495131 10.96409 6.441224 10.96661 6.441056 10.94802 6.494871 10.94862 6.495058 -0.1849932 6.441224 -0.22704 6.494871 -0.1872843 6.440345 -0.2267528 6.50693 -0.2267216 6.509164 -0.1979246 6.499744 -0.255524 10.92933 -0.221469 10.98129 -0.2267216 10.94835 -0.221469 10.98129 -0.2266844 10.94827 -0.1979246 10.93358 -0.255524 10.92933 -0.2268321 10.94794 -0.254443 10.96118 -0.2268321 6.481781 -0.2267519 6.483094 -0.254443 6.487846 10.98129 6.493267 10.94825 6.483094 10.94827 6.480472 10.96605 6.424398 10.9454 6.483363 10.96341 6.424451 10.96341 6.424451 10.94544 6.483554 10.96546 6.425247 -0.1863078 6.424451 -0.1419552 6.483363 -0.1424284 6.483554 -0.1421476 6.4979 -0.1739362 6.483083 -0.1421502 6.498451 -0.1421476 10.94568 -0.1347591 10.91717 -0.1739362 10.94514 -0.1420577 6.50237 -0.1739362 6.483083 -0.1148196 6.478572 -0.1347591 10.91717 -0.1148196 10.96356 -0.1421575 10.94565 -0.1739362 6.483083 -0.1421469 6.46732 -0.1148196 6.478572 -0.1739362 6.483083 -0.1421575 6.467429 -0.1421469 6.46732 -0.1148196 6.478572 -0.1421469 6.46732 -0.1421498 6.469452 -0.1855759 10.964 -0.2029456 11.00228 -0.2035125 11.00183 10.96613 6.432596 11.00228 6.467047 10.964 6.433751 -0.1854127 6.432596 -0.2034737 6.466866 -0.2029456 6.467047 11.00212 6.481007 11.00234 6.486516 11.02553 6.468154 11.00191 6.484262 10.97826 6.468243 11.00234 6.486516 11.00212 6.481007 11.02553 6.468154 11.00191 6.484262 -0.2026862 6.484262 -0.218779 6.468154 -0.1933721 6.454586 10.97826 6.468243 11.02553 6.468154 11.00234 6.486516 11.00191 6.484262 11.02506 6.454586 10.97826 6.468243 10.97826 6.468243 11.00219 6.449697 11.02553 6.468154 -0.2030159 11.00101 -0.2034373 11.00219 -0.1981801 10.97826 11.02506 6.454586 11.00101 6.450487 10.97826 6.468243 10.96572 6.438647 10.94026 6.475292 10.96354 6.437775 -0.1848353 6.438647 -0.1927083 6.475441 -0.1920197 6.475493 10.96354 6.437775 10.94081 6.475441 10.96567 6.438394 10.94038 6.483811 10.93985 6.470699 10.94115 6.470804 10.94038 6.483811 10.94163 6.474338 10.93985 6.470699 10.9637 6.422375 10.98432 6.469599 10.98374 6.469813 -0.1874285 6.423067 -0.1498986 6.469867 -0.1857634 6.421986 -0.1853683 6.422375 -0.1495005 6.469813 -0.1874285 6.423067 -0.1495559 6.479698 -0.1773502 6.47112 -0.1493365 6.483129 -0.1495559 6.483439 -0.1773502 6.47112 -0.1495559 6.479698 10.98421 6.483129 10.96572 6.471541 10.98411 6.483439 -0.1493365 10.98421 -0.1445467 11.0187 -0.1316446 10.96572 -0.1773502 6.47112 -0.1493812 6.455768 -0.1495615 6.458244 -0.1316446 6.471541 -0.1493812 6.455768 -0.1773502 6.47112 -0.1445467 11.0187 -0.1495531 10.98411 -0.1316446 10.96572 -0.1773502 10.98318 -0.1495615 10.98411 -0.1445467 11.0187 -0.1863005 6.436353 -0.234942 6.463629 -0.1853418 6.437577 -0.1870065 10.96366 -0.2352649 10.97474 -0.1863005 10.96649 -0.1870065 6.436202 -0.234942 6.463629 -0.2353618 6.463275 -0.2354503 6.480265 -0.2700695 6.462926 -0.2351135 6.476085 -0.2354503 10.97445 -0.2333588 10.9446 -0.2700695 10.9867 10.97438 6.474356 10.97429 6.451272 10.9446 6.461474 -0.2351135 6.476085 -0.2700695 6.462926 -0.2347801 6.451272 -0.2700695 6.462926 -0.2352831 6.449036 -0.2347801 6.451272 10.9446 6.461474 10.97429 6.451272 10.97476 6.447662 10.96024 6.381965 10.96689 6.381814 10.96739 6.467592 -0.1835235 6.381814 -0.1885753 6.467568 -0.1862614 6.467592 10.96164 6.381857 10.96542 6.467616 10.96703 6.467568 -0.1866936 6.435811 -0.2310825 6.477939 -0.2307707 6.478261 -0.1868331 10.96356 -0.1851302 10.96465 -0.2307707 10.99253 11.01743 6.47607 10.99152 6.473334 10.99261 6.466488 10.99152 6.473334 10.96932 6.473234 10.99268 6.465498 10.99268 6.465498 11.01743 6.47607 10.99261 6.466488 -0.1847848 6.430942 -0.179941 6.462648 -0.1793816 6.462448 10.96562 6.431252 10.96361 6.430377 10.94289 6.462436 -0.1862204 6.430377 -0.1793816 6.462448 -0.1799355 6.462436 -0.1797478 6.478545 -0.1524477 6.459989 -0.1796666 6.481814 10.9432 6.478545 10.94321 6.479687 10.97231 6.462156 -0.1797655 6.479687 -0.1796666 6.481814 -0.208977 6.455162 -0.1796666 6.481814 -0.179737 6.450789 -0.208977 6.455162 -0.1524477 6.459989 -0.1797474 6.445226 -0.179737 6.450789 -0.1524477 10.94382 -0.1860791 10.97231 -0.1797474 10.9432 -0.1847616 10.96483 -0.1865453 10.96635 -0.1700826 10.99251 -0.1865453 6.430777 -0.1706096 6.463365 -0.1700826 6.463125 10.96635 6.430777 10.96389 6.431944 10.99227 6.463365 -0.1702566 6.47793 -0.1701918 6.478229 -0.2034385 6.463784 10.99224 6.475713 10.99225 6.47793 11.01737 6.461461 -0.1673692 11.01737 -0.1702566 10.99225 -0.2034385 10.99279 -0.1673692 11.01737 -0.2034385 10.99279 -0.1702429 10.99224 -0.2034385 10.99279 -0.178495 10.96003 -0.1702429 10.99224 -0.178495 10.96003 -0.1417527 10.98692 -0.1701613 10.99216 -0.1417527 6.457538 -0.1702148 6.449241 -0.1701613 6.451368 -0.18647 10.96661 -0.2268065 10.94862 -0.2264095 10.94812 10.96661 6.441056 10.96415 6.440345 10.94802 6.494871 -0.1849932 6.441224 -0.2264095 6.495131 -0.22704 6.494871 -0.2267527 6.506467 -0.255524 6.499575 -0.2267216 6.509164 -0.2267527 10.94825 -0.1979246 10.93358 -0.255524 10.92933 -0.2267527 6.506467 -0.2267528 6.50693 -0.1979246 6.499744 -0.2267216 10.94835 -0.221469 10.98129 -0.1979246 10.93358 -0.221469 10.98129 -0.255524 10.92933 -0.254443 10.96118 -0.255524 6.499575 -0.1979246 6.499744 -0.2268321 6.481781 -0.2268321 6.481781 -0.1979246 6.499744 -0.2266844 6.480472 -0.221469 10.98129 -0.254443 10.96118 -0.2267519 10.94825 10.96605 6.424398 10.94607 6.483518 10.9454 6.483363 -0.1850179 6.424398 -0.1874598 6.425247 -0.1420632 6.483518 10.96546 6.425247 10.94544 6.483554 10.94607 6.483518 -0.1421502 6.498451 -0.1739362 6.483083 -0.1420577 6.50237 10.94568 6.4979 10.94577 6.50237 10.91717 6.486458 10.94577 6.50237 10.96356 6.478572 10.91717 6.486458 -0.1347591 10.91717 -0.1421575 10.94565 -0.1739362 10.94514 -0.1421575 6.467429 -0.1148196 6.478572 -0.1421498 6.469452 -0.1854127 10.96613 -0.1876117 10.96528 -0.2034737 11.00236 10.96528 6.432502 11.00183 6.467155 11.00236 6.466866 -0.1876117 6.432502 -0.1855759 6.433751 -0.2035125 6.467155 -0.1933721 11.02506 -0.218779 11.02553 -0.2034373 11.00219 10.96572 6.438647 10.94079 6.475493 10.94026 6.475292 -0.1848353 6.438647 -0.1875828 6.438394 -0.1927083 6.475441 10.96354 6.437775 10.94026 6.475292 10.94081 6.475441 10.9637 6.422375 10.96629 6.421986 10.98432 6.469599 -0.1857634 6.421986 -0.1498986 6.469867 -0.1492719 6.469599 -0.1874285 10.96434 -0.1495005 10.98374 -0.1498986 10.98425 -0.1495559 6.483439 -0.1316446 6.471541 -0.1773502 6.47112 -0.1493365 10.98421 -0.1773502 10.98318 -0.1445467 11.0187 10.98392 6.455768 10.96572 6.471541 10.98411 6.458191 11.0187 6.467977 10.98411 6.458244 10.98411 6.458191 -0.1863005 6.436353 -0.2352649 6.46325 -0.234942 6.463629 -0.1870065 10.96366 -0.2353618 10.9741 -0.2352649 10.97474 -0.1870065 6.436202 -0.1853418 6.437577 -0.234942 6.463629 10.97438 6.474356 10.9446 6.461474 10.97445 6.480265 -0.2351135 6.476085 -0.2347801 6.451272 -0.234782 6.474356 -0.2700695 6.462926 -0.2357856 6.447662 -0.2352831 6.449036 -0.2700695 10.9867 -0.2333588 10.9446 -0.2357856 10.97476 -0.1835394 6.381969 -0.1881245 6.471744 -0.185809 6.471769 -0.1816336 6.381856 -0.1865366 6.471719 -0.1891907 6.381811 10.96714 6.381969 10.96049 6.471769 10.96126 6.381856 -0.1845829 6.43267 -0.1934037 6.500707 -0.1926815 6.500754 10.96004 6.432121 10.93804 6.500707 10.9623 6.432453 10.96265 6.43267 10.93747 6.50063 10.96004 6.432121 -0.1956169 10.94735 -0.1596136 10.94991 -0.1930029 10.93786 -0.1929699 10.93779 -0.1596136 10.94991 -0.1943163 10.90285 -0.1596136 10.94991 -0.1889 10.96014 -0.1929448 10.93783 10.94735 6.510279 10.90285 6.494033 10.93785 6.48504 10.90285 6.494033 10.93783 6.482644 10.93785 6.48504 -0.1853891 6.437291 -0.1486161 6.493453 -0.1479205 6.493224 -0.1846951 6.437561 -0.1482153 6.493445 -0.1874441 6.438296 10.96065 6.437561 10.98537 6.493224 10.98484 6.493445 10.963 6.437291 10.98537 6.493224 10.96065 6.437561 -0.1270264 6.492547 -0.1747229 6.490792 -0.1484109 6.509246 -0.147983 6.503172 -0.1492942 6.491788 -0.1270264 6.492547 -0.1492942 6.491788 -0.148141 6.480177 -0.1270264 6.492547 -0.1874468 6.43907 -0.2105108 6.484007 -0.1847516 6.43983 10.96236 6.43907 10.96846 6.483959 10.96903 6.48382 10.96005 6.439778 10.96913 6.484007 10.96846 6.483959 -0.2108535 10.9689 -0.2189906 10.95033 -0.2384858 10.99001 10.96888 6.499225 10.95033 6.496908 10.9689 6.501254 -0.1866641 10.98452 -0.1802651 10.96153 -0.2189906 10.95033 -0.1802651 6.472204 -0.2106709 6.46662 -0.2189906 6.496908 -0.2384858 6.483108 -0.210848 6.466795 -0.1866641 6.48822 -0.1868633 6.435719 -0.1532414 6.486183 -0.1525681 6.486038 10.96027 6.43461 10.91828 6.486183 10.9626 6.435719 10.9182 6.499442 10.91821 6.498806 10.88682 6.49098 -0.1528694 10.91821 -0.158676 10.92308 -0.1260779 10.90101 -0.1528703 6.498042 -0.158676 6.501524 -0.1528694 6.498806 -0.158676 10.92308 -0.1414662 10.88682 -0.187884 10.91625 -0.158676 6.501524 -0.187884 6.481996 -0.1522334 6.475564 -0.1414662 10.88682 -0.1260779 10.90101 -0.187884 10.91625 -0.1260779 6.482934 -0.1528703 6.469808 -0.1528655 6.47051 -0.1260779 6.482934 -0.1522334 6.475564 -0.1528703 6.469808 -0.187884 6.481996 -0.1528655 6.47051 -0.1522334 6.475564 -0.1862262 6.432029 -0.1822506 6.470785 -0.1816416 6.470792 10.96074 6.432975 10.98996 6.470785 10.96307 6.432029 10.96126 6.432616 10.98985 6.470792 10.98935 6.471011 -0.1814375 6.474293 -0.1579016 6.46938 -0.1820381 6.484893 -0.1820381 10.98967 -0.1579016 10.98106 -0.203216 10.95363 -0.1814375 6.474293 -0.182838 6.467847 -0.1818329 6.455312 -0.1579016 6.46938 -0.1818329 6.455312 -0.1819948 6.458016 10.95363 6.469561 10.98967 6.458016 10.99016 6.467847 -0.1871795 6.450899 -0.2067243 6.468438 -0.184974 6.451917 -0.1857583 10.96016 -0.2069194 10.94495 -0.1871795 10.96279 -0.1857583 6.450467 -0.2063684 6.46833 -0.2069194 6.468075 -0.184974 10.96208 -0.2067243 10.94543 -0.2063684 10.94477 10.94505 6.480462 10.94491 6.484019 10.9136 6.467398 10.94505 6.483463 10.94457 6.463825 10.94491 6.484019 10.94505 6.480462 10.9136 6.467398 10.94505 6.483463 10.94491 6.484019 10.94457 6.463825 10.9136 6.467398 -0.206729 6.483463 -0.2054335 6.467153 -0.2038897 6.463825 -0.206729 6.483463 -0.2129528 6.465612 -0.2054335 6.467153 10.9136 6.467398 10.94179 6.465612 10.94505 6.483463 -0.2053137 10.9136 -0.2038897 10.94457 -0.2129528 10.94179 -0.186111 6.421961 -0.1620357 6.471662 -0.1615074 6.471529 10.96067 6.422301 10.96299 6.471662 10.96326 6.421961 -0.1618555 6.487475 -0.161933 6.491166 -0.1869018 6.462172 10.96269 6.489702 10.93666 6.467255 10.96263 6.491166 10.96269 6.489702 10.96291 6.45651 10.93666 6.467255 -0.1615455 6.489702 -0.1618555 6.487475 -0.1615027 6.45651 -0.1535691 6.467255 -0.1869018 6.462172 -0.161933 6.491166 -0.1618555 6.487475 -0.1869018 6.462172 -0.1615027 6.45651 -0.1869018 6.462172 -0.1618133 6.453925 -0.1615027 6.45651 10.93666 6.467255 10.96291 6.45651 10.96266 6.453632 -0.1868944 6.432284 -0.2045117 6.480515 -0.1844305 6.432972 10.96048 6.432754 10.98174 6.480712 10.98244 6.480515 10.96193 6.432972 10.98221 6.480689 10.98174 6.480712 -0.1746965 10.99214 -0.2054903 10.95261 -0.2042692 10.98213 10.98229 6.498161 10.95261 6.479679 11.00472 6.477299 -0.1746965 6.48151 -0.2042438 6.463803 -0.2042587 6.466881 11.00472 6.477299 10.98214 6.466268 10.98221 6.463803 -0.1861872 6.448574 -0.1844533 6.497216 -0.1837735 6.497207 10.96073 6.448083 10.94275 6.497085 10.94337 6.497216 -0.1845523 6.448051 -0.1840446 6.497085 -0.1872715 6.448083 10.96334 6.448574 10.9434 6.497207 10.96084 6.448051 -0.1840946 10.94317 -0.2102219 10.94971 -0.1762995 10.93861 -0.1762995 6.511733 -0.1867494 6.478496 -0.1841765 6.516044 -0.2102219 10.94971 -0.1717562 10.96682 -0.1762995 10.93861 -0.1841765 6.516044 -0.1867494 6.478496 -0.2102219 6.505995 -0.1835394 6.381969 -0.1891907 6.381811 -0.1881245 6.471744 10.96303 6.381811 10.95844 6.471719 10.96031 6.471744 10.96126 6.381856 10.96049 6.471769 10.95844 6.471719 -0.1845829 6.43267 -0.187454 6.432453 -0.1934037 6.500707 10.96004 6.432121 10.93747 6.50063 10.93804 6.500707 10.96265 6.43267 10.93809 6.500754 10.93747 6.50063 -0.1930029 6.514784 -0.1596136 6.505414 -0.1929699 6.518748 10.93779 6.518748 10.90285 6.494033 10.94735 6.510279 -0.1956169 6.510279 -0.1889 6.486543 -0.1596136 6.505414 -0.1943163 10.90285 -0.1596136 10.94991 -0.1929448 10.93783 10.96014 6.486543 10.94735 6.510279 10.93785 6.48504 -0.1853891 6.437291 -0.1874441 6.438296 -0.1486161 6.493453 10.9617 6.438296 10.98484 6.493445 10.98544 6.493453 10.98509 6.509246 10.98535 6.503172 10.96474 6.492547 -0.1484109 6.509246 -0.1747229 6.490792 -0.1492942 6.491788 -0.1747229 10.97544 -0.1270264 10.96474 -0.1485995 10.98522 -0.1492942 6.491788 -0.1747229 6.490792 -0.1485995 6.478415 10.98522 6.478415 10.96474 6.492547 10.98526 6.480177 -0.1874468 6.43907 -0.2111818 6.48382 -0.2105108 6.484007 10.96236 6.43907 10.96005 6.439778 10.96846 6.483959 10.96005 6.439778 10.96261 6.43983 10.96913 6.484007 -0.2108424 10.96888 -0.1866641 10.98452 -0.2189906 10.95033 -0.2108424 6.499225 -0.2108474 6.498766 -0.1866641 6.48822 -0.2108474 6.498766 -0.2108535 6.501254 -0.1866641 6.48822 -0.2108535 10.9689 -0.2384858 10.99001 -0.1866641 10.98452 10.99001 6.483108 10.95033 6.496908 10.96831 6.46662 -0.2106709 6.46662 -0.1802651 6.472204 -0.2108481 6.470388 -0.1802651 6.472204 -0.210848 6.466795 -0.2108481 6.470388 -0.1802651 10.96153 -0.1866641 10.98452 -0.210848 10.96888 -0.2384858 10.99001 -0.2106709 10.96831 -0.210848 10.96888 10.96027 6.43461 10.91788 6.485849 10.91828 6.486183 -0.1866063 10.96027 -0.1844993 10.96156 -0.1527817 10.91788 10.96156 6.434467 10.91847 6.486038 10.91788 6.485849 -0.1844993 6.434467 -0.1868633 6.435719 -0.1525681 6.486038 10.91821 6.498042 10.9182 6.499442 10.88682 6.49098 -0.1528703 10.91821 -0.1414662 10.88682 -0.158676 10.92308 -0.1414662 10.88682 -0.1528694 10.91821 -0.1260779 10.90101 -0.158676 6.501524 -0.1522334 6.475564 -0.1260779 6.482934 -0.187884 6.481996 -0.1260779 6.482934 -0.1528655 6.47051 10.96074 6.432975 10.98935 6.471011 10.98996 6.470785 -0.187351 6.432975 -0.1843679 6.432616 -0.1821445 6.471011 10.96126 6.432616 10.96307 6.432029 10.98985 6.470792 -0.1827978 6.48749 -0.1820381 6.484893 -0.182838 6.467847 10.98967 6.484893 10.95363 6.469561 10.99016 6.467847 -0.1814375 6.474293 -0.1827978 6.48749 -0.182838 6.467847 -0.1579016 6.46938 -0.1814375 6.474293 -0.1818329 6.455312 -0.203216 10.95363 -0.1579016 10.98106 -0.1819948 10.98967 10.96279 6.450899 10.94495 6.468075 10.94543 6.468438 10.96016 6.450467 10.96208 6.451917 10.94477 6.46833 10.96067 6.422301 10.96226 6.471638 10.96299 6.471662 -0.1873459 6.422301 -0.1844844 6.421573 -0.1619154 6.471638 10.96114 6.421573 10.96288 6.471529 10.96226 6.471638 10.96114 6.421573 10.96326 6.421961 10.96288 6.471529 -0.1869018 6.462172 -0.1618225 6.453632 -0.1618133 6.453925 -0.1869018 10.96483 -0.1535691 10.93666 -0.1618225 10.96266 10.96285 6.432284 10.96048 6.432754 10.98244 6.480515 -0.187169 6.432754 -0.1844305 6.432972 -0.2043006 6.480712 -0.1844305 6.432972 -0.2045117 6.480515 -0.2038958 6.480689 10.98229 6.498161 10.98213 6.496173 10.95261 6.479679 -0.2042692 6.496173 -0.2042867 6.493357 -0.1746965 6.48151 -0.2042867 6.493357 -0.2044792 6.498161 -0.1746965 6.48151 -0.2044792 6.498161 -0.2242156 6.477299 -0.1746965 6.48151 -0.2242156 11.00472 -0.2042438 10.98221 -0.1746965 10.99214 -0.1746965 10.99214 -0.2042587 10.98214 -0.2054903 10.95261 10.95261 6.479679 10.98214 6.466881 10.98214 6.466268 11.00472 6.477299 10.95261 6.479679 10.98214 6.466268 10.96334 6.448574 10.96073 6.448083 10.94337 6.497216 10.96084 6.448051 10.9434 6.497207 10.94275 6.497085 -0.1840946 6.512055 -0.1841765 6.516044 -0.2102219 6.505995 -0.1762995 6.511733 -0.1837542 6.475933 -0.1867494 6.478496 10.93861 6.511733 10.96682 6.488291 10.94262 6.475933 -0.2102219 6.505995 -0.1867494 6.478496 -0.1717562 6.488291 -0.1717562 10.96682 -0.1867494 10.94358 -0.1840773 10.94318 10.94262 6.475933 10.96682 6.488291 10.94318 6.477259 -0.1243324 4.650399 -0.1200031 4.748349 -0.1225025 4.748376 -0.1269672 4.650276 -0.1219082 4.748321 -0.1185841 4.650227 8.050139 4.650399 8.057581 4.748376 8.056348 4.650276 -0.1204847 4.710239 -0.09255403 4.772368 -0.1236407 4.711049 -0.1225149 4.710318 -0.09280444 4.772321 -0.09200822 4.772153 8.055461 4.711049 8.077497 4.772321 8.058015 4.710318 8.055461 4.711049 8.076873 4.772368 8.077497 4.772321 -0.0895869 4.78859 -0.1103644 4.768341 -0.09275651 4.790314 -0.09188085 4.788434 -0.09201402 4.753799 -0.0895869 4.78859 -0.0895869 4.78859 -0.09201402 4.753799 -0.09247379 4.75592 8.098468 4.768341 8.077268 4.755705 8.077301 4.753799 -0.1222916 8.054504 -0.1734716 8.059384 -0.173714 8.058769 -0.1227047 4.720944 -0.1734716 4.737323 -0.121552 4.723032 -0.1227047 8.057503 -0.173714 8.058769 -0.1737627 8.059477 8.059129 4.756742 8.086219 4.742026 8.059556 4.758848 -0.1736189 4.757825 -0.1738858 4.758848 -0.1445163 4.73782 -0.1738858 8.059556 -0.1934744 8.086219 -0.1445163 8.073278 8.059124 4.757825 8.073278 4.73782 8.027888 4.738857 8.059129 4.756742 8.027888 4.738857 8.086219 4.742026 -0.1496982 8.0468 -0.1828171 8.063281 -0.1793176 8.027888 -0.1496982 8.0468 -0.1445163 8.073278 -0.1736366 8.059166 -0.1828171 4.718409 -0.1736366 4.717576 -0.1736567 4.718444 -0.1445163 4.73782 -0.1736468 4.720069 -0.1736366 4.717576 -0.1207087 8.057198 -0.08350488 8.010473 -0.1220887 8.055078 -0.1232051 8.056844 -0.08402224 8.01067 -0.08335177 8.01105 8.055078 4.709 8.01067 4.743332 8.056844 4.710925 -0.08362769 8.010723 -0.07325014 7.984109 -0.1262114 7.995301 -0.1262114 7.995301 -0.07949446 8.034467 -0.08363197 8.010732 -0.07949446 4.74546 -0.1262114 4.746869 -0.08267853 4.724538 8.034467 4.74546 8.012967 4.724538 8.010699 4.725608 -0.07325014 7.984109 -0.08364056 8.010711 -0.1262114 7.995301 8.034467 4.74546 8.010699 4.725608 7.984109 4.741866 7.984109 4.741866 8.010699 4.725608 8.010711 4.728993 -0.1227501 8.057566 -0.1222834 8.11457 -0.1204963 8.056052 8.057566 4.705286 8.114193 4.745024 8.11457 4.74473 8.11421 4.768643 8.114872 4.753801 8.088024 4.744523 8.114993 4.759417 8.121871 4.723043 8.114872 4.753801 8.114993 4.759417 8.088024 4.744523 8.121871 4.723043 8.088024 4.744523 8.114872 4.753801 8.114231 4.723517 8.114325 4.72201 8.114231 4.723517 8.114872 4.753801 -0.1218405 4.71577 -0.1601675 4.773351 -0.1607389 4.773205 8.057212 4.717041 8.013667 4.773351 8.054748 4.71577 8.01401 4.78615 8.04649 4.770929 8.014007 4.791222 8.01401 4.78615 8.01411 4.788973 8.04649 4.770929 8.01411 4.788973 8.014224 4.767604 8.04649 4.770929 8.04649 4.770929 8.013449 4.764178 8.014007 4.791222 -0.1607053 4.788973 -0.161751 4.765012 -0.1605524 4.767604 8.04649 4.770929 8.014224 4.767604 8.013449 4.764178 8.054956 4.710719 8.05767 4.775424 8.057019 4.775583 8.057976 4.710838 8.05767 4.775424 8.054956 4.710719 -0.1216275 4.710838 -0.08389068 4.775613 -0.0832772 4.775424 8.057434 4.79631 8.086108 4.772487 8.057369 4.800276 -0.08926113 8.063876 -0.05903011 8.086108 -0.08363186 8.057434 8.057369 4.800276 8.086108 4.772487 8.020376 4.772891 -0.08926113 4.789238 -0.08417319 4.752587 -0.05903011 4.772487 8.020376 4.772891 8.057218 4.752327 8.057418 4.755853 8.05766 4.700336 8.091062 4.776546 8.054596 4.700635 -0.1208399 4.700336 -0.1701022 4.776294 -0.1694429 4.776546 8.054596 4.700635 8.090585 4.776437 8.056705 4.699632 8.120525 4.785431 8.090502 4.787792 8.090941 4.794737 -0.1994211 4.774397 -0.1698424 4.762654 -0.1705786 4.758898 -0.1209685 8.055419 -0.1145443 8.007431 -0.1152994 8.007124 8.057725 4.712542 8.007431 4.755756 8.055419 4.711086 -0.1224213 8.057725 -0.1152983 8.007609 -0.1145443 8.007431 8.055878 4.711606 8.007609 4.755925 8.057725 4.712542 -0.1149778 8.007379 -0.1011425 7.966354 -0.1480195 7.993097 8.007379 4.774082 8.00728 4.774704 7.966354 4.752381 8.042035 4.745186 7.966354 4.752381 8.00728 4.774704 8.041813 4.765243 7.993097 4.754125 8.042035 4.745186 8.042035 4.745186 8.007397 4.735332 8.007385 4.737755 8.042035 4.745186 8.007385 4.737755 8.007377 4.734872 8.058015 4.69553 8.101645 4.773525 8.055674 4.695882 8.055267 4.696599 8.101512 4.773702 8.058015 4.69553 8.055267 4.696599 8.10091 4.773783 8.101512 4.773702 8.101349 4.789832 8.085045 4.791275 8.10135 4.789939 -0.09289671 4.79536 -0.1009493 4.767607 -0.07414929 4.772216 -0.07414929 4.772216 -0.09189434 4.758953 -0.09717649 4.791275 -0.07414929 4.772216 -0.1009493 4.767607 -0.09240993 4.754557 -0.1243324 4.650399 -0.1185841 4.650227 -0.1200031 4.748349 -0.1185841 4.650227 -0.1219082 4.748321 -0.1200031 4.748349 8.056348 4.650276 8.057581 4.748376 8.059879 4.748321 -0.1204847 4.710239 -0.09200822 4.772153 -0.09255403 4.772368 8.05558 4.710239 8.058015 4.710318 8.077317 4.772153 -0.09275651 4.790314 -0.1103644 4.768341 -0.09188085 4.788434 8.075454 4.78859 8.076924 4.75592 8.098468 4.768341 8.077386 4.788434 8.098468 4.768341 8.077301 4.753799 8.098468 4.768341 8.076924 4.75592 8.077268 4.755705 -0.1222916 8.054504 -0.121552 8.05697 -0.1734716 8.059384 -0.1227047 4.720944 -0.1737627 4.736797 -0.1734716 4.737323 -0.1227047 8.057503 -0.1222916 8.054504 -0.173714 8.058769 8.059129 4.756742 8.059124 4.757825 8.027888 4.738857 -0.1445163 8.073278 -0.1496982 8.0468 -0.1793176 8.027888 -0.1934744 4.742026 -0.1828171 4.718409 -0.1445163 4.73782 8.086219 4.742026 8.027888 4.738857 8.063281 4.718409 -0.1445163 8.073278 -0.1828171 8.063281 -0.1736468 8.05921 -0.1828171 4.718409 -0.1736567 4.718444 -0.1736468 4.720069 -0.1828171 4.718409 -0.1496982 4.726106 -0.1736366 4.717576 8.057198 4.709682 8.01105 4.743198 8.010473 4.74288 -0.1207087 4.709682 -0.1232051 4.710925 -0.08335177 4.743198 -0.1220887 4.709 -0.08350488 4.74288 -0.08402224 4.743332 8.010727 4.758181 8.010732 4.760507 8.034467 4.74546 -0.08363197 4.760507 -0.08362769 4.757033 -0.1262114 4.746869 8.010723 4.757033 8.010727 4.758181 7.984109 4.741866 8.010727 4.758181 8.034467 4.74546 7.984109 4.741866 -0.1262114 4.746869 -0.08364056 4.728993 -0.08267853 4.724538 -0.1232624 8.055312 -0.1204963 8.056052 -0.1221965 8.113997 8.056052 4.706465 8.11457 4.74473 8.113997 4.745176 8.057566 4.705286 8.055312 4.707033 8.114193 4.745024 -0.1232624 8.055312 -0.1221965 8.113997 -0.1228074 8.114193 8.11421 4.768643 8.088024 4.744523 8.114993 4.759417 8.114872 4.753801 8.121871 4.723043 8.114325 4.72201 8.121871 4.723043 8.088024 4.744523 8.114231 4.723517 8.057212 4.717041 8.014394 4.773549 8.013667 4.773351 -0.1209058 4.717041 -0.1238524 4.715908 -0.1603975 4.773549 8.056925 4.715908 8.013806 4.773205 8.014394 4.773549 -0.1238524 8.056925 -0.1218405 8.054748 -0.1607389 8.013806 -0.1607053 4.788973 -0.1594909 4.791222 -0.161751 4.765012 -0.161751 4.765012 -0.1594909 4.791222 -0.1596287 4.764178 -0.1216275 4.710838 -0.1238316 4.711531 -0.08389068 4.775613 8.056743 4.711531 8.057019 4.775583 8.057774 4.775613 -0.1238316 4.711531 -0.1211714 4.710719 -0.08377546 4.775583 8.057369 4.800276 8.020376 4.772891 8.063876 4.789238 8.086108 4.772487 8.057218 4.752327 8.020376 4.772891 8.063876 4.789238 8.020376 4.772891 8.057561 4.752587 8.057561 4.752587 8.020376 4.772891 8.057418 4.755853 -0.08335203 8.057218 -0.05903011 8.086108 -0.08417319 8.057561 -0.1221405 4.700635 -0.1694429 4.776546 -0.1701293 4.776437 -0.1208399 4.700336 -0.1237037 4.699632 -0.1701022 4.776294 8.056705 4.699632 8.090585 4.776437 8.09123 4.776294 -0.1694558 4.787792 -0.1994211 4.774397 -0.1698831 4.793546 8.090941 4.794737 8.090946 4.793546 8.120525 4.785431 -0.1698831 8.090946 -0.1994211 8.076188 -0.1628827 8.120525 -0.1994211 4.774397 -0.1694558 4.787792 -0.1690311 4.760916 -0.1628827 4.785431 -0.1994211 4.774397 -0.1705786 4.758898 8.090502 4.787792 8.093742 4.758898 8.088602 4.760916 8.090502 4.787792 8.120525 4.785431 8.093742 4.758898 -0.1994211 8.076188 -0.1690311 8.088602 -0.1698424 8.090943 8.055878 4.711606 8.007124 4.755645 8.007609 4.755925 -0.1239026 8.055878 -0.1209685 8.055419 -0.1152994 8.007124 -0.1150078 4.775711 -0.1149778 4.774082 -0.1480195 4.754125 8.00728 4.774704 8.007402 4.775711 8.041813 4.765243 -0.1150078 8.007402 -0.1480195 7.993097 -0.1170059 8.041813 8.041813 4.765243 8.042035 4.745186 8.00728 4.774704 -0.09875971 8.042035 -0.1480195 7.993097 -0.1150212 8.007397 -0.1480195 7.993097 -0.1011425 7.966354 -0.1150212 8.007397 7.966354 4.752381 8.007377 4.734872 8.007397 4.735332 -0.1011425 7.966354 -0.09875971 8.042035 -0.1149835 8.007377 -0.1235684 4.696599 -0.1205829 4.695882 -0.09232348 4.773783 8.055674 4.695882 8.101645 4.773525 8.10091 4.773783 -0.1223467 4.69553 -0.09282669 4.773702 -0.09213804 4.773525 8.10135 4.789939 8.085045 4.791275 8.10178 4.79536 8.101349 4.789832 8.109941 4.772216 8.085045 4.791275 -0.09241889 4.789832 -0.09289671 4.79536 -0.07414929 4.772216 8.085045 4.791275 8.103831 4.767607 8.10178 4.79536 -0.09717649 4.791275 -0.09189434 4.758953 -0.1009493 4.767607 -0.09189434 4.758953 -0.07414929 4.772216 -0.09240993 4.754557 -0.1888346 6.381968 -0.1809585 6.471095 -0.1828136 6.47112 10.96739 6.381856 10.96632 6.47107 10.96115 6.381812 10.96173 6.381968 10.96525 6.47112 10.96739 6.381856 -0.1835884 6.426862 -0.1905626 6.499983 -0.1911483 6.499889 10.96494 6.426646 10.98282 6.499983 10.96268 6.426862 -0.1843283 6.426432 -0.1911483 6.499889 -0.1905155 6.49989 -0.1907678 6.514171 -0.1613255 6.497161 -0.1907318 6.514382 -0.1613255 10.99629 -0.1922744 10.95326 -0.1907503 10.9832 -0.1922744 10.95326 -0.1908746 10.98322 -0.2159728 11.00176 -0.2159728 11.00176 -0.1907411 10.98321 -0.1613255 10.99629 -0.2159728 6.501178 -0.1908746 6.486 -0.1907411 6.484533 -0.1817746 6.437723 -0.2054523 6.485474 -0.1840888 6.436713 10.96414 6.437723 10.92299 6.485625 10.92245 6.485474 10.92265 6.497457 10.92264 6.499475 10.94412 6.488232 10.92264 6.499475 10.92439 6.47629 10.94412 6.488232 10.94412 6.488232 10.92439 6.47629 10.92264 6.472017 10.96267 6.429084 10.97438 6.466471 10.96522 6.429361 10.96485 6.428486 10.97414 6.466253 10.96267 6.429084 10.96485 6.428486 10.97477 6.466271 10.97414 6.466253 -0.1562434 10.97438 -0.1609085 10.9523 -0.1818961 10.96393 -0.1818961 10.96393 -0.1609085 10.9523 -0.1562128 10.97491 10.9523 6.465754 10.97438 6.451624 10.97491 6.457562 10.9523 6.465754 10.97435 6.455869 10.97438 6.451624 -0.1844338 6.440145 -0.2362947 6.470904 -0.2364999 6.470534 -0.1828974 10.96577 -0.2360605 10.98414 -0.1829337 10.96324 -0.1828974 6.441085 -0.2364999 6.470534 -0.2360605 6.470886 -0.2362869 10.98386 -0.2704622 11.00309 -0.2109453 11.01057 -0.2445006 10.95407 -0.2704622 11.00309 -0.2363114 10.98389 10.98388 6.488633 11.01057 6.468174 10.95407 6.469964 -0.2704622 11.00309 -0.2445006 10.95407 -0.2362986 10.98386 -0.2704622 6.469338 -0.2362986 6.455434 -0.2361555 6.453463 10.95407 6.469964 10.98376 6.453463 10.98386 6.45299 -0.1821812 6.425748 -0.1714952 6.465654 -0.184386 6.425912 10.96569 6.426768 10.93559 6.46575 10.93607 6.465898 10.93575 6.475789 10.96238 6.460594 10.93564 6.481203 -0.1718549 10.93575 -0.1875926 10.93355 -0.1707898 10.96238 -0.1718549 10.93575 -0.1596626 10.90768 -0.1875926 10.93355 10.93575 6.475789 10.93575 6.479509 10.90768 6.46783 10.93575 6.479509 10.93564 6.481203 10.90768 6.46783 10.93564 6.481203 10.96238 6.460594 10.90768 6.46783 -0.1596626 10.90768 -0.1715027 10.93576 -0.1875926 10.93355 10.96238 6.460594 10.93576 6.451183 10.90768 6.46783 -0.1875926 10.93355 -0.1718549 10.93575 -0.1707898 10.96238 -0.1875926 6.465384 -0.1715027 6.451183 -0.1718539 6.454824 10.96363 6.448746 10.98505 6.471905 10.98545 6.471765 -0.1835095 6.447683 -0.178989 6.471765 -0.1782485 6.471639 10.96363 6.448746 10.98545 6.471765 10.96558 6.447683 -0.1783078 6.484685 -0.1802359 6.459757 -0.1787408 6.485017 10.98527 6.484685 10.98581 6.481913 10.9849 6.459401 10.98516 6.485017 10.98344 6.459757 11.00674 6.464672 10.98581 6.481913 11.00674 6.464672 10.9849 6.459401 -0.1818323 6.453438 -0.2078021 6.494277 -0.1842148 6.452534 -0.1818323 6.453438 -0.2077271 6.494429 -0.2072226 6.494504 10.96565 6.452962 10.94978 6.494277 10.9505 6.494429 -0.2393997 6.493401 -0.2075437 6.486885 -0.2074272 6.514492 -0.2076887 6.514702 -0.1776683 6.491462 -0.2393997 6.493401 -0.2075437 6.486885 -0.1776683 6.491462 -0.2074272 6.514492 -0.2393997 6.493401 -0.1776683 6.491462 -0.207667 6.475169 -0.1776683 6.491462 -0.2075866 6.477607 -0.207667 6.475169 -0.1829857 6.430635 -0.1362007 6.485916 -0.184774 6.431653 10.96266 6.430635 10.95352 6.485681 10.95282 6.485671 -0.184774 6.431653 -0.1356013 6.485681 -0.1825389 6.430731 -0.1358474 6.499618 -0.1607081 6.481896 -0.1359186 6.50242 -0.1358474 6.499618 -0.1359585 6.501647 -0.1607081 6.481896 -0.1359585 6.501647 -0.1359186 6.50242 -0.1060015 6.484984 -0.1359186 10.95325 -0.145614 10.98838 -0.1060015 10.95141 10.93337 6.481896 10.98838 6.483272 10.95325 6.50242 -0.1060015 6.484984 -0.1607081 6.481896 -0.1359585 6.501647 -0.145614 10.98838 -0.1607081 10.93337 -0.1358603 10.95324 -0.1060015 6.484984 -0.1358654 6.47076 -0.1607081 6.481896 -0.1607081 6.481896 -0.1358654 6.47076 -0.1358603 6.46957 -0.1060015 6.484984 -0.1358486 6.473917 -0.1358654 6.47076 -0.1060015 6.484984 -0.1358603 6.46957 -0.1358486 6.473917 -0.1834336 6.432675 -0.1991057 6.465165 -0.1997199 6.464927 10.96549 6.432108 10.98347 6.464933 10.98283 6.465165 -0.1846079 6.431695 -0.199279 6.464933 -0.1824604 6.432108 -0.1993478 10.98309 -0.1923344 11.00677 -0.1972917 10.98254 -0.1993463 10.98309 -0.1972917 10.98254 -0.2255081 10.97231 10.97231 6.468556 10.9831 6.447032 11.00677 6.467112 10.9831 6.447032 10.98327 6.447831 11.00677 6.467112 11.00677 6.467112 10.98327 6.447831 10.95863 6.458728 -0.180222 10.95863 -0.1993495 10.98309 -0.2255081 10.97231 -0.1888346 6.381968 -0.1819212 6.381812 -0.1809585 6.471095 10.96115 6.381812 10.96632 6.47107 10.96388 6.471095 -0.186447 6.381856 -0.1828136 6.47112 -0.1809362 6.47107 10.96494 6.426646 10.98353 6.49989 10.98282 6.499983 -0.1819851 6.426646 -0.1843283 6.426432 -0.1905155 6.49989 10.96562 6.426432 10.96268 6.426862 10.98329 6.499889 -0.1907678 10.98319 -0.2159728 11.00176 -0.1613255 10.99629 -0.1907503 6.511866 -0.1907318 6.514382 -0.1613255 6.497161 -0.1907678 10.98319 -0.1922744 10.95326 -0.2159728 11.00176 10.98319 6.514171 10.9832 6.511866 10.95326 6.500053 10.98322 6.486 10.95326 6.500053 10.98321 6.487748 -0.1922744 10.95326 -0.1613255 10.99629 -0.1907419 10.98321 -0.1613255 6.497161 -0.1907411 6.484533 -0.1907419 6.487748 -0.1840888 6.436713 -0.2054523 6.485474 -0.2061918 6.485376 -0.1817746 10.96414 -0.1845215 10.96546 -0.2058359 10.92299 10.96546 6.437653 10.92262 6.485376 10.92299 6.485625 10.96546 6.437653 10.96313 6.436713 10.92262 6.485376 -0.2058566 6.499475 -0.202779 6.485894 -0.2049436 6.47629 10.92555 6.485894 10.92265 6.497457 10.94412 6.488232 -0.2049436 6.47629 -0.202779 6.485894 -0.2024133 6.471858 10.92555 6.485894 10.94412 6.488232 10.92264 6.472017 -0.2024133 6.471858 -0.202779 6.485894 -0.2057746 6.472017 -0.1829472 6.429084 -0.1559452 6.466253 -0.1566104 6.466471 -0.1821701 6.428486 -0.1846404 6.429361 -0.1562251 6.466271 -0.1846404 6.429361 -0.1566104 6.466471 -0.1562251 6.466271 -0.156243 6.480032 -0.1818961 6.473628 -0.1560873 6.479355 -0.156243 6.480032 -0.1562434 6.478871 -0.1818961 6.473628 10.97438 6.478871 10.97458 6.479355 10.9523 6.465754 -0.1818961 6.473628 -0.1562128 6.457562 -0.1560873 6.479355 10.97458 6.479355 10.97435 6.455869 10.9523 6.465754 10.97458 6.479355 10.97491 6.457562 10.97435 6.455869 -0.1844338 6.440145 -0.1829337 6.44191 -0.2362947 6.470904 -0.1829337 10.96324 -0.2360605 10.98414 -0.2362947 10.98346 -0.1828974 10.96577 -0.1844338 10.96437 -0.2364999 10.98399 -0.2362442 10.98388 -0.2445006 10.95407 -0.2363114 10.98389 10.98388 6.488633 10.98386 6.486022 11.01057 6.468174 -0.2362869 6.486022 -0.2363114 6.488685 -0.2704622 6.469338 11.01057 6.468174 10.98376 6.453463 10.95407 6.469964 -0.2109453 11.01057 -0.2704622 11.00309 -0.2361555 10.98376 10.95407 6.469964 10.98386 6.45299 10.98386 6.455434 -0.184386 6.425912 -0.1714952 6.465654 -0.1722178 6.46575 10.9635 6.425748 10.96569 6.426768 10.93563 6.465654 10.96569 6.426768 10.93607 6.465898 10.93563 6.465654 10.96569 6.426768 10.96305 6.425912 10.93559 6.46575 10.93576 6.451183 10.96238 6.460594 10.93575 6.4548 -0.1875926 6.465384 -0.1718539 6.454824 -0.1718549 6.4548 -0.1847915 6.448746 -0.1823951 6.448723 -0.1785636 6.471905 10.96312 6.448723 10.98554 6.471639 10.98505 6.471905 10.96312 6.448723 10.96558 6.447683 10.98554 6.471639 -0.1787408 6.485017 -0.198716 6.464672 -0.1785624 6.481913 -0.1783078 6.484685 -0.178682 6.459401 -0.1802359 6.459757 10.9849 6.459401 11.00674 6.464672 10.98539 6.45875 -0.198716 11.00674 -0.1802359 10.98344 -0.1785806 10.98539 -0.1818323 6.453438 -0.2072226 6.494504 -0.2078021 6.494277 -0.1818323 6.453438 -0.1843404 6.452962 -0.2077271 6.494429 10.96565 6.452962 10.96302 6.452534 10.94978 6.494277 -0.207876 6.514816 -0.2393997 6.493401 -0.2074272 6.514492 -0.2076887 10.95001 -0.2074272 10.95031 -0.1776683 10.94332 -0.2076887 6.514702 -0.2393997 6.493401 -0.207876 6.514816 -0.2393997 6.493401 -0.207667 6.475169 -0.2075437 6.486885 -0.1776683 6.491462 -0.2075437 6.486885 -0.2075866 6.477607 -0.1829857 6.430635 -0.1357444 6.485671 -0.1362007 6.485916 10.96266 6.430635 10.96551 6.430731 10.95352 6.485681 -0.184774 6.431653 -0.1362007 6.485916 -0.1356013 6.485681 -0.145614 10.98838 -0.1358603 10.95324 -0.1060015 10.95141 10.96275 6.432675 10.96549 6.432108 10.98283 6.465165 -0.1846079 6.431695 -0.1997199 6.464927 -0.199279 6.464933 10.96508 6.431695 10.96275 6.432675 10.98311 6.464927 10.98309 6.479663 10.98309 6.480011 11.00677 6.467112 -0.1993463 10.98309 -0.2255081 10.97231 -0.1923344 11.00677 10.95863 6.458728 10.98254 6.480008 11.00677 6.467112 -0.2255081 10.97231 -0.1972917 10.98254 -0.180222 10.95863 -0.1996976 6.447032 -0.2255081 6.468556 -0.1993495 6.451493 10.95863 6.458728 10.98327 6.447831 10.98309 6.451493 10.9626 6.381987 10.96592 6.488864 10.9633 6.488893 10.9587 6.381853 10.96355 6.488834 10.96794 6.381799 -0.1804443 6.381987 -0.1887766 6.488893 -0.1866874 6.381853 10.96283 6.435374 11.00209 6.501072 11.00127 6.501263 10.9632 6.435888 11.00209 6.501072 10.96558 6.434824 -0.1893263 6.435888 -0.1649105 6.501263 -0.1656889 6.50134 -0.1652644 6.522565 -0.2096006 6.505071 -0.1652692 6.522931 -0.1652644 11.00162 -0.1489117 11.02725 -0.1285541 10.97776 -0.2096006 6.505071 -0.1285541 6.504069 -0.165297 6.479638 11.02725 6.508527 11.0016 6.476878 10.97776 6.504069 -0.2096006 6.505071 -0.165297 6.479638 -0.1489117 6.508527 11.02725 6.508527 11.00162 6.483044 11.0016 6.476878 10.96576 6.435068 10.95004 6.510451 10.96263 6.435205 -0.1878498 6.435068 -0.2218256 6.510365 -0.2212063 6.510451 10.96237 6.434581 10.95004 6.51025 10.96576 6.435068 -0.188588 6.434581 -0.2212063 6.510451 -0.2220683 6.51025 10.95022 6.53301 10.90772 6.505856 10.95434 6.492319 -0.2217697 6.52113 -0.2214555 6.49109 -0.2208159 6.525071 -0.2224723 6.53301 -0.2442119 6.492319 -0.2217697 6.52113 10.95003 6.525071 10.95039 6.49109 10.90772 6.505856 -0.2217697 6.52113 -0.2442119 6.492319 -0.2214555 6.49109 -0.2442119 6.492319 -0.2216494 6.494847 -0.2214555 6.49109 -0.2442119 6.492319 -0.2216233 6.490742 -0.2216494 6.494847 -0.2265858 10.90772 -0.2216233 10.95021 -0.2442119 10.95434 10.90772 6.505856 10.95039 6.49109 10.95021 6.490742 -0.1888239 6.445835 -0.1318248 6.494159 -0.1859864 6.444216 10.96445 6.445835 10.94099 6.494343 10.94174 6.49456 -0.1871827 6.444342 -0.132409 6.494343 -0.1888239 6.445835 -0.1871827 10.96211 -0.1318248 10.94165 -0.132409 10.94099 -0.1322415 6.510985 -0.1740406 6.498642 -0.1322275 6.51208 -0.1322415 10.94146 -0.1070824 10.90869 -0.1534984 10.90803 10.94147 6.510215 10.90869 6.496872 10.94146 6.510985 -0.1322447 10.94147 -0.1023414 10.96786 -0.1070824 10.90869 -0.1322275 6.51208 -0.1740406 6.498642 -0.1322447 6.510215 -0.1322415 10.94146 -0.1534984 10.90803 -0.1740406 10.94844 -0.1322447 10.94147 -0.1740406 10.94844 -0.1023414 10.96786 -0.1740406 6.498642 -0.1296086 6.477462 -0.1023414 6.498315 -0.1070824 10.90869 -0.1322317 10.94146 -0.1534984 10.90803 10.97117 6.477462 10.94145 6.478835 10.94146 6.478086 10.97117 6.477462 10.94146 6.480056 10.94145 6.478835 10.96416 6.455165 10.98567 6.487755 10.98624 6.487633 10.9622 6.456168 10.98567 6.487755 10.96416 6.455165 -0.1932893 6.497652 -0.1974752 6.504244 -0.2334212 6.488266 -0.1974752 6.504244 -0.1951497 6.474069 -0.2334212 6.488266 -0.1974752 6.504244 -0.1749341 6.485708 -0.1951497 6.474069 -0.2334212 6.488266 -0.1951497 6.474069 -0.1956106 6.471278 -0.1749341 6.485708 -0.1956106 6.471278 -0.1956145 6.475328 -0.1881871 6.447957 -0.1986015 6.512731 -0.1855554 6.447745 10.96549 6.447957 10.9206 6.512485 10.92118 6.512731 -0.1855554 6.447745 -0.1982427 6.512532 -0.1886513 6.446896 -0.198689 6.52647 -0.198678 6.528603 -0.2253126 6.505988 -0.1986654 10.92075 -0.2071176 10.95636 -0.1585819 10.92216 10.92076 6.52647 10.95636 6.515946 10.92075 6.526619 -0.198678 6.528603 -0.1585819 6.516794 -0.2253126 6.505988 -0.1585819 6.516794 -0.1986102 6.496999 -0.2253126 6.505988 -0.2071176 10.95636 -0.1986102 10.92072 -0.1585819 10.92216 10.92088 6.49409 10.92072 6.496999 10.95636 6.515946 -0.1892729 6.432266 -0.1550744 6.494401 -0.1861415 6.431281 10.96416 6.432266 10.98052 6.494431 10.98133 6.494401 10.96507 6.431281 10.98052 6.494431 10.96199 6.432133 -0.15471 6.511358 -0.1926846 6.494239 -0.1547002 6.513502 -0.15471 10.98102 -0.1364443 10.94773 -0.1926846 10.99615 10.98103 6.513873 10.98103 6.513502 10.94773 6.494378 -0.1926846 10.99615 -0.1235935 11.01766 -0.1547002 10.98103 -0.1926846 6.494239 -0.1547112 6.472085 -0.1546944 6.474176 -0.1926846 6.494239 -0.1547112 6.476398 -0.1547112 6.472085 10.94773 6.494378 10.98102 6.474176 10.98103 6.476398 -0.1871174 6.457764 -0.2154347 6.495548 -0.2149017 6.495774 -0.1891426 6.457131 -0.2154347 6.495548 -0.1871174 6.457764 -0.2153019 6.511285 -0.2356111 6.492519 -0.2171172 6.511522 10.97055 6.511522 10.97169 6.487817 10.96934 6.499014 -0.2171172 6.511522 -0.2356111 6.492519 -0.215954 6.487817 10.96934 6.499014 10.97169 6.487817 10.97001 6.478479 -0.2356111 10.98405 -0.2153437 10.97001 -0.2152992 10.97012 10.96561 6.443049 10.91791 6.524347 10.96247 6.442062 -0.1893804 6.443 -0.1536725 6.524655 -0.1866975 6.443049 -0.1863403 6.442062 -0.1538117 6.524473 -0.1893804 6.443 -0.1535019 6.544063 -0.1248034 6.524412 -0.1531592 6.540466 10.91819 6.541769 10.95357 6.519829 10.89648 6.524412 10.91573 6.540466 10.95357 6.519829 10.91819 6.541769 -0.1248034 6.524412 -0.1536996 6.50721 -0.1531592 6.540466 -0.1568153 10.95357 -0.1534583 10.91822 -0.1248034 10.89648 -0.1248034 10.89648 -0.1534445 10.9182 -0.1536996 10.9173 10.9173 6.50721 10.91822 6.507961 10.95357 6.519829 -0.1888626 10.96503 -0.1778979 11.01884 -0.1855817 10.9635 10.96503 6.462821 11.01842 6.510865 11.01884 6.510556 10.96275 6.464161 11.01842 6.510865 10.96503 6.462821 -0.1886488 10.96275 -0.1775531 11.01821 -0.1784409 11.01842 -0.1779356 6.53803 -0.1902172 6.52437 -0.1590025 6.509209 11.01734 6.51804 11.01842 6.485104 11.02886 6.52437 -0.1590025 6.509209 -0.1779765 6.485104 -0.1785923 6.51804 -0.1804443 6.381987 -0.1868217 6.381799 -0.1896508 6.488864 10.96794 6.381799 10.96355 6.488834 10.96592 6.488864 -0.1866874 6.381853 -0.1887766 6.488893 -0.1913539 6.488834 10.96283 6.435374 10.96558 6.434824 11.00209 6.501072 10.9632 6.435888 11.00147 6.50134 11.00209 6.501072 -0.1893263 6.435888 -0.185758 6.435374 -0.1649105 6.501263 -0.1652644 11.00162 -0.1285541 10.97776 -0.2096006 10.99047 11.00162 6.522565 11.00162 6.520606 11.02725 6.508527 11.00162 6.520606 11.00162 6.522931 11.02725 6.508527 -0.1652692 11.00162 -0.2096006 10.99047 -0.1489117 11.02725 -0.165297 6.479638 -0.1285541 6.504069 -0.1652364 6.476878 11.02725 6.508527 11.00153 6.479638 11.00162 6.483044 10.96576 6.435068 10.95004 6.51025 10.95066 6.510365 -0.188588 6.434581 -0.1860295 6.435205 -0.2212063 6.510451 10.95003 6.525071 10.90772 6.505856 10.95022 6.53301 -0.1888239 6.445835 -0.1324799 6.49456 -0.1318248 6.494159 -0.1871827 10.96211 -0.1859864 10.96454 -0.1318248 10.94165 -0.1023414 10.96786 -0.1296086 10.97117 -0.1070824 10.90869 -0.1740406 10.94844 -0.1534984 10.90803 -0.1296086 10.97117 10.90803 6.493672 10.94146 6.478086 10.94146 6.480056 -0.1070824 10.90869 -0.1296086 10.97117 -0.1322317 10.94146 -0.1296086 10.97117 -0.1534984 10.90803 -0.1322341 10.94146 10.96464 6.455477 10.98624 6.487633 10.98557 6.487903 -0.1856555 6.455477 -0.1892826 6.455165 -0.1954902 6.487633 -0.1869902 6.456168 -0.1952284 6.487903 -0.1961113 6.487755 10.9622 6.456168 10.96464 6.455477 10.98557 6.487903 -0.1932893 6.497652 -0.2334212 6.488266 -0.1956106 6.471278 -0.1951497 10.98312 -0.1749341 10.98517 -0.1956145 10.98582 -0.1749341 6.485708 -0.1932893 6.497652 -0.1956106 6.471278 10.9642 6.447745 10.92118 6.512731 10.92051 6.512532 10.96549 6.447957 10.96254 6.446896 10.9206 6.512485 -0.1886513 6.446896 -0.1982427 6.512532 -0.1991497 6.512485 -0.198678 6.528603 -0.1986654 6.526619 -0.1585819 6.516794 -0.198689 10.92076 -0.2253126 10.90815 -0.2071176 10.95636 -0.2071176 10.95636 -0.2253126 10.90815 -0.1987006 10.92088 -0.1987006 6.49409 -0.2253126 6.505988 -0.1986688 6.499843 -0.2253126 6.505988 -0.1986102 6.496999 -0.1986688 6.499843 -0.1861415 6.431281 -0.1550744 6.494401 -0.1543146 6.494205 10.96416 6.432266 10.96199 6.432133 10.98052 6.494431 10.96507 6.431281 10.98126 6.494205 10.98052 6.494431 10.98102 6.511358 10.98103 6.513873 10.94773 6.494378 -0.1364443 10.94773 -0.1547002 10.98103 -0.1235935 11.01766 -0.1364443 10.94773 -0.1235935 11.01766 -0.1546944 10.98102 -0.1235935 11.01766 -0.1926846 10.99615 -0.1546944 10.98102 -0.1926846 6.494239 -0.1364443 6.494378 -0.1547112 6.476398 10.9622 6.458242 10.96571 6.457764 10.97029 6.495774 10.96414 6.457131 10.96969 6.495585 10.97056 6.495548 -0.1891426 6.457131 -0.186642 6.458242 -0.215526 6.495585 -0.186642 6.458242 -0.2149017 6.495774 -0.215526 6.495585 -0.2153019 6.511285 -0.2147709 6.499014 -0.2356111 6.492519 -0.2356111 6.492519 -0.2147709 6.499014 -0.2153437 6.478479 -0.215954 6.487817 -0.2356111 6.492519 -0.2152992 6.478427 10.96561 6.443049 10.91855 6.524655 10.91791 6.524347 10.96345 6.443 10.91781 6.524473 10.91855 6.524655 -0.1863403 6.442062 -0.1531017 6.524347 -0.1538117 6.524473 -0.1535019 6.544063 -0.1534443 6.541769 -0.1248034 6.524412 10.91573 6.540466 10.9173 6.50721 10.95357 6.519829 -0.1248034 6.524412 -0.1534583 6.507961 -0.1534445 6.506637 10.9635 6.463387 11.01884 6.510556 11.01821 6.510899 -0.1886488 10.96275 -0.1855817 10.9635 -0.1775531 11.01821 -0.1785923 6.51804 -0.1779356 6.53803 -0.1590025 6.509209 -0.1779356 6.53803 -0.1780129 6.534261 -0.1902172 6.52437 -0.1780129 6.534261 -0.1785923 6.51804 -0.1902172 6.52437 -0.1590025 6.509209 -0.1902172 6.52437 -0.1779019 6.486154 -0.1590025 6.509209 -0.1779019 6.486154 -0.1779765 6.485104 -0.6198444 4.650449 -0.6317066 4.795491 -0.628304 4.795531 -0.6218166 4.650266 -0.6309515 4.79545 -0.6310582 4.650194 8.946741 4.650449 8.939176 4.795531 8.93695 4.650266 8.940112 4.741657 8.863682 4.813563 8.942862 4.744016 -0.6295878 8.940112 -0.6708659 8.862678 -0.6718667 8.863125 -0.6251955 4.743046 -0.6708659 4.813084 -0.6295878 4.741657 8.940055 4.743046 8.863682 4.813563 8.862678 4.813084 -0.6712899 4.833514 -0.6328165 4.805047 -0.6693987 4.805217 -0.6712899 4.833514 -0.6705298 4.838726 -0.6328165 4.805047 -0.6693987 4.805217 -0.7133346 4.809851 -0.6705298 4.838726 -0.6705298 4.838726 -0.7133346 4.809851 -0.6328165 4.805047 -0.7133346 4.809851 -0.6714004 4.791943 -0.6328165 4.805047 -0.6693987 4.805217 -0.6712899 4.791377 -0.6712888 4.793621 -0.6693987 4.805217 -0.6714004 4.791943 -0.6712899 4.791377 -0.6288211 4.73341 -0.5910653 4.786778 -0.6253151 4.732452 8.938483 4.733935 8.953114 4.787116 8.943379 4.73341 -0.6286252 4.733935 -0.5906864 4.786757 -0.5916982 4.787116 -0.591228 8.953461 -0.6400514 8.940724 -0.5941757 8.999622 -0.5912445 8.95343 -0.5856716 8.904136 -0.6400514 8.940724 8.953618 4.819581 8.999622 4.782612 8.953517 4.767029 -0.5856716 8.904136 -0.5902949 8.953517 -0.6400514 8.940724 8.999622 4.782612 8.953461 4.757609 8.953461 4.757605 -0.6400514 4.786283 -0.5902949 4.767029 -0.5912289 4.757609 8.943473 4.733486 8.966697 4.788235 8.93996 4.735107 -0.6274907 4.733486 -0.6753522 4.787924 -0.6745029 4.788235 -0.6257519 8.93996 -0.6745029 8.966697 -0.6749139 8.96552 -0.6748094 8.966232 -0.6198018 8.954412 -0.6735086 8.909923 -0.674883 4.809246 -0.7176142 4.785106 -0.6748094 4.813509 -0.6748094 8.966232 -0.6678572 9.01473 -0.6198018 8.954412 -0.6748094 8.966232 -0.7176142 8.969262 -0.6678572 9.01473 -0.6678572 9.01473 -0.7176142 8.969262 -0.6748973 8.96619 -0.7176142 4.785106 -0.6748826 4.766101 -0.6748973 4.764406 -0.6198018 4.786143 -0.6747545 4.768009 -0.6748826 4.766101 -0.6303813 4.750541 -0.5963088 4.842139 -0.6262169 4.750827 -0.6303813 4.750541 -0.5961029 4.841699 -0.5971335 4.842014 8.943133 4.750827 8.873086 4.841699 8.939251 4.749337 8.873557 4.862125 8.873602 4.865908 8.923365 4.849952 -0.5624847 8.826176 -0.6527959 8.880205 -0.596677 8.873602 -0.6527959 8.880205 -0.596552 8.87367 -0.5736778 8.923365 -0.5624847 8.826176 -0.5959819 8.873443 -0.6164701 8.825794 8.873443 4.819526 8.873558 4.821748 8.825794 4.829798 -0.6527959 4.83898 -0.5965044 4.821748 -0.596552 4.817308 -0.629524 4.722325 -0.5975755 4.822205 -0.6249806 4.722415 -0.6249806 4.722415 -0.597612 4.822528 -0.6283682 4.723763 8.940955 4.722415 9.01727 4.822205 9.016466 4.822528 9.016925 4.846829 8.963162 4.82173 9.01692 4.847763 -0.5980402 9.016925 -0.5503005 9.031409 -0.5949161 8.963162 9.017071 4.8544 8.963162 4.82173 9.061935 4.81409 -0.5503005 9.031409 -0.6301971 9.061935 -0.5979843 9.01691 8.963162 4.82173 9.016926 4.79503 9.061935 4.81409 8.963162 4.82173 9.01691 4.795214 9.016926 4.79503 9.061935 4.81409 9.016926 4.79503 9.016921 4.798641 -0.6260259 8.942153 -0.6896045 8.910098 -0.6887976 8.90917 -0.6296391 4.736211 -0.6896045 4.794568 -0.6260259 4.738169 8.942281 4.736211 8.909199 4.794261 8.910098 4.794568 -0.6893006 4.818214 -0.689652 4.827546 -0.7278563 4.796442 -0.6889993 4.823728 -0.6492769 4.796594 -0.689652 4.827546 -0.6893006 4.818214 -0.7278563 4.796442 -0.6889993 4.823728 8.910562 4.823728 8.881686 4.796442 8.924719 4.773461 -0.6492769 4.796594 -0.7278563 4.796442 -0.689652 4.827546 -0.6889993 4.823728 -0.7288267 4.773461 -0.6492769 4.796594 -0.6492769 4.796594 -0.689419 4.76518 -0.7278563 4.796442 -0.6874427 8.910067 -0.689419 8.909272 -0.6492769 8.919831 -0.7288267 4.773461 -0.6874427 4.766518 -0.6492769 4.796594 -0.6289898 4.746461 -0.5853814 4.808533 -0.6251975 4.744984 8.943287 4.746461 8.931692 4.808786 8.932858 4.808874 -0.6251975 4.744984 -0.5862795 4.808786 -0.6287141 4.746033 -0.5855848 4.822963 -0.5846985 4.800753 -0.5868811 4.800931 -0.5855848 4.822963 -0.5877568 4.806918 -0.5846985 4.800753 -0.6255262 4.718899 -0.6629417 4.79889 -0.6619389 4.799253 -0.6264695 4.720071 -0.6627699 4.799344 -0.629879 4.71824 8.942525 4.718899 9.001838 4.799253 8.938994 4.720071 9.001719 4.815997 8.954743 4.801467 9.002083 4.821808 9.001719 4.822333 8.954743 4.801467 9.001719 4.815997 -0.6627488 4.821808 -0.6326869 4.802179 -0.6625619 4.822333 -0.6627488 9.002083 -0.7214534 9.007795 -0.6326869 9.033309 8.954743 4.801467 9.002028 4.775462 9.001709 4.779656 9.033309 4.802179 9.002028 4.775462 8.954743 4.801467 -0.7214534 9.007795 -0.6625637 9.001723 -0.6326869 9.033309 -0.6590644 8.954743 -0.6625581 9.001709 -0.7214534 9.007795 8.940753 4.742575 8.857884 4.788778 8.942495 4.744648 -0.6253455 8.939755 -0.6407589 8.85731 -0.6301911 8.940753 8.939755 4.74232 8.857884 4.788778 8.857191 4.788178 8.857017 4.816957 8.797576 4.787586 8.857572 4.809878 -0.6402438 8.857017 -0.5898684 8.862629 -0.6585708 8.797576 -0.6401693 4.806947 -0.6400294 4.767847 -0.5898684 4.785128 8.857572 4.809878 8.797576 4.787586 8.858162 4.767847 8.797576 4.787586 8.857293 4.764059 8.858162 4.767847 -0.5898684 4.785128 -0.6400294 4.767847 -0.6407565 4.761732 -0.6198444 4.650449 -0.6310582 4.650194 -0.6317066 4.795491 8.945426 4.650194 8.936866 4.79545 8.940758 4.795491 -0.6218166 4.650266 -0.628304 4.795531 -0.6309515 4.79545 8.940112 4.741657 8.863125 4.813018 8.863682 4.813563 -0.6251955 8.940055 -0.6271632 8.942862 -0.6711641 8.863682 -0.7133346 4.809851 -0.6693987 4.805217 -0.6712888 4.793621 -0.6693987 4.805217 -0.6328165 4.805047 -0.6714004 4.791943 -0.6714004 4.791943 -0.7133346 4.809851 -0.6712888 4.793621 8.943379 4.73341 8.953114 4.787116 8.954088 4.786778 -0.6286252 4.733935 -0.6253151 4.732452 -0.5906864 4.786757 8.941089 4.732452 8.954088 4.786778 8.953164 4.786757 8.953461 4.814043 8.999622 4.782612 8.953618 4.819581 -0.591228 4.814043 -0.5912445 4.815978 -0.6400514 4.786283 8.95343 4.815978 8.953618 4.819581 8.904136 4.774436 8.953618 4.819581 8.953517 4.767029 8.904136 4.774436 8.999622 4.782612 8.953461 4.757605 8.953517 4.767029 -0.5941757 8.999622 -0.6400514 8.940724 -0.5912289 8.953461 -0.6274907 8.943473 -0.6299338 8.940349 -0.6753522 8.966395 8.940349 4.73313 8.96552 4.788331 8.966395 4.787924 -0.6299338 4.73313 -0.6257519 4.735107 -0.6749139 4.788331 8.966119 4.813001 8.966232 4.813509 8.909923 4.78904 -0.674883 4.809246 -0.6748988 4.813001 -0.7176142 4.785106 -0.7176142 8.969262 -0.6748988 8.966119 -0.6735086 8.909923 -0.7176142 8.969262 -0.6735086 8.909923 -0.6748826 8.966143 -0.6735086 8.909923 -0.6198018 8.954412 -0.6748826 8.966143 -0.6198018 8.954412 -0.6678572 9.01473 -0.6747545 8.966286 9.01473 4.77846 8.96619 4.764406 8.966286 4.768009 -0.6303813 8.940458 -0.5971335 8.87344 -0.5963088 8.874146 -0.6303813 4.750541 -0.6261609 4.749337 -0.5961029 4.841699 8.943133 4.750827 8.874146 4.842139 8.873086 4.841699 8.873557 4.86134 8.826176 4.849667 8.873602 4.865908 -0.5965023 8.873557 -0.5736778 8.923365 -0.5624847 8.826176 8.873557 4.86134 8.873557 4.862125 8.923365 4.849952 -0.596677 8.873602 -0.6527959 8.880205 -0.5736778 8.923365 -0.6527959 8.880205 -0.5624847 8.826176 -0.6164701 8.825794 8.826176 4.849667 8.923365 4.849952 8.873443 4.819526 8.873443 4.819526 8.923365 4.849952 8.87367 4.817308 -0.6527959 8.880205 -0.6164701 8.825794 -0.5965044 8.873558 -0.629524 4.722325 -0.5986963 4.822467 -0.5975755 4.822205 8.942955 4.722325 8.938863 4.723763 9.017041 4.822467 -0.6283682 4.723763 -0.597612 4.822528 -0.5986963 4.822467 9.01692 4.847763 8.963162 4.82173 9.017071 4.8544 -0.5980402 4.846829 -0.5981831 4.8544 -0.5503005 4.827447 -0.5981831 4.8544 -0.6301971 4.81409 -0.5503005 4.827447 -0.5503005 9.031409 -0.5979843 9.01691 -0.5949161 8.963162 9.01691 4.795214 9.061935 4.81409 9.016921 4.798641 -0.6296391 8.942281 -0.6280497 8.938618 -0.6897003 8.909199 -0.6280497 4.736052 -0.6887976 4.794751 -0.6897003 4.794261 8.938618 4.736052 8.942153 4.738169 8.90917 4.794751 -0.7288267 8.924719 -0.7278563 8.881686 -0.689419 8.909272 -0.6289898 4.746461 -0.5862942 4.808874 -0.5853814 4.808533 8.943287 4.746461 8.93864 4.746033 8.931692 4.808786 -0.6251975 4.744984 -0.5853814 4.808533 -0.5862795 4.808786 -0.6255262 4.718899 -0.629879 4.71824 -0.6629417 4.79889 8.941677 4.71824 9.001129 4.799344 9.002185 4.79889 -0.6264695 8.938994 -0.6619389 9.001838 -0.6627699 9.001129 9.001719 4.822333 9.033309 4.802179 8.954743 4.801467 -0.6627488 9.002083 -0.6590644 8.954743 -0.7214534 9.007795 9.002028 4.775462 9.033309 4.802179 9.001723 4.779566 -0.7214534 4.796143 -0.6625581 4.779656 -0.6625637 4.779566 8.940753 4.742575 8.85731 4.788136 8.857884 4.788778 -0.6253455 8.939755 -0.6396679 8.857191 -0.6407589 8.85731 8.939755 4.74232 8.942495 4.744648 8.857884 4.788778 -0.6401693 4.806947 -0.5898684 4.785128 -0.6402438 4.816957 8.857572 4.809878 8.858162 4.767847 8.858153 4.806947 8.797576 4.787586 8.856428 4.761732 8.857293 4.764059 -0.6585708 8.797576 -0.5898684 8.862629 -0.6407565 8.856428 -0.121688 4.650408 -0.1257059 4.757124 -0.1230277 4.757153 -0.1182864 4.650274 -0.1234733 4.757093 -0.1274948 4.650221 8.058979 4.650408 8.050738 4.757153 8.052466 4.650274 -0.1230387 4.729737 -0.09888499 4.764688 -0.09808352 4.764377 -0.1218167 4.730007 -0.09831838 4.764653 -0.1251216 4.731034 8.051097 4.730007 8.070701 4.764377 8.07003 4.764653 8.053742 4.729737 8.070701 4.764377 8.051097 4.730007 8.070476 4.782884 8.067887 4.78868 8.039613 4.771329 8.067887 4.78868 8.070305 4.75575 8.070561 4.742049 8.067887 4.78868 8.074636 4.759124 8.039613 4.771329 -0.09552701 4.78868 -0.09812069 4.742049 -0.1106817 4.759124 -0.1248859 8.051504 -0.1755415 8.063181 -0.1235448 8.054016 -0.1225299 4.704113 -0.1753638 4.745203 -0.1758683 4.744879 -0.1235448 8.054016 -0.1755415 8.063181 -0.1225299 8.050793 -0.1755924 4.762857 -0.1735174 4.731147 -0.2089335 4.752309 -0.1755924 8.062699 -0.2089335 8.033773 -0.1947515 8.100786 8.065463 4.747947 8.061469 4.731147 8.062699 4.762857 -0.1770801 4.747947 -0.1745356 4.727231 -0.1735174 4.731147 8.100786 4.748621 8.061469 4.731147 8.062718 4.728668 8.050782 4.712163 8.024691 4.768946 8.053878 4.7125 -0.1221494 4.711578 -0.09921521 4.768705 -0.1249743 4.712163 8.050926 4.711578 8.025062 4.768857 8.024257 4.768705 -0.09927281 4.789097 -0.06565945 4.772772 -0.09933664 4.78423 -0.09927281 4.789097 -0.09896648 4.789818 -0.1319229 4.762926 -0.06565945 8.031164 -0.1053855 7.989928 -0.09896648 8.024496 -0.1319229 4.762926 -0.06565945 4.772772 -0.09927281 4.789097 8.024496 4.789818 7.989928 4.767505 8.045611 4.762926 -0.1319229 4.762926 -0.0993385 4.753868 -0.09933063 4.752661 -0.1220693 4.698146 -0.1207514 4.767837 -0.1247774 4.698215 8.053888 4.697291 8.091403 4.767641 8.090861 4.767789 -0.1203191 4.784746 -0.1202913 4.785515 -0.09546982 4.76329 8.090954 4.787977 8.113306 4.76329 8.051183 4.769218 -0.1202913 8.090982 -0.1496969 8.120311 -0.09546982 8.113306 -0.09546982 4.76329 -0.1202852 4.747315 -0.1203173 4.747966 8.120311 4.760286 8.090968 4.751459 8.091062 4.747315 8.051183 4.769218 8.090974 4.747966 8.090968 4.751459 -0.1248073 4.696183 -0.1490914 4.770477 -0.1219471 4.696649 8.053463 4.696183 8.029231 4.770311 8.030031 4.770477 8.053198 4.696649 8.029494 4.7705 8.050284 4.695835 8.037414 4.79908 8.0264 4.765968 8.029557 4.796419 8.0294 4.795166 8.042492 4.759958 8.037414 4.79908 -0.1206839 4.765968 -0.1494171 4.752244 -0.1491059 4.795166 -0.1491059 4.795166 -0.1494171 4.752244 -0.1751911 4.759958 -0.1476672 4.79908 -0.1751911 4.759958 -0.1206839 4.765968 -0.1751911 4.759958 -0.1488845 4.746682 -0.1206839 4.765968 -0.1494171 4.752244 -0.1493872 4.745175 -0.1751911 4.759958 -0.1488845 4.746682 -0.1494171 4.752244 -0.1206839 4.765968 -0.1238488 4.702152 -0.06667969 4.762341 -0.06617552 4.762075 -0.1219796 4.70131 -0.06614999 4.76209 -0.1246239 4.702624 8.054119 4.702152 8.055764 4.762075 8.051206 4.70131 8.055309 4.776993 8.018164 4.76166 8.055375 4.783457 -0.06588118 4.783457 -0.02163396 4.763894 -0.06628748 4.781316 -0.02163396 4.763894 -0.06912189 4.760806 -0.06574921 4.739559 -0.02163396 8.073488 -0.06585292 8.055103 -0.06906527 8.018164 -0.02163396 4.763894 -0.06574921 4.739559 -0.06585292 4.737441 -0.1253381 4.706955 -0.1648224 4.777179 -0.1220019 4.707657 -0.1253381 4.706955 -0.1649775 4.777383 -0.1655305 4.777065 8.053418 4.707657 8.091198 4.777383 8.050443 4.708221 -0.1651032 4.796866 -0.1859267 4.773158 -0.1363785 4.771969 8.091581 4.800923 8.108763 4.771969 8.056967 4.780736 8.056967 4.780736 8.119652 4.773158 8.091669 4.800483 -0.1363785 8.108763 -0.1649469 8.091378 -0.1612286 8.056967 8.056967 4.780736 8.091664 4.754302 8.119652 4.773158 8.091378 4.754863 8.091664 4.754302 8.056967 4.780736 8.051548 4.699393 8.01217 4.785309 8.012948 4.785506 -0.1220786 4.699129 -0.1184175 4.785309 -0.1253133 4.699393 8.050828 4.699129 8.012769 4.78544 8.01217 4.785309 8.033344 4.781666 8.01213 4.767189 7.978668 4.785581 8.012214 4.789851 8.012884 4.766498 8.033344 4.781666 8.012214 4.789851 8.01213 4.767189 8.012884 4.766498 8.052609 4.709851 8.074136 4.768243 8.07469 4.768089 8.050118 4.710019 8.074136 4.768243 8.052609 4.709851 -0.1081642 8.074244 -0.135631 8.081078 -0.0797548 8.103426 -0.1081642 4.786129 -0.1082534 4.792331 -0.135631 4.777911 8.074235 4.788814 8.034884 4.758698 8.074182 4.792331 -0.1053262 8.034884 -0.135631 8.081078 -0.1082534 8.074182 -0.135631 4.777911 -0.1108453 4.74787 -0.0797548 4.771503 8.081078 4.777911 8.034884 4.758698 8.075128 4.74787 8.034884 4.758698 8.074241 4.74755 8.074233 4.745336 8.103426 4.771503 8.074241 4.74755 8.034884 4.758698 -0.0797548 8.103426 -0.1108453 8.075128 -0.1081629 8.074241 8.034884 4.758698 8.074233 4.745336 8.075128 4.74787 8.058979 4.650408 8.053038 4.650221 8.050068 4.757124 -0.1274948 4.650221 -0.1234733 4.757093 -0.1257059 4.757124 8.052466 4.650274 8.050738 4.757153 8.048191 4.757093 -0.1230387 4.729737 -0.1251216 4.731034 -0.09888499 4.764688 -0.1251216 8.051887 -0.09831838 8.07003 -0.09888499 8.070678 8.070476 4.782884 8.039613 4.771329 8.071363 4.786373 -0.09918113 4.786373 -0.09744692 4.75575 -0.09552701 4.78868 8.071363 4.786373 8.039613 4.771329 8.074636 4.759124 -0.09744692 4.75575 -0.09918113 4.786373 -0.1106817 4.759124 -0.1248859 8.051504 -0.1758683 8.062351 -0.1755415 8.063181 -0.1248859 4.702499 -0.1225299 4.704113 -0.1758683 4.744879 -0.1225299 8.050793 -0.1755415 8.063181 -0.1753638 8.062376 8.062698 4.759601 8.100786 4.748621 8.065463 4.747947 8.062698 4.759601 8.062699 4.762857 8.100786 4.748621 8.065463 4.747947 8.100786 4.748621 8.062718 4.728668 -0.1947515 8.100786 -0.2089335 8.033773 -0.1735174 8.061469 -0.1770801 4.747947 -0.175628 4.728668 -0.1745356 4.727231 -0.1230066 4.7125 -0.09981036 4.768946 -0.09898565 4.768857 -0.1249743 4.712163 -0.09921521 4.768705 -0.09981036 4.768946 8.050926 4.711578 8.053878 4.7125 8.025062 4.768857 -0.09933664 4.78423 -0.06565945 4.772772 -0.09896648 4.789818 -0.1053855 7.989928 -0.06565945 8.031164 -0.09929686 8.024233 -0.06565945 4.772772 -0.09933063 4.752661 -0.09929686 4.749434 -0.06565945 4.772772 -0.1319229 4.762926 -0.09933063 4.752661 -0.1319229 8.045611 -0.1053855 7.989928 -0.09929686 8.024233 -0.1319229 4.762926 -0.09929686 4.749434 -0.0993385 4.753868 8.053888 4.697291 8.090765 4.767837 8.091403 4.767641 8.053888 4.697291 8.050807 4.698215 8.090765 4.767837 -0.1220693 4.698146 -0.1198543 4.767789 -0.1207514 4.767837 8.050832 4.698146 8.053888 4.697291 8.090861 4.767789 -0.1203191 4.784746 -0.09546982 4.76329 -0.1202392 4.787977 8.090982 4.785515 8.090954 4.787977 8.051183 4.769218 8.090982 4.785515 8.051183 4.769218 8.120311 4.760286 8.051183 4.769218 8.113306 4.76329 8.090974 4.747966 -0.09546982 8.113306 -0.1496969 8.120311 -0.1202852 8.091062 -0.1496969 8.120311 -0.1277622 8.051183 -0.1203248 8.090968 8.053463 4.696183 8.050284 4.695835 8.029231 4.770311 -0.1239294 4.695835 -0.1484868 4.7705 -0.1493206 4.770311 -0.1219471 4.696649 -0.1490914 4.770477 -0.1484868 4.7705 -0.14897 4.796419 -0.1206839 4.765968 -0.1491059 4.795166 -0.1751911 4.759958 -0.1493872 4.745175 -0.1488845 4.746682 8.054119 4.702152 8.050815 4.702624 8.055213 4.762341 -0.1246239 4.702624 -0.06614999 4.76209 -0.06667969 4.762341 8.051206 4.70131 8.055764 4.762075 8.054839 4.76209 8.055309 4.776993 8.055302 4.781316 8.018164 4.76166 -0.06906527 8.018164 -0.06628748 8.055302 -0.02163396 8.073488 8.055375 4.783457 8.018164 4.76166 8.054275 4.760806 -0.06588118 4.783457 -0.06912189 4.760806 -0.02163396 4.763894 8.018164 4.76166 8.055103 4.737441 8.054275 4.760806 -0.1253381 4.706955 -0.1655305 4.777065 -0.1648224 4.777179 -0.1253381 4.706955 -0.1230079 4.708221 -0.1649775 4.777383 8.053418 4.707657 8.092053 4.777179 8.091198 4.777383 8.091669 4.800483 8.091581 4.800923 8.056967 4.780736 -0.1651032 4.796866 -0.1363785 4.771969 -0.1650536 4.800923 8.091645 4.796866 8.091669 4.800483 8.119652 4.773158 -0.1649469 4.754863 -0.1363785 4.771969 -0.165102 4.758139 -0.1363785 8.108763 -0.1859267 8.119652 -0.165102 8.091647 8.119652 4.773158 8.091664 4.754302 8.091647 4.758139 -0.1222928 4.699797 -0.1253133 4.699393 -0.1188388 4.785506 8.050828 4.699129 8.053615 4.699797 8.012769 4.78544 -0.1222928 4.699797 -0.1188388 4.785506 -0.1180298 4.78544 -0.1184825 4.803152 -0.1069719 4.781666 -0.1182598 4.805724 8.012681 4.803152 8.012214 4.789851 8.033344 4.781666 8.012214 4.789851 8.010777 4.805724 7.978668 4.785581 8.010777 4.805724 8.033344 4.781666 7.978668 4.785581 8.012214 4.789851 7.978668 4.785581 8.01213 4.767189 8.01213 4.767189 8.033344 4.781666 8.01263 4.769211 8.033344 4.781666 8.012884 4.766498 8.01263 4.769211 -0.1223051 4.70926 -0.1252863 4.709851 -0.1082933 4.768089 -0.1229042 4.710019 -0.1077629 4.768159 -0.1086199 4.768243 8.050118 4.710019 8.053562 4.70926 8.073965 4.768159 8.053562 4.70926 8.07469 4.768089 8.073965 4.768159 8.074235 4.788814 8.074244 4.786129 8.103426 4.771503 8.034884 4.758698 8.074235 4.788814 8.103426 4.771503 -0.7058145 8.633077 -0.7013356 8.775188 -0.7048283 8.775227 -0.7109594 8.632898 -0.7044816 8.775148 -0.6986737 8.632827 10.95713 8.633077 10.96821 8.775227 10.96545 8.632898 -0.7022019 8.704659 -0.7348228 8.821249 -0.7359762 8.8211 10.96899 8.704314 10.97435 8.821249 10.96482 8.704659 10.96658 8.703972 10.97403 8.8211 10.97507 8.821101 10.97443 8.843872 11.0248 8.816749 10.97446 8.844208 -0.7253382 11.0248 -0.6979791 10.94484 -0.7354839 10.97446 -0.6979791 10.94484 -0.7356322 10.97432 -0.7829068 10.95881 -0.7829068 10.95881 -0.7354894 10.97448 -0.7253382 11.0248 -0.7829068 8.823155 -0.7356322 8.798953 -0.7354894 8.796614 10.96852 8.721976 10.89925 8.798114 10.96459 8.720366 -0.702417 8.721976 -0.6711416 8.798356 -0.6700843 8.798114 -0.6706497 8.817221 -0.670707 8.820439 -0.7038162 8.802511 -0.670707 8.820439 -0.6721444 8.783471 -0.7038162 8.802511 -0.7038162 8.802511 -0.6721444 8.783471 -0.6706332 8.776657 -0.7016006 8.708202 -0.6925071 8.767815 -0.706478 8.708644 10.96867 8.707249 11.01134 8.767467 10.96565 8.708202 -0.7037134 8.707249 -0.6926574 8.767496 -0.6915733 8.767467 -0.692165 11.01118 -0.667772 10.98473 -0.702258 10.96817 -0.702258 10.96817 -0.667772 10.98473 -0.6928174 11.0117 10.98473 8.766671 11.01118 8.744141 11.0117 8.753609 10.98473 8.766671 11.01179 8.75091 11.01118 8.744141 -0.7051707 8.725838 -0.7778788 8.774882 -0.7787505 8.774293 -0.7055792 10.96857 -0.7785488 10.91643 -0.7023197 10.96619 10.96857 8.727337 10.91571 8.774293 10.91643 8.774854 -0.7783893 10.91587 -0.8349436 10.8892 -0.7897081 10.97347 -0.7472438 10.87769 -0.8349436 10.8892 -0.778452 10.91587 10.91594 8.803151 10.97347 8.770531 10.87769 8.773384 -0.8349436 10.8892 -0.7472438 10.87769 -0.7784 10.91586 -0.8349436 8.772386 -0.7784 8.750217 -0.7781398 8.747073 10.87769 8.773384 10.91595 8.747073 10.91586 8.74632 10.96741 8.702883 10.95557 8.766512 10.96413 8.703143 10.96766 8.704509 10.95459 8.766665 10.95531 8.7669 -0.6563642 8.782672 -0.6899959 8.758444 -0.6559935 8.791305 -0.6563642 10.95522 -0.6680275 10.93272 -0.6899959 10.98119 -0.6563642 10.95522 -0.6086101 10.94514 -0.6680275 10.93272 -0.6563642 8.782672 -0.6563059 8.788603 -0.6086101 8.769982 -0.6563059 8.788603 -0.6559935 8.791305 -0.6086101 8.769982 -0.6559935 8.791305 -0.6899959 8.758444 -0.6086101 8.769982 -0.6086101 8.769982 -0.6560418 8.743438 -0.6680275 8.766082 -0.6899959 8.758444 -0.6560418 8.743438 -0.6086101 8.769982 -0.6680275 10.93272 -0.6563646 10.95522 -0.6899959 10.98119 10.93272 8.766082 10.95568 8.743438 10.95522 8.749244 -0.7045398 8.739552 -0.7266417 8.776479 -0.7275486 8.776256 10.96761 8.737857 10.99182 8.776256 10.99287 8.776054 10.96413 8.739552 10.99182 8.776256 10.96761 8.737857 10.99255 8.796857 10.98835 8.757109 10.99188 8.797385 -0.7266911 8.796857 -0.7276245 8.792437 -0.7265594 8.756542 -0.7269461 8.797385 -0.7260896 8.757109 -0.7734373 8.764946 -0.7276245 8.792437 -0.7734373 8.764946 -0.7265594 8.756542 10.96837 8.747034 10.92143 8.812151 10.96432 8.745592 -0.7023599 8.747034 -0.7086584 8.812393 -0.7076248 8.812512 10.96659 8.746275 10.92143 8.812151 10.9222 8.812393 10.87176 8.810753 10.92244 8.800365 10.92241 8.844382 10.92179 8.844718 10.95464 8.807662 10.87176 8.810753 -0.7084934 8.800365 -0.6715629 8.807662 -0.7081241 8.844382 10.87176 8.810753 10.95464 8.807662 10.92198 8.781683 -0.6715629 8.807662 -0.7080281 8.78557 -0.7081753 8.781683 -0.7016163 8.710675 -0.6460991 8.798819 -0.7059035 8.712297 -0.7016163 10.96559 -0.6459898 11.01875 -0.6452026 11.01791 10.96513 8.712297 11.01875 8.798445 10.9688 8.710828 11.01811 8.820667 10.96751 8.792409 11.01808 8.825135 11.01811 8.820667 11.01794 8.823901 10.96751 8.792409 11.01794 8.823901 11.01808 8.825135 11.05528 8.797333 -0.6459257 11.01808 -0.7005512 11.03792 -0.6159129 11.05528 -0.6429783 10.96751 -0.7005512 11.03792 -0.6459257 11.01808 11.05528 8.797333 10.96751 8.792409 11.01794 8.823901 -0.7005512 11.03792 -0.6429783 10.96751 -0.6458656 11.01816 11.05528 8.797333 11.01807 8.774653 10.96751 8.792409 10.96751 8.792409 11.01807 8.774653 11.01816 8.772756 11.05528 8.797333 11.01811 8.779687 11.01807 8.774653 11.05528 8.797333 11.01816 8.772756 11.01811 8.779687 -0.7021523 8.713927 -0.7427183 8.765732 -0.7436541 8.765353 -0.7048145 8.713024 -0.7437069 8.765363 -0.7427183 8.765732 10.96571 8.712365 10.96362 8.765363 10.96889 8.713024 -0.7432852 10.96318 -0.7675858 10.99416 -0.7406652 10.96534 -0.7432833 10.96318 -0.7406652 10.96534 -0.7534189 10.91922 10.91922 8.771139 10.96273 8.73682 10.99416 8.768837 -0.7436154 8.73682 -0.7435062 8.738094 -0.7675858 8.768837 -0.7675858 8.768837 -0.7435062 8.738094 -0.6938278 8.755469 -0.6938278 10.96546 -0.7432837 10.96318 -0.7534189 10.91922 10.95713 8.633077 10.96558 8.632827 10.96935 8.775188 -0.6986737 8.632827 -0.7044816 8.775148 -0.7013356 8.775188 10.96545 8.632898 10.96821 8.775227 10.97163 8.775148 -0.7036551 8.704314 -0.7357006 8.821101 -0.7348228 8.821249 -0.7036551 8.704314 -0.7067104 8.703972 -0.7357006 8.821101 -0.7067104 8.703972 -0.7022019 8.704659 -0.7359762 8.8211 -0.7354894 10.97443 -0.7829068 10.95881 -0.7253382 11.0248 10.97446 8.840196 10.97446 8.844208 11.0248 8.816749 -0.7354894 10.97443 -0.6979791 10.94484 -0.7829068 10.95881 -0.7354894 8.843872 -0.7354839 8.840196 -0.6979791 8.82136 -0.7356322 8.798953 -0.6979791 8.82136 -0.7354868 8.80174 -0.6979791 10.94484 -0.7253382 11.0248 -0.7354868 10.97447 11.0248 8.816749 10.97448 8.796614 10.97447 8.80174 -0.7032479 10.96459 -0.6700843 10.89925 -0.6709983 10.89846 -0.702417 10.96852 -0.7066725 10.96617 -0.6711416 10.89925 10.96617 8.721865 10.89846 8.797959 10.89925 8.798356 -0.7066725 8.721865 -0.7032479 8.720366 -0.6709983 8.797959 10.89891 8.820439 10.90559 8.798784 10.90171 8.783471 -0.6716453 8.798784 -0.6706497 8.817221 -0.7038162 8.802511 -0.6721444 8.783471 -0.6716453 8.798784 -0.6659679 8.776404 -0.6716453 8.798784 -0.7038162 8.802511 -0.6706332 8.776657 -0.6659679 8.776404 -0.6716453 8.798784 -0.6706332 8.776657 -0.7016006 8.708202 -0.6915733 8.767467 -0.6925071 8.767815 10.96867 8.707249 10.9658 8.708644 11.01156 8.767496 10.9658 8.708644 11.0107 8.767815 11.01156 8.767496 11.01117 8.789437 10.96817 8.779227 11.01156 8.788359 11.01117 8.789437 11.01118 8.787587 10.96817 8.779227 -0.692165 8.787587 -0.6922829 8.788359 -0.667772 8.766671 10.96817 8.779227 11.0117 8.753609 11.01156 8.788359 11.01156 8.788359 11.01179 8.75091 10.98473 8.766671 -0.6922829 8.788359 -0.6928174 8.753609 -0.6916701 8.75091 -0.7051707 8.725838 -0.7023197 8.728653 -0.7778788 8.774882 -0.7023197 10.96619 -0.7785488 10.91643 -0.7778788 10.91549 -0.7055792 10.96857 -0.7051707 10.96528 -0.7787505 10.91571 10.91594 8.803151 10.87769 8.773384 10.91587 8.803234 10.91594 8.803151 10.91587 8.798989 10.97347 8.770531 -0.7783893 8.798989 -0.778452 8.803234 -0.8349436 8.772386 10.97347 8.770531 10.91595 8.747073 10.87769 8.773384 -0.7897081 10.97347 -0.8349436 10.8892 -0.7781398 10.91595 10.87769 8.773384 10.91586 8.74632 10.91586 8.750217 10.96413 8.703143 10.95557 8.766512 10.95459 8.766665 -0.7019712 8.702883 -0.7060785 8.704509 -0.6558667 8.766512 -0.7060785 8.704509 -0.6569109 8.7669 -0.6558667 8.766512 10.96766 8.704509 10.96413 8.703143 10.95459 8.766665 -0.6560418 8.743438 -0.6899959 8.758444 -0.6563646 8.749206 10.93272 8.766082 10.95522 8.749244 10.95522 8.749206 -0.7045398 10.96413 -0.7016635 10.96678 -0.7266417 10.99201 10.96678 8.739516 10.99287 8.776054 10.99201 8.776479 -0.7016635 8.739516 -0.7058997 8.737857 -0.7269902 8.776054 -0.7269461 8.797385 -0.7734373 8.764946 -0.7276245 8.792437 10.99255 8.796857 10.99172 8.756542 10.98835 8.757109 -0.7265594 8.756542 -0.7734373 8.764946 -0.7270932 8.755503 -0.7734373 10.98583 -0.7260896 10.98835 -0.7270932 10.9923 10.96837 8.747034 10.92245 8.812512 10.92143 8.812151 -0.7023599 8.747034 -0.7067562 8.746275 -0.7086584 8.812393 -0.7067562 8.746275 -0.7032183 8.745592 -0.7077807 8.812151 10.92168 8.8449 10.87176 8.810753 10.92241 8.844382 -0.7079781 10.92179 -0.7081241 10.92241 -0.6715629 10.95464 -0.7079781 10.92179 -0.7248484 10.87176 -0.7083346 10.92168 10.87176 8.810753 10.92198 8.781683 10.92244 8.800365 -0.6715629 8.807662 -0.7084934 8.800365 -0.7080281 8.78557 -0.7016163 8.710675 -0.6452026 8.798429 -0.6460991 8.798819 -0.7016163 10.96559 -0.704907 10.9688 -0.6459898 11.01875 10.96513 8.712297 11.01766 8.798819 11.01875 8.798445 -0.7005512 11.03792 -0.6458656 11.01816 -0.6159129 11.05528 10.96509 8.713927 10.96889 8.713024 10.96325 8.765732 10.96571 8.712365 10.96272 8.765353 10.96362 8.765363 -0.7062584 8.712365 -0.7021523 8.713927 -0.7436541 8.765353 10.96318 8.788849 10.96318 8.789403 10.99416 8.768837 10.96318 8.789403 10.91922 8.771139 10.99416 8.768837 -0.6938278 8.755469 -0.7406652 8.789399 -0.7675858 8.768837 -0.7534189 10.91922 -0.7406652 10.96534 -0.6938278 10.96546 10.96273 8.73682 10.91922 8.771139 10.96318 8.743932 -0.6938278 8.755469 -0.7435062 8.738094 -0.7432837 8.743932 -0.9865079 8.633067 -0.9758126 8.765972 -0.9789738 8.766009 -0.9849784 8.6329 -0.9766142 8.765935 -0.9762745 8.632833 9.019744 8.633067 9.026911 8.766009 9.028767 8.6329 -0.9820665 8.708126 -0.9536197 8.808849 -0.9546025 8.80892 9.027361 8.707314 9.051168 8.808849 9.023402 8.707805 -0.9820665 8.708126 -0.9538902 8.808736 -0.9784017 8.707314 -0.9570954 9.037436 -1.006098 9.058746 -0.9540223 9.051679 -0.9540191 9.05179 -1.006098 9.058746 -0.9283026 9.096722 -1.006098 9.058746 -0.9746805 9.025247 -0.9540807 9.051753 9.037436 8.823021 9.096722 8.798969 9.051674 8.785656 9.096722 8.798969 9.051753 8.782109 9.051674 8.785656 -0.9812441 8.714968 -1.044882 8.79811 -1.045743 8.797772 -0.9805455 8.715368 -1.044992 8.798098 -0.9776563 8.716455 -0.9805455 8.715368 -1.045743 8.797772 -1.044992 8.798098 9.023908 8.714968 9.020233 8.797772 9.027464 8.715368 -1.059023 9.061623 -1.003768 9.014891 -1.044912 9.020256 9.020213 8.812499 9.01812 8.795645 9.061623 8.796769 9.01812 8.795645 9.020218 8.778457 9.061623 8.796769 -0.9781054 8.717601 -0.9524835 8.784127 -0.9818138 8.718726 9.023337 8.717601 8.999277 8.784055 8.998311 8.78385 -0.9788465 8.718648 -0.9524835 8.784127 -0.9515478 8.784055 -0.9518739 8.998711 -0.9284696 9.0175 -0.9300856 8.952066 -0.9518726 8.806656 -0.9284696 8.803225 -0.9518739 8.809659 -0.9943233 8.994789 -0.9869634 9.029343 -0.9284696 9.0175 -0.9869634 8.766653 -0.9517118 8.758386 -0.9284696 8.803225 -0.9300856 8.952066 -0.9518687 8.998739 -0.9943233 8.994789 -0.9790384 9.023416 -0.9927827 9.104616 -0.9937935 9.104834 9.026647 8.710998 9.104616 8.787348 9.023416 8.71264 9.104975 8.806978 9.104972 8.806036 9.153977 8.79445 9.104972 8.806036 9.094596 8.810059 9.145903 8.782538 9.104971 8.804904 9.094596 8.810059 9.104972 8.806036 -0.9889394 9.094596 -0.9866677 9.153977 -0.9459304 9.08354 -0.9889394 8.810059 -0.9459304 8.78115 -0.9949889 8.771628 -0.9866677 9.153977 -1.016586 9.145903 -0.9459304 9.08354 9.145903 8.782538 9.104971 8.763106 9.104971 8.764146 9.145903 8.782538 9.103615 8.771628 9.104971 8.763106 -0.9459304 8.78115 -0.9932248 8.764146 -0.9949889 8.771628 -0.9801945 8.707177 -1.003844 8.764552 -1.004569 8.764564 -0.9771195 8.708578 -1.003844 8.764552 -0.9801945 8.707177 -0.9813908 8.708046 -1.004569 8.764564 -1.003561 8.764887 8.990922 8.769745 9.019046 8.762472 8.991202 8.785439 -1.003923 8.991202 -1.029693 9.019046 -0.951429 9.023986 -1.005073 8.769745 -1.003207 8.760202 -1.004147 8.741646 9.019046 8.762472 8.991429 8.741646 8.991234 8.745649 -0.951429 8.762741 -1.003979 8.745649 -1.003207 8.760202 -0.9787553 8.735113 -0.941206 8.761079 -0.9811617 8.736619 -0.9788127 9.027382 -0.9406206 9.032836 -0.9787553 9.022947 -0.9788127 8.734474 -0.9412215 8.760918 -0.9406206 8.760541 -0.9811617 9.025393 -0.941206 9.032339 -0.9412215 9.033448 9.032869 8.778878 9.033035 8.784145 9.075076 8.759539 9.032827 8.783321 9.035411 8.754248 9.033035 8.784145 9.032869 8.778878 9.075076 8.759539 9.032827 8.783321 9.033035 8.784145 9.035411 8.754248 9.075076 8.759539 9.032827 8.783321 9.033504 8.759175 9.035411 8.754248 -0.9409435 8.783321 -0.930536 8.756895 -0.9427533 8.759175 9.075076 8.759539 9.032851 8.756895 9.032827 8.783321 -0.9212406 9.075076 -0.9443359 9.035411 -0.930536 9.032851 -0.9804763 8.692273 -1.011883 8.765851 -1.012502 8.765655 -0.9770819 8.692775 -1.011883 8.765851 -0.9804763 8.692273 -1.01207 8.78926 -1.01177 8.794725 -0.9805134 8.751801 9.040656 8.792557 9.080279 8.759326 9.04047 8.794725 9.040656 8.792557 9.04039 8.743419 9.080279 8.759326 9.040656 8.792557 9.040143 8.78926 9.04039 8.743419 9.080279 8.759326 9.020469 8.751801 9.04047 8.794725 -1.01207 8.78926 -0.9805134 8.751801 -1.01253 8.743419 -0.9805134 8.751801 -1.011956 8.739592 -1.01253 8.743419 9.080279 8.759326 9.04039 8.743419 9.040508 8.739159 9.023063 8.707554 8.985288 8.778957 9.02597 8.708574 9.025988 8.70825 8.986347 8.779249 8.985288 8.778957 -0.9817677 8.708574 -0.9701276 8.779215 -0.9692762 8.779249 -1.015247 8.992999 -0.9477479 9.02376 -0.9695822 8.985862 8.985504 8.805081 9.02376 8.77772 8.942547 8.774196 -1.015247 8.78043 -0.9696696 8.754217 -0.9696006 8.758773 8.942547 8.774196 8.985842 8.757865 8.985776 8.754217 -0.9804322 8.731671 -0.9690219 8.803681 -0.9699332 8.803669 9.02559 8.730944 9.0514 8.803488 9.0503 8.803681 -0.9808667 8.730897 -0.9691304 8.803488 -0.9772215 8.730944 9.02291 8.731671 9.050729 8.803669 9.027306 8.730897 -0.9693523 9.050815 -0.9395516 9.024323 -0.9764555 9.062142 9.062142 8.825172 9.048457 8.775968 9.051198 8.831555 -0.9395516 9.024323 -1.001751 9.028241 -0.9764555 9.062142 -0.9690156 8.831555 -0.9661497 8.775968 -0.9395516 8.816678 -0.9865079 8.633067 -0.9762745 8.632833 -0.9758126 8.765972 9.021266 8.632833 9.029103 8.765935 9.025559 8.765972 -0.9849784 8.6329 -0.9789738 8.766009 -0.9766142 8.765935 -0.9820665 8.708126 -0.9780593 8.707805 -0.9536197 8.808849 9.027361 8.707314 9.052262 8.808736 9.051168 8.808849 -0.9820665 8.708126 -0.9546025 8.80892 -0.9538902 8.808736 -0.9540223 8.82969 -1.006098 8.815818 -0.9540191 8.835558 9.05179 8.835558 9.096722 8.798969 9.037436 8.823021 -0.9570954 8.823021 -0.9746805 8.787881 -1.006098 8.815818 -0.9283026 9.096722 -1.006098 9.058746 -0.9540807 9.051753 9.025247 8.787881 9.037436 8.823021 9.051674 8.785656 -0.9812441 8.714968 -0.9776563 8.716455 -1.044882 8.79811 9.024205 8.716455 9.020729 8.798098 9.019659 8.79811 9.020256 8.821492 9.020213 8.812499 9.061623 8.796769 -1.044912 8.821492 -1.003768 8.794171 -1.044552 8.795645 -1.003768 9.014891 -1.059023 9.061623 -1.044749 9.019966 -1.044552 8.795645 -1.003768 8.794171 -1.044749 8.775848 9.019966 8.775848 9.061623 8.796769 9.020218 8.778457 -0.9781054 8.717601 -0.9515344 8.78385 -0.9524835 8.784127 9.023337 8.717601 9.027579 8.718648 8.999277 8.784055 -0.9788465 8.718648 -0.9818138 8.718726 -0.9524835 8.784127 -0.9518726 8.998749 -0.9943233 8.994789 -0.9284696 9.0175 -0.9518726 8.806656 -0.9518661 8.805976 -0.9943233 8.790364 -0.9518661 8.805976 -0.9518739 8.809659 -0.9943233 8.790364 -0.9518739 8.998711 -0.9300856 8.952066 -0.9943233 8.994789 8.952066 8.782795 9.0175 8.803225 8.999605 8.758386 -0.9517118 8.758386 -0.9869634 8.766653 -0.9518634 8.763964 -0.9869634 8.766653 -0.9518687 8.758646 -0.9518634 8.763964 -0.9869634 9.029343 -0.9943233 8.994789 -0.9518687 8.998739 -0.9300856 8.952066 -0.9517118 8.999605 -0.9518687 8.998739 9.026647 8.710998 9.105462 8.786854 9.104616 8.787348 -0.9777802 9.026647 -0.9814272 9.026402 -0.9931083 9.105462 9.026402 8.710787 9.104834 8.787133 9.105462 8.786854 9.026402 8.710787 9.023416 8.71264 9.104834 8.787133 9.104971 8.804904 9.104975 8.806978 9.153977 8.79445 -0.9932171 9.104971 -0.9866677 9.153977 -0.9889394 9.094596 -0.9866677 9.153977 -0.9932178 9.104972 -1.016586 9.145903 9.094596 8.810059 9.103615 8.771628 9.145903 8.782538 -0.9459304 9.08354 -1.016586 9.145903 -0.9932248 9.104971 9.025531 8.708578 8.991556 8.764887 8.990675 8.764552 -0.9771195 8.708578 -0.9813908 8.708046 -1.003561 8.764887 9.026892 8.708046 9.02324 8.707177 8.991234 8.764564 -1.003061 8.789283 -1.003923 8.785439 -1.003207 8.760202 -1.003923 8.785439 -0.951429 8.762741 -1.003207 8.760202 -1.005073 8.769745 -1.003061 8.789283 -1.003207 8.760202 9.019046 8.762472 8.990922 8.769745 8.991429 8.741646 -0.951429 9.023986 -1.029693 9.019046 -1.003979 8.991234 -0.9787553 8.735113 -0.9406206 8.760541 -0.941206 8.761079 -0.9788127 8.734474 -0.9811617 8.736619 -0.9412215 8.760918 9.025619 8.692775 9.040968 8.765816 9.039926 8.765851 -0.9770819 8.692775 -0.9811611 8.691698 -1.011539 8.765816 -0.9811611 8.691698 -1.012502 8.765655 -1.011539 8.765816 9.026959 8.691698 9.023069 8.692273 9.040429 8.765655 -0.9805134 8.751801 -1.011934 8.739159 -1.011956 8.739592 -0.9805134 9.020469 -1.004947 9.080279 -1.011934 9.040508 9.023063 8.707554 9.025988 8.70825 8.985288 8.778957 -0.9771846 8.70825 -0.9817677 8.708574 -0.9692762 8.779249 9.02597 8.708574 8.985288 8.778957 8.986012 8.779215 8.985504 8.805081 8.985862 8.802138 9.02376 8.77772 -0.9695822 8.802138 -0.9695694 8.797969 -1.015247 8.78043 -0.9695694 8.797969 -0.9694181 8.805081 -1.015247 8.78043 -0.9694181 8.985504 -0.9588916 8.942547 -1.015247 8.992999 -0.9588916 8.942547 -0.9696696 8.985776 -1.015247 8.992999 -1.015247 8.992999 -0.9696006 8.98586 -0.9477479 9.02376 9.02376 8.77772 8.98586 8.758773 8.985842 8.757865 8.942547 8.774196 9.02376 8.77772 8.985842 8.757865 -0.9804322 8.731671 -0.9772215 8.730944 -0.9690219 8.803681 -0.9808667 8.730897 -0.9699332 8.803669 -0.9691304 8.803488 -0.9693523 8.825649 -0.9690156 8.831555 -0.9395516 8.816678 9.062142 8.825172 9.051767 8.772174 9.048457 8.775968 -0.9764555 8.825172 -1.001751 8.790469 -0.9694237 8.772174 -0.9395516 8.816678 -0.9661497 8.775968 -1.001751 8.790469 -1.001751 9.028241 -0.9661497 9.048457 -0.9693799 9.050817 -0.9694237 8.772174 -1.001751 8.790469 -0.9693799 8.774137</float_array>
          <technique_common>
            <accessor source="#uv-array" count="17784" stride="2">
              <param name="S" type="float" />
              <param name="T" type="float" />
            </accessor>
          </technique_common>
        </source>
        <vertices id="vertices">
          <input semantic="POSITION" source="#positions" />
        </vertices>
        <triangles count="2280" material="m0">
          <input semantic="VERTEX" source="#vertices" offset="0" />
          <input semantic="NORMAL" source="#normals" offset="1" />
          <input semantic="TEXCOORD" source="#uv" offset="2" set="0" />
          <p>0 0 0 4 0 1 3 0 2 2 1 3 5 1 4 1 1 5 0 2 6 3 2 7 2 2 8 6 3 9 10 3 10 9 3 11 8 4 12 10 4 13 7 4 14 6 5 15 11 5 16 8 5 17 20 11 33 24 11 34 23 11 35 22 12 36 25 12 37 21 12 38 22 13 39 23 13 40 25 13 41 20 14 42 23 14 43 22 14 44 34 18 54 36 18 55 33 18 56 34 19 57 38 19 58 37 19 59 35 20 60 36 20 61 38 20 62 49 26 78 53 26 79 52 26 80 50 27 81 53 27 82 49 27 83 65 37 111 69 37 112 68 37 113 66 38 114 69 38 115 65 38 116 67 39 117 68 39 118 70 39 119 80 45 135 82 45 136 79 45 137 81 46 138 83 46 139 80 46 140 81 47 141 84 47 142 83 47 143 79 48 144 82 48 145 84 48 146 92 57 171 96 57 172 95 57 173 93 58 174 96 58 175 92 58 176 106 67 201 109 67 202 108 67 203 107 68 204 110 68 205 109 68 206 108 69 207 111 69 208 110 69 209 121 74 222 125 74 223 124 74 224 122 75 225 126 75 226 125 75 227 123 76 228 126 76 229 122 76 230 121 77 231 124 77 232 123 77 233 0 82 246 1 82 247 4 82 248 1 83 249 5 83 250 4 83 251 2 84 252 3 84 253 5 84 254 6 85 255 7 85 256 10 85 257 8 86 258 11 86 259 10 86 260 6 87 261 9 87 262 11 87 263 20 93 279 21 93 280 24 93 281 21 94 282 25 94 283 24 94 284 34 100 300 37 100 301 36 100 302 34 101 303 35 101 304 38 101 305 35 102 306 33 102 307 36 102 308 50 112 336 54 112 337 53 112 338 50 113 339 51 113 340 54 113 341 51 114 342 52 114 343 54 114 344 51 115 345 49 115 346 52 115 347 66 121 363 70 121 364 69 121 365 66 122 366 67 122 367 70 122 368 67 123 369 65 123 370 68 123 371 80 129 387 83 129 388 82 129 389 81 130 390 79 130 391 84 130 392 93 131 393 97 131 394 96 131 395 93 132 396 94 132 397 97 132 398 94 133 399 95 133 400 97 133 401 94 134 402 92 134 403 95 134 404 106 137 411 107 137 412 109 137 413 107 138 414 108 138 415 110 138 416 108 139 417 109 139 418 111 139 419 121 148 444 122 148 445 125 148 446 123 149 447 124 149 448 126 149 449 135 156 468 139 156 469 138 156 470 137 157 471 140 157 472 136 157 473 135 158 474 138 158 475 137 158 476 141 159 477 145 159 478 144 159 479 143 160 480 145 160 481 142 160 482 141 161 483 146 161 484 143 161 485 155 167 501 159 167 502 158 167 503 157 168 504 160 168 505 156 168 506 157 169 507 158 169 508 160 169 509 155 170 510 158 170 511 157 170 512 169 174 522 171 174 523 168 174 524 169 175 525 173 175 526 172 175 527 170 176 528 171 176 529 173 176 530 184 182 546 188 182 547 187 182 548 185 183 549 188 183 550 184 183 551 200 193 579 204 193 580 203 193 581 201 194 582 204 194 583 200 194 584 202 195 585 203 195 586 205 195 587 215 201 603 217 201 604 214 201 605 216 202 606 218 202 607 215 202 608 216 203 609 219 203 610 218 203 611 214 204 612 217 204 613 219 204 614 227 213 639 231 213 640 230 213 641 228 214 642 231 214 643 227 214 644 241 223 669 244 223 670 243 223 671 242 224 672 245 224 673 244 224 674 243 225 675 246 225 676 245 225 677 256 230 690 260 230 691 259 230 692 257 231 693 261 231 694 260 231 695 258 232 696 261 232 697 257 232 698 256 233 699 259 233 700 258 233 701 135 238 714 136 238 715 139 238 716 136 239 717 140 239 718 139 239 719 137 240 720 138 240 721 140 240 722 141 241 723 142 241 724 145 241 725 143 242 726 146 242 727 145 242 728 141 243 729 144 243 730 146 243 731 155 249 747 156 249 748 159 249 749 156 250 750 160 250 751 159 250 752 169 256 768 172 256 769 171 256 770 169 257 771 170 257 772 173 257 773 170 258 774 168 258 775 171 258 776 185 268 804 189 268 805 188 268 806 185 269 807 186 269 808 189 269 809 186 270 810 187 270 811 189 270 812 186 271 813 184 271 814 187 271 815 201 277 831 205 277 832 204 277 833 201 278 834 202 278 835 205 278 836 202 279 837 200 279 838 203 279 839 215 285 855 218 285 856 217 285 857 216 286 858 214 286 859 219 286 860 228 287 861 232 287 862 231 287 863 228 288 864 229 288 865 232 288 866 229 289 867 230 289 868 232 289 869 229 290 870 227 290 871 230 290 872 241 293 879 242 293 880 244 293 881 242 294 882 243 294 883 245 294 884 243 295 885 244 295 886 246 295 887 256 304 912 257 304 913 260 304 914 258 305 915 259 305 916 261 305 917 270 312 936 274 312 937 273 312 938 272 313 939 275 313 940 271 313 941 270 314 942 273 314 943 272 314 944 277 315 945 279 315 946 276 315 947 278 316 948 281 316 949 280 316 950 276 317 951 281 317 952 278 317 953 276 318 954 279 318 955 281 318 956 289 323 969 293 323 970 292 323 971 291 324 972 293 324 973 290 324 974 291 325 975 292 325 976 294 325 977 307 335 1005 309 335 1006 306 335 1007 308 336 1008 311 336 1009 310 336 1010 306 337 1011 311 337 1012 308 337 1013 323 345 1035 325 345 1036 322 345 1037 323 346 1038 326 346 1039 325 346 1040 334 352 1056 338 352 1057 337 352 1058 335 353 1059 338 353 1060 334 353 1061 347 360 1080 351 360 1081 350 360 1082 348 361 1083 351 361 1084 347 361 1085 348 362 1086 352 362 1087 351 362 1088 362 368 1104 365 368 1105 361 368 1106 362 369 1107 366 369 1108 365 369 1109 361 370 1110 364 370 1111 363 370 1112 375 373 1119 379 373 1120 378 373 1121 376 374 1122 379 374 1123 375 374 1124 376 375 1125 380 375 1126 379 375 1127 377 376 1128 380 376 1129 376 376 1130 393 383 1149 395 383 1150 392 383 1151 391 384 1152 396 384 1153 393 384 1154 391 385 1155 394 385 1156 396 385 1157 270 390 1170 271 390 1171 274 390 1172 271 391 1173 275 391 1174 274 391 1175 272 392 1176 273 392 1177 275 392 1178 277 393 1179 280 393 1180 279 393 1181 277 394 1182 278 394 1183 280 394 1184 289 399 1197 290 399 1198 293 399 1199 291 400 1200 294 400 1201 293 400 1202 291 401 1203 289 401 1204 292 401 1205 307 409 1227 310 409 1228 309 409 1229 307 410 1230 308 410 1231 310 410 1232 306 411 1233 309 411 1234 311 411 1235 321 417 1251 322 417 1252 324 417 1253 322 418 1254 325 418 1255 324 418 1256 323 419 1257 321 419 1258 326 419 1259 321 420 1260 324 420 1261 326 420 1262 335 424 1272 339 424 1273 338 424 1274 335 425 1275 336 425 1276 339 425 1277 336 426 1278 337 426 1279 339 426 1280 336 427 1281 334 427 1282 337 427 1283 348 430 1290 349 430 1291 352 430 1292 349 431 1293 350 431 1294 352 431 1295 349 432 1296 347 432 1297 350 432 1298 361 438 1314 365 438 1315 364 438 1316 362 439 1317 363 439 1318 366 439 1319 363 440 1320 364 440 1321 366 440 1322 377 449 1347 378 449 1348 380 449 1349 377 450 1350 375 450 1351 378 450 1352 391 459 1377 392 459 1378 394 459 1379 392 460 1380 395 460 1381 394 460 1382 393 461 1383 396 461 1384 395 461 1385 405 468 1404 409 468 1405 408 468 1406 407 469 1407 410 469 1408 406 469 1409 405 470 1410 408 470 1411 407 470 1412 411 471 1413 415 471 1414 414 471 1415 412 472 1416 415 472 1417 411 472 1418 413 473 1419 414 473 1420 416 473 1421 427 479 1437 430 479 1438 426 479 1439 427 480 1440 431 480 1441 430 480 1442 440 484 1452 442 484 1453 439 484 1454 441 485 1455 443 485 1456 440 485 1457 441 486 1458 444 486 1459 443 486 1460 453 491 1473 457 491 1474 456 491 1475 455 492 1476 458 492 1477 454 492 1478 455 493 1479 456 493 1480 458 493 1481 469 500 1500 472 500 1501 468 500 1502 470 501 1503 471 501 1504 473 501 1505 483 512 1536 487 512 1537 486 512 1538 485 513 1539 486 513 1540 488 513 1541 483 514 1542 486 514 1543 485 514 1544 497 519 1557 499 519 1558 496 519 1559 497 520 1560 501 520 1561 500 520 1562 498 521 1563 499 521 1564 501 521 1565 511 527 1581 513 527 1582 510 527 1583 511 528 1584 515 528 1585 514 528 1586 510 529 1587 515 529 1588 512 529 1589 525 541 1623 529 541 1624 528 541 1625 526 542 1626 530 542 1627 529 542 1628 527 543 1629 530 543 1630 526 543 1631 405 550 1650 406 550 1651 409 550 1652 406 551 1653 410 551 1654 409 551 1655 407 552 1656 408 552 1657 410 552 1658 412 553 1659 416 553 1660 415 553 1661 412 554 1662 413 554 1663 416 554 1664 413 555 1665 411 555 1666 414 555 1667 426 563 1689 430 563 1690 429 563 1691 427 564 1692 428 564 1693 431 564 1694 428 565 1695 429 565 1696 431 565 1697 428 566 1698 426 566 1699 429 566 1700 440 572 1716 443 572 1717 442 572 1718 441 573 1719 439 573 1720 444 573 1721 439 574 1722 442 574 1723 444 574 1724 453 581 1743 454 581 1744 457 581 1745 454 582 1746 458 582 1747 457 582 1748 455 583 1749 453 583 1750 456 583 1751 468 590 1770 472 590 1771 471 590 1772 469 591 1773 470 591 1774 472 591 1775 470 592 1776 473 592 1777 472 592 1778 470 593 1779 468 593 1780 471 593 1781 483 596 1788 484 596 1789 487 596 1790 484 597 1791 488 597 1792 487 597 1793 484 598 1794 485 598 1795 488 598 1796 497 603 1809 500 603 1810 499 603 1811 497 604 1812 498 604 1813 501 604 1814 498 605 1815 496 605 1816 499 605 1817 511 611 1833 514 611 1834 513 611 1835 511 612 1836 512 612 1837 515 612 1838 510 613 1839 513 613 1840 515 613 1841 525 615 1845 526 615 1846 529 615 1847 527 616 1848 528 616 1849 530 616 1850 527 617 1851 525 617 1852 528 617 1853 540 624 1872 544 624 1873 543 624 1874 542 625 1875 545 625 1876 541 625 1877 540 626 1878 543 626 1879 542 626 1880 547 627 1881 551 627 1882 550 627 1883 548 628 1884 551 628 1885 547 628 1886 548 629 1887 549 629 1888 551 629 1889 560 637 1911 563 637 1912 565 637 1913 561 638 1914 563 638 1915 560 638 1916 560 639 1917 565 639 1918 562 639 1919 576 647 1941 579 647 1942 575 647 1943 577 648 1944 580 648 1945 576 648 1946 577 649 1947 578 649 1948 580 649 1949 590 654 1962 593 654 1963 592 654 1964 591 655 1965 594 655 1966 593 655 1967 589 656 1968 594 656 1969 591 656 1970 604 659 1977 608 659 1978 607 659 1979 605 660 1980 609 660 1981 608 660 1982 604 661 1983 609 661 1984 606 661 1985 620 668 2004 623 668 2005 619 668 2006 620 669 2007 621 669 2008 623 669 2009 634 677 2031 638 677 2032 637 677 2033 635 678 2034 638 678 2035 634 678 2036 633 679 2037 636 679 2038 635 679 2039 647 683 2049 650 683 2050 649 683 2051 648 684 2052 650 684 2053 647 684 2054 648 685 2055 649 685 2056 651 685 2057 662 690 2070 664 690 2071 661 690 2072 663 691 2073 665 691 2074 662 691 2075 663 692 2076 664 692 2077 666 692 2078 540 699 2097 541 699 2098 544 699 2099 541 700 2100 545 700 2101 544 700 2102 542 701 2103 543 701 2104 545 701 2105 546 702 2106 550 702 2107 549 702 2108 546 703 2109 547 703 2110 550 703 2111 548 704 2112 546 704 2113 549 704 2114 561 708 2124 564 708 2125 563 708 2126 561 709 2127 562 709 2128 564 709 2129 562 710 2130 565 710 2131 564 710 2132 575 716 2148 579 716 2149 578 716 2150 576 717 2151 580 717 2152 579 717 2153 577 718 2154 575 718 2155 578 718 2156 589 725 2175 590 725 2176 592 725 2177 590 726 2178 591 726 2179 593 726 2180 589 727 2181 592 727 2182 594 727 2183 604 738 2214 605 738 2215 608 738 2216 605 739 2217 606 739 2218 609 739 2219 604 740 2220 607 740 2221 609 740 2222 618 745 2235 622 745 2236 621 745 2237 618 746 2238 619 746 2239 622 746 2240 619 747 2241 623 747 2242 622 747 2243 620 748 2244 618 748 2245 621 748 2246 633 754 2262 637 754 2263 636 754 2264 633 755 2265 634 755 2266 637 755 2267 635 756 2268 636 756 2269 638 756 2270 646 762 2286 647 762 2287 649 762 2288 648 763 2289 651 763 2290 650 763 2291 648 764 2292 646 764 2293 649 764 2294 662 773 2319 665 773 2320 664 773 2321 663 774 2322 666 774 2323 665 774 2324 663 775 2325 661 775 2326 664 775 2327 675 780 2340 679 780 2341 678 780 2342 677 781 2343 680 781 2344 676 781 2345 675 782 2346 678 782 2347 677 782 2348 682 783 2349 684 783 2350 681 783 2351 683 784 2352 686 784 2353 685 784 2354 681 785 2355 686 785 2356 683 785 2357 681 786 2358 684 786 2359 686 786 2360 694 791 2373 698 791 2374 697 791 2375 696 792 2376 698 792 2377 695 792 2378 696 793 2379 697 793 2380 699 793 2381 712 803 2409 714 803 2410 711 803 2411 713 804 2412 716 804 2413 715 804 2414 711 805 2415 716 805 2416 713 805 2417 728 813 2439 730 813 2440 727 813 2441 728 814 2442 731 814 2443 730 814 2444 739 820 2460 743 820 2461 742 820 2462 740 821 2463 743 821 2464 739 821 2465 752 828 2484 756 828 2485 755 828 2486 753 829 2487 756 829 2488 752 829 2489 753 830 2490 757 830 2491 756 830 2492 767 836 2508 770 836 2509 766 836 2510 767 837 2511 771 837 2512 770 837 2513 766 838 2514 769 838 2515 768 838 2516 780 841 2523 784 841 2524 783 841 2525 781 842 2526 784 842 2527 780 842 2528 781 843 2529 785 843 2530 784 843 2531 782 844 2532 785 844 2533 781 844 2534 798 851 2553 800 851 2554 797 851 2555 796 852 2556 801 852 2557 798 852 2558 796 853 2559 799 853 2560 801 853 2561 675 858 2574 676 858 2575 679 858 2576 676 859 2577 680 859 2578 679 859 2579 677 860 2580 678 860 2581 680 860 2582 682 861 2583 685 861 2584 684 861 2585 682 862 2586 683 862 2587 685 862 2588 694 867 2601 695 867 2602 698 867 2603 696 868 2604 699 868 2605 698 868 2606 696 869 2607 694 869 2608 697 869 2609 712 877 2631 715 877 2632 714 877 2633 712 878 2634 713 878 2635 715 878 2636 711 879 2637 714 879 2638 716 879 2639 726 885 2655 727 885 2656 729 885 2657 727 886 2658 730 886 2659 729 886 2660 728 887 2661 726 887 2662 731 887 2663 726 888 2664 729 888 2665 731 888 2666 740 892 2676 744 892 2677 743 892 2678 740 893 2679 741 893 2680 744 893 2681 741 894 2682 742 894 2683 744 894 2684 741 895 2685 739 895 2686 742 895 2687 753 898 2694 754 898 2695 757 898 2696 754 899 2697 755 899 2698 757 899 2699 754 900 2700 752 900 2701 755 900 2702 766 906 2718 770 906 2719 769 906 2720 767 907 2721 768 907 2722 771 907 2723 768 908 2724 769 908 2725 771 908 2726 782 917 2751 783 917 2752 785 917 2753 782 918 2754 780 918 2755 783 918 2756 796 927 2781 797 927 2782 799 927 2783 797 928 2784 800 928 2785 799 928 2786 798 929 2787 801 929 2788 800 929 2789 810 936 2808 814 936 2809 813 936 2810 812 937 2811 815 937 2812 811 937 2813 810 938 2814 813 938 2815 812 938 2816 817 939 2817 819 939 2818 816 939 2819 817 940 2820 821 940 2821 820 940 2822 818 941 2823 821 941 2824 817 941 2825 818 942 2826 819 942 2827 821 942 2828 831 950 2850 833 950 2851 830 950 2852 832 951 2853 834 951 2854 831 951 2855 832 952 2856 835 952 2857 834 952 2858 845 959 2877 848 959 2878 847 959 2879 845 960 2880 849 960 2881 848 960 2882 847 961 2883 848 961 2884 850 961 2885 862 969 2907 864 969 2908 861 969 2909 862 970 2910 866 970 2911 865 970 2912 861 971 2913 866 971 2914 863 971 2915 878 978 2934 880 978 2935 877 978 2936 877 979 2937 882 979 2938 879 979 2939 877 980 2940 880 980 2941 882 980 2942 892 988 2964 896 988 2965 895 988 2966 893 989 2967 896 989 2968 892 989 2969 893 990 2970 897 990 2971 896 990 2972 907 1000 3000 909 1000 3001 906 1000 3002 907 1001 3003 911 1001 3004 910 1001 3005 906 1002 3006 911 1002 3007 908 1002 3008 916 1005 3015 920 1005 3016 919 1005 3017 918 1006 3018 921 1006 3019 917 1006 3020 916 1007 3021 919 1007 3022 918 1007 3023 932 1016 3048 934 1016 3049 931 1016 3050 933 1017 3051 935 1017 3052 932 1017 3053 933 1018 3054 934 1018 3055 936 1018 3056 810 1025 3075 811 1025 3076 814 1025 3077 811 1026 3078 815 1026 3079 814 1026 3080 812 1027 3081 813 1027 3082 815 1027 3083 817 1028 3084 820 1028 3085 819 1028 3086 818 1029 3087 816 1029 3088 819 1029 3089 831 1033 3099 834 1033 3100 833 1033 3101 832 1034 3102 830 1034 3103 835 1034 3104 830 1035 3105 833 1035 3106 835 1035 3107 845 1042 3126 846 1042 3127 849 1042 3128 846 1043 3129 850 1043 3130 849 1043 3131 846 1044 3132 847 1044 3133 850 1044 3134 862 1052 3156 865 1052 3157 864 1052 3158 862 1053 3159 863 1053 3160 866 1053 3161 861 1054 3162 864 1054 3163 866 1054 3164 878 1063 3189 881 1063 3190 880 1063 3191 878 1064 3192 879 1064 3193 881 1064 3194 879 1065 3195 882 1065 3196 881 1065 3197 893 1071 3213 894 1071 3214 897 1071 3215 894 1072 3216 895 1072 3217 897 1072 3218 894 1073 3219 892 1073 3220 895 1073 3221 907 1075 3225 910 1075 3226 909 1075 3227 907 1076 3228 908 1076 3229 911 1076 3230 906 1077 3231 909 1077 3232 911 1077 3233 916 1078 3234 917 1078 3235 920 1078 3236 917 1079 3237 921 1079 3238 920 1079 3239 918 1080 3240 919 1080 3241 921 1080 3242 932 1085 3255 935 1085 3256 934 1085 3257 933 1086 3258 936 1086 3259 935 1086 3260 933 1087 3261 931 1087 3262 934 1087 3263 945 1092 3276 949 1092 3277 948 1092 3278 947 1093 3279 950 1093 3280 946 1093 3281 945 1094 3282 948 1094 3283 947 1094 3284 951 1095 3285 955 1095 3286 954 1095 3287 953 1096 3288 955 1096 3289 952 1096 3290 953 1097 3291 954 1097 3292 956 1097 3293 967 1104 3312 969 1104 3313 966 1104 3314 967 1105 3315 970 1105 3316 969 1105 3317 968 1106 3318 971 1106 3319 967 1106 3320 968 1107 3321 969 1107 3322 971 1107 3323 981 1117 3351 983 1117 3352 980 1117 3353 981 1118 3354 985 1118 3355 984 1118 3356 982 1119 3357 985 1119 3358 981 1119 3359 982 1120 3360 983 1120 3361 985 1120 3362 998 1132 3396 1002 1132 3397 1001 1132 3398 999 1133 3399 1002 1133 3400 998 1133 3401 1011 1139 3417 1014 1139 3418 1010 1139 3419 1011 1140 3420 1015 1140 3421 1014 1140 3422 1010 1141 3423 1013 1141 3424 1012 1141 3425 1026 1149 3447 1029 1149 3448 1025 1149 3449 1026 1150 3450 1030 1150 3451 1029 1150 3452 1025 1151 3453 1030 1151 3454 1027 1151 3455 1041 1159 3477 1044 1159 3478 1043 1159 3479 1042 1160 3480 1044 1160 3481 1041 1160 3482 1054 1166 3498 1056 1166 3499 1053 1166 3500 1055 1167 3501 1057 1167 3502 1054 1167 3503 1053 1168 3504 1058 1168 3505 1055 1168 3506 1068 1176 3528 1071 1176 3529 1067 1176 3530 1068 1177 3531 1072 1177 3532 1071 1177 3533 1069 1178 3534 1072 1178 3535 1068 1178 3536 1069 1179 3537 1070 1179 3538 1072 1179 3539 945 1183 3549 946 1183 3550 949 1183 3551 946 1184 3552 950 1184 3553 949 1184 3554 947 1185 3555 948 1185 3556 950 1185 3557 951 1186 3558 952 1186 3559 955 1186 3560 953 1187 3561 956 1187 3562 955 1187 3563 953 1188 3564 951 1188 3565 954 1188 3566 967 1195 3585 971 1195 3586 970 1195 3587 968 1196 3588 966 1196 3589 969 1196 3590 981 1198 3594 984 1198 3595 983 1198 3596 982 1199 3597 980 1199 3598 983 1199 3599 997 1205 3615 1001 1205 3616 1000 1205 3617 997 1206 3618 998 1206 3619 1001 1206 3620 999 1207 3621 1000 1207 3622 1002 1207 3623 999 1208 3624 997 1208 3625 1000 1208 3626 1010 1212 3636 1014 1212 3637 1013 1212 3638 1011 1213 3639 1012 1213 3640 1015 1213 3641 1012 1214 3642 1013 1214 3643 1015 1214 3644 1025 1220 3660 1029 1220 3661 1028 1220 3662 1026 1221 3663 1027 1221 3664 1030 1221 3665 1025 1222 3666 1028 1222 3667 1030 1222 3668 1040 1228 3684 1041 1228 3685 1043 1228 3686 1042 1229 3687 1045 1229 3688 1044 1229 3689 1042 1230 3690 1040 1230 3691 1045 1230 3692 1040 1231 3693 1043 1231 3694 1045 1231 3695 1054 1235 3705 1057 1235 3706 1056 1235 3707 1055 1236 3708 1058 1236 3709 1057 1236 3710 1053 1237 3711 1056 1237 3712 1058 1237 3713 1067 1241 3723 1071 1241 3724 1070 1241 3725 1069 1242 3726 1067 1242 3727 1070 1242 3728 1080 1248 3744 1084 1248 3745 1083 1248 3746 1082 1249 3747 1085 1249 3748 1081 1249 3749 1080 1250 3750 1083 1250 3751 1082 1250 3752 1087 1251 3753 1089 1251 3754 1086 1251 3755 1087 1252 3756 1091 1252 3757 1090 1252 3758 1088 1253 3759 1091 1253 3760 1087 1253 3761 1088 1254 3762 1089 1254 3763 1091 1254 3764 1101 1262 3786 1103 1262 3787 1100 1262 3788 1102 1263 3789 1104 1263 3790 1101 1263 3791 1102 1264 3792 1105 1264 3793 1104 1264 3794 1115 1271 3813 1118 1271 3814 1117 1271 3815 1115 1272 3816 1119 1272 3817 1118 1272 3818 1117 1273 3819 1118 1273 3820 1120 1273 3821 1132 1281 3843 1134 1281 3844 1131 1281 3845 1132 1282 3846 1136 1282 3847 1135 1282 3848 1131 1283 3849 1136 1283 3850 1133 1283 3851 1148 1290 3870 1150 1290 3871 1147 1290 3872 1147 1291 3873 1152 1291 3874 1149 1291 3875 1147 1292 3876 1150 1292 3877 1152 1292 3878 1162 1300 3900 1166 1300 3901 1165 1300 3902 1163 1301 3903 1166 1301 3904 1162 1301 3905 1163 1302 3906 1167 1302 3907 1166 1302 3908 1177 1312 3936 1179 1312 3937 1176 1312 3938 1177 1313 3939 1181 1313 3940 1180 1313 3941 1176 1314 3942 1181 1314 3943 1178 1314 3944 1186 1317 3951 1190 1317 3952 1189 1317 3953 1188 1318 3954 1191 1318 3955 1187 1318 3956 1186 1319 3957 1189 1319 3958 1188 1319 3959 1202 1328 3984 1204 1328 3985 1201 1328 3986 1203 1329 3987 1205 1329 3988 1202 1329 3989 1203 1330 3990 1204 1330 3991 1206 1330 3992 1080 1337 4011 1081 1337 4012 1084 1337 4013 1081 1338 4014 1085 1338 4015 1084 1338 4016 1082 1339 4017 1083 1339 4018 1085 1339 4019 1087 1340 4020 1090 1340 4021 1089 1340 4022 1088 1341 4023 1086 1341 4024 1089 1341 4025 1101 1345 4035 1104 1345 4036 1103 1345 4037 1102 1346 4038 1100 1346 4039 1105 1346 4040 1100 1347 4041 1103 1347 4042 1105 1347 4043 1115 1354 4062 1116 1354 4063 1119 1354 4064 1116 1355 4065 1120 1355 4066 1119 1355 4067 1116 1356 4068 1117 1356 4069 1120 1356 4070 1132 1364 4092 1135 1364 4093 1134 1364 4094 1132 1365 4095 1133 1365 4096 1136 1365 4097 1131 1366 4098 1134 1366 4099 1136 1366 4100 1148 1375 4125 1151 1375 4126 1150 1375 4127 1148 1376 4128 1149 1376 4129 1151 1376 4130 1149 1377 4131 1152 1377 4132 1151 1377 4133 1163 1383 4149 1164 1383 4150 1167 1383 4151 1164 1384 4152 1165 1384 4153 1167 1384 4154 1164 1385 4155 1162 1385 4156 1165 1385 4157 1177 1387 4161 1180 1387 4162 1179 1387 4163 1177 1388 4164 1178 1388 4165 1181 1388 4166 1176 1389 4167 1179 1389 4168 1181 1389 4169 1186 1390 4170 1187 1390 4171 1190 1390 4172 1187 1391 4173 1191 1391 4174 1190 1391 4175 1188 1392 4176 1189 1392 4177 1191 1392 4178 1202 1397 4191 1205 1397 4192 1204 1397 4193 1203 1398 4194 1206 1398 4195 1205 1398 4196 1203 1399 4197 1201 1399 4198 1204 1399 4199 1215 1404 4212 1219 1404 4213 1218 1404 4214 1217 1405 4215 1220 1405 4216 1216 1405 4217 1215 1406 4218 1218 1406 4219 1217 1406 4220 1221 1407 4221 1225 1407 4222 1224 1407 4223 1223 1408 4224 1225 1408 4225 1222 1408 4226 1223 1409 4227 1224 1409 4228 1226 1409 4229 1237 1416 4248 1239 1416 4249 1236 1416 4250 1237 1417 4251 1240 1417 4252 1239 1417 4253 1238 1418 4254 1241 1418 4255 1237 1418 4256 1238 1419 4257 1239 1419 4258 1241 1419 4259 1251 1429 4287 1253 1429 4288 1250 1429 4289 1251 1430 4290 1255 1430 4291 1254 1430 4292 1252 1431 4293 1255 1431 4294 1251 1431 4295 1252 1432 4296 1253 1432 4297 1255 1432 4298 1268 1444 4332 1272 1444 4333 1271 1444 4334 1269 1445 4335 1272 1445 4336 1268 1445 4337 1281 1451 4353 1284 1451 4354 1280 1451 4355 1281 1452 4356 1285 1452 4357 1284 1452 4358 1280 1453 4359 1283 1453 4360 1282 1453 4361 1296 1461 4383 1299 1461 4384 1295 1461 4385 1296 1462 4386 1300 1462 4387 1299 1462 4388 1295 1463 4389 1300 1463 4390 1297 1463 4391 1311 1471 4413 1314 1471 4414 1313 1471 4415 1312 1472 4416 1314 1472 4417 1311 1472 4418 1324 1478 4434 1326 1478 4435 1323 1478 4436 1325 1479 4437 1327 1479 4438 1324 1479 4439 1323 1480 4440 1328 1480 4441 1325 1480 4442 1338 1488 4464 1341 1488 4465 1337 1488 4466 1338 1489 4467 1342 1489 4468 1341 1489 4469 1339 1490 4470 1342 1490 4471 1338 1490 4472 1339 1491 4473 1340 1491 4474 1342 1491 4475 1215 1495 4485 1216 1495 4486 1219 1495 4487 1216 1496 4488 1220 1496 4489 1219 1496 4490 1217 1497 4491 1218 1497 4492 1220 1497 4493 1221 1498 4494 1222 1498 4495 1225 1498 4496 1223 1499 4497 1226 1499 4498 1225 1499 4499 1223 1500 4500 1221 1500 4501 1224 1500 4502 1237 1507 4521 1241 1507 4522 1240 1507 4523 1238 1508 4524 1236 1508 4525 1239 1508 4526 1251 1510 4530 1254 1510 4531 1253 1510 4532 1252 1511 4533 1250 1511 4534 1253 1511 4535 1267 1517 4551 1271 1517 4552 1270 1517 4553 1267 1518 4554 1268 1518 4555 1271 1518 4556 1269 1519 4557 1270 1519 4558 1272 1519 4559 1269 1520 4560 1267 1520 4561 1270 1520 4562 1280 1524 4572 1284 1524 4573 1283 1524 4574 1281 1525 4575 1282 1525 4576 1285 1525 4577 1282 1526 4578 1283 1526 4579 1285 1526 4580 1295 1532 4596 1299 1532 4597 1298 1532 4598 1296 1533 4599 1297 1533 4600 1300 1533 4601 1295 1534 4602 1298 1534 4603 1300 1534 4604 1310 1540 4620 1311 1540 4621 1313 1540 4622 1312 1541 4623 1315 1541 4624 1314 1541 4625 1312 1542 4626 1310 1542 4627 1315 1542 4628 1310 1543 4629 1313 1543 4630 1315 1543 4631 1324 1547 4641 1327 1547 4642 1326 1547 4643 1325 1548 4644 1328 1548 4645 1327 1548 4646 1323 1549 4647 1326 1549 4648 1328 1549 4649 1337 1553 4659 1341 1553 4660 1340 1553 4661 1339 1554 4662 1337 1554 4663 1340 1554 4664 1350 1560 4680 1354 1560 4681 1353 1560 4682 1352 1561 4683 1355 1561 4684 1351 1561 4685 1350 1562 4686 1353 1562 4687 1352 1562 4688 1357 1563 4689 1359 1563 4690 1356 1563 4691 1357 1564 4692 1361 1564 4693 1360 1564 4694 1358 1565 4695 1361 1565 4696 1357 1565 4697 1358 1566 4698 1359 1566 4699 1361 1566 4700 1371 1574 4722 1373 1574 4723 1370 1574 4724 1372 1575 4725 1374 1575 4726 1371 1575 4727 1372 1576 4728 1375 1576 4729 1374 1576 4730 1385 1583 4749 1388 1583 4750 1387 1583 4751 1385 1584 4752 1389 1584 4753 1388 1584 4754 1387 1585 4755 1388 1585 4756 1390 1585 4757 1402 1593 4779 1404 1593 4780 1401 1593 4781 1402 1594 4782 1406 1594 4783 1405 1594 4784 1401 1595 4785 1406 1595 4786 1403 1595 4787 1418 1602 4806 1420 1602 4807 1417 1602 4808 1417 1603 4809 1422 1603 4810 1419 1603 4811 1417 1604 4812 1420 1604 4813 1422 1604 4814 1432 1612 4836 1436 1612 4837 1435 1612 4838 1433 1613 4839 1436 1613 4840 1432 1613 4841 1433 1614 4842 1437 1614 4843 1436 1614 4844 1447 1624 4872 1449 1624 4873 1446 1624 4874 1447 1625 4875 1451 1625 4876 1450 1625 4877 1446 1626 4878 1451 1626 4879 1448 1626 4880 1456 1629 4887 1460 1629 4888 1459 1629 4889 1458 1630 4890 1461 1630 4891 1457 1630 4892 1456 1631 4893 1459 1631 4894 1458 1631 4895 1472 1640 4920 1474 1640 4921 1471 1640 4922 1473 1641 4923 1475 1641 4924 1472 1641 4925 1473 1642 4926 1474 1642 4927 1476 1642 4928 1350 1649 4947 1351 1649 4948 1354 1649 4949 1351 1650 4950 1355 1650 4951 1354 1650 4952 1352 1651 4953 1353 1651 4954 1355 1651 4955 1357 1652 4956 1360 1652 4957 1359 1652 4958 1358 1653 4959 1356 1653 4960 1359 1653 4961 1371 1657 4971 1374 1657 4972 1373 1657 4973 1372 1658 4974 1370 1658 4975 1375 1658 4976 1370 1659 4977 1373 1659 4978 1375 1659 4979 1385 1666 4998 1386 1666 4999 1389 1666 5000 1386 1667 5001 1390 1667 5002 1389 1667 5003 1386 1668 5004 1387 1668 5005 1390 1668 5006 1402 1676 5028 1405 1676 5029 1404 1676 5030 1402 1677 5031 1403 1677 5032 1406 1677 5033 1401 1678 5034 1404 1678 5035 1406 1678 5036 1418 1687 5061 1421 1687 5062 1420 1687 5063 1418 1688 5064 1419 1688 5065 1421 1688 5066 1419 1689 5067 1422 1689 5068 1421 1689 5069 1433 1695 5085 1434 1695 5086 1437 1695 5087 1434 1696 5088 1435 1696 5089 1437 1696 5090 1434 1697 5091 1432 1697 5092 1435 1697 5093 1447 1699 5097 1450 1699 5098 1449 1699 5099 1447 1700 5100 1448 1700 5101 1451 1700 5102 1446 1701 5103 1449 1701 5104 1451 1701 5105 1456 1702 5106 1457 1702 5107 1460 1702 5108 1457 1703 5109 1461 1703 5110 1460 1703 5111 1458 1704 5112 1459 1704 5113 1461 1704 5114 1472 1709 5127 1475 1709 5128 1474 1709 5129 1473 1710 5130 1476 1710 5131 1475 1710 5132 1473 1711 5133 1471 1711 5134 1474 1711 5135 1485 1716 5148 1489 1716 5149 1488 1716 5150 1487 1717 5151 1490 1717 5152 1486 1717 5153 1485 1718 5154 1488 1718 5155 1487 1718 5156 1491 1719 5157 1495 1719 5158 1494 1719 5159 1492 1720 5160 1495 1720 5161 1491 1720 5162 1493 1721 5163 1494 1721 5164 1496 1721 5165 1507 1727 5181 1510 1727 5182 1506 1727 5183 1507 1728 5184 1511 1728 5185 1510 1728 5186 1520 1732 5196 1522 1732 5197 1519 1732 5198 1521 1733 5199 1523 1733 5200 1520 1733 5201 1521 1734 5202 1524 1734 5203 1523 1734 5204 1533 1739 5217 1537 1739 5218 1536 1739 5219 1535 1740 5220 1538 1740 5221 1534 1740 5222 1535 1741 5223 1536 1741 5224 1538 1741 5225 1549 1748 5244 1552 1748 5245 1548 1748 5246 1550 1749 5247 1551 1749 5248 1553 1749 5249 1563 1760 5280 1567 1760 5281 1566 1760 5282 1565 1761 5283 1566 1761 5284 1568 1761 5285 1563 1762 5286 1566 1762 5287 1565 1762 5288 1577 1767 5301 1579 1767 5302 1576 1767 5303 1577 1768 5304 1581 1768 5305 1580 1768 5306 1578 1769 5307 1579 1769 5308 1581 1769 5309 1591 1775 5325 1593 1775 5326 1590 1775 5327 1591 1776 5328 1595 1776 5329 1594 1776 5330 1590 1777 5331 1595 1777 5332 1592 1777 5333 1605 1789 5367 1609 1789 5368 1608 1789 5369 1606 1790 5370 1610 1790 5371 1609 1790 5372 1607 1791 5373 1610 1791 5374 1606 1791 5375 1485 1798 5394 1486 1798 5395 1489 1798 5396 1486 1799 5397 1490 1799 5398 1489 1799 5399 1487 1800 5400 1488 1800 5401 1490 1800 5402 1492 1801 5403 1496 1801 5404 1495 1801 5405 1492 1802 5406 1493 1802 5407 1496 1802 5408 1493 1803 5409 1491 1803 5410 1494 1803 5411 1506 1811 5433 1510 1811 5434 1509 1811 5435 1507 1812 5436 1508 1812 5437 1511 1812 5438 1508 1813 5439 1509 1813 5440 1511 1813 5441 1508 1814 5442 1506 1814 5443 1509 1814 5444 1520 1820 5460 1523 1820 5461 1522 1820 5462 1521 1821 5463 1519 1821 5464 1524 1821 5465 1519 1822 5466 1522 1822 5467 1524 1822 5468 1533 1829 5487 1534 1829 5488 1537 1829 5489 1534 1830 5490 1538 1830 5491 1537 1830 5492 1535 1831 5493 1533 1831 5494 1536 1831 5495 1548 1838 5514 1552 1838 5515 1551 1838 5516 1549 1839 5517 1550 1839 5518 1552 1839 5519 1550 1840 5520 1553 1840 5521 1552 1840 5522 1550 1841 5523 1548 1841 5524 1551 1841 5525 1563 1844 5532 1564 1844 5533 1567 1844 5534 1564 1845 5535 1568 1845 5536 1567 1845 5537 1564 1846 5538 1565 1846 5539 1568 1846 5540 1577 1851 5553 1580 1851 5554 1579 1851 5555 1577 1852 5556 1578 1852 5557 1581 1852 5558 1578 1853 5559 1576 1853 5560 1579 1853 5561 1591 1859 5577 1594 1859 5578 1593 1859 5579 1591 1860 5580 1592 1860 5581 1595 1860 5582 1590 1861 5583 1593 1861 5584 1595 1861 5585 1605 1863 5589 1606 1863 5590 1609 1863 5591 1607 1864 5592 1608 1864 5593 1610 1864 5594 1607 1865 5595 1605 1865 5596 1608 1865 5597 1620 1872 5616 1624 1872 5617 1623 1872 5618 1622 1873 5619 1625 1873 5620 1621 1873 5621 1620 1874 5622 1623 1874 5623 1622 1874 5624 1627 1875 5625 1629 1875 5626 1626 1875 5627 1628 1876 5628 1631 1876 5629 1630 1876 5630 1626 1877 5631 1631 1877 5632 1628 1877 5633 1626 1878 5634 1629 1878 5635 1631 1878 5636 1639 1883 5649 1643 1883 5650 1642 1883 5651 1641 1884 5652 1643 1884 5653 1640 1884 5654 1641 1885 5655 1642 1885 5656 1644 1885 5657 1657 1895 5685 1659 1895 5686 1656 1895 5687 1658 1896 5688 1661 1896 5689 1660 1896 5690 1656 1897 5691 1661 1897 5692 1658 1897 5693 1673 1905 5715 1675 1905 5716 1672 1905 5717 1673 1906 5718 1676 1906 5719 1675 1906 5720 1684 1912 5736 1688 1912 5737 1687 1912 5738 1685 1913 5739 1688 1913 5740 1684 1913 5741 1697 1920 5760 1701 1920 5761 1700 1920 5762 1698 1921 5763 1701 1921 5764 1697 1921 5765 1698 1922 5766 1702 1922 5767 1701 1922 5768 1712 1928 5784 1715 1928 5785 1711 1928 5786 1712 1929 5787 1716 1929 5788 1715 1929 5789 1711 1930 5790 1714 1930 5791 1713 1930 5792 1725 1933 5799 1729 1933 5800 1728 1933 5801 1726 1934 5802 1729 1934 5803 1725 1934 5804 1726 1935 5805 1730 1935 5806 1729 1935 5807 1727 1936 5808 1730 1936 5809 1726 1936 5810 1743 1943 5829 1745 1943 5830 1742 1943 5831 1741 1944 5832 1746 1944 5833 1743 1944 5834 1741 1945 5835 1744 1945 5836 1746 1945 5837 1620 1950 5850 1621 1950 5851 1624 1950 5852 1621 1951 5853 1625 1951 5854 1624 1951 5855 1622 1952 5856 1623 1952 5857 1625 1952 5858 1627 1953 5859 1630 1953 5860 1629 1953 5861 1627 1954 5862 1628 1954 5863 1630 1954 5864 1639 1959 5877 1640 1959 5878 1643 1959 5879 1641 1960 5880 1644 1960 5881 1643 1960 5882 1641 1961 5883 1639 1961 5884 1642 1961 5885 1657 1969 5907 1660 1969 5908 1659 1969 5909 1657 1970 5910 1658 1970 5911 1660 1970 5912 1656 1971 5913 1659 1971 5914 1661 1971 5915 1671 1977 5931 1672 1977 5932 1674 1977 5933 1672 1978 5934 1675 1978 5935 1674 1978 5936 1673 1979 5937 1671 1979 5938 1676 1979 5939 1671 1980 5940 1674 1980 5941 1676 1980 5942 1685 1984 5952 1689 1984 5953 1688 1984 5954 1685 1985 5955 1686 1985 5956 1689 1985 5957 1686 1986 5958 1687 1986 5959 1689 1986 5960 1686 1987 5961 1684 1987 5962 1687 1987 5963 1698 1990 5970 1699 1990 5971 1702 1990 5972 1699 1991 5973 1700 1991 5974 1702 1991 5975 1699 1992 5976 1697 1992 5977 1700 1992 5978 1711 1998 5994 1715 1998 5995 1714 1998 5996 1712 1999 5997 1713 1999 5998 1716 1999 5999 1713 2000 6000 1714 2000 6001 1716 2000 6002 1727 2009 6027 1728 2009 6028 1730 2009 6029 1727 2010 6030 1725 2010 6031 1728 2010 6032 1741 2019 6057 1742 2019 6058 1744 2019 6059 1742 2020 6060 1745 2020 6061 1744 2020 6062 1743 2021 6063 1746 2021 6064 1745 2021 6065 1755 2028 6084 1759 2028 6085 1758 2028 6086 1757 2029 6087 1760 2029 6088 1756 2029 6089 1755 2030 6090 1758 2030 6091 1757 2030 6092 1762 2031 6093 1764 2031 6094 1761 2031 6095 1763 2032 6096 1766 2032 6097 1765 2032 6098 1761 2033 6099 1766 2033 6100 1763 2033 6101 1761 2034 6102 1764 2034 6103 1766 2034 6104 1774 2039 6117 1778 2039 6118 1777 2039 6119 1776 2040 6120 1778 2040 6121 1775 2040 6122 1776 2041 6123 1777 2041 6124 1779 2041 6125 1792 2051 6153 1794 2051 6154 1791 2051 6155 1793 2052 6156 1796 2052 6157 1795 2052 6158 1791 2053 6159 1796 2053 6160 1793 2053 6161 1808 2061 6183 1810 2061 6184 1807 2061 6185 1808 2062 6186 1811 2062 6187 1810 2062 6188 1819 2068 6204 1823 2068 6205 1822 2068 6206 1820 2069 6207 1823 2069 6208 1819 2069 6209 1832 2076 6228 1836 2076 6229 1835 2076 6230 1833 2077 6231 1836 2077 6232 1832 2077 6233 1833 2078 6234 1837 2078 6235 1836 2078 6236 1847 2084 6252 1850 2084 6253 1846 2084 6254 1847 2085 6255 1851 2085 6256 1850 2085 6257 1846 2086 6258 1849 2086 6259 1848 2086 6260 1860 2089 6267 1864 2089 6268 1863 2089 6269 1861 2090 6270 1864 2090 6271 1860 2090 6272 1861 2091 6273 1865 2091 6274 1864 2091 6275 1862 2092 6276 1865 2092 6277 1861 2092 6278 1878 2099 6297 1880 2099 6298 1877 2099 6299 1876 2100 6300 1881 2100 6301 1878 2100 6302 1876 2101 6303 1879 2101 6304 1881 2101 6305 1755 2106 6318 1756 2106 6319 1759 2106 6320 1756 2107 6321 1760 2107 6322 1759 2107 6323 1757 2108 6324 1758 2108 6325 1760 2108 6326 1762 2109 6327 1765 2109 6328 1764 2109 6329 1762 2110 6330 1763 2110 6331 1765 2110 6332 1774 2115 6345 1775 2115 6346 1778 2115 6347 1776 2116 6348 1779 2116 6349 1778 2116 6350 1776 2117 6351 1774 2117 6352 1777 2117 6353 1792 2125 6375 1795 2125 6376 1794 2125 6377 1792 2126 6378 1793 2126 6379 1795 2126 6380 1791 2127 6381 1794 2127 6382 1796 2127 6383 1806 2133 6399 1807 2133 6400 1809 2133 6401 1807 2134 6402 1810 2134 6403 1809 2134 6404 1808 2135 6405 1806 2135 6406 1811 2135 6407 1806 2136 6408 1809 2136 6409 1811 2136 6410 1820 2140 6420 1824 2140 6421 1823 2140 6422 1820 2141 6423 1821 2141 6424 1824 2141 6425 1821 2142 6426 1822 2142 6427 1824 2142 6428 1821 2143 6429 1819 2143 6430 1822 2143 6431 1833 2146 6438 1834 2146 6439 1837 2146 6440 1834 2147 6441 1835 2147 6442 1837 2147 6443 1834 2148 6444 1832 2148 6445 1835 2148 6446 1846 2154 6462 1850 2154 6463 1849 2154 6464 1847 2155 6465 1848 2155 6466 1851 2155 6467 1848 2156 6468 1849 2156 6469 1851 2156 6470 1862 2165 6495 1863 2165 6496 1865 2165 6497 1862 2166 6498 1860 2166 6499 1863 2166 6500 1876 2175 6525 1877 2175 6526 1879 2175 6527 1877 2176 6528 1880 2176 6529 1879 2176 6530 1878 2177 6531 1881 2177 6532 1880 2177 6533 1890 2184 6552 1894 2184 6553 1893 2184 6554 1892 2185 6555 1895 2185 6556 1891 2185 6557 1890 2186 6558 1893 2186 6559 1892 2186 6560 1896 2187 6561 1900 2187 6562 1899 2187 6563 1898 2188 6564 1901 2188 6565 1897 2188 6566 1898 2189 6567 1899 2189 6568 1901 2189 6569 1896 2190 6570 1899 2190 6571 1898 2190 6572 1910 2195 6585 1912 2195 6586 1909 2195 6587 1911 2196 6588 1914 2196 6589 1913 2196 6590 1909 2197 6591 1912 2197 6592 1911 2197 6593 1924 2203 6609 1927 2203 6610 1923 2203 6611 1925 2204 6612 1928 2204 6613 1924 2204 6614 1925 2205 6615 1926 2205 6616 1928 2205 6617 1940 2212 6636 1942 2212 6637 1939 2212 6638 1938 2213 6639 1941 2213 6640 1943 2213 6641 1954 2220 6660 1956 2220 6661 1953 2220 6662 1954 2221 6663 1957 2221 6664 1956 2221 6665 1953 2222 6666 1958 2222 6667 1955 2222 6668 1967 2231 6693 1971 2231 6694 1970 2231 6695 1969 2232 6696 1972 2232 6697 1968 2232 6698 1967 2233 6699 1970 2233 6700 1969 2233 6701 1982 2239 6717 1984 2239 6718 1981 2239 6719 1982 2240 6720 1986 2240 6721 1985 2240 6722 1981 2241 6723 1986 2241 6724 1983 2241 6725 1997 2248 6744 2000 2248 6745 1999 2248 6746 1998 2249 6747 2000 2249 6748 1997 2249 6749 1998 2250 6750 2001 2250 6751 2000 2250 6752 2011 2254 6762 2014 2254 6763 2013 2254 6764 2012 2255 6765 2014 2255 6766 2011 2255 6767 1890 2266 6798 1891 2266 6799 1894 2266 6800 1891 2267 6801 1895 2267 6802 1894 2267 6803 1892 2268 6804 1893 2268 6805 1895 2268 6806 1896 2269 6807 1897 2269 6808 1900 2269 6809 1897 2270 6810 1901 2270 6811 1900 2270 6812 1910 2275 6825 1913 2275 6826 1912 2275 6827 1910 2276 6828 1911 2276 6829 1913 2276 6830 1911 2277 6831 1912 2277 6832 1914 2277 6833 1923 2283 6849 1927 2283 6850 1926 2283 6851 1924 2284 6852 1928 2284 6853 1927 2284 6854 1925 2285 6855 1923 2285 6856 1926 2285 6857 1938 2292 6876 1942 2292 6877 1941 2292 6878 1938 2293 6879 1939 2293 6880 1942 2293 6881 1940 2294 6882 1943 2294 6883 1942 2294 6884 1940 2295 6885 1938 2295 6886 1943 2295 6887 1954 2302 6906 1955 2302 6907 1957 2302 6908 1955 2303 6909 1958 2303 6910 1957 2303 6911 1953 2304 6912 1956 2304 6913 1958 2304 6914 1967 2307 6921 1968 2307 6922 1971 2307 6923 1968 2308 6924 1972 2308 6925 1971 2308 6926 1969 2309 6927 1970 2309 6928 1972 2309 6929 1982 2315 6945 1985 2315 6946 1984 2315 6947 1982 2316 6948 1983 2316 6949 1986 2316 6950 1981 2317 6951 1984 2317 6952 1986 2317 6953 1996 2324 6972 1997 2324 6973 1999 2324 6974 1998 2325 6975 1996 2325 6976 2001 2325 6977 1996 2326 6978 1999 2326 6979 2001 2326 6980 2010 2334 7002 2011 2334 7003 2013 2334 7004 2012 2335 7005 2015 2335 7006 2014 2335 7007 2012 2336 7008 2010 2336 7009 2015 2336 7010 2010 2337 7011 2013 2337 7012 2015 2337 7013 2025 2340 7020 2029 2340 7021 2028 2340 7022 2027 2341 7023 2030 2341 7024 2026 2341 7025 2025 2342 7026 2028 2342 7027 2027 2342 7028 2031 2343 7029 2035 2343 7030 2034 2343 7031 2033 2344 7032 2035 2344 7033 2032 2344 7034 2031 2345 7035 2036 2345 7036 2033 2345 7037 2045 2351 7053 2049 2351 7054 2048 2351 7055 2047 2352 7056 2050 2352 7057 2046 2352 7058 2047 2353 7059 2048 2353 7060 2050 2353 7061 2045 2354 7062 2048 2354 7063 2047 2354 7064 2059 2358 7074 2061 2358 7075 2058 2358 7076 2059 2359 7077 2063 2359 7078 2062 2359 7079 2060 2360 7080 2061 2360 7081 2063 2360 7082 2074 2366 7098 2078 2366 7099 2077 2366 7100 2075 2367 7101 2078 2367 7102 2074 2367 7103 2090 2377 7131 2094 2377 7132 2093 2377 7133 2091 2378 7134 2094 2378 7135 2090 2378 7136 2092 2379 7137 2093 2379 7138 2095 2379 7139 2105 2385 7155 2107 2385 7156 2104 2385 7157 2106 2386 7158 2108 2386 7159 2105 2386 7160 2106 2387 7161 2109 2387 7162 2108 2387 7163 2104 2388 7164 2107 2388 7165 2109 2388 7166 2117 2397 7191 2121 2397 7192 2120 2397 7193 2118 2398 7194 2121 2398 7195 2117 2398 7196 2131 2407 7221 2134 2407 7222 2133 2407 7223 2132 2408 7224 2135 2408 7225 2134 2408 7226 2133 2409 7227 2136 2409 7228 2135 2409 7229 2146 2414 7242 2150 2414 7243 2149 2414 7244 2147 2415 7245 2151 2415 7246 2150 2415 7247 2148 2416 7248 2151 2416 7249 2147 2416 7250 2146 2417 7251 2149 2417 7252 2148 2417 7253 2025 2422 7266 2026 2422 7267 2029 2422 7268 2026 2423 7269 2030 2423 7270 2029 2423 7271 2027 2424 7272 2028 2424 7273 2030 2424 7274 2031 2425 7275 2032 2425 7276 2035 2425 7277 2033 2426 7278 2036 2426 7279 2035 2426 7280 2031 2427 7281 2034 2427 7282 2036 2427 7283 2045 2433 7299 2046 2433 7300 2049 2433 7301 2046 2434 7302 2050 2434 7303 2049 2434 7304 2059 2440 7320 2062 2440 7321 2061 2440 7322 2059 2441 7323 2060 2441 7324 2063 2441 7325 2060 2442 7326 2058 2442 7327 2061 2442 7328 2075 2452 7356 2079 2452 7357 2078 2452 7358 2075 2453 7359 2076 2453 7360 2079 2453 7361 2076 2454 7362 2077 2454 7363 2079 2454 7364 2076 2455 7365 2074 2455 7366 2077 2455 7367 2091 2461 7383 2095 2461 7384 2094 2461 7385 2091 2462 7386 2092 2462 7387 2095 2462 7388 2092 2463 7389 2090 2463 7390 2093 2463 7391 2105 2469 7407 2108 2469 7408 2107 2469 7409 2106 2470 7410 2104 2470 7411 2109 2470 7412 2118 2471 7413 2122 2471 7414 2121 2471 7415 2118 2472 7416 2119 2472 7417 2122 2472 7418 2119 2473 7419 2120 2473 7420 2122 2473 7421 2119 2474 7422 2117 2474 7423 2120 2474 7424 2131 2477 7431 2132 2477 7432 2134 2477 7433 2132 2478 7434 2133 2478 7435 2135 2478 7436 2133 2479 7437 2134 2479 7438 2136 2479 7439 2146 2488 7464 2147 2488 7465 2150 2488 7466 2148 2489 7467 2149 2489 7468 2151 2489 7469 2160 2496 7488 2164 2496 7489 2163 2496 7490 2162 2497 7491 2165 2497 7492 2161 2497 7493 2160 2498 7494 2163 2498 7495 2162 2498 7496 2166 2499 7497 2170 2499 7498 2169 2499 7499 2168 2500 7500 2170 2500 7501 2167 2500 7502 2166 2501 7503 2171 2501 7504 2168 2501 7505 2180 2507 7521 2184 2507 7522 2183 2507 7523 2182 2508 7524 2185 2508 7525 2181 2508 7526 2182 2509 7527 2183 2509 7528 2185 2509 7529 2180 2510 7530 2183 2510 7531 2182 2510 7532 2194 2514 7542 2196 2514 7543 2193 2514 7544 2194 2515 7545 2198 2515 7546 2197 2515 7547 2195 2516 7548 2196 2516 7549 2198 2516 7550 2209 2522 7566 2213 2522 7567 2212 2522 7568 2210 2523 7569 2213 2523 7570 2209 2523 7571 2225 2533 7599 2229 2533 7600 2228 2533 7601 2226 2534 7602 2229 2534 7603 2225 2534 7604 2227 2535 7605 2228 2535 7606 2230 2535 7607 2240 2541 7623 2242 2541 7624 2239 2541 7625 2241 2542 7626 2243 2542 7627 2240 2542 7628 2241 2543 7629 2244 2543 7630 2243 2543 7631 2239 2544 7632 2242 2544 7633 2244 2544 7634 2252 2553 7659 2256 2553 7660 2255 2553 7661 2253 2554 7662 2256 2554 7663 2252 2554 7664 2266 2563 7689 2269 2563 7690 2268 2563 7691 2267 2564 7692 2270 2564 7693 2269 2564 7694 2268 2565 7695 2271 2565 7696 2270 2565 7697 2281 2570 7710 2285 2570 7711 2284 2570 7712 2282 2571 7713 2286 2571 7714 2285 2571 7715 2283 2572 7716 2286 2572 7717 2282 2572 7718 2281 2573 7719 2284 2573 7720 2283 2573 7721 2160 2578 7734 2161 2578 7735 2164 2578 7736 2161 2579 7737 2165 2579 7738 2164 2579 7739 2162 2580 7740 2163 2580 7741 2165 2580 7742 2166 2581 7743 2167 2581 7744 2170 2581 7745 2168 2582 7746 2171 2582 7747 2170 2582 7748 2166 2583 7749 2169 2583 7750 2171 2583 7751 2180 2589 7767 2181 2589 7768 2184 2589 7769 2181 2590 7770 2185 2590 7771 2184 2590 7772 2194 2596 7788 2197 2596 7789 2196 2596 7790 2194 2597 7791 2195 2597 7792 2198 2597 7793 2195 2598 7794 2193 2598 7795 2196 2598 7796 2210 2608 7824 2214 2608 7825 2213 2608 7826 2210 2609 7827 2211 2609 7828 2214 2609 7829 2211 2610 7830 2212 2610 7831 2214 2610 7832 2211 2611 7833 2209 2611 7834 2212 2611 7835 2226 2617 7851 2230 2617 7852 2229 2617 7853 2226 2618 7854 2227 2618 7855 2230 2618 7856 2227 2619 7857 2225 2619 7858 2228 2619 7859 2240 2625 7875 2243 2625 7876 2242 2625 7877 2241 2626 7878 2239 2626 7879 2244 2626 7880 2253 2627 7881 2257 2627 7882 2256 2627 7883 2253 2628 7884 2254 2628 7885 2257 2628 7886 2254 2629 7887 2255 2629 7888 2257 2629 7889 2254 2630 7890 2252 2630 7891 2255 2630 7892 2266 2633 7899 2267 2633 7900 2269 2633 7901 2267 2634 7902 2268 2634 7903 2270 2634 7904 2268 2635 7905 2269 2635 7906 2271 2635 7907 2281 2644 7932 2282 2644 7933 2285 2644 7934 2283 2645 7935 2284 2645 7936 2286 2645 7937 2295 2652 7956 2299 2652 7957 2298 2652 7958 2297 2653 7959 2300 2653 7960 2296 2653 7961 2295 2654 7962 2298 2654 7963 2297 2654 7964 2302 2655 7965 2304 2655 7966 2301 2655 7967 2303 2656 7968 2306 2656 7969 2305 2656 7970 2301 2657 7971 2306 2657 7972 2303 2657 7973 2301 2658 7974 2304 2658 7975 2306 2658 7976 2314 2663 7989 2318 2663 7990 2317 2663 7991 2316 2664 7992 2318 2664 7993 2315 2664 7994 2316 2665 7995 2317 2665 7996 2319 2665 7997 2332 2675 8025 2334 2675 8026 2331 2675 8027 2333 2676 8028 2336 2676 8029 2335 2676 8030 2331 2677 8031 2336 2677 8032 2333 2677 8033 2348 2685 8055 2350 2685 8056 2347 2685 8057 2348 2686 8058 2351 2686 8059 2350 2686 8060 2359 2692 8076 2363 2692 8077 2362 2692 8078 2360 2693 8079 2363 2693 8080 2359 2693 8081 2372 2700 8100 2376 2700 8101 2375 2700 8102 2373 2701 8103 2376 2701 8104 2372 2701 8105 2373 2702 8106 2377 2702 8107 2376 2702 8108 2387 2708 8124 2390 2708 8125 2386 2708 8126 2387 2709 8127 2391 2709 8128 2390 2709 8129 2386 2710 8130 2389 2710 8131 2388 2710 8132 2400 2713 8139 2404 2713 8140 2403 2713 8141 2401 2714 8142 2404 2714 8143 2400 2714 8144 2401 2715 8145 2405 2715 8146 2404 2715 8147 2402 2716 8148 2405 2716 8149 2401 2716 8150 2418 2723 8169 2420 2723 8170 2417 2723 8171 2416 2724 8172 2421 2724 8173 2418 2724 8174 2416 2725 8175 2419 2725 8176 2421 2725 8177 2295 2730 8190 2296 2730 8191 2299 2730 8192 2296 2731 8193 2300 2731 8194 2299 2731 8195 2297 2732 8196 2298 2732 8197 2300 2732 8198 2302 2733 8199 2305 2733 8200 2304 2733 8201 2302 2734 8202 2303 2734 8203 2305 2734 8204 2314 2739 8217 2315 2739 8218 2318 2739 8219 2316 2740 8220 2319 2740 8221 2318 2740 8222 2316 2741 8223 2314 2741 8224 2317 2741 8225 2332 2749 8247 2335 2749 8248 2334 2749 8249 2332 2750 8250 2333 2750 8251 2335 2750 8252 2331 2751 8253 2334 2751 8254 2336 2751 8255 2346 2757 8271 2347 2757 8272 2349 2757 8273 2347 2758 8274 2350 2758 8275 2349 2758 8276 2348 2759 8277 2346 2759 8278 2351 2759 8279 2346 2760 8280 2349 2760 8281 2351 2760 8282 2360 2764 8292 2364 2764 8293 2363 2764 8294 2360 2765 8295 2361 2765 8296 2364 2765 8297 2361 2766 8298 2362 2766 8299 2364 2766 8300 2361 2767 8301 2359 2767 8302 2362 2767 8303 2373 2770 8310 2374 2770 8311 2377 2770 8312 2374 2771 8313 2375 2771 8314 2377 2771 8315 2374 2772 8316 2372 2772 8317 2375 2772 8318 2386 2778 8334 2390 2778 8335 2389 2778 8336 2387 2779 8337 2388 2779 8338 2391 2779 8339 2388 2780 8340 2389 2780 8341 2391 2780 8342 2402 2789 8367 2403 2789 8368 2405 2789 8369 2402 2790 8370 2400 2790 8371 2403 2790 8372 2416 2799 8397 2417 2799 8398 2419 2799 8399 2417 2800 8400 2420 2800 8401 2419 2800 8402 2418 2801 8403 2421 2801 8404 2420 2801 8405 2430 2808 8424 2434 2808 8425 2433 2808 8426 2432 2809 8427 2435 2809 8428 2431 2809 8429 2430 2810 8430 2433 2810 8431 2432 2810 8432 2436 2811 8433 2439 2811 8434 2441 2811 8435 2438 2812 8436 2440 2812 8437 2437 2812 8438 2436 2813 8439 2441 2813 8440 2438 2813 8441 2449 2819 8457 2453 2819 8458 2452 2819 8459 2449 2820 8460 2452 2820 8461 2451 2820 8462 2465 2827 8481 2467 2827 8482 2464 2827 8483 2465 2828 8484 2468 2828 8485 2467 2828 8486 2464 2829 8487 2469 2829 8488 2466 2829 8489 2481 2840 8520 2484 2840 8521 2483 2840 8522 2482 2841 8523 2484 2841 8524 2481 2841 8525 2495 2847 8541 2497 2847 8542 2494 2847 8543 2496 2848 8544 2498 2848 8545 2495 2848 8546 2496 2849 8547 2497 2849 8548 2499 2849 8549 2508 2856 8568 2511 2856 8569 2507 2856 8570 2509 2857 8571 2512 2857 8572 2508 2857 8573 2507 2858 8574 2510 2858 8575 2509 2858 8576 2523 2866 8598 2526 2866 8599 2525 2866 8600 2524 2867 8601 2527 2867 8602 2526 2867 8603 2522 2868 8604 2527 2868 8605 2524 2868 8606 2535 2872 8616 2539 2872 8617 2538 2872 8618 2537 2873 8619 2540 2873 8620 2539 2873 8621 2535 2874 8622 2540 2874 8623 2537 2874 8624 2552 2884 8652 2555 2884 8653 2554 2884 8654 2553 2885 8655 2555 2885 8656 2552 2885 8657 2553 2886 8658 2556 2886 8659 2555 2886 8660 2430 2893 8679 2431 2893 8680 2434 2893 8681 2431 2894 8682 2435 2894 8683 2434 2894 8684 2432 2895 8685 2433 2895 8686 2435 2895 8687 2436 2896 8688 2437 2896 8689 2439 2896 8690 2437 2897 8691 2440 2897 8692 2439 2897 8693 2438 2898 8694 2441 2898 8695 2440 2898 8696 2449 2902 8706 2450 2902 8707 2453 2902 8708 2450 2903 8709 2454 2903 8710 2453 2903 8711 2450 2904 8712 2451 2904 8713 2454 2904 8714 2451 2905 8715 2452 2905 8716 2454 2905 8717 2465 2912 8736 2466 2912 8737 2468 2912 8738 2466 2913 8739 2469 2913 8740 2468 2913 8741 2464 2914 8742 2467 2914 8743 2469 2914 8744 2480 2919 8757 2481 2919 8758 2483 2919 8759 2482 2920 8760 2485 2920 8761 2484 2920 8762 2482 2921 8763 2480 2921 8764 2485 2921 8765 2480 2922 8766 2483 2922 8767 2485 2922 8768 2495 2928 8784 2498 2928 8785 2497 2928 8786 2496 2929 8787 2499 2929 8788 2498 2929 8789 2496 2930 8790 2494 2930 8791 2497 2930 8792 2507 2933 8799 2511 2933 8800 2510 2933 8801 2508 2934 8802 2512 2934 8803 2511 2934 8804 2509 2935 8805 2510 2935 8806 2512 2935 8807 2522 2941 8823 2523 2941 8824 2525 2941 8825 2523 2942 8826 2524 2942 8827 2526 2942 8828 2522 2943 8829 2525 2943 8830 2527 2943 8831 2535 2949 8847 2536 2949 8848 2539 2949 8849 2536 2950 8850 2537 2950 8851 2539 2950 8852 2535 2951 8853 2538 2951 8854 2540 2951 8855 2551 2957 8871 2552 2957 8872 2554 2957 8873 2553 2958 8874 2551 2958 8875 2556 2958 8876 2551 2959 8877 2554 2959 8878 2556 2959 8879 2565 2964 8892 2569 2964 8893 2568 2964 8894 2567 2965 8895 2570 2965 8896 2566 2965 8897 2565 2966 8898 2568 2966 8899 2567 2966 8900 2572 2967 8901 2574 2967 8902 2571 2967 8903 2572 2968 8904 2576 2968 8905 2575 2968 8906 2573 2969 8907 2576 2969 8908 2572 2969 8909 2573 2970 8910 2574 2970 8911 2576 2970 8912 2586 2978 8934 2588 2978 8935 2585 2978 8936 2587 2979 8937 2589 2979 8938 2586 2979 8939 2587 2980 8940 2590 2980 8941 2589 2980 8942 2600 2987 8961 2603 2987 8962 2602 2987 8963 2600 2988 8964 2604 2988 8965 2603 2988 8966 2602 2989 8967 2603 2989 8968 2605 2989 8969 2617 2997 8991 2619 2997 8992 2616 2997 8993 2617 2998 8994 2621 2998 8995 2620 2998 8996 2616 2999 8997 2621 2999 8998 2618 2999 8999 2633 3006 9018 2635 3006 9019 2632 3006 9020 2632 3007 9021 2637 3007 9022 2634 3007 9023 2632 3008 9024 2635 3008 9025 2637 3008 9026 2647 3016 9048 2651 3016 9049 2650 3016 9050 2648 3017 9051 2651 3017 9052 2647 3017 9053 2648 3018 9054 2652 3018 9055 2651 3018 9056 2662 3028 9084 2664 3028 9085 2661 3028 9086 2662 3029 9087 2666 3029 9088 2665 3029 9089 2661 3030 9090 2666 3030 9091 2663 3030 9092 2671 3033 9099 2675 3033 9100 2674 3033 9101 2673 3034 9102 2676 3034 9103 2672 3034 9104 2671 3035 9105 2674 3035 9106 2673 3035 9107 2687 3044 9132 2689 3044 9133 2686 3044 9134 2688 3045 9135 2690 3045 9136 2687 3045 9137 2688 3046 9138 2689 3046 9139 2691 3046 9140 2565 3053 9159 2566 3053 9160 2569 3053 9161 2566 3054 9162 2570 3054 9163 2569 3054 9164 2567 3055 9165 2568 3055 9166 2570 3055 9167 2572 3056 9168 2575 3056 9169 2574 3056 9170 2573 3057 9171 2571 3057 9172 2574 3057 9173 2586 3061 9183 2589 3061 9184 2588 3061 9185 2587 3062 9186 2585 3062 9187 2590 3062 9188 2585 3063 9189 2588 3063 9190 2590 3063 9191 2600 3070 9210 2601 3070 9211 2604 3070 9212 2601 3071 9213 2605 3071 9214 2604 3071 9215 2601 3072 9216 2602 3072 9217 2605 3072 9218 2617 3080 9240 2620 3080 9241 2619 3080 9242 2617 3081 9243 2618 3081 9244 2621 3081 9245 2616 3082 9246 2619 3082 9247 2621 3082 9248 2633 3091 9273 2636 3091 9274 2635 3091 9275 2633 3092 9276 2634 3092 9277 2636 3092 9278 2634 3093 9279 2637 3093 9280 2636 3093 9281 2648 3099 9297 2649 3099 9298 2652 3099 9299 2649 3100 9300 2650 3100 9301 2652 3100 9302 2649 3101 9303 2647 3101 9304 2650 3101 9305 2662 3103 9309 2665 3103 9310 2664 3103 9311 2662 3104 9312 2663 3104 9313 2666 3104 9314 2661 3105 9315 2664 3105 9316 2666 3105 9317 2671 3106 9318 2672 3106 9319 2675 3106 9320 2672 3107 9321 2676 3107 9322 2675 3107 9323 2673 3108 9324 2674 3108 9325 2676 3108 9326 2687 3113 9339 2690 3113 9340 2689 3113 9341 2688 3114 9342 2691 3114 9343 2690 3114 9344 2688 3115 9345 2686 3115 9346 2689 3115 9347 2700 3120 9360 2704 3120 9361 2703 3120 9362 2702 3121 9363 2705 3121 9364 2701 3121 9365 2700 3122 9366 2703 3122 9367 2702 3122 9368 2707 3123 9369 2710 3123 9370 2709 3123 9371 2708 3124 9372 2710 3124 9373 2707 3124 9374 2706 3125 9375 2711 3125 9376 2708 3125 9377 2719 3132 9396 2723 3132 9397 2722 3132 9398 2720 3133 9399 2724 3133 9400 2723 3133 9401 2721 3134 9402 2724 3134 9403 2720 3134 9404 2719 3135 9405 2722 3135 9406 2721 3135 9407 2735 3141 9423 2737 3141 9424 2734 3141 9425 2736 3142 9426 2739 3142 9427 2738 3142 9428 2734 3143 9429 2739 3143 9430 2736 3143 9431 2749 3151 9453 2753 3151 9454 2752 3151 9455 2748 3152 9456 2753 3152 9457 2750 3152 9458 2763 3160 9480 2767 3160 9481 2766 3160 9482 2764 3161 9483 2768 3161 9484 2767 3161 9485 2765 3162 9486 2766 3162 9487 2768 3162 9488 2779 3171 9513 2783 3171 9514 2782 3171 9515 2781 3172 9516 2784 3172 9517 2780 3172 9518 2779 3173 9519 2784 3173 9520 2781 3173 9521 2794 3177 9531 2797 3177 9532 2796 3177 9533 2795 3178 9534 2797 3178 9535 2794 3178 9536 2793 3179 9537 2798 3179 9538 2795 3179 9539 2808 3184 9552 2810 3184 9553 2807 3184 9554 2809 3185 9555 2811 3185 9556 2808 3185 9557 2809 3186 9558 2810 3186 9559 2812 3186 9560 2822 3192 9576 2825 3192 9577 2824 3192 9578 2823 3193 9579 2826 3193 9580 2825 3193 9581 2821 3194 9582 2826 3194 9583 2823 3194 9584 2700 3201 9603 2701 3201 9604 2704 3201 9605 2701 3202 9606 2705 3202 9607 2704 3202 9608 2702 3203 9609 2703 3203 9610 2705 3203 9611 2706 3204 9612 2707 3204 9613 2709 3204 9614 2708 3205 9615 2711 3205 9616 2710 3205 9617 2706 3206 9618 2709 3206 9619 2711 3206 9620 2719 3209 9627 2720 3209 9628 2723 3209 9629 2721 3210 9630 2722 3210 9631 2724 3210 9632 2735 3218 9654 2738 3218 9655 2737 3218 9656 2735 3219 9657 2736 3219 9658 2738 3219 9659 2734 3220 9660 2737 3220 9661 2739 3220 9662 2748 3224 9672 2749 3224 9673 2751 3224 9674 2749 3225 9675 2752 3225 9676 2751 3225 9677 2749 3226 9678 2750 3226 9679 2753 3226 9680 2748 3227 9681 2751 3227 9682 2753 3227 9683 2763 3233 9699 2764 3233 9700 2767 3233 9701 2764 3234 9702 2765 3234 9703 2768 3234 9704 2765 3235 9705 2763 3235 9706 2766 3235 9707 2779 3242 9726 2780 3242 9727 2783 3242 9728 2780 3243 9729 2784 3243 9730 2783 3243 9731 2779 3244 9732 2782 3244 9733 2784 3244 9734 2793 3252 9756 2794 3252 9757 2796 3252 9758 2795 3253 9759 2798 3253 9760 2797 3253 9761 2793 3254 9762 2796 3254 9763 2798 3254 9764 2808 3261 9783 2811 3261 9784 2810 3261 9785 2809 3262 9786 2812 3262 9787 2811 3262 9788 2809 3263 9789 2807 3263 9790 2810 3263 9791 2821 3269 9807 2822 3269 9808 2824 3269 9809 2822 3270 9810 2823 3270 9811 2825 3270 9812 2821 3271 9813 2824 3271 9814 2826 3271 9815 2835 3276 9828 2839 3276 9829 2838 3276 9830 2837 3277 9831 2840 3277 9832 2836 3277 9833 2835 3278 9834 2838 3278 9835 2837 3278 9836 2841 3279 9837 2845 3279 9838 2844 3279 9839 2843 3280 9840 2846 3280 9841 2842 3280 9842 2843 3281 9843 2844 3281 9844 2846 3281 9845 2841 3282 9846 2844 3282 9847 2843 3282 9848 2855 3287 9861 2857 3287 9862 2854 3287 9863 2856 3288 9864 2859 3288 9865 2858 3288 9866 2854 3289 9867 2857 3289 9868 2856 3289 9869 2869 3295 9885 2872 3295 9886 2868 3295 9887 2870 3296 9888 2873 3296 9889 2869 3296 9890 2870 3297 9891 2871 3297 9892 2873 3297 9893 2885 3304 9912 2887 3304 9913 2884 3304 9914 2883 3305 9915 2886 3305 9916 2888 3305 9917 2899 3312 9936 2901 3312 9937 2898 3312 9938 2899 3313 9939 2902 3313 9940 2901 3313 9941 2898 3314 9942 2903 3314 9943 2900 3314 9944 2912 3323 9969 2916 3323 9970 2915 3323 9971 2914 3324 9972 2917 3324 9973 2913 3324 9974 2912 3325 9975 2915 3325 9976 2914 3325 9977 2927 3331 9993 2929 3331 9994 2926 3331 9995 2927 3332 9996 2931 3332 9997 2930 3332 9998 2926 3333 9999 2931 3333 10000 2928 3333 10001 2942 3340 10020 2945 3340 10021 2944 3340 10022 2943 3341 10023 2945 3341 10024 2942 3341 10025 2943 3342 10026 2946 3342 10027 2945 3342 10028 2956 3346 10038 2959 3346 10039 2958 3346 10040 2957 3347 10041 2959 3347 10042 2956 3347 10043 2835 3358 10074 2836 3358 10075 2839 3358 10076 2836 3359 10077 2840 3359 10078 2839 3359 10079 2837 3360 10080 2838 3360 10081 2840 3360 10082 2841 3361 10083 2842 3361 10084 2845 3361 10085 2842 3362 10086 2846 3362 10087 2845 3362 10088 2855 3367 10101 2858 3367 10102 2857 3367 10103 2855 3368 10104 2856 3368 10105 2858 3368 10106 2856 3369 10107 2857 3369 10108 2859 3369 10109 2868 3375 10125 2872 3375 10126 2871 3375 10127 2869 3376 10128 2873 3376 10129 2872 3376 10130 2870 3377 10131 2868 3377 10132 2871 3377 10133 2883 3384 10152 2887 3384 10153 2886 3384 10154 2883 3385 10155 2884 3385 10156 2887 3385 10157 2885 3386 10158 2888 3386 10159 2887 3386 10160 2885 3387 10161 2883 3387 10162 2888 3387 10163 2899 3394 10182 2900 3394 10183 2902 3394 10184 2900 3395 10185 2903 3395 10186 2902 3395 10187 2898 3396 10188 2901 3396 10189 2903 3396 10190 2912 3399 10197 2913 3399 10198 2916 3399 10199 2913 3400 10200 2917 3400 10201 2916 3400 10202 2914 3401 10203 2915 3401 10204 2917 3401 10205 2927 3407 10221 2930 3407 10222 2929 3407 10223 2927 3408 10224 2928 3408 10225 2931 3408 10226 2926 3409 10227 2929 3409 10228 2931 3409 10229 2941 3416 10248 2942 3416 10249 2944 3416 10250 2943 3417 10251 2941 3417 10252 2946 3417 10253 2941 3418 10254 2944 3418 10255 2946 3418 10256 2955 3426 10278 2956 3426 10279 2958 3426 10280 2957 3427 10281 2960 3427 10282 2959 3427 10283 2957 3428 10284 2955 3428 10285 2960 3428 10286 2955 3429 10287 2958 3429 10288 2960 3429 10289 2970 3432 10296 2974 3432 10297 2973 3432 10298 2972 3433 10299 2975 3433 10300 2971 3433 10301 2970 3434 10302 2973 3434 10303 2972 3434 10304 2977 3435 10305 2981 3435 10306 2980 3435 10307 2978 3436 10308 2981 3436 10309 2977 3436 10310 2978 3437 10311 2979 3437 10312 2981 3437 10313 2990 3445 10335 2993 3445 10336 2995 3445 10337 2991 3446 10338 2993 3446 10339 2990 3446 10340 2990 3447 10341 2995 3447 10342 2992 3447 10343 3006 3455 10365 3009 3455 10366 3005 3455 10367 3007 3456 10368 3010 3456 10369 3006 3456 10370 3007 3457 10371 3008 3457 10372 3010 3457 10373 3020 3462 10386 3023 3462 10387 3022 3462 10388 3021 3463 10389 3024 3463 10390 3023 3463 10391 3019 3464 10392 3024 3464 10393 3021 3464 10394 3034 3467 10401 3038 3467 10402 3037 3467 10403 3035 3468 10404 3039 3468 10405 3038 3468 10406 3034 3469 10407 3039 3469 10408 3036 3469 10409 3050 3476 10428 3053 3476 10429 3049 3476 10430 3050 3477 10431 3051 3477 10432 3053 3477 10433 3064 3485 10455 3068 3485 10456 3067 3485 10457 3065 3486 10458 3068 3486 10459 3064 3486 10460 3063 3487 10461 3066 3487 10462 3065 3487 10463 3077 3491 10473 3080 3491 10474 3079 3491 10475 3078 3492 10476 3080 3492 10477 3077 3492 10478 3078 3493 10479 3079 3493 10480 3081 3493 10481 3092 3498 10494 3094 3498 10495 3091 3498 10496 3093 3499 10497 3095 3499 10498 3092 3499 10499 3093 3500 10500 3094 3500 10501 3096 3500 10502 2970 3507 10521 2971 3507 10522 2974 3507 10523 2971 3508 10524 2975 3508 10525 2974 3508 10526 2972 3509 10527 2973 3509 10528 2975 3509 10529 2976 3510 10530 2980 3510 10531 2979 3510 10532 2976 3511 10533 2977 3511 10534 2980 3511 10535 2978 3512 10536 2976 3512 10537 2979 3512 10538 2991 3516 10548 2994 3516 10549 2993 3516 10550 2991 3517 10551 2992 3517 10552 2994 3517 10553 2992 3518 10554 2995 3518 10555 2994 3518 10556 3005 3524 10572 3009 3524 10573 3008 3524 10574 3006 3525 10575 3010 3525 10576 3009 3525 10577 3007 3526 10578 3005 3526 10579 3008 3526 10580 3019 3533 10599 3020 3533 10600 3022 3533 10601 3020 3534 10602 3021 3534 10603 3023 3534 10604 3019 3535 10605 3022 3535 10606 3024 3535 10607 3034 3546 10638 3035 3546 10639 3038 3546 10640 3035 3547 10641 3036 3547 10642 3039 3547 10643 3034 3548 10644 3037 3548 10645 3039 3548 10646 3048 3553 10659 3052 3553 10660 3051 3553 10661 3048 3554 10662 3049 3554 10663 3052 3554 10664 3049 3555 10665 3053 3555 10666 3052 3555 10667 3050 3556 10668 3048 3556 10669 3051 3556 10670 3063 3562 10686 3067 3562 10687 3066 3562 10688 3063 3563 10689 3064 3563 10690 3067 3563 10691 3065 3564 10692 3066 3564 10693 3068 3564 10694 3076 3570 10710 3077 3570 10711 3079 3570 10712 3078 3571 10713 3081 3571 10714 3080 3571 10715 3078 3572 10716 3076 3572 10717 3079 3572 10718 3092 3581 10743 3095 3581 10744 3094 3581 10745 3093 3582 10746 3096 3582 10747 3095 3582 10748 3093 3583 10749 3091 3583 10750 3094 3583 10751 3105 3588 10764 3109 3588 10765 3108 3588 10766 3107 3589 10767 3110 3589 10768 3106 3589 10769 3105 3590 10770 3108 3590 10771 3107 3590 10772 3112 3591 10773 3116 3591 10774 3115 3591 10775 3113 3592 10776 3116 3592 10777 3112 3592 10778 3113 3593 10779 3114 3593 10780 3116 3593 10781 3125 3601 10803 3128 3601 10804 3130 3601 10805 3126 3602 10806 3128 3602 10807 3125 3602 10808 3125 3603 10809 3130 3603 10810 3127 3603 10811 3141 3611 10833 3144 3611 10834 3140 3611 10835 3142 3612 10836 3145 3612 10837 3141 3612 10838 3142 3613 10839 3143 3613 10840 3145 3613 10841 3155 3618 10854 3158 3618 10855 3157 3618 10856 3156 3619 10857 3159 3619 10858 3158 3619 10859 3154 3620 10860 3159 3620 10861 3156 3620 10862 3169 3623 10869 3173 3623 10870 3172 3623 10871 3170 3624 10872 3174 3624 10873 3173 3624 10874 3169 3625 10875 3174 3625 10876 3171 3625 10877 3185 3632 10896 3188 3632 10897 3184 3632 10898 3185 3633 10899 3186 3633 10900 3188 3633 10901 3199 3641 10923 3203 3641 10924 3202 3641 10925 3200 3642 10926 3203 3642 10927 3199 3642 10928 3198 3643 10929 3201 3643 10930 3200 3643 10931 3212 3647 10941 3215 3647 10942 3214 3647 10943 3213 3648 10944 3215 3648 10945 3212 3648 10946 3213 3649 10947 3214 3649 10948 3216 3649 10949 3227 3654 10962 3229 3654 10963 3226 3654 10964 3228 3655 10965 3230 3655 10966 3227 3655 10967 3228 3656 10968 3229 3656 10969 3231 3656 10970 3105 3663 10989 3106 3663 10990 3109 3663 10991 3106 3664 10992 3110 3664 10993 3109 3664 10994 3107 3665 10995 3108 3665 10996 3110 3665 10997 3111 3666 10998 3115 3666 10999 3114 3666 11000 3111 3667 11001 3112 3667 11002 3115 3667 11003 3113 3668 11004 3111 3668 11005 3114 3668 11006 3126 3672 11016 3129 3672 11017 3128 3672 11018 3126 3673 11019 3127 3673 11020 3129 3673 11021 3127 3674 11022 3130 3674 11023 3129 3674 11024 3140 3680 11040 3144 3680 11041 3143 3680 11042 3141 3681 11043 3145 3681 11044 3144 3681 11045 3142 3682 11046 3140 3682 11047 3143 3682 11048 3154 3689 11067 3155 3689 11068 3157 3689 11069 3155 3690 11070 3156 3690 11071 3158 3690 11072 3154 3691 11073 3157 3691 11074 3159 3691 11075 3169 3702 11106 3170 3702 11107 3173 3702 11108 3170 3703 11109 3171 3703 11110 3174 3703 11111 3169 3704 11112 3172 3704 11113 3174 3704 11114 3183 3709 11127 3187 3709 11128 3186 3709 11129 3183 3710 11130 3184 3710 11131 3187 3710 11132 3184 3711 11133 3188 3711 11134 3187 3711 11135 3185 3712 11136 3183 3712 11137 3186 3712 11138 3198 3718 11154 3202 3718 11155 3201 3718 11156 3198 3719 11157 3199 3719 11158 3202 3719 11159 3200 3720 11160 3201 3720 11161 3203 3720 11162 3211 3726 11178 3212 3726 11179 3214 3726 11180 3213 3727 11181 3216 3727 11182 3215 3727 11183 3213 3728 11184 3211 3728 11185 3214 3728 11186 3227 3737 11211 3230 3737 11212 3229 3737 11213 3228 3738 11214 3231 3738 11215 3230 3738 11216 3228 3739 11217 3226 3739 11218 3229 3739 11219 3240 3744 11232 3244 3744 11233 3243 3744 11234 3242 3745 11235 3245 3745 11236 3241 3745 11237 3240 3746 11238 3243 3746 11239 3242 3746 11240 3246 3747 11241 3250 3747 11242 3249 3747 11243 3248 3748 11244 3250 3748 11245 3247 3748 11246 3248 3749 11247 3249 3749 11248 3251 3749 11249 3262 3756 11268 3264 3756 11269 3261 3756 11270 3262 3757 11271 3265 3757 11272 3264 3757 11273 3263 3758 11274 3266 3758 11275 3262 3758 11276 3263 3759 11277 3264 3759 11278 3266 3759 11279 3276 3769 11307 3278 3769 11308 3275 3769 11309 3276 3770 11310 3280 3770 11311 3279 3770 11312 3277 3771 11313 3280 3771 11314 3276 3771 11315 3277 3772 11316 3278 3772 11317 3280 3772 11318 3293 3784 11352 3297 3784 11353 3296 3784 11354 3294 3785 11355 3297 3785 11356 3293 3785 11357 3306 3791 11373 3309 3791 11374 3305 3791 11375 3306 3792 11376 3310 3792 11377 3309 3792 11378 3305 3793 11379 3308 3793 11380 3307 3793 11381 3321 3801 11403 3324 3801 11404 3320 3801 11405 3321 3802 11406 3325 3802 11407 3324 3802 11408 3320 3803 11409 3325 3803 11410 3322 3803 11411 3336 3811 11433 3339 3811 11434 3338 3811 11435 3337 3812 11436 3339 3812 11437 3336 3812 11438 3349 3818 11454 3351 3818 11455 3348 3818 11456 3350 3819 11457 3352 3819 11458 3349 3819 11459 3348 3820 11460 3353 3820 11461 3350 3820 11462 3363 3828 11484 3366 3828 11485 3362 3828 11486 3363 3829 11487 3367 3829 11488 3366 3829 11489 3364 3830 11490 3367 3830 11491 3363 3830 11492 3364 3831 11493 3365 3831 11494 3367 3831 11495 3240 3835 11505 3241 3835 11506 3244 3835 11507 3241 3836 11508 3245 3836 11509 3244 3836 11510 3242 3837 11511 3243 3837 11512 3245 3837 11513 3246 3838 11514 3247 3838 11515 3250 3838 11516 3248 3839 11517 3251 3839 11518 3250 3839 11519 3248 3840 11520 3246 3840 11521 3249 3840 11522 3262 3847 11541 3266 3847 11542 3265 3847 11543 3263 3848 11544 3261 3848 11545 3264 3848 11546 3276 3850 11550 3279 3850 11551 3278 3850 11552 3277 3851 11553 3275 3851 11554 3278 3851 11555 3292 3857 11571 3296 3857 11572 3295 3857 11573 3292 3858 11574 3293 3858 11575 3296 3858 11576 3294 3859 11577 3295 3859 11578 3297 3859 11579 3294 3860 11580 3292 3860 11581 3295 3860 11582 3305 3864 11592 3309 3864 11593 3308 3864 11594 3306 3865 11595 3307 3865 11596 3310 3865 11597 3307 3866 11598 3308 3866 11599 3310 3866 11600 3320 3872 11616 3324 3872 11617 3323 3872 11618 3321 3873 11619 3322 3873 11620 3325 3873 11621 3320 3874 11622 3323 3874 11623 3325 3874 11624 3335 3880 11640 3336 3880 11641 3338 3880 11642 3337 3881 11643 3340 3881 11644 3339 3881 11645 3337 3882 11646 3335 3882 11647 3340 3882 11648 3335 3883 11649 3338 3883 11650 3340 3883 11651 3349 3887 11661 3352 3887 11662 3351 3887 11663 3350 3888 11664 3353 3888 11665 3352 3888 11666 3348 3889 11667 3351 3889 11668 3353 3889 11669 3362 3893 11679 3366 3893 11680 3365 3893 11681 3364 3894 11682 3362 3894 11683 3365 3894 11684 3375 3900 11700 3379 3900 11701 3378 3900 11702 3377 3901 11703 3380 3901 11704 3376 3901 11705 3375 3902 11706 3378 3902 11707 3377 3902 11708 3381 3903 11709 3385 3903 11710 3384 3903 11711 3383 3904 11712 3385 3904 11713 3382 3904 11714 3381 3905 11715 3386 3905 11716 3383 3905 11717 3395 3911 11733 3399 3911 11734 3398 3911 11735 3397 3912 11736 3400 3912 11737 3396 3912 11738 3397 3913 11739 3398 3913 11740 3400 3913 11741 3395 3914 11742 3398 3914 11743 3397 3914 11744 3409 3918 11754 3411 3918 11755 3408 3918 11756 3409 3919 11757 3413 3919 11758 3412 3919 11759 3410 3920 11760 3411 3920 11761 3413 3920 11762 3424 3926 11778 3428 3926 11779 3427 3926 11780 3425 3927 11781 3428 3927 11782 3424 3927 11783 3440 3937 11811 3444 3937 11812 3443 3937 11813 3441 3938 11814 3444 3938 11815 3440 3938 11816 3442 3939 11817 3443 3939 11818 3445 3939 11819 3455 3945 11835 3457 3945 11836 3454 3945 11837 3456 3946 11838 3458 3946 11839 3455 3946 11840 3456 3947 11841 3459 3947 11842 3458 3947 11843 3454 3948 11844 3457 3948 11845 3459 3948 11846 3467 3957 11871 3471 3957 11872 3470 3957 11873 3468 3958 11874 3471 3958 11875 3467 3958 11876 3481 3967 11901 3484 3967 11902 3483 3967 11903 3482 3968 11904 3485 3968 11905 3484 3968 11906 3483 3969 11907 3486 3969 11908 3485 3969 11909 3496 3974 11922 3500 3974 11923 3499 3974 11924 3497 3975 11925 3501 3975 11926 3500 3975 11927 3498 3976 11928 3501 3976 11929 3497 3976 11930 3496 3977 11931 3499 3977 11932 3498 3977 11933 3375 3982 11946 3376 3982 11947 3379 3982 11948 3376 3983 11949 3380 3983 11950 3379 3983 11951 3377 3984 11952 3378 3984 11953 3380 3984 11954 3381 3985 11955 3382 3985 11956 3385 3985 11957 3383 3986 11958 3386 3986 11959 3385 3986 11960 3381 3987 11961 3384 3987 11962 3386 3987 11963 3395 3993 11979 3396 3993 11980 3399 3993 11981 3396 3994 11982 3400 3994 11983 3399 3994 11984 3409 4000 12000 3412 4000 12001 3411 4000 12002 3409 4001 12003 3410 4001 12004 3413 4001 12005 3410 4002 12006 3408 4002 12007 3411 4002 12008 3425 4012 12036 3429 4012 12037 3428 4012 12038 3425 4013 12039 3426 4013 12040 3429 4013 12041 3426 4014 12042 3427 4014 12043 3429 4014 12044 3426 4015 12045 3424 4015 12046 3427 4015 12047 3441 4021 12063 3445 4021 12064 3444 4021 12065 3441 4022 12066 3442 4022 12067 3445 4022 12068 3442 4023 12069 3440 4023 12070 3443 4023 12071 3455 4029 12087 3458 4029 12088 3457 4029 12089 3456 4030 12090 3454 4030 12091 3459 4030 12092 3468 4031 12093 3472 4031 12094 3471 4031 12095 3468 4032 12096 3469 4032 12097 3472 4032 12098 3469 4033 12099 3470 4033 12100 3472 4033 12101 3469 4034 12102 3467 4034 12103 3470 4034 12104 3481 4037 12111 3482 4037 12112 3484 4037 12113 3482 4038 12114 3483 4038 12115 3485 4038 12116 3483 4039 12117 3484 4039 12118 3486 4039 12119 3496 4048 12144 3497 4048 12145 3500 4048 12146 3498 4049 12147 3499 4049 12148 3501 4049 12149 3510 4056 12168 3514 4056 12169 3513 4056 12170 3512 4057 12171 3515 4057 12172 3511 4057 12173 3510 4058 12174 3513 4058 12175 3512 4058 12176 3516 4059 12177 3520 4059 12178 3519 4059 12179 3518 4060 12180 3520 4060 12181 3517 4060 12182 3518 4061 12183 3519 4061 12184 3521 4061 12185 3532 4068 12204 3534 4068 12205 3531 4068 12206 3532 4069 12207 3535 4069 12208 3534 4069 12209 3533 4070 12210 3536 4070 12211 3532 4070 12212 3533 4071 12213 3534 4071 12214 3536 4071 12215 3546 4081 12243 3548 4081 12244 3545 4081 12245 3546 4082 12246 3550 4082 12247 3549 4082 12248 3547 4083 12249 3550 4083 12250 3546 4083 12251 3547 4084 12252 3548 4084 12253 3550 4084 12254 3563 4096 12288 3567 4096 12289 3566 4096 12290 3564 4097 12291 3567 4097 12292 3563 4097 12293 3576 4103 12309 3579 4103 12310 3575 4103 12311 3576 4104 12312 3580 4104 12313 3579 4104 12314 3575 4105 12315 3578 4105 12316 3577 4105 12317 3591 4113 12339 3594 4113 12340 3590 4113 12341 3591 4114 12342 3595 4114 12343 3594 4114 12344 3590 4115 12345 3595 4115 12346 3592 4115 12347 3606 4123 12369 3609 4123 12370 3608 4123 12371 3607 4124 12372 3609 4124 12373 3606 4124 12374 3619 4130 12390 3621 4130 12391 3618 4130 12392 3620 4131 12393 3622 4131 12394 3619 4131 12395 3618 4132 12396 3623 4132 12397 3620 4132 12398 3633 4140 12420 3636 4140 12421 3632 4140 12422 3633 4141 12423 3637 4141 12424 3636 4141 12425 3634 4142 12426 3637 4142 12427 3633 4142 12428 3634 4143 12429 3635 4143 12430 3637 4143 12431 3510 4147 12441 3511 4147 12442 3514 4147 12443 3511 4148 12444 3515 4148 12445 3514 4148 12446 3512 4149 12447 3513 4149 12448 3515 4149 12449 3516 4150 12450 3517 4150 12451 3520 4150 12452 3518 4151 12453 3521 4151 12454 3520 4151 12455 3518 4152 12456 3516 4152 12457 3519 4152 12458 3532 4159 12477 3536 4159 12478 3535 4159 12479 3533 4160 12480 3531 4160 12481 3534 4160 12482 3546 4162 12486 3549 4162 12487 3548 4162 12488 3547 4163 12489 3545 4163 12490 3548 4163 12491 3562 4169 12507 3566 4169 12508 3565 4169 12509 3562 4170 12510 3563 4170 12511 3566 4170 12512 3564 4171 12513 3565 4171 12514 3567 4171 12515 3564 4172 12516 3562 4172 12517 3565 4172 12518 3575 4176 12528 3579 4176 12529 3578 4176 12530 3576 4177 12531 3577 4177 12532 3580 4177 12533 3577 4178 12534 3578 4178 12535 3580 4178 12536 3590 4184 12552 3594 4184 12553 3593 4184 12554 3591 4185 12555 3592 4185 12556 3595 4185 12557 3590 4186 12558 3593 4186 12559 3595 4186 12560 3605 4192 12576 3606 4192 12577 3608 4192 12578 3607 4193 12579 3610 4193 12580 3609 4193 12581 3607 4194 12582 3605 4194 12583 3610 4194 12584 3605 4195 12585 3608 4195 12586 3610 4195 12587 3619 4199 12597 3622 4199 12598 3621 4199 12599 3620 4200 12600 3623 4200 12601 3622 4200 12602 3618 4201 12603 3621 4201 12604 3623 4201 12605 3632 4205 12615 3636 4205 12616 3635 4205 12617 3634 4206 12618 3632 4206 12619 3635 4206 12620 3645 4212 12636 3649 4212 12637 3648 4212 12638 3647 4213 12639 3650 4213 12640 3646 4213 12641 3645 4214 12642 3648 4214 12643 3647 4214 12644 3652 4215 12645 3654 4215 12646 3651 4215 12647 3652 4216 12648 3656 4216 12649 3655 4216 12650 3653 4217 12651 3656 4217 12652 3652 4217 12653 3653 4218 12654 3654 4218 12655 3656 4218 12656 3666 4226 12678 3668 4226 12679 3665 4226 12680 3667 4227 12681 3669 4227 12682 3666 4227 12683 3667 4228 12684 3670 4228 12685 3669 4228 12686 3680 4235 12705 3683 4235 12706 3682 4235 12707 3680 4236 12708 3684 4236 12709 3683 4236 12710 3682 4237 12711 3683 4237 12712 3685 4237 12713 3697 4245 12735 3699 4245 12736 3696 4245 12737 3697 4246 12738 3701 4246 12739 3700 4246 12740 3696 4247 12741 3701 4247 12742 3698 4247 12743 3713 4254 12762 3715 4254 12763 3712 4254 12764 3712 4255 12765 3717 4255 12766 3714 4255 12767 3712 4256 12768 3715 4256 12769 3717 4256 12770 3727 4264 12792 3731 4264 12793 3730 4264 12794 3728 4265 12795 3731 4265 12796 3727 4265 12797 3728 4266 12798 3732 4266 12799 3731 4266 12800 3742 4276 12828 3744 4276 12829 3741 4276 12830 3742 4277 12831 3746 4277 12832 3745 4277 12833 3741 4278 12834 3746 4278 12835 3743 4278 12836 3751 4281 12843 3755 4281 12844 3754 4281 12845 3753 4282 12846 3756 4282 12847 3752 4282 12848 3751 4283 12849 3754 4283 12850 3753 4283 12851 3767 4292 12876 3769 4292 12877 3766 4292 12878 3768 4293 12879 3770 4293 12880 3767 4293 12881 3768 4294 12882 3769 4294 12883 3771 4294 12884 3645 4301 12903 3646 4301 12904 3649 4301 12905 3646 4302 12906 3650 4302 12907 3649 4302 12908 3647 4303 12909 3648 4303 12910 3650 4303 12911 3652 4304 12912 3655 4304 12913 3654 4304 12914 3653 4305 12915 3651 4305 12916 3654 4305 12917 3666 4309 12927 3669 4309 12928 3668 4309 12929 3667 4310 12930 3665 4310 12931 3670 4310 12932 3665 4311 12933 3668 4311 12934 3670 4311 12935 3680 4318 12954 3681 4318 12955 3684 4318 12956 3681 4319 12957 3685 4319 12958 3684 4319 12959 3681 4320 12960 3682 4320 12961 3685 4320 12962 3697 4328 12984 3700 4328 12985 3699 4328 12986 3697 4329 12987 3698 4329 12988 3701 4329 12989 3696 4330 12990 3699 4330 12991 3701 4330 12992 3713 4339 13017 3716 4339 13018 3715 4339 13019 3713 4340 13020 3714 4340 13021 3716 4340 13022 3714 4341 13023 3717 4341 13024 3716 4341 13025 3728 4347 13041 3729 4347 13042 3732 4347 13043 3729 4348 13044 3730 4348 13045 3732 4348 13046 3729 4349 13047 3727 4349 13048 3730 4349 13049 3742 4351 13053 3745 4351 13054 3744 4351 13055 3742 4352 13056 3743 4352 13057 3746 4352 13058 3741 4353 13059 3744 4353 13060 3746 4353 13061 3751 4354 13062 3752 4354 13063 3755 4354 13064 3752 4355 13065 3756 4355 13066 3755 4355 13067 3753 4356 13068 3754 4356 13069 3756 4356 13070 3767 4361 13083 3770 4361 13084 3769 4361 13085 3768 4362 13086 3771 4362 13087 3770 4362 13088 3768 4363 13089 3766 4363 13090 3769 4363 13091 3780 4368 13104 3784 4368 13105 3783 4368 13106 3782 4369 13107 3785 4369 13108 3781 4369 13109 3780 4370 13110 3783 4370 13111 3782 4370 13112 3786 4371 13113 3790 4371 13114 3789 4371 13115 3788 4372 13116 3791 4372 13117 3787 4372 13118 3788 4373 13119 3789 4373 13120 3791 4373 13121 3786 4374 13122 3789 4374 13123 3788 4374 13124 3800 4379 13137 3802 4379 13138 3799 4379 13139 3801 4380 13140 3804 4380 13141 3803 4380 13142 3799 4381 13143 3802 4381 13144 3801 4381 13145 3814 4387 13161 3817 4387 13162 3813 4387 13163 3815 4388 13164 3818 4388 13165 3814 4388 13166 3815 4389 13167 3816 4389 13168 3818 4389 13169 3830 4396 13188 3832 4396 13189 3829 4396 13190 3828 4397 13191 3831 4397 13192 3833 4397 13193 3844 4404 13212 3846 4404 13213 3843 4404 13214 3844 4405 13215 3847 4405 13216 3846 4405 13217 3843 4406 13218 3848 4406 13219 3845 4406 13220 3857 4415 13245 3861 4415 13246 3860 4415 13247 3859 4416 13248 3862 4416 13249 3858 4416 13250 3857 4417 13251 3860 4417 13252 3859 4417 13253 3872 4423 13269 3874 4423 13270 3871 4423 13271 3872 4424 13272 3876 4424 13273 3875 4424 13274 3871 4425 13275 3876 4425 13276 3873 4425 13277 3887 4432 13296 3890 4432 13297 3889 4432 13298 3888 4433 13299 3890 4433 13300 3887 4433 13301 3888 4434 13302 3891 4434 13303 3890 4434 13304 3901 4438 13314 3904 4438 13315 3903 4438 13316 3902 4439 13317 3904 4439 13318 3901 4439 13319 3780 4450 13350 3781 4450 13351 3784 4450 13352 3781 4451 13353 3785 4451 13354 3784 4451 13355 3782 4452 13356 3783 4452 13357 3785 4452 13358 3786 4453 13359 3787 4453 13360 3790 4453 13361 3787 4454 13362 3791 4454 13363 3790 4454 13364 3800 4459 13377 3803 4459 13378 3802 4459 13379 3800 4460 13380 3801 4460 13381 3803 4460 13382 3801 4461 13383 3802 4461 13384 3804 4461 13385 3813 4467 13401 3817 4467 13402 3816 4467 13403 3814 4468 13404 3818 4468 13405 3817 4468 13406 3815 4469 13407 3813 4469 13408 3816 4469 13409 3828 4476 13428 3832 4476 13429 3831 4476 13430 3828 4477 13431 3829 4477 13432 3832 4477 13433 3830 4478 13434 3833 4478 13435 3832 4478 13436 3830 4479 13437 3828 4479 13438 3833 4479 13439 3844 4486 13458 3845 4486 13459 3847 4486 13460 3845 4487 13461 3848 4487 13462 3847 4487 13463 3843 4488 13464 3846 4488 13465 3848 4488 13466 3857 4491 13473 3858 4491 13474 3861 4491 13475 3858 4492 13476 3862 4492 13477 3861 4492 13478 3859 4493 13479 3860 4493 13480 3862 4493 13481 3872 4499 13497 3875 4499 13498 3874 4499 13499 3872 4500 13500 3873 4500 13501 3876 4500 13502 3871 4501 13503 3874 4501 13504 3876 4501 13505 3886 4508 13524 3887 4508 13525 3889 4508 13526 3888 4509 13527 3886 4509 13528 3891 4509 13529 3886 4510 13530 3889 4510 13531 3891 4510 13532 3900 4518 13554 3901 4518 13555 3903 4518 13556 3902 4519 13557 3905 4519 13558 3904 4519 13559 3902 4520 13560 3900 4520 13561 3905 4520 13562 3900 4521 13563 3903 4521 13564 3905 4521 13565 3915 4524 13572 3919 4524 13573 3918 4524 13574 3917 4525 13575 3920 4525 13576 3916 4525 13577 3915 4526 13578 3918 4526 13579 3917 4526 13580 3922 4527 13581 3924 4527 13582 3921 4527 13583 3922 4528 13584 3926 4528 13585 3925 4528 13586 3923 4529 13587 3926 4529 13588 3922 4529 13589 3923 4530 13590 3924 4530 13591 3926 4530 13592 3936 4538 13614 3938 4538 13615 3935 4538 13616 3937 4539 13617 3939 4539 13618 3936 4539 13619 3937 4540 13620 3940 4540 13621 3939 4540 13622 3950 4547 13641 3953 4547 13642 3952 4547 13643 3950 4548 13644 3954 4548 13645 3953 4548 13646 3952 4549 13647 3953 4549 13648 3955 4549 13649 3967 4557 13671 3969 4557 13672 3966 4557 13673 3967 4558 13674 3971 4558 13675 3970 4558 13676 3966 4559 13677 3971 4559 13678 3968 4559 13679 3983 4566 13698 3985 4566 13699 3982 4566 13700 3982 4567 13701 3987 4567 13702 3984 4567 13703 3982 4568 13704 3985 4568 13705 3987 4568 13706 3997 4576 13728 4001 4576 13729 4000 4576 13730 3998 4577 13731 4001 4577 13732 3997 4577 13733 3998 4578 13734 4002 4578 13735 4001 4578 13736 4012 4588 13764 4014 4588 13765 4011 4588 13766 4012 4589 13767 4016 4589 13768 4015 4589 13769 4011 4590 13770 4016 4590 13771 4013 4590 13772 4021 4593 13779 4025 4593 13780 4024 4593 13781 4023 4594 13782 4026 4594 13783 4022 4594 13784 4021 4595 13785 4024 4595 13786 4023 4595 13787 4037 4604 13812 4039 4604 13813 4036 4604 13814 4038 4605 13815 4040 4605 13816 4037 4605 13817 4038 4606 13818 4039 4606 13819 4041 4606 13820 3915 4613 13839 3916 4613 13840 3919 4613 13841 3916 4614 13842 3920 4614 13843 3919 4614 13844 3917 4615 13845 3918 4615 13846 3920 4615 13847 3922 4616 13848 3925 4616 13849 3924 4616 13850 3923 4617 13851 3921 4617 13852 3924 4617 13853 3936 4621 13863 3939 4621 13864 3938 4621 13865 3937 4622 13866 3935 4622 13867 3940 4622 13868 3935 4623 13869 3938 4623 13870 3940 4623 13871 3950 4630 13890 3951 4630 13891 3954 4630 13892 3951 4631 13893 3955 4631 13894 3954 4631 13895 3951 4632 13896 3952 4632 13897 3955 4632 13898 3967 4640 13920 3970 4640 13921 3969 4640 13922 3967 4641 13923 3968 4641 13924 3971 4641 13925 3966 4642 13926 3969 4642 13927 3971 4642 13928 3983 4651 13953 3986 4651 13954 3985 4651 13955 3983 4652 13956 3984 4652 13957 3986 4652 13958 3984 4653 13959 3987 4653 13960 3986 4653 13961 3998 4659 13977 3999 4659 13978 4002 4659 13979 3999 4660 13980 4000 4660 13981 4002 4660 13982 3999 4661 13983 3997 4661 13984 4000 4661 13985 4012 4663 13989 4015 4663 13990 4014 4663 13991 4012 4664 13992 4013 4664 13993 4016 4664 13994 4011 4665 13995 4014 4665 13996 4016 4665 13997 4021 4666 13998 4022 4666 13999 4025 4666 14000 4022 4667 14001 4026 4667 14002 4025 4667 14003 4023 4668 14004 4024 4668 14005 4026 4668 14006 4037 4673 14019 4040 4673 14020 4039 4673 14021 4038 4674 14022 4041 4674 14023 4040 4674 14024 4038 4675 14025 4036 4675 14026 4039 4675 14027 4050 4680 14040 4054 4680 14041 4053 4680 14042 4052 4681 14043 4055 4681 14044 4051 4681 14045 4050 4682 14046 4053 4682 14047 4052 4682 14048 4056 4683 14049 4060 4683 14050 4059 4683 14051 4058 4684 14052 4060 4684 14053 4057 4684 14054 4056 4685 14055 4061 4685 14056 4058 4685 14057 4070 4691 14073 4074 4691 14074 4073 4691 14075 4072 4692 14076 4075 4692 14077 4071 4692 14078 4072 4693 14079 4073 4693 14080 4075 4693 14081 4070 4694 14082 4073 4694 14083 4072 4694 14084 4084 4698 14094 4086 4698 14095 4083 4698 14096 4084 4699 14097 4088 4699 14098 4087 4699 14099 4085 4700 14100 4086 4700 14101 4088 4700 14102 4099 4706 14118 4103 4706 14119 4102 4706 14120 4100 4707 14121 4103 4707 14122 4099 4707 14123 4115 4717 14151 4119 4717 14152 4118 4717 14153 4116 4718 14154 4119 4718 14155 4115 4718 14156 4117 4719 14157 4118 4719 14158 4120 4719 14159 4130 4725 14175 4132 4725 14176 4129 4725 14177 4131 4726 14178 4133 4726 14179 4130 4726 14180 4131 4727 14181 4134 4727 14182 4133 4727 14183 4129 4728 14184 4132 4728 14185 4134 4728 14186 4142 4737 14211 4146 4737 14212 4145 4737 14213 4143 4738 14214 4146 4738 14215 4142 4738 14216 4156 4747 14241 4159 4747 14242 4158 4747 14243 4157 4748 14244 4160 4748 14245 4159 4748 14246 4158 4749 14247 4161 4749 14248 4160 4749 14249 4171 4754 14262 4175 4754 14263 4174 4754 14264 4172 4755 14265 4176 4755 14266 4175 4755 14267 4173 4756 14268 4176 4756 14269 4172 4756 14270 4171 4757 14271 4174 4757 14272 4173 4757 14273 4050 4762 14286 4051 4762 14287 4054 4762 14288 4051 4763 14289 4055 4763 14290 4054 4763 14291 4052 4764 14292 4053 4764 14293 4055 4764 14294 4056 4765 14295 4057 4765 14296 4060 4765 14297 4058 4766 14298 4061 4766 14299 4060 4766 14300 4056 4767 14301 4059 4767 14302 4061 4767 14303 4070 4773 14319 4071 4773 14320 4074 4773 14321 4071 4774 14322 4075 4774 14323 4074 4774 14324 4084 4780 14340 4087 4780 14341 4086 4780 14342 4084 4781 14343 4085 4781 14344 4088 4781 14345 4085 4782 14346 4083 4782 14347 4086 4782 14348 4100 4792 14376 4104 4792 14377 4103 4792 14378 4100 4793 14379 4101 4793 14380 4104 4793 14381 4101 4794 14382 4102 4794 14383 4104 4794 14384 4101 4795 14385 4099 4795 14386 4102 4795 14387 4116 4801 14403 4120 4801 14404 4119 4801 14405 4116 4802 14406 4117 4802 14407 4120 4802 14408 4117 4803 14409 4115 4803 14410 4118 4803 14411 4130 4809 14427 4133 4809 14428 4132 4809 14429 4131 4810 14430 4129 4810 14431 4134 4810 14432 4143 4811 14433 4147 4811 14434 4146 4811 14435 4143 4812 14436 4144 4812 14437 4147 4812 14438 4144 4813 14439 4145 4813 14440 4147 4813 14441 4144 4814 14442 4142 4814 14443 4145 4814 14444 4156 4817 14451 4157 4817 14452 4159 4817 14453 4157 4818 14454 4158 4818 14455 4160 4818 14456 4158 4819 14457 4159 4819 14458 4161 4819 14459 4171 4828 14484 4172 4828 14485 4175 4828 14486 4173 4829 14487 4174 4829 14488 4176 4829 14489 4185 4836 14508 4189 4836 14509 4188 4836 14510 4187 4837 14511 4190 4837 14512 4186 4837 14513 4185 4838 14514 4188 4838 14515 4187 4838 14516 4192 4839 14517 4194 4839 14518 4191 4839 14519 4193 4840 14520 4196 4840 14521 4195 4840 14522 4191 4841 14523 4196 4841 14524 4193 4841 14525 4191 4842 14526 4194 4842 14527 4196 4842 14528 4204 4847 14541 4208 4847 14542 4207 4847 14543 4206 4848 14544 4208 4848 14545 4205 4848 14546 4206 4849 14547 4207 4849 14548 4209 4849 14549 4222 4859 14577 4224 4859 14578 4221 4859 14579 4223 4860 14580 4226 4860 14581 4225 4860 14582 4221 4861 14583 4226 4861 14584 4223 4861 14585 4238 4869 14607 4240 4869 14608 4237 4869 14609 4238 4870 14610 4241 4870 14611 4240 4870 14612 4249 4876 14628 4253 4876 14629 4252 4876 14630 4250 4877 14631 4253 4877 14632 4249 4877 14633 4262 4884 14652 4266 4884 14653 4265 4884 14654 4263 4885 14655 4266 4885 14656 4262 4885 14657 4263 4886 14658 4267 4886 14659 4266 4886 14660 4277 4892 14676 4280 4892 14677 4276 4892 14678 4277 4893 14679 4281 4893 14680 4280 4893 14681 4276 4894 14682 4279 4894 14683 4278 4894 14684 4290 4897 14691 4294 4897 14692 4293 4897 14693 4291 4898 14694 4294 4898 14695 4290 4898 14696 4291 4899 14697 4295 4899 14698 4294 4899 14699 4292 4900 14700 4295 4900 14701 4291 4900 14702 4308 4907 14721 4310 4907 14722 4307 4907 14723 4306 4908 14724 4311 4908 14725 4308 4908 14726 4306 4909 14727 4309 4909 14728 4311 4909 14729 4185 4914 14742 4186 4914 14743 4189 4914 14744 4186 4915 14745 4190 4915 14746 4189 4915 14747 4187 4916 14748 4188 4916 14749 4190 4916 14750 4192 4917 14751 4195 4917 14752 4194 4917 14753 4192 4918 14754 4193 4918 14755 4195 4918 14756 4204 4923 14769 4205 4923 14770 4208 4923 14771 4206 4924 14772 4209 4924 14773 4208 4924 14774 4206 4925 14775 4204 4925 14776 4207 4925 14777 4222 4933 14799 4225 4933 14800 4224 4933 14801 4222 4934 14802 4223 4934 14803 4225 4934 14804 4221 4935 14805 4224 4935 14806 4226 4935 14807 4236 4941 14823 4237 4941 14824 4239 4941 14825 4237 4942 14826 4240 4942 14827 4239 4942 14828 4238 4943 14829 4236 4943 14830 4241 4943 14831 4236 4944 14832 4239 4944 14833 4241 4944 14834 4250 4948 14844 4254 4948 14845 4253 4948 14846 4250 4949 14847 4251 4949 14848 4254 4949 14849 4251 4950 14850 4252 4950 14851 4254 4950 14852 4251 4951 14853 4249 4951 14854 4252 4951 14855 4263 4954 14862 4264 4954 14863 4267 4954 14864 4264 4955 14865 4265 4955 14866 4267 4955 14867 4264 4956 14868 4262 4956 14869 4265 4956 14870 4276 4962 14886 4280 4962 14887 4279 4962 14888 4277 4963 14889 4278 4963 14890 4281 4963 14891 4278 4964 14892 4279 4964 14893 4281 4964 14894 4292 4973 14919 4293 4973 14920 4295 4973 14921 4292 4974 14922 4290 4974 14923 4293 4974 14924 4306 4983 14949 4307 4983 14950 4309 4983 14951 4307 4984 14952 4310 4984 14953 4309 4984 14954 4308 4985 14955 4311 4985 14956 4310 4985 14957 4320 4992 14976 4324 4992 14977 4323 4992 14978 4322 4993 14979 4325 4993 14980 4321 4993 14981 4320 4994 14982 4323 4994 14983 4322 4994 14984 4326 4995 14985 4330 4995 14986 4329 4995 14987 4327 4996 14988 4330 4996 14989 4326 4996 14990 4328 4997 14991 4329 4997 14992 4331 4997 14993 4342 5003 15009 4345 5003 15010 4341 5003 15011 4342 5004 15012 4346 5004 15013 4345 5004 15014 4355 5008 15024 4357 5008 15025 4354 5008 15026 4356 5009 15027 4358 5009 15028 4355 5009 15029 4356 5010 15030 4359 5010 15031 4358 5010 15032 4368 5015 15045 4372 5015 15046 4371 5015 15047 4370 5016 15048 4373 5016 15049 4369 5016 15050 4370 5017 15051 4371 5017 15052 4373 5017 15053 4384 5024 15072 4387 5024 15073 4383 5024 15074 4385 5025 15075 4386 5025 15076 4388 5025 15077 4398 5036 15108 4402 5036 15109 4401 5036 15110 4400 5037 15111 4401 5037 15112 4403 5037 15113 4398 5038 15114 4401 5038 15115 4400 5038 15116 4412 5043 15129 4414 5043 15130 4411 5043 15131 4412 5044 15132 4416 5044 15133 4415 5044 15134 4413 5045 15135 4414 5045 15136 4416 5045 15137 4426 5051 15153 4428 5051 15154 4425 5051 15155 4426 5052 15156 4430 5052 15157 4429 5052 15158 4425 5053 15159 4430 5053 15160 4427 5053 15161 4440 5065 15195 4444 5065 15196 4443 5065 15197 4441 5066 15198 4445 5066 15199 4444 5066 15200 4442 5067 15201 4445 5067 15202 4441 5067 15203 4320 5074 15222 4321 5074 15223 4324 5074 15224 4321 5075 15225 4325 5075 15226 4324 5075 15227 4322 5076 15228 4323 5076 15229 4325 5076 15230 4327 5077 15231 4331 5077 15232 4330 5077 15233 4327 5078 15234 4328 5078 15235 4331 5078 15236 4328 5079 15237 4326 5079 15238 4329 5079 15239 4341 5087 15261 4345 5087 15262 4344 5087 15263 4342 5088 15264 4343 5088 15265 4346 5088 15266 4343 5089 15267 4344 5089 15268 4346 5089 15269 4343 5090 15270 4341 5090 15271 4344 5090 15272 4355 5096 15288 4358 5096 15289 4357 5096 15290 4356 5097 15291 4354 5097 15292 4359 5097 15293 4354 5098 15294 4357 5098 15295 4359 5098 15296 4368 5105 15315 4369 5105 15316 4372 5105 15317 4369 5106 15318 4373 5106 15319 4372 5106 15320 4370 5107 15321 4368 5107 15322 4371 5107 15323 4383 5114 15342 4387 5114 15343 4386 5114 15344 4384 5115 15345 4385 5115 15346 4387 5115 15347 4385 5116 15348 4388 5116 15349 4387 5116 15350 4385 5117 15351 4383 5117 15352 4386 5117 15353 4398 5120 15360 4399 5120 15361 4402 5120 15362 4399 5121 15363 4403 5121 15364 4402 5121 15365 4399 5122 15366 4400 5122 15367 4403 5122 15368 4412 5127 15381 4415 5127 15382 4414 5127 15383 4412 5128 15384 4413 5128 15385 4416 5128 15386 4413 5129 15387 4411 5129 15388 4414 5129 15389 4426 5135 15405 4429 5135 15406 4428 5135 15407 4426 5136 15408 4427 5136 15409 4430 5136 15410 4425 5137 15411 4428 5137 15412 4430 5137 15413 4440 5139 15417 4441 5139 15418 4444 5139 15419 4442 5140 15420 4443 5140 15421 4445 5140 15422 4442 5141 15423 4440 5141 15424 4443 5141 15425 4455 5148 15444 4459 5148 15445 4458 5148 15446 4457 5149 15447 4460 5149 15448 4456 5149 15449 4455 5150 15450 4458 5150 15451 4457 5150 15452 4461 5151 15453 4465 5151 15454 4464 5151 15455 4463 5152 15456 4465 5152 15457 4462 5152 15458 4463 5153 15459 4464 5153 15460 4466 5153 15461 4477 5160 15480 4479 5160 15481 4476 5160 15482 4477 5161 15483 4480 5161 15484 4479 5161 15485 4478 5162 15486 4481 5162 15487 4477 5162 15488 4478 5163 15489 4479 5163 15490 4481 5163 15491 4491 5173 15519 4493 5173 15520 4490 5173 15521 4491 5174 15522 4495 5174 15523 4494 5174 15524 4492 5175 15525 4495 5175 15526 4491 5175 15527 4492 5176 15528 4493 5176 15529 4495 5176 15530 4508 5188 15564 4512 5188 15565 4511 5188 15566 4509 5189 15567 4512 5189 15568 4508 5189 15569 4521 5195 15585 4524 5195 15586 4520 5195 15587 4521 5196 15588 4525 5196 15589 4524 5196 15590 4520 5197 15591 4523 5197 15592 4522 5197 15593 4536 5205 15615 4539 5205 15616 4535 5205 15617 4536 5206 15618 4540 5206 15619 4539 5206 15620 4535 5207 15621 4540 5207 15622 4537 5207 15623 4551 5215 15645 4554 5215 15646 4553 5215 15647 4552 5216 15648 4554 5216 15649 4551 5216 15650 4564 5222 15666 4566 5222 15667 4563 5222 15668 4565 5223 15669 4567 5223 15670 4564 5223 15671 4563 5224 15672 4568 5224 15673 4565 5224 15674 4578 5232 15696 4581 5232 15697 4577 5232 15698 4578 5233 15699 4582 5233 15700 4581 5233 15701 4579 5234 15702 4582 5234 15703 4578 5234 15704 4579 5235 15705 4580 5235 15706 4582 5235 15707 4455 5239 15717 4456 5239 15718 4459 5239 15719 4456 5240 15720 4460 5240 15721 4459 5240 15722 4457 5241 15723 4458 5241 15724 4460 5241 15725 4461 5242 15726 4462 5242 15727 4465 5242 15728 4463 5243 15729 4466 5243 15730 4465 5243 15731 4463 5244 15732 4461 5244 15733 4464 5244 15734 4477 5251 15753 4481 5251 15754 4480 5251 15755 4478 5252 15756 4476 5252 15757 4479 5252 15758 4491 5254 15762 4494 5254 15763 4493 5254 15764 4492 5255 15765 4490 5255 15766 4493 5255 15767 4507 5261 15783 4511 5261 15784 4510 5261 15785 4507 5262 15786 4508 5262 15787 4511 5262 15788 4509 5263 15789 4510 5263 15790 4512 5263 15791 4509 5264 15792 4507 5264 15793 4510 5264 15794 4520 5268 15804 4524 5268 15805 4523 5268 15806 4521 5269 15807 4522 5269 15808 4525 5269 15809 4522 5270 15810 4523 5270 15811 4525 5270 15812 4535 5276 15828 4539 5276 15829 4538 5276 15830 4536 5277 15831 4537 5277 15832 4540 5277 15833 4535 5278 15834 4538 5278 15835 4540 5278 15836 4550 5284 15852 4551 5284 15853 4553 5284 15854 4552 5285 15855 4555 5285 15856 4554 5285 15857 4552 5286 15858 4550 5286 15859 4555 5286 15860 4550 5287 15861 4553 5287 15862 4555 5287 15863 4564 5291 15873 4567 5291 15874 4566 5291 15875 4565 5292 15876 4568 5292 15877 4567 5292 15878 4563 5293 15879 4566 5293 15880 4568 5293 15881 4577 5297 15891 4581 5297 15892 4580 5297 15893 4579 5298 15894 4577 5298 15895 4580 5298 15896 4590 5304 15912 4594 5304 15913 4593 5304 15914 4592 5305 15915 4595 5305 15916 4591 5305 15917 4590 5306 15918 4593 5306 15919 4592 5306 15920 4597 5307 15921 4599 5307 15922 4596 5307 15923 4597 5308 15924 4601 5308 15925 4600 5308 15926 4598 5309 15927 4601 5309 15928 4597 5309 15929 4598 5310 15930 4599 5310 15931 4601 5310 15932 4611 5318 15954 4613 5318 15955 4610 5318 15956 4612 5319 15957 4614 5319 15958 4611 5319 15959 4612 5320 15960 4615 5320 15961 4614 5320 15962 4625 5327 15981 4628 5327 15982 4627 5327 15983 4625 5328 15984 4629 5328 15985 4628 5328 15986 4627 5329 15987 4628 5329 15988 4630 5329 15989 4642 5337 16011 4644 5337 16012 4641 5337 16013 4642 5338 16014 4646 5338 16015 4645 5338 16016 4641 5339 16017 4646 5339 16018 4643 5339 16019 4658 5346 16038 4660 5346 16039 4657 5346 16040 4657 5347 16041 4662 5347 16042 4659 5347 16043 4657 5348 16044 4660 5348 16045 4662 5348 16046 4672 5356 16068 4676 5356 16069 4675 5356 16070 4673 5357 16071 4676 5357 16072 4672 5357 16073 4673 5358 16074 4677 5358 16075 4676 5358 16076 4687 5368 16104 4689 5368 16105 4686 5368 16106 4687 5369 16107 4691 5369 16108 4690 5369 16109 4686 5370 16110 4691 5370 16111 4688 5370 16112 4696 5373 16119 4700 5373 16120 4699 5373 16121 4698 5374 16122 4701 5374 16123 4697 5374 16124 4696 5375 16125 4699 5375 16126 4698 5375 16127 4712 5384 16152 4714 5384 16153 4711 5384 16154 4713 5385 16155 4715 5385 16156 4712 5385 16157 4713 5386 16158 4714 5386 16159 4716 5386 16160 4590 5393 16179 4591 5393 16180 4594 5393 16181 4591 5394 16182 4595 5394 16183 4594 5394 16184 4592 5395 16185 4593 5395 16186 4595 5395 16187 4597 5396 16188 4600 5396 16189 4599 5396 16190 4598 5397 16191 4596 5397 16192 4599 5397 16193 4611 5401 16203 4614 5401 16204 4613 5401 16205 4612 5402 16206 4610 5402 16207 4615 5402 16208 4610 5403 16209 4613 5403 16210 4615 5403 16211 4625 5410 16230 4626 5410 16231 4629 5410 16232 4626 5411 16233 4630 5411 16234 4629 5411 16235 4626 5412 16236 4627 5412 16237 4630 5412 16238 4642 5420 16260 4645 5420 16261 4644 5420 16262 4642 5421 16263 4643 5421 16264 4646 5421 16265 4641 5422 16266 4644 5422 16267 4646 5422 16268 4658 5431 16293 4661 5431 16294 4660 5431 16295 4658 5432 16296 4659 5432 16297 4661 5432 16298 4659 5433 16299 4662 5433 16300 4661 5433 16301 4673 5439 16317 4674 5439 16318 4677 5439 16319 4674 5440 16320 4675 5440 16321 4677 5440 16322 4674 5441 16323 4672 5441 16324 4675 5441 16325 4687 5443 16329 4690 5443 16330 4689 5443 16331 4687 5444 16332 4688 5444 16333 4691 5444 16334 4686 5445 16335 4689 5445 16336 4691 5445 16337 4696 5446 16338 4697 5446 16339 4700 5446 16340 4697 5447 16341 4701 5447 16342 4700 5447 16343 4698 5448 16344 4699 5448 16345 4701 5448 16346 4712 5453 16359 4715 5453 16360 4714 5453 16361 4713 5454 16362 4716 5454 16363 4715 5454 16364 4713 5455 16365 4711 5455 16366 4714 5455 16367 4725 5460 16380 4729 5460 16381 4728 5460 16382 4727 5461 16383 4730 5461 16384 4726 5461 16385 4725 5462 16386 4728 5462 16387 4727 5462 16388 4731 5463 16389 4735 5463 16390 4734 5463 16391 4733 5464 16392 4736 5464 16393 4732 5464 16394 4733 5465 16395 4734 5465 16396 4736 5465 16397 4731 5466 16398 4734 5466 16399 4733 5466 16400 4745 5471 16413 4747 5471 16414 4744 5471 16415 4746 5472 16416 4749 5472 16417 4748 5472 16418 4744 5473 16419 4747 5473 16420 4746 5473 16421 4759 5479 16437 4762 5479 16438 4758 5479 16439 4760 5480 16440 4763 5480 16441 4759 5480 16442 4760 5481 16443 4761 5481 16444 4763 5481 16445 4775 5488 16464 4777 5488 16465 4774 5488 16466 4773 5489 16467 4776 5489 16468 4778 5489 16469 4789 5496 16488 4791 5496 16489 4788 5496 16490 4789 5497 16491 4792 5497 16492 4791 5497 16493 4788 5498 16494 4793 5498 16495 4790 5498 16496 4802 5507 16521 4806 5507 16522 4805 5507 16523 4804 5508 16524 4807 5508 16525 4803 5508 16526 4802 5509 16527 4805 5509 16528 4804 5509 16529 4817 5515 16545 4819 5515 16546 4816 5515 16547 4817 5516 16548 4821 5516 16549 4820 5516 16550 4816 5517 16551 4821 5517 16552 4818 5517 16553 4832 5524 16572 4835 5524 16573 4834 5524 16574 4833 5525 16575 4835 5525 16576 4832 5525 16577 4833 5526 16578 4836 5526 16579 4835 5526 16580 4846 5530 16590 4849 5530 16591 4848 5530 16592 4847 5531 16593 4849 5531 16594 4846 5531 16595 4725 5542 16626 4726 5542 16627 4729 5542 16628 4726 5543 16629 4730 5543 16630 4729 5543 16631 4727 5544 16632 4728 5544 16633 4730 5544 16634 4731 5545 16635 4732 5545 16636 4735 5545 16637 4732 5546 16638 4736 5546 16639 4735 5546 16640 4745 5551 16653 4748 5551 16654 4747 5551 16655 4745 5552 16656 4746 5552 16657 4748 5552 16658 4746 5553 16659 4747 5553 16660 4749 5553 16661 4758 5559 16677 4762 5559 16678 4761 5559 16679 4759 5560 16680 4763 5560 16681 4762 5560 16682 4760 5561 16683 4758 5561 16684 4761 5561 16685 4773 5568 16704 4777 5568 16705 4776 5568 16706 4773 5569 16707 4774 5569 16708 4777 5569 16709 4775 5570 16710 4778 5570 16711 4777 5570 16712 4775 5571 16713 4773 5571 16714 4778 5571 16715 4789 5578 16734 4790 5578 16735 4792 5578 16736 4790 5579 16737 4793 5579 16738 4792 5579 16739 4788 5580 16740 4791 5580 16741 4793 5580 16742 4802 5583 16749 4803 5583 16750 4806 5583 16751 4803 5584 16752 4807 5584 16753 4806 5584 16754 4804 5585 16755 4805 5585 16756 4807 5585 16757 4817 5591 16773 4820 5591 16774 4819 5591 16775 4817 5592 16776 4818 5592 16777 4821 5592 16778 4816 5593 16779 4819 5593 16780 4821 5593 16781 4831 5600 16800 4832 5600 16801 4834 5600 16802 4833 5601 16803 4831 5601 16804 4836 5601 16805 4831 5602 16806 4834 5602 16807 4836 5602 16808 4845 5610 16830 4846 5610 16831 4848 5610 16832 4847 5611 16833 4850 5611 16834 4849 5611 16835 4847 5612 16836 4845 5612 16837 4850 5612 16838 4845 5613 16839 4848 5613 16840 4850 5613 16841 4860 5616 16848 4864 5616 16849 4863 5616 16850 4862 5617 16851 4865 5617 16852 4861 5617 16853 4860 5618 16854 4863 5618 16855 4862 5618 16856 4866 5619 16857 4870 5619 16858 4869 5619 16859 4867 5620 16860 4870 5620 16861 4866 5620 16862 4868 5621 16863 4869 5621 16864 4871 5621 16865 4882 5627 16881 4885 5627 16882 4881 5627 16883 4882 5628 16884 4886 5628 16885 4885 5628 16886 4895 5632 16896 4897 5632 16897 4894 5632 16898 4896 5633 16899 4898 5633 16900 4895 5633 16901 4896 5634 16902 4899 5634 16903 4898 5634 16904 4908 5639 16917 4912 5639 16918 4911 5639 16919 4910 5640 16920 4913 5640 16921 4909 5640 16922 4910 5641 16923 4911 5641 16924 4913 5641 16925 4924 5648 16944 4927 5648 16945 4923 5648 16946 4925 5649 16947 4926 5649 16948 4928 5649 16949 4938 5660 16980 4942 5660 16981 4941 5660 16982 4940 5661 16983 4941 5661 16984 4943 5661 16985 4938 5662 16986 4941 5662 16987 4940 5662 16988 4952 5667 17001 4954 5667 17002 4951 5667 17003 4952 5668 17004 4956 5668 17005 4955 5668 17006 4953 5669 17007 4954 5669 17008 4956 5669 17009 4966 5675 17025 4968 5675 17026 4965 5675 17027 4966 5676 17028 4970 5676 17029 4969 5676 17030 4965 5677 17031 4970 5677 17032 4967 5677 17033 4980 5689 17067 4984 5689 17068 4983 5689 17069 4981 5690 17070 4985 5690 17071 4984 5690 17072 4982 5691 17073 4985 5691 17074 4981 5691 17075 4860 5698 17094 4861 5698 17095 4864 5698 17096 4861 5699 17097 4865 5699 17098 4864 5699 17099 4862 5700 17100 4863 5700 17101 4865 5700 17102 4867 5701 17103 4871 5701 17104 4870 5701 17105 4867 5702 17106 4868 5702 17107 4871 5702 17108 4868 5703 17109 4866 5703 17110 4869 5703 17111 4881 5711 17133 4885 5711 17134 4884 5711 17135 4882 5712 17136 4883 5712 17137 4886 5712 17138 4883 5713 17139 4884 5713 17140 4886 5713 17141 4883 5714 17142 4881 5714 17143 4884 5714 17144 4895 5720 17160 4898 5720 17161 4897 5720 17162 4896 5721 17163 4894 5721 17164 4899 5721 17165 4894 5722 17166 4897 5722 17167 4899 5722 17168 4908 5729 17187 4909 5729 17188 4912 5729 17189 4909 5730 17190 4913 5730 17191 4912 5730 17192 4910 5731 17193 4908 5731 17194 4911 5731 17195 4923 5738 17214 4927 5738 17215 4926 5738 17216 4924 5739 17217 4925 5739 17218 4927 5739 17219 4925 5740 17220 4928 5740 17221 4927 5740 17222 4925 5741 17223 4923 5741 17224 4926 5741 17225 4938 5744 17232 4939 5744 17233 4942 5744 17234 4939 5745 17235 4943 5745 17236 4942 5745 17237 4939 5746 17238 4940 5746 17239 4943 5746 17240 4952 5751 17253 4955 5751 17254 4954 5751 17255 4952 5752 17256 4953 5752 17257 4956 5752 17258 4953 5753 17259 4951 5753 17260 4954 5753 17261 4966 5759 17277 4969 5759 17278 4968 5759 17279 4966 5760 17280 4967 5760 17281 4970 5760 17282 4965 5761 17283 4968 5761 17284 4970 5761 17285 4980 5763 17289 4981 5763 17290 4984 5763 17291 4982 5764 17292 4983 5764 17293 4985 5764 17294 4982 5765 17295 4980 5765 17296 4983 5765 17297 4995 5772 17316 4999 5772 17317 4998 5772 17318 4997 5773 17319 5000 5773 17320 4996 5773 17321 4995 5774 17322 4998 5774 17323 4997 5774 17324 5001 5775 17325 5005 5775 17326 5004 5775 17327 5003 5776 17328 5005 5776 17329 5002 5776 17330 5001 5777 17331 5006 5777 17332 5003 5777 17333 5015 5783 17349 5019 5783 17350 5018 5783 17351 5017 5784 17352 5020 5784 17353 5016 5784 17354 5017 5785 17355 5018 5785 17356 5020 5785 17357 5015 5786 17358 5018 5786 17359 5017 5786 17360 5029 5790 17370 5031 5790 17371 5028 5790 17372 5029 5791 17373 5033 5791 17374 5032 5791 17375 5030 5792 17376 5031 5792 17377 5033 5792 17378 5044 5798 17394 5048 5798 17395 5047 5798 17396 5045 5799 17397 5048 5799 17398 5044 5799 17399 5060 5809 17427 5064 5809 17428 5063 5809 17429 5061 5810 17430 5064 5810 17431 5060 5810 17432 5062 5811 17433 5063 5811 17434 5065 5811 17435 5075 5817 17451 5077 5817 17452 5074 5817 17453 5076 5818 17454 5078 5818 17455 5075 5818 17456 5076 5819 17457 5079 5819 17458 5078 5819 17459 5074 5820 17460 5077 5820 17461 5079 5820 17462 5087 5829 17487 5091 5829 17488 5090 5829 17489 5088 5830 17490 5091 5830 17491 5087 5830 17492 5101 5839 17517 5104 5839 17518 5103 5839 17519 5102 5840 17520 5105 5840 17521 5104 5840 17522 5103 5841 17523 5106 5841 17524 5105 5841 17525 5116 5846 17538 5120 5846 17539 5119 5846 17540 5117 5847 17541 5121 5847 17542 5120 5847 17543 5118 5848 17544 5121 5848 17545 5117 5848 17546 5116 5849 17547 5119 5849 17548 5118 5849 17549 4995 5854 17562 4996 5854 17563 4999 5854 17564 4996 5855 17565 5000 5855 17566 4999 5855 17567 4997 5856 17568 4998 5856 17569 5000 5856 17570 5001 5857 17571 5002 5857 17572 5005 5857 17573 5003 5858 17574 5006 5858 17575 5005 5858 17576 5001 5859 17577 5004 5859 17578 5006 5859 17579 5015 5865 17595 5016 5865 17596 5019 5865 17597 5016 5866 17598 5020 5866 17599 5019 5866 17600 5029 5872 17616 5032 5872 17617 5031 5872 17618 5029 5873 17619 5030 5873 17620 5033 5873 17621 5030 5874 17622 5028 5874 17623 5031 5874 17624 5045 5884 17652 5049 5884 17653 5048 5884 17654 5045 5885 17655 5046 5885 17656 5049 5885 17657 5046 5886 17658 5047 5886 17659 5049 5886 17660 5046 5887 17661 5044 5887 17662 5047 5887 17663 5061 5893 17679 5065 5893 17680 5064 5893 17681 5061 5894 17682 5062 5894 17683 5065 5894 17684 5062 5895 17685 5060 5895 17686 5063 5895 17687 5075 5901 17703 5078 5901 17704 5077 5901 17705 5076 5902 17706 5074 5902 17707 5079 5902 17708 5088 5903 17709 5092 5903 17710 5091 5903 17711 5088 5904 17712 5089 5904 17713 5092 5904 17714 5089 5905 17715 5090 5905 17716 5092 5905 17717 5089 5906 17718 5087 5906 17719 5090 5906 17720 5101 5909 17727 5102 5909 17728 5104 5909 17729 5102 5910 17730 5103 5910 17731 5105 5910 17732 5103 5911 17733 5104 5911 17734 5106 5911 17735 5116 5920 17760 5117 5920 17761 5120 5920 17762 5118 5921 17763 5119 5921 17764 5121 5921 17765</p>
        </triangles>
        <triangles count="704" material="m4">
          <input semantic="VERTEX" source="#vertices" offset="0" />
          <input semantic="NORMAL" source="#normals" offset="1" />
          <input semantic="TEXCOORD" source="#uv" offset="2" set="0" />
          <p>14 6 18 15 6 19 12 6 20 13 7 21 15 7 22 16 7 23 15 8 24 18 8 25 17 8 26 14 9 27 16 9 28 19 9 29 16 10 30 17 10 31 19 10 32 99 59 177 98 59 178 102 59 179 101 60 180 100 60 181 98 60 182 101 61 183 103 61 184 100 61 185 101 62 186 99 62 187 103 62 188 100 63 189 102 63 190 98 63 191 99 64 192 102 64 193 103 64 194 102 65 195 104 65 196 103 65 197 100 66 198 103 66 199 105 66 200 12 88 264 15 88 265 13 88 266 13 89 267 16 89 268 14 89 269 14 90 270 18 90 271 15 90 272 16 91 273 15 91 274 17 91 275 18 92 276 14 92 277 19 92 278 102 135 405 105 135 406 104 135 407 102 136 408 100 136 409 105 136 410 149 162 486 150 162 487 147 162 488 148 163 489 150 163 490 151 163 491 150 164 492 153 164 493 152 164 494 149 165 495 151 165 496 154 165 497 151 166 498 152 166 499 154 166 500 234 215 645 233 215 646 237 215 647 236 216 648 235 216 649 233 216 650 236 217 651 238 217 652 235 217 653 236 218 654 234 218 655 238 218 656 235 219 657 237 219 658 233 219 659 234 220 660 237 220 661 238 220 662 237 221 663 239 221 664 238 221 665 235 222 666 238 222 667 240 222 668 147 244 732 150 244 733 148 244 734 148 245 735 151 245 736 149 245 737 149 246 738 153 246 739 150 246 740 151 247 741 150 247 742 152 247 743 153 248 744 149 248 745 154 248 746 237 291 873 240 291 874 239 291 875 237 292 876 235 292 877 240 292 878 446 487 1461 450 487 1462 447 487 1463 447 488 1464 450 488 1465 451 488 1466 450 489 1467 452 489 1468 451 489 1469 450 490 1470 448 490 1471 452 490 1472 445 575 1725 447 575 1726 449 575 1727 445 576 1728 446 576 1729 447 576 1730 446 577 1731 449 577 1732 450 577 1733 447 578 1734 451 578 1735 449 578 1736 449 579 1737 448 579 1738 450 579 1739 449 580 1740 451 580 1741 448 580 1742 823 943 2829 824 943 2830 822 943 2831 823 944 2832 825 944 2833 824 944 2834 822 945 2835 826 945 2836 825 945 2837 825 946 2838 826 946 2839 824 946 2840 826 947 2841 827 947 2842 824 947 2843 822 948 2844 829 948 2845 828 948 2846 822 949 2847 827 949 2848 829 949 2849 854 962 2886 856 962 2887 853 962 2888 852 963 2889 855 963 2890 854 963 2891 854 964 2892 857 964 2893 856 964 2894 854 965 2895 855 965 2896 857 965 2897 857 966 2898 855 966 2899 860 966 2900 855 967 2901 858 967 2902 860 967 2903 856 968 2904 859 968 2905 858 968 2906 868 972 2916 869 972 2917 871 972 2918 872 973 2919 870 973 2920 869 973 2921 870 974 2922 875 974 2923 871 974 2924 872 975 2925 874 975 2926 873 975 2927 874 976 2928 876 976 2929 873 976 2930 870 977 2931 876 977 2932 875 977 2933 899 991 2973 898 991 2974 901 991 2975 900 992 2976 902 992 2977 898 992 2978 899 993 2979 901 993 2980 900 993 2981 900 994 2982 901 994 2983 904 994 2984 902 995 2985 901 995 2986 898 995 2987 900 996 2988 904 996 2989 902 996 2990 902 997 2991 903 997 2992 901 997 2993 905 998 2994 903 998 2995 902 998 2996 904 999 2997 905 999 2998 902 999 2999 937 1019 3057 940 1019 3058 939 1019 3059 937 1020 3060 941 1020 3061 940 1020 3062 938 1021 3063 942 1021 3064 941 1021 3065 939 1022 3066 940 1022 3067 942 1022 3068 940 1023 3069 943 1023 3070 942 1023 3071 941 1024 3072 942 1024 3073 944 1024 3074 826 1030 3090 822 1030 3091 828 1030 3092 822 1031 3093 824 1031 3094 827 1031 3095 827 1032 3096 826 1032 3097 828 1032 3098 851 1045 3135 854 1045 3136 853 1045 3137 852 1046 3138 851 1046 3139 855 1046 3140 855 1047 3141 851 1047 3142 853 1047 3143 855 1048 3144 853 1048 3145 858 1048 3146 853 1049 3147 856 1049 3148 858 1049 3149 856 1050 3150 857 1050 3151 859 1050 3152 857 1051 3153 860 1051 3154 859 1051 3155 867 1055 3165 872 1055 3166 869 1055 3167 867 1056 3168 871 1056 3169 872 1056 3170 867 1057 3171 868 1057 3172 871 1057 3173 869 1058 3174 870 1058 3175 871 1058 3176 870 1059 3177 872 1059 3178 873 1059 3179 872 1060 3180 871 1060 3181 874 1060 3182 874 1061 3183 871 1061 3184 875 1061 3185 870 1062 3186 873 1062 3187 876 1062 3188 904 1074 3222 901 1074 3223 903 1074 3224 938 1088 3264 941 1088 3265 937 1088 3266 939 1089 3267 942 1089 3268 938 1089 3269 940 1090 3270 944 1090 3271 943 1090 3272 940 1091 3273 941 1091 3274 944 1091 3275 957 1098 3294 962 1098 3295 959 1098 3296 957 1099 3297 961 1099 3298 960 1099 3299 962 1100 3300 960 1100 3301 964 1100 3302 961 1101 3303 965 1101 3304 960 1101 3305 962 1102 3306 964 1102 3307 961 1102 3308 961 1103 3309 963 1103 3310 965 1103 3311 1005 1134 3402 1003 1134 3403 1004 1134 3404 1003 1135 3405 1007 1135 3406 1004 1135 3407 1003 1136 3408 1006 1136 3409 1007 1136 3410 1004 1137 3411 1007 1137 3412 1009 1137 3413 1006 1138 3414 1009 1138 3415 1008 1138 3416 957 1189 3567 960 1189 3568 962 1189 3569 957 1190 3570 958 1190 3571 961 1190 3572 958 1191 3573 959 1191 3574 961 1191 3575 959 1192 3576 962 1192 3577 961 1192 3578 964 1193 3579 960 1193 3580 965 1193 3581 961 1194 3582 964 1194 3583 963 1194 3584 1005 1209 3627 1004 1209 3628 1009 1209 3629 1007 1210 3630 1006 1210 3631 1008 1210 3632 1006 1211 3633 1005 1211 3634 1009 1211 3635 1093 1255 3765 1094 1255 3766 1092 1255 3767 1093 1256 3768 1095 1256 3769 1094 1256 3770 1092 1257 3771 1096 1257 3772 1095 1257 3773 1095 1258 3774 1096 1258 3775 1094 1258 3776 1096 1259 3777 1097 1259 3778 1094 1259 3779 1092 1260 3780 1099 1260 3781 1098 1260 3782 1092 1261 3783 1097 1261 3784 1099 1261 3785 1124 1274 3822 1126 1274 3823 1123 1274 3824 1122 1275 3825 1125 1275 3826 1124 1275 3827 1124 1276 3828 1127 1276 3829 1126 1276 3830 1124 1277 3831 1125 1277 3832 1127 1277 3833 1127 1278 3834 1125 1278 3835 1130 1278 3836 1125 1279 3837 1128 1279 3838 1130 1279 3839 1126 1280 3840 1129 1280 3841 1128 1280 3842 1138 1284 3852 1139 1284 3853 1141 1284 3854 1142 1285 3855 1140 1285 3856 1139 1285 3857 1140 1286 3858 1145 1286 3859 1141 1286 3860 1142 1287 3861 1144 1287 3862 1143 1287 3863 1144 1288 3864 1146 1288 3865 1143 1288 3866 1140 1289 3867 1146 1289 3868 1145 1289 3869 1169 1303 3909 1168 1303 3910 1171 1303 3911 1170 1304 3912 1172 1304 3913 1168 1304 3914 1169 1305 3915 1171 1305 3916 1170 1305 3917 1170 1306 3918 1171 1306 3919 1174 1306 3920 1172 1307 3921 1171 1307 3922 1168 1307 3923 1170 1308 3924 1174 1308 3925 1172 1308 3926 1172 1309 3927 1173 1309 3928 1171 1309 3929 1175 1310 3930 1173 1310 3931 1172 1310 3932 1174 1311 3933 1175 1311 3934 1172 1311 3935 1207 1331 3993 1210 1331 3994 1209 1331 3995 1207 1332 3996 1211 1332 3997 1210 1332 3998 1208 1333 3999 1212 1333 4000 1211 1333 4001 1209 1334 4002 1210 1334 4003 1212 1334 4004 1210 1335 4005 1213 1335 4006 1212 1335 4007 1211 1336 4008 1212 1336 4009 1214 1336 4010 1096 1342 4026 1092 1342 4027 1098 1342 4028 1092 1343 4029 1094 1343 4030 1097 1343 4031 1097 1344 4032 1096 1344 4033 1098 1344 4034 1121 1357 4071 1124 1357 4072 1123 1357 4073 1122 1358 4074 1121 1358 4075 1125 1358 4076 1125 1359 4077 1121 1359 4078 1123 1359 4079 1125 1360 4080 1123 1360 4081 1128 1360 4082 1123 1361 4083 1126 1361 4084 1128 1361 4085 1126 1362 4086 1127 1362 4087 1129 1362 4088 1127 1363 4089 1130 1363 4090 1129 1363 4091 1137 1367 4101 1142 1367 4102 1139 1367 4103 1137 1368 4104 1141 1368 4105 1142 1368 4106 1137 1369 4107 1138 1369 4108 1141 1369 4109 1139 1370 4110 1140 1370 4111 1141 1370 4112 1140 1371 4113 1142 1371 4114 1143 1371 4115 1142 1372 4116 1141 1372 4117 1144 1372 4118 1144 1373 4119 1141 1373 4120 1145 1373 4121 1140 1374 4122 1143 1374 4123 1146 1374 4124 1174 1386 4158 1171 1386 4159 1173 1386 4160 1208 1400 4200 1211 1400 4201 1207 1400 4202 1209 1401 4203 1212 1401 4204 1208 1401 4205 1210 1402 4206 1214 1402 4207 1213 1402 4208 1210 1403 4209 1211 1403 4210 1214 1403 4211 1227 1410 4230 1232 1410 4231 1229 1410 4232 1227 1411 4233 1231 1411 4234 1230 1411 4235 1232 1412 4236 1230 1412 4237 1234 1412 4238 1231 1413 4239 1235 1413 4240 1230 1413 4241 1232 1414 4242 1234 1414 4243 1231 1414 4244 1231 1415 4245 1233 1415 4246 1235 1415 4247 1275 1446 4338 1273 1446 4339 1274 1446 4340 1273 1447 4341 1277 1447 4342 1274 1447 4343 1273 1448 4344 1276 1448 4345 1277 1448 4346 1274 1449 4347 1277 1449 4348 1279 1449 4349 1276 1450 4350 1279 1450 4351 1278 1450 4352 1227 1501 4503 1230 1501 4504 1232 1501 4505 1227 1502 4506 1228 1502 4507 1231 1502 4508 1228 1503 4509 1229 1503 4510 1231 1503 4511 1229 1504 4512 1232 1504 4513 1231 1504 4514 1234 1505 4515 1230 1505 4516 1235 1505 4517 1231 1506 4518 1234 1506 4519 1233 1506 4520 1275 1521 4563 1274 1521 4564 1279 1521 4565 1277 1522 4566 1276 1522 4567 1278 1522 4568 1276 1523 4569 1275 1523 4570 1279 1523 4571 1363 1567 4701 1364 1567 4702 1362 1567 4703 1363 1568 4704 1365 1568 4705 1364 1568 4706 1362 1569 4707 1366 1569 4708 1365 1569 4709 1365 1570 4710 1366 1570 4711 1364 1570 4712 1366 1571 4713 1367 1571 4714 1364 1571 4715 1362 1572 4716 1369 1572 4717 1368 1572 4718 1362 1573 4719 1367 1573 4720 1369 1573 4721 1394 1586 4758 1396 1586 4759 1393 1586 4760 1392 1587 4761 1395 1587 4762 1394 1587 4763 1394 1588 4764 1397 1588 4765 1396 1588 4766 1394 1589 4767 1395 1589 4768 1397 1589 4769 1397 1590 4770 1395 1590 4771 1400 1590 4772 1395 1591 4773 1398 1591 4774 1400 1591 4775 1396 1592 4776 1399 1592 4777 1398 1592 4778 1408 1596 4788 1409 1596 4789 1411 1596 4790 1412 1597 4791 1410 1597 4792 1409 1597 4793 1410 1598 4794 1415 1598 4795 1411 1598 4796 1412 1599 4797 1414 1599 4798 1413 1599 4799 1414 1600 4800 1416 1600 4801 1413 1600 4802 1410 1601 4803 1416 1601 4804 1415 1601 4805 1439 1615 4845 1438 1615 4846 1441 1615 4847 1440 1616 4848 1442 1616 4849 1438 1616 4850 1439 1617 4851 1441 1617 4852 1440 1617 4853 1440 1618 4854 1441 1618 4855 1444 1618 4856 1442 1619 4857 1441 1619 4858 1438 1619 4859 1440 1620 4860 1444 1620 4861 1442 1620 4862 1442 1621 4863 1443 1621 4864 1441 1621 4865 1445 1622 4866 1443 1622 4867 1442 1622 4868 1444 1623 4869 1445 1623 4870 1442 1623 4871 1477 1643 4929 1480 1643 4930 1479 1643 4931 1477 1644 4932 1481 1644 4933 1480 1644 4934 1478 1645 4935 1482 1645 4936 1481 1645 4937 1479 1646 4938 1480 1646 4939 1482 1646 4940 1480 1647 4941 1483 1647 4942 1482 1647 4943 1481 1648 4944 1482 1648 4945 1484 1648 4946 1366 1654 4962 1362 1654 4963 1368 1654 4964 1362 1655 4965 1364 1655 4966 1367 1655 4967 1367 1656 4968 1366 1656 4969 1368 1656 4970 1391 1669 5007 1394 1669 5008 1393 1669 5009 1392 1670 5010 1391 1670 5011 1395 1670 5012 1395 1671 5013 1391 1671 5014 1393 1671 5015 1395 1672 5016 1393 1672 5017 1398 1672 5018 1393 1673 5019 1396 1673 5020 1398 1673 5021 1396 1674 5022 1397 1674 5023 1399 1674 5024 1397 1675 5025 1400 1675 5026 1399 1675 5027 1407 1679 5037 1412 1679 5038 1409 1679 5039 1407 1680 5040 1411 1680 5041 1412 1680 5042 1407 1681 5043 1408 1681 5044 1411 1681 5045 1409 1682 5046 1410 1682 5047 1411 1682 5048 1410 1683 5049 1412 1683 5050 1413 1683 5051 1412 1684 5052 1411 1684 5053 1414 1684 5054 1414 1685 5055 1411 1685 5056 1415 1685 5057 1410 1686 5058 1413 1686 5059 1416 1686 5060 1444 1698 5094 1441 1698 5095 1443 1698 5096 1478 1712 5136 1481 1712 5137 1477 1712 5138 1479 1713 5139 1482 1713 5140 1478 1713 5141 1480 1714 5142 1484 1714 5143 1483 1714 5144 1480 1715 5145 1481 1715 5146 1484 1715 5147 1526 1735 5205 1530 1735 5206 1527 1735 5207 1527 1736 5208 1530 1736 5209 1531 1736 5210 1530 1737 5211 1532 1737 5212 1531 1737 5213 1530 1738 5214 1528 1738 5215 1532 1738 5216 1525 1823 5469 1527 1823 5470 1529 1823 5471 1525 1824 5472 1526 1824 5473 1527 1824 5474 1526 1825 5475 1529 1825 5476 1530 1825 5477 1527 1826 5478 1531 1826 5479 1529 1826 5480 1529 1827 5481 1528 1827 5482 1530 1827 5483 1529 1828 5484 1531 1828 5485 1528 1828 5486 2039 2346 7038 2040 2346 7039 2037 2346 7040 2038 2347 7041 2040 2347 7042 2041 2347 7043 2040 2348 7044 2043 2348 7045 2042 2348 7046 2039 2349 7047 2041 2349 7048 2044 2349 7049 2041 2350 7050 2042 2350 7051 2044 2350 7052 2124 2399 7197 2123 2399 7198 2127 2399 7199 2126 2400 7200 2125 2400 7201 2123 2400 7202 2126 2401 7203 2128 2401 7204 2125 2401 7205 2126 2402 7206 2124 2402 7207 2128 2402 7208 2125 2403 7209 2127 2403 7210 2123 2403 7211 2124 2404 7212 2127 2404 7213 2128 2404 7214 2127 2405 7215 2129 2405 7216 2128 2405 7217 2125 2406 7218 2128 2406 7219 2130 2406 7220 2037 2428 7284 2040 2428 7285 2038 2428 7286 2038 2429 7287 2041 2429 7288 2039 2429 7289 2039 2430 7290 2043 2430 7291 2040 2430 7292 2041 2431 7293 2040 2431 7294 2042 2431 7295 2043 2432 7296 2039 2432 7297 2044 2432 7298 2127 2475 7425 2130 2475 7426 2129 2475 7427 2127 2476 7428 2125 2476 7429 2130 2476 7430 2174 2502 7506 2175 2502 7507 2172 2502 7508 2173 2503 7509 2175 2503 7510 2176 2503 7511 2175 2504 7512 2178 2504 7513 2177 2504 7514 2174 2505 7515 2176 2505 7516 2179 2505 7517 2176 2506 7518 2177 2506 7519 2179 2506 7520 2259 2555 7665 2258 2555 7666 2262 2555 7667 2261 2556 7668 2260 2556 7669 2258 2556 7670 2261 2557 7671 2263 2557 7672 2260 2557 7673 2261 2558 7674 2259 2558 7675 2263 2558 7676 2260 2559 7677 2262 2559 7678 2258 2559 7679 2259 2560 7680 2262 2560 7681 2263 2560 7682 2262 2561 7683 2264 2561 7684 2263 2561 7685 2260 2562 7686 2263 2562 7687 2265 2562 7688 2172 2584 7752 2175 2584 7753 2173 2584 7754 2173 2585 7755 2176 2585 7756 2174 2585 7757 2174 2586 7758 2178 2586 7759 2175 2586 7760 2176 2587 7761 2175 2587 7762 2177 2587 7763 2178 2588 7764 2174 2588 7765 2179 2588 7766 2262 2631 7893 2265 2631 7894 2264 2631 7895 2262 2632 7896 2260 2632 7897 2265 2632 7898 2578 2971 8913 2579 2971 8914 2577 2971 8915 2578 2972 8916 2580 2972 8917 2579 2972 8918 2577 2973 8919 2581 2973 8920 2580 2973 8921 2580 2974 8922 2581 2974 8923 2579 2974 8924 2581 2975 8925 2582 2975 8926 2579 2975 8927 2577 2976 8928 2584 2976 8929 2583 2976 8930 2577 2977 8931 2582 2977 8932 2584 2977 8933 2609 2990 8970 2611 2990 8971 2608 2990 8972 2607 2991 8973 2610 2991 8974 2609 2991 8975 2609 2992 8976 2612 2992 8977 2611 2992 8978 2609 2993 8979 2610 2993 8980 2612 2993 8981 2612 2994 8982 2610 2994 8983 2615 2994 8984 2610 2995 8985 2613 2995 8986 2615 2995 8987 2611 2996 8988 2614 2996 8989 2613 2996 8990 2623 3000 9000 2624 3000 9001 2626 3000 9002 2627 3001 9003 2625 3001 9004 2624 3001 9005 2625 3002 9006 2630 3002 9007 2626 3002 9008 2627 3003 9009 2629 3003 9010 2628 3003 9011 2629 3004 9012 2631 3004 9013 2628 3004 9014 2625 3005 9015 2631 3005 9016 2630 3005 9017 2654 3019 9057 2653 3019 9058 2656 3019 9059 2655 3020 9060 2657 3020 9061 2653 3020 9062 2654 3021 9063 2656 3021 9064 2655 3021 9065 2655 3022 9066 2656 3022 9067 2659 3022 9068 2657 3023 9069 2656 3023 9070 2653 3023 9071 2655 3024 9072 2659 3024 9073 2657 3024 9074 2657 3025 9075 2658 3025 9076 2656 3025 9077 2660 3026 9078 2658 3026 9079 2657 3026 9080 2659 3027 9081 2660 3027 9082 2657 3027 9083 2692 3047 9141 2695 3047 9142 2694 3047 9143 2692 3048 9144 2696 3048 9145 2695 3048 9146 2693 3049 9147 2697 3049 9148 2696 3049 9149 2694 3050 9150 2695 3050 9151 2697 3050 9152 2695 3051 9153 2698 3051 9154 2697 3051 9155 2696 3052 9156 2697 3052 9157 2699 3052 9158 2581 3058 9174 2577 3058 9175 2583 3058 9176 2577 3059 9177 2579 3059 9178 2582 3059 9179 2582 3060 9180 2581 3060 9181 2583 3060 9182 2606 3073 9219 2609 3073 9220 2608 3073 9221 2607 3074 9222 2606 3074 9223 2610 3074 9224 2610 3075 9225 2606 3075 9226 2608 3075 9227 2610 3076 9228 2608 3076 9229 2613 3076 9230 2608 3077 9231 2611 3077 9232 2613 3077 9233 2611 3078 9234 2612 3078 9235 2614 3078 9236 2612 3079 9237 2615 3079 9238 2614 3079 9239 2622 3083 9249 2627 3083 9250 2624 3083 9251 2622 3084 9252 2626 3084 9253 2627 3084 9254 2622 3085 9255 2623 3085 9256 2626 3085 9257 2624 3086 9258 2625 3086 9259 2626 3086 9260 2625 3087 9261 2627 3087 9262 2628 3087 9263 2627 3088 9264 2626 3088 9265 2629 3088 9266 2629 3089 9267 2626 3089 9268 2630 3089 9269 2625 3090 9270 2628 3090 9271 2631 3090 9272 2659 3102 9306 2656 3102 9307 2658 3102 9308 2693 3116 9348 2696 3116 9349 2692 3116 9350 2694 3117 9351 2697 3117 9352 2693 3117 9353 2695 3118 9354 2699 3118 9355 2698 3118 9356 2695 3119 9357 2696 3119 9358 2699 3119 9359 2712 3126 9378 2713 3126 9379 2718 3126 9380 2712 3127 9381 2718 3127 9382 2714 3127 9383 2713 3128 9384 2715 3128 9385 2718 3128 9386 2714 3129 9387 2717 3129 9388 2715 3129 9389 2714 3130 9390 2716 3130 9391 2717 3130 9392 2717 3131 9393 2718 3131 9394 2715 3131 9395 2787 3174 9522 2785 3174 9523 2788 3174 9524 2788 3175 9525 2786 3175 9526 2787 3175 9527 2788 3176 9528 2792 3176 9529 2786 3176 9530 2713 3207 9621 2714 3207 9622 2715 3207 9623 2714 3208 9624 2718 3208 9625 2716 3208 9626 2785 3245 9735 2786 3245 9736 2789 3245 9737 2785 3246 9738 2789 3246 9739 2788 3246 9740 2786 3247 9741 2792 3247 9742 2789 3247 9743 2788 3248 9744 2789 3248 9745 2790 3248 9746 2789 3249 9747 2791 3249 9748 2790 3249 9749 2789 3250 9750 2792 3250 9751 2791 3250 9752 2788 3251 9753 2790 3251 9754 2792 3251 9755 3252 3750 11250 3257 3750 11251 3254 3750 11252 3252 3751 11253 3256 3751 11254 3255 3751 11255 3257 3752 11256 3255 3752 11257 3259 3752 11258 3256 3753 11259 3260 3753 11260 3255 3753 11261 3257 3754 11262 3259 3754 11263 3256 3754 11264 3256 3755 11265 3258 3755 11266 3260 3755 11267 3300 3786 11358 3298 3786 11359 3299 3786 11360 3298 3787 11361 3302 3787 11362 3299 3787 11363 3298 3788 11364 3301 3788 11365 3302 3788 11366 3299 3789 11367 3302 3789 11368 3304 3789 11369 3301 3790 11370 3304 3790 11371 3303 3790 11372 3252 3841 11523 3255 3841 11524 3257 3841 11525 3252 3842 11526 3253 3842 11527 3256 3842 11528 3253 3843 11529 3254 3843 11530 3256 3843 11531 3254 3844 11532 3257 3844 11533 3256 3844 11534 3259 3845 11535 3255 3845 11536 3260 3845 11537 3256 3846 11538 3259 3846 11539 3258 3846 11540 3300 3861 11583 3299 3861 11584 3304 3861 11585 3302 3862 11586 3301 3862 11587 3303 3862 11588 3301 3863 11589 3300 3863 11590 3304 3863 11591 3389 3906 11718 3390 3906 11719 3387 3906 11720 3388 3907 11721 3390 3907 11722 3391 3907 11723 3390 3908 11724 3393 3908 11725 3392 3908 11726 3389 3909 11727 3391 3909 11728 3394 3909 11729 3391 3910 11730 3392 3910 11731 3394 3910 11732 3474 3959 11877 3473 3959 11878 3477 3959 11879 3476 3960 11880 3475 3960 11881 3473 3960 11882 3476 3961 11883 3478 3961 11884 3475 3961 11885 3476 3962 11886 3474 3962 11887 3478 3962 11888 3475 3963 11889 3477 3963 11890 3473 3963 11891 3474 3964 11892 3477 3964 11893 3478 3964 11894 3477 3965 11895 3479 3965 11896 3478 3965 11897 3475 3966 11898 3478 3966 11899 3480 3966 11900 3387 3988 11964 3390 3988 11965 3388 3988 11966 3388 3989 11967 3391 3989 11968 3389 3989 11969 3389 3990 11970 3393 3990 11971 3390 3990 11972 3391 3991 11973 3390 3991 11974 3392 3991 11975 3393 3992 11976 3389 3992 11977 3394 3992 11978 3477 4035 12105 3480 4035 12106 3479 4035 12107 3477 4036 12108 3475 4036 12109 3480 4036 12110 3522 4062 12186 3527 4062 12187 3524 4062 12188 3522 4063 12189 3526 4063 12190 3525 4063 12191 3527 4064 12192 3525 4064 12193 3529 4064 12194 3526 4065 12195 3530 4065 12196 3525 4065 12197 3527 4066 12198 3529 4066 12199 3526 4066 12200 3526 4067 12201 3528 4067 12202 3530 4067 12203 3570 4098 12294 3568 4098 12295 3569 4098 12296 3568 4099 12297 3572 4099 12298 3569 4099 12299 3568 4100 12300 3571 4100 12301 3572 4100 12302 3569 4101 12303 3572 4101 12304 3574 4101 12305 3571 4102 12306 3574 4102 12307 3573 4102 12308 3522 4153 12459 3525 4153 12460 3527 4153 12461 3522 4154 12462 3523 4154 12463 3526 4154 12464 3523 4155 12465 3524 4155 12466 3526 4155 12467 3524 4156 12468 3527 4156 12469 3526 4156 12470 3529 4157 12471 3525 4157 12472 3530 4157 12473 3526 4158 12474 3529 4158 12475 3528 4158 12476 3570 4173 12519 3569 4173 12520 3574 4173 12521 3572 4174 12522 3571 4174 12523 3573 4174 12524 3571 4175 12525 3570 4175 12526 3574 4175 12527 3658 4219 12657 3659 4219 12658 3657 4219 12659 3658 4220 12660 3660 4220 12661 3659 4220 12662 3657 4221 12663 3661 4221 12664 3660 4221 12665 3660 4222 12666 3661 4222 12667 3659 4222 12668 3661 4223 12669 3662 4223 12670 3659 4223 12671 3657 4224 12672 3664 4224 12673 3663 4224 12674 3657 4225 12675 3662 4225 12676 3664 4225 12677 3689 4238 12714 3691 4238 12715 3688 4238 12716 3687 4239 12717 3690 4239 12718 3689 4239 12719 3689 4240 12720 3692 4240 12721 3691 4240 12722 3689 4241 12723 3690 4241 12724 3692 4241 12725 3692 4242 12726 3690 4242 12727 3695 4242 12728 3690 4243 12729 3693 4243 12730 3695 4243 12731 3691 4244 12732 3694 4244 12733 3693 4244 12734 3703 4248 12744 3704 4248 12745 3706 4248 12746 3707 4249 12747 3705 4249 12748 3704 4249 12749 3705 4250 12750 3710 4250 12751 3706 4250 12752 3707 4251 12753 3709 4251 12754 3708 4251 12755 3709 4252 12756 3711 4252 12757 3708 4252 12758 3705 4253 12759 3711 4253 12760 3710 4253 12761 3734 4267 12801 3733 4267 12802 3736 4267 12803 3735 4268 12804 3737 4268 12805 3733 4268 12806 3734 4269 12807 3736 4269 12808 3735 4269 12809 3735 4270 12810 3736 4270 12811 3739 4270 12812 3737 4271 12813 3736 4271 12814 3733 4271 12815 3735 4272 12816 3739 4272 12817 3737 4272 12818 3737 4273 12819 3738 4273 12820 3736 4273 12821 3740 4274 12822 3738 4274 12823 3737 4274 12824 3739 4275 12825 3740 4275 12826 3737 4275 12827 3772 4295 12885 3775 4295 12886 3774 4295 12887 3772 4296 12888 3776 4296 12889 3775 4296 12890 3773 4297 12891 3777 4297 12892 3776 4297 12893 3774 4298 12894 3775 4298 12895 3777 4298 12896 3775 4299 12897 3778 4299 12898 3777 4299 12899 3776 4300 12900 3777 4300 12901 3779 4300 12902 3661 4306 12918 3657 4306 12919 3663 4306 12920 3657 4307 12921 3659 4307 12922 3662 4307 12923 3662 4308 12924 3661 4308 12925 3663 4308 12926 3686 4321 12963 3689 4321 12964 3688 4321 12965 3687 4322 12966 3686 4322 12967 3690 4322 12968 3690 4323 12969 3686 4323 12970 3688 4323 12971 3690 4324 12972 3688 4324 12973 3693 4324 12974 3688 4325 12975 3691 4325 12976 3693 4325 12977 3691 4326 12978 3692 4326 12979 3694 4326 12980 3692 4327 12981 3695 4327 12982 3694 4327 12983 3702 4331 12993 3707 4331 12994 3704 4331 12995 3702 4332 12996 3706 4332 12997 3707 4332 12998 3702 4333 12999 3703 4333 13000 3706 4333 13001 3704 4334 13002 3705 4334 13003 3706 4334 13004 3705 4335 13005 3707 4335 13006 3708 4335 13007 3707 4336 13008 3706 4336 13009 3709 4336 13010 3709 4337 13011 3706 4337 13012 3710 4337 13013 3705 4338 13014 3708 4338 13015 3711 4338 13016 3739 4350 13050 3736 4350 13051 3738 4350 13052 3773 4364 13092 3776 4364 13093 3772 4364 13094 3774 4365 13095 3777 4365 13096 3773 4365 13097 3775 4366 13098 3779 4366 13099 3778 4366 13100 3775 4367 13101 3776 4367 13102 3779 4367 13103 3928 4531 13593 3929 4531 13594 3927 4531 13595 3928 4532 13596 3930 4532 13597 3929 4532 13598 3927 4533 13599 3931 4533 13600 3930 4533 13601 3930 4534 13602 3931 4534 13603 3929 4534 13604 3931 4535 13605 3932 4535 13606 3929 4535 13607 3927 4536 13608 3934 4536 13609 3933 4536 13610 3927 4537 13611 3932 4537 13612 3934 4537 13613 3959 4550 13650 3961 4550 13651 3958 4550 13652 3957 4551 13653 3960 4551 13654 3959 4551 13655 3959 4552 13656 3962 4552 13657 3961 4552 13658 3959 4553 13659 3960 4553 13660 3962 4553 13661 3962 4554 13662 3960 4554 13663 3965 4554 13664 3960 4555 13665 3963 4555 13666 3965 4555 13667 3961 4556 13668 3964 4556 13669 3963 4556 13670 3973 4560 13680 3974 4560 13681 3976 4560 13682 3977 4561 13683 3975 4561 13684 3974 4561 13685 3975 4562 13686 3980 4562 13687 3976 4562 13688 3977 4563 13689 3979 4563 13690 3978 4563 13691 3979 4564 13692 3981 4564 13693 3978 4564 13694 3975 4565 13695 3981 4565 13696 3980 4565 13697 4004 4579 13737 4003 4579 13738 4006 4579 13739 4005 4580 13740 4007 4580 13741 4003 4580 13742 4004 4581 13743 4006 4581 13744 4005 4581 13745 4005 4582 13746 4006 4582 13747 4009 4582 13748 4007 4583 13749 4006 4583 13750 4003 4583 13751 4005 4584 13752 4009 4584 13753 4007 4584 13754 4007 4585 13755 4008 4585 13756 4006 4585 13757 4010 4586 13758 4008 4586 13759 4007 4586 13760 4009 4587 13761 4010 4587 13762 4007 4587 13763 4042 4607 13821 4045 4607 13822 4044 4607 13823 4042 4608 13824 4046 4608 13825 4045 4608 13826 4043 4609 13827 4047 4609 13828 4046 4609 13829 4044 4610 13830 4045 4610 13831 4047 4610 13832 4045 4611 13833 4048 4611 13834 4047 4611 13835 4046 4612 13836 4047 4612 13837 4049 4612 13838 3931 4618 13854 3927 4618 13855 3933 4618 13856 3927 4619 13857 3929 4619 13858 3932 4619 13859 3932 4620 13860 3931 4620 13861 3933 4620 13862 3956 4633 13899 3959 4633 13900 3958 4633 13901 3957 4634 13902 3956 4634 13903 3960 4634 13904 3960 4635 13905 3956 4635 13906 3958 4635 13907 3960 4636 13908 3958 4636 13909 3963 4636 13910 3958 4637 13911 3961 4637 13912 3963 4637 13913 3961 4638 13914 3962 4638 13915 3964 4638 13916 3962 4639 13917 3965 4639 13918 3964 4639 13919 3972 4643 13929 3977 4643 13930 3974 4643 13931 3972 4644 13932 3976 4644 13933 3977 4644 13934 3972 4645 13935 3973 4645 13936 3976 4645 13937 3974 4646 13938 3975 4646 13939 3976 4646 13940 3975 4647 13941 3977 4647 13942 3978 4647 13943 3977 4648 13944 3976 4648 13945 3979 4648 13946 3979 4649 13947 3976 4649 13948 3980 4649 13949 3975 4650 13950 3978 4650 13951 3981 4650 13952 4009 4662 13986 4006 4662 13987 4008 4662 13988 4043 4676 14028 4046 4676 14029 4042 4676 14030 4044 4677 14031 4047 4677 14032 4043 4677 14033 4045 4678 14034 4049 4678 14035 4048 4678 14036 4045 4679 14037 4046 4679 14038 4049 4679 14039 4064 4686 14058 4065 4686 14059 4062 4686 14060 4063 4687 14061 4065 4687 14062 4066 4687 14063 4065 4688 14064 4068 4688 14065 4067 4688 14066 4064 4689 14067 4066 4689 14068 4069 4689 14069 4066 4690 14070 4067 4690 14071 4069 4690 14072 4149 4739 14217 4148 4739 14218 4152 4739 14219 4151 4740 14220 4150 4740 14221 4148 4740 14222 4151 4741 14223 4153 4741 14224 4150 4741 14225 4151 4742 14226 4149 4742 14227 4153 4742 14228 4150 4743 14229 4152 4743 14230 4148 4743 14231 4149 4744 14232 4152 4744 14233 4153 4744 14234 4152 4745 14235 4154 4745 14236 4153 4745 14237 4150 4746 14238 4153 4746 14239 4155 4746 14240 4062 4768 14304 4065 4768 14305 4063 4768 14306 4063 4769 14307 4066 4769 14308 4064 4769 14309 4064 4770 14310 4068 4770 14311 4065 4770 14312 4066 4771 14313 4065 4771 14314 4067 4771 14315 4068 4772 14316 4064 4772 14317 4069 4772 14318 4152 4815 14445 4155 4815 14446 4154 4815 14447 4152 4816 14448 4150 4816 14449 4155 4816 14450 4361 5011 15033 4365 5011 15034 4362 5011 15035 4362 5012 15036 4365 5012 15037 4366 5012 15038 4365 5013 15039 4367 5013 15040 4366 5013 15041 4365 5014 15042 4363 5014 15043 4367 5014 15044 4360 5099 15297 4362 5099 15298 4364 5099 15299 4360 5100 15300 4361 5100 15301 4362 5100 15302 4361 5101 15303 4364 5101 15304 4365 5101 15305 4362 5102 15306 4366 5102 15307 4364 5102 15308 4364 5103 15309 4363 5103 15310 4365 5103 15311 4364 5104 15312 4366 5104 15313 4363 5104 15314 4467 5154 15462 4472 5154 15463 4469 5154 15464 4467 5155 15465 4471 5155 15466 4470 5155 15467 4472 5156 15468 4470 5156 15469 4474 5156 15470 4471 5157 15471 4475 5157 15472 4470 5157 15473 4472 5158 15474 4474 5158 15475 4471 5158 15476 4471 5159 15477 4473 5159 15478 4475 5159 15479 4515 5190 15570 4513 5190 15571 4514 5190 15572 4513 5191 15573 4517 5191 15574 4514 5191 15575 4513 5192 15576 4516 5192 15577 4517 5192 15578 4514 5193 15579 4517 5193 15580 4519 5193 15581 4516 5194 15582 4519 5194 15583 4518 5194 15584 4467 5245 15735 4470 5245 15736 4472 5245 15737 4467 5246 15738 4468 5246 15739 4471 5246 15740 4468 5247 15741 4469 5247 15742 4471 5247 15743 4469 5248 15744 4472 5248 15745 4471 5248 15746 4474 5249 15747 4470 5249 15748 4475 5249 15749 4471 5250 15750 4474 5250 15751 4473 5250 15752 4515 5265 15795 4514 5265 15796 4519 5265 15797 4517 5266 15798 4516 5266 15799 4518 5266 15800 4516 5267 15801 4515 5267 15802 4519 5267 15803 4603 5311 15933 4604 5311 15934 4602 5311 15935 4603 5312 15936 4605 5312 15937 4604 5312 15938 4602 5313 15939 4606 5313 15940 4605 5313 15941 4605 5314 15942 4606 5314 15943 4604 5314 15944 4606 5315 15945 4607 5315 15946 4604 5315 15947 4602 5316 15948 4609 5316 15949 4608 5316 15950 4602 5317 15951 4607 5317 15952 4609 5317 15953 4634 5330 15990 4636 5330 15991 4633 5330 15992 4632 5331 15993 4635 5331 15994 4634 5331 15995 4634 5332 15996 4637 5332 15997 4636 5332 15998 4634 5333 15999 4635 5333 16000 4637 5333 16001 4637 5334 16002 4635 5334 16003 4640 5334 16004 4635 5335 16005 4638 5335 16006 4640 5335 16007 4636 5336 16008 4639 5336 16009 4638 5336 16010 4648 5340 16020 4649 5340 16021 4651 5340 16022 4652 5341 16023 4650 5341 16024 4649 5341 16025 4650 5342 16026 4655 5342 16027 4651 5342 16028 4652 5343 16029 4654 5343 16030 4653 5343 16031 4654 5344 16032 4656 5344 16033 4653 5344 16034 4650 5345 16035 4656 5345 16036 4655 5345 16037 4679 5359 16077 4678 5359 16078 4681 5359 16079 4680 5360 16080 4682 5360 16081 4678 5360 16082 4679 5361 16083 4681 5361 16084 4680 5361 16085 4680 5362 16086 4681 5362 16087 4684 5362 16088 4682 5363 16089 4681 5363 16090 4678 5363 16091 4680 5364 16092 4684 5364 16093 4682 5364 16094 4682 5365 16095 4683 5365 16096 4681 5365 16097 4685 5366 16098 4683 5366 16099 4682 5366 16100 4684 5367 16101 4685 5367 16102 4682 5367 16103 4717 5387 16161 4720 5387 16162 4719 5387 16163 4717 5388 16164 4721 5388 16165 4720 5388 16166 4718 5389 16167 4722 5389 16168 4721 5389 16169 4719 5390 16170 4720 5390 16171 4722 5390 16172 4720 5391 16173 4723 5391 16174 4722 5391 16175 4721 5392 16176 4722 5392 16177 4724 5392 16178 4606 5398 16194 4602 5398 16195 4608 5398 16196 4602 5399 16197 4604 5399 16198 4607 5399 16199 4607 5400 16200 4606 5400 16201 4608 5400 16202 4631 5413 16239 4634 5413 16240 4633 5413 16241 4632 5414 16242 4631 5414 16243 4635 5414 16244 4635 5415 16245 4631 5415 16246 4633 5415 16247 4635 5416 16248 4633 5416 16249 4638 5416 16250 4633 5417 16251 4636 5417 16252 4638 5417 16253 4636 5418 16254 4637 5418 16255 4639 5418 16256 4637 5419 16257 4640 5419 16258 4639 5419 16259 4647 5423 16269 4652 5423 16270 4649 5423 16271 4647 5424 16272 4651 5424 16273 4652 5424 16274 4647 5425 16275 4648 5425 16276 4651 5425 16277 4649 5426 16278 4650 5426 16279 4651 5426 16280 4650 5427 16281 4652 5427 16282 4653 5427 16283 4652 5428 16284 4651 5428 16285 4654 5428 16286 4654 5429 16287 4651 5429 16288 4655 5429 16289 4650 5430 16290 4653 5430 16291 4656 5430 16292 4684 5442 16326 4681 5442 16327 4683 5442 16328 4718 5456 16368 4721 5456 16369 4717 5456 16370 4719 5457 16371 4722 5457 16372 4718 5457 16373 4720 5458 16374 4724 5458 16375 4723 5458 16376 4720 5459 16377 4721 5459 16378 4724 5459 16379 4901 5635 16905 4905 5635 16906 4902 5635 16907 4902 5636 16908 4905 5636 16909 4906 5636 16910 4905 5637 16911 4907 5637 16912 4906 5637 16913 4905 5638 16914 4903 5638 16915 4907 5638 16916 4900 5723 17169 4902 5723 17170 4904 5723 17171 4900 5724 17172 4901 5724 17173 4902 5724 17174 4901 5725 17175 4904 5725 17176 4905 5725 17177 4902 5726 17178 4906 5726 17179 4904 5726 17180 4904 5727 17181 4903 5727 17182 4905 5727 17183 4904 5728 17184 4906 5728 17185 4903 5728 17186 5009 5778 17334 5010 5778 17335 5007 5778 17336 5008 5779 17337 5010 5779 17338 5011 5779 17339 5010 5780 17340 5013 5780 17341 5012 5780 17342 5009 5781 17343 5011 5781 17344 5014 5781 17345 5011 5782 17346 5012 5782 17347 5014 5782 17348 5094 5831 17493 5093 5831 17494 5097 5831 17495 5096 5832 17496 5095 5832 17497 5093 5832 17498 5096 5833 17499 5098 5833 17500 5095 5833 17501 5096 5834 17502 5094 5834 17503 5098 5834 17504 5095 5835 17505 5097 5835 17506 5093 5835 17507 5094 5836 17508 5097 5836 17509 5098 5836 17510 5097 5837 17511 5099 5837 17512 5098 5837 17513 5095 5838 17514 5098 5838 17515 5100 5838 17516 5007 5860 17580 5010 5860 17581 5008 5860 17582 5008 5861 17583 5011 5861 17584 5009 5861 17585 5009 5862 17586 5013 5862 17587 5010 5862 17588 5011 5863 17589 5010 5863 17590 5012 5863 17591 5013 5864 17592 5009 5864 17593 5014 5864 17594 5097 5907 17721 5100 5907 17722 5099 5907 17723 5097 5908 17724 5095 5908 17725 5100 5908 17726</p>
        </triangles>
        <triangles count="716" material="m1">
          <input semantic="VERTEX" source="#vertices" offset="0" />
          <input semantic="NORMAL" source="#normals" offset="1" />
          <input semantic="TEXCOORD" source="#uv" offset="2" set="0" />
          <p>27 15 45 29 15 46 26 15 47 28 16 48 32 16 49 27 16 50 32 17 51 31 17 52 27 17 53 71 40 120 75 40 121 73 40 122 73 41 123 75 41 124 74 41 125 71 42 126 78 42 127 76 42 128 75 43 129 76 43 130 77 43 131 74 44 132 77 44 133 78 44 134 26 95 285 28 95 286 27 95 287 26 96 288 29 96 289 32 96 290 29 97 291 27 97 292 30 97 293 32 98 294 29 98 295 30 98 296 30 99 297 27 99 298 31 99 299 72 124 372 73 124 373 78 124 374 73 125 375 74 125 376 78 125 377 71 126 378 72 126 379 78 126 380 75 127 381 71 127 382 76 127 383 74 128 384 75 128 385 77 128 386 162 171 513 164 171 514 161 171 515 163 172 516 167 172 517 162 172 518 167 173 519 166 173 520 162 173 521 206 196 588 210 196 589 208 196 590 208 197 591 210 197 592 209 197 593 206 198 594 213 198 595 211 198 596 210 199 597 211 199 598 212 199 599 209 200 600 212 200 601 213 200 602 161 251 753 163 251 754 162 251 755 161 252 756 164 252 757 167 252 758 164 253 759 162 253 760 165 253 761 167 254 762 164 254 763 165 254 764 165 255 765 162 255 766 166 255 767 207 280 840 208 280 841 213 280 842 208 281 843 209 281 844 213 281 845 206 282 846 207 282 847 213 282 848 210 283 849 206 283 850 211 283 851 209 284 852 210 284 853 212 284 854 353 363 1089 356 363 1090 355 363 1091 354 364 1092 356 364 1093 353 364 1094 355 365 1095 356 365 1096 357 365 1097 354 366 1098 359 366 1099 356 366 1100 357 367 1101 358 367 1102 360 367 1103 381 377 1131 386 377 1132 387 377 1133 381 378 1134 382 378 1135 386 378 1136 385 379 1137 386 379 1138 382 379 1139 383 380 1140 387 380 1141 385 380 1142 385 381 1143 389 381 1144 388 381 1145 385 382 1146 388 382 1147 390 382 1148 355 433 1299 357 433 1300 354 433 1301 356 434 1302 358 434 1303 357 434 1304 354 435 1305 357 435 1306 359 435 1307 359 436 1308 357 436 1309 360 436 1310 358 437 1311 356 437 1312 359 437 1313 384 451 1353 381 451 1354 387 451 1355 382 452 1356 384 452 1357 383 452 1358 384 453 1359 387 453 1360 383 453 1361 383 454 1362 385 454 1363 382 454 1364 385 455 1365 387 455 1366 389 455 1367 387 456 1368 386 456 1369 389 456 1370 386 457 1371 390 457 1372 389 457 1373 386 458 1374 385 458 1375 390 458 1376 516 530 1590 519 530 1591 518 530 1592 516 531 1593 517 531 1594 519 531 1595 517 532 1596 518 532 1597 521 532 1598 518 533 1599 520 533 1600 521 533 1601 519 534 1602 520 534 1603 518 534 1604 521 535 1605 519 535 1606 517 535 1607 520 536 1608 519 536 1609 522 536 1610 521 537 1611 523 537 1612 519 537 1613 519 538 1614 523 538 1615 522 538 1616 521 539 1617 524 539 1618 523 539 1619 521 540 1620 522 540 1621 524 540 1622 531 544 1632 534 544 1633 533 544 1634 532 545 1635 533 545 1636 535 545 1637 535 546 1638 538 546 1639 534 546 1640 538 547 1641 537 547 1642 534 547 1643 534 548 1644 537 548 1645 536 548 1646 536 549 1647 539 549 1648 535 549 1649 520 614 1842 522 614 1843 521 614 1844 531 618 1854 532 618 1855 534 618 1856 532 619 1857 535 619 1858 534 619 1859 536 620 1860 533 620 1861 534 620 1862 535 621 1863 533 621 1864 536 621 1865 538 622 1866 535 622 1867 539 622 1868 536 623 1869 537 623 1870 539 623 1871 611 662 1986 614 662 1987 610 662 1988 611 663 1989 612 663 1990 614 663 1991 610 664 1992 615 664 1993 613 664 1994 612 665 1995 616 665 1996 614 665 1997 615 666 1998 616 666 1999 612 666 2000 617 667 2001 616 667 2002 615 667 2003 639 680 2040 643 680 2041 641 680 2042 640 681 2043 643 681 2044 639 681 2045 642 682 2046 644 682 2047 640 682 2048 667 693 2079 670 693 2080 668 693 2081 671 694 2082 668 694 2083 673 694 2084 670 695 2085 672 695 2086 668 695 2087 671 696 2088 673 696 2089 670 696 2090 672 697 2091 673 697 2092 668 697 2093 670 698 2094 674 698 2095 672 698 2096 611 741 2223 613 741 2224 612 741 2225 612 742 2226 613 742 2227 615 742 2228 610 743 2229 617 743 2230 615 743 2231 610 744 2232 614 744 2233 617 744 2234 641 757 2271 642 757 2272 640 757 2273 641 758 2274 643 758 2275 642 758 2276 643 759 2277 640 759 2278 644 759 2279 642 760 2280 643 760 2281 645 760 2282 643 761 2283 644 761 2284 645 761 2285 667 776 2328 669 776 2329 670 776 2330 669 777 2331 671 777 2332 670 777 2333 669 778 2334 668 778 2335 671 778 2336 670 779 2337 673 779 2338 674 779 2339 758 831 2493 761 831 2494 760 831 2495 759 832 2496 761 832 2497 758 832 2498 760 833 2499 761 833 2500 762 833 2501 759 834 2502 764 834 2503 761 834 2504 762 835 2505 763 835 2506 765 835 2507 786 845 2535 791 845 2536 792 845 2537 786 846 2538 787 846 2539 791 846 2540 790 847 2541 791 847 2542 787 847 2543 788 848 2544 792 848 2545 790 848 2546 790 849 2547 794 849 2548 793 849 2549 790 850 2550 793 850 2551 795 850 2552 760 901 2703 762 901 2704 759 901 2705 761 902 2706 763 902 2707 762 902 2708 759 903 2709 762 903 2710 764 903 2711 764 904 2712 762 904 2713 765 904 2714 763 905 2715 761 905 2716 764 905 2717 789 919 2757 786 919 2758 792 919 2759 787 920 2760 789 920 2761 788 920 2762 789 921 2763 792 921 2764 788 921 2765 788 922 2766 790 922 2767 787 922 2768 790 923 2769 792 923 2770 794 923 2771 792 924 2772 791 924 2773 794 924 2774 791 925 2775 795 925 2776 794 925 2777 791 926 2778 790 926 2779 795 926 2780 885 981 2943 884 981 2944 883 981 2945 885 982 2946 887 982 2947 884 982 2948 886 983 2949 884 983 2950 888 983 2951 887 984 2952 888 984 2953 890 984 2954 884 985 2955 889 985 2956 888 985 2957 884 986 2958 890 986 2959 889 986 2960 888 987 2961 889 987 2962 891 987 2963 883 1066 3198 884 1066 3199 886 1066 3200 885 1067 3201 886 1067 3202 887 1067 3203 886 1068 3204 888 1068 3205 887 1068 3206 887 1069 3207 890 1069 3208 884 1069 3209 890 1070 3210 888 1070 3211 891 1070 3212 1060 1169 3507 1064 1169 3508 1059 1169 3509 1061 1170 3510 1062 1170 3511 1064 1170 3512 1059 1171 3513 1062 1171 3514 1061 1171 3515 1064 1172 3516 1063 1172 3517 1059 1172 3518 1062 1173 3519 1066 1173 3520 1064 1173 3521 1064 1174 3522 1065 1174 3523 1063 1174 3524 1063 1175 3525 1066 1175 3526 1062 1175 3527 1060 1238 3714 1061 1238 3715 1064 1238 3716 1059 1239 3717 1063 1239 3718 1062 1239 3719 1064 1240 3720 1066 1240 3721 1065 1240 3722 1155 1293 3879 1154 1293 3880 1153 1293 3881 1155 1294 3882 1157 1294 3883 1154 1294 3884 1156 1295 3885 1154 1295 3886 1158 1295 3887 1157 1296 3888 1158 1296 3889 1160 1296 3890 1154 1297 3891 1159 1297 3892 1158 1297 3893 1154 1298 3894 1160 1298 3895 1159 1298 3896 1158 1299 3897 1159 1299 3898 1161 1299 3899 1153 1378 4134 1154 1378 4135 1156 1378 4136 1155 1379 4137 1156 1379 4138 1157 1379 4139 1156 1380 4140 1158 1380 4141 1157 1380 4142 1157 1381 4143 1160 1381 4144 1154 1381 4145 1160 1382 4146 1158 1382 4147 1161 1382 4148 1330 1481 4443 1334 1481 4444 1329 1481 4445 1331 1482 4446 1332 1482 4447 1334 1482 4448 1329 1483 4449 1332 1483 4450 1331 1483 4451 1334 1484 4452 1333 1484 4453 1329 1484 4454 1332 1485 4455 1336 1485 4456 1334 1485 4457 1334 1486 4458 1335 1486 4459 1333 1486 4460 1333 1487 4461 1336 1487 4462 1332 1487 4463 1330 1550 4650 1331 1550 4651 1334 1550 4652 1329 1551 4653 1333 1551 4654 1332 1551 4655 1334 1552 4656 1336 1552 4657 1335 1552 4658 1425 1605 4815 1424 1605 4816 1423 1605 4817 1425 1606 4818 1427 1606 4819 1424 1606 4820 1426 1607 4821 1424 1607 4822 1428 1607 4823 1427 1608 4824 1428 1608 4825 1430 1608 4826 1424 1609 4827 1429 1609 4828 1428 1609 4829 1424 1610 4830 1430 1610 4831 1429 1610 4832 1428 1611 4833 1429 1611 4834 1431 1611 4835 1423 1690 5070 1424 1690 5071 1426 1690 5072 1425 1691 5073 1426 1691 5074 1427 1691 5075 1426 1692 5076 1428 1692 5077 1427 1692 5078 1427 1693 5079 1430 1693 5080 1424 1693 5081 1430 1694 5082 1428 1694 5083 1431 1694 5084 1596 1778 5334 1599 1778 5335 1598 1778 5336 1596 1779 5337 1597 1779 5338 1599 1779 5339 1597 1780 5340 1598 1780 5341 1601 1780 5342 1598 1781 5343 1600 1781 5344 1601 1781 5345 1599 1782 5346 1600 1782 5347 1598 1782 5348 1601 1783 5349 1599 1783 5350 1597 1783 5351 1600 1784 5352 1599 1784 5353 1602 1784 5354 1601 1785 5355 1603 1785 5356 1599 1785 5357 1599 1786 5358 1603 1786 5359 1602 1786 5360 1601 1787 5361 1604 1787 5362 1603 1787 5363 1601 1788 5364 1602 1788 5365 1604 1788 5366 1611 1792 5376 1614 1792 5377 1613 1792 5378 1612 1793 5379 1613 1793 5380 1615 1793 5381 1615 1794 5382 1618 1794 5383 1614 1794 5384 1618 1795 5385 1617 1795 5386 1614 1795 5387 1614 1796 5388 1617 1796 5389 1616 1796 5390 1616 1797 5391 1619 1797 5392 1615 1797 5393 1600 1862 5586 1602 1862 5587 1601 1862 5588 1611 1866 5598 1612 1866 5599 1614 1866 5600 1612 1867 5601 1615 1867 5602 1614 1867 5603 1616 1868 5604 1613 1868 5605 1614 1868 5606 1615 1869 5607 1613 1869 5608 1616 1869 5609 1618 1870 5610 1615 1870 5611 1619 1870 5612 1616 1871 5613 1617 1871 5614 1619 1871 5615 1703 1923 5769 1706 1923 5770 1705 1923 5771 1704 1924 5772 1706 1924 5773 1703 1924 5774 1705 1925 5775 1706 1925 5776 1707 1925 5777 1704 1926 5778 1709 1926 5779 1706 1926 5780 1707 1927 5781 1708 1927 5782 1710 1927 5783 1731 1937 5811 1736 1937 5812 1737 1937 5813 1731 1938 5814 1732 1938 5815 1736 1938 5816 1735 1939 5817 1736 1939 5818 1732 1939 5819 1733 1940 5820 1737 1940 5821 1735 1940 5822 1735 1941 5823 1739 1941 5824 1738 1941 5825 1735 1942 5826 1738 1942 5827 1740 1942 5828 1705 1993 5979 1707 1993 5980 1704 1993 5981 1706 1994 5982 1708 1994 5983 1707 1994 5984 1704 1995 5985 1707 1995 5986 1709 1995 5987 1709 1996 5988 1707 1996 5989 1710 1996 5990 1708 1997 5991 1706 1997 5992 1709 1997 5993 1734 2011 6033 1731 2011 6034 1737 2011 6035 1732 2012 6036 1734 2012 6037 1733 2012 6038 1734 2013 6039 1737 2013 6040 1733 2013 6041 1733 2014 6042 1735 2014 6043 1732 2014 6044 1735 2015 6045 1737 2015 6046 1739 2015 6047 1737 2016 6048 1736 2016 6049 1739 2016 6050 1736 2017 6051 1740 2017 6052 1739 2017 6053 1736 2018 6054 1735 2018 6055 1740 2018 6056 1838 2079 6237 1841 2079 6238 1840 2079 6239 1839 2080 6240 1841 2080 6241 1838 2080 6242 1840 2081 6243 1841 2081 6244 1842 2081 6245 1839 2082 6246 1844 2082 6247 1841 2082 6248 1842 2083 6249 1843 2083 6250 1845 2083 6251 1866 2093 6279 1871 2093 6280 1872 2093 6281 1866 2094 6282 1867 2094 6283 1871 2094 6284 1870 2095 6285 1871 2095 6286 1867 2095 6287 1868 2096 6288 1872 2096 6289 1870 2096 6290 1870 2097 6291 1874 2097 6292 1873 2097 6293 1870 2098 6294 1873 2098 6295 1875 2098 6296 1840 2149 6447 1842 2149 6448 1839 2149 6449 1841 2150 6450 1843 2150 6451 1842 2150 6452 1839 2151 6453 1842 2151 6454 1844 2151 6455 1844 2152 6456 1842 2152 6457 1845 2152 6458 1843 2153 6459 1841 2153 6460 1844 2153 6461 1869 2167 6501 1866 2167 6502 1872 2167 6503 1867 2168 6504 1869 2168 6505 1868 2168 6506 1869 2169 6507 1872 2169 6508 1868 2169 6509 1868 2170 6510 1870 2170 6511 1867 2170 6512 1870 2171 6513 1872 2171 6514 1874 2171 6515 1872 2172 6516 1871 2172 6517 1874 2172 6518 1871 2173 6519 1875 2173 6520 1874 2173 6521 1871 2174 6522 1870 2174 6523 1875 2174 6524 1917 2198 6594 1920 2198 6595 1918 2198 6596 1917 2199 6597 1918 2199 6598 1919 2199 6599 1915 2200 6600 1920 2200 6601 1917 2200 6602 1915 2201 6603 1921 2201 6604 1920 2201 6605 1919 2202 6606 1920 2202 6607 1922 2202 6608 1987 2242 6726 1991 2242 6727 1992 2242 6728 1989 2243 6729 1992 2243 6730 1988 2243 6731 1988 2244 6732 1991 2244 6733 1990 2244 6734 1992 2245 6735 1993 2245 6736 1988 2245 6737 1988 2246 6738 1995 2246 6739 1991 2246 6740 1993 2247 6741 1995 2247 6742 1988 2247 6743 1916 2278 6834 1919 2278 6835 1915 2278 6836 1916 2279 6837 1917 2279 6838 1919 2279 6839 1915 2280 6840 1919 2280 6841 1922 2280 6842 1919 2281 6843 1918 2281 6844 1920 2281 6845 1915 2282 6846 1922 2282 6847 1921 2282 6848 1990 2318 6954 1989 2318 6955 1988 2318 6956 1987 2319 6957 1992 2319 6958 1989 2319 6959 1987 2320 6960 1990 2320 6961 1991 2320 6962 1993 2321 6963 1992 2321 6964 1994 2321 6965 1992 2322 6966 1991 2322 6967 1994 2322 6968 1991 2323 6969 1995 2323 6970 1994 2323 6971 2052 2355 7065 2054 2355 7066 2051 2355 7067 2053 2356 7068 2057 2356 7069 2052 2356 7070 2057 2357 7071 2056 2357 7072 2052 2357 7073 2096 2380 7140 2100 2380 7141 2098 2380 7142 2098 2381 7143 2100 2381 7144 2099 2381 7145 2096 2382 7146 2103 2382 7147 2101 2382 7148 2100 2383 7149 2101 2383 7150 2102 2383 7151 2099 2384 7152 2102 2384 7153 2103 2384 7154 2051 2435 7305 2053 2435 7306 2052 2435 7307 2051 2436 7308 2054 2436 7309 2057 2436 7310 2054 2437 7311 2052 2437 7312 2055 2437 7313 2057 2438 7314 2054 2438 7315 2055 2438 7316 2055 2439 7317 2052 2439 7318 2056 2439 7319 2097 2464 7392 2098 2464 7393 2103 2464 7394 2098 2465 7395 2099 2465 7396 2103 2465 7397 2096 2466 7398 2097 2466 7399 2103 2466 7400 2100 2467 7401 2096 2467 7402 2101 2467 7403 2099 2468 7404 2100 2468 7405 2102 2468 7406 2187 2511 7533 2189 2511 7534 2186 2511 7535 2188 2512 7536 2192 2512 7537 2187 2512 7538 2192 2513 7539 2191 2513 7540 2187 2513 7541 2231 2536 7608 2235 2536 7609 2233 2536 7610 2233 2537 7611 2235 2537 7612 2234 2537 7613 2231 2538 7614 2238 2538 7615 2236 2538 7616 2235 2539 7617 2236 2539 7618 2237 2539 7619 2234 2540 7620 2237 2540 7621 2238 2540 7622 2186 2591 7773 2188 2591 7774 2187 2591 7775 2186 2592 7776 2189 2592 7777 2192 2592 7778 2189 2593 7779 2187 2593 7780 2190 2593 7781 2192 2594 7782 2189 2594 7783 2190 2594 7784 2190 2595 7785 2187 2595 7786 2191 2595 7787 2232 2620 7860 2233 2620 7861 2238 2620 7862 2233 2621 7863 2234 2621 7864 2238 2621 7865 2231 2622 7866 2232 2622 7867 2238 2622 7868 2235 2623 7869 2231 2623 7870 2236 2623 7871 2234 2624 7872 2235 2624 7873 2237 2624 7874 2378 2703 8109 2381 2703 8110 2380 2703 8111 2379 2704 8112 2381 2704 8113 2378 2704 8114 2380 2705 8115 2381 2705 8116 2382 2705 8117 2379 2706 8118 2384 2706 8119 2381 2706 8120 2382 2707 8121 2383 2707 8122 2385 2707 8123 2406 2717 8151 2411 2717 8152 2412 2717 8153 2406 2718 8154 2407 2718 8155 2411 2718 8156 2410 2719 8157 2411 2719 8158 2407 2719 8159 2408 2720 8160 2412 2720 8161 2410 2720 8162 2410 2721 8163 2414 2721 8164 2413 2721 8165 2410 2722 8166 2413 2722 8167 2415 2722 8168 2380 2773 8319 2382 2773 8320 2379 2773 8321 2381 2774 8322 2383 2774 8323 2382 2774 8324 2379 2775 8325 2382 2775 8326 2384 2775 8327 2384 2776 8328 2382 2776 8329 2385 2776 8330 2383 2777 8331 2381 2777 8332 2384 2777 8333 2409 2791 8373 2406 2791 8374 2412 2791 8375 2407 2792 8376 2409 2792 8377 2408 2792 8378 2409 2793 8379 2412 2793 8380 2408 2793 8381 2408 2794 8382 2410 2794 8383 2407 2794 8384 2410 2795 8385 2412 2795 8386 2414 2795 8387 2412 2796 8388 2411 2796 8389 2414 2796 8390 2411 2797 8391 2415 2797 8392 2414 2797 8393 2411 2798 8394 2410 2798 8395 2415 2798 8396 2501 2850 8550 2502 2850 8551 2503 2850 8552 2500 2851 8553 2504 2851 8554 2502 2851 8555 2501 2852 8556 2504 2852 8557 2500 2852 8558 2501 2853 8559 2503 2853 8560 2505 2853 8561 2503 2854 8562 2504 2854 8563 2506 2854 8564 2501 2855 8565 2505 2855 8566 2504 2855 8567 2543 2875 8625 2542 2875 8626 2541 2875 8627 2544 2876 8628 2545 2876 8629 2543 2876 8630 2543 2877 8631 2548 2877 8632 2542 2877 8633 2543 2878 8634 2545 2878 8635 2548 2878 8636 2544 2879 8637 2542 2879 8638 2545 2879 8639 2542 2880 8640 2546 2880 8641 2545 2880 8642 2542 2881 8643 2547 2881 8644 2546 2881 8645 2545 2882 8646 2546 2882 8647 2548 2882 8648 2548 2883 8649 2549 2883 8650 2550 2883 8651 2559 2887 8661 2561 2887 8662 2557 2887 8663 2557 2888 8664 2561 2888 8665 2560 2888 8666 2560 2889 8667 2563 2889 8668 2559 2889 8669 2560 2890 8670 2561 2890 8671 2563 2890 8672 2559 2891 8673 2562 2891 8674 2561 2891 8675 2561 2892 8676 2564 2892 8677 2563 2892 8678 2503 2931 8793 2502 2931 8794 2504 2931 8795 2505 2932 8796 2503 2932 8797 2506 2932 8798 2544 2952 8856 2541 2952 8857 2542 2952 8858 2542 2953 8859 2548 2953 8860 2547 2953 8861 2546 2954 8862 2547 2954 8863 2549 2954 8864 2547 2955 8865 2548 2955 8866 2550 2955 8867 2548 2956 8868 2546 2956 8869 2549 2956 8870 2557 2960 8880 2558 2960 8881 2559 2960 8882 2558 2961 8883 2560 2961 8884 2559 2961 8885 2559 2962 8886 2563 2962 8887 2562 2962 8888 2561 2963 8889 2562 2963 8890 2564 2963 8891 2640 3009 9027 2639 3009 9028 2638 3009 9029 2640 3010 9030 2642 3010 9031 2639 3010 9032 2641 3011 9033 2639 3011 9034 2643 3011 9035 2642 3012 9036 2643 3012 9037 2645 3012 9038 2639 3013 9039 2644 3013 9040 2643 3013 9041 2639 3014 9042 2645 3014 9043 2644 3014 9044 2643 3015 9045 2644 3015 9046 2646 3015 9047 2638 3094 9282 2639 3094 9283 2641 3094 9284 2640 3095 9285 2641 3095 9286 2642 3095 9287 2641 3096 9288 2643 3096 9289 2642 3096 9290 2642 3097 9291 2645 3097 9292 2639 3097 9293 2645 3098 9294 2643 3098 9295 2646 3098 9296 2754 3153 9459 2755 3153 9460 2758 3153 9461 2755 3154 9462 2756 3154 9463 2759 3154 9464 2757 3155 9465 2758 3155 9466 2756 3155 9467 2756 3156 9468 2761 3156 9469 2759 3156 9470 2756 3157 9471 2758 3157 9472 2761 3157 9473 2758 3158 9474 2762 3158 9475 2761 3158 9476 2761 3159 9477 2760 3159 9478 2759 3159 9479 2755 3228 9684 2757 3228 9685 2756 3228 9686 2757 3229 9687 2754 3229 9688 2758 3229 9689 2755 3230 9690 2759 3230 9691 2758 3230 9692 2758 3231 9693 2759 3231 9694 2760 3231 9695 2758 3232 9696 2760 3232 9697 2762 3232 9698 2862 3290 9870 2865 3290 9871 2863 3290 9872 2862 3291 9873 2863 3291 9874 2864 3291 9875 2860 3292 9876 2865 3292 9877 2862 3292 9878 2860 3293 9879 2866 3293 9880 2865 3293 9881 2864 3294 9882 2865 3294 9883 2867 3294 9884 2932 3334 10002 2936 3334 10003 2937 3334 10004 2934 3335 10005 2937 3335 10006 2933 3335 10007 2933 3336 10008 2936 3336 10009 2935 3336 10010 2937 3337 10011 2938 3337 10012 2933 3337 10013 2933 3338 10014 2940 3338 10015 2936 3338 10016 2938 3339 10017 2940 3339 10018 2933 3339 10019 2861 3370 10110 2864 3370 10111 2860 3370 10112 2861 3371 10113 2862 3371 10114 2864 3371 10115 2860 3372 10116 2864 3372 10117 2867 3372 10118 2864 3373 10119 2863 3373 10120 2865 3373 10121 2860 3374 10122 2867 3374 10123 2866 3374 10124 2935 3410 10230 2934 3410 10231 2933 3410 10232 2932 3411 10233 2937 3411 10234 2934 3411 10235 2932 3412 10236 2935 3412 10237 2936 3412 10238 2938 3413 10239 2937 3413 10240 2939 3413 10241 2937 3414 10242 2936 3414 10243 2939 3414 10244 2936 3415 10245 2940 3415 10246 2939 3415 10247 3041 3470 10410 3044 3470 10411 3040 3470 10412 3041 3471 10413 3042 3471 10414 3044 3471 10415 3040 3472 10416 3045 3472 10417 3043 3472 10418 3042 3473 10419 3046 3473 10420 3044 3473 10421 3045 3474 10422 3046 3474 10423 3042 3474 10424 3047 3475 10425 3046 3475 10426 3045 3475 10427 3069 3488 10464 3073 3488 10465 3071 3488 10466 3070 3489 10467 3073 3489 10468 3069 3489 10469 3072 3490 10470 3074 3490 10471 3070 3490 10472 3097 3501 10503 3100 3501 10504 3098 3501 10505 3101 3502 10506 3098 3502 10507 3103 3502 10508 3100 3503 10509 3102 3503 10510 3098 3503 10511 3101 3504 10512 3103 3504 10513 3100 3504 10514 3102 3505 10515 3103 3505 10516 3098 3505 10517 3100 3506 10518 3104 3506 10519 3102 3506 10520 3041 3549 10647 3043 3549 10648 3042 3549 10649 3042 3550 10650 3043 3550 10651 3045 3550 10652 3040 3551 10653 3047 3551 10654 3045 3551 10655 3040 3552 10656 3044 3552 10657 3047 3552 10658 3071 3565 10695 3072 3565 10696 3070 3565 10697 3071 3566 10698 3073 3566 10699 3072 3566 10700 3073 3567 10701 3070 3567 10702 3074 3567 10703 3072 3568 10704 3073 3568 10705 3075 3568 10706 3073 3569 10707 3074 3569 10708 3075 3569 10709 3097 3584 10752 3099 3584 10753 3100 3584 10754 3099 3585 10755 3101 3585 10756 3100 3585 10757 3099 3586 10758 3098 3586 10759 3101 3586 10760 3100 3587 10761 3103 3587 10762 3104 3587 10763 3176 3626 10878 3179 3626 10879 3175 3626 10880 3176 3627 10881 3177 3627 10882 3179 3627 10883 3175 3628 10884 3180 3628 10885 3178 3628 10886 3177 3629 10887 3181 3629 10888 3179 3629 10889 3180 3630 10890 3181 3630 10891 3177 3630 10892 3182 3631 10893 3181 3631 10894 3180 3631 10895 3204 3644 10932 3208 3644 10933 3206 3644 10934 3205 3645 10935 3208 3645 10936 3204 3645 10937 3207 3646 10938 3209 3646 10939 3205 3646 10940 3232 3657 10971 3235 3657 10972 3233 3657 10973 3236 3658 10974 3233 3658 10975 3238 3658 10976 3235 3659 10977 3237 3659 10978 3233 3659 10979 3236 3660 10980 3238 3660 10981 3235 3660 10982 3237 3661 10983 3238 3661 10984 3233 3661 10985 3235 3662 10986 3239 3662 10987 3237 3662 10988 3176 3705 11115 3178 3705 11116 3177 3705 11117 3177 3706 11118 3178 3706 11119 3180 3706 11120 3175 3707 11121 3182 3707 11122 3180 3707 11123 3175 3708 11124 3179 3708 11125 3182 3708 11126 3206 3721 11163 3207 3721 11164 3205 3721 11165 3206 3722 11166 3208 3722 11167 3207 3722 11168 3208 3723 11169 3205 3723 11170 3209 3723 11171 3207 3724 11172 3208 3724 11173 3210 3724 11174 3208 3725 11175 3209 3725 11176 3210 3725 11177 3232 3740 11220 3234 3740 11221 3235 3740 11222 3234 3741 11223 3236 3741 11224 3235 3741 11225 3234 3742 11226 3233 3742 11227 3236 3742 11228 3235 3743 11229 3238 3743 11230 3239 3743 11231 3355 3821 11463 3359 3821 11464 3354 3821 11465 3356 3822 11466 3357 3822 11467 3359 3822 11468 3354 3823 11469 3357 3823 11470 3356 3823 11471 3359 3824 11472 3358 3824 11473 3354 3824 11474 3357 3825 11475 3361 3825 11476 3359 3825 11477 3359 3826 11478 3360 3826 11479 3358 3826 11480 3358 3827 11481 3361 3827 11482 3357 3827 11483 3355 3890 11670 3356 3890 11671 3359 3890 11672 3354 3891 11673 3358 3891 11674 3357 3891 11675 3359 3892 11676 3361 3892 11677 3360 3892 11678 3402 3915 11745 3404 3915 11746 3401 3915 11747 3403 3916 11748 3407 3916 11749 3402 3916 11750 3407 3917 11751 3406 3917 11752 3402 3917 11753 3446 3940 11820 3450 3940 11821 3448 3940 11822 3448 3941 11823 3450 3941 11824 3449 3941 11825 3446 3942 11826 3453 3942 11827 3451 3942 11828 3450 3943 11829 3451 3943 11830 3452 3943 11831 3449 3944 11832 3452 3944 11833 3453 3944 11834 3401 3995 11985 3403 3995 11986 3402 3995 11987 3401 3996 11988 3404 3996 11989 3407 3996 11990 3404 3997 11991 3402 3997 11992 3405 3997 11993 3407 3998 11994 3404 3998 11995 3405 3998 11996 3405 3999 11997 3402 3999 11998 3406 3999 11999 3447 4024 12072 3448 4024 12073 3453 4024 12074 3448 4025 12075 3449 4025 12076 3453 4025 12077 3446 4026 12078 3447 4026 12079 3453 4026 12080 3450 4027 12081 3446 4027 12082 3451 4027 12083 3449 4028 12084 3450 4028 12085 3452 4028 12086 3625 4133 12399 3629 4133 12400 3624 4133 12401 3626 4134 12402 3627 4134 12403 3629 4134 12404 3624 4135 12405 3627 4135 12406 3626 4135 12407 3629 4136 12408 3628 4136 12409 3624 4136 12410 3627 4137 12411 3631 4137 12412 3629 4137 12413 3629 4138 12414 3630 4138 12415 3628 4138 12416 3628 4139 12417 3631 4139 12418 3627 4139 12419 3625 4202 12606 3626 4202 12607 3629 4202 12608 3624 4203 12609 3628 4203 12610 3627 4203 12611 3629 4204 12612 3631 4204 12613 3630 4204 12614 3720 4257 12771 3719 4257 12772 3718 4257 12773 3720 4258 12774 3722 4258 12775 3719 4258 12776 3721 4259 12777 3719 4259 12778 3723 4259 12779 3722 4260 12780 3723 4260 12781 3725 4260 12782 3719 4261 12783 3724 4261 12784 3723 4261 12785 3719 4262 12786 3725 4262 12787 3724 4262 12788 3723 4263 12789 3724 4263 12790 3726 4263 12791 3718 4342 13026 3719 4342 13027 3721 4342 13028 3720 4343 13029 3721 4343 13030 3722 4343 13031 3721 4344 13032 3723 4344 13033 3722 4344 13034 3722 4345 13035 3725 4345 13036 3719 4345 13037 3725 4346 13038 3723 4346 13039 3726 4346 13040 3807 4382 13146 3810 4382 13147 3808 4382 13148 3807 4383 13149 3808 4383 13150 3809 4383 13151 3805 4384 13152 3810 4384 13153 3807 4384 13154 3805 4385 13155 3811 4385 13156 3810 4385 13157 3809 4386 13158 3810 4386 13159 3812 4386 13160 3877 4426 13278 3881 4426 13279 3882 4426 13280 3879 4427 13281 3882 4427 13282 3878 4427 13283 3878 4428 13284 3881 4428 13285 3880 4428 13286 3882 4429 13287 3883 4429 13288 3878 4429 13289 3878 4430 13290 3885 4430 13291 3881 4430 13292 3883 4431 13293 3885 4431 13294 3878 4431 13295 3806 4462 13386 3809 4462 13387 3805 4462 13388 3806 4463 13389 3807 4463 13390 3809 4463 13391 3805 4464 13392 3809 4464 13393 3812 4464 13394 3809 4465 13395 3808 4465 13396 3810 4465 13397 3805 4466 13398 3812 4466 13399 3811 4466 13400 3880 4502 13506 3879 4502 13507 3878 4502 13508 3877 4503 13509 3882 4503 13510 3879 4503 13511 3877 4504 13512 3880 4504 13513 3881 4504 13514 3883 4505 13515 3882 4505 13516 3884 4505 13517 3882 4506 13518 3881 4506 13519 3884 4506 13520 3881 4507 13521 3885 4507 13522 3884 4507 13523 3990 4569 13707 3989 4569 13708 3988 4569 13709 3990 4570 13710 3992 4570 13711 3989 4570 13712 3991 4571 13713 3989 4571 13714 3993 4571 13715 3992 4572 13716 3993 4572 13717 3995 4572 13718 3989 4573 13719 3994 4573 13720 3993 4573 13721 3989 4574 13722 3995 4574 13723 3994 4574 13724 3993 4575 13725 3994 4575 13726 3996 4575 13727 3988 4654 13962 3989 4654 13963 3991 4654 13964 3990 4655 13965 3991 4655 13966 3992 4655 13967 3991 4656 13968 3993 4656 13969 3992 4656 13970 3992 4657 13971 3995 4657 13972 3989 4657 13973 3995 4658 13974 3993 4658 13975 3996 4658 13976 4077 4695 14085 4079 4695 14086 4076 4695 14087 4078 4696 14088 4082 4696 14089 4077 4696 14090 4082 4697 14091 4081 4697 14092 4077 4697 14093 4121 4720 14160 4125 4720 14161 4123 4720 14162 4123 4721 14163 4125 4721 14164 4124 4721 14165 4121 4722 14166 4128 4722 14167 4126 4722 14168 4125 4723 14169 4126 4723 14170 4127 4723 14171 4124 4724 14172 4127 4724 14173 4128 4724 14174 4076 4775 14325 4078 4775 14326 4077 4775 14327 4076 4776 14328 4079 4776 14329 4082 4776 14330 4079 4777 14331 4077 4777 14332 4080 4777 14333 4082 4778 14334 4079 4778 14335 4080 4778 14336 4080 4779 14337 4077 4779 14338 4081 4779 14339 4122 4804 14412 4123 4804 14413 4128 4804 14414 4123 4805 14415 4124 4805 14416 4128 4805 14417 4121 4806 14418 4122 4806 14419 4128 4806 14420 4125 4807 14421 4121 4807 14422 4126 4807 14423 4124 4808 14424 4125 4808 14425 4127 4808 14426 4268 4887 14661 4271 4887 14662 4270 4887 14663 4269 4888 14664 4271 4888 14665 4268 4888 14666 4270 4889 14667 4271 4889 14668 4272 4889 14669 4269 4890 14670 4274 4890 14671 4271 4890 14672 4272 4891 14673 4273 4891 14674 4275 4891 14675 4296 4901 14703 4301 4901 14704 4302 4901 14705 4296 4902 14706 4297 4902 14707 4301 4902 14708 4300 4903 14709 4301 4903 14710 4297 4903 14711 4298 4904 14712 4302 4904 14713 4300 4904 14714 4300 4905 14715 4304 4905 14716 4303 4905 14717 4300 4906 14718 4303 4906 14719 4305 4906 14720 4270 4957 14871 4272 4957 14872 4269 4957 14873 4271 4958 14874 4273 4958 14875 4272 4958 14876 4269 4959 14877 4272 4959 14878 4274 4959 14879 4274 4960 14880 4272 4960 14881 4275 4960 14882 4273 4961 14883 4271 4961 14884 4274 4961 14885 4299 4975 14925 4296 4975 14926 4302 4975 14927 4297 4976 14928 4299 4976 14929 4298 4976 14930 4299 4977 14931 4302 4977 14932 4298 4977 14933 4298 4978 14934 4300 4978 14935 4297 4978 14936 4300 4979 14937 4302 4979 14938 4304 4979 14939 4302 4980 14940 4301 4980 14941 4304 4980 14942 4301 4981 14943 4305 4981 14944 4304 4981 14945 4301 4982 14946 4300 4982 14947 4305 4982 14948 4431 5054 15162 4434 5054 15163 4433 5054 15164 4431 5055 15165 4432 5055 15166 4434 5055 15167 4432 5056 15168 4433 5056 15169 4436 5056 15170 4433 5057 15171 4435 5057 15172 4436 5057 15173 4434 5058 15174 4435 5058 15175 4433 5058 15176 4436 5059 15177 4434 5059 15178 4432 5059 15179 4435 5060 15180 4434 5060 15181 4437 5060 15182 4436 5061 15183 4438 5061 15184 4434 5061 15185 4434 5062 15186 4438 5062 15187 4437 5062 15188 4436 5063 15189 4439 5063 15190 4438 5063 15191 4436 5064 15192 4437 5064 15193 4439 5064 15194 4446 5068 15204 4449 5068 15205 4448 5068 15206 4447 5069 15207 4448 5069 15208 4450 5069 15209 4450 5070 15210 4453 5070 15211 4449 5070 15212 4453 5071 15213 4452 5071 15214 4449 5071 15215 4449 5072 15216 4452 5072 15217 4451 5072 15218 4451 5073 15219 4454 5073 15220 4450 5073 15221 4435 5138 15414 4437 5138 15415 4436 5138 15416 4446 5142 15426 4447 5142 15427 4449 5142 15428 4447 5143 15429 4450 5143 15430 4449 5143 15431 4451 5144 15432 4448 5144 15433 4449 5144 15434 4450 5145 15435 4448 5145 15436 4451 5145 15437 4453 5146 15438 4450 5146 15439 4454 5146 15440 4451 5147 15441 4452 5147 15442 4454 5147 15443 4570 5225 15675 4574 5225 15676 4569 5225 15677 4571 5226 15678 4572 5226 15679 4574 5226 15680 4569 5227 15681 4572 5227 15682 4571 5227 15683 4574 5228 15684 4573 5228 15685 4569 5228 15686 4572 5229 15687 4576 5229 15688 4574 5229 15689 4574 5230 15690 4575 5230 15691 4573 5230 15692 4573 5231 15693 4576 5231 15694 4572 5231 15695 4570 5294 15882 4571 5294 15883 4574 5294 15884 4569 5295 15885 4573 5295 15886 4572 5295 15887 4574 5296 15888 4576 5296 15889 4575 5296 15890 4665 5349 16047 4664 5349 16048 4663 5349 16049 4665 5350 16050 4667 5350 16051 4664 5350 16052 4666 5351 16053 4664 5351 16054 4668 5351 16055 4667 5352 16056 4668 5352 16057 4670 5352 16058 4664 5353 16059 4669 5353 16060 4668 5353 16061 4664 5354 16062 4670 5354 16063 4669 5354 16064 4668 5355 16065 4669 5355 16066 4671 5355 16067 4663 5434 16302 4664 5434 16303 4666 5434 16304 4665 5435 16305 4666 5435 16306 4667 5435 16307 4666 5436 16308 4668 5436 16309 4667 5436 16310 4667 5437 16311 4670 5437 16312 4664 5437 16313 4670 5438 16314 4668 5438 16315 4671 5438 16316 4752 5474 16422 4755 5474 16423 4753 5474 16424 4752 5475 16425 4753 5475 16426 4754 5475 16427 4750 5476 16428 4755 5476 16429 4752 5476 16430 4750 5477 16431 4756 5477 16432 4755 5477 16433 4754 5478 16434 4755 5478 16435 4757 5478 16436 4822 5518 16554 4826 5518 16555 4827 5518 16556 4824 5519 16557 4827 5519 16558 4823 5519 16559 4823 5520 16560 4826 5520 16561 4825 5520 16562 4827 5521 16563 4828 5521 16564 4823 5521 16565 4823 5522 16566 4830 5522 16567 4826 5522 16568 4828 5523 16569 4830 5523 16570 4823 5523 16571 4751 5554 16662 4754 5554 16663 4750 5554 16664 4751 5555 16665 4752 5555 16666 4754 5555 16667 4750 5556 16668 4754 5556 16669 4757 5556 16670 4754 5557 16671 4753 5557 16672 4755 5557 16673 4750 5558 16674 4757 5558 16675 4756 5558 16676 4825 5594 16782 4824 5594 16783 4823 5594 16784 4822 5595 16785 4827 5595 16786 4824 5595 16787 4822 5596 16788 4825 5596 16789 4826 5596 16790 4828 5597 16791 4827 5597 16792 4829 5597 16793 4827 5598 16794 4826 5598 16795 4829 5598 16796 4826 5599 16797 4830 5599 16798 4829 5599 16799 4971 5678 17034 4974 5678 17035 4973 5678 17036 4971 5679 17037 4972 5679 17038 4974 5679 17039 4972 5680 17040 4973 5680 17041 4976 5680 17042 4973 5681 17043 4975 5681 17044 4976 5681 17045 4974 5682 17046 4975 5682 17047 4973 5682 17048 4976 5683 17049 4974 5683 17050 4972 5683 17051 4975 5684 17052 4974 5684 17053 4977 5684 17054 4976 5685 17055 4978 5685 17056 4974 5685 17057 4974 5686 17058 4978 5686 17059 4977 5686 17060 4976 5687 17061 4979 5687 17062 4978 5687 17063 4976 5688 17064 4977 5688 17065 4979 5688 17066 4986 5692 17076 4989 5692 17077 4988 5692 17078 4987 5693 17079 4988 5693 17080 4990 5693 17081 4990 5694 17082 4993 5694 17083 4989 5694 17084 4993 5695 17085 4992 5695 17086 4989 5695 17087 4989 5696 17088 4992 5696 17089 4991 5696 17090 4991 5697 17091 4994 5697 17092 4990 5697 17093 4975 5762 17286 4977 5762 17287 4976 5762 17288 4986 5766 17298 4987 5766 17299 4989 5766 17300 4987 5767 17301 4990 5767 17302 4989 5767 17303 4991 5768 17304 4988 5768 17305 4989 5768 17306 4990 5769 17307 4988 5769 17308 4991 5769 17309 4993 5770 17310 4990 5770 17311 4994 5770 17312 4991 5771 17313 4992 5771 17314 4994 5771 17315 5022 5787 17361 5024 5787 17362 5021 5787 17363 5023 5788 17364 5027 5788 17365 5022 5788 17366 5027 5789 17367 5026 5789 17368 5022 5789 17369 5066 5812 17436 5070 5812 17437 5068 5812 17438 5068 5813 17439 5070 5813 17440 5069 5813 17441 5066 5814 17442 5073 5814 17443 5071 5814 17444 5070 5815 17445 5071 5815 17446 5072 5815 17447 5069 5816 17448 5072 5816 17449 5073 5816 17450 5021 5867 17601 5023 5867 17602 5022 5867 17603 5021 5868 17604 5024 5868 17605 5027 5868 17606 5024 5869 17607 5022 5869 17608 5025 5869 17609 5027 5870 17610 5024 5870 17611 5025 5870 17612 5025 5871 17613 5022 5871 17614 5026 5871 17615 5067 5896 17688 5068 5896 17689 5073 5896 17690 5068 5897 17691 5069 5897 17692 5073 5897 17693 5066 5898 17694 5067 5898 17695 5073 5898 17696 5070 5899 17697 5066 5899 17698 5071 5899 17699 5069 5900 17700 5070 5900 17701 5072 5900 17702</p>
        </triangles>
        <triangles count="646" material="m3">
          <input semantic="VERTEX" source="#vertices" offset="0" />
          <input semantic="NORMAL" source="#normals" offset="1" />
          <input semantic="TEXCOORD" source="#uv" offset="2" set="0" />
          <p>42 21 63 41 21 64 43 21 65 39 22 66 41 22 67 42 22 68 45 23 69 44 23 70 41 23 71 44 24 72 46 24 73 41 24 74 43 25 75 48 25 76 45 25 77 127 78 234 130 78 235 129 78 236 129 79 237 133 79 238 128 79 239 130 80 240 131 80 241 129 80 242 128 81 243 133 81 244 130 81 245 39 103 309 45 103 310 41 103 311 39 104 312 40 104 313 45 104 314 40 105 315 42 105 316 45 105 317 42 106 318 43 106 319 45 106 320 43 107 321 41 107 322 46 107 323 46 108 324 44 108 325 47 108 326 44 109 327 48 109 328 47 109 329 44 110 330 45 110 331 48 110 332 43 111 333 46 111 334 48 111 335 127 150 450 128 150 451 130 150 452 129 151 453 132 151 454 133 151 455 129 152 456 131 152 457 132 152 458 130 153 459 133 153 460 131 153 461 131 154 462 133 154 463 134 154 464 132 155 465 131 155 466 134 155 467 177 177 531 176 177 532 178 177 533 174 178 534 176 178 535 177 178 536 180 179 537 179 179 538 176 179 539 179 180 540 181 180 541 176 180 542 178 181 543 183 181 544 180 181 545 262 234 702 265 234 703 264 234 704 264 235 705 268 235 706 263 235 707 265 236 708 266 236 709 264 236 710 263 237 711 268 237 712 265 237 713 174 259 777 180 259 778 176 259 779 174 260 780 175 260 781 180 260 782 175 261 783 177 261 784 180 261 785 177 262 786 178 262 787 180 262 788 178 263 789 176 263 790 181 263 791 181 264 792 179 264 793 182 264 794 179 265 795 183 265 796 182 265 797 179 266 798 180 266 799 183 266 800 178 267 801 181 267 802 183 267 803 262 306 918 263 306 919 265 306 920 264 307 921 267 307 922 268 307 923 264 308 924 266 308 925 267 308 926 265 309 927 268 309 928 266 309 929 266 310 930 268 310 931 269 310 932 267 311 933 266 311 934 269 311 935 282 319 957 285 319 958 283 319 959 284 320 960 286 320 961 282 320 962 282 321 963 286 321 964 288 321 965 285 322 966 287 322 967 286 322 968 328 347 1041 329 347 1042 330 347 1043 327 348 1044 332 348 1045 329 348 1046 327 349 1047 330 349 1048 332 349 1049 330 350 1050 329 350 1051 333 350 1052 331 351 1053 333 351 1054 329 351 1055 367 371 1113 369 371 1114 370 371 1115 371 372 1116 374 372 1117 372 372 1118 283 395 1185 285 395 1186 284 395 1187 282 396 1188 288 396 1189 285 396 1190 284 397 1191 285 397 1192 286 397 1193 285 398 1194 288 398 1195 287 398 1196 328 421 1263 330 421 1264 327 421 1265 329 422 1266 332 422 1267 331 422 1268 332 423 1269 330 423 1270 333 423 1271 369 441 1323 371 441 1324 368 441 1325 370 442 1326 368 442 1327 367 442 1328 368 443 1329 371 443 1330 367 443 1331 371 444 1332 369 444 1333 373 444 1334 367 445 1335 371 445 1336 372 445 1337 369 446 1338 372 446 1339 373 446 1340 369 447 1341 367 447 1342 372 447 1343 371 448 1344 373 448 1345 374 448 1346 433 481 1443 434 481 1444 435 481 1445 434 482 1446 437 482 1447 435 482 1448 435 483 1449 437 483 1450 438 483 1451 489 515 1545 495 515 1546 491 515 1547 489 516 1548 490 516 1549 493 516 1550 491 517 1551 495 517 1552 492 517 1553 490 518 1554 492 518 1555 493 518 1556 434 567 1701 432 567 1702 437 567 1703 432 568 1704 433 568 1705 435 568 1706 437 569 1707 432 569 1708 436 569 1709 432 570 1710 435 570 1711 438 570 1712 436 571 1713 432 571 1714 438 571 1715 491 599 1797 492 599 1798 490 599 1799 489 600 1800 493 600 1801 495 600 1802 493 601 1803 492 601 1804 494 601 1805 492 602 1806 495 602 1807 494 602 1808 687 787 2361 690 787 2362 688 787 2363 689 788 2364 691 788 2365 687 788 2366 687 789 2367 691 789 2368 693 789 2369 690 790 2370 692 790 2371 691 790 2372 733 815 2445 734 815 2446 735 815 2447 732 816 2448 737 816 2449 734 816 2450 732 817 2451 735 817 2452 737 817 2453 735 818 2454 734 818 2455 738 818 2456 736 819 2457 738 819 2458 734 819 2459 772 839 2517 774 839 2518 775 839 2519 776 840 2520 779 840 2521 777 840 2522 688 863 2589 690 863 2590 689 863 2591 687 864 2592 693 864 2593 690 864 2594 689 865 2595 690 865 2596 691 865 2597 690 866 2598 693 866 2599 692 866 2600 733 889 2667 735 889 2668 732 889 2669 734 890 2670 737 890 2671 736 890 2672 737 891 2673 735 891 2674 738 891 2675 774 909 2727 776 909 2728 773 909 2729 775 910 2730 773 910 2731 772 910 2732 773 911 2733 776 911 2734 772 911 2735 776 912 2736 774 912 2737 778 912 2738 772 913 2739 776 913 2740 777 913 2741 774 914 2742 777 914 2743 778 914 2744 774 915 2745 772 915 2746 777 915 2747 776 916 2748 778 916 2749 779 916 2750 1031 1152 3456 1033 1152 3457 1034 1152 3458 1031 1153 3459 1035 1153 3460 1033 1153 3461 1032 1154 3462 1034 1154 3463 1035 1154 3464 1033 1155 3465 1036 1155 3466 1034 1155 3467 1033 1156 3468 1038 1156 3469 1037 1156 3470 1033 1157 3471 1039 1157 3472 1038 1157 3473 1035 1158 3474 1037 1158 3475 1039 1158 3476 1031 1223 3669 1032 1223 3670 1035 1223 3671 1035 1224 3672 1034 1224 3673 1036 1224 3674 1035 1225 3675 1036 1225 3676 1037 1225 3677 1036 1226 3678 1033 1226 3679 1037 1226 3680 1033 1227 3681 1035 1227 3682 1039 1227 3683 1301 1464 4392 1303 1464 4393 1304 1464 4394 1301 1465 4395 1305 1465 4396 1303 1465 4397 1302 1466 4398 1304 1466 4399 1305 1466 4400 1303 1467 4401 1306 1467 4402 1304 1467 4403 1303 1468 4404 1308 1468 4405 1307 1468 4406 1303 1469 4407 1309 1469 4408 1308 1469 4409 1305 1470 4410 1307 1470 4411 1309 1470 4412 1301 1535 4605 1302 1535 4606 1305 1535 4607 1305 1536 4608 1304 1536 4609 1306 1536 4610 1305 1537 4611 1306 1537 4612 1307 1537 4613 1306 1538 4614 1303 1538 4615 1307 1538 4616 1303 1539 4617 1305 1539 4618 1309 1539 4619 1513 1729 5187 1514 1729 5188 1515 1729 5189 1514 1730 5190 1517 1730 5191 1515 1730 5192 1515 1731 5193 1517 1731 5194 1518 1731 5195 1569 1763 5289 1575 1763 5290 1571 1763 5291 1569 1764 5292 1570 1764 5293 1573 1764 5294 1571 1765 5295 1575 1765 5296 1572 1765 5297 1570 1766 5298 1572 1766 5299 1573 1766 5300 1514 1815 5445 1512 1815 5446 1517 1815 5447 1512 1816 5448 1513 1816 5449 1515 1816 5450 1517 1817 5451 1512 1817 5452 1516 1817 5453 1512 1818 5454 1515 1818 5455 1518 1818 5456 1516 1819 5457 1512 1819 5458 1518 1819 5459 1571 1847 5541 1572 1847 5542 1570 1847 5543 1569 1848 5544 1573 1848 5545 1575 1848 5546 1573 1849 5547 1572 1849 5548 1574 1849 5549 1572 1850 5550 1575 1850 5551 1574 1850 5552 1632 1879 5637 1635 1879 5638 1633 1879 5639 1634 1880 5640 1636 1880 5641 1632 1880 5642 1632 1881 5643 1636 1881 5644 1638 1881 5645 1635 1882 5646 1637 1882 5647 1636 1882 5648 1678 1907 5721 1679 1907 5722 1680 1907 5723 1677 1908 5724 1682 1908 5725 1679 1908 5726 1677 1909 5727 1680 1909 5728 1682 1909 5729 1680 1910 5730 1679 1910 5731 1683 1910 5732 1681 1911 5733 1683 1911 5734 1679 1911 5735 1717 1931 5793 1719 1931 5794 1720 1931 5795 1721 1932 5796 1724 1932 5797 1722 1932 5798 1633 1955 5865 1635 1955 5866 1634 1955 5867 1632 1956 5868 1638 1956 5869 1635 1956 5870 1634 1957 5871 1635 1957 5872 1636 1957 5873 1635 1958 5874 1638 1958 5875 1637 1958 5876 1678 1981 5943 1680 1981 5944 1677 1981 5945 1679 1982 5946 1682 1982 5947 1681 1982 5948 1682 1983 5949 1680 1983 5950 1683 1983 5951 1719 2001 6003 1721 2001 6004 1718 2001 6005 1720 2002 6006 1718 2002 6007 1717 2002 6008 1718 2003 6009 1721 2003 6010 1717 2003 6011 1721 2004 6012 1719 2004 6013 1723 2004 6014 1717 2005 6015 1721 2005 6016 1722 2005 6017 1719 2006 6018 1722 2006 6019 1723 2006 6020 1719 2007 6021 1717 2007 6022 1722 2007 6023 1721 2008 6024 1723 2008 6025 1724 2008 6026 1767 2035 6105 1770 2035 6106 1768 2035 6107 1769 2036 6108 1771 2036 6109 1767 2036 6110 1767 2037 6111 1771 2037 6112 1773 2037 6113 1770 2038 6114 1772 2038 6115 1771 2038 6116 1813 2063 6189 1814 2063 6190 1815 2063 6191 1812 2064 6192 1817 2064 6193 1814 2064 6194 1812 2065 6195 1815 2065 6196 1817 2065 6197 1815 2066 6198 1814 2066 6199 1818 2066 6200 1816 2067 6201 1818 2067 6202 1814 2067 6203 1852 2087 6261 1854 2087 6262 1855 2087 6263 1856 2088 6264 1859 2088 6265 1857 2088 6266 1768 2111 6333 1770 2111 6334 1769 2111 6335 1767 2112 6336 1773 2112 6337 1770 2112 6338 1769 2113 6339 1770 2113 6340 1771 2113 6341 1770 2114 6342 1773 2114 6343 1772 2114 6344 1813 2137 6411 1815 2137 6412 1812 2137 6413 1814 2138 6414 1817 2138 6415 1816 2138 6416 1817 2139 6417 1815 2139 6418 1818 2139 6419 1854 2157 6471 1856 2157 6472 1853 2157 6473 1855 2158 6474 1853 2158 6475 1852 2158 6476 1853 2159 6477 1856 2159 6478 1852 2159 6479 1856 2160 6480 1854 2160 6481 1858 2160 6482 1852 2161 6483 1856 2161 6484 1857 2161 6485 1854 2162 6486 1857 2162 6487 1858 2162 6488 1854 2163 6489 1852 2163 6490 1857 2163 6491 1856 2164 6492 1858 2164 6493 1859 2164 6494 1904 2191 6573 1902 2191 6574 1905 2191 6575 1902 2192 6576 1907 2192 6577 1906 2192 6578 1902 2193 6579 1908 2193 6580 1905 2193 6581 1902 2194 6582 1906 2194 6583 1908 2194 6584 1944 2214 6642 1946 2214 6643 1948 2214 6644 1945 2215 6645 1948 2215 6646 1947 2215 6647 1946 2216 6648 1949 2216 6649 1948 2216 6650 1948 2217 6651 1951 2217 6652 1950 2217 6653 1949 2218 6654 1952 2218 6655 1951 2218 6656 1947 2219 6657 1950 2219 6658 1952 2219 6659 1973 2234 6702 1974 2234 6703 1976 2234 6704 1976 2235 6705 1977 2235 6706 1975 2235 6707 1977 2236 6708 1978 2236 6709 1980 2236 6710 1977 2237 6711 1979 2237 6712 1974 2237 6713 1977 2238 6714 1980 2238 6715 1979 2238 6716 2006 2251 6753 2009 2251 6754 2005 2251 6755 2004 2252 6756 2007 2252 6757 2006 2252 6758 2004 2253 6759 2009 2253 6760 2007 2253 6761 1904 2271 6813 1905 2271 6814 1903 2271 6815 1903 2272 6816 1907 2272 6817 1902 2272 6818 1903 2273 6819 1905 2273 6820 1908 2273 6821 1907 2274 6822 1903 2274 6823 1908 2274 6824 1944 2296 6888 1948 2296 6889 1945 2296 6890 1946 2297 6891 1945 2297 6892 1947 2297 6893 1946 2298 6894 1947 2298 6895 1949 2298 6896 1947 2299 6897 1948 2299 6898 1950 2299 6899 1948 2300 6900 1949 2300 6901 1951 2300 6902 1949 2301 6903 1947 2301 6904 1952 2301 6905 1973 2310 6930 1975 2310 6931 1974 2310 6932 1974 2311 6933 1975 2311 6934 1977 2311 6935 1976 2312 6936 1974 2312 6937 1978 2312 6938 1976 2313 6939 1978 2313 6940 1977 2313 6941 1974 2314 6942 1979 2314 6943 1978 2314 6944 2003 2327 6981 2006 2327 6982 2002 2327 6983 2003 2328 6984 2004 2328 6985 2006 2328 6986 2004 2329 6987 2002 2329 6988 2005 2329 6989 2002 2330 6990 2006 2330 6991 2005 2330 6992 2004 2331 6993 2005 2331 6994 2009 2331 6995 2009 2332 6996 2006 2332 6997 2008 2332 6998 2006 2333 6999 2007 2333 7000 2008 2333 7001 2067 2361 7083 2066 2361 7084 2068 2361 7085 2064 2362 7086 2066 2362 7087 2067 2362 7088 2070 2363 7089 2069 2363 7090 2066 2363 7091 2069 2364 7092 2071 2364 7093 2066 2364 7094 2068 2365 7095 2073 2365 7096 2070 2365 7097 2152 2418 7254 2155 2418 7255 2154 2418 7256 2154 2419 7257 2158 2419 7258 2153 2419 7259 2155 2420 7260 2156 2420 7261 2154 2420 7262 2153 2421 7263 2158 2421 7264 2155 2421 7265 2064 2443 7329 2070 2443 7330 2066 2443 7331 2064 2444 7332 2065 2444 7333 2070 2444 7334 2065 2445 7335 2067 2445 7336 2070 2445 7337 2067 2446 7338 2068 2446 7339 2070 2446 7340 2068 2447 7341 2066 2447 7342 2071 2447 7343 2071 2448 7344 2069 2448 7345 2072 2448 7346 2069 2449 7347 2073 2449 7348 2072 2449 7349 2069 2450 7350 2070 2450 7351 2073 2450 7352 2068 2451 7353 2071 2451 7354 2073 2451 7355 2152 2490 7470 2153 2490 7471 2155 2490 7472 2154 2491 7473 2157 2491 7474 2158 2491 7475 2154 2492 7476 2156 2492 7477 2157 2492 7478 2155 2493 7479 2158 2493 7480 2156 2493 7481 2156 2494 7482 2158 2494 7483 2159 2494 7484 2157 2495 7485 2156 2495 7486 2159 2495 7487 2202 2517 7551 2201 2517 7552 2203 2517 7553 2199 2518 7554 2201 2518 7555 2202 2518 7556 2205 2519 7557 2204 2519 7558 2201 2519 7559 2204 2520 7560 2206 2520 7561 2201 2520 7562 2203 2521 7563 2208 2521 7564 2205 2521 7565 2287 2574 7722 2290 2574 7723 2289 2574 7724 2289 2575 7725 2293 2575 7726 2288 2575 7727 2290 2576 7728 2291 2576 7729 2289 2576 7730 2288 2577 7731 2293 2577 7732 2290 2577 7733 2199 2599 7797 2205 2599 7798 2201 2599 7799 2199 2600 7800 2200 2600 7801 2205 2600 7802 2200 2601 7803 2202 2601 7804 2205 2601 7805 2202 2602 7806 2203 2602 7807 2205 2602 7808 2203 2603 7809 2201 2603 7810 2206 2603 7811 2206 2604 7812 2204 2604 7813 2207 2604 7814 2204 2605 7815 2208 2605 7816 2207 2605 7817 2204 2606 7818 2205 2606 7819 2208 2606 7820 2203 2607 7821 2206 2607 7822 2208 2607 7823 2287 2646 7938 2288 2646 7939 2290 2646 7940 2289 2647 7941 2292 2647 7942 2293 2647 7943 2289 2648 7944 2291 2648 7945 2292 2648 7946 2290 2649 7947 2293 2649 7948 2291 2649 7949 2291 2650 7950 2293 2650 7951 2294 2650 7952 2292 2651 7953 2291 2651 7954 2294 2651 7955 2307 2659 7977 2310 2659 7978 2308 2659 7979 2309 2660 7980 2311 2660 7981 2307 2660 7982 2307 2661 7983 2311 2661 7984 2313 2661 7985 2310 2662 7986 2312 2662 7987 2311 2662 7988 2353 2687 8061 2354 2687 8062 2355 2687 8063 2352 2688 8064 2357 2688 8065 2354 2688 8066 2352 2689 8067 2355 2689 8068 2357 2689 8069 2355 2690 8070 2354 2690 8071 2358 2690 8072 2356 2691 8073 2358 2691 8074 2354 2691 8075 2392 2711 8133 2394 2711 8134 2395 2711 8135 2396 2712 8136 2399 2712 8137 2397 2712 8138 2308 2735 8205 2310 2735 8206 2309 2735 8207 2307 2736 8208 2313 2736 8209 2310 2736 8210 2309 2737 8211 2310 2737 8212 2311 2737 8213 2310 2738 8214 2313 2738 8215 2312 2738 8216 2353 2761 8283 2355 2761 8284 2352 2761 8285 2354 2762 8286 2357 2762 8287 2356 2762 8288 2357 2763 8289 2355 2763 8290 2358 2763 8291 2394 2781 8343 2396 2781 8344 2393 2781 8345 2395 2782 8346 2393 2782 8347 2392 2782 8348 2393 2783 8349 2396 2783 8350 2392 2783 8351 2396 2784 8352 2394 2784 8353 2398 2784 8354 2392 2785 8355 2396 2785 8356 2397 2785 8357 2394 2786 8358 2397 2786 8359 2398 2786 8360 2394 2787 8361 2392 2787 8362 2397 2787 8363 2396 2788 8364 2398 2788 8365 2399 2788 8366 2471 2830 8490 2472 2830 8491 2470 2830 8492 2473 2831 8493 2472 2831 8494 2471 2831 8495 2473 2832 8496 2476 2832 8497 2472 2832 8498 2470 2833 8499 2472 2833 8500 2475 2833 8501 2473 2834 8502 2475 2834 8503 2476 2834 8504 2476 2835 8505 2474 2835 8506 2472 2835 8507 2474 2836 8508 2477 2836 8509 2472 2836 8510 2476 2837 8511 2475 2837 8512 2478 2837 8513 2476 2838 8514 2478 2838 8515 2474 2838 8516 2474 2839 8517 2479 2839 8518 2477 2839 8519 2487 2842 8526 2488 2842 8527 2486 2842 8528 2486 2843 8529 2488 2843 8530 2491 2843 8531 2490 2844 8532 2492 2844 8533 2488 2844 8534 2491 2845 8535 2492 2845 8536 2490 2845 8537 2488 2846 8538 2492 2846 8539 2493 2846 8540 2473 2915 8745 2470 2915 8746 2475 2915 8747 2475 2916 8748 2472 2916 8749 2477 2916 8750 2474 2917 8751 2478 2917 8752 2479 2917 8753 2478 2918 8754 2475 2918 8755 2477 2918 8756 2487 2923 8769 2489 2923 8770 2488 2923 8771 2489 2924 8772 2490 2924 8773 2488 2924 8774 2486 2925 8775 2490 2925 8776 2489 2925 8777 2486 2926 8778 2491 2926 8779 2490 2926 8780 2491 2927 8781 2488 2927 8782 2493 2927 8783 2769 3163 9489 2774 3163 9490 2772 3163 9491 2772 3164 9492 2775 3164 9493 2773 3164 9494 2774 3165 9495 2775 3165 9496 2772 3165 9497 2773 3166 9498 2774 3166 9499 2769 3166 9500 2774 3167 9501 2777 3167 9502 2776 3167 9503 2774 3168 9504 2778 3168 9505 2777 3168 9506 2775 3169 9507 2778 3169 9508 2773 3169 9509 2775 3170 9510 2776 3170 9511 2778 3170 9512 2769 3236 9708 2770 3236 9709 2773 3236 9710 2770 3237 9711 2772 3237 9712 2773 3237 9713 2770 3238 9714 2771 3238 9715 2772 3238 9716 2771 3239 9717 2769 3239 9718 2772 3239 9719 2774 3240 9720 2773 3240 9721 2778 3240 9722 2775 3241 9723 2774 3241 9724 2776 3241 9725 2849 3283 9849 2847 3283 9850 2850 3283 9851 2847 3284 9852 2852 3284 9853 2851 3284 9854 2847 3285 9855 2853 3285 9856 2850 3285 9857 2847 3286 9858 2851 3286 9859 2853 3286 9860 2889 3306 9918 2891 3306 9919 2893 3306 9920 2890 3307 9921 2893 3307 9922 2892 3307 9923 2891 3308 9924 2894 3308 9925 2893 3308 9926 2893 3309 9927 2896 3309 9928 2895 3309 9929 2894 3310 9930 2897 3310 9931 2896 3310 9932 2892 3311 9933 2895 3311 9934 2897 3311 9935 2918 3326 9978 2919 3326 9979 2921 3326 9980 2921 3327 9981 2922 3327 9982 2920 3327 9983 2922 3328 9984 2923 3328 9985 2925 3328 9986 2922 3329 9987 2924 3329 9988 2919 3329 9989 2922 3330 9990 2925 3330 9991 2924 3330 9992 2951 3343 10029 2954 3343 10030 2950 3343 10031 2949 3344 10032 2952 3344 10033 2951 3344 10034 2949 3345 10035 2954 3345 10036 2952 3345 10037 2849 3363 10089 2850 3363 10090 2848 3363 10091 2848 3364 10092 2852 3364 10093 2847 3364 10094 2848 3365 10095 2850 3365 10096 2853 3365 10097 2852 3366 10098 2848 3366 10099 2853 3366 10100 2889 3388 10164 2893 3388 10165 2890 3388 10166 2891 3389 10167 2890 3389 10168 2892 3389 10169 2891 3390 10170 2892 3390 10171 2894 3390 10172 2892 3391 10173 2893 3391 10174 2895 3391 10175 2893 3392 10176 2894 3392 10177 2896 3392 10178 2894 3393 10179 2892 3393 10180 2897 3393 10181 2918 3402 10206 2920 3402 10207 2919 3402 10208 2919 3403 10209 2920 3403 10210 2922 3403 10211 2921 3404 10212 2919 3404 10213 2923 3404 10214 2921 3405 10215 2923 3405 10216 2922 3405 10217 2919 3406 10218 2924 3406 10219 2923 3406 10220 2948 3419 10257 2951 3419 10258 2947 3419 10259 2948 3420 10260 2949 3420 10261 2951 3420 10262 2949 3421 10263 2947 3421 10264 2950 3421 10265 2947 3422 10266 2951 3422 10267 2950 3422 10268 2949 3423 10269 2950 3423 10270 2954 3423 10271 2954 3424 10272 2951 3424 10273 2953 3424 10274 2951 3425 10275 2952 3425 10276 2953 3425 10277 3326 3804 11412 3328 3804 11413 3329 3804 11414 3326 3805 11415 3330 3805 11416 3328 3805 11417 3327 3806 11418 3329 3806 11419 3330 3806 11420 3328 3807 11421 3331 3807 11422 3329 3807 11423 3328 3808 11424 3333 3808 11425 3332 3808 11426 3328 3809 11427 3334 3809 11428 3333 3809 11429 3330 3810 11430 3332 3810 11431 3334 3810 11432 3326 3875 11625 3327 3875 11626 3330 3875 11627 3330 3876 11628 3329 3876 11629 3331 3876 11630 3330 3877 11631 3331 3877 11632 3332 3877 11633 3331 3878 11634 3328 3878 11635 3332 3878 11636 3328 3879 11637 3330 3879 11638 3334 3879 11639 3417 3921 11763 3416 3921 11764 3418 3921 11765 3414 3922 11766 3416 3922 11767 3417 3922 11768 3420 3923 11769 3419 3923 11770 3416 3923 11771 3419 3924 11772 3421 3924 11773 3416 3924 11774 3418 3925 11775 3423 3925 11776 3420 3925 11777 3502 3978 11934 3505 3978 11935 3504 3978 11936 3504 3979 11937 3508 3979 11938 3503 3979 11939 3505 3980 11940 3506 3980 11941 3504 3980 11942 3503 3981 11943 3508 3981 11944 3505 3981 11945 3414 4003 12009 3420 4003 12010 3416 4003 12011 3414 4004 12012 3415 4004 12013 3420 4004 12014 3415 4005 12015 3417 4005 12016 3420 4005 12017 3417 4006 12018 3418 4006 12019 3420 4006 12020 3418 4007 12021 3416 4007 12022 3421 4007 12023 3421 4008 12024 3419 4008 12025 3422 4008 12026 3419 4009 12027 3423 4009 12028 3422 4009 12029 3419 4010 12030 3420 4010 12031 3423 4010 12032 3418 4011 12033 3421 4011 12034 3423 4011 12035 3502 4050 12150 3503 4050 12151 3505 4050 12152 3504 4051 12153 3507 4051 12154 3508 4051 12155 3504 4052 12156 3506 4052 12157 3507 4052 12158 3505 4053 12159 3508 4053 12160 3506 4053 12161 3506 4054 12162 3508 4054 12163 3509 4054 12164 3507 4055 12165 3506 4055 12166 3509 4055 12167 3596 4116 12348 3598 4116 12349 3599 4116 12350 3596 4117 12351 3600 4117 12352 3598 4117 12353 3597 4118 12354 3599 4118 12355 3600 4118 12356 3598 4119 12357 3601 4119 12358 3599 4119 12359 3598 4120 12360 3603 4120 12361 3602 4120 12362 3598 4121 12363 3604 4121 12364 3603 4121 12365 3600 4122 12366 3602 4122 12367 3604 4122 12368 3596 4187 12561 3597 4187 12562 3600 4187 12563 3600 4188 12564 3599 4188 12565 3601 4188 12566 3600 4189 12567 3601 4189 12568 3602 4189 12569 3601 4190 12570 3598 4190 12571 3602 4190 12572 3598 4191 12573 3600 4191 12574 3604 4191 12575 3794 4375 13125 3792 4375 13126 3795 4375 13127 3792 4376 13128 3797 4376 13129 3796 4376 13130 3792 4377 13131 3798 4377 13132 3795 4377 13133 3792 4378 13134 3796 4378 13135 3798 4378 13136 3834 4398 13194 3836 4398 13195 3838 4398 13196 3835 4399 13197 3838 4399 13198 3837 4399 13199 3836 4400 13200 3839 4400 13201 3838 4400 13202 3838 4401 13203 3841 4401 13204 3840 4401 13205 3839 4402 13206 3842 4402 13207 3841 4402 13208 3837 4403 13209 3840 4403 13210 3842 4403 13211 3863 4418 13254 3864 4418 13255 3866 4418 13256 3866 4419 13257 3867 4419 13258 3865 4419 13259 3867 4420 13260 3868 4420 13261 3870 4420 13262 3867 4421 13263 3869 4421 13264 3864 4421 13265 3867 4422 13266 3870 4422 13267 3869 4422 13268 3896 4435 13305 3899 4435 13306 3895 4435 13307 3894 4436 13308 3897 4436 13309 3896 4436 13310 3894 4437 13311 3899 4437 13312 3897 4437 13313 3794 4455 13365 3795 4455 13366 3793 4455 13367 3793 4456 13368 3797 4456 13369 3792 4456 13370 3793 4457 13371 3795 4457 13372 3798 4457 13373 3797 4458 13374 3793 4458 13375 3798 4458 13376 3834 4480 13440 3838 4480 13441 3835 4480 13442 3836 4481 13443 3835 4481 13444 3837 4481 13445 3836 4482 13446 3837 4482 13447 3839 4482 13448 3837 4483 13449 3838 4483 13450 3840 4483 13451 3838 4484 13452 3839 4484 13453 3841 4484 13454 3839 4485 13455 3837 4485 13456 3842 4485 13457 3863 4494 13482 3865 4494 13483 3864 4494 13484 3864 4495 13485 3865 4495 13486 3867 4495 13487 3866 4496 13488 3864 4496 13489 3868 4496 13490 3866 4497 13491 3868 4497 13492 3867 4497 13493 3864 4498 13494 3869 4498 13495 3868 4498 13496 3893 4511 13533 3896 4511 13534 3892 4511 13535 3893 4512 13536 3894 4512 13537 3896 4512 13538 3894 4513 13539 3892 4513 13540 3895 4513 13541 3892 4514 13542 3896 4514 13543 3895 4514 13544 3894 4515 13545 3895 4515 13546 3899 4515 13547 3899 4516 13548 3896 4516 13549 3898 4516 13550 3896 4517 13551 3897 4517 13552 3898 4517 13553 4092 4701 14103 4091 4701 14104 4093 4701 14105 4089 4702 14106 4091 4702 14107 4092 4702 14108 4095 4703 14109 4094 4703 14110 4091 4703 14111 4094 4704 14112 4096 4704 14113 4091 4704 14114 4093 4705 14115 4098 4705 14116 4095 4705 14117 4177 4758 14274 4180 4758 14275 4179 4758 14276 4179 4759 14277 4183 4759 14278 4178 4759 14279 4180 4760 14280 4181 4760 14281 4179 4760 14282 4178 4761 14283 4183 4761 14284 4180 4761 14285 4089 4783 14349 4095 4783 14350 4091 4783 14351 4089 4784 14352 4090 4784 14353 4095 4784 14354 4090 4785 14355 4092 4785 14356 4095 4785 14357 4092 4786 14358 4093 4786 14359 4095 4786 14360 4093 4787 14361 4091 4787 14362 4096 4787 14363 4096 4788 14364 4094 4788 14365 4097 4788 14366 4094 4789 14367 4098 4789 14368 4097 4789 14369 4094 4790 14370 4095 4790 14371 4098 4790 14372 4093 4791 14373 4096 4791 14374 4098 4791 14375 4177 4830 14490 4178 4830 14491 4180 4830 14492 4179 4831 14493 4182 4831 14494 4183 4831 14495 4179 4832 14496 4181 4832 14497 4182 4832 14498 4180 4833 14499 4183 4833 14500 4181 4833 14501 4181 4834 14502 4183 4834 14503 4184 4834 14504 4182 4835 14505 4181 4835 14506 4184 4835 14507 4197 4843 14529 4200 4843 14530 4198 4843 14531 4199 4844 14532 4201 4844 14533 4197 4844 14534 4197 4845 14535 4201 4845 14536 4203 4845 14537 4200 4846 14538 4202 4846 14539 4201 4846 14540 4243 4871 14613 4244 4871 14614 4245 4871 14615 4242 4872 14616 4247 4872 14617 4244 4872 14618 4242 4873 14619 4245 4873 14620 4247 4873 14621 4245 4874 14622 4244 4874 14623 4248 4874 14624 4246 4875 14625 4248 4875 14626 4244 4875 14627 4282 4895 14685 4284 4895 14686 4285 4895 14687 4286 4896 14688 4289 4896 14689 4287 4896 14690 4198 4919 14757 4200 4919 14758 4199 4919 14759 4197 4920 14760 4203 4920 14761 4200 4920 14762 4199 4921 14763 4200 4921 14764 4201 4921 14765 4200 4922 14766 4203 4922 14767 4202 4922 14768 4243 4945 14835 4245 4945 14836 4242 4945 14837 4244 4946 14838 4247 4946 14839 4246 4946 14840 4247 4947 14841 4245 4947 14842 4248 4947 14843 4284 4965 14895 4286 4965 14896 4283 4965 14897 4285 4966 14898 4283 4966 14899 4282 4966 14900 4283 4967 14901 4286 4967 14902 4282 4967 14903 4286 4968 14904 4284 4968 14905 4288 4968 14906 4282 4969 14907 4286 4969 14908 4287 4969 14909 4284 4970 14910 4287 4970 14911 4288 4970 14912 4284 4971 14913 4282 4971 14914 4287 4971 14915 4286 4972 14916 4288 4972 14917 4289 4972 14918 4348 5005 15015 4349 5005 15016 4350 5005 15017 4349 5006 15018 4352 5006 15019 4350 5006 15020 4350 5007 15021 4352 5007 15022 4353 5007 15023 4404 5039 15117 4410 5039 15118 4406 5039 15119 4404 5040 15120 4405 5040 15121 4408 5040 15122 4406 5041 15123 4410 5041 15124 4407 5041 15125 4405 5042 15126 4407 5042 15127 4408 5042 15128 4349 5091 15273 4347 5091 15274 4352 5091 15275 4347 5092 15276 4348 5092 15277 4350 5092 15278 4352 5093 15279 4347 5093 15280 4351 5093 15281 4347 5094 15282 4350 5094 15283 4353 5094 15284 4351 5095 15285 4347 5095 15286 4353 5095 15287 4406 5123 15369 4407 5123 15370 4405 5123 15371 4404 5124 15372 4408 5124 15373 4410 5124 15374 4408 5125 15375 4407 5125 15376 4409 5125 15377 4407 5126 15378 4410 5126 15379 4409 5126 15380 4541 5208 15624 4543 5208 15625 4544 5208 15626 4541 5209 15627 4545 5209 15628 4543 5209 15629 4542 5210 15630 4544 5210 15631 4545 5210 15632 4543 5211 15633 4546 5211 15634 4544 5211 15635 4543 5212 15636 4548 5212 15637 4547 5212 15638 4543 5213 15639 4549 5213 15640 4548 5213 15641 4545 5214 15642 4547 5214 15643 4549 5214 15644 4541 5279 15837 4542 5279 15838 4545 5279 15839 4545 5280 15840 4544 5280 15841 4546 5280 15842 4545 5281 15843 4546 5281 15844 4547 5281 15845 4546 5282 15846 4543 5282 15847 4547 5282 15848 4543 5283 15849 4545 5283 15850 4549 5283 15851 4739 5467 16401 4737 5467 16402 4740 5467 16403 4737 5468 16404 4742 5468 16405 4741 5468 16406 4737 5469 16407 4743 5469 16408 4740 5469 16409 4737 5470 16410 4741 5470 16411 4743 5470 16412 4779 5490 16470 4781 5490 16471 4783 5490 16472 4780 5491 16473 4783 5491 16474 4782 5491 16475 4781 5492 16476 4784 5492 16477 4783 5492 16478 4783 5493 16479 4786 5493 16480 4785 5493 16481 4784 5494 16482 4787 5494 16483 4786 5494 16484 4782 5495 16485 4785 5495 16486 4787 5495 16487 4808 5510 16530 4809 5510 16531 4811 5510 16532 4811 5511 16533 4812 5511 16534 4810 5511 16535 4812 5512 16536 4813 5512 16537 4815 5512 16538 4812 5513 16539 4814 5513 16540 4809 5513 16541 4812 5514 16542 4815 5514 16543 4814 5514 16544 4841 5527 16581 4844 5527 16582 4840 5527 16583 4839 5528 16584 4842 5528 16585 4841 5528 16586 4839 5529 16587 4844 5529 16588 4842 5529 16589 4739 5547 16641 4740 5547 16642 4738 5547 16643 4738 5548 16644 4742 5548 16645 4737 5548 16646 4738 5549 16647 4740 5549 16648 4743 5549 16649 4742 5550 16650 4738 5550 16651 4743 5550 16652 4779 5572 16716 4783 5572 16717 4780 5572 16718 4781 5573 16719 4780 5573 16720 4782 5573 16721 4781 5574 16722 4782 5574 16723 4784 5574 16724 4782 5575 16725 4783 5575 16726 4785 5575 16727 4783 5576 16728 4784 5576 16729 4786 5576 16730 4784 5577 16731 4782 5577 16732 4787 5577 16733 4808 5586 16758 4810 5586 16759 4809 5586 16760 4809 5587 16761 4810 5587 16762 4812 5587 16763 4811 5588 16764 4809 5588 16765 4813 5588 16766 4811 5589 16767 4813 5589 16768 4812 5589 16769 4809 5590 16770 4814 5590 16771 4813 5590 16772 4838 5603 16809 4841 5603 16810 4837 5603 16811 4838 5604 16812 4839 5604 16813 4841 5604 16814 4839 5605 16815 4837 5605 16816 4840 5605 16817 4837 5606 16818 4841 5606 16819 4840 5606 16820 4839 5607 16821 4840 5607 16822 4844 5607 16823 4844 5608 16824 4841 5608 16825 4843 5608 16826 4841 5609 16827 4842 5609 16828 4843 5609 16829 4888 5629 16887 4889 5629 16888 4890 5629 16889 4889 5630 16890 4892 5630 16891 4890 5630 16892 4890 5631 16893 4892 5631 16894 4893 5631 16895 4944 5663 16989 4950 5663 16990 4946 5663 16991 4944 5664 16992 4945 5664 16993 4948 5664 16994 4946 5665 16995 4950 5665 16996 4947 5665 16997 4945 5666 16998 4947 5666 16999 4948 5666 17000 4889 5715 17145 4887 5715 17146 4892 5715 17147 4887 5716 17148 4888 5716 17149 4890 5716 17150 4892 5717 17151 4887 5717 17152 4891 5717 17153 4887 5718 17154 4890 5718 17155 4893 5718 17156 4891 5719 17157 4887 5719 17158 4893 5719 17159 4946 5747 17241 4947 5747 17242 4945 5747 17243 4944 5748 17244 4948 5748 17245 4950 5748 17246 4948 5749 17247 4947 5749 17248 4949 5749 17249 4947 5750 17250 4950 5750 17251 4949 5750 17252 5037 5793 17379 5036 5793 17380 5038 5793 17381 5034 5794 17382 5036 5794 17383 5037 5794 17384 5040 5795 17385 5039 5795 17386 5036 5795 17387 5039 5796 17388 5041 5796 17389 5036 5796 17390 5038 5797 17391 5043 5797 17392 5040 5797 17393 5122 5850 17550 5125 5850 17551 5124 5850 17552 5124 5851 17553 5128 5851 17554 5123 5851 17555 5125 5852 17556 5126 5852 17557 5124 5852 17558 5123 5853 17559 5128 5853 17560 5125 5853 17561 5034 5875 17625 5040 5875 17626 5036 5875 17627 5034 5876 17628 5035 5876 17629 5040 5876 17630 5035 5877 17631 5037 5877 17632 5040 5877 17633 5037 5878 17634 5038 5878 17635 5040 5878 17636 5038 5879 17637 5036 5879 17638 5041 5879 17639 5041 5880 17640 5039 5880 17641 5042 5880 17642 5039 5881 17643 5043 5881 17644 5042 5881 17645 5039 5882 17646 5040 5882 17647 5043 5882 17648 5038 5883 17649 5041 5883 17650 5043 5883 17651 5122 5922 17766 5123 5922 17767 5125 5922 17768 5124 5923 17769 5127 5923 17770 5128 5923 17771 5124 5924 17772 5126 5924 17773 5127 5924 17774 5125 5925 17775 5128 5925 17776 5126 5925 17777 5126 5926 17778 5128 5926 17779 5129 5926 17780 5127 5927 17781 5126 5927 17782 5129 5927 17783</p>
        </triangles>
        <triangles count="780" material="m2">
          <input semantic="VERTEX" source="#vertices" offset="0" />
          <input semantic="NORMAL" source="#normals" offset="1" />
          <input semantic="TEXCOORD" source="#uv" offset="2" set="0" />
          <p>56 28 84 58 28 85 57 28 86 58 29 87 59 29 88 60 29 89 55 30 90 59 30 91 58 30 92 59 31 93 57 31 94 61 31 95 59 32 96 61 32 97 62 32 98 57 33 99 60 33 100 61 33 101 60 34 102 64 34 103 63 34 104 60 35 105 62 35 106 64 35 107 61 36 108 63 36 109 62 36 110 55 116 348 56 116 349 57 116 350 55 117 351 57 117 352 59 117 353 57 118 354 58 118 355 60 118 356 59 119 357 62 119 358 60 119 359 61 120 360 60 120 361 63 120 362 191 184 552 193 184 553 192 184 554 193 185 555 194 185 556 195 185 557 190 186 558 194 186 559 193 186 560 194 187 561 192 187 562 196 187 563 194 188 564 196 188 565 197 188 566 192 189 567 195 189 568 196 189 569 195 190 570 199 190 571 198 190 572 195 191 573 197 191 574 199 191 575 196 192 576 198 192 577 197 192 578 190 272 816 191 272 817 192 272 818 190 273 819 192 273 820 194 273 821 192 274 822 193 274 823 195 274 824 194 275 825 197 275 826 195 275 827 196 276 828 195 276 829 198 276 830 297 326 978 298 326 979 296 326 980 295 327 981 296 327 982 300 327 983 296 328 984 298 328 985 300 328 986 295 329 987 300 329 988 299 329 989 297 330 990 299 330 991 298 330 992 301 331 993 302 331 994 299 331 995 301 332 996 300 332 997 303 332 998 302 333 999 303 333 1000 305 333 1001 300 334 1002 304 334 1003 303 334 1004 340 354 1062 344 354 1063 343 354 1064 340 355 1065 341 355 1066 344 355 1067 341 356 1068 345 356 1069 344 356 1070 344 357 1071 346 357 1072 343 357 1073 341 358 1074 342 358 1075 345 358 1076 344 359 1077 345 359 1078 346 359 1079 398 386 1158 400 386 1159 397 386 1160 399 387 1161 404 387 1162 401 387 1163 401 388 1164 402 388 1165 400 388 1166 401 389 1167 404 389 1168 403 389 1169 297 402 1206 295 402 1207 299 402 1208 300 403 1209 301 403 1210 299 403 1211 298 404 1212 302 404 1213 300 404 1214 298 405 1215 299 405 1216 302 405 1217 300 406 1218 302 406 1219 304 406 1220 302 407 1221 305 407 1222 304 407 1223 302 408 1224 301 408 1225 303 408 1226 341 428 1284 343 428 1285 342 428 1286 342 429 1287 343 429 1288 346 429 1289 397 462 1386 400 462 1387 399 462 1388 398 463 1389 401 463 1390 400 463 1391 398 464 1392 399 464 1393 401 464 1394 400 465 1395 404 465 1396 399 465 1397 400 466 1398 402 466 1399 404 466 1400 402 467 1401 401 467 1402 403 467 1403 461 494 1482 464 494 1483 460 494 1484 462 495 1485 464 495 1486 459 495 1487 463 496 1488 460 496 1489 462 496 1490 464 497 1491 462 497 1492 465 497 1493 464 498 1494 465 498 1495 466 498 1496 462 499 1497 466 499 1498 467 499 1499 463 584 1752 462 584 1753 459 584 1754 463 585 1755 461 585 1756 460 585 1757 461 586 1758 459 586 1759 464 586 1760 460 587 1761 466 587 1762 462 587 1763 460 588 1764 464 588 1765 466 588 1766 462 589 1767 467 589 1768 465 589 1769 582 650 1950 584 650 1951 585 650 1952 583 651 1953 584 651 1954 582 651 1955 585 652 1956 587 652 1957 583 652 1958 585 653 1959 586 653 1960 587 653 1961 624 670 2010 628 670 2011 627 670 2012 624 671 2013 629 671 2014 628 671 2015 625 672 2016 626 672 2017 629 672 2018 624 673 2019 627 673 2020 626 673 2021 626 674 2022 627 674 2023 629 674 2024 631 675 2025 632 675 2026 628 675 2027 630 676 2028 631 676 2029 629 676 2030 581 719 2157 582 719 2158 585 719 2159 581 720 2160 585 720 2161 583 720 2162 583 721 2163 587 721 2164 584 721 2165 585 722 2166 588 722 2167 586 722 2168 585 723 2169 584 723 2170 588 723 2171 584 724 2172 587 724 2173 588 724 2174 624 749 2247 625 749 2248 629 749 2249 627 750 2250 630 750 2251 629 750 2252 627 751 2253 628 751 2254 630 751 2255 628 752 2256 629 752 2257 631 752 2258 630 753 2259 628 753 2260 632 753 2261 702 794 2382 703 794 2383 701 794 2384 700 795 2385 701 795 2386 705 795 2387 701 796 2388 703 796 2389 705 796 2390 700 797 2391 705 797 2392 704 797 2393 702 798 2394 704 798 2395 703 798 2396 706 799 2397 707 799 2398 704 799 2399 706 800 2400 705 800 2401 708 800 2402 707 801 2403 708 801 2404 710 801 2405 705 802 2406 709 802 2407 708 802 2408 745 822 2466 749 822 2467 748 822 2468 745 823 2469 746 823 2470 749 823 2471 746 824 2472 750 824 2473 749 824 2474 749 825 2475 751 825 2476 748 825 2477 746 826 2478 747 826 2479 750 826 2480 749 827 2481 750 827 2482 751 827 2483 803 854 2562 805 854 2563 802 854 2564 804 855 2565 809 855 2566 806 855 2567 806 856 2568 807 856 2569 805 856 2570 806 857 2571 809 857 2572 808 857 2573 702 870 2610 700 870 2611 704 870 2612 705 871 2613 706 871 2614 704 871 2615 703 872 2616 707 872 2617 705 872 2618 703 873 2619 704 873 2620 707 873 2621 705 874 2622 707 874 2623 709 874 2624 707 875 2625 710 875 2626 709 875 2627 707 876 2628 706 876 2629 708 876 2630 746 896 2688 748 896 2689 747 896 2690 747 897 2691 748 897 2692 751 897 2693 802 930 2790 805 930 2791 804 930 2792 803 931 2793 806 931 2794 805 931 2795 803 932 2796 804 932 2797 806 932 2798 805 933 2799 809 933 2800 804 933 2801 805 934 2802 807 934 2803 809 934 2804 807 935 2805 806 935 2806 808 935 2807 838 953 2859 839 953 2860 841 953 2861 836 954 2862 842 954 2863 839 954 2864 837 955 2865 841 955 2866 840 955 2867 842 956 2868 840 956 2869 839 956 2870 841 957 2871 844 957 2872 843 957 2873 839 958 2874 840 958 2875 844 958 2876 912 1003 3009 915 1003 3010 914 1003 3011 912 1004 3012 913 1004 3013 915 1004 3014 922 1008 3024 924 1008 3025 926 1008 3026 923 1009 3027 924 1009 3028 922 1009 3029 926 1010 3030 925 1010 3031 923 1010 3032 926 1011 3033 927 1011 3034 925 1011 3035 924 1012 3036 929 1012 3037 928 1012 3038 925 1013 3039 929 1013 3040 924 1013 3041 927 1014 3042 930 1014 3043 925 1014 3044 924 1015 3045 928 1015 3046 927 1015 3047 838 1036 3108 841 1036 3109 837 1036 3110 838 1037 3111 836 1037 3112 839 1037 3113 836 1038 3114 837 1038 3115 842 1038 3116 837 1039 3117 840 1039 3118 842 1039 3119 841 1040 3120 843 1040 3121 840 1040 3122 841 1041 3123 839 1041 3124 844 1041 3125 923 1081 3243 925 1081 3244 924 1081 3245 926 1082 3246 924 1082 3247 927 1082 3248 929 1083 3249 925 1083 3250 930 1083 3251 927 1084 3252 928 1084 3253 930 1084 3254 972 1108 3324 975 1108 3325 976 1108 3326 973 1109 3327 979 1109 3328 974 1109 3329 972 1110 3330 976 1110 3331 973 1110 3332 974 1111 3333 979 1111 3334 975 1111 3335 973 1112 3336 976 1112 3337 979 1112 3338 976 1113 3339 977 1113 3340 979 1113 3341 976 1114 3342 978 1114 3343 977 1114 3344 975 1115 3345 978 1115 3346 976 1115 3347 975 1116 3348 979 1116 3349 978 1116 3350 1046 1161 3483 1049 1161 3484 1047 1161 3485 1047 1162 3486 1048 1162 3487 1050 1162 3488 1047 1163 3489 1049 1163 3490 1048 1163 3491 1050 1164 3492 1048 1164 3493 1051 1164 3494 1049 1165 3495 1051 1165 3496 1052 1165 3497 974 1197 3591 975 1197 3592 972 1197 3593 1046 1232 3696 1050 1232 3697 1049 1232 3698 1049 1233 3699 1050 1233 3700 1051 1233 3701 1048 1234 3702 1049 1234 3703 1052 1234 3704 1108 1265 3795 1109 1265 3796 1111 1265 3797 1106 1266 3798 1112 1266 3799 1109 1266 3800 1107 1267 3801 1111 1267 3802 1110 1267 3803 1112 1268 3804 1110 1268 3805 1109 1268 3806 1111 1269 3807 1114 1269 3808 1113 1269 3809 1109 1270 3810 1110 1270 3811 1114 1270 3812 1182 1315 3945 1185 1315 3946 1184 1315 3947 1182 1316 3948 1183 1316 3949 1185 1316 3950 1192 1320 3960 1194 1320 3961 1196 1320 3962 1193 1321 3963 1194 1321 3964 1192 1321 3965 1196 1322 3966 1195 1322 3967 1193 1322 3968 1196 1323 3969 1197 1323 3970 1195 1323 3971 1194 1324 3972 1199 1324 3973 1198 1324 3974 1195 1325 3975 1199 1325 3976 1194 1325 3977 1197 1326 3978 1200 1326 3979 1195 1326 3980 1194 1327 3981 1198 1327 3982 1197 1327 3983 1108 1348 4044 1111 1348 4045 1107 1348 4046 1108 1349 4047 1106 1349 4048 1109 1349 4049 1106 1350 4050 1107 1350 4051 1112 1350 4052 1107 1351 4053 1110 1351 4054 1112 1351 4055 1111 1352 4056 1113 1352 4057 1110 1352 4058 1111 1353 4059 1109 1353 4060 1114 1353 4061 1193 1393 4179 1195 1393 4180 1194 1393 4181 1196 1394 4182 1194 1394 4183 1197 1394 4184 1199 1395 4185 1195 1395 4186 1200 1395 4187 1197 1396 4188 1198 1396 4189 1200 1396 4190 1242 1420 4260 1245 1420 4261 1246 1420 4262 1243 1421 4263 1249 1421 4264 1244 1421 4265 1242 1422 4266 1246 1422 4267 1243 1422 4268 1244 1423 4269 1249 1423 4270 1245 1423 4271 1243 1424 4272 1246 1424 4273 1249 1424 4274 1246 1425 4275 1247 1425 4276 1249 1425 4277 1246 1426 4278 1248 1426 4279 1247 1426 4280 1245 1427 4281 1248 1427 4282 1246 1427 4283 1245 1428 4284 1249 1428 4285 1248 1428 4286 1316 1473 4419 1319 1473 4420 1317 1473 4421 1317 1474 4422 1318 1474 4423 1320 1474 4424 1317 1475 4425 1319 1475 4426 1318 1475 4427 1320 1476 4428 1318 1476 4429 1321 1476 4430 1319 1477 4431 1321 1477 4432 1322 1477 4433 1244 1509 4527 1245 1509 4528 1242 1509 4529 1316 1544 4632 1320 1544 4633 1319 1544 4634 1319 1545 4635 1320 1545 4636 1321 1545 4637 1318 1546 4638 1319 1546 4639 1322 1546 4640 1378 1577 4731 1379 1577 4732 1381 1577 4733 1376 1578 4734 1382 1578 4735 1379 1578 4736 1377 1579 4737 1381 1579 4738 1380 1579 4739 1382 1580 4740 1380 1580 4741 1379 1580 4742 1381 1581 4743 1384 1581 4744 1383 1581 4745 1379 1582 4746 1380 1582 4747 1384 1582 4748 1452 1627 4881 1455 1627 4882 1454 1627 4883 1452 1628 4884 1453 1628 4885 1455 1628 4886 1462 1632 4896 1464 1632 4897 1466 1632 4898 1463 1633 4899 1464 1633 4900 1462 1633 4901 1466 1634 4902 1465 1634 4903 1463 1634 4904 1466 1635 4905 1467 1635 4906 1465 1635 4907 1464 1636 4908 1469 1636 4909 1468 1636 4910 1465 1637 4911 1469 1637 4912 1464 1637 4913 1467 1638 4914 1470 1638 4915 1465 1638 4916 1464 1639 4917 1468 1639 4918 1467 1639 4919 1378 1660 4980 1381 1660 4981 1377 1660 4982 1378 1661 4983 1376 1661 4984 1379 1661 4985 1376 1662 4986 1377 1662 4987 1382 1662 4988 1377 1663 4989 1380 1663 4990 1382 1663 4991 1381 1664 4992 1383 1664 4993 1380 1664 4994 1381 1665 4995 1379 1665 4996 1384 1665 4997 1463 1705 5115 1465 1705 5116 1464 1705 5117 1466 1706 5118 1464 1706 5119 1467 1706 5120 1469 1707 5121 1465 1707 5122 1470 1707 5123 1467 1708 5124 1468 1708 5125 1470 1708 5126 1541 1742 5226 1544 1742 5227 1540 1742 5228 1542 1743 5229 1544 1743 5230 1539 1743 5231 1543 1744 5232 1540 1744 5233 1542 1744 5234 1544 1745 5235 1542 1745 5236 1545 1745 5237 1544 1746 5238 1545 1746 5239 1546 1746 5240 1542 1747 5241 1546 1747 5242 1547 1747 5243 1543 1832 5496 1542 1832 5497 1539 1832 5498 1543 1833 5499 1541 1833 5500 1540 1833 5501 1541 1834 5502 1539 1834 5503 1544 1834 5504 1540 1835 5505 1546 1835 5506 1542 1835 5507 1540 1836 5508 1544 1836 5509 1546 1836 5510 1542 1837 5511 1547 1837 5512 1545 1837 5513 1647 1886 5658 1648 1886 5659 1646 1886 5660 1645 1887 5661 1646 1887 5662 1650 1887 5663 1646 1888 5664 1648 1888 5665 1650 1888 5666 1645 1889 5667 1650 1889 5668 1649 1889 5669 1647 1890 5670 1649 1890 5671 1648 1890 5672 1651 1891 5673 1652 1891 5674 1649 1891 5675 1651 1892 5676 1650 1892 5677 1653 1892 5678 1652 1893 5679 1653 1893 5680 1655 1893 5681 1650 1894 5682 1654 1894 5683 1653 1894 5684 1690 1914 5742 1694 1914 5743 1693 1914 5744 1690 1915 5745 1691 1915 5746 1694 1915 5747 1691 1916 5748 1695 1916 5749 1694 1916 5750 1694 1917 5751 1696 1917 5752 1693 1917 5753 1691 1918 5754 1692 1918 5755 1695 1918 5756 1694 1919 5757 1695 1919 5758 1696 1919 5759 1748 1946 5838 1750 1946 5839 1747 1946 5840 1749 1947 5841 1754 1947 5842 1751 1947 5843 1751 1948 5844 1752 1948 5845 1750 1948 5846 1751 1949 5847 1754 1949 5848 1753 1949 5849 1647 1962 5886 1645 1962 5887 1649 1962 5888 1650 1963 5889 1651 1963 5890 1649 1963 5891 1648 1964 5892 1652 1964 5893 1650 1964 5894 1648 1965 5895 1649 1965 5896 1652 1965 5897 1650 1966 5898 1652 1966 5899 1654 1966 5900 1652 1967 5901 1655 1967 5902 1654 1967 5903 1652 1968 5904 1651 1968 5905 1653 1968 5906 1691 1988 5964 1693 1988 5965 1692 1988 5966 1692 1989 5967 1693 1989 5968 1696 1989 5969 1747 2022 6066 1750 2022 6067 1749 2022 6068 1748 2023 6069 1751 2023 6070 1750 2023 6071 1748 2024 6072 1749 2024 6073 1751 2024 6074 1750 2025 6075 1754 2025 6076 1749 2025 6077 1750 2026 6078 1752 2026 6079 1754 2026 6080 1752 2027 6081 1751 2027 6082 1753 2027 6083 1782 2042 6126 1783 2042 6127 1781 2042 6128 1780 2043 6129 1781 2043 6130 1785 2043 6131 1781 2044 6132 1783 2044 6133 1785 2044 6134 1780 2045 6135 1785 2045 6136 1784 2045 6137 1782 2046 6138 1784 2046 6139 1783 2046 6140 1786 2047 6141 1787 2047 6142 1784 2047 6143 1786 2048 6144 1785 2048 6145 1788 2048 6146 1787 2049 6147 1788 2049 6148 1790 2049 6149 1785 2050 6150 1789 2050 6151 1788 2050 6152 1825 2070 6210 1829 2070 6211 1828 2070 6212 1825 2071 6213 1826 2071 6214 1829 2071 6215 1826 2072 6216 1830 2072 6217 1829 2072 6218 1829 2073 6219 1831 2073 6220 1828 2073 6221 1826 2074 6222 1827 2074 6223 1830 2074 6224 1829 2075 6225 1830 2075 6226 1831 2075 6227 1883 2102 6306 1885 2102 6307 1882 2102 6308 1884 2103 6309 1889 2103 6310 1886 2103 6311 1886 2104 6312 1887 2104 6313 1885 2104 6314 1886 2105 6315 1889 2105 6316 1888 2105 6317 1782 2118 6354 1780 2118 6355 1784 2118 6356 1785 2119 6357 1786 2119 6358 1784 2119 6359 1783 2120 6360 1787 2120 6361 1785 2120 6362 1783 2121 6363 1784 2121 6364 1787 2121 6365 1785 2122 6366 1787 2122 6367 1789 2122 6368 1787 2123 6369 1790 2123 6370 1789 2123 6371 1787 2124 6372 1786 2124 6373 1788 2124 6374 1826 2144 6432 1828 2144 6433 1827 2144 6434 1827 2145 6435 1828 2145 6436 1831 2145 6437 1882 2178 6534 1885 2178 6535 1884 2178 6536 1883 2179 6537 1886 2179 6538 1885 2179 6539 1883 2180 6540 1884 2180 6541 1886 2180 6542 1885 2181 6543 1889 2181 6544 1884 2181 6545 1885 2182 6546 1887 2182 6547 1889 2182 6548 1887 2183 6549 1886 2183 6550 1888 2183 6551 1931 2206 6618 1933 2206 6619 1930 2206 6620 1931 2207 6621 1929 2207 6622 1936 2207 6623 1933 2208 6624 1932 2208 6625 1929 2208 6626 1936 2209 6627 1933 2209 6628 1931 2209 6629 1929 2210 6630 1932 2210 6631 1936 2210 6632 1936 2211 6633 1937 2211 6634 1935 2211 6635 1930 2286 6858 1933 2286 6859 1929 2286 6860 1932 2287 6861 1933 2287 6862 1934 2287 6863 1933 2288 6864 1935 2288 6865 1934 2288 6866 1933 2289 6867 1936 2289 6868 1935 2289 6869 1936 2290 6870 1932 2290 6871 1934 2290 6872 1936 2291 6873 1934 2291 6874 1937 2291 6875 2081 2368 7104 2083 2368 7105 2082 2368 7106 2083 2369 7107 2084 2369 7108 2085 2369 7109 2080 2370 7110 2084 2370 7111 2083 2370 7112 2084 2371 7113 2082 2371 7114 2086 2371 7115 2084 2372 7116 2086 2372 7117 2087 2372 7118 2082 2373 7119 2085 2373 7120 2086 2373 7121 2085 2374 7122 2089 2374 7123 2088 2374 7124 2085 2375 7125 2087 2375 7126 2089 2375 7127 2086 2376 7128 2088 2376 7129 2087 2376 7130 2080 2456 7368 2081 2456 7369 2082 2456 7370 2080 2457 7371 2082 2457 7372 2084 2457 7373 2082 2458 7374 2083 2458 7375 2085 2458 7376 2084 2459 7377 2087 2459 7378 2085 2459 7379 2086 2460 7380 2085 2460 7381 2088 2460 7382 2216 2524 7572 2218 2524 7573 2217 2524 7574 2218 2525 7575 2219 2525 7576 2220 2525 7577 2215 2526 7578 2219 2526 7579 2218 2526 7580 2219 2527 7581 2217 2527 7582 2221 2527 7583 2219 2528 7584 2221 2528 7585 2222 2528 7586 2217 2529 7587 2220 2529 7588 2221 2529 7589 2220 2530 7590 2224 2530 7591 2223 2530 7592 2220 2531 7593 2222 2531 7594 2224 2531 7595 2221 2532 7596 2223 2532 7597 2222 2532 7598 2215 2612 7836 2216 2612 7837 2217 2612 7838 2215 2613 7839 2217 2613 7840 2219 2613 7841 2217 2614 7842 2218 2614 7843 2220 2614 7844 2219 2615 7845 2222 2615 7846 2220 2615 7847 2221 2616 7848 2220 2616 7849 2223 2616 7850 2322 2666 7998 2323 2666 7999 2321 2666 8000 2320 2667 8001 2321 2667 8002 2325 2667 8003 2321 2668 8004 2323 2668 8005 2325 2668 8006 2320 2669 8007 2325 2669 8008 2324 2669 8009 2322 2670 8010 2324 2670 8011 2323 2670 8012 2326 2671 8013 2327 2671 8014 2324 2671 8015 2326 2672 8016 2325 2672 8017 2328 2672 8018 2327 2673 8019 2328 2673 8020 2330 2673 8021 2325 2674 8022 2329 2674 8023 2328 2674 8024 2365 2694 8082 2369 2694 8083 2368 2694 8084 2365 2695 8085 2366 2695 8086 2369 2695 8087 2366 2696 8088 2370 2696 8089 2369 2696 8090 2369 2697 8091 2371 2697 8092 2368 2697 8093 2366 2698 8094 2367 2698 8095 2370 2698 8096 2369 2699 8097 2370 2699 8098 2371 2699 8099 2423 2726 8178 2425 2726 8179 2422 2726 8180 2424 2727 8181 2429 2727 8182 2426 2727 8183 2426 2728 8184 2427 2728 8185 2425 2728 8186 2426 2729 8187 2429 2729 8188 2428 2729 8189 2322 2742 8226 2320 2742 8227 2324 2742 8228 2325 2743 8229 2326 2743 8230 2324 2743 8231 2323 2744 8232 2327 2744 8233 2325 2744 8234 2323 2745 8235 2324 2745 8236 2327 2745 8237 2325 2746 8238 2327 2746 8239 2329 2746 8240 2327 2747 8241 2330 2747 8242 2329 2747 8243 2327 2748 8244 2326 2748 8245 2328 2748 8246 2366 2768 8304 2368 2768 8305 2367 2768 8306 2367 2769 8307 2368 2769 8308 2371 2769 8309 2422 2802 8406 2425 2802 8407 2424 2802 8408 2423 2803 8409 2426 2803 8410 2425 2803 8411 2423 2804 8412 2424 2804 8413 2426 2804 8414 2425 2805 8415 2429 2805 8416 2424 2805 8417 2425 2806 8418 2427 2806 8419 2429 2806 8420 2427 2807 8421 2426 2807 8422 2428 2807 8423 2513 2859 8577 2518 2859 8578 2515 2859 8579 2515 2860 8580 2516 2860 8581 2517 2860 8582 2518 2861 8583 2516 2861 8584 2515 2861 8585 2517 2862 8586 2516 2862 8587 2519 2862 8588 2516 2863 8589 2518 2863 8590 2519 2863 8591 2518 2864 8592 2521 2864 8593 2520 2864 8594 2519 2865 8595 2521 2865 8596 2517 2865 8597 2513 2936 8808 2514 2936 8809 2518 2936 8810 2514 2937 8811 2517 2937 8812 2518 2937 8813 2514 2938 8814 2515 2938 8815 2517 2938 8816 2519 2939 8817 2518 2939 8818 2520 2939 8819 2518 2940 8820 2517 2940 8821 2521 2940 8822 2593 2981 8943 2594 2981 8944 2596 2981 8945 2591 2982 8946 2597 2982 8947 2594 2982 8948 2592 2983 8949 2596 2983 8950 2595 2983 8951 2597 2984 8952 2595 2984 8953 2594 2984 8954 2596 2985 8955 2599 2985 8956 2598 2985 8957 2594 2986 8958 2595 2986 8959 2599 2986 8960 2667 3031 9093 2670 3031 9094 2669 3031 9095 2667 3032 9096 2668 3032 9097 2670 3032 9098 2677 3036 9108 2679 3036 9109 2681 3036 9110 2678 3037 9111 2679 3037 9112 2677 3037 9113 2681 3038 9114 2680 3038 9115 2678 3038 9116 2681 3039 9117 2682 3039 9118 2680 3039 9119 2679 3040 9120 2684 3040 9121 2683 3040 9122 2680 3041 9123 2684 3041 9124 2679 3041 9125 2682 3042 9126 2685 3042 9127 2680 3042 9128 2679 3043 9129 2683 3043 9130 2682 3043 9131 2593 3064 9192 2596 3064 9193 2592 3064 9194 2593 3065 9195 2591 3065 9196 2594 3065 9197 2591 3066 9198 2592 3066 9199 2597 3066 9200 2592 3067 9201 2595 3067 9202 2597 3067 9203 2596 3068 9204 2598 3068 9205 2595 3068 9206 2596 3069 9207 2594 3069 9208 2599 3069 9209 2678 3109 9327 2680 3109 9328 2679 3109 9329 2681 3110 9330 2679 3110 9331 2682 3110 9332 2684 3111 9333 2680 3111 9334 2685 3111 9335 2682 3112 9336 2683 3112 9337 2685 3112 9338 2725 3136 9408 2730 3136 9409 2726 3136 9410 2726 3137 9411 2730 3137 9412 2728 3137 9413 2726 3138 9414 2728 3138 9415 2733 3138 9416 2730 3139 9417 2731 3139 9418 2728 3139 9419 2729 3140 9420 2732 3140 9421 2730 3140 9422 2817 3187 9561 2815 3187 9562 2813 3187 9563 2814 3188 9564 2816 3188 9565 2817 3188 9566 2815 3189 9567 2818 3189 9568 2816 3189 9569 2817 3190 9570 2819 3190 9571 2815 3190 9572 2816 3191 9573 2818 3191 9574 2820 3191 9575 2830 3195 9585 2829 3195 9586 2827 3195 9587 2829 3196 9588 2831 3196 9589 2827 3196 9590 2831 3197 9591 2833 3197 9592 2830 3197 9593 2829 3198 9594 2832 3198 9595 2831 3198 9596 2829 3199 9597 2834 3199 9598 2832 3199 9599 2829 3200 9600 2833 3200 9601 2834 3200 9602 2725 3211 9633 2727 3211 9634 2730 3211 9635 2727 3212 9636 2726 3212 9637 2729 3212 9638 2727 3213 9639 2729 3213 9640 2730 3213 9641 2726 3214 9642 2733 3214 9643 2729 3214 9644 2729 3215 9645 2733 3215 9646 2732 3215 9647 2728 3216 9648 2731 3216 9649 2733 3216 9650 2731 3217 9651 2730 3217 9652 2732 3217 9653 2814 3264 9792 2813 3264 9793 2816 3264 9794 2816 3265 9795 2813 3265 9796 2815 3265 9797 2817 3266 9798 2816 3266 9799 2819 3266 9800 2815 3267 9801 2819 3267 9802 2818 3267 9803 2819 3268 9804 2816 3268 9805 2820 3268 9806 2830 3272 9816 2828 3272 9817 2831 3272 9818 2828 3273 9819 2827 3273 9820 2831 3273 9821 2829 3274 9822 2830 3274 9823 2833 3274 9824 2833 3275 9825 2831 3275 9826 2832 3275 9827 2876 3298 9894 2878 3298 9895 2875 3298 9896 2876 3299 9897 2874 3299 9898 2881 3299 9899 2878 3300 9900 2877 3300 9901 2874 3300 9902 2881 3301 9903 2878 3301 9904 2876 3301 9905 2874 3302 9906 2877 3302 9907 2881 3302 9908 2881 3303 9909 2882 3303 9910 2880 3303 9911 2875 3378 10134 2878 3378 10135 2874 3378 10136 2877 3379 10137 2878 3379 10138 2879 3379 10139 2878 3380 10140 2880 3380 10141 2879 3380 10142 2878 3381 10143 2881 3381 10144 2880 3381 10145 2881 3382 10146 2877 3382 10147 2879 3382 10148 2881 3383 10149 2879 3383 10150 2882 3383 10151 3012 3458 10374 3014 3458 10375 3015 3458 10376 3013 3459 10377 3014 3459 10378 3012 3459 10379 3015 3460 10380 3017 3460 10381 3013 3460 10382 3015 3461 10383 3016 3461 10384 3017 3461 10385 3054 3478 10434 3058 3478 10435 3057 3478 10436 3054 3479 10437 3059 3479 10438 3058 3479 10439 3055 3480 10440 3056 3480 10441 3059 3480 10442 3054 3481 10443 3057 3481 10444 3056 3481 10445 3056 3482 10446 3057 3482 10447 3059 3482 10448 3061 3483 10449 3062 3483 10450 3058 3483 10451 3060 3484 10452 3061 3484 10453 3059 3484 10454 3011 3527 10581 3012 3527 10582 3015 3527 10583 3011 3528 10584 3015 3528 10585 3013 3528 10586 3013 3529 10587 3017 3529 10588 3014 3529 10589 3015 3530 10590 3018 3530 10591 3016 3530 10592 3015 3531 10593 3014 3531 10594 3018 3531 10595 3014 3532 10596 3017 3532 10597 3018 3532 10598 3054 3557 10671 3055 3557 10672 3059 3557 10673 3057 3558 10674 3060 3558 10675 3059 3558 10676 3057 3559 10677 3058 3559 10678 3060 3559 10679 3058 3560 10680 3059 3560 10681 3061 3560 10682 3060 3561 10683 3058 3561 10684 3062 3561 10685 3147 3614 10842 3149 3614 10843 3150 3614 10844 3148 3615 10845 3149 3615 10846 3147 3615 10847 3150 3616 10848 3152 3616 10849 3148 3616 10850 3150 3617 10851 3151 3617 10852 3152 3617 10853 3189 3634 10902 3193 3634 10903 3192 3634 10904 3189 3635 10905 3194 3635 10906 3193 3635 10907 3190 3636 10908 3191 3636 10909 3194 3636 10910 3189 3637 10911 3192 3637 10912 3191 3637 10913 3191 3638 10914 3192 3638 10915 3194 3638 10916 3196 3639 10917 3197 3639 10918 3193 3639 10919 3195 3640 10920 3196 3640 10921 3194 3640 10922 3146 3683 11049 3147 3683 11050 3150 3683 11051 3146 3684 11052 3150 3684 11053 3148 3684 11054 3148 3685 11055 3152 3685 11056 3149 3685 11057 3150 3686 11058 3153 3686 11059 3151 3686 11060 3150 3687 11061 3149 3687 11062 3153 3687 11063 3149 3688 11064 3152 3688 11065 3153 3688 11066 3189 3713 11139 3190 3713 11140 3194 3713 11141 3192 3714 11142 3195 3714 11143 3194 3714 11144 3192 3715 11145 3193 3715 11146 3195 3715 11147 3193 3716 11148 3194 3716 11149 3196 3716 11150 3195 3717 11151 3193 3717 11152 3197 3717 11153 3267 3760 11280 3270 3760 11281 3271 3760 11282 3268 3761 11283 3274 3761 11284 3269 3761 11285 3267 3762 11286 3271 3762 11287 3268 3762 11288 3269 3763 11289 3274 3763 11290 3270 3763 11291 3268 3764 11292 3271 3764 11293 3274 3764 11294 3271 3765 11295 3272 3765 11296 3274 3765 11297 3271 3766 11298 3273 3766 11299 3272 3766 11300 3270 3767 11301 3273 3767 11302 3271 3767 11303 3270 3768 11304 3274 3768 11305 3273 3768 11306 3341 3813 11439 3344 3813 11440 3342 3813 11441 3342 3814 11442 3343 3814 11443 3345 3814 11444 3342 3815 11445 3344 3815 11446 3343 3815 11447 3345 3816 11448 3343 3816 11449 3346 3816 11450 3344 3817 11451 3346 3817 11452 3347 3817 11453 3269 3849 11547 3270 3849 11548 3267 3849 11549 3341 3884 11652 3345 3884 11653 3344 3884 11654 3344 3885 11655 3345 3885 11656 3346 3885 11657 3343 3886 11658 3344 3886 11659 3347 3886 11660 3431 3928 11784 3433 3928 11785 3432 3928 11786 3433 3929 11787 3434 3929 11788 3435 3929 11789 3430 3930 11790 3434 3930 11791 3433 3930 11792 3434 3931 11793 3432 3931 11794 3436 3931 11795 3434 3932 11796 3436 3932 11797 3437 3932 11798 3432 3933 11799 3435 3933 11800 3436 3933 11801 3435 3934 11802 3439 3934 11803 3438 3934 11804 3435 3935 11805 3437 3935 11806 3439 3935 11807 3436 3936 11808 3438 3936 11809 3437 3936 11810 3430 4016 12048 3431 4016 12049 3432 4016 12050 3430 4017 12051 3432 4017 12052 3434 4017 12053 3432 4018 12054 3433 4018 12055 3435 4018 12056 3434 4019 12057 3437 4019 12058 3435 4019 12059 3436 4020 12060 3435 4020 12061 3438 4020 12062 3537 4072 12216 3540 4072 12217 3541 4072 12218 3538 4073 12219 3544 4073 12220 3539 4073 12221 3537 4074 12222 3541 4074 12223 3538 4074 12224 3539 4075 12225 3544 4075 12226 3540 4075 12227 3538 4076 12228 3541 4076 12229 3544 4076 12230 3541 4077 12231 3542 4077 12232 3544 4077 12233 3541 4078 12234 3543 4078 12235 3542 4078 12236 3540 4079 12237 3543 4079 12238 3541 4079 12239 3540 4080 12240 3544 4080 12241 3543 4080 12242 3611 4125 12375 3614 4125 12376 3612 4125 12377 3612 4126 12378 3613 4126 12379 3615 4126 12380 3612 4127 12381 3614 4127 12382 3613 4127 12383 3615 4128 12384 3613 4128 12385 3616 4128 12386 3614 4129 12387 3616 4129 12388 3617 4129 12389 3539 4161 12483 3540 4161 12484 3537 4161 12485 3611 4196 12588 3615 4196 12589 3614 4196 12590 3614 4197 12591 3615 4197 12592 3616 4197 12593 3613 4198 12594 3614 4198 12595 3617 4198 12596 3673 4229 12687 3674 4229 12688 3676 4229 12689 3671 4230 12690 3677 4230 12691 3674 4230 12692 3672 4231 12693 3676 4231 12694 3675 4231 12695 3677 4232 12696 3675 4232 12697 3674 4232 12698 3676 4233 12699 3679 4233 12700 3678 4233 12701 3674 4234 12702 3675 4234 12703 3679 4234 12704 3747 4279 12837 3750 4279 12838 3749 4279 12839 3747 4280 12840 3748 4280 12841 3750 4280 12842 3757 4284 12852 3759 4284 12853 3761 4284 12854 3758 4285 12855 3759 4285 12856 3757 4285 12857 3761 4286 12858 3760 4286 12859 3758 4286 12860 3761 4287 12861 3762 4287 12862 3760 4287 12863 3759 4288 12864 3764 4288 12865 3763 4288 12866 3760 4289 12867 3764 4289 12868 3759 4289 12869 3762 4290 12870 3765 4290 12871 3760 4290 12872 3759 4291 12873 3763 4291 12874 3762 4291 12875 3673 4312 12936 3676 4312 12937 3672 4312 12938 3673 4313 12939 3671 4313 12940 3674 4313 12941 3671 4314 12942 3672 4314 12943 3677 4314 12944 3672 4315 12945 3675 4315 12946 3677 4315 12947 3676 4316 12948 3678 4316 12949 3675 4316 12950 3676 4317 12951 3674 4317 12952 3679 4317 12953 3758 4357 13071 3760 4357 13072 3759 4357 13073 3761 4358 13074 3759 4358 13075 3762 4358 13076 3764 4359 13077 3760 4359 13078 3765 4359 13079 3762 4360 13080 3763 4360 13081 3765 4360 13082 3821 4390 13170 3823 4390 13171 3820 4390 13172 3821 4391 13173 3819 4391 13174 3826 4391 13175 3823 4392 13176 3822 4392 13177 3819 4392 13178 3826 4393 13179 3823 4393 13180 3821 4393 13181 3819 4394 13182 3822 4394 13183 3826 4394 13184 3826 4395 13185 3827 4395 13186 3825 4395 13187 3820 4470 13410 3823 4470 13411 3819 4470 13412 3822 4471 13413 3823 4471 13414 3824 4471 13415 3823 4472 13416 3825 4472 13417 3824 4472 13418 3823 4473 13419 3826 4473 13420 3825 4473 13421 3826 4474 13422 3822 4474 13423 3824 4474 13424 3826 4475 13425 3824 4475 13426 3827 4475 13427 3943 4541 13623 3944 4541 13624 3946 4541 13625 3941 4542 13626 3947 4542 13627 3944 4542 13628 3942 4543 13629 3946 4543 13630 3945 4543 13631 3947 4544 13632 3945 4544 13633 3944 4544 13634 3946 4545 13635 3949 4545 13636 3948 4545 13637 3944 4546 13638 3945 4546 13639 3949 4546 13640 4017 4591 13773 4020 4591 13774 4019 4591 13775 4017 4592 13776 4018 4592 13777 4020 4592 13778 4027 4596 13788 4029 4596 13789 4031 4596 13790 4028 4597 13791 4029 4597 13792 4027 4597 13793 4031 4598 13794 4030 4598 13795 4028 4598 13796 4031 4599 13797 4032 4599 13798 4030 4599 13799 4029 4600 13800 4034 4600 13801 4033 4600 13802 4030 4601 13803 4034 4601 13804 4029 4601 13805 4032 4602 13806 4035 4602 13807 4030 4602 13808 4029 4603 13809 4033 4603 13810 4032 4603 13811 3943 4624 13872 3946 4624 13873 3942 4624 13874 3943 4625 13875 3941 4625 13876 3944 4625 13877 3941 4626 13878 3942 4626 13879 3947 4626 13880 3942 4627 13881 3945 4627 13882 3947 4627 13883 3946 4628 13884 3948 4628 13885 3945 4628 13886 3946 4629 13887 3944 4629 13888 3949 4629 13889 4028 4669 14007 4030 4669 14008 4029 4669 14009 4031 4670 14010 4029 4670 14011 4032 4670 14012 4034 4671 14013 4030 4671 14014 4035 4671 14015 4032 4672 14016 4033 4672 14017 4035 4672 14018 4106 4708 14124 4108 4708 14125 4107 4708 14126 4108 4709 14127 4109 4709 14128 4110 4709 14129 4105 4710 14130 4109 4710 14131 4108 4710 14132 4109 4711 14133 4107 4711 14134 4111 4711 14135 4109 4712 14136 4111 4712 14137 4112 4712 14138 4107 4713 14139 4110 4713 14140 4111 4713 14141 4110 4714 14142 4114 4714 14143 4113 4714 14144 4110 4715 14145 4112 4715 14146 4114 4715 14147 4111 4716 14148 4113 4716 14149 4112 4716 14150 4105 4796 14388 4106 4796 14389 4107 4796 14390 4105 4797 14391 4107 4797 14392 4109 4797 14393 4107 4798 14394 4108 4798 14395 4110 4798 14396 4109 4799 14397 4112 4799 14398 4110 4799 14399 4111 4800 14400 4110 4800 14401 4113 4800 14402 4212 4850 14550 4213 4850 14551 4211 4850 14552 4210 4851 14553 4211 4851 14554 4215 4851 14555 4211 4852 14556 4213 4852 14557 4215 4852 14558 4210 4853 14559 4215 4853 14560 4214 4853 14561 4212 4854 14562 4214 4854 14563 4213 4854 14564 4216 4855 14565 4217 4855 14566 4214 4855 14567 4216 4856 14568 4215 4856 14569 4218 4856 14570 4217 4857 14571 4218 4857 14572 4220 4857 14573 4215 4858 14574 4219 4858 14575 4218 4858 14576 4255 4878 14634 4259 4878 14635 4258 4878 14636 4255 4879 14637 4256 4879 14638 4259 4879 14639 4256 4880 14640 4260 4880 14641 4259 4880 14642 4259 4881 14643 4261 4881 14644 4258 4881 14645 4256 4882 14646 4257 4882 14647 4260 4882 14648 4259 4883 14649 4260 4883 14650 4261 4883 14651 4313 4910 14730 4315 4910 14731 4312 4910 14732 4314 4911 14733 4319 4911 14734 4316 4911 14735 4316 4912 14736 4317 4912 14737 4315 4912 14738 4316 4913 14739 4319 4913 14740 4318 4913 14741 4212 4926 14778 4210 4926 14779 4214 4926 14780 4215 4927 14781 4216 4927 14782 4214 4927 14783 4213 4928 14784 4217 4928 14785 4215 4928 14786 4213 4929 14787 4214 4929 14788 4217 4929 14789 4215 4930 14790 4217 4930 14791 4219 4930 14792 4217 4931 14793 4220 4931 14794 4219 4931 14795 4217 4932 14796 4216 4932 14797 4218 4932 14798 4256 4952 14856 4258 4952 14857 4257 4952 14858 4257 4953 14859 4258 4953 14860 4261 4953 14861 4312 4986 14958 4315 4986 14959 4314 4986 14960 4313 4987 14961 4316 4987 14962 4315 4987 14963 4313 4988 14964 4314 4988 14965 4316 4988 14966 4315 4989 14967 4319 4989 14968 4314 4989 14969 4315 4990 14970 4317 4990 14971 4319 4990 14972 4317 4991 14973 4316 4991 14974 4318 4991 14975 4376 5018 15054 4379 5018 15055 4375 5018 15056 4377 5019 15057 4379 5019 15058 4374 5019 15059 4378 5020 15060 4375 5020 15061 4377 5020 15062 4379 5021 15063 4377 5021 15064 4380 5021 15065 4379 5022 15066 4380 5022 15067 4381 5022 15068 4377 5023 15069 4381 5023 15070 4382 5023 15071 4378 5108 15324 4377 5108 15325 4374 5108 15326 4378 5109 15327 4376 5109 15328 4375 5109 15329 4376 5110 15330 4374 5110 15331 4379 5110 15332 4375 5111 15333 4381 5111 15334 4377 5111 15335 4375 5112 15336 4379 5112 15337 4381 5112 15338 4377 5113 15339 4382 5113 15340 4380 5113 15341 4482 5164 15492 4485 5164 15493 4486 5164 15494 4483 5165 15495 4489 5165 15496 4484 5165 15497 4482 5166 15498 4486 5166 15499 4483 5166 15500 4484 5167 15501 4489 5167 15502 4485 5167 15503 4483 5168 15504 4486 5168 15505 4489 5168 15506 4486 5169 15507 4487 5169 15508 4489 5169 15509 4486 5170 15510 4488 5170 15511 4487 5170 15512 4485 5171 15513 4488 5171 15514 4486 5171 15515 4485 5172 15516 4489 5172 15517 4488 5172 15518 4556 5217 15651 4559 5217 15652 4557 5217 15653 4557 5218 15654 4558 5218 15655 4560 5218 15656 4557 5219 15657 4559 5219 15658 4558 5219 15659 4560 5220 15660 4558 5220 15661 4561 5220 15662 4559 5221 15663 4561 5221 15664 4562 5221 15665 4484 5253 15759 4485 5253 15760 4482 5253 15761 4556 5288 15864 4560 5288 15865 4559 5288 15866 4559 5289 15867 4560 5289 15868 4561 5289 15869 4558 5290 15870 4559 5290 15871 4562 5290 15872 4618 5321 15963 4619 5321 15964 4621 5321 15965 4616 5322 15966 4622 5322 15967 4619 5322 15968 4617 5323 15969 4621 5323 15970 4620 5323 15971 4622 5324 15972 4620 5324 15973 4619 5324 15974 4621 5325 15975 4624 5325 15976 4623 5325 15977 4619 5326 15978 4620 5326 15979 4624 5326 15980 4692 5371 16113 4695 5371 16114 4694 5371 16115 4692 5372 16116 4693 5372 16117 4695 5372 16118 4702 5376 16128 4704 5376 16129 4706 5376 16130 4703 5377 16131 4704 5377 16132 4702 5377 16133 4706 5378 16134 4705 5378 16135 4703 5378 16136 4706 5379 16137 4707 5379 16138 4705 5379 16139 4704 5380 16140 4709 5380 16141 4708 5380 16142 4705 5381 16143 4709 5381 16144 4704 5381 16145 4707 5382 16146 4710 5382 16147 4705 5382 16148 4704 5383 16149 4708 5383 16150 4707 5383 16151 4618 5404 16212 4621 5404 16213 4617 5404 16214 4618 5405 16215 4616 5405 16216 4619 5405 16217 4616 5406 16218 4617 5406 16219 4622 5406 16220 4617 5407 16221 4620 5407 16222 4622 5407 16223 4621 5408 16224 4623 5408 16225 4620 5408 16226 4621 5409 16227 4619 5409 16228 4624 5409 16229 4703 5449 16347 4705 5449 16348 4704 5449 16349 4706 5450 16350 4704 5450 16351 4707 5450 16352 4709 5451 16353 4705 5451 16354 4710 5451 16355 4707 5452 16356 4708 5452 16357 4710 5452 16358 4766 5482 16446 4768 5482 16447 4765 5482 16448 4766 5483 16449 4764 5483 16450 4771 5483 16451 4768 5484 16452 4767 5484 16453 4764 5484 16454 4771 5485 16455 4768 5485 16456 4766 5485 16457 4764 5486 16458 4767 5486 16459 4771 5486 16460 4771 5487 16461 4772 5487 16462 4770 5487 16463 4765 5562 16686 4768 5562 16687 4764 5562 16688 4767 5563 16689 4768 5563 16690 4769 5563 16691 4768 5564 16692 4770 5564 16693 4769 5564 16694 4768 5565 16695 4771 5565 16696 4770 5565 16697 4771 5566 16698 4767 5566 16699 4769 5566 16700 4771 5567 16701 4769 5567 16702 4772 5567 16703 4916 5642 16926 4919 5642 16927 4915 5642 16928 4917 5643 16929 4919 5643 16930 4914 5643 16931 4918 5644 16932 4915 5644 16933 4917 5644 16934 4919 5645 16935 4917 5645 16936 4920 5645 16937 4919 5646 16938 4920 5646 16939 4921 5646 16940 4917 5647 16941 4921 5647 16942 4922 5647 16943 4918 5732 17196 4917 5732 17197 4914 5732 17198 4918 5733 17199 4916 5733 17200 4915 5733 17201 4916 5734 17202 4914 5734 17203 4919 5734 17204 4915 5735 17205 4921 5735 17206 4917 5735 17207 4915 5736 17208 4919 5736 17209 4921 5736 17210 4917 5737 17211 4922 5737 17212 4920 5737 17213 5051 5800 17400 5053 5800 17401 5052 5800 17402 5053 5801 17403 5054 5801 17404 5055 5801 17405 5050 5802 17406 5054 5802 17407 5053 5802 17408 5054 5803 17409 5052 5803 17410 5056 5803 17411 5054 5804 17412 5056 5804 17413 5057 5804 17414 5052 5805 17415 5055 5805 17416 5056 5805 17417 5055 5806 17418 5059 5806 17419 5058 5806 17420 5055 5807 17421 5057 5807 17422 5059 5807 17423 5056 5808 17424 5058 5808 17425 5057 5808 17426 5050 5888 17664 5051 5888 17665 5052 5888 17666 5050 5889 17667 5052 5889 17668 5054 5889 17669 5052 5890 17670 5053 5890 17671 5055 5890 17672 5054 5891 17673 5057 5891 17674 5055 5891 17675 5056 5892 17676 5055 5892 17677 5058 5892 17678</p>
        </triangles>
        <triangles count="802" material="m5">
          <input semantic="VERTEX" source="#vertices" offset="0" />
          <input semantic="NORMAL" source="#normals" offset="1" />
          <input semantic="TEXCOORD" source="#uv" offset="2" set="0" />
          <p>85 49 147 86 49 148 87 49 149 88 50 150 90 50 151 86 50 152 85 51 153 87 51 154 88 51 155 86 52 156 90 52 157 87 52 158 88 53 159 89 53 160 90 53 161 88 54 162 91 54 163 89 54 164 87 55 165 91 55 166 88 55 167 87 56 168 90 56 169 91 56 170 115 70 210 116 70 211 114 70 212 112 71 213 116 71 214 117 71 215 115 72 216 118 72 217 120 72 218 117 73 219 119 73 220 118 73 221 112 140 420 114 140 421 116 140 422 114 141 423 113 141 424 115 141 425 113 142 426 112 142 427 115 142 428 112 143 429 117 143 430 115 143 431 117 144 432 118 144 433 115 144 434 115 145 435 120 145 436 116 145 437 116 146 438 120 146 439 119 146 440 117 147 441 116 147 442 119 147 443 220 205 615 221 205 616 222 205 617 223 206 618 225 206 619 221 206 620 220 207 621 222 207 622 223 207 623 221 208 624 225 208 625 222 208 626 223 209 627 224 209 628 225 209 629 223 210 630 226 210 631 224 210 632 222 211 633 226 211 634 223 211 635 222 212 636 225 212 637 226 212 638 250 226 678 251 226 679 249 226 680 247 227 681 251 227 682 252 227 683 250 228 684 253 228 685 255 228 686 252 229 687 254 229 688 253 229 689 247 296 888 249 296 889 251 296 890 249 297 891 248 297 892 250 297 893 248 298 894 247 298 895 250 298 896 247 299 897 252 299 898 250 299 899 252 300 900 253 300 901 250 300 902 250 301 903 255 301 904 251 301 905 251 302 906 255 302 907 254 302 908 252 303 909 251 303 910 254 303 911 313 338 1014 317 338 1015 315 338 1016 315 339 1017 316 339 1018 314 339 1019 316 340 1020 315 340 1021 319 340 1022 316 341 1023 319 341 1024 318 341 1025 317 342 1026 320 342 1027 315 342 1028 316 343 1029 318 343 1030 317 343 1031 317 344 1032 318 344 1033 320 344 1034 312 412 1236 314 412 1237 316 412 1238 314 413 1239 313 413 1240 315 413 1241 313 414 1242 312 414 1243 317 414 1244 312 415 1245 316 415 1246 317 415 1247 315 416 1248 320 416 1249 319 416 1250 419 474 1422 421 474 1423 417 474 1424 421 475 1425 420 475 1426 418 475 1427 420 476 1428 424 476 1429 422 476 1430 422 477 1431 423 477 1432 421 477 1433 422 478 1434 424 478 1435 423 478 1436 474 502 1506 480 502 1507 478 502 1508 474 503 1509 476 503 1510 480 503 1511 474 504 1512 477 504 1513 476 504 1514 474 505 1515 475 505 1516 477 505 1517 475 506 1518 478 506 1519 477 506 1520 478 507 1521 480 507 1522 477 507 1523 477 508 1524 479 508 1525 476 508 1526 480 509 1527 479 509 1528 477 509 1529 476 510 1530 481 510 1531 480 510 1532 476 511 1533 479 511 1534 482 511 1535 504 522 1566 508 522 1567 503 522 1568 502 523 1569 507 523 1570 504 523 1571 508 524 1572 507 524 1573 503 524 1574 504 525 1575 507 525 1576 506 525 1577 507 526 1578 509 526 1579 506 526 1580 419 556 1668 422 556 1669 421 556 1670 418 557 1671 417 557 1672 421 557 1673 419 558 1674 420 558 1675 422 558 1676 419 559 1677 418 559 1678 420 559 1679 424 560 1680 420 560 1681 425 560 1682 420 561 1683 421 561 1684 425 561 1685 421 562 1686 423 562 1687 425 562 1688 479 594 1782 480 594 1783 481 594 1784 476 595 1785 482 595 1786 481 595 1787 505 606 1818 504 606 1819 503 606 1820 502 607 1821 503 607 1822 507 607 1823 502 608 1824 504 608 1825 505 608 1826 504 609 1827 506 609 1828 508 609 1829 507 610 1830 508 610 1831 509 610 1832 553 630 1890 556 630 1891 555 630 1892 552 631 1893 556 631 1894 553 631 1895 556 632 1896 557 632 1897 555 632 1898 552 633 1899 558 633 1900 556 633 1901 552 634 1902 559 634 1903 558 634 1904 552 635 1905 557 635 1906 559 635 1907 554 636 1908 557 636 1909 552 636 1910 566 640 1920 571 640 1921 568 640 1922 566 641 1923 570 641 1924 571 641 1925 566 642 1926 567 642 1927 570 642 1928 567 643 1929 568 643 1930 569 643 1931 568 644 1932 571 644 1933 569 644 1934 569 645 1935 574 645 1936 573 645 1937 571 646 1938 572 646 1939 574 646 1940 598 657 1971 600 657 1972 597 657 1973 599 658 1974 601 658 1975 603 658 1976 652 686 2058 655 686 2059 657 686 2060 657 687 2061 656 687 2062 654 687 2063 655 688 2064 659 688 2065 657 688 2066 659 689 2067 658 689 2068 657 689 2069 554 705 2115 552 705 2116 553 705 2117 555 706 2118 557 706 2119 554 706 2120 557 707 2121 556 707 2122 558 707 2123 567 711 2133 569 711 2134 570 711 2135 570 712 2136 573 712 2137 572 712 2138 570 713 2139 569 713 2140 573 713 2141 569 714 2142 571 714 2143 574 714 2144 571 715 2145 570 715 2146 572 715 2147 595 728 2184 598 728 2185 597 728 2186 595 729 2187 596 729 2188 598 729 2189 596 730 2190 597 730 2191 599 730 2192 596 731 2193 599 731 2194 598 731 2195 597 732 2196 600 732 2197 599 732 2198 599 733 2199 602 733 2200 598 733 2201 600 734 2202 598 734 2203 601 734 2204 598 735 2205 602 735 2206 601 735 2207 599 736 2208 603 736 2209 602 736 2210 599 737 2211 600 737 2212 601 737 2213 654 765 2295 652 765 2296 657 765 2297 652 766 2298 653 766 2299 655 766 2300 653 767 2301 654 767 2302 655 767 2303 654 768 2304 660 768 2305 655 768 2306 660 769 2307 654 769 2308 656 769 2309 655 770 2310 660 770 2311 659 770 2312 657 771 2313 658 771 2314 656 771 2315 656 772 2316 658 772 2317 660 772 2318 718 806 2418 722 806 2419 720 806 2420 720 807 2421 721 807 2422 719 807 2423 721 808 2424 720 808 2425 724 808 2426 721 809 2427 724 809 2428 723 809 2429 722 810 2430 725 810 2431 720 810 2432 721 811 2433 723 811 2434 722 811 2435 722 812 2436 723 812 2437 725 812 2438 717 880 2640 719 880 2641 721 880 2642 719 881 2643 718 881 2644 720 881 2645 718 882 2646 717 882 2647 722 882 2648 717 883 2649 721 883 2650 722 883 2651 720 884 2652 725 884 2653 724 884 2654 987 1121 3363 988 1121 3364 986 1121 3365 987 1122 3366 990 1122 3367 989 1122 3368 991 1123 3369 990 1123 3370 987 1123 3371 991 1124 3372 992 1124 3373 990 1124 3374 986 1125 3375 988 1125 3376 991 1125 3377 987 1126 3378 989 1126 3379 988 1126 3380 991 1127 3381 988 1127 3382 992 1127 3383 988 1128 3384 993 1128 3385 992 1128 3386 990 1129 3387 995 1129 3388 989 1129 3389 993 1130 3390 996 1130 3391 995 1130 3392 993 1131 3393 994 1131 3394 996 1131 3395 1016 1142 3426 1017 1142 3427 1021 1142 3428 1018 1143 3429 1020 1143 3430 1019 1143 3431 1016 1144 3432 1020 1144 3433 1018 1144 3434 1017 1145 3435 1019 1145 3436 1021 1145 3437 1019 1146 3438 1023 1146 3439 1021 1146 3440 1020 1147 3441 1023 1147 3442 1019 1147 3443 1022 1148 3444 1023 1148 3445 1020 1148 3446 1076 1180 3540 1074 1180 3541 1077 1180 3542 1073 1181 3543 1078 1181 3544 1074 1181 3545 1077 1182 3546 1078 1182 3547 1073 1182 3548 992 1200 3600 993 1200 3601 990 1200 3602 988 1201 3603 989 1201 3604 993 1201 3605 989 1202 3606 995 1202 3607 994 1202 3608 990 1203 3609 993 1203 3610 995 1203 3611 993 1204 3612 989 1204 3613 994 1204 3614 1017 1215 3645 1018 1215 3646 1019 1215 3647 1016 1216 3648 1021 1216 3649 1020 1216 3650 1020 1217 3651 1021 1217 3652 1022 1217 3653 1022 1218 3654 1021 1218 3655 1024 1218 3656 1021 1219 3657 1023 1219 3658 1024 1219 3659 1073 1243 3729 1076 1243 3730 1077 1243 3731 1076 1244 3732 1075 1244 3733 1074 1244 3734 1075 1245 3735 1073 1245 3736 1074 1245 3737 1077 1246 3738 1074 1246 3739 1079 1246 3740 1077 1247 3741 1079 1247 3742 1078 1247 3743 1257 1433 4299 1258 1433 4300 1256 1433 4301 1257 1434 4302 1260 1434 4303 1259 1434 4304 1261 1435 4305 1260 1435 4306 1257 1435 4307 1261 1436 4308 1262 1436 4309 1260 1436 4310 1256 1437 4311 1258 1437 4312 1261 1437 4313 1257 1438 4314 1259 1438 4315 1258 1438 4316 1261 1439 4317 1258 1439 4318 1262 1439 4319 1258 1440 4320 1263 1440 4321 1262 1440 4322 1260 1441 4323 1265 1441 4324 1259 1441 4325 1263 1442 4326 1266 1442 4327 1265 1442 4328 1263 1443 4329 1264 1443 4330 1266 1443 4331 1286 1454 4362 1287 1454 4363 1291 1454 4364 1288 1455 4365 1290 1455 4366 1289 1455 4367 1286 1456 4368 1290 1456 4369 1288 1456 4370 1287 1457 4371 1289 1457 4372 1291 1457 4373 1289 1458 4374 1293 1458 4375 1291 1458 4376 1290 1459 4377 1293 1459 4378 1289 1459 4379 1292 1460 4380 1293 1460 4381 1290 1460 4382 1346 1492 4476 1344 1492 4477 1347 1492 4478 1343 1493 4479 1348 1493 4480 1344 1493 4481 1347 1494 4482 1348 1494 4483 1343 1494 4484 1262 1512 4536 1263 1512 4537 1260 1512 4538 1258 1513 4539 1259 1513 4540 1263 1513 4541 1259 1514 4542 1265 1514 4543 1264 1514 4544 1260 1515 4545 1263 1515 4546 1265 1515 4547 1263 1516 4548 1259 1516 4549 1264 1516 4550 1287 1527 4581 1288 1527 4582 1289 1527 4583 1286 1528 4584 1291 1528 4585 1290 1528 4586 1290 1529 4587 1291 1529 4588 1292 1529 4589 1292 1530 4590 1291 1530 4591 1294 1530 4592 1291 1531 4593 1293 1531 4594 1294 1531 4595 1343 1555 4665 1346 1555 4666 1347 1555 4667 1346 1556 4668 1345 1556 4669 1344 1556 4670 1345 1557 4671 1343 1557 4672 1344 1557 4673 1347 1558 4674 1344 1558 4675 1349 1558 4676 1347 1559 4677 1349 1559 4678 1348 1559 4679 1499 1722 5166 1501 1722 5167 1497 1722 5168 1501 1723 5169 1500 1723 5170 1498 1723 5171 1500 1724 5172 1504 1724 5173 1502 1724 5174 1502 1725 5175 1503 1725 5176 1501 1725 5177 1502 1726 5178 1504 1726 5179 1503 1726 5180 1554 1750 5250 1560 1750 5251 1558 1750 5252 1554 1751 5253 1556 1751 5254 1560 1751 5255 1554 1752 5256 1557 1752 5257 1556 1752 5258 1554 1753 5259 1555 1753 5260 1557 1753 5261 1555 1754 5262 1558 1754 5263 1557 1754 5264 1558 1755 5265 1560 1755 5266 1557 1755 5267 1557 1756 5268 1559 1756 5269 1556 1756 5270 1560 1757 5271 1559 1757 5272 1557 1757 5273 1556 1758 5274 1561 1758 5275 1560 1758 5276 1556 1759 5277 1559 1759 5278 1562 1759 5279 1584 1770 5310 1588 1770 5311 1583 1770 5312 1582 1771 5313 1587 1771 5314 1584 1771 5315 1588 1772 5316 1587 1772 5317 1583 1772 5318 1584 1773 5319 1587 1773 5320 1586 1773 5321 1587 1774 5322 1589 1774 5323 1586 1774 5324 1499 1804 5412 1502 1804 5413 1501 1804 5414 1498 1805 5415 1497 1805 5416 1501 1805 5417 1499 1806 5418 1500 1806 5419 1502 1806 5420 1499 1807 5421 1498 1807 5422 1500 1807 5423 1504 1808 5424 1500 1808 5425 1505 1808 5426 1500 1809 5427 1501 1809 5428 1505 1809 5429 1501 1810 5430 1503 1810 5431 1505 1810 5432 1559 1842 5526 1560 1842 5527 1561 1842 5528 1556 1843 5529 1562 1843 5530 1561 1843 5531 1585 1854 5562 1584 1854 5563 1583 1854 5564 1582 1855 5565 1583 1855 5566 1587 1855 5567 1582 1856 5568 1584 1856 5569 1585 1856 5570 1584 1857 5571 1586 1857 5572 1588 1857 5573 1587 1858 5574 1588 1858 5575 1589 1858 5576 1663 1898 5694 1667 1898 5695 1665 1898 5696 1665 1899 5697 1666 1899 5698 1664 1899 5699 1666 1900 5700 1665 1900 5701 1669 1900 5702 1666 1901 5703 1669 1901 5704 1668 1901 5705 1667 1902 5706 1670 1902 5707 1665 1902 5708 1666 1903 5709 1668 1903 5710 1667 1903 5711 1667 1904 5712 1668 1904 5713 1670 1904 5714 1662 1972 5916 1664 1972 5917 1666 1972 5918 1664 1973 5919 1663 1973 5920 1665 1973 5921 1663 1974 5922 1662 1974 5923 1667 1974 5924 1662 1975 5925 1666 1975 5926 1667 1975 5927 1665 1976 5928 1670 1976 5929 1669 1976 5930 1798 2054 6162 1802 2054 6163 1800 2054 6164 1800 2055 6165 1801 2055 6166 1799 2055 6167 1801 2056 6168 1800 2056 6169 1804 2056 6170 1801 2057 6171 1804 2057 6172 1803 2057 6173 1802 2058 6174 1805 2058 6175 1800 2058 6176 1801 2059 6177 1803 2059 6178 1802 2059 6179 1802 2060 6180 1803 2060 6181 1805 2060 6182 1797 2128 6384 1799 2128 6385 1801 2128 6386 1799 2129 6387 1798 2129 6388 1800 2129 6389 1798 2130 6390 1797 2130 6391 1802 2130 6392 1797 2131 6393 1801 2131 6394 1802 2131 6395 1800 2132 6396 1805 2132 6397 1804 2132 6398 1961 2223 6669 1963 2223 6670 1960 2223 6671 1959 2224 6672 1964 2224 6673 1961 2224 6674 1963 2225 6675 1962 2225 6676 1959 2225 6677 1959 2226 6678 1962 2226 6679 1964 2226 6680 1961 2227 6681 1964 2227 6682 1963 2227 6683 1964 2228 6684 1966 2228 6685 1963 2228 6686 1962 2229 6687 1965 2229 6688 1964 2229 6689 1966 2230 6690 1962 2230 6691 1963 2230 6692 2016 2256 6768 2020 2256 6769 2021 2256 6770 2016 2257 6771 2017 2257 6772 2020 2257 6773 2019 2258 6774 2018 2258 6775 2017 2258 6776 2018 2259 6777 2020 2259 6778 2017 2259 6779 2020 2260 6780 2022 2260 6781 2021 2260 6782 2020 2261 6783 2018 2261 6784 2022 2261 6785 2018 2262 6786 2024 2262 6787 2023 2262 6788 2021 2263 6789 2024 2263 6790 2018 2263 6791 2021 2264 6792 2022 2264 6793 2024 2264 6794 2018 2265 6795 2023 2265 6796 2022 2265 6797 1960 2305 6915 1963 2305 6916 1959 2305 6917 1964 2306 6918 1965 2306 6919 1966 2306 6920 2019 2338 7014 2016 2338 7015 2021 2338 7016 2018 2339 7017 2019 2339 7018 2021 2339 7019 2110 2389 7167 2111 2389 7168 2112 2389 7169 2113 2390 7170 2115 2390 7171 2111 2390 7172 2110 2391 7173 2112 2391 7174 2113 2391 7175 2111 2392 7176 2115 2392 7177 2112 2392 7178 2113 2393 7179 2114 2393 7180 2115 2393 7181 2113 2394 7182 2116 2394 7183 2114 2394 7184 2112 2395 7185 2116 2395 7186 2113 2395 7187 2112 2396 7188 2115 2396 7189 2116 2396 7190 2140 2410 7230 2141 2410 7231 2139 2410 7232 2137 2411 7233 2141 2411 7234 2142 2411 7235 2140 2412 7236 2143 2412 7237 2145 2412 7238 2142 2413 7239 2144 2413 7240 2143 2413 7241 2137 2480 7440 2139 2480 7441 2141 2480 7442 2139 2481 7443 2138 2481 7444 2140 2481 7445 2138 2482 7446 2137 2482 7447 2140 2482 7448 2137 2483 7449 2142 2483 7450 2140 2483 7451 2142 2484 7452 2143 2484 7453 2140 2484 7454 2140 2485 7455 2145 2485 7456 2141 2485 7457 2141 2486 7458 2145 2486 7459 2144 2486 7460 2142 2487 7461 2141 2487 7462 2144 2487 7463 2245 2545 7635 2246 2545 7636 2247 2545 7637 2248 2546 7638 2250 2546 7639 2246 2546 7640 2245 2547 7641 2247 2547 7642 2248 2547 7643 2246 2548 7644 2250 2548 7645 2247 2548 7646 2248 2549 7647 2249 2549 7648 2250 2549 7649 2248 2550 7650 2251 2550 7651 2249 2550 7652 2247 2551 7653 2251 2551 7654 2248 2551 7655 2247 2552 7656 2250 2552 7657 2251 2552 7658 2275 2566 7698 2276 2566 7699 2274 2566 7700 2272 2567 7701 2276 2567 7702 2277 2567 7703 2275 2568 7704 2278 2568 7705 2280 2568 7706 2277 2569 7707 2279 2569 7708 2278 2569 7709 2272 2636 7908 2274 2636 7909 2276 2636 7910 2274 2637 7911 2273 2637 7912 2275 2637 7913 2273 2638 7914 2272 2638 7915 2275 2638 7916 2272 2639 7917 2277 2639 7918 2275 2639 7919 2277 2640 7920 2278 2640 7921 2275 2640 7922 2275 2641 7923 2280 2641 7924 2276 2641 7925 2276 2642 7926 2280 2642 7927 2279 2642 7928 2277 2643 7929 2276 2643 7930 2279 2643 7931 2338 2678 8034 2342 2678 8035 2340 2678 8036 2340 2679 8037 2341 2679 8038 2339 2679 8039 2341 2680 8040 2340 2680 8041 2344 2680 8042 2341 2681 8043 2344 2681 8044 2343 2681 8045 2342 2682 8046 2345 2682 8047 2340 2682 8048 2341 2683 8049 2343 2683 8050 2342 2683 8051 2342 2684 8052 2343 2684 8053 2345 2684 8054 2337 2752 8256 2339 2752 8257 2341 2752 8258 2339 2753 8259 2338 2753 8260 2340 2753 8261 2338 2754 8262 2337 2754 8263 2342 2754 8264 2337 2755 8265 2341 2755 8266 2342 2755 8267 2340 2756 8268 2345 2756 8269 2344 2756 8270 2445 2814 8442 2442 2814 8443 2444 2814 8444 2444 2815 8445 2446 2815 8446 2443 2815 8447 2442 2816 8448 2446 2816 8449 2447 2816 8450 2442 2817 8451 2447 2817 8452 2444 2817 8453 2447 2818 8454 2448 2818 8455 2444 2818 8456 2455 2821 8463 2460 2821 8464 2458 2821 8465 2458 2822 8466 2459 2822 8467 2456 2822 8468 2460 2823 8469 2459 2823 8470 2462 2823 8471 2458 2824 8472 2462 2824 8473 2461 2824 8474 2460 2825 8475 2462 2825 8476 2458 2825 8477 2459 2826 8478 2461 2826 8479 2463 2826 8480 2529 2869 8607 2530 2869 8608 2534 2869 8609 2534 2870 8610 2533 2870 8611 2531 2870 8612 2532 2871 8613 2534 2871 8614 2530 2871 8615 2445 2899 8697 2443 2899 8698 2442 2899 8699 2443 2900 8700 2446 2900 8701 2442 2900 8702 2444 2901 8703 2448 2901 8704 2446 2901 8705 2455 2906 8718 2456 2906 8719 2459 2906 8720 2456 2907 8721 2457 2907 8722 2458 2907 8723 2457 2908 8724 2455 2908 8725 2458 2908 8726 2455 2909 8727 2459 2909 8728 2460 2909 8729 2459 2910 8730 2458 2910 8731 2461 2910 8732 2462 2911 8733 2459 2911 8734 2463 2911 8735 2528 2944 8832 2529 2944 8833 2531 2944 8834 2530 2945 8835 2528 2945 8836 2531 2945 8837 2531 2946 8838 2529 2946 8839 2534 2946 8840 2530 2947 8841 2531 2947 8842 2532 2947 8843 2532 2948 8844 2531 2948 8845 2533 2948 8846 2742 3144 9432 2740 3144 9433 2743 3144 9434 2741 3145 9435 2744 3145 9436 2740 3145 9437 2743 3146 9438 2744 3146 9439 2741 3146 9440 2740 3147 9441 2745 3147 9442 2743 3147 9443 2740 3148 9444 2744 3148 9445 2745 3148 9446 2744 3149 9447 2747 3149 9448 2745 3149 9449 2743 3150 9450 2746 3150 9451 2747 3150 9452 2800 3180 9540 2802 3180 9541 2804 3180 9542 2801 3181 9543 2803 3181 9544 2802 3181 9545 2802 3182 9546 2803 3182 9547 2805 3182 9548 2804 3183 9549 2805 3183 9550 2806 3183 9551 2741 3221 9663 2742 3221 9664 2743 3221 9665 2744 3222 9666 2743 3222 9667 2747 3222 9668 2743 3223 9669 2745 3223 9670 2746 3223 9671 2799 3255 9765 2800 3255 9766 2801 3255 9767 2800 3256 9768 2804 3256 9769 2801 3256 9770 2799 3257 9771 2801 3257 9772 2802 3257 9773 2802 3258 9774 2805 3258 9775 2804 3258 9776 2801 3259 9777 2806 3259 9778 2803 3259 9779 2801 3260 9780 2804 3260 9781 2806 3260 9782 2906 3315 9945 2908 3315 9946 2905 3315 9947 2904 3316 9948 2909 3316 9949 2906 3316 9950 2908 3317 9951 2907 3317 9952 2904 3317 9953 2904 3318 9954 2907 3318 9955 2909 3318 9956 2906 3319 9957 2909 3319 9958 2908 3319 9959 2909 3320 9960 2911 3320 9961 2908 3320 9962 2907 3321 9963 2910 3321 9964 2909 3321 9965 2911 3322 9966 2907 3322 9967 2908 3322 9968 2961 3348 10044 2965 3348 10045 2966 3348 10046 2961 3349 10047 2962 3349 10048 2965 3349 10049 2964 3350 10050 2963 3350 10051 2962 3350 10052 2963 3351 10053 2965 3351 10054 2962 3351 10055 2965 3352 10056 2967 3352 10057 2966 3352 10058 2965 3353 10059 2963 3353 10060 2967 3353 10061 2963 3354 10062 2969 3354 10063 2968 3354 10064 2966 3355 10065 2969 3355 10066 2963 3355 10067 2966 3356 10068 2967 3356 10069 2969 3356 10070 2963 3357 10071 2968 3357 10072 2967 3357 10073 2905 3397 10191 2908 3397 10192 2904 3397 10193 2909 3398 10194 2910 3398 10195 2911 3398 10196 2964 3430 10290 2961 3430 10291 2966 3430 10292 2963 3431 10293 2964 3431 10294 2966 3431 10295 2983 3438 10314 2986 3438 10315 2985 3438 10316 2982 3439 10317 2986 3439 10318 2983 3439 10319 2986 3440 10320 2987 3440 10321 2985 3440 10322 2982 3441 10323 2988 3441 10324 2986 3441 10325 2982 3442 10326 2989 3442 10327 2988 3442 10328 2982 3443 10329 2987 3443 10330 2989 3443 10331 2984 3444 10332 2987 3444 10333 2982 3444 10334 2996 3448 10344 3001 3448 10345 2998 3448 10346 2996 3449 10347 3000 3449 10348 3001 3449 10349 2996 3450 10350 2997 3450 10351 3000 3450 10352 2997 3451 10353 2998 3451 10354 2999 3451 10355 2998 3452 10356 3001 3452 10357 2999 3452 10358 2999 3453 10359 3004 3453 10360 3003 3453 10361 3001 3454 10362 3002 3454 10363 3004 3454 10364 3028 3465 10395 3030 3465 10396 3027 3465 10397 3029 3466 10398 3031 3466 10399 3033 3466 10400 3082 3494 10482 3085 3494 10483 3087 3494 10484 3087 3495 10485 3086 3495 10486 3084 3495 10487 3085 3496 10488 3089 3496 10489 3087 3496 10490 3089 3497 10491 3088 3497 10492 3087 3497 10493 2984 3513 10539 2982 3513 10540 2983 3513 10541 2985 3514 10542 2987 3514 10543 2984 3514 10544 2987 3515 10545 2986 3515 10546 2988 3515 10547 2997 3519 10557 2999 3519 10558 3000 3519 10559 3000 3520 10560 3003 3520 10561 3002 3520 10562 3000 3521 10563 2999 3521 10564 3003 3521 10565 2999 3522 10566 3001 3522 10567 3004 3522 10568 3001 3523 10569 3000 3523 10570 3002 3523 10571 3025 3536 10608 3028 3536 10609 3027 3536 10610 3025 3537 10611 3026 3537 10612 3028 3537 10613 3026 3538 10614 3027 3538 10615 3029 3538 10616 3026 3539 10617 3029 3539 10618 3028 3539 10619 3027 3540 10620 3030 3540 10621 3029 3540 10622 3029 3541 10623 3032 3541 10624 3028 3541 10625 3030 3542 10626 3028 3542 10627 3031 3542 10628 3028 3543 10629 3032 3543 10630 3031 3543 10631 3029 3544 10632 3033 3544 10633 3032 3544 10634 3029 3545 10635 3030 3545 10636 3031 3545 10637 3084 3573 10719 3082 3573 10720 3087 3573 10721 3082 3574 10722 3083 3574 10723 3085 3574 10724 3083 3575 10725 3084 3575 10726 3085 3575 10727 3084 3576 10728 3090 3576 10729 3085 3576 10730 3090 3577 10731 3084 3577 10732 3086 3577 10733 3085 3578 10734 3090 3578 10735 3089 3578 10736 3087 3579 10737 3088 3579 10738 3086 3579 10739 3086 3580 10740 3088 3580 10741 3090 3580 10742 3118 3594 10782 3121 3594 10783 3120 3594 10784 3117 3595 10785 3121 3595 10786 3118 3595 10787 3121 3596 10788 3122 3596 10789 3120 3596 10790 3117 3597 10791 3123 3597 10792 3121 3597 10793 3117 3598 10794 3124 3598 10795 3123 3598 10796 3117 3599 10797 3122 3599 10798 3124 3599 10799 3119 3600 10800 3122 3600 10801 3117 3600 10802 3131 3604 10812 3136 3604 10813 3133 3604 10814 3131 3605 10815 3135 3605 10816 3136 3605 10817 3131 3606 10818 3132 3606 10819 3135 3606 10820 3132 3607 10821 3133 3607 10822 3134 3607 10823 3133 3608 10824 3136 3608 10825 3134 3608 10826 3134 3609 10827 3139 3609 10828 3138 3609 10829 3136 3610 10830 3137 3610 10831 3139 3610 10832 3163 3621 10863 3165 3621 10864 3162 3621 10865 3164 3622 10866 3166 3622 10867 3168 3622 10868 3217 3650 10950 3220 3650 10951 3222 3650 10952 3222 3651 10953 3221 3651 10954 3219 3651 10955 3220 3652 10956 3224 3652 10957 3222 3652 10958 3224 3653 10959 3223 3653 10960 3222 3653 10961 3119 3669 11007 3117 3669 11008 3118 3669 11009 3120 3670 11010 3122 3670 11011 3119 3670 11012 3122 3671 11013 3121 3671 11014 3123 3671 11015 3132 3675 11025 3134 3675 11026 3135 3675 11027 3135 3676 11028 3138 3676 11029 3137 3676 11030 3135 3677 11031 3134 3677 11032 3138 3677 11033 3134 3678 11034 3136 3678 11035 3139 3678 11036 3136 3679 11037 3135 3679 11038 3137 3679 11039 3160 3692 11076 3163 3692 11077 3162 3692 11078 3160 3693 11079 3161 3693 11080 3163 3693 11081 3161 3694 11082 3162 3694 11083 3164 3694 11084 3161 3695 11085 3164 3695 11086 3163 3695 11087 3162 3696 11088 3165 3696 11089 3164 3696 11090 3164 3697 11091 3167 3697 11092 3163 3697 11093 3165 3698 11094 3163 3698 11095 3166 3698 11096 3163 3699 11097 3167 3699 11098 3166 3699 11099 3164 3700 11100 3168 3700 11101 3167 3700 11102 3164 3701 11103 3165 3701 11104 3166 3701 11105 3219 3729 11187 3217 3729 11188 3222 3729 11189 3217 3730 11190 3218 3730 11191 3220 3730 11192 3218 3731 11193 3219 3731 11194 3220 3731 11195 3219 3732 11196 3225 3732 11197 3220 3732 11198 3225 3733 11199 3219 3733 11200 3221 3733 11201 3220 3734 11202 3225 3734 11203 3224 3734 11204 3222 3735 11205 3223 3735 11206 3221 3735 11207 3221 3736 11208 3223 3736 11209 3225 3736 11210 3282 3773 11319 3283 3773 11320 3281 3773 11321 3282 3774 11322 3285 3774 11323 3284 3774 11324 3286 3775 11325 3285 3775 11326 3282 3775 11327 3286 3776 11328 3287 3776 11329 3285 3776 11330 3281 3777 11331 3283 3777 11332 3286 3777 11333 3282 3778 11334 3284 3778 11335 3283 3778 11336 3286 3779 11337 3283 3779 11338 3287 3779 11339 3283 3780 11340 3288 3780 11341 3287 3780 11342 3285 3781 11343 3290 3781 11344 3284 3781 11345 3288 3782 11346 3291 3782 11347 3290 3782 11348 3288 3783 11349 3289 3783 11350 3291 3783 11351 3311 3794 11382 3312 3794 11383 3316 3794 11384 3313 3795 11385 3315 3795 11386 3314 3795 11387 3311 3796 11388 3315 3796 11389 3313 3796 11390 3312 3797 11391 3314 3797 11392 3316 3797 11393 3314 3798 11394 3318 3798 11395 3316 3798 11396 3315 3799 11397 3318 3799 11398 3314 3799 11399 3317 3800 11400 3318 3800 11401 3315 3800 11402 3371 3832 11496 3369 3832 11497 3372 3832 11498 3368 3833 11499 3373 3833 11500 3369 3833 11501 3372 3834 11502 3373 3834 11503 3368 3834 11504 3287 3852 11556 3288 3852 11557 3285 3852 11558 3283 3853 11559 3284 3853 11560 3288 3853 11561 3284 3854 11562 3290 3854 11563 3289 3854 11564 3285 3855 11565 3288 3855 11566 3290 3855 11567 3288 3856 11568 3284 3856 11569 3289 3856 11570 3312 3867 11601 3313 3867 11602 3314 3867 11603 3311 3868 11604 3316 3868 11605 3315 3868 11606 3315 3869 11607 3316 3869 11608 3317 3869 11609 3317 3870 11610 3316 3870 11611 3319 3870 11612 3316 3871 11613 3318 3871 11614 3319 3871 11615 3368 3895 11685 3371 3895 11686 3372 3895 11687 3371 3896 11688 3370 3896 11689 3369 3896 11690 3370 3897 11691 3368 3897 11692 3369 3897 11693 3372 3898 11694 3369 3898 11695 3374 3898 11696 3372 3899 11697 3374 3899 11698 3373 3899 11699 3460 3949 11847 3461 3949 11848 3462 3949 11849 3463 3950 11850 3465 3950 11851 3461 3950 11852 3460 3951 11853 3462 3951 11854 3463 3951 11855 3461 3952 11856 3465 3952 11857 3462 3952 11858 3463 3953 11859 3464 3953 11860 3465 3953 11861 3463 3954 11862 3466 3954 11863 3464 3954 11864 3462 3955 11865 3466 3955 11866 3463 3955 11867 3462 3956 11868 3465 3956 11869 3466 3956 11870 3490 3970 11910 3491 3970 11911 3489 3970 11912 3487 3971 11913 3491 3971 11914 3492 3971 11915 3490 3972 11916 3493 3972 11917 3495 3972 11918 3492 3973 11919 3494 3973 11920 3493 3973 11921 3487 4040 12120 3489 4040 12121 3491 4040 12122 3489 4041 12123 3488 4041 12124 3490 4041 12125 3488 4042 12126 3487 4042 12127 3490 4042 12128 3487 4043 12129 3492 4043 12130 3490 4043 12131 3492 4044 12132 3493 4044 12133 3490 4044 12134 3490 4045 12135 3495 4045 12136 3491 4045 12137 3491 4046 12138 3495 4046 12139 3494 4046 12140 3492 4047 12141 3491 4047 12142 3494 4047 12143 3552 4085 12255 3553 4085 12256 3551 4085 12257 3552 4086 12258 3555 4086 12259 3554 4086 12260 3556 4087 12261 3555 4087 12262 3552 4087 12263 3556 4088 12264 3557 4088 12265 3555 4088 12266 3551 4089 12267 3553 4089 12268 3556 4089 12269 3552 4090 12270 3554 4090 12271 3553 4090 12272 3556 4091 12273 3553 4091 12274 3557 4091 12275 3553 4092 12276 3558 4092 12277 3557 4092 12278 3555 4093 12279 3560 4093 12280 3554 4093 12281 3558 4094 12282 3561 4094 12283 3560 4094 12284 3558 4095 12285 3559 4095 12286 3561 4095 12287 3581 4106 12318 3582 4106 12319 3586 4106 12320 3583 4107 12321 3585 4107 12322 3584 4107 12323 3581 4108 12324 3585 4108 12325 3583 4108 12326 3582 4109 12327 3584 4109 12328 3586 4109 12329 3584 4110 12330 3588 4110 12331 3586 4110 12332 3585 4111 12333 3588 4111 12334 3584 4111 12335 3587 4112 12336 3588 4112 12337 3585 4112 12338 3641 4144 12432 3639 4144 12433 3642 4144 12434 3638 4145 12435 3643 4145 12436 3639 4145 12437 3642 4146 12438 3643 4146 12439 3638 4146 12440 3557 4164 12492 3558 4164 12493 3555 4164 12494 3553 4165 12495 3554 4165 12496 3558 4165 12497 3554 4166 12498 3560 4166 12499 3559 4166 12500 3555 4167 12501 3558 4167 12502 3560 4167 12503 3558 4168 12504 3554 4168 12505 3559 4168 12506 3582 4179 12537 3583 4179 12538 3584 4179 12539 3581 4180 12540 3586 4180 12541 3585 4180 12542 3585 4181 12543 3586 4181 12544 3587 4181 12545 3587 4182 12546 3586 4182 12547 3589 4182 12548 3586 4183 12549 3588 4183 12550 3589 4183 12551 3638 4207 12621 3641 4207 12622 3642 4207 12623 3641 4208 12624 3640 4208 12625 3639 4208 12626 3640 4209 12627 3638 4209 12628 3639 4209 12629 3642 4210 12630 3639 4210 12631 3644 4210 12632 3642 4211 12633 3644 4211 12634 3643 4211 12635 3851 4407 13221 3853 4407 13222 3850 4407 13223 3849 4408 13224 3854 4408 13225 3851 4408 13226 3853 4409 13227 3852 4409 13228 3849 4409 13229 3849 4410 13230 3852 4410 13231 3854 4410 13232 3851 4411 13233 3854 4411 13234 3853 4411 13235 3854 4412 13236 3856 4412 13237 3853 4412 13238 3852 4413 13239 3855 4413 13240 3854 4413 13241 3856 4414 13242 3852 4414 13243 3853 4414 13244 3906 4440 13320 3910 4440 13321 3911 4440 13322 3906 4441 13323 3907 4441 13324 3910 4441 13325 3909 4442 13326 3908 4442 13327 3907 4442 13328 3908 4443 13329 3910 4443 13330 3907 4443 13331 3910 4444 13332 3912 4444 13333 3911 4444 13334 3910 4445 13335 3908 4445 13336 3912 4445 13337 3908 4446 13338 3914 4446 13339 3913 4446 13340 3911 4447 13341 3914 4447 13342 3908 4447 13343 3911 4448 13344 3912 4448 13345 3914 4448 13346 3908 4449 13347 3913 4449 13348 3912 4449 13349 3850 4489 13467 3853 4489 13468 3849 4489 13469 3854 4490 13470 3855 4490 13471 3856 4490 13472 3909 4522 13566 3906 4522 13567 3911 4522 13568 3908 4523 13569 3909 4523 13570 3911 4523 13571 4135 4729 14187 4136 4729 14188 4137 4729 14189 4138 4730 14190 4140 4730 14191 4136 4730 14192 4135 4731 14193 4137 4731 14194 4138 4731 14195 4136 4732 14196 4140 4732 14197 4137 4732 14198 4138 4733 14199 4139 4733 14200 4140 4733 14201 4138 4734 14202 4141 4734 14203 4139 4734 14204 4137 4735 14205 4141 4735 14206 4138 4735 14207 4137 4736 14208 4140 4736 14209 4141 4736 14210 4165 4750 14250 4166 4750 14251 4164 4750 14252 4162 4751 14253 4166 4751 14254 4167 4751 14255 4165 4752 14256 4168 4752 14257 4170 4752 14258 4167 4753 14259 4169 4753 14260 4168 4753 14261 4162 4820 14460 4164 4820 14461 4166 4820 14462 4164 4821 14463 4163 4821 14464 4165 4821 14465 4163 4822 14466 4162 4822 14467 4165 4822 14468 4162 4823 14469 4167 4823 14470 4165 4823 14471 4167 4824 14472 4168 4824 14473 4165 4824 14474 4165 4825 14475 4170 4825 14476 4166 4825 14477 4166 4826 14478 4170 4826 14479 4169 4826 14480 4167 4827 14481 4166 4827 14482 4169 4827 14483 4228 4862 14586 4232 4862 14587 4230 4862 14588 4230 4863 14589 4231 4863 14590 4229 4863 14591 4231 4864 14592 4230 4864 14593 4234 4864 14594 4231 4865 14595 4234 4865 14596 4233 4865 14597 4232 4866 14598 4235 4866 14599 4230 4866 14600 4231 4867 14601 4233 4867 14602 4232 4867 14603 4232 4868 14604 4233 4868 14605 4235 4868 14606 4227 4936 14808 4229 4936 14809 4231 4936 14810 4229 4937 14811 4228 4937 14812 4230 4937 14813 4228 4938 14814 4227 4938 14815 4232 4938 14816 4227 4939 14817 4231 4939 14818 4232 4939 14819 4230 4940 14820 4235 4940 14821 4234 4940 14822 4334 4998 14994 4336 4998 14995 4332 4998 14996 4336 4999 14997 4335 4999 14998 4333 4999 14999 4335 5000 15000 4339 5000 15001 4337 5000 15002 4337 5001 15003 4338 5001 15004 4336 5001 15005 4337 5002 15006 4339 5002 15007 4338 5002 15008 4389 5026 15078 4395 5026 15079 4393 5026 15080 4389 5027 15081 4391 5027 15082 4395 5027 15083 4389 5028 15084 4392 5028 15085 4391 5028 15086 4389 5029 15087 4390 5029 15088 4392 5029 15089 4390 5030 15090 4393 5030 15091 4392 5030 15092 4393 5031 15093 4395 5031 15094 4392 5031 15095 4392 5032 15096 4394 5032 15097 4391 5032 15098 4395 5033 15099 4394 5033 15100 4392 5033 15101 4391 5034 15102 4396 5034 15103 4395 5034 15104 4391 5035 15105 4394 5035 15106 4397 5035 15107 4419 5046 15138 4423 5046 15139 4418 5046 15140 4417 5047 15141 4422 5047 15142 4419 5047 15143 4423 5048 15144 4422 5048 15145 4418 5048 15146 4419 5049 15147 4422 5049 15148 4421 5049 15149 4422 5050 15150 4424 5050 15151 4421 5050 15152 4334 5080 15240 4337 5080 15241 4336 5080 15242 4333 5081 15243 4332 5081 15244 4336 5081 15245 4334 5082 15246 4335 5082 15247 4337 5082 15248 4334 5083 15249 4333 5083 15250 4335 5083 15251 4339 5084 15252 4335 5084 15253 4340 5084 15254 4335 5085 15255 4336 5085 15256 4340 5085 15257 4336 5086 15258 4338 5086 15259 4340 5086 15260 4394 5118 15354 4395 5118 15355 4396 5118 15356 4391 5119 15357 4397 5119 15358 4396 5119 15359 4420 5130 15390 4419 5130 15391 4418 5130 15392 4417 5131 15393 4418 5131 15394 4422 5131 15395 4417 5132 15396 4419 5132 15397 4420 5132 15398 4419 5133 15399 4421 5133 15400 4423 5133 15401 4422 5134 15402 4423 5134 15403 4424 5134 15404 4497 5177 15531 4498 5177 15532 4496 5177 15533 4497 5178 15534 4500 5178 15535 4499 5178 15536 4501 5179 15537 4500 5179 15538 4497 5179 15539 4501 5180 15540 4502 5180 15541 4500 5180 15542 4496 5181 15543 4498 5181 15544 4501 5181 15545 4497 5182 15546 4499 5182 15547 4498 5182 15548 4501 5183 15549 4498 5183 15550 4502 5183 15551 4498 5184 15552 4503 5184 15553 4502 5184 15554 4500 5185 15555 4505 5185 15556 4499 5185 15557 4503 5186 15558 4506 5186 15559 4505 5186 15560 4503 5187 15561 4504 5187 15562 4506 5187 15563 4526 5198 15594 4527 5198 15595 4531 5198 15596 4528 5199 15597 4530 5199 15598 4529 5199 15599 4526 5200 15600 4530 5200 15601 4528 5200 15602 4527 5201 15603 4529 5201 15604 4531 5201 15605 4529 5202 15606 4533 5202 15607 4531 5202 15608 4530 5203 15609 4533 5203 15610 4529 5203 15611 4532 5204 15612 4533 5204 15613 4530 5204 15614 4586 5236 15708 4584 5236 15709 4587 5236 15710 4583 5237 15711 4588 5237 15712 4584 5237 15713 4587 5238 15714 4588 5238 15715 4583 5238 15716 4502 5256 15768 4503 5256 15769 4500 5256 15770 4498 5257 15771 4499 5257 15772 4503 5257 15773 4499 5258 15774 4505 5258 15775 4504 5258 15776 4500 5259 15777 4503 5259 15778 4505 5259 15779 4503 5260 15780 4499 5260 15781 4504 5260 15782 4527 5271 15813 4528 5271 15814 4529 5271 15815 4526 5272 15816 4531 5272 15817 4530 5272 15818 4530 5273 15819 4531 5273 15820 4532 5273 15821 4532 5274 15822 4531 5274 15823 4534 5274 15824 4531 5275 15825 4533 5275 15826 4534 5275 15827 4583 5299 15897 4586 5299 15898 4587 5299 15899 4586 5300 15900 4585 5300 15901 4584 5300 15902 4585 5301 15903 4583 5301 15904 4584 5301 15905 4587 5302 15906 4584 5302 15907 4589 5302 15908 4587 5303 15909 4589 5303 15910 4588 5303 15911 4796 5499 16497 4798 5499 16498 4795 5499 16499 4794 5500 16500 4799 5500 16501 4796 5500 16502 4798 5501 16503 4797 5501 16504 4794 5501 16505 4794 5502 16506 4797 5502 16507 4799 5502 16508 4796 5503 16509 4799 5503 16510 4798 5503 16511 4799 5504 16512 4801 5504 16513 4798 5504 16514 4797 5505 16515 4800 5505 16516 4799 5505 16517 4801 5506 16518 4797 5506 16519 4798 5506 16520 4851 5532 16596 4855 5532 16597 4856 5532 16598 4851 5533 16599 4852 5533 16600 4855 5533 16601 4854 5534 16602 4853 5534 16603 4852 5534 16604 4853 5535 16605 4855 5535 16606 4852 5535 16607 4855 5536 16608 4857 5536 16609 4856 5536 16610 4855 5537 16611 4853 5537 16612 4857 5537 16613 4853 5538 16614 4859 5538 16615 4858 5538 16616 4856 5539 16617 4859 5539 16618 4853 5539 16619 4856 5540 16620 4857 5540 16621 4859 5540 16622 4853 5541 16623 4858 5541 16624 4857 5541 16625 4795 5581 16743 4798 5581 16744 4794 5581 16745 4799 5582 16746 4800 5582 16747 4801 5582 16748 4854 5614 16842 4851 5614 16843 4856 5614 16844 4853 5615 16845 4854 5615 16846 4856 5615 16847 4874 5622 16866 4876 5622 16867 4872 5622 16868 4876 5623 16869 4875 5623 16870 4873 5623 16871 4875 5624 16872 4879 5624 16873 4877 5624 16874 4877 5625 16875 4878 5625 16876 4876 5625 16877 4877 5626 16878 4879 5626 16879 4878 5626 16880 4929 5650 16950 4935 5650 16951 4933 5650 16952 4929 5651 16953 4931 5651 16954 4935 5651 16955 4929 5652 16956 4932 5652 16957 4931 5652 16958 4929 5653 16959 4930 5653 16960 4932 5653 16961 4930 5654 16962 4933 5654 16963 4932 5654 16964 4933 5655 16965 4935 5655 16966 4932 5655 16967 4932 5656 16968 4934 5656 16969 4931 5656 16970 4935 5657 16971 4934 5657 16972 4932 5657 16973 4931 5658 16974 4936 5658 16975 4935 5658 16976 4931 5659 16977 4934 5659 16978 4937 5659 16979 4959 5670 17010 4963 5670 17011 4958 5670 17012 4957 5671 17013 4962 5671 17014 4959 5671 17015 4963 5672 17016 4962 5672 17017 4958 5672 17018 4959 5673 17019 4962 5673 17020 4961 5673 17021 4962 5674 17022 4964 5674 17023 4961 5674 17024 4874 5704 17112 4877 5704 17113 4876 5704 17114 4873 5705 17115 4872 5705 17116 4876 5705 17117 4874 5706 17118 4875 5706 17119 4877 5706 17120 4874 5707 17121 4873 5707 17122 4875 5707 17123 4879 5708 17124 4875 5708 17125 4880 5708 17126 4875 5709 17127 4876 5709 17128 4880 5709 17129 4876 5710 17130 4878 5710 17131 4880 5710 17132 4934 5742 17226 4935 5742 17227 4936 5742 17228 4931 5743 17229 4937 5743 17230 4936 5743 17231 4960 5754 17262 4959 5754 17263 4958 5754 17264 4957 5755 17265 4958 5755 17266 4962 5755 17267 4957 5756 17268 4959 5756 17269 4960 5756 17270 4959 5757 17271 4961 5757 17272 4963 5757 17273 4962 5758 17274 4963 5758 17275 4964 5758 17276 5080 5821 17463 5081 5821 17464 5082 5821 17465 5083 5822 17466 5085 5822 17467 5081 5822 17468 5080 5823 17469 5082 5823 17470 5083 5823 17471 5081 5824 17472 5085 5824 17473 5082 5824 17474 5083 5825 17475 5084 5825 17476 5085 5825 17477 5083 5826 17478 5086 5826 17479 5084 5826 17480 5082 5827 17481 5086 5827 17482 5083 5827 17483 5082 5828 17484 5085 5828 17485 5086 5828 17486 5110 5842 17526 5111 5842 17527 5109 5842 17528 5107 5843 17529 5111 5843 17530 5112 5843 17531 5110 5844 17532 5113 5844 17533 5115 5844 17534 5112 5845 17535 5114 5845 17536 5113 5845 17537 5107 5912 17736 5109 5912 17737 5111 5912 17738 5109 5913 17739 5108 5913 17740 5110 5913 17741 5108 5914 17742 5107 5914 17743 5110 5914 17744 5107 5915 17745 5112 5915 17746 5110 5915 17747 5112 5916 17748 5113 5916 17749 5110 5916 17750 5110 5917 17751 5115 5917 17752 5111 5917 17753 5111 5918 17754 5115 5918 17755 5114 5918 17756 5112 5919 17757 5111 5919 17758 5114 5919 17759</p>
        </triangles>
      </mesh>
    </geometry>
  </library_geometries>
  <library_visual_scenes>
    <visual_scene id="Scene">
      <node id="Node" type="NODE">
        <instance_geometry url="#geometry">
          <bind_material>
            <technique_common>
              <instance_material symbol="m0" target="#m0">
                <bind_vertex_input semantic="UVSET0" input_semantic="TEXCOORD" input_set="0" />
              </instance_material>
              <instance_material symbol="m1" target="#m1">
                <bind_vertex_input semantic="UVSET0" input_semantic="TEXCOORD" input_set="0" />
              </instance_material>
              <instance_material symbol="m2" target="#m2">
                <bind_vertex_input semantic="UVSET0" input_semantic="TEXCOORD" input_set="0" />
              </instance_material>
              <instance_material symbol="m3" target="#m3">
                <bind_vertex_input semantic="UVSET0" input_semantic="TEXCOORD" input_set="0" />
              </instance_material>
              <instance_material symbol="m4" target="#m4">
                <bind_vertex_input semantic="UVSET0" input_semantic="TEXCOORD" input_set="0" />
              </instance_material>
              <instance_material symbol="m5" target="#m5">
                <bind_vertex_input semantic="UVSET0" input_semantic="TEXCOORD" input_set="0" />
              </instance_material>
            </technique_common>
          </bind_material>
        </instance_geometry>
      </node>
    </visual_scene>
  </library_visual_scenes>
  <scene>
    <instance_visual_scene url="#Scene" />
  </scene>
</COLLADA>